area_id,date,country_code_3,source_row_index,fold_country,source_overall_phase,phase2_test,phase2_pred,phase3_test,phase3_pred,phase4_test,phase4_pred,phase5_test,phase5_pred,nonpositive_cumulative_prediction_sum,overall_phase,overall_phase_pred,cutoff
1756,2022-03-01,AFG,4725,AFG,3,0.79999999999999993,0.74000000953674316,0.44999999999999996,0.40999999642372131,0.14999999999999999,0.11999999731779099,0,0,False,3,3,2022-01-01
1756,2022-09-01,AFG,4726,AFG,3,0.79999999999999993,0.72000002861022949,0.44999999999999996,0.40000000596046448,0.10000000000000001,0.11999999731779099,0,0,False,3,3,2022-01-01
1757,2022-03-01,AFG,4734,AFG,3,0.84999999999999998,0.74000000953674316,0.44999999999999996,0.38999998569488525,0.14999999999999999,0.11999999731779099,0,0,False,3,3,2022-01-01
1757,2022-09-01,AFG,4735,AFG,3,0.69999999999999996,0.69999998807907104,0.34999999999999998,0.37000000476837158,0.050000000000000003,0.12999999523162842,0,0,False,3,3,2022-01-01
1758,2022-03-01,AFG,4743,AFG,3,0.69999999999999996,0.68999999761581421,0.34999999999999998,0.34999999403953552,0.10000000000000001,0.10999999940395355,0,0,False,3,3,2022-01-01
1758,2022-09-01,AFG,4744,AFG,3,0.75,0.69999998807907104,0.34999999999999998,0.33000001311302185,0.050000000000000003,0.12999999523162842,0,0,False,3,3,2022-01-01
1759,2022-03-01,AFG,4751,AFG,4,0.84999999999999987,0.73000001907348633,0.5,0.40000000596046448,0.20000000000000001,0.12999999523162842,0,0,False,4,3,2022-01-01
1762,2022-03-01,AFG,4763,AFG,4,0.84999999999999987,0.70999997854232788,0.55000000000000004,0.37000000476837158,0.20000000000000001,0.11999999731779099,0,0,False,4,3,2022-01-01
1762,2022-09-01,AFG,4764,AFG,3,0.84999999999999998,0.74000000953674316,0.5,0.40000000596046448,0.14999999999999999,0.14000000059604645,0,0,False,3,3,2022-01-01
1763,2022-03-01,AFG,4771,AFG,3,0.79999999999999993,0.73000001907348633,0.5,0.34000000357627869,0.14999999999999999,0.11999999731779099,0,0,False,3,3,2022-01-01
1763,2022-09-01,AFG,4772,AFG,3,0.79999999999999993,0.70999997854232788,0.34999999999999998,0.31999999284744263,0.10000000000000001,0.11999999731779099,0,0,False,3,3,2022-01-01
1766,2022-03-01,AFG,4782,AFG,3,0.79999999999999993,0.73000001907348633,0.44999999999999996,0.40999999642372131,0.14999999999999999,0.11999999731779099,0,0,False,3,3,2022-01-01
1766,2022-09-01,AFG,4783,AFG,3,0.79999999999999993,0.73000001907348633,0.40000000000000002,0.40999999642372131,0.10000000000000001,0.11999999731779099,0,0,False,3,3,2022-01-01
1767,2022-03-01,AFG,4790,AFG,3,0.79999999999999993,0.79000002145767212,0.44999999999999996,0.41999998688697815,0.14999999999999999,0.15999999642372131,0,0,False,3,3,2022-01-01
1767,2022-09-01,AFG,4791,AFG,3,0.75,0.82999998331069946,0.44999999999999996,0.43999999761581421,0.14999999999999999,0.17000000178813934,0,0,False,3,3,2022-01-01
1768,2022-03-01,AFG,4798,AFG,4,0.89999999999999991,0.80000001192092896,0.55000000000000004,0.38999998569488525,0.20000000000000001,0.14000000059604645,0,0,False,4,3,2022-01-01
1768,2022-09-01,AFG,4799,AFG,3,0.79999999999999993,0.81000000238418579,0.44999999999999996,0.40000000596046448,0.14999999999999999,0.15999999642372131,0,0,False,3,3,2022-01-01
1769,2022-03-01,AFG,4807,AFG,4,0.84999999999999998,0.75999999046325684,0.5,0.40999999642372131,0.25,0.12999999523162842,0.02,0,False,4,3,2022-01-01
1769,2022-09-01,AFG,4808,AFG,4,0.80000000000000004,0.74000000953674316,0.55000000000000004,0.38999998569488525,0.20000000000000001,0.12999999523162842,0,0,False,4,3,2022-01-01
1772,2022-03-01,AFG,4825,AFG,3,0.79999999999999993,0.74000000953674316,0.5,0.41999998688697815,0.14999999999999999,0.10999999940395355,0,0,False,3,3,2022-01-01
1772,2022-07-01,AFG,4826,AFG,3,0.65000000000000002,0.68999999761581421,0.30000000000000004,0.34999999403953552,0.10000000000000001,0.10999999940395355,0,0,False,3,3,2022-01-01
1772,2022-09-01,AFG,4827,AFG,3,0.79999999999999993,0.68999999761581421,0.40000000000000002,0.37999999523162842,0.10000000000000001,0.11999999731779099,0,0,False,3,3,2022-01-01
1773,2022-03-01,AFG,4837,AFG,4,0.80000000000000004,0.72000002861022949,0.45000000000000001,0.40999999642372131,0.20000000000000001,0.10999999940395355,0,0,False,4,3,2022-01-01
1773,2022-07-01,AFG,4838,AFG,3,0.65000000000000002,0.72000002861022949,0.30000000000000004,0.30000001192092896,0.10000000000000001,0.10999999940395355,0,0,False,3,3,2022-01-01
1773,2022-09-01,AFG,4839,AFG,3,0.75,0.70999997854232788,0.34999999999999998,0.36000001430511475,0.10000000000000001,0.11999999731779099,0,0,False,3,3,2022-01-01
1774,2022-03-01,AFG,4846,AFG,4,0.84999999999999987,0.74000000953674316,0.5,0.44999998807907104,0.20000000000000001,0.15999999642372131,0,0,False,4,3,2022-01-01
1774,2022-09-01,AFG,4847,AFG,3,0.69999999999999996,0.75999999046325684,0.34999999999999998,0.4699999988079071,0.10000000000000001,0.17000000178813934,0,0,False,3,3,2022-01-01
1776,2022-03-01,AFG,4857,AFG,4,0.85000000000000009,0.77999997138977051,0.45000000000000001,0.40999999642372131,0.20000000000000001,0.15000000596046448,0,0,False,4,3,2022-01-01
1776,2022-09-01,AFG,4858,AFG,3,0.70000000000000007,0.81000000238418579,0.40000000000000002,0.41999998688697815,0.14999999999999999,0.17000000178813934,0,0,False,3,3,2022-01-01
1777,2022-03-01,AFG,4865,AFG,4,0.85000000000000009,0.73000001907348633,0.45000000000000001,0.40999999642372131,0.20000000000000001,0.11999999731779099,0,0,False,4,3,2022-01-01
1777,2022-09-01,AFG,4866,AFG,3,0.79999999999999993,0.72000002861022949,0.44999999999999996,0.38999998569488525,0.14999999999999999,0.12999999523162842,0,0,False,3,3,2022-01-01
1778,2022-03-01,AFG,4873,AFG,3,0.84999999999999998,0.69999998807907104,0.44999999999999996,0.43000000715255737,0.14999999999999999,0.15999999642372131,0,0,False,3,3,2022-01-01
1779,2022-03-01,AFG,4881,AFG,4,0.84999999999999987,0.73000001907348633,0.55000000000000004,0.37999999523162842,0.20000000000000001,0.12999999523162842,0,0,False,4,3,2022-01-01
1782,2022-03-01,AFG,4898,AFG,4,0.84999999999999987,0.77999997138977051,0.55000000000000004,0.40999999642372131,0.20000000000000001,0.12999999523162842,0,0,False,4,3,2022-01-01
1782,2022-09-01,AFG,4899,AFG,3,0.74999999999999989,0.77999997138977051,0.40000000000000002,0.38999998569488525,0.10000000000000001,0.11999999731779099,0,0,False,3,3,2022-01-01
1783,2022-03-01,AFG,4906,AFG,3,0.90000000000000002,0.79000002145767212,0.5,0.40000000596046448,0.14999999999999999,0.15000000596046448,0,0,False,3,3,2022-01-01
1783,2022-09-01,AFG,4907,AFG,3,0.79999999999999993,0.74000000953674316,0.44999999999999996,0.37999999523162842,0.14999999999999999,0.12999999523162842,0,0,False,3,3,2022-01-01
1785,2022-03-01,AFG,4917,AFG,3,0.79999999999999993,0.73000001907348633,0.5,0.36000001430511475,0.14999999999999999,0.12999999523162842,0,0,False,3,3,2022-01-01
1785,2022-07-01,AFG,4918,AFG,3,0.65000000000000002,0.69999998807907104,0.30000000000000004,0.31999999284744263,0.10000000000000001,0.11999999731779099,0,0,False,3,3,2022-01-01
1785,2022-09-01,AFG,4919,AFG,3,0.75,0.69999998807907104,0.44999999999999996,0.34999999403953552,0.14999999999999999,0.12999999523162842,0,0,False,3,3,2022-01-01
1786,2022-09-01,AFG,4921,AFG,3,0.90000000000000002,0.74000000953674316,0.39999999999999997,0.44999998807907104,0.050000000000000003,0.12999999523162842,0,0,False,3,3,2022-01-01
1789,2022-09-01,AFG,4933,AFG,3,0.75,0.70999997854232788,0.40000000000000002,0.38999998569488525,0.14999999999999999,0.14000000059604645,0,0,False,3,3,2022-01-01
1791,2022-03-01,AFG,4943,AFG,3,0.79999999999999993,0.79000002145767212,0.40000000000000002,0.43999999761581421,0.10000000000000001,0.15000000596046448,0,0,False,3,3,2022-01-01
1791,2022-09-01,AFG,4944,AFG,3,0.65000000000000013,0.81000000238418579,0.25,0.43999999761581421,0.050000000000000003,0.15999999642372131,0,0,False,3,3,2022-01-01
1793,2022-03-01,AFG,4955,AFG,4,0.84999999999999987,0.73000001907348633,0.5,0.44999998807907104,0.20000000000000001,0.11999999731779099,0,0,False,4,3,2022-01-01
1793,2022-09-01,AFG,4956,AFG,3,0.80000000000000004,0.75999999046325684,0.39999999999999997,0.43000000715255737,0.050000000000000003,0.12999999523162842,0,0,False,3,3,2022-01-01
1795,2022-03-01,AFG,4961,AFG,3,0.75000000000000011,0.64999997615814209,0.34999999999999998,0.41999998688697815,0.14999999999999999,0.12999999523162842,0,0,False,3,3,2022-01-01
1796,2022-03-01,AFG,4970,AFG,3,0.80000000000000004,0.75999999046325684,0.40000000000000002,0.5,0.14999999999999999,0.15000000596046448,0,0,False,3,3,2022-01-01
1797,2022-03-01,AFG,4979,AFG,3,0.80000000000000004,0.77999997138977051,0.40000000000000002,0.51999998092651367,0.14999999999999999,0.15000000596046448,0,0,False,3,3,2022-01-01
1798,2022-03-01,AFG,4987,AFG,3,0.84999999999999998,0.75999999046325684,0.40000000000000002,0.43000000715255737,0.10000000000000001,0.14000000059604645,0,0,False,3,3,2022-01-01
1799,2022-03-01,AFG,4997,AFG,3,0.90000000000000002,0.73000001907348633,0.5,0.36000001430511475,0.14999999999999999,0.10999999940395355,0,0,False,3,3,2022-01-01
1799,2022-09-01,AFG,4998,AFG,3,0.84999999999999998,0.73000001907348633,0.44999999999999996,0.37000000476837158,0.14999999999999999,0.11999999731779099,0,0,False,3,3,2022-01-01
1800,2022-03-01,AFG,5007,AFG,3,0.84999999999999998,0.79000002145767212,0.40000000000000002,0.43000000715255737,0.10000000000000001,0.14000000059604645,0,0,False,3,3,2022-01-01
1800,2022-09-01,AFG,5008,AFG,3,0.79999999999999993,0.75,0.34999999999999998,0.40999999642372131,0.10000000000000001,0.15000000596046448,0,0,False,3,3,2022-01-01
1802,2022-03-01,AFG,5017,AFG,3,0.79999999999999993,0.77999997138977051,0.44999999999999996,0.51999998092651367,0.14999999999999999,0.15999999642372131,0,0,False,3,3,2022-01-01
1802,2022-09-01,AFG,5018,AFG,3,0.70000000000000007,0.77999997138977051,0.29999999999999999,0.49000000953674316,0.050000000000000003,0.15999999642372131,0,0,False,3,3,2022-01-01
1803,2022-03-01,AFG,5027,AFG,3,0.79999999999999993,0.77999997138977051,0.44999999999999996,0.51999998092651367,0.14999999999999999,0.15999999642372131,0,0,False,3,3,2022-01-01
1803,2022-09-01,AFG,5028,AFG,3,0.70000000000000007,0.77999997138977051,0.29999999999999999,0.49000000953674316,0.050000000000000003,0.15000000596046448,0,0,False,3,3,2022-01-01
1804,2022-03-01,AFG,5039,AFG,3,0.75000000000000011,0.74000000953674316,0.34999999999999998,0.43999999761581421,0.14999999999999999,0.14000000059604645,0,0,False,3,3,2022-01-01
1804,2022-07-01,AFG,5040,AFG,3,0.74999999999999989,0.73000001907348633,0.40000000000000002,0.36000001430511475,0.10000000000000001,0.14000000059604645,0,0,False,3,3,2022-01-01
1804,2022-09-01,AFG,5041,AFG,3,0.75,0.74000000953674316,0.34999999999999998,0.40999999642372131,0.050000000000000003,0.14000000059604645,0,0,False,3,3,2022-01-01
1806,2022-03-01,AFG,5051,AFG,3,0.84999999999999998,0.75,0.40000000000000002,0.43999999761581421,0.14999999999999999,0.12999999523162842,0,0,False,3,3,2022-01-01
1806,2022-09-01,AFG,5052,AFG,3,0.75,0.75,0.34999999999999998,0.43000000715255737,0.10000000000000001,0.14000000059604645,0,0,False,3,3,2022-01-01
1810,2022-03-01,AFG,5067,AFG,3,0.84999999999999998,0.76999998092651367,0.40000000000000002,0.40999999642372131,0.14999999999999999,0.11999999731779099,0,0,False,3,3,2022-01-01
1810,2022-09-01,AFG,5068,AFG,3,0.75,0.76999998092651367,0.34999999999999998,0.43000000715255737,0.10000000000000001,0.14000000059604645,0,0,False,3,3,2022-01-01
1811,2022-03-01,AFG,5080,AFG,3,0.79999999999999993,0.56999999284744263,0.5,0.41999998688697815,0.14999999999999999,0.12999999523162842,0,0,False,3,3,2022-01-01
1811,2022-07-01,AFG,5081,AFG,3,0.74999999999999989,0.74000000953674316,0.40000000000000002,0.34000000357627869,0.10000000000000001,0.12999999523162842,0,0,False,3,3,2022-01-01
1811,2022-09-01,AFG,5082,AFG,3,0.74999999999999989,0.56999999284744263,0.44999999999999996,0.38999998569488525,0.10000000000000001,0.12999999523162842,0,0,False,3,3,2022-01-01
1813,2022-03-01,AFG,5093,AFG,3,0.69999999999999996,0.75,0.40000000000000002,0.43999999761581421,0.10000000000000001,0.12999999523162842,0,0,False,3,3,2022-01-01
1813,2022-07-01,AFG,5094,AFG,3,0.74999999999999989,0.70999997854232788,0.40000000000000002,0.34999999403953552,0.10000000000000001,0.12999999523162842,0,0,False,3,3,2022-01-01
1813,2022-09-01,AFG,5095,AFG,3,0.84999999999999998,0.72000002861022949,0.44999999999999996,0.40999999642372131,0.10000000000000001,0.12999999523162842,0,0,False,3,3,2022-01-01
1815,2022-03-01,AFG,5106,AFG,3,0.84999999999999998,0.79000002145767212,0.40000000000000002,0.46000000834465027,0.14999999999999999,0.15999999642372131,0,0,False,3,3,2022-01-01
1817,2022-03-01,AFG,5118,AFG,3,0.79999999999999993,0.80000001192092896,0.5,0.38999998569488525,0.14999999999999999,0.15000000596046448,0,0,False,3,3,2022-01-01
1817,2022-07-01,AFG,5119,AFG,3,0.74999999999999989,0.75999999046325684,0.40000000000000002,0.34999999403953552,0.10000000000000001,0.15999999642372131,0,0,False,3,3,2022-01-01
1817,2022-09-01,AFG,5120,AFG,3,0.79999999999999993,0.81999999284744263,0.40000000000000002,0.44999998807907104,0.10000000000000001,0.18000000715255737,0,0,False,3,3,2022-01-01
1818,2022-03-01,AFG,5130,AFG,3,0.79999999999999993,0.81000000238418579,0.34999999999999998,0.41999998688697815,0.10000000000000001,0.15000000596046448,0,0,False,3,3,2022-01-01
1818,2022-07-01,AFG,5131,AFG,3,0.74999999999999989,0.77999997138977051,0.40000000000000002,0.37000000476837158,0.10000000000000001,0.15000000596046448,0,0,False,3,3,2022-01-01
1818,2022-09-01,AFG,5132,AFG,3,0.79999999999999993,0.82999998331069946,0.40000000000000002,0.43000000715255737,0.10000000000000001,0.17000000178813934,0,0,False,3,3,2022-01-01
1819,2022-03-01,AFG,5142,AFG,4,0.89999999999999991,0.73000001907348633,0.55000000000000004,0.4699999988079071,0.20000000000000001,0.18999999761581421,0,0,False,4,3,2022-01-01
1819,2022-09-01,AFG,5143,AFG,3,0.79999999999999993,0.8399999737739563,0.40000000000000002,0.51999998092651367,0.10000000000000001,0.2199999988079071,0,0,False,3,4,2022-01-01
1820,2022-03-01,AFG,5151,AFG,4,0.89999999999999991,0.80000001192092896,0.55000000000000004,0.4699999988079071,0.20000000000000001,0.15999999642372131,0,0,False,4,3,2022-01-01
1820,2022-09-01,AFG,5152,AFG,3,0.79999999999999993,0.82999998331069946,0.40000000000000002,0.5,0.10000000000000001,0.18999999761581421,0,0,False,3,3,2022-01-01
1821,2022-03-01,AFG,5158,AFG,4,0.89999999999999991,0.81000000238418579,0.55000000000000004,0.47999998927116394,0.20000000000000001,0.18000000715255737,0,0,False,4,3,2022-01-01
1821,2022-09-01,AFG,5159,AFG,3,0.79999999999999993,0.81000000238418579,0.40000000000000002,0.47999998927116394,0.10000000000000001,0.20999999344348907,0,0,False,3,4,2022-01-01
1822,2022-03-01,AFG,5170,AFG,3,0.79999999999999993,0.77999997138977051,0.44999999999999996,0.38999998569488525,0.14999999999999999,0.15000000596046448,0,0,False,3,3,2022-01-01
1822,2022-07-01,AFG,5171,AFG,3,0.74999999999999989,0.75,0.40000000000000002,0.34999999403953552,0.10000000000000001,0.15000000596046448,0,0,False,3,3,2022-01-01
1822,2022-09-01,AFG,5172,AFG,3,0.75,0.79000002145767212,0.34999999999999998,0.41999998688697815,0.050000000000000003,0.18000000715255737,0,0,False,3,3,2022-01-01
1824,2022-03-01,AFG,5175,AFG,3,0.69999999999999996,0.75,0.34999999999999998,0.5,0.10000000000000001,0.15000000596046448,0,0,False,3,3,2022-01-01
1824,2022-09-01,AFG,5176,AFG,3,0.75,0.81000000238418579,0.34999999999999998,0.54000002145767212,0.10000000000000001,0.17000000178813934,0,0,False,3,3,2022-01-01
1825,2022-09-01,AFG,5179,AFG,3,0.75,0.86000001430511475,0.34999999999999998,0.4699999988079071,0.10000000000000001,0.18999999761581421,0,0,False,3,3,2022-01-01
1829,2022-03-01,AFG,5211,AFG,3,0.79999999999999993,0.81000000238418579,0.5,0.44999998807907104,0.14999999999999999,0.15999999642372131,0,0,False,3,3,2022-01-01
1829,2022-09-01,AFG,5212,AFG,3,0.75,0.82999998331069946,0.34999999999999998,0.5,0.10000000000000001,0.18000000715255737,0,0,False,3,3,2022-01-01
1830,2022-03-01,AFG,5218,AFG,3,0.69999999999999996,0.80000001192092896,0.34999999999999998,0.50999999046325684,0.10000000000000001,0.17000000178813934,0,0,False,3,3,2022-01-01
1830,2022-07-01,AFG,5219,AFG,3,0.65000000000000002,0.73000001907348633,0.25,0.43999999761581421,0.10000000000000001,0.15000000596046448,0,0,False,3,3,2022-01-01
1830,2022-09-01,AFG,5220,AFG,3,0.75,0.86000001430511475,0.34999999999999998,0.50999999046325684,0.10000000000000001,0.18999999761581421,0,0,False,3,3,2022-01-01
1831,2022-03-01,AFG,5230,AFG,3,0.79999999999999993,0.8399999737739563,0.40000000000000002,0.43999999761581421,0.10000000000000001,0.15000000596046448,0,0,False,3,3,2022-01-01
1831,2022-07-01,AFG,5231,AFG,3,0.65000000000000013,0.75999999046325684,0.25,0.38999998569488525,0.050000000000000003,0.15999999642372131,0,0,False,3,3,2022-01-01
1831,2022-09-01,AFG,5232,AFG,3,0.75,0.79000002145767212,0.25,0.40999999642372131,0.050000000000000003,0.15999999642372131,0,0,False,3,3,2022-01-01
1832,2022-03-01,AFG,5239,AFG,4,0.89999999999999991,0.79000002145767212,0.55000000000000004,0.49000000953674316,0.20000000000000001,0.15999999642372131,0,0,False,4,3,2022-01-01
1832,2022-09-01,AFG,5240,AFG,3,0.79999999999999993,0.82999998331069946,0.40000000000000002,0.51999998092651367,0.10000000000000001,0.18999999761581421,0,0,False,3,3,2022-01-01
1838,2022-03-01,AFG,5283,AFG,3,0.79999999999999993,0.77999997138977051,0.5,0.46000000834465027,0.14999999999999999,0.15000000596046448,0,0,False,3,3,2022-01-01
1838,2022-09-01,AFG,5284,AFG,3,0.75,0.80000001192092896,0.34999999999999998,0.44999998807907104,0.10000000000000001,0.15999999642372131,0,0,False,3,3,2022-01-01
1839,2022-07-01,AFG,5294,AFG,3,0.74999999999999989,0.76999998092651367,0.40000000000000002,0.40000000596046448,0.10000000000000001,0.17000000178813934,0,0,False,3,3,2022-01-01
1841,2022-07-01,AFG,5305,AFG,3,0.65000000000000013,0.74000000953674316,0.25,0.38999998569488525,0.050000000000000003,0.15999999642372131,0,0,False,3,3,2022-01-01
1843,2022-07-01,AFG,5316,AFG,3,0.65000000000000013,0.74000000953674316,0.25,0.37000000476837158,0.050000000000000003,0.15999999642372131,0,0,False,3,3,2022-01-01
1844,2022-03-01,AFG,5328,AFG,3,0.79999999999999993,0.81000000238418579,0.44999999999999996,0.43000000715255737,0.14999999999999999,0.17000000178813934,0,0,False,3,3,2022-01-01
1844,2022-07-01,AFG,5329,AFG,3,0.74999999999999989,0.74000000953674316,0.40000000000000002,0.34000000357627869,0.10000000000000001,0.18000000715255737,0,0,False,3,3,2022-01-01
1844,2022-09-01,AFG,5330,AFG,3,0.79999999999999993,0.79000002145767212,0.44999999999999996,0.43000000715255737,0.10000000000000001,0.18999999761581421,0,0,False,3,3,2022-01-01
1848,2022-03-01,AFG,5345,AFG,3,0.79999999999999993,0.81000000238418579,0.5,0.43999999761581421,0.14999999999999999,0.15999999642372131,0,0,False,3,3,2022-01-01
1848,2022-09-01,AFG,5346,AFG,3,0.75,0.81000000238418579,0.34999999999999998,0.43999999761581421,0.10000000000000001,0.18000000715255737,0,0,False,3,3,2022-01-01
1849,2022-03-01,AFG,5357,AFG,4,0.80000000000000004,0.77999997138977051,0.40000000000000002,0.46000000834465027,0.20000000000000001,0.18000000715255737,0,0,False,4,3,2022-01-01
1849,2022-07-01,AFG,5358,AFG,3,0.65000000000000013,0.69999998807907104,0.25,0.34999999403953552,0.050000000000000003,0.17000000178813934,0,0,False,3,3,2022-01-01
1849,2022-09-01,AFG,5359,AFG,3,0.75,0.76999998092651367,0.44999999999999996,0.44999998807907104,0.14999999999999999,0.20000000298023224,0,0,False,3,4,2022-01-01
1850,2022-03-01,AFG,5370,AFG,3,0.79999999999999993,0.77999997138977051,0.44999999999999996,0.41999998688697815,0.14999999999999999,0.17000000178813934,0,0,False,3,3,2022-01-01
1850,2022-07-01,AFG,5371,AFG,3,0.74999999999999989,0.73000001907348633,0.40000000000000002,0.36000001430511475,0.10000000000000001,0.18000000715255737,0,0,False,3,3,2022-01-01
1850,2022-09-01,AFG,5372,AFG,3,0.79999999999999993,0.79000002145767212,0.44999999999999996,0.44999998807907104,0.10000000000000001,0.18999999761581421,0,0,False,3,3,2022-01-01
1851,2022-07-01,AFG,5373,AFG,3,0.65000000000000013,0.70999997854232788,0.25,0.41999998688697815,0.050000000000000003,0.18000000715255737,0,0,False,3,3,2022-01-01
1852,2022-03-01,AFG,5379,AFG,4,0.89999999999999991,0.77999997138977051,0.55000000000000004,0.44999998807907104,0.25,0.14000000059604645,0,0,False,4,3,2022-01-01
1852,2022-09-01,AFG,5380,AFG,4,0.84999999999999987,0.77999997138977051,0.5,0.43999999761581421,0.20000000000000001,0.15999999642372131,0,0,False,4,3,2022-01-01
1853,2022-03-01,AFG,5388,AFG,3,0.79999999999999993,0.81000000238418579,0.44999999999999996,0.41999998688697815,0.14999999999999999,0.17000000178813934,0,0,False,3,3,2022-01-01
1853,2022-07-01,AFG,5389,AFG,3,0.65000000000000013,0.73000001907348633,0.25,0.34999999403953552,0.050000000000000003,0.15999999642372131,0,0,False,3,3,2022-01-01
1854,2022-09-01,AFG,5398,AFG,3,0.75,0.80000001192092896,0.44999999999999996,0.4699999988079071,0.14999999999999999,0.20000000298023224,0,0,False,3,4,2022-01-01
1855,2022-03-01,AFG,5403,AFG,4,0.84999999999999987,0.76999998092651367,0.55000000000000004,0.50999999046325684,0.20000000000000001,0.15999999642372131,0,0,False,4,3,2022-01-01
1855,2022-09-01,AFG,5404,AFG,4,0.80000000000000004,0.81999999284744263,0.5,0.5,0.20000000000000001,0.17000000178813934,0,0,False,4,3,2022-01-01
1856,2022-09-01,AFG,5413,AFG,4,0.80000000000000004,0.8399999737739563,0.5,0.49000000953674316,0.20000000000000001,0.17000000178813934,0,0,False,4,3,2022-01-01
1857,2022-03-01,AFG,5421,AFG,3,0.79999999999999993,0.75999999046325684,0.44999999999999996,0.40000000596046448,0.10000000000000001,0.17000000178813934,0,0,False,3,3,2022-01-01
1857,2022-07-01,AFG,5422,AFG,3,0.65000000000000002,0.70999997854232788,0.25,0.36000001430511475,0.10000000000000001,0.15999999642372131,0,0,False,3,3,2022-01-01
1857,2022-09-01,AFG,5423,AFG,3,0.75,0.72000002861022949,0.34999999999999998,0.37000000476837158,0.10000000000000001,0.15999999642372131,0,0,False,3,3,2022-01-01
1858,2022-09-01,AFG,5429,AFG,4,0.80000000000000004,0.86000001430511475,0.5,0.52999997138977051,0.20000000000000001,0.20000000298023224,0,0,False,4,4,2022-01-01
1859,2022-03-01,AFG,5440,AFG,3,0.79999999999999993,0.76999998092651367,0.44999999999999996,0.40999999642372131,0.10000000000000001,0.17000000178813934,0,0,False,3,3,2022-01-01
1859,2022-07-01,AFG,5441,AFG,3,0.65000000000000013,0.70999997854232788,0.25,0.37999999523162842,0.050000000000000003,0.17000000178813934,0,0,False,3,3,2022-01-01
1859,2022-09-01,AFG,5442,AFG,3,0.75,0.75999999046325684,0.34999999999999998,0.41999998688697815,0.10000000000000001,0.20000000298023224,0,0,False,3,4,2022-01-01
1860,2022-03-01,AFG,5448,AFG,4,0.89999999999999991,0.77999997138977051,0.55000000000000004,0.4699999988079071,0.25,0.14000000059604645,0,0,False,4,3,2022-01-01
1863,2022-03-01,AFG,5460,AFG,3,0.79999999999999993,0.77999997138977051,0.44999999999999996,0.40999999642372131,0.14999999999999999,0.15999999642372131,0,0,False,3,3,2022-01-01
1864,2022-07-01,AFG,5468,AFG,3,0.65000000000000013,0.73000001907348633,0.25,0.38999998569488525,0.050000000000000003,0.17000000178813934,0,0,False,3,3,2022-01-01
1864,2022-09-01,AFG,5469,AFG,3,0.75,0.75999999046325684,0.34999999999999998,0.38999998569488525,0.10000000000000001,0.17000000178813934,0,0,False,3,3,2022-01-01
1867,2022-03-01,AFG,5500,AFG,3,0.79999999999999993,0.79000002145767212,0.44999999999999996,0.40000000596046448,0.10000000000000001,0.17000000178813934,0,0,False,3,3,2022-01-01
1867,2022-07-01,AFG,5501,AFG,3,0.65000000000000002,0.73000001907348633,0.25,0.37000000476837158,0.10000000000000001,0.15999999642372131,0,0,False,3,3,2022-01-01
1867,2022-09-01,AFG,5502,AFG,3,0.75,0.75,0.34999999999999998,0.43000000715255737,0.10000000000000001,0.18999999761581421,0,0,False,3,3,2022-01-01
1868,2022-09-01,AFG,5508,AFG,4,0.84999999999999987,0.80000001192092896,0.5,0.5,0.20000000000000001,0.17000000178813934,0,0,False,4,3,2022-01-01
1870,2022-03-01,AFG,5523,AFG,3,0.79999999999999993,0.81000000238418579,0.44999999999999996,0.40000000596046448,0.10000000000000001,0.15999999642372131,0,0,False,3,3,2022-01-01
1870,2022-07-01,AFG,5524,AFG,3,0.65000000000000002,0.75,0.25,0.37999999523162842,0.10000000000000001,0.15999999642372131,0,0,False,3,3,2022-01-01
1870,2022-09-01,AFG,5525,AFG,3,0.75,0.82999998331069946,0.34999999999999998,0.49000000953674316,0.10000000000000001,0.18999999761581421,0,0,False,3,3,2022-01-01
651,2022-04-01,BDI,1737,BDI,2,0.30000000000000004,0.4699999988079071,0.10000000000000001,0.20999999344348907,0,0.05000000074505806,0,0,False,2,3,2022-01-01
651,2022-06-01,BDI,1738,BDI,1,0.15000000000000002,0.72000002861022949,0.050000000000000003,0.20000000298023224,0,0.05000000074505806,0,0,False,1,3,2022-01-01
651,2022-07-01,BDI,1739,BDI,3,0.75,0.62999999523162842,0.29999999999999999,0.23000000417232513,0.050000000000000003,0.05000000074505806,0,0,False,3,3,2022-01-01
652,2022-04-01,BDI,1754,BDI,2,0.30000000000000004,0.4699999988079071,0.10000000000000001,0.20999999344348907,0,0.05000000074505806,0,0,False,2,3,2022-01-01
652,2022-06-01,BDI,1755,BDI,1,0.15000000000000002,0.72000002861022949,0.050000000000000003,0.20000000298023224,0,0.05000000074505806,0,0,False,1,3,2022-01-01
652,2022-07-01,BDI,1756,BDI,3,0.75,0.62999999523162842,0.29999999999999999,0.23000000417232513,0.050000000000000003,0.05000000074505806,0,0,False,3,3,2022-01-01
674,2022-07-01,BDI,1868,BDI,3,0.80000000000000004,0.62000000476837158,0.39999999999999997,0.20000000298023224,0.050000000000000003,0.05000000074505806,0,0,False,3,3,2022-01-01
675,2022-07-01,BDI,1878,BDI,3,0.80000000000000004,0.62999999523162842,0.39999999999999997,0.23000000417232513,0.050000000000000003,0.05000000074505806,0,0,False,3,3,2022-01-01
676,2022-04-01,BDI,1893,BDI,2,0.40000000000000002,0.47999998927116394,0.10000000000000001,0.18000000715255737,0,0.059999998658895493,0,0,False,2,2,2022-01-01
676,2022-06-01,BDI,1894,BDI,2,0.40000000000000002,0.62999999523162842,0.10000000000000001,0.15999999642372131,0,0.05000000074505806,0,0,False,2,2,2022-01-01
676,2022-07-01,BDI,1895,BDI,3,0.75,0.61000001430511475,0.29999999999999999,0.23000000417232513,0.050000000000000003,0.05000000074505806,0,0,False,3,3,2022-01-01
677,2022-04-01,BDI,1910,BDI,2,0.40000000000000002,0.47999998927116394,0.10000000000000001,0.18000000715255737,0,0.059999998658895493,0,0,False,2,2,2022-01-01
677,2022-06-01,BDI,1911,BDI,2,0.40000000000000002,0.62999999523162842,0.10000000000000001,0.15999999642372131,0,0.05000000074505806,0,0,False,2,2,2022-01-01
677,2022-07-01,BDI,1912,BDI,3,0.75,0.61000001430511475,0.29999999999999999,0.23000000417232513,0.050000000000000003,0.05000000074505806,0,0,False,3,3,2022-01-01
699,2022-04-01,BDI,2008,BDI,2,0.34999999999999998,0.4699999988079071,0.10000000000000001,0.18000000715255737,0,0.05000000074505806,0,0,False,2,2,2022-01-01
699,2022-06-01,BDI,2009,BDI,2,0.40000000000000002,0.68999999761581421,0.14999999999999999,0.17000000178813934,0,0.039999999105930328,0,0,False,2,2,2022-01-01
699,2022-07-01,BDI,2010,BDI,2,0.75,0.60000002384185791,0.14999999999999999,0.25,0,0.05000000074505806,0,0,False,2,3,2022-01-01
700,2022-04-01,BDI,2023,BDI,2,0.34999999999999998,0.49000000953674316,0.10000000000000001,0.18999999761581421,0,0.05000000074505806,0,0,False,2,2,2022-01-01
700,2022-07-01,BDI,2024,BDI,2,0.75,0.60000002384185791,0.14999999999999999,0.2199999988079071,0,0.05000000074505806,0,0,False,2,3,2022-01-01
703,2022-04-01,BDI,2046,BDI,2,0.30000000000000004,0.56000000238418579,0.10000000000000001,0.14000000059604645,0,0.05000000074505806,0,0,False,2,2,2022-01-01
703,2022-06-01,BDI,2047,BDI,2,0.34999999999999998,0.68999999761581421,0.10000000000000001,0.14000000059604645,0,0.039999999105930328,0,0,False,2,2,2022-01-01
703,2022-07-01,BDI,2048,BDI,3,0.75,0.67000001668930054,0.29999999999999999,0.25,0.050000000000000003,0.05000000074505806,0,0,False,3,3,2022-01-01
704,2022-04-01,BDI,2062,BDI,2,0.30000000000000004,0.50999999046325684,0.10000000000000001,0.12999999523162842,0,0.05000000074505806,0,0,False,2,2,2022-01-01
704,2022-06-01,BDI,2063,BDI,2,0.34999999999999998,0.68000000715255737,0.10000000000000001,0.14000000059604645,0,0.039999999105930328,0,0,False,2,2,2022-01-01
704,2022-07-01,BDI,2064,BDI,3,0.75,0.6600000262260437,0.29999999999999999,0.20999999344348907,0.050000000000000003,0.05000000074505806,0,0,False,3,3,2022-01-01
707,2022-04-01,BDI,2087,BDI,2,0.44999999999999996,0.47999998927116394,0.14999999999999999,0.18000000715255737,0,0.05000000074505806,0,0,False,2,2,2022-01-01
707,2022-06-01,BDI,2088,BDI,2,0.44999999999999996,0.64999997615814209,0.14999999999999999,0.15000000596046448,0,0.039999999105930328,0,0,False,2,2,2022-01-01
707,2022-07-01,BDI,2089,BDI,3,0.75,0.62000000476837158,0.29999999999999999,0.23000000417232513,0.050000000000000003,0.05000000074505806,0,0,False,3,3,2022-01-01
708,2022-04-01,BDI,2100,BDI,2,0.44999999999999996,0.47999998927116394,0.14999999999999999,0.18999999761581421,0,0.05000000074505806,0,0,False,2,2,2022-01-01
708,2022-06-01,BDI,2101,BDI,2,0.44999999999999996,0.64999997615814209,0.14999999999999999,0.15000000596046448,0,0.039999999105930328,0,0,False,2,2,2022-01-01
708,2022-07-01,BDI,2102,BDI,3,0.75,0.63999998569488525,0.29999999999999999,0.23000000417232513,0.050000000000000003,0.05000000074505806,0,0,False,3,3,2022-01-01
165,2022-09-01,CAF,724,CAF,4,0.85000000000000009,0.64999997615814209,0.60000000000000009,0.37000000476837158,0.20000000000000001,0.10999999940395355,0,0,False,4,3,2022-01-01
174,2022-09-01,CAF,744,CAF,3,0.84999999999999998,0.73000001907348633,0.55000000000000004,0.34999999403953552,0.14999999999999999,0.12999999523162842,0,0,False,3,3,2022-01-01
175,2022-09-01,CAF,752,CAF,3,0.84999999999999998,0.73000001907348633,0.55000000000000004,0.37000000476837158,0.14999999999999999,0.12999999523162842,0,0,False,3,3,2022-01-01
177,2022-09-01,CAF,760,CAF,3,0.84999999999999998,0.73000001907348633,0.55000000000000004,0.34999999403953552,0.14999999999999999,0.12999999523162842,0,0,False,3,3,2022-01-01
216,2022-09-01,CAF,801,CAF,3,0.79999999999999993,0.64999997615814209,0.44999999999999996,0.40000000596046448,0.14999999999999999,0.079999998211860657,0,0,False,3,3,2022-01-01
229,2022-09-01,CAF,811,CAF,3,0.75,0.69999998807907104,0.40000000000000002,0.33000001311302185,0.14999999999999999,0.070000000298023224,0,0,False,3,3,2022-01-01
234,2022-07-01,CAF,819,CAF,3,0.75,0.68999999761581421,0.29999999999999999,0.34999999403953552,0.050000000000000003,0.079999998211860657,0,0,False,3,3,2022-01-01
234,2022-09-01,CAF,820,CAF,3,0.55000000000000004,0.73000001907348633,0.20000000000000001,0.27000001072883606,0,0.059999998658895493,0,0,False,3,3,2022-01-01
237,2022-07-01,CAF,832,CAF,3,0.75,0.68999999761581421,0.29999999999999999,0.37000000476837158,0.050000000000000003,0.070000000298023224,0,0,False,3,3,2022-01-01
237,2022-09-01,CAF,833,CAF,3,0.55000000000000004,0.75,0.20000000000000001,0.25999999046325684,0,0.059999998658895493,0,0,False,3,3,2022-01-01
239,2022-07-01,CAF,842,CAF,3,0.75,0.68000000715255737,0.29999999999999999,0.37000000476837158,0.050000000000000003,0.070000000298023224,0,0,False,3,3,2022-01-01
239,2022-09-01,CAF,843,CAF,3,0.55000000000000004,0.73000001907348633,0.20000000000000001,0.2199999988079071,0,0.059999998658895493,0,0,False,3,3,2022-01-01
251,2022-09-01,CAF,847,CAF,3,0.69999999999999996,0.67000001668930054,0.34999999999999998,0.37000000476837158,0.050000000000000003,0.070000000298023224,0,0,False,3,3,2022-01-01
258,2022-09-01,CAF,854,CAF,3,0.69999999999999996,0.68000000715255737,0.34999999999999998,0.37000000476837158,0.050000000000000003,0.070000000298023224,0,0,False,3,3,2022-01-01
280,2022-09-01,CAF,873,CAF,3,0.79999999999999993,0.80000001192092896,0.44999999999999996,0.47999998927116394,0.10000000000000001,0.10999999940395355,0,0,False,3,3,2022-01-01
282,2022-07-01,CAF,880,CAF,3,0.5,0.75999999046325684,0.20000000000000001,0.2800000011920929,0,0.079999998211860657,0,0,False,3,3,2022-01-01
282,2022-09-01,CAF,881,CAF,3,0.74999999999999989,0.68000000715255737,0.44999999999999996,0.36000001430511475,0.10000000000000001,0.079999998211860657,0,0,False,3,3,2022-01-01
283,2022-07-01,CAF,888,CAF,3,0.5,0.75,0.20000000000000001,0.2800000011920929,0,0.079999998211860657,0,0,False,3,3,2022-01-01
283,2022-09-01,CAF,889,CAF,3,0.74999999999999989,0.68000000715255737,0.44999999999999996,0.36000001430511475,0.10000000000000001,0.079999998211860657,0,0,False,3,3,2022-01-01
286,2022-09-01,CAF,903,CAF,3,0.74999999999999989,0.72000002861022949,0.44999999999999996,0.43000000715255737,0.10000000000000001,0.090000003576278687,0,0,False,3,3,2022-01-01
290,2022-09-01,CAF,906,CAF,3,0.79999999999999993,0.82999998331069946,0.44999999999999996,0.5,0.10000000000000001,0.10999999940395355,0,0,False,3,3,2022-01-01
291,2022-07-01,CAF,915,CAF,3,0.5,0.75999999046325684,0.20000000000000001,0.30000001192092896,0,0.079999998211860657,0,0,False,3,3,2022-01-01
291,2022-09-01,CAF,916,CAF,3,0.74999999999999989,0.72000002861022949,0.44999999999999996,0.43000000715255737,0.10000000000000001,0.079999998211860657,0,0,False,3,3,2022-01-01
305,2022-07-01,CAF,936,CAF,3,0.5,0.74000000953674316,0.20000000000000001,0.33000001311302185,0,0.079999998211860657,0,0,False,3,3,2022-01-01
314,2022-07-01,CAF,939,CAF,3,0.70000000000000007,0.75,0.29999999999999999,0.33000001311302185,0.050000000000000003,0.079999998211860657,0,0,False,3,3,2022-01-01
319,2022-09-01,CAF,947,CAF,3,0.79999999999999993,0.79000002145767212,0.44999999999999996,0.37000000476837158,0.10000000000000001,0.10000000149011612,0,0,False,3,3,2022-01-01
322,2022-09-01,CAF,952,CAF,3,0.79999999999999993,0.77999997138977051,0.44999999999999996,0.37999999523162842,0.10000000000000001,0.10000000149011612,0,0,False,3,3,2022-01-01
323,2022-09-01,CAF,957,CAF,3,0.79999999999999993,0.77999997138977051,0.44999999999999996,0.36000001430511475,0.10000000000000001,0.10000000149011612,0,0,False,3,3,2022-01-01
334,2022-04-01,CAF,968,CAF,2,0.45000000000000001,0.72000002861022949,0.15000000000000002,0.36000001430511475,0.050000000000000003,0.10000000149011612,0,0,False,2,3,2022-01-01
335,2022-04-01,CAF,971,CAF,2,0.45000000000000001,0.72000002861022949,0.15000000000000002,0.40999999642372131,0.050000000000000003,0.10000000149011612,0,0,False,2,3,2022-01-01
347,2022-09-01,CAF,979,CAF,4,0.89999999999999991,0.79000002145767212,0.55000000000000004,0.43000000715255737,0.20000000000000001,0.10000000149011612,0,0,False,4,3,2022-01-01
435,2022-10-01,CAF,1036,CAF,3,0.84999999999999998,0.75,0.40000000000000002,0.43999999761581421,0.10000000000000001,0.10999999940395355,0,0,False,3,3,2022-01-01
436,2022-10-01,CAF,1047,CAF,3,0.84999999999999998,0.76999998092651367,0.40000000000000002,0.43999999761581421,0.10000000000000001,0.10999999940395355,0,0,False,3,3,2022-01-01
441,2022-10-01,CAF,1066,CAF,3,0.84999999999999998,0.75999999046325684,0.40000000000000002,0.43999999761581421,0.10000000000000001,0.10999999940395355,0,0,False,3,3,2022-01-01
136,2022-07-01,COD,706,COD,2,0.59999999999999998,0.62000000476837158,0.14999999999999999,0.20000000298023224,0,0.05000000074505806,0,0,False,2,3,2022-01-01
160,2022-07-01,COD,717,COD,3,0.80000000000000004,0.62999999523162842,0.25,0.23000000417232513,0.050000000000000003,0.05000000074505806,0,0,False,3,3,2022-01-01
161,2022-07-01,COD,718,COD,3,0.80000000000000004,0.62999999523162842,0.25,0.23000000417232513,0.050000000000000003,0.05000000074505806,0,0,False,3,3,2022-01-01
169,2022-07-01,COD,735,COD,3,0.75,0.6600000262260437,0.25,0.23999999463558197,0.050000000000000003,0.059999998658895493,0,0,False,3,3,2022-01-01
189,2022-07-01,COD,778,COD,3,0.75000000000000011,0.61000001430511475,0.20000000000000001,0.2800000011920929,0.050000000000000003,0.059999998658895493,0,0,False,3,3,2022-01-01
190,2022-07-01,COD,779,COD,3,0.75000000000000011,0.61000001430511475,0.20000000000000001,0.2800000011920929,0.050000000000000003,0.059999998658895493,0,0,False,3,3,2022-01-01
230,2022-07-01,COD,812,COD,3,0.55000000000000004,0.63999998569488525,0.20000000000000001,0.27000001072883606,0,0.070000000298023224,0,0,False,3,3,2022-01-01
242,2022-07-01,COD,844,COD,2,0.5,0.56000000238418579,0.14999999999999999,0.18999999761581421,0,0.059999998658895493,0,0,False,2,2,2022-01-01
263,2022-07-01,COD,862,COD,3,0.65000000000000002,0.5899999737739563,0.20000000000000001,0.2199999988079071,0,0.070000000298023224,0,0,False,3,3,2022-01-01
264,2022-07-01,COD,863,COD,3,0.65000000000000002,0.5899999737739563,0.20000000000000001,0.2199999988079071,0,0.070000000298023224,0,0,False,3,3,2022-01-01
284,2022-07-01,COD,892,COD,3,0.69999999999999996,0.60000002384185791,0.39999999999999997,0.2199999988079071,0.050000000000000003,0.059999998658895493,0,0,False,3,3,2022-01-01
285,2022-07-01,COD,895,COD,3,0.69999999999999996,0.60000002384185791,0.39999999999999997,0.2199999988079071,0.050000000000000003,0.059999998658895493,0,0,False,3,3,2022-01-01
296,2022-07-01,COD,920,COD,3,0.84999999999999998,0.62999999523162842,0.34999999999999998,0.23999999463558197,0,0.05000000074505806,0,0,False,3,3,2022-01-01
370,2022-07-01,COD,990,COD,3,0.69999999999999996,0.56000000238418579,0.29999999999999999,0.27000001072883606,0,0.039999999105930328,0,0,False,3,3,2022-01-01
374,2022-07-01,COD,993,COD,3,0.69999999999999996,0.56000000238418579,0.29999999999999999,0.25,0,0.039999999105930328,0,0,False,3,3,2022-01-01
391,2022-07-01,COD,1001,COD,3,0.75,0.56999999284744263,0.25,0.2800000011920929,0.050000000000000003,0.070000000298023224,0,0,False,3,3,2022-01-01
409,2022-07-01,COD,1009,COD,2,0.59999999999999998,0.60000002384185791,0.14999999999999999,0.25999999046325684,0,0.05000000074505806,0,0,False,2,3,2022-01-01
410,2022-07-01,COD,1011,COD,2,0.59999999999999998,0.57999998331069946,0.14999999999999999,0.25999999046325684,0,0.05000000074505806,0,0,False,2,3,2022-01-01
413,2022-07-01,COD,1013,COD,2,0.59999999999999998,0.60000002384185791,0.14999999999999999,0.28999999165534973,0,0.05000000074505806,0,0,False,2,3,2022-01-01
417,2022-07-01,COD,1020,COD,3,0.65000000000000002,0.73000001907348633,0.20000000000000001,0.34999999403953552,0.050000000000000003,0.10000000149011612,0,0,False,3,3,2022-01-01
420,2022-07-01,COD,1021,COD,2,0.65000000000000002,0.5,0.14999999999999999,0.25,0,0.05000000074505806,0,0,False,2,3,2022-01-01
443,2022-07-01,COD,1068,COD,3,0.75,0.63999998569488525,0.29999999999999999,0.33000001311302185,0.050000000000000003,0.05000000074505806,0,0,False,3,3,2022-01-01
446,2022-07-01,COD,1071,COD,2,0.70000000000000007,0.67000001668930054,0.14999999999999999,0.2800000011920929,0,0.039999999105930328,0,0,False,2,3,2022-01-01
451,2022-07-01,COD,1077,COD,3,0.70000000000000007,0.67000001668930054,0.20000000000000001,0.31000000238418579,0.050000000000000003,0.059999998658895493,0,0,False,3,3,2022-01-01
452,2022-07-01,COD,1083,COD,3,0.70000000000000007,0.70999997854232788,0.20000000000000001,0.31999999284744263,0.050000000000000003,0.059999998658895493,0,0,False,3,3,2022-01-01
459,2022-07-01,COD,1095,COD,3,0.75,0.6600000262260437,0.29999999999999999,0.31000000238418579,0.050000000000000003,0.05000000074505806,0,0,False,3,3,2022-01-01
471,2022-07-01,COD,1103,COD,2,0.75,0.68999999761581421,0.10000000000000001,0.27000001072883606,0,0.05000000074505806,0,0,False,2,3,2022-01-01
472,2022-07-01,COD,1105,COD,2,0.75,0.68999999761581421,0.10000000000000001,0.27000001072883606,0,0.05000000074505806,0,0,False,2,3,2022-01-01
492,2022-07-01,COD,1123,COD,3,0.70000000000000007,0.52999997138977051,0.25,0.27000001072883606,0.050000000000000003,0.05000000074505806,0,0,False,3,3,2022-01-01
494,2022-07-01,COD,1125,COD,3,0.70000000000000007,0.51999998092651367,0.25,0.30000001192092896,0.050000000000000003,0.05000000074505806,0,0,False,3,3,2022-01-01
518,2022-07-01,COD,1174,COD,3,0.79999999999999993,0.67000001668930054,0.40000000000000002,0.25999999046325684,0.10000000000000001,0.05000000074505806,0,0,False,3,3,2022-01-01
519,2022-07-01,COD,1179,COD,3,0.79999999999999993,0.64999997615814209,0.40000000000000002,0.25999999046325684,0.10000000000000001,0.05000000074505806,0,0,False,3,3,2022-01-01
534,2022-02-01,COD,1191,COD,3,0.69999999999999996,0.74000000953674316,0.25,0.37000000476837158,0,0.070000000298023224,0,0,False,3,3,2022-01-01
534,2022-10-01,COD,1192,COD,2,0.55000000000000004,0.70999997854232788,0.14999999999999999,0.38999998569488525,0,0.079999998211860657,0,0,False,2,3,2022-01-01
537,2022-02-01,COD,1200,COD,3,0.69999999999999996,0.75,0.25,0.40999999642372131,0,0.059999998658895493,0,0,False,3,3,2022-01-01
537,2022-10-01,COD,1201,COD,2,0.55000000000000004,0.73000001907348633,0.14999999999999999,0.38999998569488525,0,0.079999998211860657,0,0,False,2,3,2022-01-01
547,2022-07-01,COD,1218,COD,3,0.84999999999999998,0.57999998331069946,0.40000000000000002,0.27000001072883606,0.10000000000000001,0.039999999105930328,0,0,False,3,3,2022-01-01
555,2022-07-01,COD,1243,COD,3,0.69999999999999996,0.52999997138977051,0.34999999999999998,0.25999999046325684,0.10000000000000001,0.05000000074505806,0,0,False,3,3,2022-01-01
564,2022-04-01,COD,1264,COD,2,0.39999999999999997,0.5,0.050000000000000003,0.2800000011920929,0,0.059999998658895493,0,0,False,2,3,2022-01-01
564,2022-06-01,COD,1265,COD,2,0.75,0.56000000238418579,0.15000000000000002,0.2800000011920929,0.050000000000000003,0.070000000298023224,0,0,False,2,3,2022-01-01
564,2022-07-01,COD,1266,COD,3,0.80000000000000004,0.64999997615814209,0.25,0.34999999403953552,0.050000000000000003,0.059999998658895493,0,0,False,3,3,2022-01-01
565,2022-04-01,COD,1279,COD,2,0.39999999999999997,0.5,0.050000000000000003,0.28999999165534973,0,0.059999998658895493,0,0,False,2,3,2022-01-01
565,2022-06-01,COD,1280,COD,2,0.75,0.56000000238418579,0.15000000000000002,0.2800000011920929,0.050000000000000003,0.070000000298023224,0,0,False,2,3,2022-01-01
565,2022-07-01,COD,1281,COD,3,0.80000000000000004,0.64999997615814209,0.25,0.31999999284744263,0.050000000000000003,0.05000000074505806,0,0,False,3,3,2022-01-01
570,2022-02-01,COD,1299,COD,3,0.69999999999999996,0.72000002861022949,0.25,0.36000001430511475,0,0.079999998211860657,0,0,False,3,3,2022-01-01
571,2022-02-01,COD,1313,COD,3,0.69999999999999996,0.73000001907348633,0.25,0.34999999403953552,0,0.070000000298023224,0,0,False,3,3,2022-01-01
586,2022-02-01,COD,1358,COD,3,0.69999999999999996,0.72000002861022949,0.25,0.37000000476837158,0,0.059999998658895493,0,0,False,3,3,2022-01-01
586,2022-07-01,COD,1359,COD,3,0.75,0.70999997854232788,0.29999999999999999,0.33000001311302185,0.050000000000000003,0.10000000149011612,0,0,False,3,3,2022-01-01
586,2022-10-01,COD,1360,COD,2,0.55000000000000004,0.72000002861022949,0.14999999999999999,0.37000000476837158,0,0.070000000298023224,0,0,False,2,3,2022-01-01
587,2022-04-01,COD,1373,COD,2,0.30000000000000004,0.60000002384185791,0.10000000000000001,0.27000001072883606,0,0.05000000074505806,0,0,False,2,3,2022-01-01
587,2022-06-01,COD,1374,COD,1,0.15000000000000002,0.56000000238418579,0.050000000000000003,0.2199999988079071,0,0.05000000074505806,0,0,False,1,3,2022-01-01
587,2022-07-01,COD,1375,COD,3,0.80000000000000004,0.64999997615814209,0.29999999999999999,0.23999999463558197,0.050000000000000003,0.05000000074505806,0,0,False,3,3,2022-01-01
591,2022-04-01,COD,1389,COD,2,0.30000000000000004,0.56000000238418579,0.10000000000000001,0.25999999046325684,0,0.05000000074505806,0,0,False,2,3,2022-01-01
591,2022-07-01,COD,1390,COD,3,0.80000000000000004,0.68999999761581421,0.29999999999999999,0.30000001192092896,0.050000000000000003,0.05000000074505806,0,0,False,3,3,2022-01-01
592,2022-04-01,COD,1402,COD,2,0.30000000000000004,0.56000000238418579,0.10000000000000001,0.25999999046325684,0,0.05000000074505806,0,0,False,2,3,2022-01-01
592,2022-07-01,COD,1403,COD,3,0.80000000000000004,0.68999999761581421,0.29999999999999999,0.30000001192092896,0.050000000000000003,0.05000000074505806,0,0,False,3,3,2022-01-01
598,2022-07-01,COD,1423,COD,3,0.69999999999999996,0.55000001192092896,0.34999999999999998,0.28999999165534973,0.10000000000000001,0.039999999105930328,0,0,False,3,3,2022-01-01
602,2022-04-01,COD,1436,COD,2,0.39999999999999997,0.5899999737739563,0.050000000000000003,0.30000001192092896,0,0.05000000074505806,0,0,False,2,3,2022-01-01
602,2022-06-01,COD,1437,COD,2,0.75,0.52999997138977051,0.15000000000000002,0.23000000417232513,0.050000000000000003,0.059999998658895493,0,0,False,2,3,2022-01-01
602,2022-07-01,COD,1438,COD,3,0.80000000000000004,0.64999997615814209,0.39999999999999997,0.27000001072883606,0.050000000000000003,0.05000000074505806,0,0,False,3,3,2022-01-01
607,2022-07-01,COD,1455,COD,3,0.69999999999999996,0.56000000238418579,0.34999999999999998,0.23000000417232513,0.10000000000000001,0.039999999105930328,0,0,False,3,3,2022-01-01
608,2022-07-01,COD,1462,COD,3,0.84999999999999998,0.55000001192092896,0.40000000000000002,0.2199999988079071,0.10000000000000001,0.05000000074505806,0,0,False,3,3,2022-01-01
609,2022-07-01,COD,1469,COD,3,0.84999999999999998,0.56000000238418579,0.40000000000000002,0.25999999046325684,0.10000000000000001,0.05000000074505806,0,0,False,3,3,2022-01-01
611,2022-06-01,COD,1479,COD,2,0.30000000000000004,0.63999998569488525,0.10000000000000001,0.23000000417232513,0,0.070000000298023224,0,0,False,2,3,2022-01-01
611,2022-07-01,COD,1480,COD,3,0.69999999999999996,0.56999999284744263,0.34999999999999998,0.23999999463558197,0.10000000000000001,0.05000000074505806,0,0,False,3,3,2022-01-01
613,2022-04-01,COD,1492,COD,2,0.34999999999999998,0.60000002384185791,0.10000000000000001,0.23999999463558197,0,0.059999998658895493,0,0,False,2,3,2022-01-01
613,2022-06-01,COD,1493,COD,2,0.40000000000000002,0.51999998092651367,0.14999999999999999,0.20999999344348907,0,0.05000000074505806,0,0,False,2,3,2022-01-01
613,2022-07-01,COD,1494,COD,3,0.84999999999999998,0.62000000476837158,0.5,0.2199999988079071,0.14999999999999999,0.05000000074505806,0,0,False,3,3,2022-01-01
614,2022-07-01,COD,1499,COD,3,0.90000000000000002,0.5899999737739563,0.44999999999999996,0.25,0.10000000000000001,0.039999999105930328,0,0,False,3,3,2022-01-01
615,2022-04-01,COD,1512,COD,2,0.39999999999999997,0.60000002384185791,0.050000000000000003,0.28999999165534973,0,0.05000000074505806,0,0,False,2,3,2022-01-01
615,2022-06-01,COD,1513,COD,2,0.75,0.61000001430511475,0.15000000000000002,0.2199999988079071,0.050000000000000003,0.05000000074505806,0,0,False,2,3,2022-01-01
615,2022-07-01,COD,1514,COD,3,0.80000000000000004,0.6600000262260437,0.39999999999999997,0.25,0.050000000000000003,0.05000000074505806,0,0,False,3,3,2022-01-01
616,2022-04-01,COD,1521,COD,2,0.30000000000000004,0.54000002145767212,0.10000000000000001,0.20000000298023224,0,0.05000000074505806,0,0,False,2,3,2022-01-01
618,2022-04-01,COD,1535,COD,2,0.34999999999999998,0.56999999284744263,0.10000000000000001,0.25,0,0.059999998658895493,0,0,False,2,3,2022-01-01
618,2022-06-01,COD,1536,COD,2,0.40000000000000002,0.52999997138977051,0.14999999999999999,0.23999999463558197,0,0.059999998658895493,0,0,False,2,3,2022-01-01
618,2022-07-01,COD,1537,COD,3,0.84999999999999998,0.62999999523162842,0.5,0.25999999046325684,0.14999999999999999,0.039999999105930328,0,0,False,3,3,2022-01-01
623,2022-07-01,COD,1546,COD,3,0.90000000000000002,0.62000000476837158,0.44999999999999996,0.23000000417232513,0.10000000000000001,0.039999999105930328,0,0,False,3,3,2022-01-01
625,2022-04-01,COD,1560,COD,2,0.30000000000000004,0.56000000238418579,0.10000000000000001,0.20000000298023224,0,0.039999999105930328,0,0,False,2,3,2022-01-01
625,2022-06-01,COD,1561,COD,1,0.15000000000000002,0.56000000238418579,0.050000000000000003,0.18999999761581421,0,0.039999999105930328,0,0,False,1,2,2022-01-01
625,2022-07-01,COD,1562,COD,3,0.75,0.69999998807907104,0.29999999999999999,0.23000000417232513,0.050000000000000003,0.039999999105930328,0,0,False,3,3,2022-01-01
626,2022-04-01,COD,1576,COD,2,0.30000000000000004,0.50999999046325684,0.10000000000000001,0.20000000298023224,0,0.039999999105930328,0,0,False,2,3,2022-01-01
626,2022-06-01,COD,1577,COD,1,0.15000000000000002,0.55000001192092896,0.050000000000000003,0.18999999761581421,0,0.039999999105930328,0,0,False,1,2,2022-01-01
626,2022-07-01,COD,1578,COD,3,0.75,0.68000000715255737,0.29999999999999999,0.23000000417232513,0.050000000000000003,0.039999999105930328,0,0,False,3,3,2022-01-01
634,2022-04-01,COD,1598,COD,2,0.34999999999999998,0.57999998331069946,0.10000000000000001,0.23000000417232513,0,0.05000000074505806,0,0,False,2,3,2022-01-01
634,2022-06-01,COD,1599,COD,2,0.40000000000000002,0.49000000953674316,0.14999999999999999,0.18999999761581421,0,0.039999999105930328,0,0,False,2,2,2022-01-01
634,2022-07-01,COD,1600,COD,2,0.65000000000000002,0.62999999523162842,0.15000000000000002,0.20000000298023224,0.050000000000000003,0.05000000074505806,0,0,False,2,3,2022-01-01
644,2022-06-01,COD,1650,COD,2,0.30000000000000004,0.5899999737739563,0.10000000000000001,0.2800000011920929,0,0.070000000298023224,0,0,False,2,3,2022-01-01
644,2022-07-01,COD,1651,COD,2,0.65000000000000002,0.50999999046325684,0.15000000000000002,0.23000000417232513,0.050000000000000003,0.05000000074505806,0,0,False,2,3,2022-01-01
645,2022-06-01,COD,1656,COD,2,0.30000000000000004,0.5899999737739563,0.10000000000000001,0.2800000011920929,0,0.070000000298023224,0,0,False,2,3,2022-01-01
645,2022-07-01,COD,1657,COD,2,0.65000000000000002,0.50999999046325684,0.15000000000000002,0.23000000417232513,0.050000000000000003,0.05000000074505806,0,0,False,2,3,2022-01-01
646,2022-04-01,COD,1668,COD,2,0.34999999999999998,0.5899999737739563,0.10000000000000001,0.2800000011920929,0,0.059999998658895493,0,0,False,2,3,2022-01-01
646,2022-07-01,COD,1669,COD,3,0.79999999999999993,0.67000001668930054,0.44999999999999996,0.23000000417232513,0.10000000000000001,0.05000000074505806,0,0,False,3,3,2022-01-01
647,2022-04-01,COD,1680,COD,2,0.34999999999999998,0.5899999737739563,0.10000000000000001,0.2800000011920929,0,0.059999998658895493,0,0,False,2,3,2022-01-01
647,2022-07-01,COD,1681,COD,3,0.79999999999999993,0.67000001668930054,0.44999999999999996,0.23000000417232513,0.10000000000000001,0.05000000074505806,0,0,False,3,3,2022-01-01
649,2022-04-01,COD,1700,COD,2,0.34999999999999998,0.5,0.10000000000000001,0.2800000011920929,0,0.059999998658895493,0,0,False,2,3,2022-01-01
649,2022-06-01,COD,1701,COD,2,0.34999999999999998,0.61000001430511475,0.14999999999999999,0.2800000011920929,0,0.059999998658895493,0,0,False,2,3,2022-01-01
649,2022-07-01,COD,1702,COD,3,0.65000000000000002,0.50999999046325684,0.29999999999999999,0.2800000011920929,0.050000000000000003,0.039999999105930328,0,0,False,3,3,2022-01-01
650,2022-04-01,COD,1720,COD,2,0.34999999999999998,0.5,0.10000000000000001,0.25999999046325684,0,0.059999998658895493,0,0,False,2,3,2022-01-01
650,2022-06-01,COD,1721,COD,2,0.34999999999999998,0.62000000476837158,0.14999999999999999,0.23999999463558197,0,0.059999998658895493,0,0,False,2,3,2022-01-01
650,2022-07-01,COD,1722,COD,3,0.65000000000000002,0.50999999046325684,0.29999999999999999,0.27000001072883606,0.050000000000000003,0.039999999105930328,0,0,False,3,3,2022-01-01
654,2022-06-01,COD,1766,COD,2,0.29999999999999999,0.56000000238418579,0.14999999999999999,0.27000001072883606,0,0.059999998658895493,0,0,False,2,3,2022-01-01
654,2022-07-01,COD,1767,COD,3,0.80000000000000004,0.56999999284744263,0.34999999999999998,0.2199999988079071,0.050000000000000003,0.05000000074505806,0,0,False,3,3,2022-01-01
655,2022-06-01,COD,1777,COD,2,0.30000000000000004,0.61000001430511475,0.10000000000000001,0.23999999463558197,0,0.070000000298023224,0,0,False,2,3,2022-01-01
655,2022-07-01,COD,1778,COD,3,0.75,0.51999998092651367,0.34999999999999998,0.27000001072883606,0.10000000000000001,0.05000000074505806,0,0,False,3,3,2022-01-01
658,2022-06-01,COD,1788,COD,2,0.30000000000000004,0.60000002384185791,0.10000000000000001,0.27000001072883606,0,0.059999998658895493,0,0,False,2,3,2022-01-01
658,2022-07-01,COD,1789,COD,3,0.79999999999999993,0.51999998092651367,0.44999999999999996,0.25,0.14999999999999999,0.05000000074505806,0,0,False,3,3,2022-01-01
661,2022-06-01,COD,1802,COD,2,0.30000000000000004,0.62000000476837158,0.10000000000000001,0.25999999046325684,0,0.059999998658895493,0,0,False,2,3,2022-01-01
661,2022-07-01,COD,1803,COD,3,0.79999999999999993,0.54000002145767212,0.44999999999999996,0.25,0.14999999999999999,0.05000000074505806,0,0,False,3,3,2022-01-01
680,2022-02-01,COD,1927,COD,3,0.80000000000000004,0.72000002861022949,0.45000000000000001,0.34999999403953552,0.050000000000000003,0.059999998658895493,0,0,False,3,3,2022-01-01
680,2022-07-01,COD,1928,COD,3,0.75,0.67000001668930054,0.25,0.25999999046325684,0.050000000000000003,0.059999998658895493,0,0,False,3,3,2022-01-01
680,2022-10-01,COD,1929,COD,3,0.80000000000000004,0.73000001907348633,0.34999999999999998,0.34999999403953552,0.050000000000000003,0.070000000298023224,0,0,False,3,3,2022-01-01
681,2022-06-01,COD,1939,COD,2,0.29999999999999999,0.52999997138977051,0.14999999999999999,0.25,0,0.059999998658895493,0,0,False,2,3,2022-01-01
681,2022-07-01,COD,1940,COD,3,0.80000000000000004,0.55000001192092896,0.34999999999999998,0.20999999344348907,0.050000000000000003,0.05000000074505806,0,0,False,3,3,2022-01-01
684,2022-06-01,COD,1954,COD,2,0.29999999999999999,0.52999997138977051,0.14999999999999999,0.25999999046325684,0,0.059999998658895493,0,0,False,2,3,2022-01-01
684,2022-07-01,COD,1955,COD,3,0.80000000000000004,0.55000001192092896,0.34999999999999998,0.23000000417232513,0.050000000000000003,0.05000000074505806,0,0,False,3,3,2022-01-01
685,2022-02-01,COD,1958,COD,3,0.80000000000000004,0.73000001907348633,0.45000000000000001,0.34999999403953552,0.050000000000000003,0.059999998658895493,0,0,False,3,3,2022-01-01
685,2022-07-01,COD,1959,COD,3,0.75,0.72000002861022949,0.25,0.25,0.050000000000000003,0.059999998658895493,0,0,False,3,3,2022-01-01
706,2022-06-01,COD,2075,COD,2,0.29999999999999999,0.56000000238418579,0.14999999999999999,0.27000001072883606,0,0.070000000298023224,0,0,False,2,3,2022-01-01
706,2022-07-01,COD,2076,COD,3,0.75,0.5899999737739563,0.34999999999999998,0.28999999165534973,0.050000000000000003,0.059999998658895493,0,0,False,3,3,2022-01-01
716,2022-02-01,COD,2146,COD,3,0.80000000000000004,0.68999999761581421,0.45000000000000001,0.33000001311302185,0.050000000000000003,0.070000000298023224,0,0,False,3,3,2022-01-01
716,2022-06-01,COD,2147,COD,3,0.60000000000000009,0.73000001907348633,0.20000000000000001,0.34999999403953552,0,0.070000000298023224,0,0,False,3,3,2022-01-01
717,2022-02-01,COD,2154,COD,3,0.80000000000000004,0.68999999761581421,0.45000000000000001,0.34000000357627869,0.050000000000000003,0.070000000298023224,0,0,False,3,3,2022-01-01
717,2022-06-01,COD,2155,COD,3,0.60000000000000009,0.73000001907348633,0.20000000000000001,0.37000000476837158,0,0.079999998211860657,0,0,False,3,3,2022-01-01
726,2022-02-01,COD,2171,COD,3,0.80000000000000004,0.55000001192092896,0.45000000000000001,0.23999999463558197,0.050000000000000003,0.05000000074505806,0,0,False,3,3,2022-01-01
1215,2022-10-01,DJI,3183,DJI,2,0.20000000000000001,0.5899999737739563,0.050000000000000003,0.38999998569488525,0,0.079999998211860657,0,0,False,2,3,2022-01-01
2,2022-10-01,DOM,1,DOM,2,0.5,0.63999998569488525,0.15000000000000002,0.25,0.01,0.05000000074505806,0,0,False,2,3,2022-01-01
5,2022-10-01,DOM,2,DOM,2,0.55000000000000004,0.67000001668930054,0.17999999999999999,0.18999999761581421,0.02,0.05000000074505806,0,0,False,2,2,2022-01-01
9,2022-09-01,DOM,3,DOM,4,0.80000000000000004,0.63999998569488525,0.55000000000000004,0.20999999344348907,0.20000000000000001,0.05000000074505806,0,0,False,4,3,2022-01-01
1192,2022-10-01,ETH,3077,ETH,2,0.25,0.63999998569488525,0.10000000000000001,0.44999998807907104,0,0.079999998211860657,0,0,False,2,3,2022-01-01
1210,2022-07-01,ETH,3156,ETH,2,0.30000000000000004,0.61000001430511475,0.10000000000000001,0.43000000715255737,0,0.079999998211860657,0,0,False,2,3,2022-01-01
1234,2022-10-01,ETH,3283,ETH,2,0.20000000000000001,0.72000002861022949,0.050000000000000003,0.41999998688697815,0,0.10999999940395355,0,0,False,2,3,2022-01-01
1256,2022-10-01,ETH,3337,ETH,3,0.55000000000000004,0.73000001907348633,0.34999999999999998,0.38999998569488525,0.10000000000000001,0.10999999940395355,0,0,False,3,3,2022-01-01
1326,2022-05-01,ETH,3469,ETH,3,0.70000000000000007,0.56000000238418579,0.47999999999999998,0.34999999403953552,0.18000000000000002,0.059999998658895493,0.01,0,False,3,3,2022-01-01
1326,2022-07-01,ETH,3470,ETH,3,0.44999999999999996,0.56999999284744263,0.25,0.41999998688697815,0.10000000000000001,0.090000003576278687,0,0,False,3,3,2022-01-01
1327,2022-07-01,ETH,3473,ETH,3,0.44999999999999996,0.57999998331069946,0.25,0.43000000715255737,0.10000000000000001,0.10999999940395355,0,0,False,3,3,2022-01-01
58,2022-03-01,GTM,264,GTM,3,0.69999999999999996,0.57999998331069946,0.28999999999999998,0.25,0.040000000000000001,0.059999998658895493,0,0,False,3,3,2022-01-01
59,2022-03-01,GTM,277,GTM,3,0.69999999999999996,0.57999998331069946,0.28999999999999998,0.25,0.040000000000000001,0.059999998658895493,0,0,False,3,3,2022-01-01
67,2022-03-01,GTM,348,GTM,3,0.65000000000000002,0.54000002145767212,0.25,0.18999999761581421,0.029999999999999999,0.05000000074505806,0,0,False,3,2,2022-01-01
68,2022-03-01,GTM,358,GTM,3,0.65000000000000002,0.56000000238418579,0.25,0.20999999344348907,0.029999999999999999,0.059999998658895493,0,0,False,3,3,2022-01-01
69,2022-03-01,GTM,368,GTM,3,0.65000000000000002,0.56000000238418579,0.25,0.20999999344348907,0.029999999999999999,0.059999998658895493,0,0,False,3,3,2022-01-01
70,2022-03-01,GTM,378,GTM,3,0.65000000000000002,0.5899999737739563,0.25,0.25,0.02,0.05000000074505806,0,0,False,3,3,2022-01-01
71,2022-03-01,GTM,388,GTM,3,0.65000000000000002,0.57999998331069946,0.25,0.25,0.02,0.05000000074505806,0,0,False,3,3,2022-01-01
74,2022-03-01,GTM,418,GTM,2,0.44999999999999996,0.55000001192092896,0.14999999999999999,0.20000000298023224,0,0.059999998658895493,0,0,False,2,3,2022-01-01
75,2022-03-01,GTM,427,GTM,2,0.44999999999999996,0.54000002145767212,0.14999999999999999,0.2199999988079071,0,0.05000000074505806,0,0,False,2,3,2022-01-01
76,2022-03-01,GTM,436,GTM,2,0.44999999999999996,0.54000002145767212,0.14999999999999999,0.2199999988079071,0,0.05000000074505806,0,0,False,2,3,2022-01-01
78,2022-03-01,GTM,458,GTM,2,0.5,0.60000002384185791,0.15000000000000002,0.20000000298023224,0.01,0.05000000074505806,0,0,False,2,3,2022-01-01
79,2022-03-01,GTM,466,GTM,2,0.5,0.60000002384185791,0.15000000000000002,0.20000000298023224,0.01,0.05000000074505806,0,0,False,2,3,2022-01-01
80,2022-03-01,GTM,468,GTM,3,0.75,0.62000000476837158,0.28999999999999998,0.28999999165534973,0.040000000000000001,0.059999998658895493,0,0,False,3,3,2022-01-01
81,2022-03-01,GTM,470,GTM,3,0.75,0.62000000476837158,0.28999999999999998,0.28999999165534973,0.040000000000000001,0.059999998658895493,0,0,False,3,3,2022-01-01
82,2022-03-01,GTM,478,GTM,2,0.55000000000000004,0.5899999737739563,0.16999999999999998,0.20999999344348907,0.02,0.05000000074505806,0,0,False,2,3,2022-01-01
83,2022-03-01,GTM,486,GTM,2,0.55000000000000004,0.5899999737739563,0.16999999999999998,0.20999999344348907,0.02,0.05000000074505806,0,0,False,2,3,2022-01-01
86,2022-03-01,GTM,515,GTM,2,0.63,0.57999998331069946,0.14999999999999999,0.18000000715255737,0,0.05000000074505806,0,0,False,2,2,2022-01-01
87,2022-03-01,GTM,524,GTM,2,0.63,0.57999998331069946,0.14999999999999999,0.18000000715255737,0,0.05000000074505806,0,0,False,2,2,2022-01-01
90,2022-03-01,GTM,551,GTM,2,0.63,0.60000002384185791,0.18000000000000002,0.17000000178813934,0.01,0.05000000074505806,0,0,False,2,2,2022-01-01
91,2022-03-01,GTM,566,GTM,2,0.63,0.5899999737739563,0.18000000000000002,0.15999999642372131,0.01,0.05000000074505806,0,0,False,2,2,2022-01-01
92,2022-03-01,GTM,581,GTM,2,0.63,0.5899999737739563,0.18000000000000002,0.15999999642372131,0.01,0.05000000074505806,0,0,False,2,2,2022-01-01
93,2022-03-01,GTM,591,GTM,2,0.64000000000000001,0.60000002384185791,0.17999999999999999,0.18000000715255737,0.02,0.059999998658895493,0,0,False,2,2,2022-01-01
94,2022-03-01,GTM,601,GTM,2,0.64000000000000001,0.60000002384185791,0.17999999999999999,0.18000000715255737,0.02,0.059999998658895493,0,0,False,2,2,2022-01-01
99,2022-03-01,GTM,632,GTM,2,0.66000000000000003,0.57999998331069946,0.16,0.18000000715255737,0,0.05000000074505806,0,0,False,2,2,2022-01-01
100,2022-03-01,GTM,641,GTM,2,0.66000000000000003,0.57999998331069946,0.16,0.18000000715255737,0,0.05000000074505806,0,0,False,2,2,2022-01-01
109,2022-03-01,GTM,672,GTM,3,0.70000000000000007,0.57999998331069946,0.25,0.2199999988079071,0.02,0.059999998658895493,0,0,False,3,3,2022-01-01
110,2022-03-01,GTM,677,GTM,3,0.70000000000000007,0.57999998331069946,0.25,0.2199999988079071,0.02,0.059999998658895493,0,0,False,3,3,2022-01-01
111,2022-03-01,GTM,681,GTM,2,0.60000000000000009,0.5899999737739563,0.15000000000000002,0.20000000298023224,0.01,0.05000000074505806,0,0,False,2,3,2022-01-01
112,2022-03-01,GTM,685,GTM,2,0.60000000000000009,0.57999998331069946,0.15000000000000002,0.20000000298023224,0.01,0.05000000074505806,0,0,False,2,3,2022-01-01
113,2022-03-01,GTM,689,GTM,3,0.60000000000000009,0.56999999284744263,0.23000000000000001,0.23000000417232513,0.029999999999999999,0.059999998658895493,0,0,False,3,3,2022-01-01
114,2022-03-01,GTM,693,GTM,3,0.60000000000000009,0.56999999284744263,0.23000000000000001,0.23000000417232513,0.029999999999999999,0.059999998658895493,0,0,False,3,3,2022-01-01
38,2022-03-01,HND,66,HND,3,0.69999999999999996,0.69999998807907104,0.28999999999999998,0.23000000417232513,0.040000000000000001,0.070000000298023224,0,0,False,3,3,2022-01-01
41,2022-03-01,HND,92,HND,3,0.69999999999999996,0.69999998807907104,0.28999999999999998,0.25999999046325684,0.040000000000000001,0.079999998211860657,0,0,False,3,3,2022-01-01
42,2022-03-01,HND,105,HND,3,0.69999999999999996,0.67000001668930054,0.28999999999999998,0.25999999046325684,0.040000000000000001,0.070000000298023224,0,0,False,3,3,2022-01-01
48,2022-03-01,HND,161,HND,3,0.69999999999999996,0.64999997615814209,0.28999999999999998,0.23999999463558197,0.040000000000000001,0.05000000074505806,0,0,False,3,3,2022-01-01
49,2022-03-01,HND,172,HND,3,0.69999999999999996,0.63999998569488525,0.28999999999999998,0.25,0.040000000000000001,0.05000000074505806,0,0,False,3,3,2022-01-01
51,2022-03-01,HND,193,HND,3,0.65000000000000002,0.63999998569488525,0.25,0.25,0.029999999999999999,0.05000000074505806,0,0,False,3,3,2022-01-01
52,2022-03-01,HND,200,HND,3,0.65000000000000002,0.63999998569488525,0.25,0.25,0.029999999999999999,0.05000000074505806,0,0,False,3,3,2022-01-01
55,2022-03-01,HND,226,HND,3,0.65000000000000002,0.64999997615814209,0.25,0.23000000417232513,0.029999999999999999,0.059999998658895493,0,0,False,3,3,2022-01-01
56,2022-03-01,HND,240,HND,3,0.65000000000000002,0.64999997615814209,0.25,0.23999999463558197,0.029999999999999999,0.059999998658895493,0,0,False,3,3,2022-01-01
10,2022-09-01,HTI,6,HTI,4,0.84999999999999998,0.56000000238418579,0.59999999999999998,0.20000000298023224,0.25,0.059999998658895493,0,0,False,4,3,2022-01-01
10,2022-10-01,HTI,7,HTI,3,0.65000000000000002,0.50999999046325684,0.22,0.25,0.01,0.059999998658895493,0,0,False,3,3,2022-01-01
11,2022-09-01,HTI,11,HTI,4,0.84999999999999998,0.56000000238418579,0.59999999999999998,0.18000000715255737,0.25,0.059999998658895493,0,0,False,4,2,2022-01-01
11,2022-10-01,HTI,12,HTI,3,0.65000000000000002,0.50999999046325684,0.22,0.23000000417232513,0.01,0.059999998658895493,0,0,False,3,3,2022-01-01
12,2022-09-01,HTI,16,HTI,4,0.84999999999999998,0.56000000238418579,0.59999999999999998,0.18000000715255737,0.25,0.059999998658895493,0,0,False,4,2,2022-01-01
12,2022-10-01,HTI,17,HTI,3,0.65000000000000002,0.50999999046325684,0.22,0.23000000417232513,0.01,0.059999998658895493,0,0,False,3,3,2022-01-01
13,2022-09-01,HTI,19,HTI,3,0.75,0.54000002145767212,0.5,0.20999999344348907,0.14999999999999999,0.070000000298023224,0,0,False,3,3,2022-01-01
16,2022-10-01,HTI,22,HTI,2,0.59999999999999998,0.49000000953674316,0.14999999999999999,0.25,0,0.070000000298023224,0,0,False,2,3,2022-01-01
19,2022-10-01,HTI,27,HTI,3,0.65000000000000002,0.51999998092651367,0.22,0.23000000417232513,0.01,0.070000000298023224,0,0,False,3,3,2022-01-01
20,2022-10-01,HTI,30,HTI,3,0.65000000000000002,0.51999998092651367,0.22,0.23000000417232513,0.01,0.070000000298023224,0,0,False,3,3,2022-01-01
21,2022-09-01,HTI,31,HTI,3,0.75,0.56999999284744263,0.44999999999999996,0.18999999761581421,0.14999999999999999,0.059999998658895493,0,0,False,3,2,2022-01-01
21,2022-10-01,HTI,32,HTI,3,0.65000000000000002,0.50999999046325684,0.22,0.2199999988079071,0.01,0.070000000298023224,0,0,False,3,3,2022-01-01
22,2022-09-01,HTI,33,HTI,3,0.75,0.56999999284744263,0.44999999999999996,0.18999999761581421,0.14999999999999999,0.059999998658895493,0,0,False,3,2,2022-01-01
22,2022-10-01,HTI,34,HTI,3,0.65000000000000002,0.50999999046325684,0.22,0.2199999988079071,0.01,0.070000000298023224,0,0,False,3,3,2022-01-01
957,2022-07-01,KEN,2727,KEN,2,0.25,0.5,0.050000000000000003,0.12999999523162842,0,0.039999999105930328,0,0,False,2,2,2022-01-01
994,2022-02-01,KEN,2765,KEN,2,0.20000000000000001,0.43999999761581421,0.050000000000000003,0.20999999344348907,0,0.059999998658895493,0,0,False,2,3,2022-01-01
994,2022-06-01,KEN,2766,KEN,2,0.5,0.50999999046325684,0.14999999999999999,0.2199999988079071,0,0.05000000074505806,0,0,False,2,3,2022-01-01
995,2022-02-01,KEN,2769,KEN,2,0.20000000000000001,0.43999999761581421,0.050000000000000003,0.2199999988079071,0,0.059999998658895493,0,0,False,2,3,2022-01-01
995,2022-06-01,KEN,2770,KEN,2,0.5,0.5,0.14999999999999999,0.20000000298023224,0,0.05000000074505806,0,0,False,2,3,2022-01-01
1003,2022-02-01,KEN,2781,KEN,3,0.74999999999999989,0.5899999737739563,0.40000000000000002,0.25999999046325684,0.10000000000000001,0.070000000298023224,0,0,False,3,3,2022-01-01
1003,2022-03-01,KEN,2782,KEN,3,0.79999999999999993,0.63999998569488525,0.5,0.31000000238418579,0.14999999999999999,0.070000000298023224,0,0,False,3,3,2022-01-01
1003,2022-07-01,KEN,2783,KEN,3,0.90000000000000002,0.63999998569488525,0.5,0.23999999463558197,0.14999999999999999,0.070000000298023224,0,0,False,3,3,2022-01-01
1005,2022-02-01,KEN,2787,KEN,3,0.74999999999999989,0.62000000476837158,0.40000000000000002,0.27000001072883606,0.10000000000000001,0.070000000298023224,0,0,False,3,3,2022-01-01
1005,2022-03-01,KEN,2788,KEN,3,0.79999999999999993,0.63999998569488525,0.5,0.30000001192092896,0.14999999999999999,0.079999998211860657,0,0,False,3,3,2022-01-01
1005,2022-07-01,KEN,2789,KEN,3,0.90000000000000002,0.6600000262260437,0.5,0.23000000417232513,0.14999999999999999,0.079999998211860657,0,0,False,3,3,2022-01-01
1011,2022-02-01,KEN,2796,KEN,3,0.69999999999999996,0.44999998807907104,0.34999999999999998,0.20000000298023224,0.050000000000000003,0.059999998658895493,0,0,False,3,3,2022-01-01
1011,2022-03-01,KEN,2797,KEN,3,0.60000000000000009,0.47999998927116394,0.29999999999999999,0.20999999344348907,0.050000000000000003,0.059999998658895493,0,0,False,3,3,2022-01-01
1011,2022-06-01,KEN,2798,KEN,2,0.5,0.50999999046325684,0.14999999999999999,0.20000000298023224,0,0.059999998658895493,0,0,False,2,3,2022-01-01
1011,2022-07-01,KEN,2799,KEN,3,0.69999999999999996,0.5,0.39999999999999997,0.20000000298023224,0.050000000000000003,0.059999998658895493,0,0,False,3,3,2022-01-01
1032,2022-02-01,KEN,2815,KEN,3,0.69999999999999996,0.38999998569488525,0.34999999999999998,0.18000000715255737,0.050000000000000003,0.059999998658895493,0,0,False,3,2,2022-01-01
1032,2022-03-01,KEN,2816,KEN,3,0.60000000000000009,0.47999998927116394,0.29999999999999999,0.20000000298023224,0.050000000000000003,0.059999998658895493,0,0,False,3,3,2022-01-01
1032,2022-06-01,KEN,2817,KEN,2,0.5,0.50999999046325684,0.14999999999999999,0.2199999988079071,0,0.05000000074505806,0,0,False,2,3,2022-01-01
1033,2022-02-01,KEN,2820,KEN,3,0.69999999999999996,0.37000000476837158,0.34999999999999998,0.2199999988079071,0.050000000000000003,0.059999998658895493,0,0,False,3,3,2022-01-01
1033,2022-03-01,KEN,2821,KEN,3,0.60000000000000009,0.49000000953674316,0.29999999999999999,0.20999999344348907,0.050000000000000003,0.059999998658895493,0,0,False,3,3,2022-01-01
1033,2022-06-01,KEN,2822,KEN,2,0.5,0.50999999046325684,0.14999999999999999,0.20000000298023224,0,0.059999998658895493,0,0,False,2,3,2022-01-01
1046,2022-02-01,KEN,2831,KEN,2,0.59999999999999998,0.51999998092651367,0.10000000000000001,0.2199999988079071,0,0.05000000074505806,0,0,False,2,3,2022-01-01
1046,2022-07-01,KEN,2832,KEN,3,0.70000000000000007,0.4699999988079071,0.25,0.18999999761581421,0.050000000000000003,0.05000000074505806,0,0,False,3,2,2022-01-01
1047,2022-02-01,KEN,2835,KEN,2,0.59999999999999998,0.50999999046325684,0.10000000000000001,0.20999999344348907,0,0.05000000074505806,0,0,False,2,3,2022-01-01
1047,2022-07-01,KEN,2836,KEN,3,0.70000000000000007,0.4699999988079071,0.25,0.18000000715255737,0.050000000000000003,0.05000000074505806,0,0,False,3,2,2022-01-01
1048,2022-07-01,KEN,2837,KEN,2,0.59999999999999998,0.51999998092651367,0.14999999999999999,0.18999999761581421,0,0.05000000074505806,0,0,False,2,2,2022-01-01
1048,2022-10-01,KEN,2838,KEN,3,0.60000000000000009,0.52999997138977051,0.25,0.15999999642372131,0.050000000000000003,0.05000000074505806,0,0,False,3,2,2022-01-01
1049,2022-10-01,KEN,2839,KEN,3,0.60000000000000009,0.52999997138977051,0.25,0.25999999046325684,0.050000000000000003,0.059999998658895493,0,0,False,3,3,2022-01-01
1050,2022-10-01,KEN,2840,KEN,3,0.60000000000000009,0.52999997138977051,0.25,0.25999999046325684,0.050000000000000003,0.059999998658895493,0,0,False,3,3,2022-01-01
1059,2022-02-01,KEN,2848,KEN,3,0.75,0.56999999284744263,0.34999999999999998,0.25,0.10000000000000001,0.05000000074505806,0,0,False,3,3,2022-01-01
1059,2022-07-01,KEN,2849,KEN,3,0.84999999999999998,0.56000000238418579,0.44999999999999996,0.23999999463558197,0.14999999999999999,0.05000000074505806,0,0,False,3,3,2022-01-01
1060,2022-02-01,KEN,2851,KEN,3,0.75,0.55000001192092896,0.34999999999999998,0.25,0.10000000000000001,0.05000000074505806,0,0,False,3,3,2022-01-01
1060,2022-07-01,KEN,2852,KEN,3,0.84999999999999998,0.56000000238418579,0.44999999999999996,0.23999999463558197,0.14999999999999999,0.05000000074505806,0,0,False,3,3,2022-01-01
1061,2022-07-01,KEN,2857,KEN,2,0.49999999999999994,0.47999998927116394,0.15000000000000002,0.20999999344348907,0.050000000000000003,0.059999998658895493,0,0,False,2,3,2022-01-01
1068,2022-02-01,KEN,2865,KEN,3,0.90000000000000002,0.61000001430511475,0.5,0.28999999165534973,0.14999999999999999,0.070000000298023224,0,0,False,3,3,2022-01-01
1068,2022-07-01,KEN,2866,KEN,3,0.90000000000000002,0.5899999737739563,0.44999999999999996,0.23999999463558197,0.10000000000000001,0.059999998658895493,0,0,False,3,3,2022-01-01
1071,2022-02-01,KEN,2870,KEN,3,0.90000000000000002,0.5899999737739563,0.5,0.27000001072883606,0.14999999999999999,0.070000000298023224,0,0,False,3,3,2022-01-01
1071,2022-07-01,KEN,2871,KEN,3,0.90000000000000002,0.56999999284744263,0.44999999999999996,0.23000000417232513,0.10000000000000001,0.059999998658895493,0,0,False,3,3,2022-01-01
1097,2022-02-01,KEN,2878,KEN,3,0.45000000000000001,0.50999999046325684,0.20000000000000001,0.20999999344348907,0.050000000000000003,0.05000000074505806,0,0,False,3,3,2022-01-01
1099,2022-02-01,KEN,2879,KEN,3,0.45000000000000001,0.50999999046325684,0.20000000000000001,0.20000000298023224,0.050000000000000003,0.05000000074505806,0,0,False,3,3,2022-01-01
1102,2022-02-01,KEN,2882,KEN,3,0.75,0.62000000476837158,0.29999999999999999,0.30000001192092896,0.050000000000000003,0.070000000298023224,0,0,False,3,3,2022-01-01
1102,2022-07-01,KEN,2883,KEN,3,0.79999999999999993,0.57999998331069946,0.5,0.25999999046325684,0.14999999999999999,0.059999998658895493,0,0,False,3,3,2022-01-01
1103,2022-02-01,KEN,2886,KEN,3,0.75,0.62999999523162842,0.29999999999999999,0.30000001192092896,0.050000000000000003,0.070000000298023224,0,0,False,3,3,2022-01-01
1103,2022-07-01,KEN,2887,KEN,3,0.79999999999999993,0.5899999737739563,0.5,0.25999999046325684,0.14999999999999999,0.059999998658895493,0,0,False,3,3,2022-01-01
1157,2022-02-01,KEN,2943,KEN,3,0.85000000000000009,0.55000001192092896,0.34999999999999998,0.2800000011920929,0.050000000000000003,0.059999998658895493,0,0,False,3,3,2022-01-01
1157,2022-07-01,KEN,2944,KEN,3,0.90000000000000002,0.51999998092651367,0.44999999999999996,0.23000000417232513,0.10000000000000001,0.059999998658895493,0,0,False,3,3,2022-01-01
1157,2022-10-01,KEN,2945,KEN,2,0.25,0.56000000238418579,0.10000000000000001,0.34000000357627869,0,0.079999998211860657,0,0,False,2,3,2022-01-01
1158,2022-02-01,KEN,2953,KEN,3,0.85000000000000009,0.52999997138977051,0.34999999999999998,0.2800000011920929,0.050000000000000003,0.059999998658895493,0,0,False,3,3,2022-01-01
1158,2022-07-01,KEN,2954,KEN,3,0.90000000000000002,0.5,0.44999999999999996,0.23000000417232513,0.10000000000000001,0.059999998658895493,0,0,False,3,3,2022-01-01
1158,2022-10-01,KEN,2955,KEN,2,0.25,0.55000001192092896,0.10000000000000001,0.34000000357627869,0,0.079999998211860657,0,0,False,2,3,2022-01-01
1160,2022-01-01,KEN,2967,KEN,3,0.46999999999999997,0.46000000834465027,0.23000000000000001,0.23999999463558197,0.040000000000000001,0.059999998658895493,0,0,False,3,3,2022-01-01
1160,2022-02-01,KEN,2968,KEN,3,0.55000000000000004,0.49000000953674316,0.25,0.2199999988079071,0.050000000000000003,0.059999998658895493,0,0,False,3,3,2022-01-01
1160,2022-05-01,KEN,2969,KEN,3,0.67000000000000004,0.4699999988079071,0.41000000000000003,0.20000000298023224,0.13,0.05000000074505806,0,0,False,3,3,2022-01-01
1160,2022-07-01,KEN,2970,KEN,3,0.70000000000000007,0.50999999046325684,0.44999999999999996,0.20999999344348907,0.14999999999999999,0.05000000074505806,0,0,False,3,3,2022-01-01
1160,2022-10-01,KEN,2971,KEN,1,0.15000000000000002,0.56000000238418579,0.050000000000000003,0.20999999344348907,0,0.070000000298023224,0,0,False,1,3,2022-01-01
1161,2022-01-01,KEN,2983,KEN,3,0.46999999999999997,0.47999998927116394,0.23000000000000001,0.2199999988079071,0.040000000000000001,0.059999998658895493,0,0,False,3,3,2022-01-01
1161,2022-02-01,KEN,2984,KEN,3,0.55000000000000004,0.51999998092651367,0.25,0.2199999988079071,0.050000000000000003,0.059999998658895493,0,0,False,3,3,2022-01-01
1161,2022-05-01,KEN,2985,KEN,3,0.67000000000000004,0.47999998927116394,0.41000000000000003,0.20000000298023224,0.13,0.059999998658895493,0,0,False,3,3,2022-01-01
1161,2022-07-01,KEN,2986,KEN,3,0.70000000000000007,0.5,0.44999999999999996,0.20000000298023224,0.14999999999999999,0.059999998658895493,0,0,False,3,3,2022-01-01
1161,2022-10-01,KEN,2987,KEN,1,0.15000000000000002,0.56000000238418579,0.050000000000000003,0.20999999344348907,0,0.079999998211860657,0,0,False,1,3,2022-01-01
1173,2022-01-01,KEN,2997,KEN,2,0.40000000000000002,0.5899999737739563,0.13,0.27000001072883606,0,0.059999998658895493,0,0,False,2,3,2022-01-01
1173,2022-02-01,KEN,2998,KEN,3,0.69999999999999996,0.60000002384185791,0.34999999999999998,0.25999999046325684,0.10000000000000001,0.059999998658895493,0,0,False,3,3,2022-01-01
1173,2022-07-01,KEN,2999,KEN,3,0.75,0.55000001192092896,0.44999999999999996,0.25999999046325684,0.14999999999999999,0.059999998658895493,0,0,False,3,3,2022-01-01
1173,2022-10-01,KEN,3000,KEN,2,0.25,0.62999999523162842,0.10000000000000001,0.33000001311302185,0,0.079999998211860657,0,0,False,2,3,2022-01-01
997,2022-09-01,LBN,2774,LBN,3,0.84999999999999998,0.64999997615814209,0.44999999999999996,0.33000001311302185,0.10000000000000001,0.10000000149011612,0,0,False,3,3,2022-01-01
1001,2022-09-01,LBN,2777,LBN,3,0.85000000000000009,0.62999999523162842,0.39999999999999997,0.28999999165534973,0.050000000000000003,0.10999999940395355,0,0,False,3,3,2022-01-01
1008,2022-09-01,LBN,2791,LBN,3,0.75,0.67000001668930054,0.29999999999999999,0.31000000238418579,0.050000000000000003,0.10999999940395355,0,0,False,3,3,2022-01-01
1016,2022-09-01,LBN,2806,LBN,3,0.85000000000000009,0.67000001668930054,0.39999999999999997,0.37999999523162842,0.050000000000000003,0.10999999940395355,0,0,False,3,3,2022-01-01
1017,2022-09-01,LBN,2807,LBN,3,0.80000000000000004,0.67000001668930054,0.34999999999999998,0.34999999403953552,0.050000000000000003,0.10000000149011612,0,0,False,3,3,2022-01-01
1020,2022-09-01,LBN,2808,LBN,3,0.84999999999999998,0.60000002384185791,0.44999999999999996,0.30000001192092896,0.10000000000000001,0.11999999731779099,0,0,False,3,3,2022-01-01
1023,2022-09-01,LBN,2809,LBN,2,0.70000000000000007,0.60000002384185791,0.14999999999999999,0.28999999165534973,0,0.12999999523162842,0,0,False,2,3,2022-01-01
1038,2022-09-01,LBN,2824,LBN,3,0.90000000000000002,0.61000001430511475,0.55000000000000004,0.31999999284744263,0.10000000000000001,0.10999999940395355,0,0,False,3,3,2022-01-01
1039,2022-09-01,LBN,2825,LBN,3,0.90000000000000002,0.62999999523162842,0.5,0.36000001430511475,0.10000000000000001,0.10000000149011612,0,0,False,3,3,2022-01-01
1448,2022-11-01,MDG,3738,MDG,3,0.79999999999999993,0.5,0.55000000000000004,0.25,0.10000000000000001,0.05000000074505806,0,0,False,3,3,2022-01-01
1449,2022-11-01,MDG,3740,MDG,3,0.79999999999999993,0.5,0.55000000000000004,0.25,0.10000000000000001,0.05000000074505806,0,0,False,3,3,2022-01-01
1580,2022-04-01,MDG,4183,MDG,3,0.85000000000000009,0.56000000238418579,0.45000000000000001,0.20999999344348907,0.050000000000000003,0.059999998658895493,0,0,False,3,3,2022-01-01
1580,2022-11-01,MDG,4184,MDG,3,0.90000000000000013,0.56000000238418579,0.5,0.25999999046325684,0.050000000000000003,0.05000000074505806,0,0,False,3,3,2022-01-01
1581,2022-04-01,MDG,4186,MDG,3,0.85000000000000009,0.57999998331069946,0.45000000000000001,0.20999999344348907,0.050000000000000003,0.059999998658895493,0,0,False,3,3,2022-01-01
1581,2022-11-01,MDG,4187,MDG,3,0.90000000000000013,0.52999997138977051,0.5,0.23999999463558197,0.050000000000000003,0.05000000074505806,0,0,False,3,3,2022-01-01
1582,2022-04-01,MDG,4189,MDG,3,0.85000000000000009,0.57999998331069946,0.45000000000000001,0.20999999344348907,0.050000000000000003,0.059999998658895493,0,0,False,3,3,2022-01-01
1582,2022-11-01,MDG,4190,MDG,3,0.90000000000000013,0.52999997138977051,0.5,0.23999999463558197,0.050000000000000003,0.05000000074505806,0,0,False,3,3,2022-01-01
1590,2022-04-01,MDG,4215,MDG,2,0.70000000000000007,0.55000001192092896,0.14999999999999999,0.18999999761581421,0,0.05000000074505806,0,0,False,2,2,2022-01-01
1591,2022-04-01,MDG,4219,MDG,2,0.70000000000000007,0.55000001192092896,0.14999999999999999,0.18999999761581421,0,0.05000000074505806,0,0,False,2,2,2022-01-01
1659,2022-08-01,MDG,4418,MDG,3,0.75,0.47999998927116394,0.34999999999999998,0.17000000178813934,0.050000000000000003,0.039999999105930328,0,0,False,3,2,2022-01-01
1660,2022-08-01,MDG,4419,MDG,3,0.75,0.47999998927116394,0.34999999999999998,0.17000000178813934,0.050000000000000003,0.039999999105930328,0,0,False,3,2,2022-01-01
1665,2022-08-01,MDG,4445,MDG,2,0.75,0.44999998807907104,0.14999999999999999,0.18999999761581421,0,0.039999999105930328,0,0,False,2,2,2022-01-01
1666,2022-08-01,MDG,4447,MDG,2,0.75,0.44999998807907104,0.14999999999999999,0.18999999761581421,0,0.039999999105930328,0,0,False,2,2,2022-01-01
1668,2022-08-01,MDG,4460,MDG,3,0.69999999999999996,0.52999997138977051,0.25,0.18000000715255737,0,0.039999999105930328,0,0,False,3,2,2022-01-01
1669,2022-08-01,MDG,4462,MDG,3,0.69999999999999996,0.52999997138977051,0.25,0.18000000715255737,0,0.039999999105930328,0,0,False,3,2,2022-01-01
1670,2022-08-01,MDG,4464,MDG,3,0.69999999999999996,0.52999997138977051,0.25,0.18000000715255737,0,0.039999999105930328,0,0,False,3,2,2022-01-01
1686,2022-08-01,MDG,4525,MDG,3,0.75,0.50999999046325684,0.34999999999999998,0.17000000178813934,0.050000000000000003,0.039999999105930328,0,0,False,3,2,2022-01-01
1687,2022-08-01,MDG,4526,MDG,3,0.75,0.50999999046325684,0.34999999999999998,0.17000000178813934,0.050000000000000003,0.039999999105930328,0,0,False,3,2,2022-01-01
983,2022-06-01,MOZ,2760,MOZ,3,0.59999999999999998,0.47999998927116394,0.25,0.2199999988079071,0,0.070000000298023224,0,0,False,3,3,2022-01-01
984,2022-06-01,MOZ,2761,MOZ,3,0.59999999999999998,0.50999999046325684,0.25,0.27000001072883606,0,0.070000000298023224,0,0,False,3,3,2022-01-01
985,2022-06-01,MOZ,2762,MOZ,3,0.59999999999999998,0.50999999046325684,0.25,0.28999999165534973,0,0.070000000298023224,0,0,False,3,3,2022-01-01
1107,2022-10-01,MOZ,2888,MOZ,2,0.65000000000000002,0.47999998927116394,0.15000000000000002,0.17000000178813934,0.050000000000000003,0.059999998658895493,0,0,False,2,2,2022-01-01
1112,2022-10-01,MOZ,2889,MOZ,2,0.34999999999999998,0.50999999046325684,0.050000000000000003,0.20999999344348907,0,0.059999998658895493,0,0,False,2,3,2022-01-01
1113,2022-10-01,MOZ,2890,MOZ,2,0.34999999999999998,0.5,0.050000000000000003,0.20999999344348907,0,0.059999998658895493,0,0,False,2,3,2022-01-01
1114,2022-10-01,MOZ,2891,MOZ,2,0.34999999999999998,0.50999999046325684,0.050000000000000003,0.2199999988079071,0,0.059999998658895493,0,0,False,2,3,2022-01-01
1124,2022-10-01,MOZ,2899,MOZ,2,0.65000000000000002,0.38999998569488525,0.14999999999999999,0.18000000715255737,0,0.059999998658895493,0,0,False,2,2,2022-01-01
1128,2022-10-01,MOZ,2903,MOZ,2,0.65000000000000002,0.46000000834465027,0.14999999999999999,0.18999999761581421,0,0.059999998658895493,0,0,False,2,2,2022-01-01
1131,2022-10-01,MOZ,2911,MOZ,3,0.80000000000000004,0.5,0.39999999999999997,0.20999999344348907,0.050000000000000003,0.059999998658895493,0,0,False,3,3,2022-01-01
1145,2022-10-01,MOZ,2919,MOZ,3,0.65000000000000002,0.52999997138977051,0.20000000000000001,0.2199999988079071,0.050000000000000003,0.059999998658895493,0,0,False,3,3,2022-01-01
1146,2022-10-01,MOZ,2921,MOZ,3,0.65000000000000002,0.50999999046325684,0.20000000000000001,0.20999999344348907,0.050000000000000003,0.059999998658895493,0,0,False,3,3,2022-01-01
1148,2022-10-01,MOZ,2922,MOZ,3,0.84999999999999998,0.56000000238418579,0.5,0.23999999463558197,0.14999999999999999,0.059999998658895493,0,0,False,3,3,2022-01-01
1150,2022-10-01,MOZ,2923,MOZ,3,0.84999999999999998,0.52999997138977051,0.5,0.25,0.14999999999999999,0.059999998658895493,0,0,False,3,3,2022-01-01
1151,2022-10-01,MOZ,2926,MOZ,3,0.80000000000000004,0.50999999046325684,0.39999999999999997,0.20999999344348907,0.050000000000000003,0.059999998658895493,0,0,False,3,3,2022-01-01
1152,2022-10-01,MOZ,2929,MOZ,3,0.80000000000000004,0.50999999046325684,0.39999999999999997,0.20999999344348907,0.050000000000000003,0.059999998658895493,0,0,False,3,3,2022-01-01
1154,2022-10-01,MOZ,2933,MOZ,3,0.80000000000000004,0.5,0.39999999999999997,0.18999999761581421,0.050000000000000003,0.059999998658895493,0,0,False,3,2,2022-01-01
915,2022-10-01,MWI,2621,MWI,2,0.5,0.57999998331069946,0.10000000000000001,0.20999999344348907,0,0.059999998658895493,0,0,False,2,3,2022-01-01
921,2022-10-01,MWI,2631,MWI,2,0.30000000000000004,0.56000000238418579,0.029999999999999999,0.18999999761581421,0,0.059999998658895493,0,0,False,2,2,2022-01-01
1760,2022-07-01,PAK,4755,PAK,3,0.65000000000000013,0.74000000953674316,0.25,0.31000000238418579,0.050000000000000003,0.090000003576278687,0,0,False,3,3,2022-01-01
1770,2022-07-01,PAK,4812,PAK,3,0.60000000000000009,0.76999998092651367,0.29999999999999999,0.37000000476837158,0.050000000000000003,0.090000003576278687,0,0,False,3,3,2022-01-01
1771,2022-07-01,PAK,4815,PAK,3,0.60000000000000009,0.75999999046325684,0.25,0.37000000476837158,0.050000000000000003,0.090000003576278687,0,0,False,3,3,2022-01-01
1781,2022-07-01,PAK,4889,PAK,3,0.65000000000000002,0.75,0.30000000000000004,0.33000001311302185,0.10000000000000001,0.090000003576278687,0,0,False,3,3,2022-01-01
1784,2022-07-01,PAK,4909,PAK,3,0.75,0.75,0.40000000000000002,0.33000001311302185,0.14999999999999999,0.079999998211860657,0,0,False,3,3,2022-01-01
1787,2022-07-01,PAK,4924,PAK,3,0.59999999999999998,0.73000001907348633,0.30000000000000004,0.34000000357627869,0.10000000000000001,0.079999998211860657,0,0,False,3,3,2022-01-01
1788,2022-07-01,PAK,4925,PAK,2,0.65000000000000002,0.68000000715255737,0.15000000000000002,0.33000001311302185,0.050000000000000003,0.079999998211860657,0,0,False,2,3,2022-01-01
1792,2022-07-01,PAK,4946,PAK,3,0.59999999999999998,0.68000000715255737,0.30000000000000004,0.40000000596046448,0.10000000000000001,0.079999998211860657,0,0,False,3,3,2022-01-01
1794,2022-07-01,PAK,4958,PAK,2,0.5,0.69999998807907104,0.14999999999999999,0.34000000357627869,0,0.079999998211860657,0,0,False,2,3,2022-01-01
1808,2022-07-01,PAK,5054,PAK,3,0.69999999999999996,0.72000002861022949,0.40000000000000002,0.36000001430511475,0.10000000000000001,0.090000003576278687,0,0,False,3,3,2022-01-01
1809,2022-07-01,PAK,5059,PAK,3,0.60000000000000009,0.62999999523162842,0.29999999999999999,0.33000001311302185,0.050000000000000003,0.090000003576278687,0,0,False,3,3,2022-01-01
1814,2022-07-01,PAK,5099,PAK,3,0.60000000000000009,0.68999999761581421,0.29999999999999999,0.33000001311302185,0.050000000000000003,0.079999998211860657,0,0,False,3,3,2022-01-01
1826,2022-03-01,PAK,5188,PAK,3,0.90000000000000002,0.57999998331069946,0.5,0.37999999523162842,0.14999999999999999,0.10000000149011612,0,0,False,3,3,2022-01-01
1826,2022-07-01,PAK,5189,PAK,3,0.60000000000000009,0.64999997615814209,0.29999999999999999,0.43000000715255737,0.050000000000000003,0.090000003576278687,0,0,False,3,3,2022-01-01
1826,2022-09-01,PAK,5190,PAK,3,0.84999999999999998,0.6600000262260437,0.44999999999999996,0.40000000596046448,0.14999999999999999,0.10999999940395355,0,0,False,3,3,2022-01-01
1827,2022-03-01,PAK,5199,PAK,3,0.90000000000000002,0.57999998331069946,0.5,0.37999999523162842,0.14999999999999999,0.10000000149011612,0,0,False,3,3,2022-01-01
1827,2022-07-01,PAK,5200,PAK,3,0.60000000000000009,0.6600000262260437,0.29999999999999999,0.43000000715255737,0.050000000000000003,0.090000003576278687,0,0,False,3,3,2022-01-01
1827,2022-09-01,PAK,5201,PAK,3,0.84999999999999998,0.6600000262260437,0.44999999999999996,0.40000000596046448,0.14999999999999999,0.10999999940395355,0,0,False,3,3,2022-01-01
1835,2022-03-01,PAK,5260,PAK,3,0.79999999999999993,0.64999997615814209,0.40000000000000002,0.38999998569488525,0.10000000000000001,0.079999998211860657,0,0,False,3,3,2022-01-01
1835,2022-07-01,PAK,5261,PAK,3,0.65000000000000013,0.75,0.25,0.44999998807907104,0.050000000000000003,0.079999998211860657,0,0,False,3,3,2022-01-01
1835,2022-09-01,PAK,5262,PAK,3,0.75,0.75,0.25,0.43000000715255737,0.050000000000000003,0.10000000149011612,0,0,False,3,3,2022-01-01
1836,2022-03-01,PAK,5271,PAK,3,0.79999999999999993,0.64999997615814209,0.40000000000000002,0.37000000476837158,0.10000000000000001,0.079999998211860657,0,0,False,3,3,2022-01-01
1836,2022-07-01,PAK,5272,PAK,3,0.65000000000000013,0.74000000953674316,0.25,0.43000000715255737,0.050000000000000003,0.079999998211860657,0,0,False,3,3,2022-01-01
1836,2022-09-01,PAK,5273,PAK,3,0.75,0.75,0.25,0.40999999642372131,0.050000000000000003,0.10000000149011612,0,0,False,3,3,2022-01-01
1845,2022-09-01,PAK,5333,PAK,3,0.75,0.75999999046325684,0.25,0.43000000715255737,0.050000000000000003,0.10000000149011612,0,0,False,3,3,2022-01-01
1846,2022-09-01,PAK,5336,PAK,3,0.75,0.75999999046325684,0.25,0.43000000715255737,0.050000000000000003,0.10000000149011612,0,0,False,3,3,2022-01-01
1865,2022-03-01,PAK,5477,PAK,3,0.79999999999999993,0.57999998331069946,0.44999999999999996,0.37999999523162842,0.14999999999999999,0.10000000149011612,0,0,False,3,3,2022-01-01
1865,2022-07-01,PAK,5478,PAK,3,0.65000000000000013,0.75,0.25,0.40000000596046448,0.050000000000000003,0.10000000149011612,0,0,False,3,3,2022-01-01
1865,2022-09-01,PAK,5479,PAK,3,0.79999999999999993,0.74000000953674316,0.44999999999999996,0.37999999523162842,0.10000000000000001,0.10999999940395355,0,0,False,3,3,2022-01-01
1866,2022-03-01,PAK,5487,PAK,3,0.79999999999999993,0.57999998331069946,0.44999999999999996,0.37999999523162842,0.14999999999999999,0.10000000149011612,0,0,False,3,3,2022-01-01
1866,2022-07-01,PAK,5488,PAK,3,0.65000000000000013,0.74000000953674316,0.25,0.40000000596046448,0.050000000000000003,0.10000000149011612,0,0,False,3,3,2022-01-01
1866,2022-09-01,PAK,5489,PAK,3,0.79999999999999993,0.73000001907348633,0.44999999999999996,0.37999999523162842,0.10000000000000001,0.10999999940395355,0,0,False,3,3,2022-01-01
1871,2022-09-01,PAK,5530,PAK,3,0.75,0.73000001907348633,0.34999999999999998,0.38999998569488525,0.10000000000000001,0.11999999731779099,0,0,False,3,3,2022-01-01
1872,2022-09-01,PAK,5535,PAK,3,0.75,0.73000001907348633,0.34999999999999998,0.37999999523162842,0.10000000000000001,0.11999999731779099,0,0,False,3,3,2022-01-01
1875,2022-03-01,PAK,5561,PAK,3,0.79999999999999993,0.64999997615814209,0.44999999999999996,0.38999998569488525,0.10000000000000001,0.11999999731779099,0,0,False,3,3,2022-01-01
1875,2022-07-01,PAK,5562,PAK,3,0.65000000000000002,0.75999999046325684,0.25,0.40999999642372131,0.10000000000000001,0.11999999731779099,0,0,False,3,3,2022-01-01
1875,2022-09-01,PAK,5563,PAK,3,0.75,0.72000002861022949,0.34999999999999998,0.38999998569488525,0.10000000000000001,0.11999999731779099,0,0,False,3,3,2022-01-01
1876,2022-03-01,PAK,5572,PAK,3,0.79999999999999993,0.63999998569488525,0.44999999999999996,0.37999999523162842,0.10000000000000001,0.11999999731779099,0,0,False,3,3,2022-01-01
1876,2022-07-01,PAK,5573,PAK,3,0.65000000000000002,0.75999999046325684,0.25,0.40000000596046448,0.10000000000000001,0.11999999731779099,0,0,False,3,3,2022-01-01
1876,2022-09-01,PAK,5574,PAK,3,0.75,0.72000002861022949,0.34999999999999998,0.37999999523162842,0.10000000000000001,0.11999999731779099,0,0,False,3,3,2022-01-01
793,2022-02-01,SDN,2379,SDN,3,0.74999999999999989,0.63999998569488525,0.40000000000000002,0.4699999988079071,0.10000000000000001,0.10000000149011612,0,0,False,3,3,2022-01-01
825,2022-04-01,SDN,2461,SDN,3,0.70000000000000007,0.77999997138977051,0.30000000000000004,0.44999998807907104,0.10000000000000001,0.12999999523162842,0,0,False,3,3,2022-01-01
828,2022-04-01,SDN,2464,SDN,3,0.45000000000000001,0.76999998092651367,0.20000000000000001,0.56000000238418579,0.050000000000000003,0.11999999731779099,0,0,False,3,3,2022-01-01
829,2022-04-01,SDN,2467,SDN,3,0.45000000000000001,0.76999998092651367,0.20000000000000001,0.56000000238418579,0.050000000000000003,0.11999999731779099,0,0,False,3,3,2022-01-01
45,2022-03-01,SLV,131,SLV,3,0.65000000000000002,0.63999998569488525,0.25,0.23999999463558197,0.029999999999999999,0.059999998658895493,0,0,False,3,3,2022-01-01
47,2022-03-01,SLV,150,SLV,3,0.65000000000000002,0.64999997615814209,0.25,0.23999999463558197,0.029999999999999999,0.059999998658895493,0,0,False,3,3,2022-01-01
50,2022-03-01,SLV,186,SLV,3,0.65000000000000002,0.62999999523162842,0.25,0.25,0.029999999999999999,0.059999998658895493,0,0,False,3,3,2022-01-01
54,2022-03-01,SLV,212,SLV,3,0.65000000000000002,0.64999997615814209,0.25,0.25999999046325684,0.029999999999999999,0.059999998658895493,0,0,False,3,3,2022-01-01
57,2022-03-01,SLV,251,SLV,2,0.44999999999999996,0.60000002384185791,0.14999999999999999,0.25999999046325684,0,0.070000000298023224,0,0,False,2,3,2022-01-01
60,2022-03-01,SLV,289,SLV,2,0.44999999999999996,0.62999999523162842,0.14999999999999999,0.23000000417232513,0,0.059999998658895493,0,0,False,2,3,2022-01-01
63,2022-03-01,SLV,304,SLV,3,0.65000000000000002,0.62000000476837158,0.25,0.27000001072883606,0.029999999999999999,0.059999998658895493,0,0,False,3,3,2022-01-01
65,2022-03-01,SLV,323,SLV,2,0.44999999999999996,0.64999997615814209,0.14999999999999999,0.2199999988079071,0,0.059999998658895493,0,0,False,2,3,2022-01-01
66,2022-03-01,SLV,338,SLV,2,0.44999999999999996,0.64999997615814209,0.14999999999999999,0.23000000417232513,0,0.059999998658895493,0,0,False,2,3,2022-01-01
72,2022-03-01,SLV,402,SLV,2,0.44999999999999996,0.61000001430511475,0.14999999999999999,0.25,0,0.059999998658895493,0,0,False,2,3,2022-01-01
73,2022-03-01,SLV,415,SLV,2,0.44999999999999996,0.61000001430511475,0.14999999999999999,0.23999999463558197,0,0.059999998658895493,0,0,False,2,3,2022-01-01
77,2022-03-01,SLV,450,SLV,2,0.44999999999999996,0.63999998569488525,0.14999999999999999,0.23999999463558197,0,0.070000000298023224,0,0,False,2,3,2022-01-01
1182,2022-01-01,SOM,3020,SOM,3,0.46999999999999997,0.49000000953674316,0.23000000000000001,0.20999999344348907,0.040000000000000001,0.059999998658895493,0,0,False,3,3,2022-01-01
1182,2022-05-01,SOM,3021,SOM,3,0.67000000000000004,0.55000001192092896,0.41000000000000003,0.18999999761581421,0.13,0.059999998658895493,0,0,False,3,2,2022-01-01
1182,2022-10-01,SOM,3022,SOM,1,0.15000000000000002,0.50999999046325684,0.050000000000000003,0.25,0,0.070000000298023224,0,0,False,1,3,2022-01-01
1183,2022-01-01,SOM,3028,SOM,2,0.40000000000000002,0.60000002384185791,0.13,0.2800000011920929,0,0.070000000298023224,0,0,False,2,3,2022-01-01
1183,2022-02-01,SOM,3029,SOM,3,0.69999999999999996,0.60000002384185791,0.34999999999999998,0.27000001072883606,0.10000000000000001,0.070000000298023224,0,0,False,3,3,2022-01-01
1184,2022-01-01,SOM,3035,SOM,2,0.40000000000000002,0.60000002384185791,0.13,0.2800000011920929,0,0.070000000298023224,0,0,False,2,3,2022-01-01
1184,2022-02-01,SOM,3036,SOM,3,0.69999999999999996,0.60000002384185791,0.34999999999999998,0.27000001072883606,0.10000000000000001,0.070000000298023224,0,0,False,3,3,2022-01-01
1188,2022-01-01,SOM,3048,SOM,2,0.40000000000000002,0.52999997138977051,0.13,0.2199999988079071,0,0.059999998658895493,0,0,False,2,3,2022-01-01
1188,2022-02-01,SOM,3049,SOM,3,0.69999999999999996,0.51999998092651367,0.34999999999999998,0.23000000417232513,0.10000000000000001,0.070000000298023224,0,0,False,3,3,2022-01-01
1188,2022-05-01,SOM,3050,SOM,3,0.73999999999999999,0.57999998331069946,0.44,0.18999999761581421,0.13,0.070000000298023224,0,0,False,3,2,2022-01-01
1188,2022-07-01,SOM,3051,SOM,3,0.5,0.49000000953674316,0.29999999999999999,0.25,0.050000000000000003,0.10000000149011612,0,0,False,3,3,2022-01-01
1189,2022-01-01,SOM,3058,SOM,2,0.40000000000000002,0.60000002384185791,0.13,0.2800000011920929,0,0.070000000298023224,0,0,False,2,3,2022-01-01
1189,2022-02-01,SOM,3059,SOM,3,0.69999999999999996,0.60000002384185791,0.34999999999999998,0.28999999165534973,0.10000000000000001,0.070000000298023224,0,0,False,3,3,2022-01-01
1189,2022-10-01,SOM,3060,SOM,2,0.34999999999999998,0.63999998569488525,0.14999999999999999,0.31000000238418579,0,0.070000000298023224,0,0,False,2,3,2022-01-01
1190,2022-01-01,SOM,3069,SOM,3,0.46999999999999997,0.5,0.23000000000000001,0.23000000417232513,0.040000000000000001,0.059999998658895493,0,0,False,3,3,2022-01-01
1190,2022-05-01,SOM,3070,SOM,3,0.67000000000000004,0.56000000238418579,0.41000000000000003,0.20000000298023224,0.13,0.070000000298023224,0,0,False,3,3,2022-01-01
1190,2022-07-01,SOM,3071,SOM,2,0.35000000000000003,0.56999999284744263,0.15000000000000002,0.20000000298023224,0.050000000000000003,0.090000003576278687,0,0,False,2,3,2022-01-01
1190,2022-10-01,SOM,3072,SOM,2,0.35000000000000003,0.51999998092651367,0.15000000000000002,0.25999999046325684,0.050000000000000003,0.079999998211860657,0,0,False,2,3,2022-01-01
1195,2022-01-01,SOM,3089,SOM,3,0.46999999999999997,0.47999998927116394,0.23000000000000001,0.18999999761581421,0.040000000000000001,0.05000000074505806,0,0,False,3,2,2022-01-01
1195,2022-05-01,SOM,3090,SOM,3,0.67000000000000004,0.55000001192092896,0.41000000000000003,0.18999999761581421,0.13,0.059999998658895493,0,0,False,3,2,2022-01-01
1195,2022-07-01,SOM,3091,SOM,2,0.35000000000000003,0.54000002145767212,0.15000000000000002,0.23000000417232513,0.050000000000000003,0.090000003576278687,0,0,False,2,3,2022-01-01
1195,2022-10-01,SOM,3092,SOM,2,0.35000000000000003,0.52999997138977051,0.15000000000000002,0.25,0.050000000000000003,0.079999998211860657,0,0,False,2,3,2022-01-01
1196,2022-01-01,SOM,3104,SOM,2,0.40000000000000002,0.4699999988079071,0.13,0.23999999463558197,0,0.059999998658895493,0,0,False,2,3,2022-01-01
1196,2022-02-01,SOM,3105,SOM,3,0.69999999999999996,0.46000000834465027,0.34999999999999998,0.27000001072883606,0.10000000000000001,0.059999998658895493,0,0,False,3,3,2022-01-01
1196,2022-05-01,SOM,3106,SOM,3,0.73999999999999999,0.56000000238418579,0.44,0.18000000715255737,0.13,0.070000000298023224,0,0,False,3,2,2022-01-01
1196,2022-07-01,SOM,3107,SOM,3,0.5,0.56999999284744263,0.29999999999999999,0.23999999463558197,0.050000000000000003,0.10000000149011612,0,0,False,3,3,2022-01-01
1196,2022-10-01,SOM,3108,SOM,2,0.34999999999999998,0.57999998331069946,0.14999999999999999,0.2800000011920929,0,0.090000003576278687,0,0,False,2,3,2022-01-01
1197,2022-01-01,SOM,3120,SOM,2,0.40000000000000002,0.4699999988079071,0.13,0.23999999463558197,0,0.059999998658895493,0,0,False,2,3,2022-01-01
1197,2022-02-01,SOM,3121,SOM,3,0.69999999999999996,0.46000000834465027,0.34999999999999998,0.27000001072883606,0.10000000000000001,0.059999998658895493,0,0,False,3,3,2022-01-01
1197,2022-05-01,SOM,3122,SOM,3,0.73999999999999999,0.56000000238418579,0.44,0.18000000715255737,0.13,0.070000000298023224,0,0,False,3,2,2022-01-01
1197,2022-07-01,SOM,3123,SOM,3,0.5,0.56999999284744263,0.29999999999999999,0.23999999463558197,0.050000000000000003,0.10000000149011612,0,0,False,3,3,2022-01-01
1197,2022-10-01,SOM,3124,SOM,2,0.34999999999999998,0.57999998331069946,0.14999999999999999,0.2800000011920929,0,0.090000003576278687,0,0,False,2,3,2022-01-01
1200,2022-10-01,SOM,3133,SOM,3,0.65000000000000002,0.54000002145767212,0.44999999999999996,0.23999999463558197,0.14999999999999999,0.10000000149011612,0,0,False,3,3,2022-01-01
1203,2022-02-01,SOM,3138,SOM,3,0.69999999999999996,0.57999998331069946,0.34999999999999998,0.2800000011920929,0.10000000000000001,0.070000000298023224,0,0,False,3,3,2022-01-01
1203,2022-10-01,SOM,3139,SOM,3,0.55000000000000004,0.62999999523162842,0.34999999999999998,0.34999999403953552,0.10000000000000001,0.070000000298023224,0,0,False,3,3,2022-01-01
1204,2022-02-01,SOM,3144,SOM,3,0.69999999999999996,0.57999998331069946,0.34999999999999998,0.25999999046325684,0.10000000000000001,0.070000000298023224,0,0,False,3,3,2022-01-01
1204,2022-10-01,SOM,3145,SOM,3,0.55000000000000004,0.55000001192092896,0.34999999999999998,0.36000001430511475,0.050000000000000003,0.079999998211860657,0,0,False,3,3,2022-01-01
1207,2022-01-01,SOM,3152,SOM,2,0.40000000000000002,0.51999998092651367,0.13,0.25,0,0.059999998658895493,0,0,False,2,3,2022-01-01
1207,2022-05-01,SOM,3153,SOM,3,0.73999999999999999,0.60000002384185791,0.44,0.20999999344348907,0.13,0.059999998658895493,0,0,False,3,3,2022-01-01
1207,2022-07-01,SOM,3154,SOM,3,0.55000000000000004,0.47999998927116394,0.34999999999999998,0.23000000417232513,0.050000000000000003,0.090000003576278687,0,0,False,3,3,2022-01-01
1211,2022-01-01,SOM,3166,SOM,2,0.40000000000000002,0.56999999284744263,0.13,0.23999999463558197,0,0.070000000298023224,0,0,False,2,3,2022-01-01
1211,2022-05-01,SOM,3167,SOM,3,0.73999999999999999,0.56000000238418579,0.44,0.23000000417232513,0.13,0.070000000298023224,0,0,False,3,3,2022-01-01
1211,2022-07-01,SOM,3168,SOM,3,0.39999999999999997,0.49000000953674316,0.20000000000000001,0.2800000011920929,0.050000000000000003,0.10000000149011612,0,0,False,3,3,2022-01-01
1212,2022-10-01,SOM,3171,SOM,2,0.34999999999999998,0.5,0.14999999999999999,0.23999999463558197,0,0.10000000149011612,0,0,False,2,3,2022-01-01
1214,2022-05-01,SOM,3179,SOM,3,0.73999999999999999,0.56000000238418579,0.44,0.25999999046325684,0.13,0.070000000298023224,0,0,False,3,3,2022-01-01
1214,2022-07-01,SOM,3180,SOM,3,0.55000000000000004,0.5,0.34999999999999998,0.31999999284744263,0.050000000000000003,0.070000000298023224,0,0,False,3,3,2022-01-01
1214,2022-10-01,SOM,3181,SOM,3,0.55000000000000004,0.55000001192092896,0.34999999999999998,0.37000000476837158,0.050000000000000003,0.090000003576278687,0,0,False,3,3,2022-01-01
1216,2022-01-01,SOM,3190,SOM,3,0.44,0.52999997138977051,0.21000000000000002,0.2800000011920929,0.040000000000000001,0.079999998211860657,0,0,False,3,3,2022-01-01
1216,2022-10-01,SOM,3191,SOM,2,0.34999999999999998,0.56999999284744263,0.14999999999999999,0.31999999284744263,0,0.10999999940395355,0,0,False,2,3,2022-01-01
1217,2022-01-01,SOM,3198,SOM,3,0.44,0.52999997138977051,0.21000000000000002,0.2800000011920929,0.040000000000000001,0.079999998211860657,0,0,False,3,3,2022-01-01
1217,2022-10-01,SOM,3199,SOM,2,0.34999999999999998,0.56999999284744263,0.14999999999999999,0.31999999284744263,0,0.10999999940395355,0,0,False,2,3,2022-01-01
1220,2022-01-01,SOM,3213,SOM,3,0.46999999999999997,0.56000000238418579,0.23000000000000001,0.20999999344348907,0.040000000000000001,0.070000000298023224,0,0,False,3,3,2022-01-01
1220,2022-05-01,SOM,3214,SOM,3,0.67000000000000004,0.55000001192092896,0.41000000000000003,0.18000000715255737,0.13,0.070000000298023224,0,0,False,3,2,2022-01-01
1220,2022-07-01,SOM,3215,SOM,2,0.34999999999999998,0.50999999046325684,0.14999999999999999,0.15000000596046448,0,0.079999998211860657,0,0,False,2,2,2022-01-01
1220,2022-10-01,SOM,3216,SOM,2,0.34999999999999998,0.50999999046325684,0.14999999999999999,0.2199999988079071,0,0.070000000298023224,0,0,False,2,3,2022-01-01
1222,2022-05-01,SOM,3224,SOM,3,0.73999999999999999,0.60000002384185791,0.44,0.27000001072883606,0.13,0.059999998658895493,0,0,False,3,3,2022-01-01
1222,2022-07-01,SOM,3225,SOM,3,0.5,0.55000001192092896,0.29999999999999999,0.34000000357627869,0.050000000000000003,0.070000000298023224,0,0,False,3,3,2022-01-01
1222,2022-10-01,SOM,3226,SOM,2,0.34999999999999998,0.60000002384185791,0.14999999999999999,0.37000000476837158,0,0.079999998211860657,0,0,False,2,3,2022-01-01
1223,2022-01-01,SOM,3233,SOM,3,0.46999999999999997,0.47999998927116394,0.23000000000000001,0.25999999046325684,0.040000000000000001,0.070000000298023224,0,0,False,3,3,2022-01-01
1223,2022-07-01,SOM,3234,SOM,2,0.34999999999999998,0.51999998092651367,0.14999999999999999,0.20999999344348907,0,0.05000000074505806,0,0,False,2,3,2022-01-01
1223,2022-10-01,SOM,3235,SOM,2,0.34999999999999998,0.50999999046325684,0.14999999999999999,0.28999999165534973,0,0.059999998658895493,0,0,False,2,3,2022-01-01
1226,2022-01-01,SOM,3249,SOM,3,0.46999999999999997,0.49000000953674316,0.23000000000000001,0.25,0.040000000000000001,0.070000000298023224,0,0,False,3,3,2022-01-01
1226,2022-07-01,SOM,3250,SOM,3,0.40000000000000002,0.51999998092651367,0.20000000000000001,0.14000000059604645,0,0.059999998658895493,0,0,False,3,2,2022-01-01
1226,2022-10-01,SOM,3251,SOM,2,0.29999999999999999,0.55000001192092896,0.14999999999999999,0.30000001192092896,0,0.070000000298023224,0,0,False,2,3,2022-01-01
1227,2022-01-01,SOM,3258,SOM,2,0.39000000000000001,0.49000000953674316,0.18000000000000002,0.25999999046325684,0.01,0.059999998658895493,0,0,False,2,3,2022-01-01
1228,2022-01-01,SOM,3265,SOM,2,0.39000000000000001,0.44999998807907104,0.18000000000000002,0.25999999046325684,0.01,0.059999998658895493,0,0,False,2,3,2022-01-01
1228,2022-05-01,SOM,3266,SOM,4,0.76000000000000001,0.52999997138977051,0.52000000000000002,0.20999999344348907,0.20999999999999999,0.070000000298023224,0.029999999999999999,0,False,4,3,2022-01-01
1231,2022-01-01,SOM,3275,SOM,2,0.39000000000000001,0.49000000953674316,0.18000000000000002,0.25,0.01,0.059999998658895493,0,0,False,2,3,2022-01-01
1231,2022-05-01,SOM,3276,SOM,4,0.76000000000000001,0.62999999523162842,0.52000000000000002,0.20000000298023224,0.20999999999999999,0.070000000298023224,0.029999999999999999,0,False,4,3,2022-01-01
1231,2022-10-01,SOM,3277,SOM,3,0.60000000000000009,0.5,0.39999999999999997,0.27000001072883606,0.15000000000000002,0.10000000149011612,0.050000000000000003,0,False,3,3,2022-01-01
1238,2022-01-01,SOM,3290,SOM,3,0.45000000000000001,0.57999998331069946,0.21000000000000002,0.28999999165534973,0.050000000000000003,0.079999998211860657,0,0,False,3,3,2022-01-01
1238,2022-07-01,SOM,3291,SOM,2,0.30000000000000004,0.49000000953674316,0.10000000000000001,0.34999999403953552,0,0.079999998211860657,0,0,False,2,3,2022-01-01
1238,2022-10-01,SOM,3292,SOM,2,0.30000000000000004,0.52999997138977051,0.10000000000000001,0.34000000357627869,0,0.11999999731779099,0,0,False,2,3,2022-01-01
1241,2022-01-01,SOM,3302,SOM,3,0.44,0.54000002145767212,0.21000000000000002,0.28999999165534973,0.040000000000000001,0.090000003576278687,0,0,False,3,3,2022-01-01
1241,2022-10-01,SOM,3303,SOM,2,0.39999999999999997,0.50999999046325684,0.15000000000000002,0.27000001072883606,0.050000000000000003,0.10999999940395355,0,0,False,2,3,2022-01-01
1243,2022-05-01,SOM,3306,SOM,4,0.76000000000000001,0.5899999737739563,0.52000000000000002,0.20000000298023224,0.20999999999999999,0.079999998211860657,0.029999999999999999,0,False,4,3,2022-01-01
1249,2022-01-01,SOM,3312,SOM,2,0.30000000000000004,0.60000002384185791,0.080000000000000002,0.31000000238418579,0.01,0.090000003576278687,0,0,False,2,3,2022-01-01
1249,2022-03-01,SOM,3313,SOM,3,0.80000000000000004,0.52999997138977051,0.39999999999999997,0.31999999284744263,0.050000000000000003,0.090000003576278687,0,0,False,3,3,2022-01-01
1249,2022-05-01,SOM,3314,SOM,3,0.47000000000000008,0.5899999737739563,0.20000000000000001,0.30000001192092896,0.029999999999999999,0.090000003576278687,0,0,False,3,3,2022-01-01
1252,2022-01-01,SOM,3321,SOM,2,0.30000000000000004,0.56000000238418579,0.080000000000000002,0.30000001192092896,0.01,0.090000003576278687,0,0,False,2,3,2022-01-01
1252,2022-03-01,SOM,3322,SOM,3,0.80000000000000004,0.51999998092651367,0.39999999999999997,0.31000000238418579,0.050000000000000003,0.090000003576278687,0,0,False,3,3,2022-01-01
1252,2022-05-01,SOM,3323,SOM,3,0.47000000000000008,0.55000001192092896,0.20000000000000001,0.30000001192092896,0.029999999999999999,0.090000003576278687,0,0,False,3,3,2022-01-01
1254,2022-01-01,SOM,3327,SOM,3,0.45000000000000001,0.57999998331069946,0.21000000000000002,0.31999999284744263,0.050000000000000003,0.079999998211860657,0,0,False,3,3,2022-01-01
1254,2022-05-01,SOM,3328,SOM,3,0.70000000000000007,0.56999999284744263,0.47999999999999998,0.2800000011920929,0.18000000000000002,0.079999998211860657,0.01,0,False,3,3,2022-01-01
1254,2022-07-01,SOM,3329,SOM,3,0.55000000000000004,0.52999997138977051,0.34999999999999998,0.36000001430511475,0.10000000000000001,0.079999998211860657,0,0,False,3,3,2022-01-01
1254,2022-10-01,SOM,3330,SOM,3,0.55000000000000004,0.5899999737739563,0.34999999999999998,0.31000000238418579,0.10000000000000001,0.070000000298023224,0,0,False,3,3,2022-01-01
1255,2022-10-01,SOM,3335,SOM,2,0.34999999999999998,0.43999999761581421,0.14999999999999999,0.23000000417232513,0,0.10999999940395355,0,0,False,2,3,2022-01-01
1257,2022-05-01,SOM,3340,SOM,3,0.70000000000000007,0.56999999284744263,0.47999999999999998,0.27000001072883606,0.18000000000000002,0.070000000298023224,0.01,0,False,3,3,2022-01-01
1257,2022-10-01,SOM,3341,SOM,3,0.55000000000000004,0.5899999737739563,0.34999999999999998,0.31000000238418579,0.10000000000000001,0.079999998211860657,0,0,False,3,3,2022-01-01
1276,2022-01-01,SOM,3372,SOM,3,0.45000000000000001,0.61000001430511475,0.21000000000000002,0.31000000238418579,0.050000000000000003,0.079999998211860657,0,0,False,3,3,2022-01-01
1276,2022-05-01,SOM,3373,SOM,3,0.70000000000000007,0.5899999737739563,0.47999999999999998,0.27000001072883606,0.18000000000000002,0.070000000298023224,0.01,0,False,3,3,2022-01-01
1276,2022-07-01,SOM,3374,SOM,4,0.55000000000000004,0.54000002145767212,0.34999999999999998,0.40000000596046448,0.10000000000000001,0.10999999940395355,0,0,False,3,3,2022-01-01
1276,2022-10-01,SOM,3375,SOM,3,0.55000000000000004,0.61000001430511475,0.34999999999999998,0.37000000476837158,0.10000000000000001,0.10999999940395355,0,0,False,3,3,2022-01-01
1284,2022-01-01,SOM,3387,SOM,3,0.45000000000000001,0.62000000476837158,0.21000000000000002,0.31999999284744263,0.050000000000000003,0.079999998211860657,0,0,False,3,3,2022-01-01
1284,2022-05-01,SOM,3388,SOM,3,0.70000000000000007,0.5899999737739563,0.47999999999999998,0.28999999165534973,0.18000000000000002,0.079999998211860657,0.01,0,False,3,3,2022-01-01
1284,2022-07-01,SOM,3389,SOM,4,0.84999999999999998,0.55000001192092896,0.65000000000000002,0.40000000596046448,0.34999999999999998,0.10999999940395355,0.10000000000000001,0,False,4,3,2022-01-01
1284,2022-10-01,SOM,3390,SOM,4,0.84999999999999998,0.60000002384185791,0.65000000000000002,0.40000000596046448,0.34999999999999998,0.10999999940395355,0.10000000000000001,0,False,4,3,2022-01-01
1293,2022-01-01,SOM,3405,SOM,2,0.39000000000000001,0.51999998092651367,0.18000000000000002,0.23999999463558197,0.01,0.079999998211860657,0,0,False,2,3,2022-01-01
1293,2022-05-01,SOM,3406,SOM,4,0.76000000000000001,0.56000000238418579,0.52000000000000002,0.18999999761581421,0.20999999999999999,0.079999998211860657,0.029999999999999999,0,False,4,2,2022-01-01
1293,2022-07-01,SOM,3407,SOM,4,1,0.5899999737739563,0.95000000000000007,0.23999999463558197,0.5,0.079999998211860657,0.14999999999999999,0,False,4,3,2022-01-01
1293,2022-10-01,SOM,3408,SOM,4,1,0.5899999737739563,0.95000000000000007,0.2800000011920929,0.5,0.079999998211860657,0.14999999999999999,0,False,4,3,2022-01-01
1308,2022-01-01,SOM,3431,SOM,2,0.39000000000000001,0.50999999046325684,0.18000000000000002,0.25,0.01,0.070000000298023224,0,0,False,2,3,2022-01-01
1308,2022-05-01,SOM,3432,SOM,4,0.76000000000000001,0.56000000238418579,0.52000000000000002,0.17000000178813934,0.20999999999999999,0.070000000298023224,0.029999999999999999,0,False,4,2,2022-01-01
1308,2022-07-01,SOM,3433,SOM,4,0.99999999999999989,0.5899999737739563,0.90000000000000002,0.20999999344348907,0.40000000000000002,0.070000000298023224,0.10000000000000001,0,False,4,3,2022-01-01
1308,2022-10-01,SOM,3434,SOM,4,0.99999999999999989,0.57999998331069946,0.90000000000000002,0.28999999165534973,0.40000000000000002,0.090000003576278687,0.10000000000000001,0,False,4,3,2022-01-01
1309,2022-01-01,SOM,3443,SOM,2,0.39000000000000001,0.50999999046325684,0.18000000000000002,0.25,0.01,0.070000000298023224,0,0,False,2,3,2022-01-01
1309,2022-05-01,SOM,3444,SOM,4,0.76000000000000001,0.55000001192092896,0.52000000000000002,0.17000000178813934,0.20999999999999999,0.070000000298023224,0.029999999999999999,0,False,4,2,2022-01-01
1309,2022-07-01,SOM,3445,SOM,4,0.99999999999999989,0.5899999737739563,0.90000000000000002,0.20999999344348907,0.40000000000000002,0.070000000298023224,0.10000000000000001,0,False,4,3,2022-01-01
1309,2022-10-01,SOM,3446,SOM,4,0.99999999999999989,0.56999999284744263,0.90000000000000002,0.28999999165534973,0.40000000000000002,0.090000003576278687,0.10000000000000001,0,False,4,3,2022-01-01
1324,2022-01-01,SOM,3462,SOM,2,0.39000000000000001,0.50999999046325684,0.18000000000000002,0.23999999463558197,0.01,0.059999998658895493,0,0,False,2,3,2022-01-01
1324,2022-05-01,SOM,3463,SOM,4,0.76000000000000001,0.55000001192092896,0.52000000000000002,0.18999999761581421,0.20999999999999999,0.070000000298023224,0.029999999999999999,0,False,4,2,2022-01-01
1324,2022-07-01,SOM,3464,SOM,4,1,0.57999998331069946,0.95000000000000007,0.23000000417232513,0.5,0.10000000149011612,0.14999999999999999,0,False,4,3,2022-01-01
1324,2022-10-01,SOM,3465,SOM,4,1,0.52999997138977051,0.95000000000000007,0.2800000011920929,0.5,0.090000003576278687,0.14999999999999999,0,False,4,3,2022-01-01
1351,2022-01-01,SOM,3495,SOM,2,0.27000000000000002,0.5,0.080000000000000002,0.2199999988079071,0.01,0.070000000298023224,0,0,False,2,3,2022-01-01
1351,2022-05-01,SOM,3496,SOM,3,0.46000000000000008,0.56000000238418579,0.23000000000000001,0.18999999761581421,0.029999999999999999,0.079999998211860657,0,0,False,3,2,2022-01-01
1351,2022-07-01,SOM,3497,SOM,1,0.15000000000000002,0.49000000953674316,0.050000000000000003,0.20999999344348907,0,0.10000000149011612,0,0,False,1,3,2022-01-01
1351,2022-10-01,SOM,3498,SOM,1,0.15000000000000002,0.49000000953674316,0.050000000000000003,0.25,0,0.090000003576278687,0,0,False,1,3,2022-01-01
1354,2022-01-01,SOM,3503,SOM,2,0.27000000000000002,0.50999999046325684,0.080000000000000002,0.20999999344348907,0.01,0.059999998658895493,0,0,False,2,3,2022-01-01
1354,2022-05-01,SOM,3504,SOM,3,0.46000000000000008,0.57999998331069946,0.23000000000000001,0.18000000715255737,0.029999999999999999,0.070000000298023224,0,0,False,3,2,2022-01-01
1354,2022-07-01,SOM,3505,SOM,1,0.15000000000000002,0.52999997138977051,0.050000000000000003,0.18999999761581421,0,0.10000000149011612,0,0,False,1,2,2022-01-01
1354,2022-10-01,SOM,3506,SOM,1,0.15000000000000002,0.49000000953674316,0.050000000000000003,0.23000000417232513,0,0.079999998211860657,0,0,False,1,3,2022-01-01
1357,2022-01-01,SOM,3515,SOM,3,0.45000000000000001,0.50999999046325684,0.21000000000000002,0.25999999046325684,0.050000000000000003,0.059999998658895493,0,0,False,3,3,2022-01-01
1357,2022-05-01,SOM,3516,SOM,3,0.70000000000000007,0.55000001192092896,0.47999999999999998,0.20999999344348907,0.18000000000000002,0.059999998658895493,0.01,0,False,3,3,2022-01-01
1357,2022-07-01,SOM,3517,SOM,3,0.84999999999999998,0.56999999284744263,0.65000000000000002,0.34000000357627869,0.34999999999999998,0.10000000149011612,0.10000000000000001,0,False,4,3,2022-01-01
1357,2022-10-01,SOM,3518,SOM,3,0.55000000000000004,0.52999997138977051,0.34999999999999998,0.33000001311302185,0.10000000000000001,0.10999999940395355,0,0,False,3,3,2022-01-01
1361,2022-01-01,SOM,3532,SOM,3,0.45000000000000001,0.50999999046325684,0.21000000000000002,0.23999999463558197,0.050000000000000003,0.059999998658895493,0,0,False,3,3,2022-01-01
1361,2022-05-01,SOM,3533,SOM,3,0.70000000000000007,0.55000001192092896,0.47999999999999998,0.2199999988079071,0.18000000000000002,0.059999998658895493,0.01,0,False,3,3,2022-01-01
1361,2022-07-01,SOM,3534,SOM,3,0.84999999999999998,0.55000001192092896,0.65000000000000002,0.34000000357627869,0.34999999999999998,0.10000000149011612,0.10000000000000001,0,False,4,3,2022-01-01
1361,2022-10-01,SOM,3535,SOM,3,0.55000000000000004,0.54000002145767212,0.34999999999999998,0.31999999284744263,0.10000000000000001,0.10999999940395355,0,0,False,3,3,2022-01-01
1367,2022-01-01,SOM,3551,SOM,3,0.45000000000000001,0.54000002145767212,0.21000000000000002,0.23000000417232513,0.050000000000000003,0.059999998658895493,0,0,False,3,3,2022-01-01
1367,2022-05-01,SOM,3552,SOM,3,0.70000000000000007,0.55000001192092896,0.47999999999999998,0.2199999988079071,0.18000000000000002,0.059999998658895493,0.01,0,False,3,3,2022-01-01
1367,2022-07-01,SOM,3553,SOM,3,0.84999999999999998,0.56000000238418579,0.65000000000000002,0.30000001192092896,0.34999999999999998,0.090000003576278687,0.10000000000000001,0,False,4,3,2022-01-01
1367,2022-10-01,SOM,3554,SOM,3,0.55000000000000004,0.51999998092651367,0.34999999999999998,0.31000000238418579,0.10000000000000001,0.10999999940395355,0,0,False,3,3,2022-01-01
1368,2022-01-01,SOM,3565,SOM,3,0.45000000000000001,0.54000002145767212,0.21000000000000002,0.23999999463558197,0.050000000000000003,0.059999998658895493,0,0,False,3,3,2022-01-01
1368,2022-05-01,SOM,3566,SOM,3,0.70000000000000007,0.55000001192092896,0.47999999999999998,0.2199999988079071,0.18000000000000002,0.059999998658895493,0.01,0,False,3,3,2022-01-01
1368,2022-07-01,SOM,3567,SOM,3,0.84999999999999998,0.56000000238418579,0.65000000000000002,0.31999999284744263,0.34999999999999998,0.090000003576278687,0.10000000000000001,0,False,4,3,2022-01-01
1368,2022-10-01,SOM,3568,SOM,3,0.55000000000000004,0.51999998092651367,0.34999999999999998,0.33000001311302185,0.10000000000000001,0.10999999940395355,0,0,False,3,3,2022-01-01
1376,2022-05-01,SOM,3582,SOM,4,0.76000000000000001,0.62999999523162842,0.52000000000000002,0.18000000715255737,0.20999999999999999,0.079999998211860657,0.029999999999999999,0,False,4,2,2022-01-01
1378,2022-05-01,SOM,3586,SOM,3,0.70000000000000007,0.55000001192092896,0.47999999999999998,0.23999999463558197,0.18000000000000002,0.090000003576278687,0.01,0,False,3,3,2022-01-01
1378,2022-07-01,SOM,3587,SOM,2,0.30000000000000004,0.54000002145767212,0.10000000000000001,0.31000000238418579,0,0.070000000298023224,0,0,False,2,3,2022-01-01
1379,2022-05-01,SOM,3591,SOM,3,0.70000000000000007,0.55000001192092896,0.47999999999999998,0.23000000417232513,0.18000000000000002,0.090000003576278687,0.01,0,False,3,3,2022-01-01
1379,2022-07-01,SOM,3592,SOM,2,0.30000000000000004,0.54000002145767212,0.10000000000000001,0.31000000238418579,0,0.070000000298023224,0,0,False,2,3,2022-01-01
1380,2022-01-01,SOM,3599,SOM,2,0.39000000000000001,0.54000002145767212,0.18000000000000002,0.25999999046325684,0.01,0.070000000298023224,0,0,False,2,3,2022-01-01
1380,2022-05-01,SOM,3600,SOM,4,0.76000000000000001,0.62999999523162842,0.52000000000000002,0.18999999761581421,0.20999999999999999,0.070000000298023224,0.029999999999999999,0,False,4,2,2022-01-01
1380,2022-07-01,SOM,3601,SOM,4,0.99999999999999989,0.52999997138977051,0.90000000000000002,0.20999999344348907,0.40000000000000002,0.070000000298023224,0.10000000000000001,0,False,4,3,2022-01-01
1383,2022-05-01,SOM,3614,SOM,3,0.70000000000000007,0.56999999284744263,0.47999999999999998,0.23000000417232513,0.18000000000000002,0.070000000298023224,0.01,0,False,3,3,2022-01-01
1397,2022-05-01,SOM,3634,SOM,3,0.56000000000000005,0.51999998092651367,0.27999999999999997,0.25999999046325684,0.040000000000000001,0.079999998211860657,0,0,False,3,3,2022-01-01
1397,2022-07-01,SOM,3635,SOM,3,0.55000000000000004,0.54000002145767212,0.34999999999999998,0.37000000476837158,0.10000000000000001,0.090000003576278687,0,0,False,3,3,2022-01-01
1422,2022-05-01,SOM,3681,SOM,3,0.56000000000000005,0.54000002145767212,0.27999999999999997,0.27000001072883606,0.040000000000000001,0.090000003576278687,0,0,False,3,3,2022-01-01
1422,2022-07-01,SOM,3682,SOM,3,0.55000000000000004,0.5899999737739563,0.34999999999999998,0.28999999165534973,0.10000000000000001,0.079999998211860657,0,0,False,3,3,2022-01-01
1429,2022-01-01,SOM,3696,SOM,2,0.27000000000000002,0.47999998927116394,0.080000000000000002,0.23000000417232513,0.01,0.070000000298023224,0,0,False,2,3,2022-01-01
1429,2022-05-01,SOM,3697,SOM,3,0.46000000000000008,0.62000000476837158,0.23000000000000001,0.18999999761581421,0.029999999999999999,0.079999998211860657,0,0,False,3,2,2022-01-01
1429,2022-07-01,SOM,3698,SOM,1,0.15000000000000002,0.55000001192092896,0.050000000000000003,0.17000000178813934,0,0.10000000149011612,0,0,False,1,2,2022-01-01
1429,2022-10-01,SOM,3699,SOM,1,0.15000000000000002,0.56000000238418579,0.050000000000000003,0.25,0,0.11999999731779099,0,0,False,1,3,2022-01-01
1430,2022-01-01,SOM,3708,SOM,2,0.27000000000000002,0.47999998927116394,0.080000000000000002,0.23000000417232513,0.01,0.070000000298023224,0,0,False,2,3,2022-01-01
1430,2022-05-01,SOM,3709,SOM,3,0.46000000000000008,0.62000000476837158,0.23000000000000001,0.18999999761581421,0.029999999999999999,0.079999998211860657,0,0,False,3,2,2022-01-01
1430,2022-07-01,SOM,3710,SOM,1,0.15000000000000002,0.55000001192092896,0.050000000000000003,0.17000000178813934,0,0.10000000149011612,0,0,False,1,2,2022-01-01
1430,2022-10-01,SOM,3711,SOM,1,0.15000000000000002,0.56000000238418579,0.050000000000000003,0.25,0,0.11999999731779099,0,0,False,1,3,2022-01-01
1443,2022-01-01,SOM,3729,SOM,2,0.27000000000000002,0.47999998927116394,0.080000000000000002,0.2199999988079071,0.01,0.059999998658895493,0,0,False,2,3,2022-01-01
1443,2022-05-01,SOM,3730,SOM,3,0.46000000000000008,0.61000001430511475,0.23000000000000001,0.18999999761581421,0.029999999999999999,0.079999998211860657,0,0,False,3,2,2022-01-01
1443,2022-07-01,SOM,3731,SOM,1,0.15000000000000002,0.50999999046325684,0.050000000000000003,0.18999999761581421,0,0.10000000149011612,0,0,False,1,2,2022-01-01
1443,2022-10-01,SOM,3732,SOM,1,0.15000000000000002,0.51999998092651367,0.050000000000000003,0.2199999988079071,0,0.10000000149011612,0,0,False,1,3,2022-01-01
1461,2022-05-01,SOM,3769,SOM,3,0.56000000000000005,0.51999998092651367,0.27999999999999997,0.31000000238418579,0.040000000000000001,0.090000003576278687,0,0,False,3,3,2022-01-01
1461,2022-07-01,SOM,3770,SOM,2,0.35000000000000003,0.5899999737739563,0.15000000000000002,0.34999999403953552,0.050000000000000003,0.079999998211860657,0,0,False,2,3,2022-01-01
1462,2022-05-01,SOM,3777,SOM,3,0.56000000000000005,0.51999998092651367,0.27999999999999997,0.31000000238418579,0.040000000000000001,0.090000003576278687,0,0,False,3,3,2022-01-01
1462,2022-07-01,SOM,3778,SOM,2,0.35000000000000003,0.5899999737739563,0.15000000000000002,0.34999999403953552,0.050000000000000003,0.079999998211860657,0,0,False,2,3,2022-01-01
1466,2022-01-01,SOM,3791,SOM,2,0.27000000000000002,0.50999999046325684,0.080000000000000002,0.27000001072883606,0.01,0.059999998658895493,0,0,False,2,3,2022-01-01
1466,2022-05-01,SOM,3792,SOM,3,0.46000000000000008,0.60000002384185791,0.23000000000000001,0.20000000298023224,0.029999999999999999,0.079999998211860657,0,0,False,3,3,2022-01-01
1466,2022-07-01,SOM,3793,SOM,3,0.60000000000000009,0.54000002145767212,0.39999999999999997,0.20999999344348907,0.050000000000000003,0.070000000298023224,0,0,False,3,3,2022-01-01
1466,2022-10-01,SOM,3794,SOM,2,0.34999999999999998,0.51999998092651367,0.14999999999999999,0.25,0,0.059999998658895493,0,0,False,2,3,2022-01-01
1475,2022-01-01,SOM,3815,SOM,2,0.27000000000000002,0.49000000953674316,0.080000000000000002,0.25999999046325684,0.01,0.059999998658895493,0,0,False,2,3,2022-01-01
1475,2022-05-01,SOM,3816,SOM,3,0.46000000000000008,0.5899999737739563,0.23000000000000001,0.18999999761581421,0.029999999999999999,0.079999998211860657,0,0,False,3,2,2022-01-01
1475,2022-07-01,SOM,3817,SOM,3,0.60000000000000009,0.54000002145767212,0.39999999999999997,0.20000000298023224,0.050000000000000003,0.070000000298023224,0,0,False,3,3,2022-01-01
1475,2022-10-01,SOM,3818,SOM,2,0.34999999999999998,0.5,0.14999999999999999,0.25999999046325684,0,0.070000000298023224,0,0,False,2,3,2022-01-01
1480,2022-01-01,SOM,3836,SOM,2,0.27000000000000002,0.50999999046325684,0.080000000000000002,0.23999999463558197,0.01,0.059999998658895493,0,0,False,2,3,2022-01-01
1480,2022-05-01,SOM,3837,SOM,3,0.46000000000000008,0.54000002145767212,0.23000000000000001,0.20000000298023224,0.029999999999999999,0.079999998211860657,0,0,False,3,3,2022-01-01
1480,2022-07-01,SOM,3838,SOM,1,0.15000000000000002,0.56000000238418579,0.050000000000000003,0.18000000715255737,0,0.070000000298023224,0,0,False,1,2,2022-01-01
1481,2022-01-01,SOM,3847,SOM,2,0.27000000000000002,0.50999999046325684,0.080000000000000002,0.2199999988079071,0.01,0.059999998658895493,0,0,False,2,3,2022-01-01
1481,2022-05-01,SOM,3848,SOM,3,0.46000000000000008,0.57999998331069946,0.23000000000000001,0.18999999761581421,0.029999999999999999,0.079999998211860657,0,0,False,3,2,2022-01-01
1481,2022-07-01,SOM,3849,SOM,1,0.15000000000000002,0.54000002145767212,0.050000000000000003,0.18999999761581421,0,0.10000000149011612,0,0,False,1,2,2022-01-01
1481,2022-10-01,SOM,3850,SOM,1,0.15000000000000002,0.5,0.050000000000000003,0.20999999344348907,0,0.070000000298023224,0,0,False,1,3,2022-01-01
1495,2022-01-01,SOM,3873,SOM,2,0.27000000000000002,0.5,0.089999999999999997,0.25999999046325684,0.01,0.059999998658895493,0,0,False,2,3,2022-01-01
1495,2022-10-01,SOM,3874,SOM,1,0.15000000000000002,0.43000000715255737,0.050000000000000003,0.27000001072883606,0,0.070000000298023224,0,0,False,1,3,2022-01-01
1503,2022-01-01,SOM,3888,SOM,2,0.27000000000000002,0.52999997138977051,0.089999999999999997,0.25999999046325684,0.01,0.059999998658895493,0,0,False,2,3,2022-01-01
1503,2022-10-01,SOM,3889,SOM,2,0.34999999999999998,0.49000000953674316,0.14999999999999999,0.2800000011920929,0,0.070000000298023224,0,0,False,2,3,2022-01-01
1518,2022-01-01,SOM,3927,SOM,2,0.27000000000000002,0.47999998927116394,0.089999999999999997,0.25,0.01,0.059999998658895493,0,0,False,2,3,2022-01-01
1518,2022-05-01,SOM,3928,SOM,3,0.46000000000000008,0.57999998331069946,0.23000000000000001,0.2199999988079071,0.029999999999999999,0.059999998658895493,0,0,False,3,3,2022-01-01
1518,2022-07-01,SOM,3929,SOM,3,0.60000000000000009,0.49000000953674316,0.39999999999999997,0.20999999344348907,0.050000000000000003,0.070000000298023224,0,0,False,3,3,2022-01-01
1518,2022-10-01,SOM,3930,SOM,2,0.34999999999999998,0.46000000834465027,0.14999999999999999,0.25,0,0.070000000298023224,0,0,False,2,3,2022-01-01
1522,2022-01-01,SOM,3944,SOM,2,0.27000000000000002,0.47999998927116394,0.089999999999999997,0.25,0.01,0.059999998658895493,0,0,False,2,3,2022-01-01
1522,2022-05-01,SOM,3945,SOM,3,0.46000000000000008,0.56999999284744263,0.23000000000000001,0.2199999988079071,0.029999999999999999,0.059999998658895493,0,0,False,3,3,2022-01-01
1522,2022-07-01,SOM,3946,SOM,2,0.34999999999999998,0.56000000238418579,0.14999999999999999,0.27000001072883606,0,0.070000000298023224,0,0,False,2,3,2022-01-01
1522,2022-10-01,SOM,3947,SOM,2,0.34999999999999998,0.50999999046325684,0.14999999999999999,0.27000001072883606,0,0.070000000298023224,0,0,False,2,3,2022-01-01
1528,2022-01-01,SOM,3961,SOM,2,0.33999999999999997,0.52999997138977051,0.14999999999999999,0.20999999344348907,0.029999999999999999,0.059999998658895493,0,0,False,2,3,2022-01-01
1528,2022-05-01,SOM,3962,SOM,3,0.57999999999999996,0.56999999284744263,0.32999999999999996,0.27000001072883606,0.089999999999999997,0.079999998211860657,0,0,False,3,3,2022-01-01
1528,2022-07-01,SOM,3963,SOM,3,0.45000000000000001,0.52999997138977051,0.25,0.2800000011920929,0.050000000000000003,0.10999999940395355,0,0,False,3,3,2022-01-01
1528,2022-10-01,SOM,3964,SOM,3,0.45000000000000001,0.49000000953674316,0.25,0.28999999165534973,0.050000000000000003,0.10999999940395355,0,0,False,3,3,2022-01-01
1540,2022-01-01,SOM,3990,SOM,2,0.33999999999999997,0.50999999046325684,0.14999999999999999,0.2199999988079071,0.029999999999999999,0.059999998658895493,0,0,False,2,3,2022-01-01
1540,2022-05-01,SOM,3991,SOM,3,0.57999999999999996,0.57999998331069946,0.32999999999999996,0.2800000011920929,0.089999999999999997,0.079999998211860657,0,0,False,3,3,2022-01-01
1540,2022-07-01,SOM,3992,SOM,3,0.39999999999999997,0.61000001430511475,0.20000000000000001,0.31999999284744263,0.050000000000000003,0.070000000298023224,0,0,False,3,3,2022-01-01
1540,2022-10-01,SOM,3993,SOM,3,0.45000000000000001,0.56000000238418579,0.25,0.30000001192092896,0.050000000000000003,0.079999998211860657,0,0,False,3,3,2022-01-01
1551,2022-01-01,SOM,4019,SOM,2,0.27000000000000002,0.49000000953674316,0.089999999999999997,0.20999999344348907,0.01,0.05000000074505806,0,0,False,2,3,2022-01-01
1551,2022-05-01,SOM,4020,SOM,3,0.46000000000000008,0.50999999046325684,0.23000000000000001,0.18000000715255737,0.029999999999999999,0.059999998658895493,0,0,False,3,2,2022-01-01
1551,2022-07-01,SOM,4021,SOM,3,0.44999999999999996,0.54000002145767212,0.25,0.17000000178813934,0.10000000000000001,0.059999998658895493,0,0,False,3,2,2022-01-01
1551,2022-10-01,SOM,4022,SOM,2,0.25,0.47999998927116394,0.050000000000000003,0.25,0,0.059999998658895493,0,0,False,2,3,2022-01-01
1553,2022-01-01,SOM,4031,SOM,2,0.27000000000000002,0.56000000238418579,0.089999999999999997,0.23000000417232513,0.01,0.059999998658895493,0,0,False,2,3,2022-01-01
1553,2022-05-01,SOM,4032,SOM,3,0.46000000000000008,0.56000000238418579,0.23000000000000001,0.18000000715255737,0.029999999999999999,0.059999998658895493,0,0,False,3,2,2022-01-01
1553,2022-07-01,SOM,4033,SOM,3,0.60000000000000009,0.4699999988079071,0.39999999999999997,0.20000000298023224,0.050000000000000003,0.070000000298023224,0,0,False,3,3,2022-01-01
1553,2022-10-01,SOM,4034,SOM,2,0.30000000000000004,0.47999998927116394,0.10000000000000001,0.23000000417232513,0,0.059999998658895493,0,0,False,2,3,2022-01-01
1558,2022-01-01,SOM,4045,SOM,2,0.33999999999999997,0.49000000953674316,0.14999999999999999,0.25999999046325684,0.029999999999999999,0.059999998658895493,0,0,False,2,3,2022-01-01
1558,2022-05-01,SOM,4046,SOM,3,0.57999999999999996,0.55000001192092896,0.32999999999999996,0.25,0.089999999999999997,0.10999999940395355,0,0,False,3,3,2022-01-01
1558,2022-07-01,SOM,4047,SOM,4,0.69999999999999996,0.56000000238418579,0.5,0.30000001192092896,0.20000000000000001,0.10999999940395355,0,0,False,4,3,2022-01-01
1558,2022-10-01,SOM,4048,SOM,3,0.65000000000000002,0.50999999046325684,0.44999999999999996,0.31000000238418579,0.14999999999999999,0.10000000149011612,0,0,False,3,3,2022-01-01
1559,2022-01-01,SOM,4057,SOM,2,0.33999999999999997,0.49000000953674316,0.14999999999999999,0.25999999046325684,0.029999999999999999,0.059999998658895493,0,0,False,2,3,2022-01-01
1559,2022-05-01,SOM,4058,SOM,3,0.57999999999999996,0.55000001192092896,0.32999999999999996,0.25,0.089999999999999997,0.10999999940395355,0,0,False,3,3,2022-01-01
1559,2022-07-01,SOM,4059,SOM,4,0.69999999999999996,0.56000000238418579,0.5,0.28999999165534973,0.20000000000000001,0.10999999940395355,0,0,False,4,3,2022-01-01
1559,2022-10-01,SOM,4060,SOM,3,0.65000000000000002,0.50999999046325684,0.44999999999999996,0.30000001192092896,0.14999999999999999,0.10000000149011612,0,0,False,3,3,2022-01-01
1561,2022-01-01,SOM,4071,SOM,2,0.29000000000000004,0.49000000953674316,0.099999999999999992,0.27000001072883606,0.01,0.059999998658895493,0,0,False,2,3,2022-01-01
1561,2022-05-01,SOM,4072,SOM,3,0.54999999999999993,0.60000002384185791,0.31,0.18000000715255737,0.080000000000000002,0.070000000298023224,0,0,False,3,2,2022-01-01
1561,2022-07-01,SOM,4073,SOM,3,0.60000000000000009,0.60000002384185791,0.39999999999999997,0.23999999463558197,0.050000000000000003,0.070000000298023224,0,0,False,3,3,2022-01-01
1561,2022-10-01,SOM,4074,SOM,2,0.30000000000000004,0.56999999284744263,0.10000000000000001,0.25999999046325684,0,0.070000000298023224,0,0,False,2,3,2022-01-01
1562,2022-05-01,SOM,4083,SOM,3,0.57999999999999996,0.5899999737739563,0.32999999999999996,0.20999999344348907,0.089999999999999997,0.079999998211860657,0,0,False,3,3,2022-01-01
1562,2022-07-01,SOM,4084,SOM,3,0.45000000000000001,0.56999999284744263,0.25,0.28999999165534973,0.050000000000000003,0.11999999731779099,0,0,False,3,3,2022-01-01
1562,2022-10-01,SOM,4085,SOM,3,0.45000000000000001,0.52999997138977051,0.25,0.27000001072883606,0.050000000000000003,0.10000000149011612,0,0,False,3,3,2022-01-01
1563,2022-07-01,SOM,4092,SOM,3,0.45000000000000001,0.56000000238418579,0.25,0.28999999165534973,0.050000000000000003,0.10999999940395355,0,0,False,3,3,2022-01-01
1563,2022-10-01,SOM,4093,SOM,3,0.45000000000000001,0.51999998092651367,0.25,0.25999999046325684,0.050000000000000003,0.090000003576278687,0,0,False,3,3,2022-01-01
1566,2022-01-01,SOM,4107,SOM,2,0.29000000000000004,0.50999999046325684,0.099999999999999992,0.25,0.01,0.059999998658895493,0,0,False,2,3,2022-01-01
1566,2022-05-01,SOM,4108,SOM,3,0.54999999999999993,0.5899999737739563,0.31,0.18999999761581421,0.080000000000000002,0.070000000298023224,0,0,False,3,2,2022-01-01
1566,2022-07-01,SOM,4109,SOM,3,0.65000000000000002,0.5899999737739563,0.44999999999999996,0.25999999046325684,0.10000000000000001,0.070000000298023224,0,0,False,3,3,2022-01-01
1566,2022-10-01,SOM,4110,SOM,3,0.65000000000000002,0.60000002384185791,0.44999999999999996,0.2800000011920929,0.10000000000000001,0.070000000298023224,0,0,False,3,3,2022-01-01
1569,2022-05-01,SOM,4122,SOM,3,0.54999999999999993,0.57999998331069946,0.31,0.2199999988079071,0.080000000000000002,0.079999998211860657,0,0,False,3,3,2022-01-01
1569,2022-10-01,SOM,4123,SOM,3,0.45000000000000001,0.52999997138977051,0.25,0.2800000011920929,0.050000000000000003,0.10000000149011612,0,0,False,3,3,2022-01-01
1570,2022-05-01,SOM,4131,SOM,3,0.54999999999999993,0.57999998331069946,0.31,0.18999999761581421,0.080000000000000002,0.079999998211860657,0,0,False,3,2,2022-01-01
1570,2022-10-01,SOM,4132,SOM,3,0.45000000000000001,0.52999997138977051,0.25,0.25,0.050000000000000003,0.10000000149011612,0,0,False,3,3,2022-01-01
1571,2022-01-01,SOM,4141,SOM,2,0.27000000000000002,0.5,0.089999999999999997,0.23999999463558197,0.01,0.059999998658895493,0,0,False,2,3,2022-01-01
1571,2022-05-01,SOM,4142,SOM,3,0.46000000000000008,0.61000001430511475,0.23000000000000001,0.2199999988079071,0.029999999999999999,0.059999998658895493,0,0,False,3,3,2022-01-01
1571,2022-07-01,SOM,4143,SOM,3,0.65000000000000002,0.54000002145767212,0.44999999999999996,0.31999999284744263,0.10000000000000001,0.070000000298023224,0,0,False,3,3,2022-01-01
1571,2022-10-01,SOM,4144,SOM,3,0.65000000000000002,0.50999999046325684,0.44999999999999996,0.28999999165534973,0.10000000000000001,0.070000000298023224,0,0,False,3,3,2022-01-01
1574,2022-01-01,SOM,4154,SOM,2,0.33000000000000002,0.50999999046325684,0.13999999999999999,0.25999999046325684,0.02,0.090000003576278687,0,0,False,2,3,2022-01-01
1574,2022-10-01,SOM,4155,SOM,3,0.75000000000000011,0.57999998331069946,0.55000000000000004,0.28999999165534973,0.14999999999999999,0.090000003576278687,0,0,False,3,3,2022-01-01
1575,2022-01-01,SOM,4161,SOM,2,0.33000000000000002,0.51999998092651367,0.13999999999999999,0.25999999046325684,0.02,0.090000003576278687,0,0,False,2,3,2022-01-01
1575,2022-10-01,SOM,4162,SOM,3,0.75000000000000011,0.57999998331069946,0.55000000000000004,0.28999999165534973,0.14999999999999999,0.090000003576278687,0,0,False,3,3,2022-01-01
1578,2022-01-01,SOM,4177,SOM,2,0.33999999999999997,0.62000000476837158,0.14999999999999999,0.2800000011920929,0.029999999999999999,0.059999998658895493,0,0,False,2,3,2022-01-01
1578,2022-05-01,SOM,4178,SOM,3,0.57999999999999996,0.62999999523162842,0.32999999999999996,0.31999999284744263,0.089999999999999997,0.079999998211860657,0,0,False,3,3,2022-01-01
1578,2022-07-01,SOM,4179,SOM,3,0.70000000000000007,0.54000002145767212,0.5,0.34999999403953552,0.10000000000000001,0.10999999940395355,0,0,False,3,3,2022-01-01
1578,2022-10-01,SOM,4180,SOM,3,0.70000000000000007,0.49000000953674316,0.5,0.34999999403953552,0.10000000000000001,0.10999999940395355,0,0,False,3,3,2022-01-01
1588,2022-05-01,SOM,4210,SOM,3,0.54999999999999993,0.56999999284744263,0.31,0.18999999761581421,0.080000000000000002,0.059999998658895493,0,0,False,3,2,2022-01-01
1589,2022-01-01,SOM,4211,SOM,2,0.27000000000000002,0.46000000834465027,0.089999999999999997,0.18999999761581421,0.01,0.059999998658895493,0,0,False,2,2,2022-01-01
1595,2022-01-01,SOM,4236,SOM,2,0.29000000000000004,0.47999998927116394,0.099999999999999992,0.25,0.01,0.059999998658895493,0,0,False,2,3,2022-01-01
1595,2022-05-01,SOM,4237,SOM,3,0.54999999999999993,0.60000002384185791,0.31,0.20000000298023224,0.080000000000000002,0.059999998658895493,0,0,False,3,3,2022-01-01
1595,2022-07-01,SOM,4238,SOM,3,0.59999999999999998,0.57999998331069946,0.40000000000000002,0.25,0.10000000000000001,0.10000000149011612,0,0,False,3,3,2022-01-01
1595,2022-10-01,SOM,4239,SOM,3,0.59999999999999998,0.52999997138977051,0.40000000000000002,0.28999999165534973,0.10000000000000001,0.11999999731779099,0,0,False,3,3,2022-01-01
1596,2022-01-01,SOM,4248,SOM,2,0.29000000000000004,0.49000000953674316,0.099999999999999992,0.25,0.01,0.059999998658895493,0,0,False,2,3,2022-01-01
1596,2022-05-01,SOM,4249,SOM,3,0.54999999999999993,0.60000002384185791,0.31,0.20000000298023224,0.080000000000000002,0.059999998658895493,0,0,False,3,3,2022-01-01
1596,2022-07-01,SOM,4250,SOM,3,0.59999999999999998,0.56999999284744263,0.40000000000000002,0.23000000417232513,0.10000000000000001,0.10000000149011612,0,0,False,3,3,2022-01-01
1596,2022-10-01,SOM,4251,SOM,3,0.59999999999999998,0.52999997138977051,0.40000000000000002,0.2800000011920929,0.10000000000000001,0.11999999731779099,0,0,False,3,3,2022-01-01
1600,2022-01-01,SOM,4260,SOM,3,0.43000000000000005,0.50999999046325684,0.22,0.23000000417232513,0.02,0.079999998211860657,0,0,False,3,3,2022-01-01
1600,2022-05-01,SOM,4261,SOM,3,0.60999999999999999,0.55000001192092896,0.37,0.2800000011920929,0.080000000000000002,0.079999998211860657,0,0,False,3,3,2022-01-01
1600,2022-07-01,SOM,4262,SOM,3,0.70000000000000007,0.54000002145767212,0.5,0.2800000011920929,0.10000000000000001,0.10999999940395355,0,0,False,3,3,2022-01-01
1600,2022-10-01,SOM,4263,SOM,3,0.65000000000000002,0.50999999046325684,0.44999999999999996,0.28999999165534973,0.10000000000000001,0.070000000298023224,0,0,False,3,3,2022-01-01
1604,2022-07-01,SOM,4266,SOM,3,0.70000000000000007,0.54000002145767212,0.5,0.30000001192092896,0.10000000000000001,0.10999999940395355,0,0,False,3,3,2022-01-01
1605,2022-07-01,SOM,4273,SOM,3,0.59999999999999998,0.55000001192092896,0.40000000000000002,0.23999999463558197,0.10000000000000001,0.10000000149011612,0,0,False,3,3,2022-01-01
1605,2022-10-01,SOM,4274,SOM,3,0.59999999999999998,0.47999998927116394,0.40000000000000002,0.23999999463558197,0.10000000000000001,0.070000000298023224,0,0,False,3,3,2022-01-01
1608,2022-01-01,SOM,4283,SOM,3,0.43000000000000005,0.5,0.22,0.25,0.02,0.079999998211860657,0,0,False,3,3,2022-01-01
1608,2022-05-01,SOM,4284,SOM,3,0.60999999999999999,0.56999999284744263,0.37,0.28999999165534973,0.080000000000000002,0.079999998211860657,0,0,False,3,3,2022-01-01
1608,2022-07-01,SOM,4285,SOM,3,0.70000000000000007,0.55000001192092896,0.5,0.30000001192092896,0.10000000000000001,0.10999999940395355,0,0,False,3,3,2022-01-01
1608,2022-10-01,SOM,4286,SOM,3,0.65000000000000002,0.49000000953674316,0.44999999999999996,0.2800000011920929,0.10000000000000001,0.10000000149011612,0,0,False,3,3,2022-01-01
1609,2022-07-01,SOM,4293,SOM,3,0.59999999999999998,0.56000000238418579,0.40000000000000002,0.23999999463558197,0.10000000000000001,0.10000000149011612,0,0,False,3,3,2022-01-01
1609,2022-10-01,SOM,4294,SOM,3,0.59999999999999998,0.49000000953674316,0.40000000000000002,0.23000000417232513,0.10000000000000001,0.10000000149011612,0,0,False,3,3,2022-01-01
1622,2022-01-01,SOM,4319,SOM,3,0.37,0.55000001192092896,0.20999999999999999,0.31999999284744263,0.059999999999999998,0.10000000149011612,0,0,False,3,3,2022-01-01
1622,2022-10-01,SOM,4320,SOM,3,0.75000000000000011,0.49000000953674316,0.55000000000000004,0.31000000238418579,0.14999999999999999,0.10000000149011612,0,0,False,3,3,2022-01-01
1623,2022-01-01,SOM,4323,SOM,3,0.37,0.55000001192092896,0.20999999999999999,0.31999999284744263,0.059999999999999998,0.10000000149011612,0,0,False,3,3,2022-01-01
1623,2022-10-01,SOM,4324,SOM,3,0.75000000000000011,0.49000000953674316,0.55000000000000004,0.31000000238418579,0.14999999999999999,0.10000000149011612,0,0,False,3,3,2022-01-01
1624,2022-01-01,SOM,4332,SOM,3,0.43000000000000005,0.49000000953674316,0.22,0.31000000238418579,0.02,0.079999998211860657,0,0,False,3,3,2022-01-01
1624,2022-05-01,SOM,4333,SOM,3,0.60999999999999999,0.57999998331069946,0.37,0.36000001430511475,0.080000000000000002,0.079999998211860657,0,0,False,3,3,2022-01-01
1624,2022-07-01,SOM,4334,SOM,3,0.75000000000000011,0.55000001192092896,0.55000000000000004,0.37999999523162842,0.15000000000000002,0.090000003576278687,0.050000000000000003,0,False,3,3,2022-01-01
1624,2022-10-01,SOM,4335,SOM,3,0.70000000000000007,0.4699999988079071,0.5,0.34000000357627869,0.14999999999999999,0.10000000149011612,0,0,False,3,3,2022-01-01
1629,2022-01-01,SOM,4355,SOM,3,0.43000000000000005,0.44999998807907104,0.22,0.25999999046325684,0.02,0.059999998658895493,0,0,False,3,3,2022-01-01
1629,2022-05-01,SOM,4356,SOM,3,0.60999999999999999,0.54000002145767212,0.37,0.34999999403953552,0.080000000000000002,0.079999998211860657,0,0,False,3,3,2022-01-01
1629,2022-07-01,SOM,4357,SOM,4,0.80000000000000016,0.54000002145767212,0.60000000000000009,0.37999999523162842,0.20000000000000001,0.10999999940395355,0.050000000000000003,0,False,4,3,2022-01-01
1629,2022-10-01,SOM,4358,SOM,3,0.75000000000000011,0.46000000834465027,0.55000000000000004,0.34000000357627869,0.15000000000000002,0.10000000149011612,0.050000000000000003,0,False,3,3,2022-01-01
1635,2022-07-01,SOM,4367,SOM,4,0.80000000000000016,0.56000000238418579,0.60000000000000009,0.30000001192092896,0.20000000000000001,0.10999999940395355,0.050000000000000003,0,False,4,3,2022-01-01
1638,2022-01-01,SOM,4375,SOM,3,0.43000000000000005,0.56000000238418579,0.22,0.28999999165534973,0.02,0.079999998211860657,0,0,False,3,3,2022-01-01
1638,2022-05-01,SOM,4376,SOM,3,0.60999999999999999,0.52999997138977051,0.37,0.28999999165534973,0.080000000000000002,0.070000000298023224,0,0,False,3,3,2022-01-01
1640,2022-01-01,SOM,4388,SOM,3,0.43000000000000005,0.46000000834465027,0.22,0.27000001072883606,0.02,0.070000000298023224,0,0,False,3,3,2022-01-01
1640,2022-05-01,SOM,4389,SOM,3,0.60999999999999999,0.55000001192092896,0.37,0.31999999284744263,0.080000000000000002,0.079999998211860657,0,0,False,3,3,2022-01-01
1640,2022-10-01,SOM,4390,SOM,3,0.75000000000000011,0.55000001192092896,0.55000000000000004,0.34000000357627869,0.15000000000000002,0.10000000149011612,0.050000000000000003,0,False,3,3,2022-01-01
1646,2022-01-01,SOM,4395,SOM,3,0.43000000000000005,0.57999998331069946,0.22,0.25,0.02,0.079999998211860657,0,0,False,3,3,2022-01-01
1646,2022-05-01,SOM,4396,SOM,3,0.60999999999999999,0.51999998092651367,0.37,0.23000000417232513,0.080000000000000002,0.070000000298023224,0,0,False,3,3,2022-01-01
1650,2022-05-01,SOM,4406,SOM,3,0.76000000000000001,0.55000001192092896,0.43000000000000005,0.25,0.10000000000000001,0.090000003576278687,0,0,False,3,3,2022-01-01
1650,2022-07-01,SOM,4407,SOM,3,0.70000000000000007,0.62000000476837158,0.5,0.36000001430511475,0.10000000000000001,0.10000000149011612,0,0,False,3,3,2022-01-01
1650,2022-10-01,SOM,4408,SOM,3,0.70000000000000007,0.56000000238418579,0.5,0.31000000238418579,0.10000000000000001,0.090000003576278687,0,0,False,3,3,2022-01-01
1652,2022-01-01,SOM,4410,SOM,3,0.54000000000000004,0.4699999988079071,0.22,0.2199999988079071,0.02,0.070000000298023224,0,0,False,3,3,2022-01-01
1663,2022-01-01,SOM,4429,SOM,3,0.37,0.55000001192092896,0.20999999999999999,0.31000000238418579,0.059999999999999998,0.090000003576278687,0,0,False,3,3,2022-01-01
1663,2022-05-01,SOM,4430,SOM,3,0.65000000000000002,0.52999997138977051,0.41999999999999998,0.31000000238418579,0.11,0.090000003576278687,0,0,False,3,3,2022-01-01
1663,2022-07-01,SOM,4431,SOM,3,0.55000000000000004,0.5899999737739563,0.34999999999999998,0.41999998688697815,0.10000000000000001,0.10000000149011612,0,0,False,3,3,2022-01-01
1663,2022-10-01,SOM,4432,SOM,3,0.55000000000000004,0.47999998927116394,0.34999999999999998,0.34000000357627869,0.10000000000000001,0.090000003576278687,0,0,False,3,3,2022-01-01
1664,2022-01-01,SOM,4440,SOM,3,0.37,0.55000001192092896,0.20999999999999999,0.31000000238418579,0.059999999999999998,0.090000003576278687,0,0,False,3,3,2022-01-01
1664,2022-05-01,SOM,4441,SOM,3,0.65000000000000002,0.52999997138977051,0.41999999999999998,0.31000000238418579,0.11,0.090000003576278687,0,0,False,3,3,2022-01-01
1664,2022-07-01,SOM,4442,SOM,3,0.55000000000000004,0.5899999737739563,0.34999999999999998,0.41999998688697815,0.10000000000000001,0.10000000149011612,0,0,False,3,3,2022-01-01
1664,2022-10-01,SOM,4443,SOM,3,0.55000000000000004,0.47999998927116394,0.34999999999999998,0.34000000357627869,0.10000000000000001,0.090000003576278687,0,0,False,3,3,2022-01-01
1667,2022-01-01,SOM,4455,SOM,3,0.37,0.54000002145767212,0.20999999999999999,0.34999999403953552,0.059999999999999998,0.10000000149011612,0,0,False,3,3,2022-01-01
1667,2022-05-01,SOM,4456,SOM,3,0.65000000000000002,0.52999997138977051,0.41999999999999998,0.31000000238418579,0.11,0.10000000149011612,0,0,False,3,3,2022-01-01
1667,2022-07-01,SOM,4457,SOM,3,0.55000000000000004,0.56000000238418579,0.34999999999999998,0.34000000357627869,0.10000000000000001,0.10000000149011612,0,0,False,3,3,2022-01-01
1667,2022-10-01,SOM,4458,SOM,3,0.55000000000000004,0.52999997138977051,0.34999999999999998,0.30000001192092896,0.10000000000000001,0.090000003576278687,0,0,False,3,3,2022-01-01
1671,2022-01-01,SOM,4472,SOM,3,0.37,0.57999998331069946,0.20999999999999999,0.34999999403953552,0.059999999999999998,0.10000000149011612,0,0,False,3,3,2022-01-01
1671,2022-05-01,SOM,4473,SOM,3,0.65000000000000002,0.50999999046325684,0.41999999999999998,0.31999999284744263,0.11,0.10000000149011612,0,0,False,3,3,2022-01-01
1671,2022-07-01,SOM,4474,SOM,3,0.55000000000000004,0.56000000238418579,0.34999999999999998,0.36000001430511475,0.10000000000000001,0.10000000149011612,0,0,False,3,3,2022-01-01
1671,2022-10-01,SOM,4475,SOM,3,0.55000000000000004,0.52999997138977051,0.34999999999999998,0.31999999284744263,0.10000000000000001,0.10000000149011612,0,0,False,3,3,2022-01-01
1673,2022-10-01,SOM,4484,SOM,3,0.55000000000000004,0.49000000953674316,0.34999999999999998,0.28999999165534973,0.10000000000000001,0.079999998211860657,0,0,False,3,3,2022-01-01
1674,2022-10-01,SOM,4491,SOM,3,0.55000000000000004,0.49000000953674316,0.34999999999999998,0.30000001192092896,0.10000000000000001,0.079999998211860657,0,0,False,3,3,2022-01-01
1675,2022-01-01,SOM,4502,SOM,3,0.54000000000000004,0.49000000953674316,0.22,0.23000000417232513,0.02,0.090000003576278687,0,0,False,3,3,2022-01-01
1675,2022-05-01,SOM,4503,SOM,3,0.76000000000000001,0.55000001192092896,0.43000000000000005,0.25999999046325684,0.10000000000000001,0.090000003576278687,0,0,False,3,3,2022-01-01
1675,2022-07-01,SOM,4504,SOM,3,0.70000000000000007,0.62999999523162842,0.5,0.36000001430511475,0.10000000000000001,0.10000000149011612,0,0,False,3,3,2022-01-01
1675,2022-10-01,SOM,4505,SOM,3,0.70000000000000007,0.5899999737739563,0.5,0.31999999284744263,0.10000000000000001,0.090000003576278687,0,0,False,3,3,2022-01-01
1681,2022-10-01,SOM,4515,SOM,3,0.70000000000000007,0.5899999737739563,0.5,0.30000001192092896,0.10000000000000001,0.090000003576278687,0,0,False,3,3,2022-01-01
1683,2022-10-01,SOM,4521,SOM,3,0.55000000000000004,0.49000000953674316,0.34999999999999998,0.28999999165534973,0.10000000000000001,0.079999998211860657,0,0,False,3,3,2022-01-01
1691,2022-01-01,SOM,4536,SOM,3,0.54000000000000004,0.55000001192092896,0.22,0.2800000011920929,0.02,0.090000003576278687,0,0,False,3,3,2022-01-01
1691,2022-05-01,SOM,4537,SOM,3,0.76000000000000001,0.56999999284744263,0.43000000000000005,0.27000001072883606,0.10000000000000001,0.090000003576278687,0,0,False,3,3,2022-01-01
1691,2022-07-01,SOM,4538,SOM,3,0.70000000000000007,0.63999998569488525,0.5,0.34000000357627869,0.10000000000000001,0.10000000149011612,0,0,False,3,3,2022-01-01
1691,2022-10-01,SOM,4539,SOM,3,0.70000000000000007,0.60000002384185791,0.5,0.33000001311302185,0.10000000000000001,0.10000000149011612,0,0,False,3,3,2022-01-01
1692,2022-10-01,SOM,4544,SOM,3,0.55000000000000004,0.47999998927116394,0.34999999999999998,0.31000000238418579,0.10000000000000001,0.079999998211860657,0,0,False,3,3,2022-01-01
1695,2022-01-01,SOM,4555,SOM,3,0.54000000000000004,0.55000001192092896,0.22,0.2199999988079071,0.02,0.090000003576278687,0,0,False,3,3,2022-01-01
1695,2022-05-01,SOM,4556,SOM,3,0.76000000000000001,0.55000001192092896,0.43000000000000005,0.27000001072883606,0.10000000000000001,0.090000003576278687,0,0,False,3,3,2022-01-01
1695,2022-07-01,SOM,4557,SOM,3,0.75000000000000011,0.62999999523162842,0.55000000000000004,0.34000000357627869,0.15000000000000002,0.10000000149011612,0.050000000000000003,0,False,3,3,2022-01-01
1695,2022-10-01,SOM,4558,SOM,3,0.75000000000000011,0.60000002384185791,0.55000000000000004,0.31999999284744263,0.15000000000000002,0.090000003576278687,0.050000000000000003,0,False,3,3,2022-01-01
1696,2022-01-01,SOM,4567,SOM,3,0.54000000000000004,0.55000001192092896,0.22,0.2199999988079071,0.02,0.090000003576278687,0,0,False,3,3,2022-01-01
1696,2022-05-01,SOM,4568,SOM,3,0.76000000000000001,0.55000001192092896,0.43000000000000005,0.27000001072883606,0.10000000000000001,0.090000003576278687,0,0,False,3,3,2022-01-01
1696,2022-07-01,SOM,4569,SOM,3,0.75000000000000011,0.62999999523162842,0.55000000000000004,0.34000000357627869,0.15000000000000002,0.10000000149011612,0.050000000000000003,0,False,3,3,2022-01-01
1696,2022-10-01,SOM,4570,SOM,3,0.75000000000000011,0.60000002384185791,0.55000000000000004,0.31999999284744263,0.15000000000000002,0.090000003576278687,0.050000000000000003,0,False,3,3,2022-01-01
1698,2022-05-01,SOM,4575,SOM,3,0.76000000000000001,0.54000002145767212,0.43000000000000005,0.28999999165534973,0.10000000000000001,0.070000000298023224,0,0,False,3,3,2022-01-01
1698,2022-10-01,SOM,4576,SOM,3,0.75000000000000011,0.52999997138977051,0.55000000000000004,0.37000000476837158,0.15000000000000002,0.070000000298023224,0.050000000000000003,0,False,3,3,2022-01-01
1702,2022-10-01,SOM,4581,SOM,3,0.70000000000000007,0.56000000238418579,0.5,0.34999999403953552,0.10000000000000001,0.10000000149011612,0,0,False,3,3,2022-01-01
1712,2022-01-01,SOM,4593,SOM,3,0.47000000000000003,0.57999998331069946,0.20000000000000001,0.23000000417232513,0.050000000000000003,0.10000000149011612,0,0,False,3,3,2022-01-01
1712,2022-05-01,SOM,4594,SOM,3,0.67999999999999994,0.56000000238418579,0.39000000000000001,0.27000001072883606,0.10000000000000001,0.10000000149011612,0,0,False,3,3,2022-01-01
1712,2022-10-01,SOM,4595,SOM,3,0.55000000000000004,0.54000002145767212,0.34999999999999998,0.30000001192092896,0.10000000000000001,0.090000003576278687,0,0,False,3,3,2022-01-01
1715,2022-01-01,SOM,4605,SOM,3,0.47000000000000003,0.60000002384185791,0.20000000000000001,0.25999999046325684,0.050000000000000003,0.10000000149011612,0,0,False,3,3,2022-01-01
1715,2022-05-01,SOM,4606,SOM,3,0.67999999999999994,0.57999998331069946,0.39000000000000001,0.30000001192092896,0.10000000000000001,0.10000000149011612,0,0,False,3,3,2022-01-01
1715,2022-10-01,SOM,4607,SOM,3,0.55000000000000004,0.55000001192092896,0.34999999999999998,0.31999999284744263,0.10000000000000001,0.10000000149011612,0,0,False,3,3,2022-01-01
1718,2022-01-01,SOM,4614,SOM,3,0.47000000000000003,0.54000002145767212,0.20000000000000001,0.2800000011920929,0.050000000000000003,0.10999999940395355,0,0,False,3,3,2022-01-01
1718,2022-05-01,SOM,4615,SOM,3,0.67999999999999994,0.56999999284744263,0.39000000000000001,0.34000000357627869,0.10000000000000001,0.10999999940395355,0,0,False,3,3,2022-01-01
1718,2022-10-01,SOM,4616,SOM,3,0.70000000000000007,0.55000001192092896,0.5,0.33000001311302185,0.10000000000000001,0.090000003576278687,0,0,False,3,3,2022-01-01
1719,2022-01-01,SOM,4623,SOM,3,0.47000000000000003,0.54000002145767212,0.20000000000000001,0.2800000011920929,0.050000000000000003,0.10999999940395355,0,0,False,3,3,2022-01-01
1719,2022-05-01,SOM,4624,SOM,3,0.67999999999999994,0.56999999284744263,0.39000000000000001,0.34000000357627869,0.10000000000000001,0.10999999940395355,0,0,False,3,3,2022-01-01
1719,2022-10-01,SOM,4625,SOM,3,0.70000000000000007,0.55000001192092896,0.5,0.33000001311302185,0.10000000000000001,0.090000003576278687,0,0,False,3,3,2022-01-01
1721,2022-10-01,SOM,4632,SOM,3,0.59999999999999998,0.54000002145767212,0.40000000000000002,0.31000000238418579,0.10000000000000001,0.10000000149011612,0,0,False,3,3,2022-01-01
1727,2022-01-01,SOM,4642,SOM,2,0.32000000000000001,0.56000000238418579,0.14000000000000001,0.31999999284744263,0.040000000000000001,0.090000003576278687,0,0,False,2,3,2022-01-01
1727,2022-05-01,SOM,4643,SOM,3,0.47000000000000003,0.55000001192092896,0.23999999999999999,0.33000001311302185,0.059999999999999998,0.090000003576278687,0,0,False,3,3,2022-01-01
1727,2022-07-01,SOM,4644,SOM,3,0.5,0.63999998569488525,0.29999999999999999,0.40000000596046448,0.050000000000000003,0.10000000149011612,0,0,False,3,3,2022-01-01
1727,2022-10-01,SOM,4645,SOM,3,0.5,0.55000001192092896,0.29999999999999999,0.31000000238418579,0.050000000000000003,0.079999998211860657,0,0,False,3,3,2022-01-01
1728,2022-01-01,SOM,4654,SOM,2,0.32000000000000001,0.5,0.14000000000000001,0.31000000238418579,0.040000000000000001,0.090000003576278687,0,0,False,2,3,2022-01-01
1728,2022-05-01,SOM,4655,SOM,3,0.47000000000000003,0.47999998927116394,0.23999999999999999,0.30000001192092896,0.059999999999999998,0.090000003576278687,0,0,False,3,3,2022-01-01
1728,2022-07-01,SOM,4656,SOM,3,0.5,0.56999999284744263,0.29999999999999999,0.36000001430511475,0.050000000000000003,0.10000000149011612,0,0,False,3,3,2022-01-01
1728,2022-10-01,SOM,4657,SOM,3,0.5,0.52999997138977051,0.29999999999999999,0.2800000011920929,0.050000000000000003,0.079999998211860657,0,0,False,3,3,2022-01-01
1729,2022-01-01,SOM,4659,SOM,2,0.32000000000000001,0.5,0.14000000000000001,0.28999999165534973,0.040000000000000001,0.090000003576278687,0,0,False,2,3,2022-01-01
1729,2022-10-01,SOM,4660,SOM,3,0.55000000000000004,0.5899999737739563,0.34999999999999998,0.31999999284744263,0.10000000000000001,0.090000003576278687,0,0,False,3,3,2022-01-01
1730,2022-01-01,SOM,4662,SOM,2,0.32000000000000001,0.5,0.14000000000000001,0.28999999165534973,0.040000000000000001,0.090000003576278687,0,0,False,2,3,2022-01-01
1730,2022-10-01,SOM,4663,SOM,3,0.55000000000000004,0.5899999737739563,0.34999999999999998,0.31999999284744263,0.10000000000000001,0.090000003576278687,0,0,False,3,3,2022-01-01
1736,2022-01-01,SOM,4673,SOM,2,0.32000000000000001,0.57999998331069946,0.14000000000000001,0.28999999165534973,0.040000000000000001,0.079999998211860657,0,0,False,2,3,2022-01-01
1736,2022-05-01,SOM,4674,SOM,3,0.47000000000000003,0.61000001430511475,0.23999999999999999,0.30000001192092896,0.059999999999999998,0.079999998211860657,0,0,False,3,3,2022-01-01
1736,2022-07-01,SOM,4675,SOM,3,0.55000000000000004,0.5899999737739563,0.34999999999999998,0.34999999403953552,0.10000000000000001,0.070000000298023224,0,0,False,3,3,2022-01-01
1736,2022-10-01,SOM,4676,SOM,3,0.55000000000000004,0.56000000238418579,0.34999999999999998,0.31999999284744263,0.10000000000000001,0.070000000298023224,0,0,False,3,3,2022-01-01
1737,2022-01-01,SOM,4685,SOM,2,0.32000000000000001,0.57999998331069946,0.14000000000000001,0.28999999165534973,0.040000000000000001,0.079999998211860657,0,0,False,2,3,2022-01-01
1737,2022-05-01,SOM,4686,SOM,3,0.47000000000000003,0.61000001430511475,0.23999999999999999,0.30000001192092896,0.059999999999999998,0.079999998211860657,0,0,False,3,3,2022-01-01
1737,2022-07-01,SOM,4687,SOM,3,0.55000000000000004,0.5899999737739563,0.34999999999999998,0.34999999403953552,0.10000000000000001,0.070000000298023224,0,0,False,3,3,2022-01-01
1737,2022-10-01,SOM,4688,SOM,3,0.55000000000000004,0.56000000238418579,0.34999999999999998,0.31999999284744263,0.10000000000000001,0.070000000298023224,0,0,False,3,3,2022-01-01
1738,2022-01-01,SOM,4692,SOM,2,0.32000000000000001,0.56000000238418579,0.14000000000000001,0.2800000011920929,0.040000000000000001,0.090000003576278687,0,0,False,2,3,2022-01-01
1738,2022-07-01,SOM,4693,SOM,3,0.5,0.62000000476837158,0.29999999999999999,0.33000001311302185,0.050000000000000003,0.090000003576278687,0,0,False,3,3,2022-01-01
1739,2022-01-01,SOM,4697,SOM,2,0.32000000000000001,0.56000000238418579,0.14000000000000001,0.28999999165534973,0.040000000000000001,0.090000003576278687,0,0,False,2,3,2022-01-01
1739,2022-07-01,SOM,4698,SOM,3,0.5,0.62000000476837158,0.29999999999999999,0.33000001311302185,0.050000000000000003,0.090000003576278687,0,0,False,3,3,2022-01-01
1740,2022-05-01,SOM,4702,SOM,3,0.47000000000000003,0.60000002384185791,0.23999999999999999,0.25999999046325684,0.059999999999999998,0.090000003576278687,0,0,False,3,3,2022-01-01
1743,2022-05-01,SOM,4707,SOM,3,0.47000000000000003,0.62000000476837158,0.23999999999999999,0.2800000011920929,0.059999999999999998,0.090000003576278687,0,0,False,3,3,2022-01-01
495,2022-02-01,SSD,1129,SSD,4,0.94999999999999996,0.60000002384185791,0.85000000000000009,0.2800000011920929,0.5,0.059999998658895493,0.050000000000000003,0,False,4,3,2022-01-01
495,2022-10-01,SSD,1130,SSD,3,0.84999999999999998,0.68000000715255737,0.40000000000000002,0.2800000011920929,0.10000000000000001,0.059999998658895493,0,0,False,3,3,2022-01-01
496,2022-02-01,SSD,1134,SSD,4,0.94999999999999996,0.60000002384185791,0.85000000000000009,0.2800000011920929,0.5,0.059999998658895493,0.050000000000000003,0,False,4,3,2022-01-01
496,2022-10-01,SSD,1135,SSD,3,0.84999999999999998,0.68000000715255737,0.40000000000000002,0.2800000011920929,0.10000000000000001,0.059999998658895493,0,0,False,3,3,2022-01-01
512,2022-10-01,SSD,1163,SSD,4,0.89999999999999991,0.6600000262260437,0.64999999999999991,0.38999998569488525,0.29999999999999999,0.079999998211860657,0,0,False,4,3,2022-01-01
513,2022-10-01,SSD,1168,SSD,4,0.89999999999999991,0.6600000262260437,0.64999999999999991,0.37999999523162842,0.29999999999999999,0.079999998211860657,0,0,False,4,3,2022-01-01
520,2022-02-01,SSD,1180,SSD,3,0.84999999999999998,0.6600000262260437,0.59999999999999998,0.31999999284744263,0.14999999999999999,0.079999998211860657,0,0,False,3,3,2022-01-01
521,2022-02-01,SSD,1181,SSD,3,0.84999999999999998,0.6600000262260437,0.59999999999999998,0.31999999284744263,0.14999999999999999,0.079999998211860657,0,0,False,3,3,2022-01-01
568,2022-10-01,SSD,1285,SSD,4,0.85000000000000009,0.69999998807907104,0.64999999999999991,0.33000001311302185,0.29999999999999999,0.090000003576278687,0,0,False,4,3,2022-01-01
577,2022-10-01,SSD,1326,SSD,2,0.55000000000000004,0.68999999761581421,0.14999999999999999,0.28999999165534973,0,0.059999998658895493,0,0,False,2,3,2022-01-01
578,2022-10-01,SSD,1337,SSD,2,0.55000000000000004,0.68999999761581421,0.14999999999999999,0.28999999165534973,0,0.059999998658895493,0,0,False,2,3,2022-01-01
605,2022-10-01,SSD,1444,SSD,4,0.80000000000000004,0.68999999761581421,0.55000000000000004,0.33000001311302185,0.29999999999999999,0.070000000298023224,0,0,False,4,3,2022-01-01
606,2022-10-01,SSD,1448,SSD,4,0.80000000000000004,0.68999999761581421,0.55000000000000004,0.33000001311302185,0.29999999999999999,0.070000000298023224,0,0,False,4,3,2022-01-01
637,2022-02-01,SSD,1615,SSD,4,0.94999999999999996,0.67000001668930054,0.65000000000000002,0.30000001192092896,0.20000000000000001,0.079999998211860657,0,0,False,4,3,2022-01-01
637,2022-10-01,SSD,1616,SSD,4,0.84999999999999987,0.72000002861022949,0.55000000000000004,0.30000001192092896,0.20000000000000001,0.079999998211860657,0,0,False,4,3,2022-01-01
638,2022-02-01,SSD,1625,SSD,4,0.94999999999999996,0.68000000715255737,0.65000000000000002,0.30000001192092896,0.20000000000000001,0.079999998211860657,0,0,False,4,3,2022-01-01
638,2022-10-01,SSD,1626,SSD,4,0.84999999999999987,0.72000002861022949,0.55000000000000004,0.30000001192092896,0.20000000000000001,0.079999998211860657,0,0,False,4,3,2022-01-01
639,2022-02-01,SSD,1633,SSD,4,0.85000000000000009,0.69999998807907104,0.64999999999999991,0.28999999165534973,0.29999999999999999,0.079999998211860657,0,0,False,4,3,2022-01-01
640,2022-02-01,SSD,1640,SSD,4,0.85000000000000009,0.69999998807907104,0.64999999999999991,0.28999999165534973,0.29999999999999999,0.079999998211860657,0,0,False,4,3,2022-01-01
642,2022-10-01,SSD,1643,SSD,4,0.80000000000000004,0.74000000953674316,0.55000000000000004,0.31999999284744263,0.25,0.079999998211860657,0,0,False,4,3,2022-01-01
643,2022-10-01,SSD,1645,SSD,4,0.80000000000000004,0.74000000953674316,0.55000000000000004,0.31999999284744263,0.25,0.079999998211860657,0,0,False,4,3,2022-01-01
668,2022-02-01,SSD,1823,SSD,2,0.5,0.6600000262260437,0.14999999999999999,0.33000001311302185,0,0.070000000298023224,0,0,False,2,3,2022-01-01
668,2022-07-01,SSD,1824,SSD,3,0.75,0.62000000476837158,0.25,0.2800000011920929,0.050000000000000003,0.059999998658895493,0,0,False,3,3,2022-01-01
669,2022-02-01,SSD,1831,SSD,2,0.5,0.6600000262260437,0.14999999999999999,0.33000001311302185,0,0.070000000298023224,0,0,False,2,3,2022-01-01
669,2022-07-01,SSD,1832,SSD,3,0.75,0.62000000476837158,0.25,0.2800000011920929,0.050000000000000003,0.059999998658895493,0,0,False,3,3,2022-01-01
670,2022-02-01,SSD,1834,SSD,4,0.90000000000000002,0.68999999761581421,0.65000000000000002,0.34000000357627869,0.25,0.079999998211860657,0,0,False,4,3,2022-01-01
671,2022-02-01,SSD,1836,SSD,4,0.90000000000000002,0.68999999761581421,0.65000000000000002,0.34000000357627869,0.25,0.079999998211860657,0,0,False,4,3,2022-01-01
672,2022-02-01,SSD,1846,SSD,3,0.79999999999999993,0.69999998807907104,0.44999999999999996,0.31000000238418579,0.14999999999999999,0.079999998211860657,0,0,False,3,3,2022-01-01
672,2022-10-01,SSD,1847,SSD,3,0.80000000000000004,0.72000002861022949,0.55000000000000004,0.25999999046325684,0.14999999999999999,0.070000000298023224,0,0,False,3,3,2022-01-01
673,2022-02-01,SSD,1857,SSD,3,0.79999999999999993,0.69999998807907104,0.44999999999999996,0.31000000238418579,0.14999999999999999,0.079999998211860657,0,0,False,3,3,2022-01-01
673,2022-10-01,SSD,1858,SSD,3,0.80000000000000004,0.72000002861022949,0.55000000000000004,0.25999999046325684,0.14999999999999999,0.070000000298023224,0,0,False,3,3,2022-01-01
678,2022-02-01,SSD,1917,SSD,4,0.94999999999999996,0.69999998807907104,0.80000000000000004,0.30000001192092896,0.34999999999999998,0.079999998211860657,0,0,False,4,3,2022-01-01
678,2022-04-01,SSD,1918,SSD,2,0.39999999999999997,0.69999998807907104,0.15000000000000002,0.40999999642372131,0.050000000000000003,0.079999998211860657,0,0,False,2,3,2022-01-01
679,2022-02-01,SSD,1923,SSD,4,0.94999999999999996,0.70999997854232788,0.80000000000000004,0.30000001192092896,0.34999999999999998,0.079999998211860657,0,0,False,4,3,2022-01-01
679,2022-04-01,SSD,1924,SSD,2,0.39999999999999997,0.69999998807907104,0.15000000000000002,0.40999999642372131,0.050000000000000003,0.079999998211860657,0,0,False,2,3,2022-01-01
682,2022-02-01,SSD,1942,SSD,4,0.94999999999999996,0.64999997615814209,0.85000000000000009,0.33000001311302185,0.5,0.079999998211860657,0.050000000000000003,0,False,4,3,2022-01-01
683,2022-02-01,SSD,1944,SSD,4,0.94999999999999996,0.6600000262260437,0.85000000000000009,0.33000001311302185,0.5,0.079999998211860657,0.050000000000000003,0,False,4,3,2022-01-01
691,2022-02-01,SSD,1977,SSD,3,0.84999999999999998,0.62000000476837158,0.55000000000000004,0.33000001311302185,0.14999999999999999,0.079999998211860657,0,0,False,3,3,2022-01-01
692,2022-02-01,SSD,1981,SSD,3,0.84999999999999998,0.61000001430511475,0.55000000000000004,0.33000001311302185,0.14999999999999999,0.079999998211860657,0,0,False,3,3,2022-01-01
701,2022-02-01,SSD,2028,SSD,4,0.94999999999999996,0.68000000715255737,0.80000000000000004,0.37999999523162842,0.5,0.079999998211860657,0.050000000000000003,0,False,4,3,2022-01-01
702,2022-02-01,SSD,2032,SSD,4,0.94999999999999996,0.6600000262260437,0.80000000000000004,0.37999999523162842,0.5,0.079999998211860657,0.050000000000000003,0,False,4,3,2022-01-01
711,2022-02-01,SSD,2118,SSD,3,0.80000000000000004,0.6600000262260437,0.45000000000000001,0.23000000417232513,0.050000000000000003,0.059999998658895493,0,0,False,3,3,2022-01-01
711,2022-07-01,SSD,2119,SSD,3,0.75,0.60000002384185791,0.25,0.31999999284744263,0.050000000000000003,0.059999998658895493,0,0,False,3,3,2022-01-01
712,2022-02-01,SSD,2133,SSD,3,0.80000000000000004,0.6600000262260437,0.45000000000000001,0.23000000417232513,0.050000000000000003,0.059999998658895493,0,0,False,3,3,2022-01-01
712,2022-07-01,SSD,2134,SSD,3,0.75,0.60000002384185791,0.25,0.31999999284744263,0.050000000000000003,0.059999998658895493,0,0,False,3,3,2022-01-01
723,2022-02-01,SSD,2162,SSD,4,0.99999999999999989,0.6600000262260437,0.84999999999999998,0.33000001311302185,0.5,0.079999998211860657,0.080000000000000002,0,False,4,3,2022-01-01
724,2022-02-01,SSD,2165,SSD,4,0.99999999999999989,0.6600000262260437,0.84999999999999998,0.31000000238418579,0.5,0.079999998211860657,0.080000000000000002,0,False,4,3,2022-01-01
732,2022-06-01,SSD,2195,SSD,3,0.5,0.69999998807907104,0.20000000000000001,0.25999999046325684,0,0.05000000074505806,0,0,False,3,3,2022-01-01
732,2022-10-01,SSD,2196,SSD,3,0.80000000000000004,0.68000000715255737,0.29999999999999999,0.28999999165534973,0.050000000000000003,0.05000000074505806,0,0,False,3,3,2022-01-01
733,2022-06-01,SSD,2206,SSD,3,0.5,0.70999997854232788,0.20000000000000001,0.25999999046325684,0,0.05000000074505806,0,0,False,3,3,2022-01-01
733,2022-10-01,SSD,2207,SSD,3,0.80000000000000004,0.68000000715255737,0.29999999999999999,0.28999999165534973,0.050000000000000003,0.05000000074505806,0,0,False,3,3,2022-01-01
735,2022-02-01,SSD,2221,SSD,3,0.90000000000000002,0.67000001668930054,0.55000000000000004,0.20999999344348907,0.050000000000000003,0.059999998658895493,0,0,False,3,3,2022-01-01
735,2022-10-01,SSD,2222,SSD,3,0.80000000000000004,0.69999998807907104,0.34999999999999998,0.30000001192092896,0.050000000000000003,0.059999998658895493,0,0,False,3,3,2022-01-01
736,2022-02-01,SSD,2231,SSD,3,0.90000000000000002,0.67000001668930054,0.55000000000000004,0.20999999344348907,0.050000000000000003,0.059999998658895493,0,0,False,3,3,2022-01-01
736,2022-10-01,SSD,2232,SSD,3,0.80000000000000004,0.69999998807907104,0.34999999999999998,0.30000001192092896,0.050000000000000003,0.059999998658895493,0,0,False,3,3,2022-01-01
748,2022-02-01,SSD,2239,SSD,4,0.95000000000000007,0.64999997615814209,0.85000000000000009,0.33000001311302185,0.40000000000000002,0.079999998211860657,0,0,False,4,3,2022-01-01
749,2022-02-01,SSD,2240,SSD,4,0.95000000000000007,0.63999998569488525,0.85000000000000009,0.33000001311302185,0.40000000000000002,0.079999998211860657,0,0,False,4,3,2022-01-01
760,2022-02-01,SSD,2279,SSD,3,0.84999999999999998,0.68999999761581421,0.5,0.34999999403953552,0.10000000000000001,0.070000000298023224,0,0,False,3,3,2022-01-01
762,2022-02-01,SSD,2290,SSD,3,0.84999999999999998,0.69999998807907104,0.5,0.37000000476837158,0.10000000000000001,0.070000000298023224,0,0,False,3,3,2022-01-01
768,2022-02-01,SSD,2295,SSD,4,0.90000000000000002,0.63999998569488525,0.75,0.34000000357627869,0.34999999999999998,0.079999998211860657,0,0,False,4,3,2022-01-01
769,2022-02-01,SSD,2298,SSD,4,0.90000000000000002,0.63999998569488525,0.75,0.34000000357627869,0.34999999999999998,0.079999998211860657,0,0,False,4,3,2022-01-01
779,2022-02-01,SSD,2317,SSD,4,0.95000000000000007,0.64999997615814209,0.85000000000000009,0.27000001072883606,0.45000000000000001,0.090000003576278687,0.050000000000000003,0,False,4,3,2022-01-01
779,2022-10-01,SSD,2318,SSD,4,0.90000000000000002,0.62999999523162842,0.75,0.31999999284744263,0.45000000000000001,0.079999998211860657,0.050000000000000003,0,False,4,3,2022-01-01
780,2022-02-01,SSD,2322,SSD,4,0.95000000000000007,0.64999997615814209,0.85000000000000009,0.25999999046325684,0.45000000000000001,0.090000003576278687,0.050000000000000003,0,False,4,3,2022-01-01
780,2022-10-01,SSD,2323,SSD,4,0.90000000000000002,0.64999997615814209,0.75,0.31000000238418579,0.45000000000000001,0.079999998211860657,0.050000000000000003,0,False,4,3,2022-01-01
781,2022-10-01,SSD,2326,SSD,5,1,0.63999998569488525,0.89999999999999991,0.31000000238418579,0.59999999999999998,0.079999998211860657,0.29999999999999999,0,False,5,3,2022-01-01
782,2022-10-01,SSD,2329,SSD,5,1,0.6600000262260437,0.89999999999999991,0.31000000238418579,0.59999999999999998,0.079999998211860657,0.29999999999999999,0,False,5,3,2022-01-01
783,2022-10-01,SSD,2337,SSD,3,0.80000000000000004,0.64999997615814209,0.39999999999999997,0.2800000011920929,0.050000000000000003,0.05000000074505806,0,0,False,3,3,2022-01-01
784,2022-10-01,SSD,2345,SSD,3,0.80000000000000004,0.6600000262260437,0.39999999999999997,0.28999999165534973,0.050000000000000003,0.05000000074505806,0,0,False,3,3,2022-01-01
785,2022-06-01,SSD,2357,SSD,3,0.60000000000000009,0.67000001668930054,0.25,0.28999999165534973,0.050000000000000003,0.059999998658895493,0,0,False,3,3,2022-01-01
785,2022-10-01,SSD,2358,SSD,3,0.84999999999999998,0.64999997615814209,0.44999999999999996,0.28999999165534973,0.10000000000000001,0.059999998658895493,0,0,False,3,3,2022-01-01
786,2022-06-01,SSD,2370,SSD,3,0.60000000000000009,0.67000001668930054,0.25,0.28999999165534973,0.050000000000000003,0.059999998658895493,0,0,False,3,3,2022-01-01
786,2022-10-01,SSD,2371,SSD,3,0.84999999999999998,0.64999997615814209,0.44999999999999996,0.28999999165534973,0.10000000000000001,0.059999998658895493,0,0,False,3,3,2022-01-01
789,2022-10-01,SSD,2376,SSD,4,0.90000000000000002,0.60000002384185791,0.65000000000000002,0.25,0.25,0.079999998211860657,0,0,False,4,3,2022-01-01
800,2022-10-01,SSD,2399,SSD,4,0.94999999999999996,0.62000000476837158,0.60000000000000009,0.25,0.20000000000000001,0.079999998211860657,0,0,False,4,3,2022-01-01
801,2022-10-01,SSD,2402,SSD,4,0.94999999999999996,0.62000000476837158,0.60000000000000009,0.25,0.20000000000000001,0.079999998211860657,0,0,False,4,3,2022-01-01
806,2022-02-01,SSD,2409,SSD,3,0.84999999999999998,0.68000000715255737,0.65000000000000002,0.34999999403953552,0.14999999999999999,0.079999998211860657,0,0,False,3,3,2022-01-01
806,2022-10-01,SSD,2410,SSD,3,0.84999999999999998,0.70999997854232788,0.5,0.37000000476837158,0.10000000000000001,0.070000000298023224,0,0,False,3,3,2022-01-01
807,2022-02-01,SSD,2417,SSD,3,0.84999999999999998,0.68000000715255737,0.65000000000000002,0.34999999403953552,0.14999999999999999,0.079999998211860657,0,0,False,3,3,2022-01-01
807,2022-10-01,SSD,2418,SSD,3,0.84999999999999998,0.70999997854232788,0.5,0.37000000476837158,0.10000000000000001,0.070000000298023224,0,0,False,3,3,2022-01-01
815,2022-02-01,SSD,2422,SSD,4,0.90000000000000002,0.63999998569488525,0.75,0.25999999046325684,0.29999999999999999,0.090000003576278687,0.050000000000000003,0,False,4,3,2022-01-01
815,2022-10-01,SSD,2423,SSD,4,0.90000000000000013,0.6600000262260437,0.69999999999999996,0.30000001192092896,0.29999999999999999,0.079999998211860657,0,0,False,4,3,2022-01-01
816,2022-02-01,SSD,2427,SSD,4,0.90000000000000002,0.63999998569488525,0.75,0.25999999046325684,0.29999999999999999,0.090000003576278687,0.050000000000000003,0,False,4,3,2022-01-01
816,2022-10-01,SSD,2428,SSD,4,0.90000000000000013,0.6600000262260437,0.69999999999999996,0.30000001192092896,0.29999999999999999,0.079999998211860657,0,0,False,4,3,2022-01-01
817,2022-02-01,SSD,2434,SSD,4,0.90000000000000002,0.5899999737739563,0.75,0.27000001072883606,0.25,0.070000000298023224,0,0,False,4,3,2022-01-01
817,2022-10-01,SSD,2435,SSD,4,0.90000000000000002,0.63999998569488525,0.75,0.2800000011920929,0.40000000000000002,0.079999998211860657,0,0,False,4,3,2022-01-01
818,2022-02-01,SSD,2441,SSD,4,0.90000000000000002,0.5899999737739563,0.75,0.27000001072883606,0.25,0.070000000298023224,0,0,False,4,3,2022-01-01
818,2022-10-01,SSD,2442,SSD,4,0.90000000000000002,0.63999998569488525,0.75,0.2800000011920929,0.40000000000000002,0.079999998211860657,0,0,False,4,3,2022-01-01
820,2022-02-01,SSD,2449,SSD,3,0.55000000000000004,0.62999999523162842,0.20000000000000001,0.23000000417232513,0,0.059999998658895493,0,0,False,3,3,2022-01-01
820,2022-03-01,SSD,2450,SSD,3,0.69999999999999996,0.57999998331069946,0.34999999999999998,0.2199999988079071,0.050000000000000003,0.05000000074505806,0,0,False,3,3,2022-01-01
820,2022-06-01,SSD,2451,SSD,3,0.60000000000000009,0.68000000715255737,0.29999999999999999,0.25999999046325684,0.050000000000000003,0.05000000074505806,0,0,False,3,3,2022-01-01
821,2022-02-01,SSD,2458,SSD,3,0.55000000000000004,0.62999999523162842,0.20000000000000001,0.23000000417232513,0,0.059999998658895493,0,0,False,3,3,2022-01-01
821,2022-03-01,SSD,2459,SSD,3,0.69999999999999996,0.57999998331069946,0.34999999999999998,0.2199999988079071,0.050000000000000003,0.05000000074505806,0,0,False,3,3,2022-01-01
821,2022-06-01,SSD,2460,SSD,3,0.60000000000000009,0.67000001668930054,0.29999999999999999,0.25999999046325684,0.050000000000000003,0.05000000074505806,0,0,False,3,3,2022-01-01
842,2022-02-01,SSD,2482,SSD,3,0.74999999999999989,0.62000000476837158,0.40000000000000002,0.27000001072883606,0.10000000000000001,0.05000000074505806,0,0,False,3,3,2022-01-01
842,2022-03-01,SSD,2483,SSD,3,0.69999999999999996,0.57999998331069946,0.34999999999999998,0.25,0.050000000000000003,0.05000000074505806,0,0,False,3,3,2022-01-01
842,2022-06-01,SSD,2484,SSD,3,0.60000000000000009,0.67000001668930054,0.29999999999999999,0.2800000011920929,0.050000000000000003,0.059999998658895493,0,0,False,3,3,2022-01-01
842,2022-10-01,SSD,2485,SSD,3,0.69999999999999996,0.63999998569488525,0.34999999999999998,0.28999999165534973,0.10000000000000001,0.05000000074505806,0,0,False,3,3,2022-01-01
843,2022-02-01,SSD,2495,SSD,3,0.74999999999999989,0.62000000476837158,0.40000000000000002,0.27000001072883606,0.10000000000000001,0.05000000074505806,0,0,False,3,3,2022-01-01
843,2022-03-01,SSD,2496,SSD,3,0.69999999999999996,0.57999998331069946,0.34999999999999998,0.25,0.050000000000000003,0.05000000074505806,0,0,False,3,3,2022-01-01
843,2022-06-01,SSD,2497,SSD,3,0.60000000000000009,0.67000001668930054,0.29999999999999999,0.2800000011920929,0.050000000000000003,0.059999998658895493,0,0,False,3,3,2022-01-01
843,2022-10-01,SSD,2498,SSD,3,0.69999999999999996,0.63999998569488525,0.34999999999999998,0.28999999165534973,0.10000000000000001,0.05000000074505806,0,0,False,3,3,2022-01-01
844,2022-10-01,SSD,2500,SSD,3,0.79999999999999993,0.61000001430511475,0.5,0.27000001072883606,0.10000000000000001,0.079999998211860657,0,0,False,3,3,2022-01-01
845,2022-10-01,SSD,2502,SSD,3,0.79999999999999993,0.61000001430511475,0.5,0.27000001072883606,0.10000000000000001,0.079999998211860657,0,0,False,3,3,2022-01-01
882,2022-02-01,SSD,2553,SSD,4,0.89999999999999991,0.5899999737739563,0.64999999999999991,0.34000000357627869,0.29999999999999999,0.070000000298023224,0,0,False,4,3,2022-01-01
883,2022-02-01,SSD,2558,SSD,4,0.89999999999999991,0.5899999737739563,0.64999999999999991,0.34000000357627869,0.29999999999999999,0.070000000298023224,0,0,False,4,3,2022-01-01
893,2022-02-01,SSD,2571,SSD,3,0.79999999999999993,0.6600000262260437,0.5,0.28999999165534973,0.14999999999999999,0.059999998658895493,0,0,False,3,3,2022-01-01
893,2022-10-01,SSD,2572,SSD,3,0.90000000000000002,0.6600000262260437,0.55000000000000004,0.2800000011920929,0.14999999999999999,0.059999998658895493,0,0,False,3,3,2022-01-01
894,2022-02-01,SSD,2578,SSD,3,0.79999999999999993,0.6600000262260437,0.5,0.2800000011920929,0.14999999999999999,0.059999998658895493,0,0,False,3,3,2022-01-01
894,2022-10-01,SSD,2579,SSD,3,0.90000000000000002,0.6600000262260437,0.55000000000000004,0.2800000011920929,0.14999999999999999,0.059999998658895493,0,0,False,3,3,2022-01-01
896,2022-04-01,SSD,2584,SSD,4,0.75,0.57999998331069946,0.45000000000000001,0.31000000238418579,0.20000000000000001,0.070000000298023224,0,0,False,4,3,2022-01-01
897,2022-04-01,SSD,2587,SSD,4,0.75,0.57999998331069946,0.45000000000000001,0.31000000238418579,0.20000000000000001,0.070000000298023224,0,0,False,4,3,2022-01-01
898,2022-03-01,SSD,2588,SSD,3,0.69999999999999996,0.61000001430511475,0.34999999999999998,0.31000000238418579,0.050000000000000003,0.05000000074505806,0,0,False,3,3,2022-01-01
898,2022-06-01,SSD,2589,SSD,2,0.59999999999999998,0.67000001668930054,0.14999999999999999,0.34999999403953552,0,0.05000000074505806,0,0,False,2,3,2022-01-01
898,2022-10-01,SSD,2590,SSD,3,0.79999999999999993,0.62999999523162842,0.5,0.31000000238418579,0.14999999999999999,0.05000000074505806,0,0,False,3,3,2022-01-01
899,2022-03-01,SSD,2591,SSD,3,0.69999999999999996,0.61000001430511475,0.34999999999999998,0.31000000238418579,0.050000000000000003,0.05000000074505806,0,0,False,3,3,2022-01-01
899,2022-06-01,SSD,2592,SSD,2,0.59999999999999998,0.67000001668930054,0.14999999999999999,0.34999999403953552,0,0.05000000074505806,0,0,False,2,3,2022-01-01
899,2022-10-01,SSD,2593,SSD,3,0.79999999999999993,0.62999999523162842,0.5,0.31000000238418579,0.14999999999999999,0.05000000074505806,0,0,False,3,3,2022-01-01
901,2022-02-01,SSD,2596,SSD,4,0.80000000000000004,0.60000002384185791,0.5,0.28999999165534973,0.20000000000000001,0.079999998211860657,0,0,False,4,3,2022-01-01
902,2022-02-01,SSD,2598,SSD,4,0.80000000000000004,0.60000002384185791,0.5,0.28999999165534973,0.20000000000000001,0.079999998211860657,0,0,False,4,3,2022-01-01
913,2022-02-01,SSD,2615,SSD,3,0.79999999999999993,0.63999998569488525,0.44999999999999996,0.23000000417232513,0.14999999999999999,0.059999998658895493,0,0,False,3,3,2022-01-01
914,2022-02-01,SSD,2619,SSD,3,0.79999999999999993,0.63999998569488525,0.44999999999999996,0.23000000417232513,0.14999999999999999,0.059999998658895493,0,0,False,3,3,2022-01-01
930,2022-02-01,SSD,2649,SSD,4,0.90000000000000013,0.5899999737739563,0.69999999999999996,0.30000001192092896,0.29999999999999999,0.070000000298023224,0,0,False,4,3,2022-01-01
930,2022-10-01,SSD,2650,SSD,3,0.84999999999999998,0.61000001430511475,0.59999999999999998,0.23000000417232513,0.10000000000000001,0.079999998211860657,0,0,False,3,3,2022-01-01
931,2022-02-01,SSD,2655,SSD,4,0.90000000000000013,0.5899999737739563,0.69999999999999996,0.28999999165534973,0.29999999999999999,0.070000000298023224,0,0,False,4,3,2022-01-01
931,2022-10-01,SSD,2656,SSD,3,0.84999999999999998,0.61000001430511475,0.59999999999999998,0.2199999988079071,0.10000000000000001,0.079999998211860657,0,0,False,3,3,2022-01-01
971,2022-03-01,SSD,2751,SSD,3,0.79999999999999993,0.61000001430511475,0.5,0.25,0.10000000000000001,0.059999998658895493,0,0,False,3,3,2022-01-01
971,2022-06-01,SSD,2752,SSD,3,0.75,0.73000001907348633,0.34999999999999998,0.28999999165534973,0.050000000000000003,0.070000000298023224,0,0,False,3,3,2022-01-01
972,2022-03-01,SSD,2755,SSD,3,0.79999999999999993,0.60000002384185791,0.5,0.25,0.10000000000000001,0.059999998658895493,0,0,False,3,3,2022-01-01
972,2022-06-01,SSD,2756,SSD,3,0.75,0.74000000953674316,0.34999999999999998,0.28999999165534973,0.050000000000000003,0.070000000298023224,0,0,False,3,3,2022-01-01
759,2022-06-01,SWZ,2274,SWZ,2,0.44999999999999996,0.56000000238418579,0.10000000000000001,0.25999999046325684,0,0.059999998658895493,0,0,False,2,3,2022-01-01
759,2022-10-01,SWZ,2275,SWZ,2,0.59999999999999998,0.62999999523162842,0.10000000000000001,0.31000000238418579,0,0.059999998658895493,0,0,False,2,3,2022-01-01
761,2022-06-01,SWZ,2285,SWZ,2,0.44999999999999996,0.55000001192092896,0.10000000000000001,0.25999999046325684,0,0.059999998658895493,0,0,False,2,3,2022-01-01
761,2022-10-01,SWZ,2286,SWZ,2,0.59999999999999998,0.62999999523162842,0.10000000000000001,0.31000000238418579,0,0.059999998658895493,0,0,False,2,3,2022-01-01
770,2022-06-01,SWZ,2299,SWZ,2,0.40000000000000002,0.56000000238418579,0.10000000000000001,0.25999999046325684,0,0.059999998658895493,0,0,False,2,3,2022-01-01
770,2022-10-01,SWZ,2300,SWZ,2,0.59999999999999998,0.62000000476837158,0.10000000000000001,0.2800000011920929,0,0.059999998658895493,0,0,False,2,3,2022-01-01
773,2022-06-01,SWZ,2307,SWZ,2,0.40000000000000002,0.56000000238418579,0.10000000000000001,0.25999999046325684,0,0.070000000298023224,0,0,False,2,3,2022-01-01
773,2022-10-01,SWZ,2308,SWZ,2,0.59999999999999998,0.62000000476837158,0.10000000000000001,0.2800000011920929,0,0.070000000298023224,0,0,False,2,3,2022-01-01
794,2022-10-01,SWZ,2381,SWZ,2,0.59999999999999998,0.55000001192092896,0.10000000000000001,0.25,0,0.070000000298023224,0,0,False,2,3,2022-01-01
798,2022-06-01,SWZ,2393,SWZ,3,0.55000000000000004,0.62000000476837158,0.25,0.2800000011920929,0.050000000000000003,0.05000000074505806,0,0,False,3,3,2022-01-01
799,2022-06-01,SWZ,2396,SWZ,3,0.55000000000000004,0.61000001430511475,0.25,0.28999999165534973,0.050000000000000003,0.05000000074505806,0,0,False,3,3,2022-01-01
1873,2022-03-01,TJK,5544,TJK,4,0.89999999999999991,0.68000000715255737,0.55000000000000004,0.27000001072883606,0.25,0.12999999523162842,0,0,False,4,3,2022-01-01
1873,2022-09-01,TJK,5545,TJK,4,0.84999999999999987,0.77999997138977051,0.5,0.34000000357627869,0.20000000000000001,0.12999999523162842,0,0,False,4,3,2022-01-01
1057,2022-07-01,TZA,2846,TZA,2,0.34999999999999998,0.40000000596046448,0.050000000000000003,0.18999999761581421,0,0.039999999105930328,0,0,False,2,2,2022-01-01
752,2022-10-01,UGA,2242,UGA,3,0.80000000000000004,0.75,0.29999999999999999,0.33000001311302185,0.050000000000000003,0.05000000074505806,0,0,False,3,3,2022-01-01
753,2022-10-01,UGA,2244,UGA,3,0.80000000000000004,0.75,0.29999999999999999,0.33000001311302185,0.050000000000000003,0.05000000074505806,0,0,False,3,3,2022-01-01
796,2022-06-01,UGA,2386,UGA,3,0.60000000000000009,0.6600000262260437,0.34999999999999998,0.30000001192092896,0.050000000000000003,0.059999998658895493,0,0,False,3,3,2022-01-01
797,2022-06-01,UGA,2390,UGA,3,0.60000000000000009,0.6600000262260437,0.34999999999999998,0.30000001192092896,0.050000000000000003,0.059999998658895493,0,0,False,3,3,2022-01-01
837,2022-06-01,UGA,2470,UGA,3,0.70000000000000007,0.57999998331069946,0.25,0.27000001072883606,0.050000000000000003,0.05000000074505806,0,0,False,3,3,2022-01-01
852,2022-06-01,UGA,2512,UGA,3,0.70000000000000007,0.56999999284744263,0.25,0.23999999463558197,0.050000000000000003,0.05000000074505806,0,0,False,3,3,2022-01-01
857,2022-03-01,UGA,2522,UGA,3,0.69999999999999996,0.62000000476837158,0.34999999999999998,0.37000000476837158,0.050000000000000003,0.05000000074505806,0,0,False,3,3,2022-01-01
858,2022-03-01,UGA,2525,UGA,3,0.69999999999999996,0.62000000476837158,0.34999999999999998,0.37000000476837158,0.050000000000000003,0.05000000074505806,0,0,False,3,3,2022-01-01
916,2022-03-01,UGA,2622,UGA,3,0.79999999999999993,0.6600000262260437,0.5,0.27000001072883606,0.10000000000000001,0.05000000074505806,0,0,False,3,3,2022-01-01
917,2022-02-01,UGA,2624,UGA,3,0.80000000000000004,0.63999998569488525,0.55000000000000004,0.28999999165534973,0.14999999999999999,0.070000000298023224,0,0,False,3,3,2022-01-01
917,2022-06-01,UGA,2625,UGA,2,0.55000000000000004,0.67000001668930054,0.14999999999999999,0.37000000476837158,0,0.059999998658895493,0,0,False,2,3,2022-01-01
918,2022-02-01,UGA,2627,UGA,3,0.80000000000000004,0.6600000262260437,0.55000000000000004,0.28999999165534973,0.14999999999999999,0.070000000298023224,0,0,False,3,3,2022-01-01
918,2022-06-01,UGA,2628,UGA,2,0.55000000000000004,0.67000001668930054,0.14999999999999999,0.37000000476837158,0,0.059999998658895493,0,0,False,2,3,2022-01-01
919,2022-03-01,UGA,2629,UGA,3,0.79999999999999993,0.63999998569488525,0.5,0.30000001192092896,0.10000000000000001,0.05000000074505806,0,0,False,3,3,2022-01-01
929,2022-10-01,UGA,2645,UGA,3,0.79999999999999993,0.70999997854232788,0.5,0.34000000357627869,0.14999999999999999,0.059999998658895493,0,0,False,3,3,2022-01-01
937,2022-02-01,UGA,2672,UGA,3,0.80000000000000004,0.62000000476837158,0.55000000000000004,0.23999999463558197,0.14999999999999999,0.070000000298023224,0,0,False,3,3,2022-01-01
937,2022-03-01,UGA,2673,UGA,3,0.80000000000000004,0.68000000715255737,0.5,0.2800000011920929,0.050000000000000003,0.05000000074505806,0,0,False,3,3,2022-01-01
937,2022-06-01,UGA,2674,UGA,3,0.75,0.6600000262260437,0.29999999999999999,0.36000001430511475,0.050000000000000003,0.059999998658895493,0,0,False,3,3,2022-01-01
937,2022-07-01,UGA,2675,UGA,3,0.90000000000000002,0.64999997615814209,0.5,0.2800000011920929,0.14999999999999999,0.05000000074505806,0,0,False,3,3,2022-01-01
937,2022-10-01,UGA,2676,UGA,3,0.79999999999999993,0.6600000262260437,0.5,0.28999999165534973,0.14999999999999999,0.059999998658895493,0,0,False,3,3,2022-01-01
938,2022-02-01,UGA,2685,UGA,3,0.80000000000000004,0.61000001430511475,0.55000000000000004,0.23000000417232513,0.14999999999999999,0.070000000298023224,0,0,False,3,3,2022-01-01
938,2022-03-01,UGA,2686,UGA,3,0.80000000000000004,0.68000000715255737,0.5,0.2800000011920929,0.050000000000000003,0.05000000074505806,0,0,False,3,3,2022-01-01
938,2022-06-01,UGA,2687,UGA,3,0.75,0.63999998569488525,0.29999999999999999,0.36000001430511475,0.050000000000000003,0.059999998658895493,0,0,False,3,3,2022-01-01
938,2022-07-01,UGA,2688,UGA,3,0.90000000000000002,0.64999997615814209,0.5,0.2800000011920929,0.14999999999999999,0.05000000074505806,0,0,False,3,3,2022-01-01
938,2022-10-01,UGA,2689,UGA,3,0.79999999999999993,0.63999998569488525,0.5,0.2800000011920929,0.14999999999999999,0.05000000074505806,0,0,False,3,3,2022-01-01
941,2022-03-01,UGA,2692,UGA,3,0.79999999999999993,0.61000001430511475,0.5,0.28999999165534973,0.10000000000000001,0.10000000149011612,0,0,False,3,3,2022-01-01
942,2022-03-01,UGA,2695,UGA,3,0.79999999999999993,0.61000001430511475,0.5,0.28999999165534973,0.10000000000000001,0.10000000149011612,0,0,False,3,3,2022-01-01
948,2022-02-01,UGA,2701,UGA,3,0.79999999999999993,0.61000001430511475,0.5,0.31999999284744263,0.14999999999999999,0.05000000074505806,0,0,False,3,3,2022-01-01
948,2022-03-01,UGA,2702,UGA,3,0.79999999999999993,0.6600000262260437,0.5,0.37999999523162842,0.10000000000000001,0.059999998658895493,0,0,False,3,3,2022-01-01
951,2022-02-01,UGA,2711,UGA,2,0.20000000000000001,0.56999999284744263,0.050000000000000003,0.2800000011920929,0,0.05000000074505806,0,0,False,2,3,2022-01-01
951,2022-03-01,UGA,2712,UGA,3,0.79999999999999993,0.60000002384185791,0.5,0.30000001192092896,0.10000000000000001,0.059999998658895493,0,0,False,3,3,2022-01-01
951,2022-06-01,UGA,2713,UGA,3,0.75,0.62000000476837158,0.34999999999999998,0.34999999403953552,0.050000000000000003,0.059999998658895493,0,0,False,3,3,2022-01-01
951,2022-07-01,UGA,2714,UGA,2,0.20000000000000001,0.62999999523162842,0.050000000000000003,0.31000000238418579,0,0.059999998658895493,0,0,False,2,3,2022-01-01
952,2022-02-01,UGA,2719,UGA,2,0.20000000000000001,0.57999998331069946,0.050000000000000003,0.2800000011920929,0,0.05000000074505806,0,0,False,2,3,2022-01-01
952,2022-03-01,UGA,2720,UGA,3,0.79999999999999993,0.60000002384185791,0.5,0.31999999284744263,0.10000000000000001,0.059999998658895493,0,0,False,3,3,2022-01-01
952,2022-06-01,UGA,2721,UGA,3,0.75,0.62999999523162842,0.34999999999999998,0.37000000476837158,0.050000000000000003,0.059999998658895493,0,0,False,3,3,2022-01-01
952,2022-07-01,UGA,2722,UGA,2,0.20000000000000001,0.62999999523162842,0.050000000000000003,0.33000001311302185,0,0.059999998658895493,0,0,False,2,3,2022-01-01
965,2022-02-01,UGA,2730,UGA,2,0.20000000000000001,0.62999999523162842,0.050000000000000003,0.23000000417232513,0,0.05000000074505806,0,0,False,2,3,2022-01-01
965,2022-06-01,UGA,2731,UGA,2,0.59999999999999998,0.62999999523162842,0.14999999999999999,0.31000000238418579,0,0.05000000074505806,0,0,False,2,3,2022-01-01
966,2022-02-01,UGA,2733,UGA,2,0.20000000000000001,0.4699999988079071,0.050000000000000003,0.20000000298023224,0,0.05000000074505806,0,0,False,2,3,2022-01-01
966,2022-06-01,UGA,2734,UGA,2,0.59999999999999998,0.60000002384185791,0.14999999999999999,0.25999999046325684,0,0.05000000074505806,0,0,False,2,3,2022-01-01
968,2022-02-01,UGA,2738,UGA,3,0.74999999999999989,0.5899999737739563,0.40000000000000002,0.23000000417232513,0.10000000000000001,0.05000000074505806,0,0,False,3,3,2022-01-01
968,2022-03-01,UGA,2739,UGA,3,0.79999999999999993,0.62000000476837158,0.5,0.31000000238418579,0.14999999999999999,0.070000000298023224,0,0,False,3,3,2022-01-01
968,2022-06-01,UGA,2740,UGA,3,0.69999999999999996,0.64999997615814209,0.34999999999999998,0.31000000238418579,0.10000000000000001,0.059999998658895493,0,0,False,3,3,2022-01-01
968,2022-07-01,UGA,2741,UGA,3,0.90000000000000002,0.63999998569488525,0.5,0.2800000011920929,0.14999999999999999,0.05000000074505806,0,0,False,3,3,2022-01-01
969,2022-02-01,UGA,2745,UGA,3,0.74999999999999989,0.60000002384185791,0.40000000000000002,0.23000000417232513,0.10000000000000001,0.05000000074505806,0,0,False,3,3,2022-01-01
969,2022-03-01,UGA,2746,UGA,3,0.79999999999999993,0.62999999523162842,0.5,0.31000000238418579,0.14999999999999999,0.070000000298023224,0,0,False,3,3,2022-01-01
969,2022-06-01,UGA,2747,UGA,3,0.69999999999999996,0.63999998569488525,0.34999999999999998,0.31000000238418579,0.10000000000000001,0.059999998658895493,0,0,False,3,3,2022-01-01
969,2022-07-01,UGA,2748,UGA,3,0.90000000000000002,0.63999998569488525,0.5,0.2800000011920929,0.14999999999999999,0.05000000074505806,0,0,False,3,3,2022-01-01
1298,2022-03-01,YEM,3417,YEM,2,0.59999999999999998,0.51999998092651367,0.14999999999999999,0.28999999165534973,0,0.090000003576278687,0,0,False,2,3,2022-01-01
1329,2022-03-01,YEM,3477,YEM,2,0.59999999999999998,0.50999999046325684,0.14999999999999999,0.2800000011920929,0,0.090000003576278687,0,0,False,2,3,2022-01-01
1358,2022-03-01,YEM,3522,YEM,2,0.59999999999999998,0.5,0.14999999999999999,0.25,0,0.10000000149011612,0,0,False,2,3,2022-01-01
1366,2022-03-01,YEM,3540,YEM,2,0.59999999999999998,0.49000000953674316,0.14999999999999999,0.23999999463558197,0,0.090000003576278687,0,0,False,2,3,2022-01-01
1374,2022-03-01,YEM,3577,YEM,2,0.59999999999999998,0.4699999988079071,0.14999999999999999,0.23000000417232513,0,0.10000000149011612,0,0,False,2,3,2022-01-01
1375,2022-03-01,YEM,3578,YEM,2,0.59999999999999998,0.57999998331069946,0.14999999999999999,0.31999999284744263,0,0.10000000149011612,0,0,False,2,3,2022-01-01
1375,2022-07-01,YEM,3579,YEM,3,0.39999999999999997,0.50999999046325684,0.20000000000000001,0.40999999642372131,0.050000000000000003,0.14000000059604645,0,0,False,3,3,2022-01-01
1381,2022-03-01,YEM,3606,YEM,2,0.59999999999999998,0.4699999988079071,0.14999999999999999,0.23999999463558197,0,0.10000000149011612,0,0,False,2,3,2022-01-01
1382,2022-03-01,YEM,3610,YEM,2,0.59999999999999998,0.5,0.14999999999999999,0.25,0,0.090000003576278687,0,0,False,2,3,2022-01-01
1384,2022-03-01,YEM,3619,YEM,2,0.59999999999999998,0.46000000834465027,0.14999999999999999,0.23000000417232513,0,0.10000000149011612,0,0,False,2,3,2022-01-01
1390,2022-03-01,YEM,3627,YEM,2,0.59999999999999998,0.47999998927116394,0.14999999999999999,0.25,0,0.10000000149011612,0,0,False,2,3,2022-01-01
1400,2022-03-01,YEM,3640,YEM,2,0.59999999999999998,0.52999997138977051,0.14999999999999999,0.28999999165534973,0,0.10000000149011612,0,0,False,2,3,2022-01-01
1420,2022-03-01,YEM,3674,YEM,2,0.59999999999999998,0.5,0.14999999999999999,0.25,0,0.10000000149011612,0,0,False,2,3,2022-01-01
1446,2022-03-01,YEM,3736,YEM,2,0.59999999999999998,0.57999998331069946,0.14999999999999999,0.2800000011920929,0,0.10000000149011612,0,0,False,2,3,2022-01-01
1454,2022-03-01,YEM,3750,YEM,2,0.59999999999999998,0.56000000238418579,0.14999999999999999,0.25999999046325684,0,0.10000000149011612,0,0,False,2,3,2022-01-01
1506,2022-01-01,YEM,3896,YEM,3,0.82000000000000006,0.60000002384185791,0.55000000000000004,0.25999999046325684,0.17999999999999999,0.090000003576278687,0,0,False,3,3,2022-01-01
1510,2022-01-01,YEM,3904,YEM,3,0.82000000000000006,0.47999998927116394,0.55000000000000004,0.23000000417232513,0.17999999999999999,0.079999998211860657,0,0,False,3,3,2022-01-01
1515,2022-01-01,YEM,3911,YEM,3,0.82000000000000006,0.51999998092651367,0.55000000000000004,0.23000000417232513,0.17999999999999999,0.079999998211860657,0,0,False,3,3,2022-01-01
1519,2022-01-01,YEM,3932,YEM,3,0.82000000000000006,0.54000002145767212,0.55000000000000004,0.20999999344348907,0.17999999999999999,0.090000003576278687,0,0,False,3,3,2022-01-01
1520,2022-01-01,YEM,3935,YEM,3,0.82000000000000006,0.49000000953674316,0.55000000000000004,0.23999999463558197,0.17999999999999999,0.079999998211860657,0,0,False,3,3,2022-01-01
1534,2022-01-01,YEM,3969,YEM,3,0.82000000000000006,0.5,0.55000000000000004,0.25,0.17999999999999999,0.090000003576278687,0,0,False,3,3,2022-01-01
1536,2022-01-01,YEM,3977,YEM,3,0.82000000000000006,0.46000000834465027,0.55000000000000004,0.25999999046325684,0.17999999999999999,0.079999998211860657,0,0,False,3,3,2022-01-01
1541,2022-01-01,YEM,3994,YEM,3,0.82000000000000006,0.50999999046325684,0.55000000000000004,0.2199999988079071,0.17999999999999999,0.090000003576278687,0,0,False,3,3,2022-01-01
1542,2022-01-01,YEM,3997,YEM,3,0.82000000000000006,0.47999998927116394,0.55000000000000004,0.20999999344348907,0.17999999999999999,0.079999998211860657,0,0,False,3,3,2022-01-01
1567,2022-01-01,YEM,4113,YEM,3,0.82000000000000006,0.5,0.55000000000000004,0.23000000417232513,0.17999999999999999,0.079999998211860657,0,0,False,3,3,2022-01-01
1568,2022-01-01,YEM,4114,YEM,3,0.82000000000000006,0.5899999737739563,0.55000000000000004,0.23000000417232513,0.17999999999999999,0.090000003576278687,0,0,False,3,3,2022-01-01
1573,2022-01-01,YEM,4148,YEM,3,0.82000000000000006,0.49000000953674316,0.55000000000000004,0.23000000417232513,0.17999999999999999,0.079999998211860657,0,0,False,3,3,2022-01-01
1576,2022-01-01,YEM,4166,YEM,3,0.82000000000000006,0.61000001430511475,0.55000000000000004,0.23000000417232513,0.17999999999999999,0.10999999940395355,0,0,False,3,3,2022-01-01
1584,2022-01-01,YEM,4197,YEM,3,0.82000000000000006,0.5,0.55000000000000004,0.2199999988079071,0.17999999999999999,0.079999998211860657,0,0,False,3,3,2022-01-01
1586,2022-01-01,YEM,4203,YEM,3,0.82000000000000006,0.52999997138977051,0.55000000000000004,0.23000000417232513,0.17999999999999999,0.079999998211860657,0,0,False,3,3,2022-01-01
1592,2022-01-01,YEM,4223,YEM,3,0.82000000000000006,0.51999998092651367,0.55000000000000004,0.20000000298023224,0.17999999999999999,0.079999998211860657,0,0,False,3,3,2022-01-01
1594,2022-01-01,YEM,4227,YEM,3,0.82000000000000006,0.55000001192092896,0.55000000000000004,0.2199999988079071,0.17999999999999999,0.090000003576278687,0,0,False,3,3,2022-01-01
1603,2022-01-01,YEM,4265,YEM,3,0.82000000000000006,0.61000001430511475,0.55000000000000004,0.20000000298023224,0.17999999999999999,0.090000003576278687,0,0,False,3,3,2022-01-01
1633,2022-01-01,YEM,4365,YEM,3,0.82000000000000006,0.51999998092651367,0.55000000000000004,0.27000001072883606,0.17999999999999999,0.090000003576278687,0,0,False,3,3,2022-01-01
1648,2022-01-01,YEM,4401,YEM,3,0.82000000000000006,0.50999999046325684,0.55000000000000004,0.23999999463558197,0.17999999999999999,0.090000003576278687,0,0,False,3,3,2022-01-01
1672,2022-01-01,YEM,4477,YEM,3,0.82000000000000006,0.5899999737739563,0.55000000000000004,0.27000001072883606,0.17999999999999999,0.090000003576278687,0,0,False,3,3,2022-01-01
705,2022-10-01,ZAF,2067,ZAF,2,0.59999999999999998,0.57999998331069946,0.10000000000000001,0.37000000476837158,0,0.05000000074505806,0,0,False,2,3,2022-01-01
727,2022-06-01,ZAF,2179,ZAF,2,0.5,0.4699999988079071,0.10000000000000001,0.20000000298023224,0,0.05000000074505806,0,0,False,2,3,2022-01-01
727,2022-07-01,ZAF,2180,ZAF,2,0.44999999999999996,0.51999998092651367,0.14999999999999999,0.23999999463558197,0,0.05000000074505806,0,0,False,2,3,2022-01-01
630,2022-06-01,ZMB,1581,ZMB,2,0.59999999999999998,0.62000000476837158,0.14999999999999999,0.2800000011920929,0,0.070000000298023224,0,0,False,2,3,2022-01-01
633,2022-06-01,ZMB,1584,ZMB,2,0.59999999999999998,0.62000000476837158,0.14999999999999999,0.25999999046325684,0,0.059999998658895493,0,0,False,2,3,2022-01-01
