area_id,date,country_code_3,source_row_index,fold_country,source_overall_phase,phase2_test,phase2_layer1_pred,phase2_residual_pred,phase2_pred,phase3_test,phase3_layer1_pred,phase3_residual_pred,phase3_pred,phase4_test,phase4_layer1_pred,phase4_residual_pred,phase4_pred,phase5_test,phase5_layer1_pred,phase5_residual_pred,phase5_pred,nonpositive_cumulative_prediction_sum,overall_phase,overall_phase_pred,cutoff
1756,2022-03-01,AFG,4725,AFG,3,0.79999999999999993,0.73756182193756104,-8.9674640548764728e-06,0.74000000953674316,0.44999999999999996,0.40928339958190918,0.0028805250767618418,0.40999999642372131,0.14999999999999999,0.11570315808057785,-0.0015237800544127822,0.10999999940395355,0,0.0012190642300993204,4.7293724492192268e-11,0,False,3,3,2022-01-01
1756,2022-09-01,AFG,4726,AFG,3,0.79999999999999993,0.72392088174819946,-8.9674640548764728e-06,0.72000002861022949,0.44999999999999996,0.39526998996734619,0.0094314739108085632,0.40000000596046448,0.10000000000000001,0.12354812026023865,-0.0015237800544127822,0.11999999731779099,0,0.0012190642300993204,4.7293724492192268e-11,0,False,3,3,2022-01-01
1757,2022-03-01,AFG,4734,AFG,3,0.84999999999999998,0.73752617835998535,-0.00012232207518536597,0.74000000953674316,0.44999999999999996,0.38705593347549438,0.0028805250767618418,0.38999998569488525,0.14999999999999999,0.11765702068805695,-0.0015237800544127822,0.11999999731779099,0,0.0012190642300993204,4.7293724492192268e-11,0,False,3,3,2022-01-01
1757,2022-09-01,AFG,4735,AFG,3,0.69999999999999996,0.70184791088104248,1.7081965779652819e-05,0.69999998807907104,0.34999999999999998,0.37426024675369263,0.0094314739108085632,0.37999999523162842,0.050000000000000003,0.12550199031829834,-0.0015237800544127822,0.11999999731779099,0,0.0012190642300993204,4.7293724492192268e-11,0,False,3,3,2022-01-01
1758,2022-03-01,AFG,4743,AFG,3,0.69999999999999996,0.69047969579696655,-0.00013050217239651829,0.68999999761581421,0.34999999999999998,0.34755375981330872,0.0028805250767618418,0.34999999403953552,0.10000000000000001,0.11124609410762787,-0.0015237800544127822,0.10999999940395355,0,0.0012190642300993204,4.7293724492192268e-11,0,False,3,3,2022-01-01
1758,2022-09-01,AFG,4744,AFG,3,0.75,0.70147097110748291,8.9018667495111004e-06,0.69999998807907104,0.34999999999999998,0.3250470757484436,0.0094314739108085632,0.33000001311302185,0.050000000000000003,0.12957541644573212,-0.0015237800544127822,0.12999999523162842,0,0.0012190642300993204,4.7293724492192268e-11,0,False,3,3,2022-01-01
1759,2022-03-01,AFG,4751,AFG,4,0.84999999999999987,0.72983449697494507,-5.8743580666487105e-06,0.73000001907348633,0.5,0.40140128135681152,0.0028805250767618418,0.40000000596046448,0.20000000000000001,0.12593504786491394,-0.0015237800544127822,0.11999999731779099,0,0.0012190642300993204,4.7293724492192268e-11,0,False,4,3,2022-01-01
1762,2022-03-01,AFG,4763,AFG,4,0.84999999999999987,0.7145543098449707,0.00018345359421800822,0.70999997854232788,0.55000000000000004,0.37351450324058533,0.0028805250767618418,0.37999999523162842,0.20000000000000001,0.11801445484161377,-0.0015237800544127822,0.11999999731779099,0,0.0012190642300993204,4.7293724492192268e-11,0,False,4,3,2022-01-01
1762,2022-09-01,AFG,4764,AFG,3,0.84999999999999998,0.74083834886550903,-1.7739323084242642e-05,0.74000000953674316,0.5,0.3963644802570343,0.0094314739108085632,0.40999999642372131,0.14999999999999999,0.13715685904026031,-0.0015237800544127822,0.14000000059604645,0,0.0012190642300993204,4.7293724492192268e-11,0,False,3,3,2022-01-01
1763,2022-03-01,AFG,4771,AFG,3,0.79999999999999993,0.73361867666244507,4.0943268686532974e-06,0.73000001907348633,0.5,0.34088897705078125,0.0028805250767618418,0.34000000357627869,0.14999999999999999,0.11724210530519485,-0.0015237800544127822,0.11999999731779099,0,0.0012190642300993204,4.7293724492192268e-11,0,False,3,3,2022-01-01
1763,2022-09-01,AFG,4772,AFG,3,0.79999999999999993,0.7105247974395752,1.7791100617614575e-05,0.70999997854232788,0.34999999999999998,0.31838229298591614,0.0011784570524469018,0.31999999284744263,0.10000000000000001,0.11820843815803528,-0.0015237800544127822,0.11999999731779099,0,0.0012190642300993204,4.7293724492192268e-11,0,False,3,3,2022-01-01
1766,2022-03-01,AFG,4782,AFG,3,0.79999999999999993,0.7279890775680542,0.00014723082131240517,0.73000001907348633,0.44999999999999996,0.41279762983322144,0.0028805250767618418,0.41999998688697815,0.14999999999999999,0.11626385152339935,-0.00058742176042869687,0.11999999731779099,0,0.0012190642300993204,4.7293724492192268e-11,0,False,3,3,2022-01-01
1766,2022-09-01,AFG,4783,AFG,3,0.79999999999999993,0.72963917255401611,4.7530127631034702e-05,0.73000001907348633,0.40000000000000002,0.40672397613525391,0.0011784570524469018,0.40999999642372131,0.10000000000000001,0.12129684537649155,-0.0015237800544127822,0.11999999731779099,0,0.0012190642300993204,4.7293724492192268e-11,0,False,3,3,2022-01-01
1767,2022-03-01,AFG,4790,AFG,3,0.79999999999999993,0.7901073694229126,-0.00026579157565720379,0.79000002145767212,0.44999999999999996,0.41849830746650696,0.0028805250767618418,0.41999998688697815,0.14999999999999999,0.15582381188869476,-0.00058742176042869687,0.15999999642372131,0,0.0012190642300993204,4.7293724492192268e-11,0,False,3,3,2022-01-01
1767,2022-09-01,AFG,4791,AFG,3,0.75,0.82964187860488892,-0.00020482730178628117,0.82999998331069946,0.44999999999999996,0.44365432858467102,0.0094314739108085632,0.44999998807907104,0.14999999999999999,0.16903872787952423,-0.0015237800544127822,0.17000000178813934,0,0.0012190642300993204,4.7293724492192268e-11,0,False,3,3,2022-01-01
1768,2022-03-01,AFG,4798,AFG,4,0.89999999999999991,0.80091398954391479,-0.00033202461781911552,0.80000001192092896,0.55000000000000004,0.39062118530273438,0.0028805250767618418,0.38999998569488525,0.20000000000000001,0.14399459958076477,-0.0015237800544127822,0.14000000059604645,0,0.0012190642300993204,4.7293724492192268e-11,0,False,4,3,2022-01-01
1768,2022-09-01,AFG,4799,AFG,3,0.79999999999999993,0.81170707941055298,-0.00030759608489461243,0.81000000238418579,0.44999999999999996,0.40143710374832153,0.0094314739108085632,0.40999999642372131,0.14999999999999999,0.16370858252048492,-0.0015237800544127822,0.15999999642372131,0,0.0012190642300993204,4.7293724492192268e-11,0,False,3,3,2022-01-01
1769,2022-03-01,AFG,4807,AFG,4,0.84999999999999998,0.75554049015045166,-0.0001088712815544568,0.75999999046325684,0.5,0.4114433228969574,0.0028805250767618418,0.40999999642372131,0.25,0.12782898545265198,-0.0015237800544127822,0.12999999523162842,0.02,0.0012190642300993204,4.7293724492192268e-11,0,False,4,3,2022-01-01
1769,2022-09-01,AFG,4808,AFG,4,0.80000000000000004,0.73762565851211548,4.0943559724837542e-05,0.74000000953674316,0.55000000000000004,0.38893663883209229,0.0011784570524469018,0.38999998569488525,0.20000000000000001,0.13286197185516357,-0.0015237800544127822,0.12999999523162842,0,0.0012190642300993204,4.7293724492192268e-11,0,False,4,3,2022-01-01
1772,2022-03-01,AFG,4825,AFG,3,0.79999999999999993,0.73734503984451294,4.0943268686532974e-06,0.74000000953674316,0.5,0.41886469721794128,0.0028805250767618418,0.41999998688697815,0.14999999999999999,0.11093369126319885,-0.0015237800544127822,0.10999999940395355,0,0.0012190642300993204,4.7293724492192268e-11,0,False,3,3,2022-01-01
1772,2022-07-01,AFG,4826,AFG,3,0.65000000000000002,0.68633919954299927,4.0943268686532974e-06,0.68999999761581421,0.30000000000000004,0.34635049104690552,0.0028805250767618418,0.34999999403953552,0.10000000000000001,0.11438469588756561,-0.0015237800544127822,0.10999999940395355,0,0.0012190642300993204,4.7293724492192268e-11,0,False,3,3,2022-01-01
1772,2022-09-01,AFG,4827,AFG,3,0.79999999999999993,0.69021379947662354,-2.8366544938762672e-05,0.68999999761581421,0.40000000000000002,0.38499775528907776,0.0011784570524469018,0.38999998569488525,0.10000000000000001,0.11596668511629105,-0.0015237800544127822,0.10999999940395355,0,0.0012190642300993204,4.7293724492192268e-11,0,False,3,3,2022-01-01
1773,2022-03-01,AFG,4837,AFG,4,0.80000000000000004,0.72260969877243042,-0.00012928344949614257,0.72000002861022949,0.45000000000000001,0.40639102458953857,0.0028805250767618418,0.40999999642372131,0.20000000000000001,0.11208798736333847,-0.0015237800544127822,0.10999999940395355,0,0.0012190642300993204,4.7293724492192268e-11,0,False,4,3,2022-01-01
1773,2022-07-01,AFG,4838,AFG,3,0.65000000000000002,0.71938186883926392,-0.00017696261056698859,0.72000002861022949,0.30000000000000004,0.30167558789253235,0.0028805250767618418,0.30000001192092896,0.10000000000000001,0.11321418732404709,-0.0015237800544127822,0.10999999940395355,0,0.0012190642300993204,4.7293724492192268e-11,0,False,3,3,2022-01-01
1773,2022-09-01,AFG,4839,AFG,3,0.75,0.71393859386444092,0.00019154000619892031,0.70999997854232788,0.34999999999999998,0.35901051759719849,0.0011784570524469018,0.36000001430511475,0.10000000000000001,0.12012633681297302,-0.0015237800544127822,0.11999999731779099,0,0.0012190642300993204,4.7293724492192268e-11,0,False,3,3,2022-01-01
1774,2022-03-01,AFG,4846,AFG,4,0.84999999999999987,0.73581689596176147,-0.0001736499834805727,0.74000000953674316,0.5,0.4541841447353363,0.0045190867967903614,0.46000000834465027,0.20000000000000001,0.15863579511642456,-0.00058742176042869687,0.15999999642372131,0,0.0012190642300993204,4.7293724492192268e-11,0,False,4,3,2022-01-01
1774,2022-09-01,AFG,4847,AFG,3,0.69999999999999996,0.75957643985748291,-0.00037569671985693276,0.75999999046325684,0.34999999999999998,0.46500006318092346,0.0011784570524469018,0.4699999988079071,0.10000000000000001,0.16903872787952423,-0.0015237800544127822,0.17000000178813934,0,0.0012190642300993204,4.7293724492192268e-11,0,False,3,3,2022-01-01
1776,2022-03-01,AFG,4857,AFG,4,0.85000000000000009,0.78165280818939209,-0.00045319483615458012,0.77999997138977051,0.45000000000000001,0.40821737051010132,0.0045190867967903614,0.40999999642372131,0.20000000000000001,0.15031072497367859,-0.0015237800544127822,0.15000000596046448,0,0.0012190642300993204,4.7293724492192268e-11,0,False,4,3,2022-01-01
1776,2022-09-01,AFG,4858,AFG,3,0.70000000000000007,0.80829238891601562,-0.00055187847465276718,0.81000000238418579,0.40000000000000002,0.41768911480903625,0.0011784570524469018,0.41999998688697815,0.14999999999999999,0.17020924389362335,-0.0015237800544127822,0.17000000178813934,0,0.0012190642300993204,4.7293724492192268e-11,0,False,3,3,2022-01-01
1777,2022-03-01,AFG,4865,AFG,4,0.85000000000000009,0.7313653826713562,6.9646193878725171e-05,0.73000001907348633,0.45000000000000001,0.40716060996055603,0.0028805250767618418,0.40999999642372131,0.20000000000000001,0.12177516520023346,-0.0015237800544127822,0.11999999731779099,0,0.0012190642300993204,4.7293724492192268e-11,0,False,4,3,2022-01-01
1777,2022-09-01,AFG,4866,AFG,3,0.79999999999999993,0.72036975622177124,6.9646193878725171e-05,0.72000002861022949,0.44999999999999996,0.39314720034599304,0.0011784570524469018,0.38999998569488525,0.14999999999999999,0.12680824100971222,-0.0015237800544127822,0.12999999523162842,0,0.0012190642300993204,4.7293724492192268e-11,0,False,3,3,2022-01-01
1778,2022-03-01,AFG,4873,AFG,3,0.84999999999999998,0.70356786251068115,-0.00053023803047835827,0.69999998807907104,0.44999999999999996,0.42859300971031189,0.0028805250767618418,0.43000000715255737,0.14999999999999999,0.1622665673494339,-0.0015237800544127822,0.15999999642372131,0,0.0012190642300993204,4.7293724492192268e-11,0,False,3,3,2022-01-01
1779,2022-03-01,AFG,4881,AFG,4,0.84999999999999987,0.73371011018753052,-0.00053023803047835827,0.73000001907348633,0.55000000000000004,0.38019692897796631,0.0028805250767618418,0.37999999523162842,0.20000000000000001,0.12557762861251831,-0.0015237800544127822,0.11999999731779099,0,0.0012190642300993204,4.7293724492192268e-11,0,False,4,3,2022-01-01
1782,2022-03-01,AFG,4898,AFG,4,0.84999999999999987,0.78414243459701538,-0.0001738299906719476,0.77999997138977051,0.55000000000000004,0.40830004215240479,0.0028170205187052488,0.40999999642372131,0.20000000000000001,0.131317138671875,-0.0015237800544127822,0.12999999523162842,0,0.0012190642300993204,4.7293724492192268e-11,0,False,4,3,2022-01-01
1782,2022-09-01,AFG,4899,AFG,3,0.74999999999999989,0.78255879878997803,-0.00016788755601737648,0.77999997138977051,0.40000000000000002,0.39467394351959229,0.0011784570524469018,0.40000000596046448,0.10000000000000001,0.124379962682724,-0.0015237800544127822,0.11999999731779099,0,0.0012190642300993204,4.7293724492192268e-11,0,False,3,3,2022-01-01
1783,2022-03-01,AFG,4906,AFG,3,0.90000000000000002,0.79110461473464966,-0.00022296374663710594,0.79000002145767212,0.5,0.40138188004493713,0.0028170205187052488,0.40000000596046448,0.14999999999999999,0.14713872969150543,-0.0015237800544127822,0.15000000596046448,0,0.0012190642300993204,4.7293724492192268e-11,0,False,3,3,2022-01-01
1783,2022-09-01,AFG,4907,AFG,3,0.79999999999999993,0.73998737335205078,-0.00020513258641585708,0.74000000953674316,0.44999999999999996,0.37804478406906128,0.0011784570524469018,0.37999999523162842,0.14999999999999999,0.13261348009109497,-0.0015237800544127822,0.12999999523162842,0,0.0012190642300993204,4.7293724492192268e-11,0,False,3,3,2022-01-01
1785,2022-03-01,AFG,4917,AFG,3,0.79999999999999993,0.73215949535369873,-0.00065406755311414599,0.73000001907348633,0.5,0.36450293660163879,0.0028805250767618418,0.37000000476837158,0.14999999999999999,0.12674820423126221,-0.0015237800544127822,0.12999999523162842,0,0.0012190642300993204,4.7293724492192268e-11,0,False,3,3,2022-01-01
1785,2022-07-01,AFG,4918,AFG,3,0.65000000000000002,0.6965290904045105,-0.00050094490870833397,0.69999998807907104,0.30000000000000004,0.31949782371520996,0.0028805250767618418,0.31999999284744263,0.10000000000000001,0.1248689740896225,-0.0015237800544127822,0.11999999731779099,0,0.0012190642300993204,4.7293724492192268e-11,0,False,3,3,2022-01-01
1785,2022-09-01,AFG,4919,AFG,3,0.75,0.70465594530105591,-0.0004590218304656446,0.69999998807907104,0.44999999999999996,0.35048952698707581,0.0011784570524469018,0.34999999403953552,0.14999999999999999,0.13178123533725739,-0.0015237800544127822,0.12999999523162842,0,0.0012190642300993204,4.7293724492192268e-11,0,False,3,3,2022-01-01
1786,2022-09-01,AFG,4921,AFG,3,0.90000000000000002,0.73655205965042114,-0.00025370751973241568,0.74000000953674316,0.39999999999999997,0.44799989461898804,0.0011784570524469018,0.44999998807907104,0.050000000000000003,0.12870480120182037,-0.0015237800544127822,0.12999999523162842,0,0.0012190642300993204,4.7293724492192268e-11,0,False,3,3,2022-01-01
1789,2022-09-01,AFG,4933,AFG,3,0.75,0.70848917961120605,-0.00036014057695865631,0.70999997854232788,0.40000000000000002,0.39133021235466003,0.0011784570524469018,0.38999998569488525,0.14999999999999999,0.13568530976772308,-0.0015237800544127822,0.12999999523162842,0,0.0012190642300993204,4.7293724492192268e-11,0,False,3,3,2022-01-01
1791,2022-03-01,AFG,4943,AFG,3,0.79999999999999993,0.7903178334236145,-0.00053863378707319498,0.79000002145767212,0.40000000000000002,0.44362908601760864,0.0028805250767618418,0.44999998807907104,0.10000000000000001,0.15237382054328918,-0.0015237800544127822,0.15000000596046448,0,0.0012190642300993204,4.7293724492192268e-11,0,False,3,3,2022-01-01
1791,2022-09-01,AFG,4944,AFG,3,0.65000000000000013,0.8121800422668457,-0.00047546884161420166,0.81000000238418579,0.25,0.43899855017662048,0.0011784570524469018,0.43999999761581421,0.050000000000000003,0.15562741458415985,-0.0015237800544127822,0.15000000596046448,0,0.0012190642300993204,4.7293724492192268e-11,0,False,3,3,2022-01-01
1793,2022-03-01,AFG,4955,AFG,4,0.84999999999999987,0.73406082391738892,-8.5334346522358828e-07,0.73000001907348633,0.5,0.45265588164329529,0.0028805250767618418,0.46000000834465027,0.20000000000000001,0.12347346544265747,-0.0015237800544127822,0.11999999731779099,0,0.0012190642300993204,4.7293724492192268e-11,0,False,4,3,2022-01-01
1793,2022-09-01,AFG,4956,AFG,3,0.80000000000000004,0.75585317611694336,-8.5334346522358828e-07,0.75999999046325684,0.39999999999999997,0.43287965655326843,0.0011784570524469018,0.43000000715255737,0.050000000000000003,0.12850654125213623,-0.0015237800544127822,0.12999999523162842,0,0.0012190642300993204,4.7293724492192268e-11,0,False,3,3,2022-01-01
1795,2022-03-01,AFG,4961,AFG,3,0.75000000000000011,0.6543351411819458,-0.00015878461999818683,0.64999997615814209,0.34999999999999998,0.42433309555053711,0.0011784570524469018,0.43000000715255737,0.14999999999999999,0.13029234111309052,-0.0015237800544127822,0.12999999523162842,0,0.0012190642300993204,4.7293724492192268e-11,0,False,3,3,2022-01-01
1796,2022-03-01,AFG,4970,AFG,3,0.80000000000000004,0.76441913843154907,-0.00079326092964038253,0.75999999046325684,0.40000000000000002,0.50171816349029541,0.0011784570524469018,0.5,0.14999999999999999,0.15308578312397003,-0.0015237800544127822,0.15000000596046448,0,0.0012190642300993204,4.7293724492192268e-11,0,False,3,3,2022-01-01
1797,2022-03-01,AFG,4979,AFG,3,0.80000000000000004,0.77569270133972168,-0.00056033732835203409,0.77999997138977051,0.40000000000000002,0.5163273811340332,0.0011784570524469018,0.51999998092651367,0.14999999999999999,0.15308578312397003,-0.0015237800544127822,0.15000000596046448,0,0.0012190642300993204,4.7293724492192268e-11,0,False,3,3,2022-01-01
1798,2022-03-01,AFG,4987,AFG,3,0.84999999999999998,0.75857055187225342,-0.00052057584980502725,0.75999999046325684,0.40000000000000002,0.43430811166763306,0.0028170205187052488,0.43999999761581421,0.10000000000000001,0.13916949927806854,-0.0015237800544127822,0.14000000059604645,0,0.0012190642300993204,4.7293724492192268e-11,0,False,3,3,2022-01-01
1799,2022-03-01,AFG,4997,AFG,3,0.90000000000000002,0.72809243202209473,-0.00015250724391080439,0.73000001907348633,0.5,0.36123228073120117,0.0028805250767618418,0.36000001430511475,0.14999999999999999,0.11012061685323715,-0.0015237800544127822,0.10999999940395355,0,0.0012190642300993204,4.7293724492192268e-11,0,False,3,3,2022-01-01
1799,2022-09-01,AFG,4998,AFG,3,0.84999999999999998,0.73499876260757446,-2.6924842586595332e-06,0.73000001907348633,0.44999999999999996,0.36987787485122681,0.0011784570524469018,0.37000000476837158,0.14999999999999999,0.11596668511629105,-0.0015237800544127822,0.10999999940395355,0,0.0012190642300993204,4.7293724492192268e-11,0,False,3,3,2022-01-01
1800,2022-03-01,AFG,5007,AFG,3,0.84999999999999998,0.79359894990921021,-0.00038594336365349591,0.79000002145767212,0.40000000000000002,0.43133622407913208,0.0028170205187052488,0.43000000715255737,0.10000000000000001,0.14394603669643402,-0.0015237800544127822,0.14000000059604645,0,0.0012190642300993204,4.7293724492192268e-11,0,False,3,3,2022-01-01
1800,2022-09-01,AFG,5008,AFG,3,0.79999999999999993,0.75421947240829468,-0.00026503368280827999,0.75,0.34999999999999998,0.41155999898910522,0.0011784570524469018,0.40999999642372131,0.10000000000000001,0.14897902309894562,-0.0015237800544127822,0.15000000596046448,0,0.0012190642300993204,4.7293724492192268e-11,0,False,3,3,2022-01-01
1802,2022-03-01,AFG,5017,AFG,3,0.79999999999999993,0.77910542488098145,-0.00034461627365089953,0.77999997138977051,0.44999999999999996,0.5163273811340332,0.0011784570524469018,0.51999998092651367,0.14999999999999999,0.15976759791374207,-0.0015237800544127822,0.15999999642372131,0,0.0012190642300993204,4.7293724492192268e-11,0,False,3,3,2022-01-01
1802,2022-09-01,AFG,5018,AFG,3,0.70000000000000007,0.77666109800338745,-0.00028589973226189613,0.77999997138977051,0.29999999999999999,0.49134981632232666,0.0011784570524469018,0.49000000953674316,0.050000000000000003,0.15896593034267426,-0.0015237800544127822,0.15999999642372131,0,0.0012190642300993204,4.7293724492192268e-11,0,False,3,3,2022-01-01
1803,2022-03-01,AFG,5027,AFG,3,0.79999999999999993,0.78316229581832886,-0.00030062688165344298,0.77999997138977051,0.44999999999999996,0.5163273811340332,0.0011784570524469018,0.51999998092651367,0.14999999999999999,0.15976759791374207,-0.0015237800544127822,0.15999999642372131,0,0.0012190642300993204,4.7293724492192268e-11,0,False,3,3,2022-01-01
1803,2022-09-01,AFG,5028,AFG,3,0.70000000000000007,0.78383612632751465,-0.00031823309836909175,0.77999997138977051,0.29999999999999999,0.49134981632232666,0.0011784570524469018,0.49000000953674316,0.050000000000000003,0.15301887691020966,-0.0015237800544127822,0.15000000596046448,0,0.0012190642300993204,4.7293724492192268e-11,0,False,3,3,2022-01-01
1804,2022-03-01,AFG,5039,AFG,3,0.75000000000000011,0.74180912971496582,-0.00013322010636329651,0.74000000953674316,0.34999999999999998,0.44068402051925659,0.0011784570524469018,0.43999999761581421,0.14999999999999999,0.13651317358016968,-0.0015237800544127822,0.12999999523162842,0,0.0012190642300993204,4.7293724492192268e-11,0,False,3,3,2022-01-01
1804,2022-07-01,AFG,5040,AFG,3,0.74999999999999989,0.73267281055450439,-0.00014008808648213744,0.73000001907348633,0.40000000000000002,0.35855129361152649,0.0028805250767618418,0.36000001430511475,0.10000000000000001,0.13948674499988556,-0.0015237800544127822,0.14000000059604645,0,0.0012190642300993204,4.7293724492192268e-11,0,False,3,3,2022-01-01
1804,2022-09-01,AFG,5041,AFG,3,0.75,0.74438464641571045,-8.5695237430627458e-06,0.74000000953674316,0.34999999999999998,0.40510159730911255,0.0011784570524469018,0.40999999642372131,0.050000000000000003,0.13586646318435669,-0.0015237800544127822,0.12999999523162842,0,0.0012190642300993204,4.7293724492192268e-11,0,False,3,3,2022-01-01
1806,2022-03-01,AFG,5051,AFG,3,0.84999999999999998,0.74578046798706055,-0.00045017272350378335,0.75,0.40000000000000002,0.44153431057929993,0.0011784570524469018,0.43999999761581421,0.14999999999999999,0.13100184500217438,-0.0015237800544127822,0.12999999523162842,0,0.0012190642300993204,4.7293724492192268e-11,0,False,3,3,2022-01-01
1806,2022-09-01,AFG,5052,AFG,3,0.75,0.75174480676651001,-0.00048831483582034707,0.75,0.34999999999999998,0.42535364627838135,0.0011784570524469018,0.43000000715255737,0.10000000000000001,0.13603484630584717,-0.0015237800544127822,0.12999999523162842,0,0.0012190642300993204,4.7293724492192268e-11,0,False,3,3,2022-01-01
1810,2022-03-01,AFG,5067,AFG,3,0.84999999999999998,0.7743491530418396,-7.4787043558899313e-05,0.76999998092651367,0.40000000000000002,0.40738758444786072,0.0011784570524469018,0.40999999642372131,0.14999999999999999,0.12051747739315033,-0.0015237800544127822,0.11999999731779099,0,0.0012190642300993204,4.7293724492192268e-11,0,False,3,3,2022-01-01
1810,2022-09-01,AFG,5068,AFG,3,0.75,0.76604259014129639,-0.00034214757033623755,0.76999998092651367,0.34999999999999998,0.43226242065429688,0.0011784570524469018,0.43000000715255737,0.10000000000000001,0.14219553768634796,-0.0015237800544127822,0.14000000059604645,0,0.0012190642300993204,4.7293724492192268e-11,0,False,3,3,2022-01-01
1811,2022-03-01,AFG,5080,AFG,3,0.79999999999999993,0.5719146728515625,-0.00054708443349227309,0.56999999284744263,0.5,0.41756415367126465,0.0011784570524469018,0.41999998688697815,0.14999999999999999,0.1260288804769516,-0.0015237800544127822,0.11999999731779099,0,0.0012190642300993204,4.7293724492192268e-11,0,False,3,3,2022-01-01
1811,2022-07-01,AFG,5081,AFG,3,0.74999999999999989,0.74303466081619263,-0.00043724820716306567,0.74000000953674316,0.40000000000000002,0.3410981297492981,0.0028805250767618418,0.34000000357627869,0.10000000000000001,0.12967567145824432,-0.0015237800544127822,0.12999999523162842,0,0.0012190642300993204,4.7293724492192268e-11,0,False,3,3,2022-01-01
1811,2022-09-01,AFG,5082,AFG,3,0.74999999999999989,0.57327461242675781,-0.00052600255003198981,0.56999999284744263,0.44999999999999996,0.38807693123817444,0.0011784570524469018,0.38999998569488525,0.10000000000000001,0.1310618668794632,-0.0015237800544127822,0.12999999523162842,0,0.0012190642300993204,4.7293724492192268e-11,0,False,3,3,2022-01-01
1813,2022-03-01,AFG,5093,AFG,3,0.69999999999999996,0.74677842855453491,-0.00035339390160515904,0.75,0.40000000000000002,0.44135266542434692,0.0011784570524469018,0.43999999761581421,0.10000000000000001,0.1313590407371521,-0.0015237800544127822,0.12999999523162842,0,0.0012190642300993204,4.7293724492192268e-11,0,False,3,3,2022-01-01
1813,2022-07-01,AFG,5094,AFG,3,0.74999999999999989,0.71368312835693359,-0.00014008808648213744,0.70999997854232788,0.40000000000000002,0.35039064288139343,0.0028805250767618418,0.34999999403953552,0.10000000000000001,0.12900246679782867,-0.0015237800544127822,0.12999999523162842,0,0.0012190642300993204,4.7293724492192268e-11,0,False,3,3,2022-01-01
1813,2022-09-01,AFG,5095,AFG,3,0.84999999999999998,0.72372078895568848,-0.00015838428225833923,0.72000002861022949,0.44999999999999996,0.4107576310634613,0.0011784570524469018,0.40999999642372131,0.10000000000000001,0.13071233034133911,-0.0015237800544127822,0.12999999523162842,0,0.0012190642300993204,4.7293724492192268e-11,0,False,3,3,2022-01-01
1815,2022-03-01,AFG,5106,AFG,3,0.84999999999999998,0.79438728094100952,-7.2925366112031043e-05,0.79000002145767212,0.40000000000000002,0.4560273289680481,0.0011784570524469018,0.46000000834465027,0.14999999999999999,0.16482189297676086,-0.0015237800544127822,0.15999999642372131,0,0.0012190642300993204,4.7293724492192268e-11,0,False,3,3,2022-01-01
1817,2022-03-01,AFG,5118,AFG,3,0.79999999999999993,0.79618257284164429,-1.5344683561124839e-05,0.80000001192092896,0.5,0.38712680339813232,0.0011784570524469018,0.38999998569488525,0.14999999999999999,0.15465889871120453,-0.0015237800544127822,0.15000000596046448,0,0.0012190642300993204,4.7293724492192268e-11,0,False,3,3,2022-01-01
1817,2022-07-01,AFG,5119,AFG,3,0.74999999999999989,0.76252907514572144,9.4492083007935435e-05,0.75999999046325684,0.40000000000000002,0.35286220908164978,0.0028805250767618418,0.36000001430511475,0.10000000000000001,0.15597349405288696,-0.0015237800544127822,0.15000000596046448,0,0.0012190642300993204,4.7293724492192268e-11,0,False,3,3,2022-01-01
1817,2022-09-01,AFG,5120,AFG,3,0.79999999999999993,0.81936222314834595,-3.6186203942634165e-05,0.81999999284744263,0.40000000000000002,0.44818967580795288,0.0011784570524469018,0.44999998807907104,0.10000000000000001,0.17724059522151947,-0.0015237800544127822,0.18000000715255737,0,0.0012190642300993204,4.7293724492192268e-11,0,False,3,3,2022-01-01
1818,2022-03-01,AFG,5130,AFG,3,0.79999999999999993,0.80957883596420288,0.00012549948587547988,0.81000000238418579,0.34999999999999998,0.41691961884498596,0.0011784570524469018,0.41999998688697815,0.10000000000000001,0.14971214532852173,-0.0015237800544127822,0.15000000596046448,0,0.0012190642300993204,4.7293724492192268e-11,0,False,3,3,2022-01-01
1818,2022-07-01,AFG,5131,AFG,3,0.74999999999999989,0.77670502662658691,4.3985659431200475e-05,0.77999997138977051,0.40000000000000002,0.36788231134414673,0.0028805250767618418,0.37000000476837158,0.10000000000000001,0.14722917973995209,-0.0015237800544127822,0.15000000596046448,0,0.0012190642300993204,4.7293724492192268e-11,0,False,3,3,2022-01-01
1818,2022-09-01,AFG,5132,AFG,3,0.79999999999999993,0.82510453462600708,4.3985659431200475e-05,0.82999998331069946,0.40000000000000002,0.42884334921836853,0.0011784570524469018,0.43000000715255737,0.10000000000000001,0.16961067914962769,-0.0015237800544127822,0.17000000178813934,0,0.0012190642300993204,4.7293724492192268e-11,0,False,3,3,2022-01-01
1819,2022-03-01,AFG,5142,AFG,4,0.89999999999999991,0.73066526651382446,0.00025217735674232244,0.73000001907348633,0.55000000000000004,0.4719730019569397,0.011938402429223061,0.47999998927116394,0.20000000000000001,0.19394014775753021,-0.0015237800544127822,0.18999999761581421,0,0.0012190642300993204,4.7293724492192268e-11,0,False,4,3,2022-01-01
1819,2022-09-01,AFG,5143,AFG,3,0.79999999999999993,0.84300559759140015,0.00041601320845074952,0.8399999737739563,0.40000000000000002,0.51847440004348755,0.0011784570524469018,0.51999998092651367,0.10000000000000001,0.22439274191856384,-0.0015237800544127822,0.2199999988079071,0,0.0012190642300993204,4.7293724492192268e-11,0,False,3,4,2022-01-01
1820,2022-03-01,AFG,5151,AFG,4,0.89999999999999991,0.80416053533554077,0.00016168480215128511,0.80000001192092896,0.55000000000000004,0.47265607118606567,0.011938402429223061,0.47999998927116394,0.20000000000000001,0.15863579511642456,-0.0015237800544127822,0.15999999642372131,0,0.0012190642300993204,4.7293724492192268e-11,0,False,4,3,2022-01-01
1820,2022-09-01,AFG,5152,AFG,3,0.79999999999999993,0.83233678340911865,8.4554849308915436e-05,0.82999998331069946,0.40000000000000002,0.49670711159706116,0.0011784570524469018,0.5,0.10000000000000001,0.18867169320583344,-0.0015237800544127822,0.18999999761581421,0,0.0012190642300993204,4.7293724492192268e-11,0,False,3,3,2022-01-01
1821,2022-03-01,AFG,5158,AFG,4,0.89999999999999991,0.81344318389892578,0.00026648922357708216,0.81000000238418579,0.55000000000000004,0.48464062809944153,0.011938402429223061,0.5,0.20000000000000001,0.18109728395938873,-0.0015237800544127822,0.18000000715255737,0,0.0012190642300993204,4.7293724492192268e-11,0,False,4,3,2022-01-01
1821,2022-09-01,AFG,5159,AFG,3,0.79999999999999993,0.80605596303939819,0.00036751196603290737,0.81000000238418579,0.40000000000000002,0.48464062809944153,0.0011784570524469018,0.49000000953674316,0.10000000000000001,0.2111331969499588,-0.0015237800544127822,0.20999999344348907,0,0.0012190642300993204,4.7293724492192268e-11,0,False,3,4,2022-01-01
1822,2022-03-01,AFG,5170,AFG,3,0.79999999999999993,0.78117620944976807,-0.00023738048912491649,0.77999997138977051,0.44999999999999996,0.39301019906997681,0.0011784570524469018,0.38999998569488525,0.14999999999999999,0.152467280626297,-0.0015237800544127822,0.15000000596046448,0,0.0012190642300993204,4.7293724492192268e-11,0,False,3,3,2022-01-01
1822,2022-07-01,AFG,5171,AFG,3,0.74999999999999989,0.75045305490493774,-0.00030059809796512127,0.75,0.40000000000000002,0.34733012318611145,0.0028805250767618418,0.34999999403953552,0.10000000000000001,0.14819522202014923,-0.0015237800544127822,0.15000000596046448,0,0.0012190642300993204,4.7293724492192268e-11,0,False,3,3,2022-01-01
1822,2022-09-01,AFG,5172,AFG,3,0.75,0.78931230306625366,-0.00050618872046470642,0.79000002145767212,0.34999999999999998,0.42361530661582947,0.0011784570524469018,0.41999998688697815,0.050000000000000003,0.17546567320823669,-0.0015237800544127822,0.17000000178813934,0,0.0012190642300993204,4.7293724492192268e-11,0,False,3,3,2022-01-01
1824,2022-03-01,AFG,5175,AFG,3,0.69999999999999996,0.74783617258071899,-0.00054922961862757802,0.75,0.34999999999999998,0.49552816152572632,0.0011784570524469018,0.5,0.10000000000000001,0.14632676541805267,-0.0015237800544127822,0.14000000059604645,0,0.0012190642300993204,4.7293724492192268e-11,0,False,3,3,2022-01-01
1824,2022-09-01,AFG,5176,AFG,3,0.75,0.8061147928237915,-0.00043264791020192206,0.81000000238418579,0.34999999999999998,0.53514117002487183,0.0011784570524469018,0.54000002145767212,0.10000000000000001,0.16890846192836761,-0.0015237800544127822,0.17000000178813934,0,0.0012190642300993204,4.7293724492192268e-11,0,False,3,3,2022-01-01
1825,2022-09-01,AFG,5179,AFG,3,0.75,0.85593485832214355,0.00023742922348901629,0.86000001430511475,0.34999999999999998,0.46797105669975281,0.0011784570524469018,0.4699999988079071,0.10000000000000001,0.19476664066314697,-0.0015237800544127822,0.18999999761581421,0,0.0012190642300993204,4.7293724492192268e-11,0,False,3,3,2022-01-01
1829,2022-03-01,AFG,5211,AFG,3,0.79999999999999993,0.80831193923950195,-0.00045017272350378335,0.81000000238418579,0.5,0.45008626580238342,0.0011784570524469018,0.44999998807907104,0.14999999999999999,0.16320782899856567,-0.0015237800544127822,0.15999999642372131,0,0.0012190642300993204,4.7293724492192268e-11,0,False,3,3,2022-01-01
1829,2022-09-01,AFG,5212,AFG,3,0.75,0.82729959487915039,-0.00045017272350378335,0.82999998331069946,0.34999999999999998,0.5004391074180603,0.0011784570524469018,0.5,0.10000000000000001,0.17598962783813477,-0.0015237800544127822,0.17000000178813934,0,0.0012190642300993204,4.7293724492192268e-11,0,False,3,3,2022-01-01
1830,2022-03-01,AFG,5218,AFG,3,0.69999999999999996,0.80096155405044556,3.4813299862435088e-05,0.80000001192092896,0.34999999999999998,0.50944250822067261,0.0011784570524469018,0.50999999046325684,0.10000000000000001,0.16722194850444794,-0.0015237800544127822,0.17000000178813934,0,0.0012190642300993204,4.7293724492192268e-11,0,False,3,3,2022-01-01
1830,2022-07-01,AFG,5219,AFG,3,0.65000000000000002,0.72561824321746826,0.00044362255721352994,0.73000001907348633,0.25,0.43614605069160461,0.0011784570524469018,0.43999999761581421,0.10000000000000001,0.15451984107494354,-0.0015237800544127822,0.15000000596046448,0,0.0012190642300993204,4.7293724492192268e-11,0,False,3,3,2022-01-01
1830,2022-09-01,AFG,5220,AFG,3,0.75,0.85616815090179443,0.00011262648331467062,0.86000001430511475,0.34999999999999998,0.50944250822067261,0.0011784570524469018,0.50999999046325684,0.10000000000000001,0.18712045252323151,-0.0015237800544127822,0.18999999761581421,0,0.0012190642300993204,4.7293724492192268e-11,0,False,3,3,2022-01-01
1831,2022-03-01,AFG,5230,AFG,3,0.79999999999999993,0.83700484037399292,0.00012402597349137068,0.8399999737739563,0.40000000000000002,0.44459962844848633,0.0011784570524469018,0.44999998807907104,0.10000000000000001,0.1489025205373764,-0.0015237800544127822,0.15000000596046448,0,0.0012190642300993204,4.7293724492192268e-11,0,False,3,3,2022-01-01
1831,2022-07-01,AFG,5231,AFG,3,0.65000000000000013,0.76176279783248901,0.00012601222260855138,0.75999999046325684,0.25,0.39092850685119629,0.0063506136648356915,0.40000000596046448,0.050000000000000003,0.15570643544197083,-0.0015237800544127822,0.15000000596046448,0,0.0012190642300993204,4.7293724492192268e-11,0,False,3,3,2022-01-01
1831,2022-09-01,AFG,5232,AFG,3,0.75,0.79225069284439087,5.4683841881342232e-05,0.79000002145767212,0.25,0.40904521942138672,0.0094314739108085632,0.41999998688697815,0.050000000000000003,0.16312134265899658,-0.0015237800544127822,0.15999999642372131,0,0.0012190642300993204,4.7293724492192268e-11,0,False,3,3,2022-01-01
1832,2022-03-01,AFG,5239,AFG,4,0.89999999999999991,0.78820556402206421,8.6141822976060212e-05,0.79000002145767212,0.55000000000000004,0.48755678534507751,0.011938402429223061,0.5,0.20000000000000001,0.16213959455490112,-0.0015237800544127822,0.15999999642372131,0,0.0012190642300993204,4.7293724492192268e-11,0,False,4,3,2022-01-01
1832,2022-09-01,AFG,5240,AFG,3,0.79999999999999993,0.83244782686233521,-8.9944842329714447e-05,0.82999998331069946,0.40000000000000002,0.5195850133895874,0.0011784570524469018,0.51999998092651367,0.10000000000000001,0.1921754777431488,-0.0015237800544127822,0.18999999761581421,0,0.0012190642300993204,4.7293724492192268e-11,0,False,3,3,2022-01-01
1838,2022-03-01,AFG,5283,AFG,3,0.79999999999999993,0.77927678823471069,0.00021618735627271235,0.77999997138977051,0.5,0.46095842123031616,0.0011784570524469018,0.46000000834465027,0.14999999999999999,0.14784829318523407,-0.0015237800544127822,0.15000000596046448,0,0.0012190642300993204,4.7293724492192268e-11,0,False,3,3,2022-01-01
1838,2022-09-01,AFG,5284,AFG,3,0.75,0.79851102828979492,0.00021184017532505095,0.80000001192092896,0.34999999999999998,0.4501396119594574,0.0094314739108085632,0.46000000834465027,0.10000000000000001,0.16206711530685425,-0.0015237800544127822,0.15999999642372131,0,0.0012190642300993204,4.7293724492192268e-11,0,False,3,3,2022-01-01
1839,2022-07-01,AFG,5294,AFG,3,0.74999999999999989,0.76547455787658691,-0.00031043481430970132,0.76999998092651367,0.40000000000000002,0.39670112729072571,0.0063506136648356915,0.40000000596046448,0.10000000000000001,0.16617892682552338,-0.0015237800544127822,0.15999999642372131,0,0.0012190642300993204,4.7293724492192268e-11,0,False,3,3,2022-01-01
1841,2022-07-01,AFG,5305,AFG,3,0.65000000000000013,0.735798180103302,-0.00054033315973356366,0.74000000953674316,0.25,0.38634955883026123,0.0063506136648356915,0.38999998569488525,0.050000000000000003,0.16250157356262207,-0.0015237800544127822,0.15999999642372131,0,0.0012190642300993204,4.7293724492192268e-11,0,False,3,3,2022-01-01
1843,2022-07-01,AFG,5316,AFG,3,0.65000000000000013,0.7365460991859436,-0.00047830757102929056,0.74000000953674316,0.25,0.37314248085021973,0.0063506136648356915,0.37999999523162842,0.050000000000000003,0.16250157356262207,-0.0015237800544127822,0.15999999642372131,0,0.0012190642300993204,4.7293724492192268e-11,0,False,3,3,2022-01-01
1844,2022-03-01,AFG,5328,AFG,3,0.79999999999999993,0.81210893392562866,7.987501157913357e-05,0.81000000238418579,0.44999999999999996,0.43230435252189636,0.0011784570524469018,0.43000000715255737,0.14999999999999999,0.16532967984676361,-0.0015237800544127822,0.15999999642372131,0,0.0012190642300993204,4.7293724492192268e-11,0,False,3,3,2022-01-01
1844,2022-07-01,AFG,5329,AFG,3,0.74999999999999989,0.73813998699188232,5.903342753299512e-05,0.74000000953674316,0.40000000000000002,0.3419424295425415,0.0063506136648356915,0.34999999403953552,0.10000000000000001,0.1830308735370636,-0.0015237800544127822,0.18000000715255737,0,0.0012190642300993204,4.7293724492192268e-11,0,False,3,3,2022-01-01
1844,2022-09-01,AFG,5330,AFG,3,0.79999999999999993,0.78802359104156494,5.4686235671397299e-05,0.79000002145767212,0.44999999999999996,0.43230435252189636,0.0094314739108085632,0.43999999761581421,0.10000000000000001,0.18522819876670837,-0.0015237800544127822,0.18000000715255737,0,0.0012190642300993204,4.7293724492192268e-11,0,False,3,3,2022-01-01
1848,2022-03-01,AFG,5345,AFG,3,0.79999999999999993,0.80630892515182495,0.00021618735627271235,0.81000000238418579,0.5,0.43808415532112122,0.0028170205187052488,0.43999999761581421,0.14999999999999999,0.16365137696266174,-0.0015237800544127822,0.15999999642372131,0,0.0012190642300993204,4.7293724492192268e-11,0,False,3,3,2022-01-01
1848,2022-09-01,AFG,5346,AFG,3,0.75,0.80934596061706543,0.00021618735627271235,0.81000000238418579,0.34999999999999998,0.43697634339332581,0.0011784570524469018,0.43999999761581421,0.10000000000000001,0.17787019908428192,-0.0015237800544127822,0.18000000715255737,0,0.0012190642300993204,4.7293724492192268e-11,0,False,3,3,2022-01-01
1849,2022-03-01,AFG,5357,AFG,4,0.80000000000000004,0.78280347585678101,-0.00033649301622062922,0.77999997138977051,0.40000000000000002,0.45753073692321777,0.0011784570524469018,0.46000000834465027,0.20000000000000001,0.18115124106407166,-0.0015237800544127822,0.18000000715255737,0,0.0012190642300993204,4.7293724492192268e-11,0,False,4,3,2022-01-01
1849,2022-07-01,AFG,5358,AFG,3,0.65000000000000013,0.70296788215637207,-1.6450076145702042e-05,0.69999998807907104,0.25,0.35026603937149048,0.0063506136648356915,0.36000001430511475,0.050000000000000003,0.16720931231975555,-0.0015237800544127822,0.17000000178813934,0,0.0012190642300993204,4.7293724492192268e-11,0,False,3,3,2022-01-01
1849,2022-09-01,AFG,5359,AFG,3,0.75,0.77383291721343994,-1.3757287888438441e-05,0.76999998092651367,0.44999999999999996,0.45308569073677063,0.0094314739108085632,0.46000000834465027,0.14999999999999999,0.20431362092494965,-0.0015237800544127822,0.20000000298023224,0,0.0012190642300993204,4.7293724492192268e-11,0,False,3,4,2022-01-01
1850,2022-03-01,AFG,5370,AFG,3,0.79999999999999993,0.78453117609024048,6.0961447161389515e-05,0.77999997138977051,0.44999999999999996,0.42487791180610657,0.0011784570524469018,0.43000000715255737,0.14999999999999999,0.16532967984676361,-0.0015237800544127822,0.15999999642372131,0,0.0012190642300993204,4.7293724492192268e-11,0,False,3,3,2022-01-01
1850,2022-07-01,AFG,5371,AFG,3,0.74999999999999989,0.72991108894348145,0.00010710107744671404,0.73000001907348633,0.40000000000000002,0.35950857400894165,0.0063506136648356915,0.37000000476837158,0.10000000000000001,0.1830308735370636,-0.0015237800544127822,0.18000000715255737,0,0.0012190642300993204,4.7293724492192268e-11,0,False,3,3,2022-01-01
1850,2022-09-01,AFG,5372,AFG,3,0.79999999999999993,0.79184222221374512,4.0697350414120592e-06,0.79000002145767212,0.44999999999999996,0.4478604793548584,0.0094314739108085632,0.46000000834465027,0.10000000000000001,0.19117525219917297,-0.0015237800544127822,0.18999999761581421,0,0.0012190642300993204,4.7293724492192268e-11,0,False,3,3,2022-01-01
1851,2022-07-01,AFG,5373,AFG,3,0.65000000000000013,0.70532059669494629,2.4743237645452609e-06,0.70999997854232788,0.25,0.41815444827079773,0.0063506136648356915,0.41999998688697815,0.050000000000000003,0.17825435101985931,-0.0015237800544127822,0.18000000715255737,0,0.0012190642300993204,4.7293724492192268e-11,0,False,3,3,2022-01-01
1852,2022-03-01,AFG,5379,AFG,4,0.89999999999999991,0.78418773412704468,2.1287807612679899e-05,0.77999997138977051,0.55000000000000004,0.45489436388015747,0.0028170205187052488,0.46000000834465027,0.25,0.14250929653644562,-0.0015237800544127822,0.14000000059604645,0,0.0012190642300993204,4.7293724492192268e-11,0,False,4,3,2022-01-01
1852,2022-09-01,AFG,5380,AFG,4,0.84999999999999987,0.78313648700714111,2.1287807612679899e-05,0.77999997138977051,0.5,0.44407555460929871,0.0011784570524469018,0.44999998807907104,0.20000000000000001,0.1567281037569046,-0.0015237800544127822,0.15999999642372131,0,0.0012190642300993204,4.7293724492192268e-11,0,False,4,3,2022-01-01
1853,2022-03-01,AFG,5388,AFG,3,0.79999999999999993,0.80843657255172729,8.4195264207664877e-05,0.81000000238418579,0.44999999999999996,0.41915133595466614,0.0011784570524469018,0.41999998688697815,0.14999999999999999,0.16532967984676361,-0.0015237800544127822,0.15999999642372131,0,0.0012190642300993204,4.7293724492192268e-11,0,False,3,3,2022-01-01
1853,2022-07-01,AFG,5389,AFG,3,0.65000000000000013,0.73241806030273438,7.1694936195854098e-05,0.73000001907348633,0.25,0.35165190696716309,0.0063506136648356915,0.36000001430511475,0.050000000000000003,0.16126225888729095,-0.0015237800544127822,0.15999999642372131,0,0.0012190642300993204,4.7293724492192268e-11,0,False,3,3,2022-01-01
1854,2022-09-01,AFG,5398,AFG,3,0.75,0.80080103874206543,8.8605793280294165e-06,0.80000001192092896,0.44999999999999996,0.46615755558013916,0.0094314739108085632,0.47999998927116394,0.14999999999999999,0.20104977488517761,-0.0015237800544127822,0.20000000298023224,0,0.0012190642300993204,4.7293724492192268e-11,0,False,3,4,2022-01-01
1855,2022-03-01,AFG,5403,AFG,4,0.84999999999999987,0.76656311750411987,0.00023007903655525297,0.76999998092651367,0.55000000000000004,0.51398605108261108,0.0028170205187052488,0.51999998092651367,0.20000000000000001,0.15949422121047974,-0.0015237800544127822,0.15999999642372131,0,0.0012190642300993204,4.7293724492192268e-11,0,False,4,3,2022-01-01
1855,2022-09-01,AFG,5404,AFG,4,0.80000000000000004,0.8153536319732666,1.9439081370364875e-05,0.81999999284744263,0.5,0.50316721200942993,0.0011784570524469018,0.5,0.20000000000000001,0.17371304333209991,-0.0015237800544127822,0.17000000178813934,0,0.0012190642300993204,4.7293724492192268e-11,0,False,4,3,2022-01-01
1856,2022-09-01,AFG,5413,AFG,4,0.80000000000000004,0.8444594144821167,7.3818046075757593e-05,0.8399999737739563,0.5,0.49426734447479248,0.0094314739108085632,0.5,0.20000000000000001,0.16935355961322784,-0.0015237800544127822,0.17000000178813934,0,0.0012190642300993204,4.7293724492192268e-11,0,False,4,3,2022-01-01
1857,2022-03-01,AFG,5421,AFG,3,0.79999999999999993,0.76443308591842651,1.6490061170770787e-05,0.75999999046325684,0.44999999999999996,0.40024495124816895,0.0011784570524469018,0.40000000596046448,0.10000000000000001,0.16864983737468719,-0.0015237800544127822,0.17000000178813934,0,0.0012190642300993204,4.7293724492192268e-11,0,False,3,3,2022-01-01
1857,2022-07-01,AFG,5422,AFG,3,0.65000000000000002,0.70952516794204712,3.1178737117443234e-05,0.70999997854232788,0.25,0.35640907287597656,0.0046485462225973606,0.36000001430511475,0.10000000000000001,0.16126225888729095,-0.0015237800544127822,0.15999999642372131,0,0.0012190642300993204,4.7293724492192268e-11,0,False,3,3,2022-01-01
1857,2022-09-01,AFG,5423,AFG,3,0.75,0.72273504734039307,-4.1638784750830382e-05,0.72000002861022949,0.34999999999999998,0.36806616187095642,0.0094314739108085632,0.37999999523162842,0.10000000000000001,0.1649286299943924,-0.0015237800544127822,0.15999999642372131,0,0.0012190642300993204,4.7293724492192268e-11,0,False,3,3,2022-01-01
1858,2022-09-01,AFG,5429,AFG,4,0.80000000000000004,0.86458843946456909,0.00015898291894700378,0.86000001430511475,0.5,0.53070056438446045,0.0094314739108085632,0.54000002145767212,0.20000000000000001,0.19523981213569641,-0.0015237800544127822,0.18999999761581421,0,0.0012190642300993204,4.7293724492192268e-11,0,False,4,3,2022-01-01
1859,2022-03-01,AFG,5440,AFG,3,0.79999999999999993,0.76877295970916748,-5.2828600018983707e-06,0.76999998092651367,0.44999999999999996,0.40541011095046997,0.0011784570524469018,0.40999999642372131,0.10000000000000001,0.16864983737468719,-0.0015237800544127822,0.17000000178813934,0,0.0012190642300993204,4.7293724492192268e-11,0,False,3,3,2022-01-01
1859,2022-07-01,AFG,5441,AFG,3,0.65000000000000013,0.70660549402236938,3.7891059037065133e-05,0.70999997854232788,0.25,0.37921518087387085,0.0063506136648356915,0.38999998569488525,0.050000000000000003,0.1732126772403717,-0.0015237800544127822,0.17000000178813934,0,0.0012190642300993204,4.7293724492192268e-11,0,False,3,3,2022-01-01
1859,2022-09-01,AFG,5442,AFG,3,0.75,0.76419895887374878,-5.5557520681759343e-06,0.75999999046325684,0.34999999999999998,0.41885721683502197,0.0094314739108085632,0.43000000715255737,0.10000000000000001,0.19717861711978912,-0.0015237800544127822,0.20000000298023224,0,0.0012190642300993204,4.7293724492192268e-11,0,False,3,4,2022-01-01
1860,2022-03-01,AFG,5448,AFG,4,0.89999999999999991,0.7844204306602478,0.00010329106589779258,0.77999997138977051,0.55000000000000004,0.4730842113494873,0.0011784570524469018,0.4699999988079071,0.25,0.13694161176681519,-0.0015237800544127822,0.14000000059604645,0,0.0012190642300993204,4.7293724492192268e-11,0,False,4,3,2022-01-01
1863,2022-03-01,AFG,5460,AFG,3,0.79999999999999993,0.78436243534088135,-8.5894789663143456e-05,0.77999997138977051,0.44999999999999996,0.41196441650390625,0.0011784570524469018,0.40999999642372131,0.14999999999999999,0.16264647245407104,-0.0015237800544127822,0.15999999642372131,0,0.0012190642300993204,4.7293724492192268e-11,0,False,3,3,2022-01-01
1864,2022-07-01,AFG,5468,AFG,3,0.65000000000000013,0.73235726356506348,3.7625188269885257e-05,0.73000001907348633,0.25,0.39188346266746521,0.0063506136648356915,0.40000000596046448,0.050000000000000003,0.16843613982200623,-0.0015237800544127822,0.17000000178813934,0,0.0012190642300993204,4.7293724492192268e-11,0,False,3,3,2022-01-01
1864,2022-09-01,AFG,5469,AFG,3,0.75,0.75868439674377441,-1.8728680970525602e-06,0.75999999046325684,0.34999999999999998,0.38572689890861511,0.0094314739108085632,0.40000000596046448,0.10000000000000001,0.16609914600849152,-0.0015237800544127822,0.15999999642372131,0,0.0012190642300993204,4.7293724492192268e-11,0,False,3,3,2022-01-01
1867,2022-03-01,AFG,5500,AFG,3,0.79999999999999993,0.79222202301025391,3.829087654594332e-05,0.79000002145767212,0.44999999999999996,0.39600566029548645,0.0011784570524469018,0.40000000596046448,0.10000000000000001,0.16823315620422363,-0.0015237800544127822,0.17000000178813934,0,0.0012190642300993204,4.7293724492192268e-11,0,False,3,3,2022-01-01
1867,2022-07-01,AFG,5501,AFG,3,0.65000000000000002,0.72767454385757446,5.2979536121711135e-05,0.73000001907348633,0.25,0.37288761138916016,0.0046485462225973606,0.37999999523162842,0.10000000000000001,0.16126225888729095,-0.0015237800544127822,0.15999999642372131,0,0.0012190642300993204,4.7293724492192268e-11,0,False,3,3,2022-01-01
1867,2022-09-01,AFG,5502,AFG,3,0.75,0.7471458911895752,-4.1638784750830382e-05,0.75,0.34999999999999998,0.43238157033920288,0.0094314739108085632,0.43999999761581421,0.10000000000000001,0.18854835629463196,-0.0015237800544127822,0.18999999761581421,0,0.0012190642300993204,4.7293724492192268e-11,0,False,3,3,2022-01-01
1868,2022-09-01,AFG,5508,AFG,4,0.84999999999999987,0.79619932174682617,9.4483933935407549e-05,0.80000001192092896,0.5,0.49686697125434875,0.0011784570524469018,0.5,0.20000000000000001,0.16838288307189941,-0.0015237800544127822,0.17000000178813934,0,0.0012190642300993204,4.7293724492192268e-11,0,False,4,3,2022-01-01
1870,2022-03-01,AFG,5523,AFG,3,0.79999999999999993,0.81193798780441284,4.1692892409628257e-06,0.81000000238418579,0.44999999999999996,0.39573514461517334,0.0011784570524469018,0.40000000596046448,0.10000000000000001,0.16242319345474243,-0.0015237800544127822,0.15999999642372131,0,0.0012190642300993204,4.7293724492192268e-11,0,False,3,3,2022-01-01
1870,2022-07-01,AFG,5524,AFG,3,0.65000000000000002,0.75054275989532471,-1.5074097973410971e-05,0.75,0.25,0.37615397572517395,0.0046485462225973606,0.37999999523162842,0.10000000000000001,0.15545229613780975,-0.0015237800544127822,0.15000000596046448,0,0.0012190642300993204,4.7293724492192268e-11,0,False,3,3,2022-01-01
1870,2022-09-01,AFG,5525,AFG,3,0.75,0.8266979455947876,-1.902093026728835e-05,0.82999998331069946,0.34999999999999998,0.49183368682861328,0.0094314739108085632,0.5,0.10000000000000001,0.18542160093784332,-0.0015237800544127822,0.18000000715255737,0,0.0012190642300993204,4.7293724492192268e-11,0,False,3,3,2022-01-01
651,2022-04-01,BDI,1737,BDI,2,0.30000000000000004,0.46897262334823608,-8.3066326624248177e-05,0.4699999988079071,0.10000000000000001,0.206803098320961,-0.00044695034739561379,0.20999999344348907,0,0.05048026517033577,9.4959032139740884e-06,0.05000000074505806,0,0.0010790859814733267,-1.673470251262188e-10,0,False,2,3,2022-01-01
651,2022-06-01,BDI,1738,BDI,1,0.15000000000000002,0.71527928113937378,-0.00014318188186734915,0.72000002861022949,0.050000000000000003,0.19760075211524963,-0.0021333454642444849,0.20000000298023224,0,0.045130841434001923,-0.0011996981920674443,0.039999999105930328,0,0.0010790859814733267,-1.673470251262188e-10,0,False,1,3,2022-01-01
651,2022-07-01,BDI,1739,BDI,3,0.75,0.62962079048156738,-0.00028740777634084225,0.62999999523162842,0.29999999999999999,0.22833366692066193,-0.00044695034739561379,0.23000000417232513,0.050000000000000003,0.050715465098619461,9.4959032139740884e-06,0.05000000074505806,0,0.0010790859814733267,-1.673470251262188e-10,0,False,3,3,2022-01-01
652,2022-04-01,BDI,1754,BDI,2,0.30000000000000004,0.46897262334823608,-8.3066326624248177e-05,0.4699999988079071,0.10000000000000001,0.206803098320961,-0.00044695034739561379,0.20999999344348907,0,0.05048026517033577,9.4959032139740884e-06,0.05000000074505806,0,0.0010790859814733267,-1.673470251262188e-10,0,False,2,3,2022-01-01
652,2022-06-01,BDI,1755,BDI,1,0.15000000000000002,0.71661514043807983,-0.00014318188186734915,0.72000002861022949,0.050000000000000003,0.19760075211524963,-0.0021333454642444849,0.20000000298023224,0,0.045130841434001923,-0.0011996981920674443,0.039999999105930328,0,0.0010790859814733267,-1.673470251262188e-10,0,False,1,3,2022-01-01
652,2022-07-01,BDI,1756,BDI,3,0.75,0.62962079048156738,-0.00028740777634084225,0.62999999523162842,0.29999999999999999,0.22833366692066193,-0.00044695034739561379,0.23000000417232513,0.050000000000000003,0.050715465098619461,9.4959032139740884e-06,0.05000000074505806,0,0.0010790859814733267,-1.673470251262188e-10,0,False,3,3,2022-01-01
674,2022-07-01,BDI,1868,BDI,3,0.80000000000000004,0.62061947584152222,-7.9511237345286645e-06,0.62000000476837158,0.39999999999999997,0.20489990711212158,-0.00044695034739561379,0.20000000298023224,0.050000000000000003,0.049058113247156143,9.4959032139740884e-06,0.05000000074505806,0,0.0010790859814733267,-1.673470251262188e-10,0,False,3,3,2022-01-01
675,2022-07-01,BDI,1878,BDI,3,0.80000000000000004,0.62835079431533813,-0.00017642194870859385,0.62999999523162842,0.39999999999999997,0.22780176997184753,-0.00044695034739561379,0.23000000417232513,0.050000000000000003,0.051062382757663727,9.4959032139740884e-06,0.05000000074505806,0,0.0010790859814733267,-1.673470251262188e-10,0,False,3,3,2022-01-01
676,2022-04-01,BDI,1893,BDI,2,0.40000000000000002,0.47549599409103394,-7.6962816820014268e-05,0.47999998927116394,0.10000000000000001,0.18164762854576111,0.0014691102551296353,0.18000000715255737,0,0.055743087083101273,9.4959032139740884e-06,0.059999998658895493,0,0.0010790859814733267,-1.673470251262188e-10,0,False,2,2,2022-01-01
676,2022-06-01,BDI,1894,BDI,2,0.40000000000000002,0.6294751763343811,-0.00010184806160395965,0.62999999523162842,0.10000000000000001,0.16256061196327209,-0.00021728602587245405,0.15999999642372131,0,0.048389393836259842,-0.0011996981920674443,0.05000000074505806,0,0.0010790859814733267,-1.673470251262188e-10,0,False,2,2,2022-01-01
676,2022-07-01,BDI,1895,BDI,3,0.75,0.61108243465423584,2.1886253307457082e-05,0.61000001430511475,0.29999999999999999,0.22594103217124939,0.0014691102551296353,0.23000000417232513,0.050000000000000003,0.049890641123056412,9.4959032139740884e-06,0.05000000074505806,0,0.0010790859814733267,-1.673470251262188e-10,0,False,3,3,2022-01-01
677,2022-04-01,BDI,1910,BDI,2,0.40000000000000002,0.48350626230239868,-7.6962816820014268e-05,0.47999998927116394,0.10000000000000001,0.18164762854576111,0.0014691102551296353,0.18000000715255737,0,0.055743087083101273,9.4959032139740884e-06,0.059999998658895493,0,0.0010790859814733267,-1.673470251262188e-10,0,False,2,2,2022-01-01
677,2022-06-01,BDI,1911,BDI,2,0.40000000000000002,0.63344836235046387,-0.00010184806160395965,0.62999999523162842,0.10000000000000001,0.16256061196327209,-0.00021728602587245405,0.15999999642372131,0,0.048389393836259842,-0.0011996981920674443,0.05000000074505806,0,0.0010790859814733267,-1.673470251262188e-10,0,False,2,2,2022-01-01
677,2022-07-01,BDI,1912,BDI,3,0.75,0.61159336566925049,2.1886253307457082e-05,0.61000001430511475,0.29999999999999999,0.22594103217124939,0.0014691102551296353,0.23000000417232513,0.050000000000000003,0.049890641123056412,9.4959032139740884e-06,0.05000000074505806,0,0.0010790859814733267,-1.673470251262188e-10,0,False,3,3,2022-01-01
699,2022-04-01,BDI,2008,BDI,2,0.34999999999999998,0.468931645154953,3.3540356525918469e-05,0.4699999988079071,0.10000000000000001,0.17511488497257233,-0.00044695034739561379,0.17000000178813934,0,0.047223702073097229,9.4959032139740884e-06,0.05000000074505806,0,0.0010790859814733267,-1.673470251262188e-10,0,False,2,2,2022-01-01
699,2022-06-01,BDI,2009,BDI,2,0.40000000000000002,0.68977564573287964,-6.7663190748135094e-06,0.68999999761581421,0.14999999999999999,0.17201785743236542,0.0013605962740257382,0.17000000178813934,0,0.041874278336763382,-0.0011996981920674443,0.039999999105930328,0,0.0010790859814733267,-1.673470251262188e-10,0,False,2,2,2022-01-01
699,2022-07-01,BDI,2010,BDI,2,0.75,0.60278689861297607,-1.1290960173937492e-05,0.60000002384185791,0.14999999999999999,0.24561303853988647,0.0030469915363937616,0.25,0,0.045852456241846085,9.4959032139740884e-06,0.05000000074505806,0,0.0010790859814733267,-1.673470251262188e-10,0,False,2,3,2022-01-01
700,2022-04-01,BDI,2023,BDI,2,0.34999999999999998,0.49419340491294861,4.4758239710063208e-06,0.49000000953674316,0.10000000000000001,0.19109505414962769,-0.00044695034739561379,0.18999999761581421,0,0.05326615646481514,9.4959032139740884e-06,0.05000000074505806,0,0.0010790859814733267,-1.673470251262188e-10,0,False,2,2,2022-01-01
700,2022-07-01,BDI,2024,BDI,2,0.75,0.60297036170959473,-5.6197142839664593e-05,0.60000002384185791,0.14999999999999999,0.21540525555610657,0.0030469915363937616,0.2199999988079071,0,0.049890641123056412,9.4959032139740884e-06,0.05000000074505806,0,0.0010790859814733267,-1.673470251262188e-10,0,False,2,3,2022-01-01
703,2022-04-01,BDI,2046,BDI,2,0.30000000000000004,0.55751007795333862,-6.1077305872458965e-05,0.56000000238418579,0.10000000000000001,0.14186272025108337,-0.00044695034739561379,0.14000000059604645,0,0.047223702073097229,9.4959032139740884e-06,0.05000000074505806,0,0.0010790859814733267,-1.673470251262188e-10,0,False,2,2,2022-01-01
703,2022-06-01,BDI,2047,BDI,2,0.34999999999999998,0.68827134370803833,-2.4417895474471152e-05,0.68999999761581421,0.10000000000000001,0.13828051090240479,-0.0021333454642444849,0.14000000059604645,0,0.039870008826255798,-0.0011996981920674443,0.039999999105930328,0,0.0010790859814733267,-1.673470251262188e-10,0,False,2,2,2022-01-01
703,2022-07-01,BDI,2048,BDI,3,0.75,0.66838514804840088,3.7771813367726281e-05,0.67000001668930054,0.29999999999999999,0.24540522694587708,-0.00044695034739561379,0.23999999463558197,0.050000000000000003,0.045852456241846085,9.4959032139740884e-06,0.05000000074505806,0,0.0010790859814733267,-1.673470251262188e-10,0,False,3,3,2022-01-01
704,2022-04-01,BDI,2062,BDI,2,0.30000000000000004,0.51313012838363647,-6.1077305872458965e-05,0.50999999046325684,0.10000000000000001,0.12577030062675476,-0.00044695034739561379,0.12999999523162842,0,0.047223702073097229,9.4959032139740884e-06,0.05000000074505806,0,0.0010790859814733267,-1.673470251262188e-10,0,False,2,2,2022-01-01
704,2022-06-01,BDI,2063,BDI,2,0.34999999999999998,0.68204736709594727,-0.00016891691484488547,0.68000000715255737,0.10000000000000001,0.13664628565311432,-0.0021333454642444849,0.12999999523162842,0,0.039870008826255798,-0.0011996981920674443,0.039999999105930328,0,0.0010790859814733267,-1.673470251262188e-10,0,False,2,2,2022-01-01
704,2022-07-01,BDI,2064,BDI,3,0.75,0.65885138511657715,3.7771813367726281e-05,0.6600000262260437,0.29999999999999999,0.21364721655845642,-0.00044695034739561379,0.20999999344348907,0.050000000000000003,0.045852456241846085,9.4959032139740884e-06,0.05000000074505806,0,0.0010790859814733267,-1.673470251262188e-10,0,False,3,3,2022-01-01
707,2022-04-01,BDI,2087,BDI,2,0.44999999999999996,0.48226463794708252,-6.2621265897178091e-06,0.47999998927116394,0.14999999999999999,0.18197055160999298,-0.00044695034739561379,0.18000000715255737,0,0.051261886954307556,9.4959032139740884e-06,0.05000000074505806,0,0.0010790859814733267,-1.673470251262188e-10,0,False,2,2,2022-01-01
707,2022-06-01,BDI,2088,BDI,2,0.44999999999999996,0.65070641040802002,-2.197077265009284e-05,0.64999997615814209,0.14999999999999999,0.15078260004520416,-0.0021333454642444849,0.15000000596046448,0,0.043908193707466125,-0.0011996981920674443,0.039999999105930328,0,0.0010790859814733267,-1.673470251262188e-10,0,False,2,2,2022-01-01
707,2022-07-01,BDI,2089,BDI,3,0.75,0.624808669090271,0.0002195248962379992,0.62999999523162842,0.29999999999999999,0.23399315774440765,-0.00044695034739561379,0.23000000417232513,0.050000000000000003,0.049890641123056412,9.4959032139740884e-06,0.05000000074505806,0,0.0010790859814733267,-1.673470251262188e-10,0,False,3,3,2022-01-01
708,2022-04-01,BDI,2100,BDI,2,0.44999999999999996,0.47949531674385071,-6.2621265897178091e-06,0.47999998927116394,0.14999999999999999,0.18527884781360626,-0.00044695034739561379,0.18000000715255737,0,0.051261886954307556,9.4959032139740884e-06,0.05000000074505806,0,0.0010790859814733267,-1.673470251262188e-10,0,False,2,2,2022-01-01
708,2022-06-01,BDI,2101,BDI,2,0.44999999999999996,0.65302455425262451,-2.197077265009284e-05,0.64999997615814209,0.14999999999999999,0.15078260004520416,-0.0021333454642444849,0.15000000596046448,0,0.043908193707466125,-0.0011996981920674443,0.039999999105930328,0,0.0010790859814733267,-1.673470251262188e-10,0,False,2,2,2022-01-01
708,2022-07-01,BDI,2102,BDI,3,0.75,0.64474833011627197,0.0002195248962379992,0.63999998569488525,0.29999999999999999,0.23399315774440765,-0.00044695034739561379,0.23000000417232513,0.050000000000000003,0.049890641123056412,9.4959032139740884e-06,0.05000000074505806,0,0.0010790859814733267,-1.673470251262188e-10,0,False,3,3,2022-01-01
165,2022-09-01,CAF,724,CAF,4,0.85000000000000009,0.6463809609413147,9.0716574050020427e-05,0.64999997615814209,0.60000000000000009,0.37429866194725037,-0.0012823155848309398,0.37000000476837158,0.20000000000000001,0.1137223020195961,-0.0021387108135968447,0.10999999940395355,0,0.0011152761289849877,-6.0936145018786192e-11,0,False,4,3,2022-01-01
174,2022-09-01,CAF,744,CAF,3,0.84999999999999998,0.72689712047576904,0.00032594293588772416,0.73000001907348633,0.55000000000000004,0.3521101176738739,-0.0012823155848309398,0.34999999403953552,0.14999999999999999,0.13227567076683044,-0.0021387108135968447,0.12999999523162842,0,0.0011152761289849877,-6.0936145018786192e-11,0,False,3,3,2022-01-01
175,2022-09-01,CAF,752,CAF,3,0.84999999999999998,0.72978901863098145,0.00032594293588772416,0.73000001907348633,0.55000000000000004,0.37294003367424011,-0.0012823155848309398,0.37000000476837158,0.14999999999999999,0.13227567076683044,-0.0021387108135968447,0.12999999523162842,0,0.0011152761289849877,-6.0936145018786192e-11,0,False,3,3,2022-01-01
177,2022-09-01,CAF,760,CAF,3,0.84999999999999998,0.73309510946273804,0.00032594293588772416,0.73000001907348633,0.55000000000000004,0.3521101176738739,-0.0012823155848309398,0.34999999403953552,0.14999999999999999,0.13227567076683044,-0.0021387108135968447,0.12999999523162842,0,0.0011152761289849877,-6.0936145018786192e-11,0,False,3,3,2022-01-01
216,2022-09-01,CAF,801,CAF,3,0.79999999999999993,0.64758920669555664,-6.1594342696480453e-05,0.64999997615814209,0.44999999999999996,0.39905920624732971,-0.0012823155848309398,0.40000000596046448,0.14999999999999999,0.078065566718578339,-0.0021387108135968447,0.079999998211860657,0,0.0011152761289849877,-6.0936145018786192e-11,0,False,3,3,2022-01-01
229,2022-09-01,CAF,811,CAF,3,0.75,0.69503498077392578,6.3901497924234718e-05,0.69999998807907104,0.40000000000000002,0.33286485075950623,-0.0012823155848309398,0.33000001311302185,0.14999999999999999,0.06596384197473526,-0.0021387108135968447,0.059999998658895493,0,0.0011152761289849877,-6.0936145018786192e-11,0,False,3,3,2022-01-01
234,2022-07-01,CAF,819,CAF,3,0.75,0.69023191928863525,-6.7914239480160177e-05,0.68999999761581421,0.29999999999999999,0.35357734560966492,0.0036246804520487785,0.36000001430511475,0.050000000000000003,0.076993323862552643,-0.0024344043340533972,0.070000000298023224,0,0.0011152761289849877,-6.0936145018786192e-11,0,False,3,3,2022-01-01
234,2022-09-01,CAF,820,CAF,3,0.55000000000000004,0.72870290279388428,-1.4830135341981077e-07,0.73000001907348633,0.20000000000000001,0.26883724331855774,-0.0012823155848309398,0.27000001072883606,0,0.063291020691394806,-0.0021387108135968447,0.059999998658895493,0,0.0011152761289849877,-6.0936145018786192e-11,0,False,3,3,2022-01-01
237,2022-07-01,CAF,832,CAF,3,0.75,0.68544960021972656,6.1556420405395329e-05,0.68999999761581421,0.29999999999999999,0.36685311794281006,-0.0075095575302839279,0.36000001430511475,0.050000000000000003,0.074076853692531586,-0.0024344043340533972,0.070000000298023224,0,0.0011152761289849877,-6.0936145018786192e-11,0,False,3,3,2022-01-01
237,2022-09-01,CAF,833,CAF,3,0.55000000000000004,0.74579697847366333,0.00018676019681151956,0.75,0.20000000000000001,0.26375749707221985,-0.0012823155848309398,0.25999999046325684,0,0.060597687959671021,-0.0021387108135968447,0.059999998658895493,0,0.0011152761289849877,-6.0936145018786192e-11,0,False,3,3,2022-01-01
239,2022-07-01,CAF,842,CAF,3,0.75,0.6789252758026123,6.1556420405395329e-05,0.68000000715255737,0.29999999999999999,0.36685311794281006,-0.0075095575302839279,0.36000001430511475,0.050000000000000003,0.074076853692531586,-0.0024344043340533972,0.070000000298023224,0,0.0011152761289849877,-6.0936145018786192e-11,0,False,3,3,2022-01-01
239,2022-09-01,CAF,843,CAF,3,0.55000000000000004,0.73343563079833984,0.00018676019681151956,0.73000001907348633,0.20000000000000001,0.22138255834579468,-0.0012823155848309398,0.2199999988079071,0,0.060597687959671021,-0.0021387108135968447,0.059999998658895493,0,0.0011152761289849877,-6.0936145018786192e-11,0,False,3,3,2022-01-01
251,2022-09-01,CAF,847,CAF,3,0.69999999999999996,0.67398589849472046,0.00020338971808087081,0.67000001668930054,0.34999999999999998,0.37435781955718994,-0.0012823155848309398,0.37000000476837158,0.050000000000000003,0.070141412317752838,-0.0021387108135968447,0.070000000298023224,0,0.0011152761289849877,-6.0936145018786192e-11,0,False,3,3,2022-01-01
258,2022-09-01,CAF,854,CAF,3,0.69999999999999996,0.68174296617507935,-1.2304674783081282e-05,0.68000000715255737,0.34999999999999998,0.36751443147659302,-0.0012823155848309398,0.37000000476837158,0.050000000000000003,0.072353087365627289,-0.0021387108135968447,0.070000000298023224,0,0.0011152761289849877,-6.0936145018786192e-11,0,False,3,3,2022-01-01
280,2022-09-01,CAF,873,CAF,3,0.79999999999999993,0.79662448167800903,-4.4904711103299633e-05,0.80000001192092896,0.44999999999999996,0.47595888376235962,0.0005365367978811264,0.47999998927116394,0.10000000000000001,0.10643347352743149,-0.0021387108135968447,0.10000000149011612,0,0.0011152761289849877,-6.0936145018786192e-11,0,False,3,3,2022-01-01
282,2022-07-01,CAF,880,CAF,3,0.5,0.75548994541168213,-0.00062696449458599091,0.75,0.20000000000000001,0.27613797783851624,-0.012042642571032047,0.25999999046325684,0,0.08198712021112442,-0.00091286352835595608,0.079999998211860657,0,0.0011152761289849877,-6.0936145018786192e-11,0,False,3,3,2022-01-01
282,2022-09-01,CAF,881,CAF,3,0.74999999999999989,0.67523741722106934,-0.00022198635269887745,0.68000000715255737,0.44999999999999996,0.35905200242996216,0.0005365367978811264,0.36000001430511475,0.10000000000000001,0.075511060655117035,-0.0021387108135968447,0.070000000298023224,0,0.0011152761289849877,-6.0936145018786192e-11,0,False,3,3,2022-01-01
283,2022-07-01,CAF,888,CAF,3,0.5,0.75391858816146851,-0.00062696449458599091,0.75,0.20000000000000001,0.27613797783851624,-0.012042642571032047,0.25999999046325684,0,0.08198712021112442,-0.00091286352835595608,0.079999998211860657,0,0.0011152761289849877,-6.0936145018786192e-11,0,False,3,3,2022-01-01
283,2022-09-01,CAF,889,CAF,3,0.74999999999999989,0.67703312635421753,-0.00022198635269887745,0.68000000715255737,0.44999999999999996,0.35905200242996216,0.0005365367978811264,0.36000001430511475,0.10000000000000001,0.075511060655117035,-0.0021387108135968447,0.070000000298023224,0,0.0011152761289849877,-6.0936145018786192e-11,0,False,3,3,2022-01-01
286,2022-09-01,CAF,903,CAF,3,0.74999999999999989,0.71705788373947144,-0.00018207626999355853,0.72000002861022949,0.44999999999999996,0.43406504392623901,0.0019808625802397728,0.43999999761581421,0.10000000000000001,0.091518886387348175,-0.0021387108135968447,0.090000003576278687,0,0.0011152761289849877,-6.0936145018786192e-11,0,False,3,3,2022-01-01
290,2022-09-01,CAF,906,CAF,3,0.79999999999999993,0.82936137914657593,-0.00012140962644480169,0.82999998331069946,0.44999999999999996,0.5026056170463562,0.0005365367978811264,0.5,0.10000000000000001,0.1058470830321312,-0.0021387108135968447,0.10000000149011612,0,0.0011152761289849877,-6.0936145018786192e-11,0,False,3,3,2022-01-01
291,2022-07-01,CAF,915,CAF,3,0.5,0.76374667882919312,-0.00026047887513414025,0.75999999046325684,0.20000000000000001,0.29538083076477051,-0.0096746133640408516,0.28999999165534973,0,0.084198780357837677,-0.0024344043340533972,0.079999998211860657,0,0.0011152761289849877,-6.0936145018786192e-11,0,False,3,3,2022-01-01
291,2022-09-01,CAF,916,CAF,3,0.74999999999999989,0.72167575359344482,0.00020904661505483091,0.72000002861022949,0.44999999999999996,0.42516961693763733,0.0029045664705336094,0.43000000715255737,0.10000000000000001,0.081479988992214203,-0.0021387108135968447,0.079999998211860657,0,0.0011152761289849877,-6.0936145018786192e-11,0,False,3,3,2022-01-01
305,2022-07-01,CAF,936,CAF,3,0.5,0.7443772554397583,1.589090061315801e-05,0.74000000953674316,0.20000000000000001,0.33232739567756653,0.0039418870583176613,0.34000000357627869,0,0.075821660459041595,-0.0024344043340533972,0.070000000298023224,0,0.0011152761289849877,-6.0936145018786192e-11,0,False,3,3,2022-01-01
314,2022-07-01,CAF,939,CAF,3,0.70000000000000007,0.74944102764129639,0.00017873142496682703,0.75,0.29999999999999999,0.32770144939422607,0.0039418870583176613,0.33000001311302185,0.050000000000000003,0.078033320605754852,-0.00091286352835595608,0.079999998211860657,0,0.0011152761289849877,-6.0936145018786192e-11,0,False,3,3,2022-01-01
319,2022-09-01,CAF,947,CAF,3,0.79999999999999993,0.7926185131072998,-6.8397224822547287e-05,0.79000002145767212,0.44999999999999996,0.37032535672187805,-0.0012263417011126876,0.37000000476837158,0.10000000000000001,0.095515705645084381,-0.0021387108135968447,0.090000003576278687,0,0.0011152761289849877,-6.0936145018786192e-11,0,False,3,3,2022-01-01
322,2022-09-01,CAF,952,CAF,3,0.79999999999999993,0.78128141164779663,-6.8397224822547287e-05,0.77999997138977051,0.44999999999999996,0.37797176837921143,0.0019808625802397728,0.37999999523162842,0.10000000000000001,0.09820903092622757,-0.0021387108135968447,0.10000000149011612,0,0.0011152761289849877,-6.0936145018786192e-11,0,False,3,3,2022-01-01
323,2022-09-01,CAF,957,CAF,3,0.79999999999999993,0.7796550989151001,4.1456263716099784e-05,0.77999997138977051,0.44999999999999996,0.36099448800086975,0.0019808625802397728,0.36000001430511475,0.10000000000000001,0.095515705645084381,-0.0021387108135968447,0.090000003576278687,0,0.0011152761289849877,-6.0936145018786192e-11,0,False,3,3,2022-01-01
334,2022-04-01,CAF,968,CAF,2,0.45000000000000001,0.7220187783241272,0.00061515555717051029,0.72000002861022949,0.15000000000000002,0.36231130361557007,-0.0072757494635879993,0.36000001430511475,0.050000000000000003,0.097976945340633392,3.4921085898531601e-05,0.10000000149011612,0,0.0011152761289849877,-6.0936145018786192e-11,0,False,2,3,2022-01-01
335,2022-04-01,CAF,971,CAF,2,0.45000000000000001,0.71705722808837891,0.00063732132548466325,0.72000002861022949,0.15000000000000002,0.41015195846557617,-0.0072757494635879993,0.40000000596046448,0.050000000000000003,0.099390082061290741,3.4921085898531601e-05,0.10000000149011612,0,0.0011152761289849877,-6.0936145018786192e-11,0,False,2,3,2022-01-01
347,2022-09-01,CAF,979,CAF,4,0.89999999999999991,0.78721803426742554,-3.5948240110883489e-05,0.79000002145767212,0.55000000000000004,0.42950871586799622,-0.018149858340620995,0.40999999642372131,0.20000000000000001,0.10209972411394119,-0.0021387108135968447,0.10000000149011612,0,0.0011152761289849877,-6.0936145018786192e-11,0,False,4,3,2022-01-01
435,2022-10-01,CAF,1036,CAF,3,0.84999999999999998,0.74772799015045166,-0.00059986417181789875,0.75,0.40000000000000002,0.44229793548583984,-0.002963947132229805,0.43999999761581421,0.10000000000000001,0.11016436666250229,-0.0021387108135968447,0.10999999940395355,0,0.0011152761289849877,-6.0936145018786192e-11,0,False,3,3,2022-01-01
436,2022-10-01,CAF,1047,CAF,3,0.84999999999999998,0.76762890815734863,-0.00061996548902243376,0.76999998092651367,0.40000000000000002,0.44081670045852661,-0.002963947132229805,0.43999999761581421,0.10000000000000001,0.11016436666250229,-0.0021387108135968447,0.10999999940395355,0,0.0011152761289849877,-6.0936145018786192e-11,0,False,3,3,2022-01-01
441,2022-10-01,CAF,1066,CAF,3,0.84999999999999998,0.76210629940032959,-0.00059986417181789875,0.75999999046325684,0.40000000000000002,0.43841266632080078,-0.002963947132229805,0.43999999761581421,0.10000000000000001,0.11016436666250229,-0.0021387108135968447,0.10999999940395355,0,0.0011152761289849877,-6.0936145018786192e-11,0,False,3,3,2022-01-01
136,2022-07-01,COD,706,COD,2,0.59999999999999998,0.61554086208343506,1.6595606211922131e-05,0.62000000476837158,0.14999999999999999,0.20055167376995087,-0.0015630226116627455,0.20000000298023224,0,0.049126166850328445,0.0067794593051075935,0.059999998658895493,0,0.0012890051584690809,-1.6056844742706744e-10,0,False,2,3,2022-01-01
160,2022-07-01,COD,717,COD,3,0.80000000000000004,0.63244062662124634,-0.00020711128308903426,0.62999999523162842,0.25,0.23134501278400421,-0.0015630226116627455,0.23000000417232513,0.050000000000000003,0.049126166850328445,0.0067794593051075935,0.059999998658895493,0,0.0012890051584690809,-1.6056844742706744e-10,0,False,3,3,2022-01-01
161,2022-07-01,COD,718,COD,3,0.80000000000000004,0.63316237926483154,-0.00020711128308903426,0.62999999523162842,0.25,0.22531852126121521,-0.0015630226116627455,0.2199999988079071,0.050000000000000003,0.049126166850328445,0.0067794593051075935,0.059999998658895493,0,0.0012890051584690809,-1.6056844742706744e-10,0,False,3,3,2022-01-01
169,2022-07-01,COD,735,COD,3,0.75,0.65686142444610596,1.0906388524745125e-05,0.6600000262260437,0.25,0.24266332387924194,-0.0015630226116627455,0.23999999463558197,0.050000000000000003,0.057167194783687592,0.0067794593051075935,0.059999998658895493,0,0.0012890051584690809,-1.6056844742706744e-10,0,False,3,3,2022-01-01
189,2022-07-01,COD,778,COD,3,0.75000000000000011,0.61309254169464111,0.0001202564817504026,0.61000001430511475,0.20000000000000001,0.27770072221755981,-0.0015630226116627455,0.2800000011920929,0.050000000000000003,0.058584775775671005,0.0067794593051075935,0.070000000298023224,0,0.0012890051584690809,-1.6056844742706744e-10,0,False,3,3,2022-01-01
190,2022-07-01,COD,779,COD,3,0.75000000000000011,0.61145436763763428,0.00010010496771428734,0.61000001430511475,0.20000000000000001,0.27836984395980835,-0.0015630226116627455,0.2800000011920929,0.050000000000000003,0.060202695429325104,0.0067794593051075935,0.070000000298023224,0,0.0012890051584690809,-1.6056844742706744e-10,0,False,3,3,2022-01-01
230,2022-07-01,COD,812,COD,3,0.55000000000000004,0.6362949013710022,-3.9136626583058387e-05,0.63999998569488525,0.20000000000000001,0.27320235967636108,-0.0015630226116627455,0.27000001072883606,0,0.067634992301464081,0.0067794593051075935,0.070000000298023224,0,0.0012890051584690809,-1.6056844742706744e-10,0,False,3,3,2022-01-01
242,2022-07-01,COD,844,COD,2,0.5,0.56270074844360352,-0.00020743037748616189,0.56000000238418579,0.14999999999999999,0.18691766262054443,-0.0015630226116627455,0.18999999761581421,0,0.06158282607793808,0.0067794593051075935,0.070000000298023224,0,0.0012890051584690809,-1.6056844742706744e-10,0,False,2,2,2022-01-01
263,2022-07-01,COD,862,COD,3,0.65000000000000002,0.59494233131408691,-8.4082646935712546e-05,0.5899999737739563,0.20000000000000001,0.21827584505081177,-0.0015630226116627455,0.2199999988079071,0,0.067880876362323761,0.0067794593051075935,0.070000000298023224,0,0.0012890051584690809,-1.6056844742706744e-10,0,False,3,3,2022-01-01
264,2022-07-01,COD,863,COD,3,0.65000000000000002,0.59493982791900635,-8.4082646935712546e-05,0.5899999737739563,0.20000000000000001,0.21827584505081177,-0.0015630226116627455,0.2199999988079071,0,0.067880876362323761,0.0067794593051075935,0.070000000298023224,0,0.0012890051584690809,-1.6056844742706744e-10,0,False,3,3,2022-01-01
284,2022-07-01,COD,892,COD,3,0.69999999999999996,0.5970115065574646,-6.5458566496090498e-06,0.60000002384185791,0.39999999999999997,0.2214680016040802,-0.0015630226116627455,0.2199999988079071,0.050000000000000003,0.062723658978939056,0.0067794593051075935,0.070000000298023224,0,0.0012890051584690809,-1.6056844742706744e-10,0,False,3,3,2022-01-01
285,2022-07-01,COD,895,COD,3,0.69999999999999996,0.59706681966781616,-6.5458566496090498e-06,0.60000002384185791,0.39999999999999997,0.2214680016040802,-0.0015630226116627455,0.2199999988079071,0.050000000000000003,0.062723658978939056,0.0067794593051075935,0.070000000298023224,0,0.0012890051584690809,-1.6056844742706744e-10,0,False,3,3,2022-01-01
296,2022-07-01,COD,920,COD,3,0.84999999999999998,0.62740564346313477,-0.00015727311256341636,0.62999999523162842,0.34999999999999998,0.23599687218666077,-0.0015630226116627455,0.23000000417232513,0,0.052575342357158661,0.0067794593051075935,0.059999998658895493,0,0.0012890051584690809,-1.6056844742706744e-10,0,False,3,3,2022-01-01
370,2022-07-01,COD,990,COD,3,0.69999999999999996,0.55936950445175171,-4.3495318095665425e-05,0.56000000238418579,0.29999999999999999,0.27005645632743835,-0.0015630226116627455,0.27000001072883606,0,0.042601827532052994,0.0067794593051075935,0.05000000074505806,0,0.0012890051584690809,-1.6056844742706744e-10,0,False,3,3,2022-01-01
374,2022-07-01,COD,993,COD,3,0.69999999999999996,0.5638805627822876,9.415638487553224e-05,0.56000000238418579,0.29999999999999999,0.2541143000125885,-0.0015630226116627455,0.25,0,0.041134901344776154,0.0067794593051075935,0.05000000074505806,0,0.0012890051584690809,-1.6056844742706744e-10,0,False,3,3,2022-01-01
391,2022-07-01,COD,1001,COD,3,0.75,0.56532913446426392,8.0251149483956397e-05,0.56999999284744263,0.25,0.28248295187950134,0.005679938942193985,0.28999999165534973,0.050000000000000003,0.067766524851322174,0.0067794593051075935,0.070000000298023224,0,0.0012890051584690809,-1.6056844742706744e-10,0,False,3,3,2022-01-01
409,2022-07-01,COD,1009,COD,2,0.59999999999999998,0.59596717357635498,-5.5712822359055281e-05,0.60000002384185791,0.14999999999999999,0.25952708721160889,-0.0015630226116627455,0.25999999046325684,0,0.04796377569437027,0.0067794593051075935,0.05000000074505806,0,0.0012890051584690809,-1.6056844742706744e-10,0,False,2,3,2022-01-01
410,2022-07-01,COD,1011,COD,2,0.59999999999999998,0.58310431241989136,-5.5712822359055281e-05,0.57999998331069946,0.14999999999999999,0.25952708721160889,-0.0015630226116627455,0.25999999046325684,0,0.04796377569437027,0.0067794593051075935,0.05000000074505806,0,0.0012890051584690809,-1.6056844742706744e-10,0,False,2,3,2022-01-01
413,2022-07-01,COD,1013,COD,2,0.59999999999999998,0.60197943449020386,-6.9697249273303896e-05,0.60000002384185791,0.14999999999999999,0.28794977068901062,-0.0015630226116627455,0.28999999165534973,0,0.049116838723421097,0.0067794593051075935,0.059999998658895493,0,0.0012890051584690809,-1.6056844742706744e-10,0,False,2,3,2022-01-01
417,2022-07-01,COD,1020,COD,3,0.65000000000000002,0.73055386543273926,-0.00047936901682987809,0.73000001907348633,0.20000000000000001,0.35010960698127747,0.005679938942193985,0.36000001430511475,0.050000000000000003,0.099786199629306793,0.0067794593051075935,0.10999999940395355,0,0.0012890051584690809,-1.6056844742706744e-10,0,False,3,3,2022-01-01
420,2022-07-01,COD,1021,COD,2,0.65000000000000002,0.50182437896728516,-0.00032138678943738341,0.5,0.14999999999999999,0.25296095013618469,0.005679938942193985,0.25999999046325684,0,0.04776555672287941,0.0067794593051075935,0.05000000074505806,0,0.0012890051584690809,-1.6056844742706744e-10,0,False,2,3,2022-01-01
443,2022-07-01,COD,1068,COD,3,0.75,0.6417352557182312,-1.7172566003864631e-05,0.63999998569488525,0.29999999999999999,0.3287980854511261,-0.0015630226116627455,0.33000001311302185,0.050000000000000003,0.046001657843589783,0.0067794593051075935,0.05000000074505806,0,0.0012890051584690809,-1.6056844742706744e-10,0,False,3,3,2022-01-01
446,2022-07-01,COD,1071,COD,2,0.70000000000000007,0.67250251770019531,-1.7462829418946058e-05,0.67000001668930054,0.14999999999999999,0.27841091156005859,-0.0015630226116627455,0.2800000011920929,0,0.041414670646190643,0.0067794593051075935,0.05000000074505806,0,0.0012890051584690809,-1.6056844742706744e-10,0,False,2,3,2022-01-01
451,2022-07-01,COD,1077,COD,3,0.70000000000000007,0.67070239782333374,0.00035256310366094112,0.67000001668930054,0.20000000000000001,0.31298419833183289,0.00062083511147648096,0.31000000238418579,0.050000000000000003,0.064566977322101593,0.0067794593051075935,0.070000000298023224,0,0.0012890051584690809,-1.6056844742706744e-10,0,False,3,3,2022-01-01
452,2022-07-01,COD,1083,COD,3,0.70000000000000007,0.7118346095085144,0.00035256310366094112,0.70999997854232788,0.20000000000000001,0.31948891282081604,0.00062083511147648096,0.31999999284744263,0.050000000000000003,0.064276330173015594,0.0067794593051075935,0.070000000298023224,0,0.0012890051584690809,-1.6056844742706744e-10,0,False,3,3,2022-01-01
459,2022-07-01,COD,1095,COD,3,0.75,0.66001123189926147,0.00012333408812992275,0.6600000262260437,0.29999999999999999,0.30869659781455994,-0.0015630226116627455,0.31000000238418579,0.050000000000000003,0.04908960685133934,0.0067794593051075935,0.059999998658895493,0,0.0012890051584690809,-1.6056844742706744e-10,0,False,3,3,2022-01-01
471,2022-07-01,COD,1103,COD,2,0.75,0.68886953592300415,-8.89665971044451e-05,0.68999999761581421,0.10000000000000001,0.26675021648406982,-0.0052108000963926315,0.25999999046325684,0,0.050618980079889297,0.0067794593051075935,0.059999998658895493,0,0.0012890051584690809,-1.6056844742706744e-10,0,False,2,3,2022-01-01
472,2022-07-01,COD,1105,COD,2,0.75,0.68886953592300415,-8.89665971044451e-05,0.68999999761581421,0.10000000000000001,0.26675021648406982,-0.0052108000963926315,0.25999999046325684,0,0.050618980079889297,0.0067794593051075935,0.059999998658895493,0,0.0012890051584690809,-1.6056844742706744e-10,0,False,2,3,2022-01-01
492,2022-07-01,COD,1123,COD,3,0.70000000000000007,0.52861732244491577,5.3191837650956586e-05,0.52999997138977051,0.25,0.26951447129249573,0.005679938942193985,0.2800000011920929,0.050000000000000003,0.054171781986951828,0.0067794593051075935,0.059999998658895493,0,0.0012890051584690809,-1.6056844742706744e-10,0,False,3,3,2022-01-01
494,2022-07-01,COD,1125,COD,3,0.70000000000000007,0.52038484811782837,5.3191837650956586e-05,0.51999998092651367,0.25,0.303477942943573,0.005679938942193985,0.31000000238418579,0.050000000000000003,0.054171781986951828,0.0067794593051075935,0.059999998658895493,0,0.0012890051584690809,-1.6056844742706744e-10,0,False,3,3,2022-01-01
518,2022-07-01,COD,1174,COD,3,0.79999999999999993,0.6674383282661438,-0.00010701220162445679,0.67000001668930054,0.40000000000000002,0.26025769114494324,-0.0015630226116627455,0.25999999046325684,0.10000000000000001,0.04796377569437027,0.0067794593051075935,0.05000000074505806,0,0.0012890051584690809,-1.6056844742706744e-10,0,False,3,3,2022-01-01
519,2022-07-01,COD,1179,COD,3,0.79999999999999993,0.65342074632644653,-0.00011549305781954899,0.64999997615814209,0.40000000000000002,0.26025769114494324,-0.0015630226116627455,0.25999999046325684,0.10000000000000001,0.04796377569437027,0.0067794593051075935,0.05000000074505806,0,0.0012890051584690809,-1.6056844742706744e-10,0,False,3,3,2022-01-01
534,2022-02-01,COD,1191,COD,3,0.69999999999999996,0.73977464437484741,5.5530625104438514e-05,0.74000000953674316,0.25,0.36693620681762695,0.0093398867174983025,0.37999999523162842,0,0.066202439367771149,0.0067794593051075935,0.070000000298023224,0,0.0012890051584690809,-1.6056844742706744e-10,0,False,3,3,2022-01-01
534,2022-10-01,COD,1192,COD,2,0.55000000000000004,0.71165549755096436,-0.00011804815585492179,0.70999997854232788,0.14999999999999999,0.39317691326141357,-0.014056987129151821,0.37999999523162842,0,0.083007119596004486,0.0014129892224445939,0.079999998211860657,0,0.0012890051584690809,-1.6056844742706744e-10,0,False,2,3,2022-01-01
537,2022-02-01,COD,1200,COD,3,0.69999999999999996,0.75259768962860107,8.2172213296871632e-05,0.75,0.25,0.40702605247497559,0.0093398867174983025,0.41999998688697815,0,0.062726534903049469,0.0067794593051075935,0.070000000298023224,0,0.0012890051584690809,-1.6056844742706744e-10,0,False,3,3,2022-01-01
537,2022-10-01,COD,1201,COD,2,0.55000000000000004,0.73226189613342285,0.00023377656179945916,0.73000001907348633,0.14999999999999999,0.38996660709381104,-0.014056987129151821,0.37999999523162842,0,0.081540189683437347,0.0014129892224445939,0.079999998211860657,0,0.0012890051584690809,-1.6056844742706744e-10,0,False,2,3,2022-01-01
547,2022-07-01,COD,1218,COD,3,0.84999999999999998,0.57833242416381836,0.0002008384617511183,0.57999998331069946,0.40000000000000002,0.26512834429740906,-0.0015630226116627455,0.25999999046325684,0.10000000000000001,0.041414670646190643,0.0067794593051075935,0.05000000074505806,0,0.0012890051584690809,-1.6056844742706744e-10,0,False,3,3,2022-01-01
555,2022-07-01,COD,1243,COD,3,0.69999999999999996,0.52950030565261841,-4.5593755203299224e-05,0.52999997138977051,0.34999999999999998,0.25688889622688293,0.0042686122469604015,0.25999999046325684,0.10000000000000001,0.052209664136171341,0.0067794593051075935,0.059999998658895493,0,0.0012890051584690809,-1.6056844742706744e-10,0,False,3,3,2022-01-01
564,2022-04-01,COD,1264,COD,2,0.39999999999999997,0.49729213118553162,0.00026510882889851928,0.5,0.050000000000000003,0.28208738565444946,-0.01771693117916584,0.25999999046325684,0,0.056828752160072327,0.0032639703713357449,0.059999998658895493,0,0.0012890051584690809,-1.6056844742706744e-10,0,False,2,3,2022-01-01
564,2022-06-01,COD,1265,COD,2,0.75,0.559364914894104,0.00018446306057740003,0.56000000238418579,0.15000000000000002,0.28387665748596191,-0.0046323584392666817,0.2800000011920929,0.050000000000000003,0.068931721150875092,0.0067794593051075935,0.079999998211860657,0,0.0012890051584690809,-1.6056844742706744e-10,0,False,2,3,2022-01-01
564,2022-07-01,COD,1266,COD,3,0.80000000000000004,0.65115875005722046,-7.4306291935499758e-05,0.64999997615814209,0.25,0.35114443302154541,-0.0015630226116627455,0.34999999403953552,0.050000000000000003,0.056826986372470856,0.0067794593051075935,0.059999998658895493,0,0.0012890051584690809,-1.6056844742706744e-10,0,False,3,3,2022-01-01
565,2022-04-01,COD,1279,COD,2,0.39999999999999997,0.49880361557006836,0.00026510882889851928,0.5,0.050000000000000003,0.28724244236946106,-0.01771693117916584,0.27000001072883606,0,0.056828752160072327,0.0032639703713357449,0.059999998658895493,0,0.0012890051584690809,-1.6056844742706744e-10,0,False,2,3,2022-01-01
565,2022-06-01,COD,1280,COD,2,0.75,0.559467613697052,0.00018446306057740003,0.56000000238418579,0.15000000000000002,0.28387665748596191,-0.0046323584392666817,0.2800000011920929,0.050000000000000003,0.068931721150875092,0.0067794593051075935,0.079999998211860657,0,0.0012890051584690809,-1.6056844742706744e-10,0,False,2,3,2022-01-01
565,2022-07-01,COD,1281,COD,3,0.80000000000000004,0.64904755353927612,-7.4306291935499758e-05,0.64999997615814209,0.25,0.3207356333732605,-0.0015630226116627455,0.31999999284744263,0.050000000000000003,0.054171781986951828,0.0067794593051075935,0.059999998658895493,0,0.0012890051584690809,-1.6056844742706744e-10,0,False,3,3,2022-01-01
570,2022-02-01,COD,1299,COD,3,0.69999999999999996,0.71513915061950684,5.8558398450259119e-05,0.72000002861022949,0.25,0.36024251580238342,0.005679938942193985,0.37000000476837158,0,0.075775481760501862,0.0067794593051075935,0.079999998211860657,0,0.0012890051584690809,-1.6056844742706744e-10,0,False,3,3,2022-01-01
571,2022-02-01,COD,1313,COD,3,0.69999999999999996,0.72944873571395874,5.6381795729976147e-05,0.73000001907348633,0.25,0.35421335697174072,0.005679938942193985,0.36000001430511475,0,0.069169320166110992,0.0067794593051075935,0.079999998211860657,0,0.0012890051584690809,-1.6056844742706744e-10,0,False,3,3,2022-01-01
586,2022-02-01,COD,1358,COD,3,0.69999999999999996,0.72038978338241577,-0.00013565442350227386,0.72000002861022949,0.25,0.36579930782318115,0.005679938942193985,0.37000000476837158,0,0.059348199516534805,0.0067794593051075935,0.070000000298023224,0,0.0012890051584690809,-1.6056844742706744e-10,0,False,3,3,2022-01-01
586,2022-07-01,COD,1359,COD,3,0.75,0.70687597990036011,-0.00011081494449172169,0.70999997854232788,0.29999999999999999,0.33161500096321106,0.0042686122469604015,0.34000000357627869,0.050000000000000003,0.095718972384929657,0.0067794593051075935,0.10000000149011612,0,0.0012890051584690809,-1.6056844742706744e-10,0,False,3,3,2022-01-01
586,2022-10-01,COD,1360,COD,2,0.55000000000000004,0.71519386768341064,-0.00031686187139712274,0.70999997854232788,0.14999999999999999,0.3714052140712738,-0.01771693117916584,0.34999999403953552,0,0.065768830478191376,0.0014129892224445939,0.070000000298023224,0,0.0012890051584690809,-1.6056844742706744e-10,0,False,2,3,2022-01-01
587,2022-04-01,COD,1373,COD,2,0.30000000000000004,0.59623414278030396,0.00035512866452336311,0.60000002384185791,0.10000000000000001,0.26905408501625061,-0.01771693117916584,0.25,0,0.051769714802503586,0.0032639703713357449,0.059999998658895493,0,0.0012890051584690809,-1.6056844742706744e-10,0,False,2,3,2022-01-01
587,2022-06-01,COD,1374,COD,1,0.15000000000000002,0.55571043491363525,0.00033774579060263932,0.56000000238418579,0.050000000000000003,0.2238743007183075,-0.0046323584392666817,0.2199999988079071,0,0.053237788379192352,0.0067794593051075935,0.059999998658895493,0,0.0012890051584690809,-1.6056844742706744e-10,0,False,1,3,2022-01-01
587,2022-07-01,COD,1375,COD,3,0.80000000000000004,0.6476019024848938,-0.00019259365217294544,0.64999997615814209,0.29999999999999999,0.23578183352947235,-0.0015630226116627455,0.23000000417232513,0.050000000000000003,0.0476226806640625,0.0067794593051075935,0.05000000074505806,0,0.0012890051584690809,-1.6056844742706744e-10,0,False,3,3,2022-01-01
591,2022-04-01,COD,1389,COD,2,0.30000000000000004,0.55906814336776733,0.00029997114324942231,0.56000000238418579,0.10000000000000001,0.25893491506576538,-0.01771693117916584,0.23999999463558197,0,0.05359770730137825,0.0032639703713357449,0.059999998658895493,0,0.0012890051584690809,-1.6056844742706744e-10,0,False,2,3,2022-01-01
591,2022-07-01,COD,1390,COD,3,0.80000000000000004,0.68681025505065918,-0.00023718937882222235,0.68999999761581421,0.29999999999999999,0.30037921667098999,-0.0015630226116627455,0.30000001192092896,0.050000000000000003,0.053706929087638855,0.0067794593051075935,0.059999998658895493,0,0.0012890051584690809,-1.6056844742706744e-10,0,False,3,3,2022-01-01
592,2022-04-01,COD,1402,COD,2,0.30000000000000004,0.56118202209472656,0.00029997114324942231,0.56000000238418579,0.10000000000000001,0.25893491506576538,-0.01771693117916584,0.23999999463558197,0,0.05359770730137825,0.0032639703713357449,0.059999998658895493,0,0.0012890051584690809,-1.6056844742706744e-10,0,False,2,3,2022-01-01
592,2022-07-01,COD,1403,COD,3,0.80000000000000004,0.68679410219192505,-0.00023718937882222235,0.68999999761581421,0.29999999999999999,0.30037921667098999,-0.0015630226116627455,0.30000001192092896,0.050000000000000003,0.053706929087638855,0.0067794593051075935,0.059999998658895493,0,0.0012890051584690809,-1.6056844742706744e-10,0,False,3,3,2022-01-01
598,2022-07-01,COD,1423,COD,3,0.69999999999999996,0.54743903875350952,0.00015469815116375685,0.55000001192092896,0.34999999999999998,0.28598526120185852,0.0042686122469604015,0.28999999165534973,0.10000000000000001,0.04378524050116539,0.0067794593051075935,0.05000000074505806,0,0.0012890051584690809,-1.6056844742706744e-10,0,False,3,3,2022-01-01
602,2022-04-01,COD,1436,COD,2,0.39999999999999997,0.58626264333724976,-0.00011668434308376163,0.5899999737739563,0.050000000000000003,0.30349057912826538,-0.01771693117916584,0.28999999165534973,0,0.049126584082841873,0.0032639703713357449,0.05000000074505806,0,0.0012890051584690809,-1.6056844742706744e-10,0,False,2,3,2022-01-01
602,2022-06-01,COD,1437,COD,2,0.75,0.52843892574310303,-0.00011668434308376163,0.52999997138977051,0.15000000000000002,0.23231568932533264,-0.0046323584392666817,0.23000000417232513,0.050000000000000003,0.061229467391967773,0.0067794593051075935,0.070000000298023224,0,0.0012890051584690809,-1.6056844742706744e-10,0,False,2,3,2022-01-01
602,2022-07-01,COD,1438,COD,3,0.80000000000000004,0.64922016859054565,-2.2377813365892507e-05,0.64999997615814209,0.39999999999999997,0.26878750324249268,-0.0015630226116627455,0.27000001072883606,0.050000000000000003,0.050742737948894501,0.0067794593051075935,0.059999998658895493,0,0.0012890051584690809,-1.6056844742706744e-10,0,False,3,3,2022-01-01
607,2022-07-01,COD,1455,COD,3,0.69999999999999996,0.56397491693496704,6.265479441935895e-06,0.56000000238418579,0.34999999999999998,0.23165622353553772,0.013154334388673306,0.23999999463558197,0.10000000000000001,0.044710073620080948,0.0067794593051075935,0.05000000074505806,0,0.0012890051584690809,-1.6056844742706744e-10,0,False,3,3,2022-01-01
608,2022-07-01,COD,1462,COD,3,0.84999999999999998,0.55410629510879517,3.2364401704398915e-05,0.55000001192092896,0.40000000000000002,0.21930766105651855,0.01532780472189188,0.23000000417232513,0.10000000000000001,0.04796377569437027,0.0067794593051075935,0.05000000074505806,0,0.0012890051584690809,-1.6056844742706744e-10,0,False,3,3,2022-01-01
609,2022-07-01,COD,1469,COD,3,0.84999999999999998,0.55505275726318359,3.2364401704398915e-05,0.56000000238418579,0.40000000000000002,0.26418530941009521,0.01532780472189188,0.2800000011920929,0.10000000000000001,0.04796377569437027,0.0067794593051075935,0.05000000074505806,0,0.0012890051584690809,-1.6056844742706744e-10,0,False,3,3,2022-01-01
611,2022-06-01,COD,1479,COD,2,0.30000000000000004,0.63992065191268921,2.8139074856881052e-05,0.63999998569488525,0.10000000000000001,0.23494528234004974,-0.0046323584392666817,0.23000000417232513,0,0.067183099687099457,0.0067794593051075935,0.070000000298023224,0,0.0012890051584690809,-1.6056844742706744e-10,0,False,2,3,2022-01-01
611,2022-07-01,COD,1480,COD,3,0.69999999999999996,0.57227718830108643,5.2212511945981532e-05,0.56999999284744263,0.34999999999999998,0.24348416924476624,0.013154334388673306,0.25999999046325684,0.10000000000000001,0.051390629261732101,0.0067794593051075935,0.059999998658895493,0,0.0012890051584690809,-1.6056844742706744e-10,0,False,3,3,2022-01-01
613,2022-04-01,COD,1492,COD,2,0.34999999999999998,0.60248315334320068,0.00028426339849829674,0.60000002384185791,0.10000000000000001,0.2383573055267334,-0.01771693117916584,0.2199999988079071,0,0.058504439890384674,0.0032639703713357449,0.059999998658895493,0,0.0012890051584690809,-1.6056844742706744e-10,0,False,2,3,2022-01-01
613,2022-06-01,COD,1493,COD,2,0.40000000000000002,0.52055144309997559,0.00019008142407983541,0.51999998092651367,0.14999999999999999,0.2052762359380722,-0.0046323584392666817,0.20000000298023224,0,0.050287727266550064,0.0067794593051075935,0.059999998658895493,0,0.0012890051584690809,-1.6056844742706744e-10,0,False,2,3,2022-01-01
613,2022-07-01,COD,1494,COD,3,0.84999999999999998,0.62078827619552612,0.00028553511947393417,0.62000000476837158,0.5,0.21738278865814209,-0.0015630226116627455,0.2199999988079071,0.14999999999999999,0.045871119946241379,0.0067794593051075935,0.05000000074505806,0,0.0012890051584690809,-1.6056844742706744e-10,0,False,3,3,2022-01-01
614,2022-07-01,COD,1499,COD,3,0.90000000000000002,0.58637332916259766,-0.00033375906059518456,0.5899999737739563,0.44999999999999996,0.25452706217765808,-0.0015630226116627455,0.25,0.10000000000000001,0.044534731656312943,0.0067794593051075935,0.05000000074505806,0,0.0012890051584690809,-1.6056844742706744e-10,0,False,3,3,2022-01-01
615,2022-04-01,COD,1512,COD,2,0.39999999999999997,0.59683525562286377,-1.0135617230844218e-05,0.60000002384185791,0.050000000000000003,0.28665792942047119,-0.01771693117916584,0.27000001072883606,0,0.049126584082841873,0.0032639703713357449,0.05000000074505806,0,0.0012890051584690809,-1.6056844742706744e-10,0,False,2,3,2022-01-01
615,2022-06-01,COD,1513,COD,2,0.75,0.61151629686355591,-1.0135617230844218e-05,0.61000001430511475,0.15000000000000002,0.2154829353094101,-0.0046323584392666817,0.20999999344348907,0.050000000000000003,0.046226594597101212,0.0067794593051075935,0.05000000074505806,0,0.0012890051584690809,-1.6056844742706744e-10,0,False,2,3,2022-01-01
615,2022-07-01,COD,1514,COD,3,0.80000000000000004,0.65805834531784058,8.4171115304343402e-05,0.6600000262260437,0.39999999999999997,0.24660463631153107,-0.0015630226116627455,0.25,0.050000000000000003,0.050742737948894501,0.0067794593051075935,0.059999998658895493,0,0.0012890051584690809,-1.6056844742706744e-10,0,False,3,3,2022-01-01
616,2022-04-01,COD,1521,COD,2,0.30000000000000004,0.54332315921783447,0.00024787292932160199,0.54000002145767212,0.10000000000000001,0.19559767842292786,-0.01771693117916584,0.18000000715255737,0,0.045771937817335129,0.0032639703713357449,0.05000000074505806,0,0.0012890051584690809,-1.6056844742706744e-10,0,False,2,2,2022-01-01
618,2022-04-01,COD,1535,COD,2,0.34999999999999998,0.57280069589614868,0.00011587360495468602,0.56999999284744263,0.10000000000000001,0.24925537407398224,-0.01771693117916584,0.23000000417232513,0,0.056851301342248917,0.0032639703713357449,0.059999998658895493,0,0.0012890051584690809,-1.6056844742706744e-10,0,False,2,3,2022-01-01
618,2022-06-01,COD,1536,COD,2,0.40000000000000002,0.53172916173934937,2.3132555725169368e-05,0.52999997138977051,0.14999999999999999,0.23604749143123627,-0.0046323584392666817,0.23000000417232513,0,0.063637547194957733,0.0067794593051075935,0.070000000298023224,0,0.0012890051584690809,-1.6056844742706744e-10,0,False,2,3,2022-01-01
618,2022-07-01,COD,1537,COD,3,0.84999999999999998,0.6348688006401062,0.00011587360495468602,0.62999999523162842,0.5,0.25533169507980347,-0.0015630226116627455,0.25,0.14999999999999999,0.04421798512339592,0.0067794593051075935,0.05000000074505806,0,0.0012890051584690809,-1.6056844742706744e-10,0,False,3,3,2022-01-01
623,2022-07-01,COD,1546,COD,3,0.90000000000000002,0.61991357803344727,-0.000169529186678119,0.62000000476837158,0.44999999999999996,0.22800242900848389,-0.0015630226116627455,0.23000000417232513,0.10000000000000001,0.041414670646190643,0.0067794593051075935,0.05000000074505806,0,0.0012890051584690809,-1.6056844742706744e-10,0,False,3,3,2022-01-01
625,2022-04-01,COD,1560,COD,2,0.30000000000000004,0.55710500478744507,-0.00014188946806825697,0.56000000238418579,0.10000000000000001,0.19835552573204041,-0.01771693117916584,0.18000000715255737,0,0.036543048918247223,0.0032639703713357449,0.039999999105930328,0,0.0012890051584690809,-1.6056844742706744e-10,0,False,2,2,2022-01-01
625,2022-06-01,COD,1561,COD,1,0.15000000000000002,0.564555823802948,-0.00014188946806825697,0.56000000238418579,0.050000000000000003,0.18704380095005035,-0.0046323584392666817,0.18000000715255737,0,0.038234904408454895,0.0067794593051075935,0.05000000074505806,0,0.0012890051584690809,-1.6056844742706744e-10,0,False,1,2,2022-01-01
625,2022-07-01,COD,1562,COD,3,0.75,0.69611376523971558,0.00037220653030090034,0.69999998807907104,0.29999999999999999,0.22734907269477844,-0.0015630226116627455,0.23000000417232513,0.050000000000000003,0.041414670646190643,0.0067794593051075935,0.05000000074505806,0,0.0012890051584690809,-1.6056844742706744e-10,0,False,3,3,2022-01-01
626,2022-04-01,COD,1576,COD,2,0.30000000000000004,0.51410096883773804,-6.6477899963501841e-05,0.50999999046325684,0.10000000000000001,0.19835552573204041,-0.01771693117916584,0.18000000715255737,0,0.036543048918247223,0.0032639703713357449,0.039999999105930328,0,0.0012890051584690809,-1.6056844742706744e-10,0,False,2,2,2022-01-01
626,2022-06-01,COD,1577,COD,1,0.15000000000000002,0.55164873600006104,-6.6477899963501841e-05,0.55000001192092896,0.050000000000000003,0.18704380095005035,-0.0046323584392666817,0.18000000715255737,0,0.038234904408454895,0.0067794593051075935,0.05000000074505806,0,0.0012890051584690809,-1.6056844742706744e-10,0,False,1,2,2022-01-01
626,2022-07-01,COD,1578,COD,3,0.75,0.6844247579574585,0.000447618163889274,0.68000000715255737,0.29999999999999999,0.22734907269477844,-0.0015630226116627455,0.23000000417232513,0.050000000000000003,0.041414670646190643,0.0067794593051075935,0.05000000074505806,0,0.0012890051584690809,-1.6056844742706744e-10,0,False,3,3,2022-01-01
634,2022-04-01,COD,1598,COD,2,0.34999999999999998,0.58018118143081665,0.00019050433184020221,0.57999998331069946,0.10000000000000001,0.23125465214252472,-0.01771693117916584,0.20999999344348907,0,0.049696072936058044,0.0032639703713357449,0.05000000074505806,0,0.0012890051584690809,-1.6056844742706744e-10,0,False,2,3,2022-01-01
634,2022-06-01,COD,1599,COD,2,0.40000000000000002,0.49307993054389954,0.0001675614039413631,0.49000000953674316,0.14999999999999999,0.18995954096317291,-0.0046323584392666817,0.18999999761581421,0,0.041217956691980362,0.0067794593051075935,0.05000000074505806,0,0.0012890051584690809,-1.6056844742706744e-10,0,False,2,2,2022-01-01
634,2022-07-01,COD,1600,COD,2,0.65000000000000002,0.6307300329208374,5.2541108743753284e-06,0.62999999523162842,0.15000000000000002,0.20439630746841431,0.0042686122469604015,0.20999999344348907,0.050000000000000003,0.045995507389307022,0.0067794593051075935,0.05000000074505806,0,0.0012890051584690809,-1.6056844742706744e-10,0,False,2,3,2022-01-01
644,2022-06-01,COD,1650,COD,2,0.30000000000000004,0.58904951810836792,9.4631912361364812e-05,0.5899999737739563,0.10000000000000001,0.28177401423454285,0.0064268345013260841,0.28999999165534973,0,0.067290239036083221,0.0067794593051075935,0.070000000298023224,0,0.0012890051584690809,-1.6056844742706744e-10,0,False,2,3,2022-01-01
644,2022-07-01,COD,1651,COD,2,0.65000000000000002,0.50826185941696167,4.5015221985522658e-05,0.50999999046325684,0.15000000000000002,0.22617566585540771,0.0167391337454319,0.23999999463558197,0.050000000000000003,0.054873283952474594,0.0067794593051075935,0.059999998658895493,0,0.0012890051584690809,-1.6056844742706744e-10,0,False,2,3,2022-01-01
645,2022-06-01,COD,1656,COD,2,0.30000000000000004,0.58904951810836792,9.4631912361364812e-05,0.5899999737739563,0.10000000000000001,0.28177401423454285,0.0064268345013260841,0.28999999165534973,0,0.067290239036083221,0.0067794593051075935,0.070000000298023224,0,0.0012890051584690809,-1.6056844742706744e-10,0,False,2,3,2022-01-01
645,2022-07-01,COD,1657,COD,2,0.65000000000000002,0.50826185941696167,4.5015221985522658e-05,0.50999999046325684,0.15000000000000002,0.22617566585540771,0.0167391337454319,0.23999999463558197,0.050000000000000003,0.054873283952474594,0.0067794593051075935,0.059999998658895493,0,0.0012890051584690809,-1.6056844742706744e-10,0,False,2,3,2022-01-01
646,2022-04-01,COD,1668,COD,2,0.34999999999999998,0.5919005274772644,-0.00032768939854577184,0.5899999737739563,0.10000000000000001,0.28296095132827759,-0.01771693117916584,0.27000001072883606,0,0.058177772909402847,0.0032639703713357449,0.059999998658895493,0,0.0012890051584690809,-1.6056844742706744e-10,0,False,2,3,2022-01-01
646,2022-07-01,COD,1669,COD,3,0.79999999999999993,0.67139613628387451,-0.00010091958392877132,0.67000001668930054,0.44999999999999996,0.23046118021011353,0.0042686122469604015,0.23000000417232513,0.10000000000000001,0.049424551427364349,0.0067794593051075935,0.059999998658895493,0,0.0012890051584690809,-1.6056844742706744e-10,0,False,3,3,2022-01-01
647,2022-04-01,COD,1680,COD,2,0.34999999999999998,0.5918700098991394,-0.00032768939854577184,0.5899999737739563,0.10000000000000001,0.28296095132827759,-0.01771693117916584,0.27000001072883606,0,0.058177772909402847,0.0032639703713357449,0.059999998658895493,0,0.0012890051584690809,-1.6056844742706744e-10,0,False,2,3,2022-01-01
647,2022-07-01,COD,1681,COD,3,0.79999999999999993,0.67143243551254272,-0.00010091958392877132,0.67000001668930054,0.44999999999999996,0.23046118021011353,0.0042686122469604015,0.23000000417232513,0.10000000000000001,0.049424551427364349,0.0067794593051075935,0.059999998658895493,0,0.0012890051584690809,-1.6056844742706744e-10,0,False,3,3,2022-01-01
649,2022-04-01,COD,1700,COD,2,0.34999999999999998,0.49820196628570557,-0.00022654687927570194,0.5,0.10000000000000001,0.27658316493034363,-0.01771693117916584,0.25999999046325684,0,0.05560857430100441,0.0032639703713357449,0.059999998658895493,0,0.0012890051584690809,-1.6056844742706744e-10,0,False,2,3,2022-01-01
649,2022-06-01,COD,1701,COD,2,0.34999999999999998,0.60793483257293701,-0.00021357997320592403,0.61000001430511475,0.14999999999999999,0.28155374526977539,-0.0046323584392666817,0.2800000011920929,0,0.063254319131374359,0.0067794593051075935,0.070000000298023224,0,0.0012890051584690809,-1.6056844742706744e-10,0,False,2,3,2022-01-01
649,2022-07-01,COD,1702,COD,3,0.65000000000000002,0.5068436861038208,-4.6795317757641897e-05,0.50999999046325684,0.29999999999999999,0.27522727847099304,0.013154334388673306,0.28999999165534973,0.050000000000000003,0.044713176786899567,0.0067794593051075935,0.05000000074505806,0,0.0012890051584690809,-1.6056844742706744e-10,0,False,3,3,2022-01-01
650,2022-04-01,COD,1720,COD,2,0.34999999999999998,0.49970561265945435,-0.00024589351960457861,0.5,0.10000000000000001,0.25834944844245911,-0.01771693117916584,0.23999999463558197,0,0.057617563754320145,0.0032639703713357449,0.059999998658895493,0,0.0012890051584690809,-1.6056844742706744e-10,0,False,2,3,2022-01-01
650,2022-06-01,COD,1721,COD,2,0.34999999999999998,0.61596047878265381,-0.00021357997320592403,0.62000000476837158,0.14999999999999999,0.24228131771087646,-0.0046323584392666817,0.23999999463558197,0,0.063254319131374359,0.0067794593051075935,0.070000000298023224,0,0.0012890051584690809,-1.6056844742706744e-10,0,False,2,3,2022-01-01
650,2022-07-01,COD,1722,COD,3,0.65000000000000002,0.50756156444549561,-4.6795317757641897e-05,0.50999999046325684,0.29999999999999999,0.27024802565574646,0.013154334388673306,0.2800000011920929,0.050000000000000003,0.040123086422681808,0.0067794593051075935,0.05000000074505806,0,0.0012890051584690809,-1.6056844742706744e-10,0,False,3,3,2022-01-01
654,2022-06-01,COD,1766,COD,2,0.29999999999999999,0.55974239110946655,0.00010224713332718238,0.56000000238418579,0.14999999999999999,0.26893669366836548,0.0064268345013260841,0.2800000011920929,0,0.056229323148727417,0.0067794593051075935,0.059999998658895493,0,0.0012890051584690809,-1.6056844742706744e-10,0,False,2,3,2022-01-01
654,2022-07-01,COD,1767,COD,3,0.80000000000000004,0.56728100776672363,7.6517382694873959e-05,0.56999999284744263,0.34999999999999998,0.22223329544067383,0.01532780472189188,0.23999999463558197,0.050000000000000003,0.054171781986951828,0.0067794593051075935,0.059999998658895493,0,0.0012890051584690809,-1.6056844742706744e-10,0,False,3,3,2022-01-01
655,2022-06-01,COD,1777,COD,2,0.30000000000000004,0.61324560642242432,0.00032920818193815649,0.61000001430511475,0.10000000000000001,0.24056515097618103,0.0064268345013260841,0.25,0,0.068263210356235504,0.0067794593051075935,0.079999998211860657,0,0.0012890051584690809,-1.6056844742706744e-10,0,False,2,3,2022-01-01
655,2022-07-01,COD,1778,COD,3,0.75,0.51814019680023193,-8.8148190116044134e-05,0.51999998092651367,0.34999999999999998,0.27347433567047119,0.0167391337454319,0.28999999165534973,0.10000000000000001,0.049584798514842987,0.0067794593051075935,0.059999998658895493,0,0.0012890051584690809,-1.6056844742706744e-10,0,False,3,3,2022-01-01
658,2022-06-01,COD,1788,COD,2,0.30000000000000004,0.60061395168304443,0.00014821138756815344,0.60000002384185791,0.10000000000000001,0.26780161261558533,0.0064268345013260841,0.27000001072883606,0,0.055828005075454712,0.0067794593051075935,0.059999998658895493,0,0.0012890051584690809,-1.6056844742706744e-10,0,False,2,3,2022-01-01
658,2022-07-01,COD,1789,COD,3,0.79999999999999993,0.52088499069213867,-0.00015654144226573408,0.51999998092651367,0.44999999999999996,0.24742992222309113,0.0167391337454319,0.25999999046325684,0.14999999999999999,0.047911196947097778,0.0067794593051075935,0.05000000074505806,0,0.0012890051584690809,-1.6056844742706744e-10,0,False,3,3,2022-01-01
661,2022-06-01,COD,1802,COD,2,0.30000000000000004,0.61606377363204956,0.00014821138756815344,0.62000000476837158,0.10000000000000001,0.26312300562858582,0.0064268345013260841,0.27000001072883606,0,0.05745517835021019,0.0067794593051075935,0.059999998658895493,0,0.0012890051584690809,-1.6056844742706744e-10,0,False,2,3,2022-01-01
661,2022-07-01,COD,1803,COD,3,0.79999999999999993,0.5352325439453125,-0.00015654144226573408,0.54000002145767212,0.44999999999999996,0.25163814425468445,0.0167391337454319,0.27000001072883606,0.14999999999999999,0.046331096440553665,0.0067794593051075935,0.05000000074505806,0,0.0012890051584690809,-1.6056844742706744e-10,0,False,3,3,2022-01-01
680,2022-02-01,COD,1927,COD,3,0.80000000000000004,0.72282540798187256,-4.0584203816251829e-05,0.72000002861022949,0.45000000000000001,0.34927082061767578,0.0042686122469604015,0.34999999403953552,0.050000000000000003,0.059503134340047836,0.0067794593051075935,0.070000000298023224,0,0.0012890051584690809,-1.6056844742706744e-10,0,False,3,3,2022-01-01
680,2022-07-01,COD,1928,COD,3,0.75,0.66534006595611572,-0.00018003930745180696,0.67000001668930054,0.25,0.26418027281761169,-0.0015630226116627455,0.25999999046325684,0.050000000000000003,0.060530148446559906,0.0067794593051075935,0.070000000298023224,0,0.0012890051584690809,-1.6056844742706744e-10,0,False,3,3,2022-01-01
680,2022-10-01,COD,1929,COD,3,0.80000000000000004,0.72751104831695557,5.478784441947937e-05,0.73000001907348633,0.34999999999999998,0.34830918908119202,-0.01771693117916584,0.33000001311302185,0.050000000000000003,0.071503303945064545,0.0014129892224445939,0.070000000298023224,0,0.0012890051584690809,-1.6056844742706744e-10,0,False,3,3,2022-01-01
681,2022-06-01,COD,1939,COD,2,0.29999999999999999,0.52663326263427734,-0.00018632200954016298,0.52999997138977051,0.14999999999999999,0.2546730637550354,0.0064268345013260841,0.25999999046325684,0,0.063964061439037323,0.0067794593051075935,0.070000000298023224,0,0.0012890051584690809,-1.6056844742706744e-10,0,False,2,3,2022-01-01
681,2022-07-01,COD,1940,COD,3,0.80000000000000004,0.55001091957092285,-4.368123336462304e-05,0.55000001192092896,0.34999999999999998,0.20972082018852234,0.01532780472189188,0.23000000417232513,0.050000000000000003,0.054171781986951828,0.0067794593051075935,0.059999998658895493,0,0.0012890051584690809,-1.6056844742706744e-10,0,False,3,3,2022-01-01
684,2022-06-01,COD,1954,COD,2,0.29999999999999999,0.52949243783950806,-0.0002305371017428115,0.52999997138977051,0.14999999999999999,0.25512701272964478,0.0064268345013260841,0.25999999046325684,0,0.063964061439037323,0.0067794593051075935,0.070000000298023224,0,0.0012890051584690809,-1.6056844742706744e-10,0,False,2,3,2022-01-01
684,2022-07-01,COD,1955,COD,3,0.80000000000000004,0.55236572027206421,-4.368123336462304e-05,0.55000001192092896,0.34999999999999998,0.2282518595457077,0.01532780472189188,0.23999999463558197,0.050000000000000003,0.054171781986951828,0.0067794593051075935,0.059999998658895493,0,0.0012890051584690809,-1.6056844742706744e-10,0,False,3,3,2022-01-01
685,2022-02-01,COD,1958,COD,3,0.80000000000000004,0.72992509603500366,4.9364403821527958e-05,0.73000001907348633,0.45000000000000001,0.35096156597137451,0.0042686122469604015,0.36000001430511475,0.050000000000000003,0.060970060527324677,0.0067794593051075935,0.070000000298023224,0,0.0012890051584690809,-1.6056844742706744e-10,0,False,3,3,2022-01-01
685,2022-07-01,COD,1959,COD,3,0.75,0.72110360860824585,-0.00018003930745180696,0.72000002861022949,0.25,0.25171336531639099,-0.0015630226116627455,0.25,0.050000000000000003,0.061997093260288239,0.0067794593051075935,0.070000000298023224,0,0.0012890051584690809,-1.6056844742706744e-10,0,False,3,3,2022-01-01
706,2022-06-01,COD,2075,COD,2,0.29999999999999999,0.55608278512954712,0.00019666526350192726,0.56000000238418579,0.14999999999999999,0.26592466235160828,0.0064268345013260841,0.27000001072883606,0,0.073791272938251495,0.0067794593051075935,0.079999998211860657,0,0.0012890051584690809,-1.6056844742706744e-10,0,False,2,3,2022-01-01
706,2022-07-01,COD,2076,COD,3,0.75,0.58695632219314575,1.2551569852803368e-05,0.5899999737739563,0.34999999999999998,0.29089736938476562,0.0094961663708090782,0.30000001192092896,0.050000000000000003,0.055408991873264313,0.0067794593051075935,0.059999998658895493,0,0.0012890051584690809,-1.6056844742706744e-10,0,False,3,3,2022-01-01
716,2022-02-01,COD,2146,COD,3,0.80000000000000004,0.68754816055297852,-7.4726442107930779e-05,0.68999999761581421,0.45000000000000001,0.32943487167358398,-0.0015630226116627455,0.33000001311302185,0.050000000000000003,0.065860934555530548,0.0067794593051075935,0.070000000298023224,0,0.0012890051584690809,-1.6056844742706744e-10,0,False,3,3,2022-01-01
716,2022-06-01,COD,2147,COD,3,0.60000000000000009,0.73303449153900146,-0.0001640363916521892,0.73000001907348633,0.20000000000000001,0.35032135248184204,0.0064268345013260841,0.36000001430511475,0,0.074106492102146149,0.0067794593051075935,0.079999998211860657,0,0.0012890051584690809,-1.6056844742706744e-10,0,False,3,3,2022-01-01
717,2022-02-01,COD,2154,COD,3,0.80000000000000004,0.68536794185638428,0.00015274330507963896,0.68999999761581421,0.45000000000000001,0.34024319052696228,-0.0015630226116627455,0.34000000357627869,0.050000000000000003,0.065860934555530548,0.0067794593051075935,0.070000000298023224,0,0.0012890051584690809,-1.6056844742706744e-10,0,False,3,3,2022-01-01
717,2022-06-01,COD,2155,COD,3,0.60000000000000009,0.73274028301239014,0.00012498695286922157,0.73000001907348633,0.20000000000000001,0.36883544921875,0.0064268345013260841,0.37999999523162842,0,0.078167624771595001,0.0067794593051075935,0.079999998211860657,0,0.0012890051584690809,-1.6056844742706744e-10,0,False,3,3,2022-01-01
726,2022-02-01,COD,2171,COD,3,0.80000000000000004,0.54706227779388428,-1.2880611393484287e-05,0.55000001192092896,0.45000000000000001,0.23988214135169983,0.0042686122469604015,0.23999999463558197,0.050000000000000003,0.051598027348518372,0.0067794593051075935,0.059999998658895493,0,0.0012890051584690809,-1.6056844742706744e-10,0,False,3,3,2022-01-01
1215,2022-10-01,DJI,3183,DJI,2,0.20000000000000001,0.59375613927841187,-0.0014080258551985025,0.5899999737739563,0.050000000000000003,0.39166268706321716,-0.0093231843784451485,0.37999999523162842,0,0.082067675888538361,-0.0015257602790370584,0.079999998211860657,0,0.0010593091137707233,-7.2759576141834259e-12,0,False,2,3,2022-01-01
2,2022-10-01,DOM,1,DOM,2,0.5,0.64143121242523193,-0.00042407732689753175,0.63999998569488525,0.15000000000000002,0.25185579061508179,0.0029898765496909618,0.25,0.01,0.052003256976604462,-0.0007810901734046638,0.05000000074505806,0,0.001110705197788775,6.5483618527650833e-11,0,False,2,3,2022-01-01
5,2022-10-01,DOM,2,DOM,2,0.55000000000000004,0.66963469982147217,7.2239665314555168e-05,0.67000001668930054,0.17999999999999999,0.18759609758853912,0.0029898765496909618,0.18999999761581421,0.02,0.052500560879707336,-0.0007810901734046638,0.05000000074505806,0,0.001110705197788775,6.5483618527650833e-11,0,False,2,2,2022-01-01
9,2022-09-01,DOM,3,DOM,4,0.80000000000000004,0.63926935195922852,-0.00018328051373828202,0.63999998569488525,0.55000000000000004,0.21398068964481354,0.0029898765496909618,0.2199999988079071,0.20000000000000001,0.053324230015277863,-0.0007810901734046638,0.05000000074505806,0,0.001110705197788775,6.5483618527650833e-11,0,False,4,3,2022-01-01
1192,2022-10-01,ETH,3077,ETH,2,0.25,0.6399800181388855,-0.00019069771224167198,0.63999998569488525,0.10000000000000001,0.44505733251571655,-0.0049729039892554283,0.43999999761581421,0,0.076558366417884827,-0.0026295541319996119,0.070000000298023224,0,0.001048335456289351,-8.7311491370201111e-11,0,False,2,3,2022-01-01
1210,2022-07-01,ETH,3156,ETH,2,0.30000000000000004,0.6073153018951416,0.0029270187951624393,0.61000001430511475,0.10000000000000001,0.43147605657577515,0.014877442270517349,0.44999998807907104,0,0.076152041554450989,0.0019787701312452555,0.079999998211860657,0,0.001048335456289351,-8.7311491370201111e-11,0,False,2,3,2022-01-01
1234,2022-10-01,ETH,3283,ETH,2,0.20000000000000001,0.72164422273635864,-0.00012963901099283248,0.72000002861022949,0.050000000000000003,0.41716429591178894,0.0012464949395507574,0.41999998688697815,0,0.10817717015743256,0.00063914438942447305,0.10999999940395355,0,0.001048335456289351,-8.7311491370201111e-11,0,False,2,3,2022-01-01
1256,2022-10-01,ETH,3337,ETH,3,0.55000000000000004,0.73074442148208618,0.00024837141972966492,0.73000001907348633,0.34999999999999998,0.39451098442077637,0.0012464949395507574,0.40000000596046448,0.10000000000000001,0.11044566333293915,0.00063914438942447305,0.10999999940395355,0,0.001048335456289351,-8.7311491370201111e-11,0,False,3,3,2022-01-01
1326,2022-05-01,ETH,3469,ETH,3,0.70000000000000007,0.55972951650619507,9.3280126748140901e-05,0.56000000238418579,0.47999999999999998,0.35150739550590515,0.0022290502674877644,0.34999999403953552,0.18000000000000002,0.057860385626554489,-0.0013336014235392213,0.059999998658895493,0.01,0.001048335456289351,-8.7311491370201111e-11,0,False,3,3,2022-01-01
1326,2022-07-01,ETH,3470,ETH,3,0.44999999999999996,0.57347553968429565,-0.0021103620529174805,0.56999999284744263,0.25,0.42378413677215576,-0.00059871119447052479,0.41999998688697815,0.10000000000000001,0.091901972889900208,0.0024737415369600058,0.090000003576278687,0,0.001048335456289351,-8.7311491370201111e-11,0,False,3,3,2022-01-01
1327,2022-07-01,ETH,3473,ETH,3,0.44999999999999996,0.57703226804733276,-0.0021911354269832373,0.56999999284744263,0.25,0.42812421917915344,-0.00059871119447052479,0.43000000715255737,0.10000000000000001,0.10638584196567535,0.0024737415369600058,0.10999999940395355,0,0.001048335456289351,-8.7311491370201111e-11,0,False,3,3,2022-01-01
58,2022-03-01,GTM,264,GTM,3,0.69999999999999996,0.5777665376663208,0.0005483988206833601,0.57999998331069946,0.28999999999999998,0.24733251333236694,0.0060651306994259357,0.25,0.040000000000000001,0.059081882238388062,0.00013540880172513425,0.059999998658895493,0,0.0011356628965586424,-7.6397554948925972e-11,0,False,3,3,2022-01-01
59,2022-03-01,GTM,277,GTM,3,0.69999999999999996,0.57749462127685547,0.0005483988206833601,0.57999998331069946,0.28999999999999998,0.24733251333236694,0.0060651306994259357,0.25,0.040000000000000001,0.059081882238388062,0.00013540880172513425,0.059999998658895493,0,0.0011356628965586424,-7.6397554948925972e-11,0,False,3,3,2022-01-01
67,2022-03-01,GTM,348,GTM,3,0.65000000000000002,0.54025930166244507,0.00015188546967692673,0.54000002145767212,0.25,0.19165416061878204,0.0014699144521728158,0.18999999761581421,0.029999999999999999,0.051772139966487885,-0.0018167849630117416,0.05000000074505806,0,0.0011356628965586424,-7.6397554948925972e-11,0,False,3,2,2022-01-01
68,2022-03-01,GTM,358,GTM,3,0.65000000000000002,0.56181657314300537,0.00046819038107059896,0.56000000238418579,0.25,0.21359251439571381,0.0014699144521728158,0.2199999988079071,0.029999999999999999,0.057666614651679993,0.00013540880172513425,0.059999998658895493,0,0.0011356628965586424,-7.6397554948925972e-11,0,False,3,3,2022-01-01
69,2022-03-01,GTM,368,GTM,3,0.65000000000000002,0.56222635507583618,0.00046819038107059896,0.56000000238418579,0.25,0.21359251439571381,0.0014699144521728158,0.2199999988079071,0.029999999999999999,0.057666614651679993,0.00013540880172513425,0.059999998658895493,0,0.0011356628965586424,-7.6397554948925972e-11,0,False,3,3,2022-01-01
70,2022-03-01,GTM,378,GTM,3,0.65000000000000002,0.58532512187957764,0.00052296265494078398,0.5899999737739563,0.25,0.25392615795135498,0.0060651306994259357,0.25999999046325684,0.02,0.05083562433719635,0.00013540880172513425,0.05000000074505806,0,0.0011356628965586424,-7.6397554948925972e-11,0,False,3,3,2022-01-01
71,2022-03-01,GTM,388,GTM,3,0.65000000000000002,0.58494752645492554,0.00052296265494078398,0.5899999737739563,0.25,0.25392615795135498,0.0060651306994259357,0.25999999046325684,0.02,0.05083562433719635,0.00013540880172513425,0.05000000074505806,0,0.0011356628965586424,-7.6397554948925972e-11,0,False,3,3,2022-01-01
74,2022-03-01,GTM,418,GTM,2,0.44999999999999996,0.55138611793518066,8.1769947428256273e-05,0.55000001192092896,0.14999999999999999,0.19951876997947693,0.0014699144521728158,0.20000000298023224,0,0.057666614651679993,-0.0018167849630117416,0.059999998658895493,0,0.0011356628965586424,-7.6397554948925972e-11,0,False,2,3,2022-01-01
75,2022-03-01,GTM,427,GTM,2,0.44999999999999996,0.53820770978927612,0.000253349106060341,0.54000002145767212,0.14999999999999999,0.22184865176677704,0.0060651306994259357,0.23000000417232513,0,0.051772139966487885,-0.0018167849630117416,0.05000000074505806,0,0.0011356628965586424,-7.6397554948925972e-11,0,False,2,3,2022-01-01
76,2022-03-01,GTM,436,GTM,2,0.44999999999999996,0.54122823476791382,0.000253349106060341,0.54000002145767212,0.14999999999999999,0.21945971250534058,0.0060651306994259357,0.23000000417232513,0,0.051772139966487885,-0.0018167849630117416,0.05000000074505806,0,0.0011356628965586424,-7.6397554948925972e-11,0,False,2,3,2022-01-01
78,2022-03-01,GTM,458,GTM,2,0.5,0.60246533155441284,0.00020332726126071066,0.60000002384185791,0.15000000000000002,0.20025266706943512,0.0060651306994259357,0.20999999344348907,0.01,0.053403340280056,0.00013540880172513425,0.05000000074505806,0,0.0011356628965586424,-7.6397554948925972e-11,0,False,2,3,2022-01-01
79,2022-03-01,GTM,466,GTM,2,0.5,0.60233402252197266,0.00020332726126071066,0.60000002384185791,0.15000000000000002,0.20025266706943512,0.0060651306994259357,0.20999999344348907,0.01,0.053403340280056,0.00013540880172513425,0.05000000074505806,0,0.0011356628965586424,-7.6397554948925972e-11,0,False,2,3,2022-01-01
80,2022-03-01,GTM,468,GTM,3,0.75,0.61790597438812256,0.00037057214649394155,0.62000000476837158,0.28999999999999998,0.29210516810417175,0.0060651306994259357,0.30000001192092896,0.040000000000000001,0.062146730720996857,-0.0018167849630117416,0.059999998658895493,0,0.0011356628965586424,-7.6397554948925972e-11,0,False,3,3,2022-01-01
81,2022-03-01,GTM,470,GTM,3,0.75,0.61791300773620605,0.00037057214649394155,0.62000000476837158,0.28999999999999998,0.29210516810417175,0.0060651306994259357,0.30000001192092896,0.040000000000000001,0.062146730720996857,-0.0018167849630117416,0.059999998658895493,0,0.0011356628965586424,-7.6397554948925972e-11,0,False,3,3,2022-01-01
82,2022-03-01,GTM,478,GTM,2,0.55000000000000004,0.58940541744232178,-5.3691751418227796e-06,0.5899999737739563,0.16999999999999998,0.21158081293106079,0.0060651306994259357,0.2199999988079071,0.02,0.052564442157745361,0.00013540880172513425,0.05000000074505806,0,0.0011356628965586424,-7.6397554948925972e-11,0,False,2,3,2022-01-01
83,2022-03-01,GTM,486,GTM,2,0.55000000000000004,0.58874154090881348,-5.3691751418227796e-06,0.5899999737739563,0.16999999999999998,0.21158081293106079,0.0060651306994259357,0.2199999988079071,0.02,0.052564442157745361,0.00013540880172513425,0.05000000074505806,0,0.0011356628965586424,-7.6397554948925972e-11,0,False,2,3,2022-01-01
86,2022-03-01,GTM,515,GTM,2,0.63,0.5833897590637207,0.00011747664393624291,0.57999998331069946,0.14999999999999999,0.18225762248039246,0.0060651306994259357,0.18999999761581421,0,0.051772139966487885,0.00013540880172513425,0.05000000074505806,0,0.0011356628965586424,-7.6397554948925972e-11,0,False,2,2,2022-01-01
87,2022-03-01,GTM,524,GTM,2,0.63,0.58339375257492065,0.00011747664393624291,0.57999998331069946,0.14999999999999999,0.18444676697254181,0.0060651306994259357,0.18999999761581421,0,0.051772139966487885,0.00013540880172513425,0.05000000074505806,0,0.0011356628965586424,-7.6397554948925972e-11,0,False,2,2,2022-01-01
90,2022-03-01,GTM,551,GTM,2,0.63,0.6036909818649292,-0.00034373605740256608,0.60000002384185791,0.18000000000000002,0.16601240634918213,0.001192638068459928,0.17000000178813934,0.01,0.053226210176944733,-0.0018167849630117416,0.05000000074505806,0,0.0011356628965586424,-7.6397554948925972e-11,0,False,2,2,2022-01-01
91,2022-03-01,GTM,566,GTM,2,0.63,0.59235167503356934,-0.00017611612565815449,0.5899999737739563,0.18000000000000002,0.15812531113624573,0.013020962476730347,0.17000000178813934,0.01,0.053226210176944733,-0.0018167849630117416,0.05000000074505806,0,0.0011356628965586424,-7.6397554948925972e-11,0,False,2,2,2022-01-01
92,2022-03-01,GTM,581,GTM,2,0.63,0.59118914604187012,-0.00017611612565815449,0.5899999737739563,0.18000000000000002,0.15812531113624573,0.013020962476730347,0.17000000178813934,0.01,0.053226210176944733,-0.0018167849630117416,0.05000000074505806,0,0.0011356628965586424,-7.6397554948925972e-11,0,False,2,2,2022-01-01
93,2022-03-01,GTM,591,GTM,2,0.64000000000000001,0.59889048337936401,0.0003080058959312737,0.60000002384185791,0.17999999999999999,0.17981138825416565,0.0060651306994259357,0.18999999761581421,0.02,0.057666614651679993,0.00013540880172513425,0.059999998658895493,0,0.0011356628965586424,-7.6397554948925972e-11,0,False,2,2,2022-01-01
94,2022-03-01,GTM,601,GTM,2,0.64000000000000001,0.59938514232635498,0.0003080058959312737,0.60000002384185791,0.17999999999999999,0.17981138825416565,0.0060651306994259357,0.18999999761581421,0.02,0.057666614651679993,0.00013540880172513425,0.059999998658895493,0,0.0011356628965586424,-7.6397554948925972e-11,0,False,2,2,2022-01-01
99,2022-03-01,GTM,632,GTM,2,0.66000000000000003,0.58334255218505859,3.3681975764920935e-05,0.57999998331069946,0.16,0.17697799205780029,0.0060651306994259357,0.18000000715255737,0,0.053505510091781616,-0.0018167849630117416,0.05000000074505806,0,0.0011356628965586424,-7.6397554948925972e-11,0,False,2,2,2022-01-01
100,2022-03-01,GTM,641,GTM,2,0.66000000000000003,0.58326429128646851,3.3681975764920935e-05,0.57999998331069946,0.16,0.17697799205780029,0.0060651306994259357,0.18000000715255737,0,0.053505510091781616,-0.0018167849630117416,0.05000000074505806,0,0.0011356628965586424,-7.6397554948925972e-11,0,False,2,2,2022-01-01
109,2022-03-01,GTM,672,GTM,3,0.70000000000000007,0.5819472074508667,3.8683298043906689e-05,0.57999998331069946,0.25,0.2212003618478775,0.0060651306994259357,0.23000000417232513,0.02,0.057290397584438324,-0.0018167849630117416,0.059999998658895493,0,0.0011356628965586424,-7.6397554948925972e-11,0,False,3,3,2022-01-01
110,2022-03-01,GTM,677,GTM,3,0.70000000000000007,0.5819472074508667,3.8683298043906689e-05,0.57999998331069946,0.25,0.2212003618478775,0.0060651306994259357,0.23000000417232513,0.02,0.057290397584438324,-0.0018167849630117416,0.059999998658895493,0,0.0011356628965586424,-7.6397554948925972e-11,0,False,3,3,2022-01-01
111,2022-03-01,GTM,681,GTM,2,0.60000000000000009,0.59217154979705811,4.3667052523232996e-05,0.5899999737739563,0.15000000000000002,0.20445086061954498,0.0060651306994259357,0.20999999344348907,0.01,0.053500957787036896,-0.0018167849630117416,0.05000000074505806,0,0.0011356628965586424,-7.6397554948925972e-11,0,False,2,3,2022-01-01
112,2022-03-01,GTM,685,GTM,2,0.60000000000000009,0.57752424478530884,-6.6900989622808993e-05,0.57999998331069946,0.15000000000000002,0.20445086061954498,0.0060651306994259357,0.20999999344348907,0.01,0.053500957787036896,-0.0018167849630117416,0.05000000074505806,0,0.0011356628965586424,-7.6397554948925972e-11,0,False,2,3,2022-01-01
113,2022-03-01,GTM,689,GTM,3,0.60000000000000009,0.56772822141647339,-0.00023177903494797647,0.56999999284744263,0.23000000000000001,0.22658206522464752,0.0060651306994259357,0.23000000417232513,0.029999999999999999,0.0580182746052742,-0.0018167849630117416,0.059999998658895493,0,0.0011356628965586424,-7.6397554948925972e-11,0,False,3,3,2022-01-01
114,2022-03-01,GTM,693,GTM,3,0.60000000000000009,0.56720960140228271,-0.00023177903494797647,0.56999999284744263,0.23000000000000001,0.22897100448608398,0.0060651306994259357,0.23999999463558197,0.029999999999999999,0.0580182746052742,-0.0018167849630117416,0.059999998658895493,0,0.0011356628965586424,-7.6397554948925972e-11,0,False,3,3,2022-01-01
38,2022-03-01,HND,66,HND,3,0.69999999999999996,0.69544273614883423,-4.2859868699451908e-05,0.69999998807907104,0.28999999999999998,0.2304009348154068,0.0069816149771213531,0.23999999463558197,0.040000000000000001,0.073995202779769897,-0.00068561849184334278,0.070000000298023224,0,0.0010664679575711489,-2.7284841053187847e-12,0,False,3,3,2022-01-01
41,2022-03-01,HND,92,HND,3,0.69999999999999996,0.69681090116500854,-6.1922604800201952e-05,0.69999998807907104,0.28999999999999998,0.26083889603614807,0.0069816149771213531,0.27000001072883606,0.040000000000000001,0.07588331401348114,-0.00068561849184334278,0.079999998211860657,0,0.0010664679575711489,-2.7284841053187847e-12,0,False,3,3,2022-01-01
42,2022-03-01,HND,105,HND,3,0.69999999999999996,0.67018473148345947,3.8798680179752409e-05,0.67000001668930054,0.28999999999999998,0.255473792552948,0.0029229596257209778,0.25999999046325684,0.040000000000000001,0.07086297869682312,-0.0020480332896113396,0.070000000298023224,0,0.0010664679575711489,-2.7284841053187847e-12,0,False,3,3,2022-01-01
48,2022-03-01,HND,161,HND,3,0.69999999999999996,0.65476816892623901,-9.199669148074463e-05,0.64999997615814209,0.28999999999999998,0.24204650521278381,0.0069816149771213531,0.25,0.040000000000000001,0.054364938288927078,-0.00068561849184334278,0.05000000074505806,0,0.0010664679575711489,-2.7284841053187847e-12,0,False,3,3,2022-01-01
49,2022-03-01,HND,172,HND,3,0.69999999999999996,0.644306480884552,-0.00013461711932905018,0.63999998569488525,0.28999999999999998,0.24737928807735443,0.0069816149771213531,0.25,0.040000000000000001,0.054604992270469666,-0.00068561849184334278,0.05000000074505806,0,0.0010664679575711489,-2.7284841053187847e-12,0,False,3,3,2022-01-01
51,2022-03-01,HND,193,HND,3,0.65000000000000002,0.63582289218902588,-0.00022571012959815562,0.63999998569488525,0.25,0.25229582190513611,0.00025806683697737753,0.25,0.029999999999999999,0.052723538130521774,-0.00068561849184334278,0.05000000074505806,0,0.0010664679575711489,-2.7284841053187847e-12,0,False,3,3,2022-01-01
52,2022-03-01,HND,200,HND,3,0.65000000000000002,0.63743472099304199,-0.00022571012959815562,0.63999998569488525,0.25,0.25229582190513611,0.00025806683697737753,0.25,0.029999999999999999,0.052723538130521774,-0.00068561849184334278,0.05000000074505806,0,0.0010664679575711489,-2.7284841053187847e-12,0,False,3,3,2022-01-01
55,2022-03-01,HND,226,HND,3,0.65000000000000002,0.65002703666687012,-0.00022494886070489883,0.64999997615814209,0.25,0.23385272920131683,0.0069816149771213531,0.23999999463558197,0.029999999999999999,0.058662567287683487,-0.00068561849184334278,0.059999998658895493,0,0.0010664679575711489,-2.7284841053187847e-12,0,False,3,3,2022-01-01
56,2022-03-01,HND,240,HND,3,0.65000000000000002,0.65001422166824341,-0.00025789951905608177,0.64999997615814209,0.25,0.23839154839515686,0.0069816149771213531,0.25,0.029999999999999999,0.058662567287683487,-0.00068561849184334278,0.059999998658895493,0,0.0010664679575711489,-2.7284841053187847e-12,0,False,3,3,2022-01-01
10,2022-09-01,HTI,6,HTI,4,0.84999999999999998,0.55896258354187012,0.00011142275616293773,0.56000000238418579,0.59999999999999998,0.20347902178764343,0.0034127526450902224,0.20999999344348907,0.25,0.064001202583312988,-0.0023046983405947685,0.059999998658895493,0,0.0010618262458592653,-4.8316906031686813e-11,0,False,4,3,2022-01-01
10,2022-10-01,HTI,7,HTI,3,0.65000000000000002,0.50692224502563477,8.9381988800596446e-05,0.50999999046325684,0.22,0.25087776780128479,0.0034127526450902224,0.25,0.01,0.06238894909620285,-0.0023046983405947685,0.059999998658895493,0,0.0010618262458592653,-4.8316906031686813e-11,0,False,3,3,2022-01-01
11,2022-09-01,HTI,11,HTI,4,0.84999999999999998,0.556843101978302,0.00018010074563790113,0.56000000238418579,0.59999999999999998,0.18428000807762146,0.0034127526450902224,0.18999999761581421,0.25,0.064001202583312988,-0.0023046983405947685,0.059999998658895493,0,0.0010618262458592653,-4.8316906031686813e-11,0,False,4,2,2022-01-01
11,2022-10-01,HTI,12,HTI,3,0.65000000000000002,0.50830644369125366,-8.3020087913610041e-05,0.50999999046325684,0.22,0.22914382815361023,-0.0064002671279013157,0.2199999988079071,0.01,0.06238894909620285,-0.0023046983405947685,0.059999998658895493,0,0.0010618262458592653,-4.8316906031686813e-11,0,False,3,3,2022-01-01
12,2022-09-01,HTI,16,HTI,4,0.84999999999999998,0.556843101978302,0.00018010074563790113,0.56000000238418579,0.59999999999999998,0.18428000807762146,0.0034127526450902224,0.18999999761581421,0.25,0.064001202583312988,-0.0023046983405947685,0.059999998658895493,0,0.0010618262458592653,-4.8316906031686813e-11,0,False,4,2,2022-01-01
12,2022-10-01,HTI,17,HTI,3,0.65000000000000002,0.50841474533081055,-8.3020087913610041e-05,0.50999999046325684,0.22,0.22914382815361023,-0.0064002671279013157,0.2199999988079071,0.01,0.06238894909620285,-0.0023046983405947685,0.059999998658895493,0,0.0010618262458592653,-4.8316906031686813e-11,0,False,3,3,2022-01-01
13,2022-09-01,HTI,19,HTI,3,0.75,0.54378551244735718,0.00024351234606001526,0.54000002145767212,0.5,0.2083059698343277,0.0034127526450902224,0.20999999344348907,0.14999999999999999,0.070626020431518555,-0.0023046983405947685,0.070000000298023224,0,0.0010618262458592653,-4.8316906031686813e-11,0,False,3,3,2022-01-01
16,2022-10-01,HTI,22,HTI,2,0.59999999999999998,0.48888516426086426,0.00079801172250881791,0.49000000953674316,0.14999999999999999,0.25021228194236755,0.0034127526450902224,0.25,0,0.066243693232536316,-0.0023046983405947685,0.059999998658895493,0,0.0010618262458592653,-4.8316906031686813e-11,0,False,2,3,2022-01-01
19,2022-10-01,HTI,27,HTI,3,0.65000000000000002,0.51763796806335449,0.00028215989004820585,0.51999998092651367,0.22,0.2309199720621109,-0.0064002671279013157,0.2199999988079071,0.01,0.07447582483291626,-0.0023046983405947685,0.070000000298023224,0,0.0010618262458592653,-4.8316906031686813e-11,0,False,3,3,2022-01-01
20,2022-10-01,HTI,30,HTI,3,0.65000000000000002,0.51765096187591553,0.00028215989004820585,0.51999998092651367,0.22,0.2309199720621109,-0.0064002671279013157,0.2199999988079071,0.01,0.07447582483291626,-0.0023046983405947685,0.070000000298023224,0,0.0010618262458592653,-4.8316906031686813e-11,0,False,3,3,2022-01-01
21,2022-09-01,HTI,31,HTI,3,0.75,0.57262682914733887,0.00012468798377085477,0.56999999284744263,0.44999999999999996,0.1931719183921814,0.0034127526450902224,0.20000000298023224,0.14999999999999999,0.060531508177518845,-0.0023046983405947685,0.059999998658895493,0,0.0010618262458592653,-4.8316906031686813e-11,0,False,3,3,2022-01-01
21,2022-10-01,HTI,32,HTI,3,0.65000000000000002,0.5131567120552063,2.1367097360780463e-05,0.50999999046325684,0.22,0.22076576948165894,-0.00080476398579776287,0.2199999988079071,0.01,0.068938612937927246,-0.0023046983405947685,0.070000000298023224,0,0.0010618262458592653,-4.8316906031686813e-11,0,False,3,3,2022-01-01
22,2022-09-01,HTI,33,HTI,3,0.75,0.57221144437789917,0.00012468798377085477,0.56999999284744263,0.44999999999999996,0.18691845238208771,0.0034127526450902224,0.18999999761581421,0.14999999999999999,0.060531508177518845,-0.0023046983405947685,0.059999998658895493,0,0.0010618262458592653,-4.8316906031686813e-11,0,False,3,2,2022-01-01
22,2022-10-01,HTI,34,HTI,3,0.65000000000000002,0.51314324140548706,2.1367097360780463e-05,0.50999999046325684,0.22,0.22030103206634521,-0.00080476398579776287,0.2199999988079071,0.01,0.068938612937927246,-0.0023046983405947685,0.070000000298023224,0,0.0010618262458592653,-4.8316906031686813e-11,0,False,3,3,2022-01-01
957,2022-07-01,KEN,2727,KEN,2,0.25,0.49611353874206543,-0.00026416921173222363,0.5,0.050000000000000003,0.1321088969707489,-0.0039564776234328747,0.12999999523162842,0,0.044902656227350235,-0.001736075384542346,0.039999999105930328,0,0.0010764498729258776,-3.637978807091713e-11,0,False,2,2,2022-01-01
994,2022-02-01,KEN,2765,KEN,2,0.20000000000000001,0.44108155369758606,0.00049014081014320254,0.43999999761581421,0.050000000000000003,0.21458829939365387,-0.005434816237539053,0.20999999344348907,0,0.058249454945325851,-0.00073492358205839992,0.059999998658895493,0,0.0010764498729258776,-3.637978807091713e-11,0,False,2,3,2022-01-01
994,2022-06-01,KEN,2766,KEN,2,0.5,0.50862085819244385,-0.00022160353546496481,0.50999999046325684,0.14999999999999999,0.22174221277236938,-6.2585721025243402e-05,0.2199999988079071,0,0.052935194224119186,-9.3267051852308214e-05,0.05000000074505806,0,0.0010764498729258776,-3.637978807091713e-11,0,False,2,3,2022-01-01
995,2022-02-01,KEN,2769,KEN,2,0.20000000000000001,0.43873110413551331,0.00049014081014320254,0.43999999761581421,0.050000000000000003,0.21659260988235474,-0.005434816237539053,0.20999999344348907,0,0.058249454945325851,-0.00073492358205839992,0.059999998658895493,0,0.0010764498729258776,-3.637978807091713e-11,0,False,2,3,2022-01-01
995,2022-06-01,KEN,2770,KEN,2,0.5,0.4957747757434845,-0.00022160353546496481,0.5,0.14999999999999999,0.20196425914764404,-6.2585721025243402e-05,0.20000000298023224,0,0.052935194224119186,-9.3267051852308214e-05,0.05000000074505806,0,0.0010764498729258776,-3.637978807091713e-11,0,False,2,3,2022-01-01
1003,2022-02-01,KEN,2781,KEN,3,0.74999999999999989,0.5865362286567688,-0.00033467207686044276,0.5899999737739563,0.40000000000000002,0.25619441270828247,-0.0040173130109906197,0.25,0.10000000000000001,0.068680375814437866,-0.00073492358205839992,0.070000000298023224,0,0.0010764498729258776,-3.637978807091713e-11,0,False,3,3,2022-01-01
1003,2022-03-01,KEN,2782,KEN,3,0.79999999999999993,0.63701707124710083,-0.00012507064093369991,0.63999998569488525,0.5,0.31338462233543396,-0.0025389781221747398,0.31000000238418579,0.14999999999999999,0.071881569921970367,-0.00073492358205839992,0.070000000298023224,0,0.0010764498729258776,-3.637978807091713e-11,0,False,3,3,2022-01-01
1003,2022-07-01,KEN,2783,KEN,3,0.90000000000000002,0.63748419284820557,-0.00023432254965882748,0.63999998569488525,0.5,0.24462710320949554,-0.0010749346110969782,0.23999999463558197,0.14999999999999999,0.071655809879302979,-9.3267051852308214e-05,0.070000000298023224,0,0.0010764498729258776,-3.637978807091713e-11,0,False,3,3,2022-01-01
1005,2022-02-01,KEN,2787,KEN,3,0.74999999999999989,0.62120628356933594,0.0011547518661245704,0.62000000476837158,0.40000000000000002,0.27239426970481873,-0.0040173130109906197,0.27000001072883606,0.10000000000000001,0.072683662176132202,-0.00073492358205839992,0.070000000298023224,0,0.0010764498729258776,-3.637978807091713e-11,0,False,3,3,2022-01-01
1005,2022-03-01,KEN,2788,KEN,3,0.79999999999999993,0.64203029870986938,0.00078304135240614414,0.63999998569488525,0.5,0.30487093329429626,-0.0025389781221747398,0.30000001192092896,0.14999999999999999,0.07588484138250351,-0.00073492358205839992,0.079999998211860657,0,0.0010764498729258776,-3.637978807091713e-11,0,False,3,3,2022-01-01
1005,2022-07-01,KEN,2789,KEN,3,0.90000000000000002,0.65967035293579102,0.00044803644414059818,0.6600000262260437,0.5,0.23305143415927887,-0.0010749346110969782,0.23000000417232513,0.14999999999999999,0.075659088790416718,-9.3267051852308214e-05,0.079999998211860657,0,0.0010764498729258776,-3.637978807091713e-11,0,False,3,3,2022-01-01
1011,2022-02-01,KEN,2796,KEN,3,0.69999999999999996,0.45054274797439575,0.00065109599381685257,0.44999998807907104,0.34999999999999998,0.19732995331287384,-0.005434816237539053,0.18999999761581421,0.050000000000000003,0.061796650290489197,-0.00073492358205839992,0.059999998658895493,0,0.0010764498729258776,-3.637978807091713e-11,0,False,3,2,2022-01-01
1011,2022-03-01,KEN,2797,KEN,3,0.60000000000000009,0.48447665572166443,-8.9776338427327573e-05,0.47999998927116394,0.29999999999999999,0.21408076584339142,-0.005434816237539053,0.20999999344348907,0.050000000000000003,0.06209944561123848,-0.00073492358205839992,0.059999998658895493,0,0.0010764498729258776,-3.637978807091713e-11,0,False,3,3,2022-01-01
1011,2022-06-01,KEN,2798,KEN,2,0.5,0.50722020864486694,-0.0002371706796111539,0.50999999046325684,0.14999999999999999,0.20265091955661774,-6.2585721025243402e-05,0.20000000298023224,0,0.064200602471828461,-9.3267051852308214e-05,0.059999998658895493,0,0.0010764498729258776,-3.637978807091713e-11,0,False,2,3,2022-01-01
1011,2022-07-01,KEN,2799,KEN,3,0.69999999999999996,0.49576148390769958,9.115533612202853e-05,0.5,0.39999999999999997,0.19662939012050629,-0.002492434810847044,0.18999999761581421,0.050000000000000003,0.06389782577753067,-9.3267051852308214e-05,0.059999998658895493,0,0.0010764498729258776,-3.637978807091713e-11,0,False,3,2,2022-01-01
1032,2022-02-01,KEN,2815,KEN,3,0.69999999999999996,0.39411240816116333,0.00051629194058477879,0.38999998569488525,0.34999999999999998,0.18480335175991058,-0.005434816237539053,0.18000000715255737,0.050000000000000003,0.058701574802398682,-0.00073492358205839992,0.059999998658895493,0,0.0010764498729258776,-3.637978807091713e-11,0,False,3,2,2022-01-01
1032,2022-03-01,KEN,2816,KEN,3,0.60000000000000009,0.48204541206359863,-0.00020875285554211587,0.47999998927116394,0.29999999999999999,0.20053479075431824,-0.005434816237539053,0.20000000298023224,0.050000000000000003,0.061705410480499268,-0.00073492358205839992,0.059999998658895493,0,0.0010764498729258776,-3.637978807091713e-11,0,False,3,3,2022-01-01
1032,2022-06-01,KEN,2817,KEN,2,0.5,0.51000642776489258,0.00013708246115129441,0.50999999046325684,0.14999999999999999,0.21976315975189209,-6.2585721025243402e-05,0.2199999988079071,0,0.051431704312562943,-9.3267051852308214e-05,0.05000000074505806,0,0.0010764498729258776,-3.637978807091713e-11,0,False,2,3,2022-01-01
1033,2022-02-01,KEN,2820,KEN,3,0.69999999999999996,0.36646148562431335,0.00046383420703932643,0.37000000476837158,0.34999999999999998,0.21836544573307037,-0.005434816237539053,0.20999999344348907,0.050000000000000003,0.058701574802398682,-0.00073492358205839992,0.059999998658895493,0,0.0010764498729258776,-3.637978807091713e-11,0,False,3,3,2022-01-01
1033,2022-03-01,KEN,2821,KEN,3,0.60000000000000009,0.49369889497756958,-0.00036786904092878103,0.49000000953674316,0.29999999999999999,0.20728865265846252,-0.005434816237539053,0.20000000298023224,0.050000000000000003,0.059004358947277069,-0.00073492358205839992,0.059999998658895493,0,0.0010764498729258776,-3.637978807091713e-11,0,False,3,3,2022-01-01
1033,2022-06-01,KEN,2822,KEN,2,0.5,0.50808143615722656,-0.0004325970949139446,0.50999999046325684,0.14999999999999999,0.20223911106586456,-6.2585721025243402e-05,0.20000000298023224,0,0.056366879492998123,-9.3267051852308214e-05,0.059999998658895493,0,0.0010764498729258776,-3.637978807091713e-11,0,False,2,3,2022-01-01
1046,2022-02-01,KEN,2831,KEN,2,0.59999999999999998,0.52147901058197021,-0.0002606489579193294,0.51999998092651367,0.10000000000000001,0.21627070009708405,-0.0040173130109906197,0.20999999344348907,0,0.052858550101518631,-0.00073492358205839992,0.05000000074505806,0,0.0010764498729258776,-3.637978807091713e-11,0,False,2,3,2022-01-01
1046,2022-07-01,KEN,2832,KEN,3,0.70000000000000007,0.47051069140434265,-0.00017834894242696464,0.4699999988079071,0.25,0.18554842472076416,-0.0010749346110969782,0.18000000715255737,0.050000000000000003,0.046667385846376419,-9.3267051852308214e-05,0.05000000074505806,0,0.0010764498729258776,-3.637978807091713e-11,0,False,3,2,2022-01-01
1047,2022-02-01,KEN,2835,KEN,2,0.59999999999999998,0.50954926013946533,-0.0002606489579193294,0.50999999046325684,0.10000000000000001,0.20580072700977325,-0.0040173130109906197,0.20000000298023224,0,0.052858550101518631,-0.00073492358205839992,0.05000000074505806,0,0.0010764498729258776,-3.637978807091713e-11,0,False,2,3,2022-01-01
1047,2022-07-01,KEN,2836,KEN,3,0.70000000000000007,0.46811670064926147,-0.00017834894242696464,0.4699999988079071,0.25,0.17507843673229218,-0.0010749346110969782,0.17000000178813934,0.050000000000000003,0.046667385846376419,-9.3267051852308214e-05,0.05000000074505806,0,0.0010764498729258776,-3.637978807091713e-11,0,False,3,2,2022-01-01
1048,2022-07-01,KEN,2837,KEN,2,0.59999999999999998,0.51647788286209106,-5.9904923546127975e-05,0.51999998092651367,0.14999999999999999,0.19240844249725342,-0.0010749346110969782,0.18999999761581421,0,0.045823615044355392,-9.3267051852308214e-05,0.05000000074505806,0,0.0010764498729258776,-3.637978807091713e-11,0,False,2,2,2022-01-01
1048,2022-10-01,KEN,2838,KEN,3,0.60000000000000009,0.52745616436004639,-0.00015161687042564154,0.52999997138977051,0.25,0.16068994998931885,0.0038794900756329298,0.15999999642372131,0.050000000000000003,0.051243167370557785,-0.001736075384542346,0.05000000074505806,0,0.0010764498729258776,-3.637978807091713e-11,0,False,3,2,2022-01-01
1049,2022-10-01,KEN,2839,KEN,3,0.60000000000000009,0.53080421686172485,-0.00023351392883341759,0.52999997138977051,0.25,0.26246887445449829,0.0024619882460683584,0.25999999046325684,0.050000000000000003,0.064284704625606537,-0.001736075384542346,0.059999998658895493,0,0.0010764498729258776,-3.637978807091713e-11,0,False,3,3,2022-01-01
1050,2022-10-01,KEN,2840,KEN,3,0.60000000000000009,0.53440123796463013,-0.00016049899568315595,0.52999997138977051,0.25,0.26246887445449829,0.0024619882460683584,0.25999999046325684,0.050000000000000003,0.064284704625606537,-0.001736075384542346,0.059999998658895493,0,0.0010764498729258776,-3.637978807091713e-11,0,False,3,3,2022-01-01
1059,2022-02-01,KEN,2848,KEN,3,0.75,0.57330977916717529,-0.00053197552915662527,0.56999999284744263,0.34999999999999998,0.25323277711868286,-0.0040173130109906197,0.25,0.10000000000000001,0.052858550101518631,-0.00073492358205839992,0.05000000074505806,0,0.0010764498729258776,-3.637978807091713e-11,0,False,3,3,2022-01-01
1059,2022-07-01,KEN,2849,KEN,3,0.84999999999999998,0.55911219120025635,8.2726592154358514e-06,0.56000000238418579,0.44999999999999996,0.23669324815273285,-0.0010749346110969782,0.23999999463558197,0.14999999999999999,0.048923488706350327,-9.3267051852308214e-05,0.05000000074505806,0,0.0010764498729258776,-3.637978807091713e-11,0,False,3,3,2022-01-01
1060,2022-02-01,KEN,2851,KEN,3,0.75,0.55026042461395264,-0.00053197552915662527,0.55000001192092896,0.34999999999999998,0.25323277711868286,-0.0040173130109906197,0.25,0.10000000000000001,0.052858550101518631,-0.00073492358205839992,0.05000000074505806,0,0.0010764498729258776,-3.637978807091713e-11,0,False,3,3,2022-01-01
1060,2022-07-01,KEN,2852,KEN,3,0.84999999999999998,0.56479561328887939,8.2726592154358514e-06,0.56000000238418579,0.44999999999999996,0.23669324815273285,-0.0010749346110969782,0.23999999463558197,0.14999999999999999,0.048923488706350327,-9.3267051852308214e-05,0.05000000074505806,0,0.0010764498729258776,-3.637978807091713e-11,0,False,3,3,2022-01-01
1061,2022-07-01,KEN,2857,KEN,2,0.49999999999999994,0.47984558343887329,0.00018418201943859458,0.47999998927116394,0.15000000000000002,0.20761914551258087,-0.0010749346110969782,0.20999999344348907,0.050000000000000003,0.056696664541959763,-9.3267051852308214e-05,0.059999998658895493,0,0.0010764498729258776,-3.637978807091713e-11,0,False,2,3,2022-01-01
1068,2022-02-01,KEN,2865,KEN,3,0.90000000000000002,0.60837376117706299,0.00099602085538208485,0.61000001430511475,0.5,0.28538364171981812,0.0013549148570746183,0.28999999165534973,0.14999999999999999,0.065609656274318695,0.00090788461966440082,0.070000000298023224,0,0.0010764498729258776,-3.637978807091713e-11,0,False,3,3,2022-01-01
1068,2022-07-01,KEN,2866,KEN,3,0.90000000000000002,0.59409105777740479,0.00092035136185586452,0.60000002384185791,0.44999999999999996,0.24036447703838348,-0.0010749346110969782,0.23999999463558197,0.10000000000000001,0.060190040618181229,-9.3267051852308214e-05,0.059999998658895493,0,0.0010764498729258776,-3.637978807091713e-11,0,False,3,3,2022-01-01
1071,2022-02-01,KEN,2870,KEN,3,0.90000000000000002,0.5919640064239502,0.0014506755396723747,0.5899999737739563,0.5,0.27347806096076965,0.0013549148570746183,0.27000001072883606,0.14999999999999999,0.065609656274318695,0.00090788461966440082,0.070000000298023224,0,0.0010764498729258776,-3.637978807091713e-11,0,False,3,3,2022-01-01
1071,2022-07-01,KEN,2871,KEN,3,0.90000000000000002,0.56836110353469849,0.0010905958479270339,0.56999999284744263,0.44999999999999996,0.23212325572967529,-0.0010749346110969782,0.23000000417232513,0.10000000000000001,0.060190040618181229,-9.3267051852308214e-05,0.059999998658895493,0,0.0010764498729258776,-3.637978807091713e-11,0,False,3,3,2022-01-01
1097,2022-02-01,KEN,2878,KEN,3,0.45000000000000001,0.5121304988861084,-7.2115333750844002e-05,0.50999999046325684,0.20000000000000001,0.2057555764913559,-0.0039564776234328747,0.20000000298023224,0.050000000000000003,0.053850345313549042,-0.00073492358205839992,0.05000000074505806,0,0.0010764498729258776,-3.637978807091713e-11,0,False,3,3,2022-01-01
1099,2022-02-01,KEN,2879,KEN,3,0.45000000000000001,0.51229566335678101,-7.2115333750844002e-05,0.50999999046325684,0.20000000000000001,0.20276263356208801,-0.0039564776234328747,0.20000000298023224,0.050000000000000003,0.053850345313549042,-0.00073492358205839992,0.05000000074505806,0,0.0010764498729258776,-3.637978807091713e-11,0,False,3,3,2022-01-01
1102,2022-02-01,KEN,2882,KEN,3,0.75,0.6198199987411499,0.00026554899523034692,0.62000000476837158,0.29999999999999999,0.29579594731330872,-0.0025532699655741453,0.28999999165534973,0.050000000000000003,0.068116419017314911,-0.00073492358205839992,0.070000000298023224,0,0.0010764498729258776,-3.637978807091713e-11,0,False,3,3,2022-01-01
1102,2022-07-01,KEN,2883,KEN,3,0.79999999999999993,0.57811784744262695,3.7188481655903161e-05,0.57999998331069946,0.5,0.2565198540687561,-0.0010749346110969782,0.25999999046325684,0.14999999999999999,0.064334668219089508,-9.3267051852308214e-05,0.059999998658895493,0,0.0010764498729258776,-3.637978807091713e-11,0,False,3,3,2022-01-01
1103,2022-02-01,KEN,2886,KEN,3,0.75,0.63212257623672485,0.00035243583261035383,0.62999999523162842,0.29999999999999999,0.29579594731330872,-0.0025532699655741453,0.28999999165534973,0.050000000000000003,0.068116419017314911,-0.00073492358205839992,0.070000000298023224,0,0.0010764498729258776,-3.637978807091713e-11,0,False,3,3,2022-01-01
1103,2022-07-01,KEN,2887,KEN,3,0.79999999999999993,0.59224295616149902,3.7188481655903161e-05,0.5899999737739563,0.5,0.2565198540687561,-0.0010749346110969782,0.25999999046325684,0.14999999999999999,0.064334668219089508,-9.3267051852308214e-05,0.059999998658895493,0,0.0010764498729258776,-3.637978807091713e-11,0,False,3,3,2022-01-01
1157,2022-02-01,KEN,2943,KEN,3,0.85000000000000009,0.54582267999649048,1.6012199921533465e-06,0.55000001192092896,0.34999999999999998,0.27990970015525818,-0.0010749346110969782,0.2800000011920929,0.050000000000000003,0.064195752143859863,0.00090788461966440082,0.070000000298023224,0,0.0010764498729258776,-3.637978807091713e-11,0,False,3,3,2022-01-01
1157,2022-07-01,KEN,2944,KEN,3,0.90000000000000002,0.51559573411941528,4.4863794755656272e-05,0.51999998092651367,0.44999999999999996,0.22921699285507202,-0.0010749346110969782,0.23000000417232513,0.10000000000000001,0.062338043004274368,-9.3267051852308214e-05,0.059999998658895493,0,0.0010764498729258776,-3.637978807091713e-11,0,False,3,3,2022-01-01
1157,2022-10-01,KEN,2945,KEN,2,0.25,0.56257879734039307,0.00027723138919100165,0.56000000238418579,0.10000000000000001,0.33782503008842468,-0.020159307867288589,0.31999999284744263,0,0.078944861888885498,-0.0084366118535399437,0.070000000298023224,0,0.0010764498729258776,-3.637978807091713e-11,0,False,2,3,2022-01-01
1158,2022-02-01,KEN,2953,KEN,3,0.85000000000000009,0.53177022933959961,1.6012199921533465e-06,0.52999997138977051,0.34999999999999998,0.27804532647132874,-0.0010749346110969782,0.2800000011920929,0.050000000000000003,0.064195752143859863,0.00090788461966440082,0.070000000298023224,0,0.0010764498729258776,-3.637978807091713e-11,0,False,3,3,2022-01-01
1158,2022-07-01,KEN,2954,KEN,3,0.90000000000000002,0.50148475170135498,4.4863794755656272e-05,0.5,0.44999999999999996,0.23410534858703613,-0.0010749346110969782,0.23000000417232513,0.10000000000000001,0.062338043004274368,-9.3267051852308214e-05,0.059999998658895493,0,0.0010764498729258776,-3.637978807091713e-11,0,False,3,3,2022-01-01
1158,2022-10-01,KEN,2955,KEN,2,0.25,0.55391252040863037,0.0002733555156737566,0.55000001192092896,0.10000000000000001,0.33782503008842468,-0.020159307867288589,0.31999999284744263,0,0.078944861888885498,-0.0084366118535399437,0.070000000298023224,0,0.0010764498729258776,-3.637978807091713e-11,0,False,2,3,2022-01-01
1160,2022-01-01,KEN,2967,KEN,3,0.46999999999999997,0.45744779706001282,0.00072378118056803942,0.46000000834465027,0.23000000000000001,0.23611839115619659,-0.0039564776234328747,0.23000000417232513,0.040000000000000001,0.061464875936508179,-0.00073492358205839992,0.059999998658895493,0,0.0010764498729258776,-3.637978807091713e-11,0,False,3,3,2022-01-01
1160,2022-02-01,KEN,2968,KEN,3,0.55000000000000004,0.49408707022666931,-0.00027322533424012363,0.49000000953674316,0.25,0.21756611764431,-0.002492434810847044,0.2199999988079071,0.050000000000000003,0.056988190859556198,0.00090788461966440082,0.059999998658895493,0,0.0010764498729258776,-3.637978807091713e-11,0,False,3,3,2022-01-01
1160,2022-05-01,KEN,2969,KEN,3,0.67000000000000004,0.46917423605918884,-0.00034894791315309703,0.4699999988079071,0.41000000000000003,0.19929860532283783,-0.0018548909574747086,0.20000000298023224,0.13,0.053668055683374405,-9.3267051852308214e-05,0.05000000074505806,0,0.0010764498729258776,-3.637978807091713e-11,0,False,3,3,2022-01-01
1160,2022-07-01,KEN,2970,KEN,3,0.70000000000000007,0.50567090511322021,0.00018508717766962945,0.50999999046325684,0.44999999999999996,0.2133522629737854,-0.0018548909574747086,0.20999999344348907,0.14999999999999999,0.053668055683374405,-9.3267051852308214e-05,0.05000000074505806,0,0.0010764498729258776,-3.637978807091713e-11,0,False,3,3,2022-01-01
1160,2022-10-01,KEN,2971,KEN,1,0.15000000000000002,0.56061381101608276,6.0104146541561931e-05,0.56000000238418579,0.050000000000000003,0.20814231038093567,-0.020939270034432411,0.18999999761581421,0,0.072189502418041229,-0.0084366118535399437,0.059999998658895493,0,0.0010764498729258776,-3.637978807091713e-11,0,False,1,2,2022-01-01
1161,2022-01-01,KEN,2983,KEN,3,0.46999999999999997,0.48190575838088989,0.00072378118056803942,0.47999998927116394,0.23000000000000001,0.22162939608097076,-0.0039564776234328747,0.2199999988079071,0.040000000000000001,0.062109459191560745,-0.00073492358205839992,0.059999998658895493,0,0.0010764498729258776,-3.637978807091713e-11,0,False,3,3,2022-01-01
1161,2022-02-01,KEN,2984,KEN,3,0.55000000000000004,0.51850390434265137,-0.00056737597333267331,0.51999998092651367,0.25,0.21756611764431,-0.002492434810847044,0.2199999988079071,0.050000000000000003,0.059912826865911484,0.00090788461966440082,0.059999998658895493,0,0.0010764498729258776,-3.637978807091713e-11,0,False,3,3,2022-01-01
1161,2022-05-01,KEN,2985,KEN,3,0.67000000000000004,0.47513142228126526,-0.00034894791315309703,0.4699999988079071,0.41000000000000003,0.19929860532283783,-0.0018548909574747086,0.20000000298023224,0.13,0.056592684239149094,-9.3267051852308214e-05,0.059999998658895493,0,0.0010764498729258776,-3.637978807091713e-11,0,False,3,3,2022-01-01
1161,2022-07-01,KEN,2986,KEN,3,0.70000000000000007,0.50289058685302734,0.0001695487299002707,0.5,0.44999999999999996,0.19886326789855957,-0.0018548909574747086,0.20000000298023224,0.14999999999999999,0.056592684239149094,-9.3267051852308214e-05,0.059999998658895493,0,0.0010764498729258776,-3.637978807091713e-11,0,False,3,3,2022-01-01
1161,2022-10-01,KEN,2987,KEN,1,0.15000000000000002,0.56004136800765991,-0.00021274748723953962,0.56000000238418579,0.050000000000000003,0.20814231038093567,-0.020939270034432411,0.18999999761581421,0,0.075114130973815918,-0.0084366118535399437,0.070000000298023224,0,0.0010764498729258776,-3.637978807091713e-11,0,False,1,2,2022-01-01
1173,2022-01-01,KEN,2997,KEN,2,0.40000000000000002,0.59361612796783447,-0.00049081066390499473,0.5899999737739563,0.13,0.27326175570487976,0.0038794900756329298,0.2800000011920929,0,0.059040330350399017,-0.00073492358205839992,0.059999998658895493,0,0.0010764498729258776,-3.637978807091713e-11,0,False,2,3,2022-01-01
1173,2022-02-01,KEN,2998,KEN,3,0.69999999999999996,0.60251033306121826,0.00026574931689538062,0.60000002384185791,0.34999999999999998,0.26376587152481079,0.0084784133359789848,0.27000001072883606,0.10000000000000001,0.063143603503704071,0.00090788461966440082,0.059999998658895493,0,0.0010764498729258776,-3.637978807091713e-11,0,False,3,3,2022-01-01
1173,2022-07-01,KEN,2999,KEN,3,0.75,0.55459195375442505,-0.00033893823274411261,0.55000001192092896,0.44999999999999996,0.26362335681915283,0.0053435331210494041,0.27000001072883606,0.14999999999999999,0.059040330350399017,-9.3267051852308214e-05,0.059999998658895493,0,0.0010764498729258776,-3.637978807091713e-11,0,False,3,3,2022-01-01
1173,2022-10-01,KEN,3000,KEN,2,0.25,0.62683790922164917,-0.00035550215397961438,0.62999999523162842,0.10000000000000001,0.32600399851799011,-0.020159307867288589,0.31000000238418579,0,0.077892713248729706,-0.0084366118535399437,0.070000000298023224,0,0.0010764498729258776,-3.637978807091713e-11,0,False,2,3,2022-01-01
997,2022-09-01,LBN,2774,LBN,3,0.84999999999999998,0.65276521444320679,-5.5896151025081053e-05,0.64999997615814209,0.44999999999999996,0.32761785387992859,0.0013745513278990984,0.33000001311302185,0.10000000000000001,0.09957287460565567,-0.0013990255538374186,0.10000000149011612,0,0.0010670401388779283,1.7098500393331051e-10,0,False,3,3,2022-01-01
1001,2022-09-01,LBN,2777,LBN,3,0.85000000000000009,0.62668931484222412,0.00025740821729414165,0.62999999523162842,0.39999999999999997,0.2864278256893158,0.0047092381864786148,0.28999999165534973,0.050000000000000003,0.10555914044380188,-0.0013990255538374186,0.10000000149011612,0,0.0010670401388779283,1.7098500393331051e-10,0,False,3,3,2022-01-01
1008,2022-09-01,LBN,2791,LBN,3,0.75,0.66814517974853516,0.00060613831738010049,0.67000001668930054,0.29999999999999999,0.30934277176856995,0.0047092381864786148,0.31000000238418579,0.050000000000000003,0.10555914044380188,-0.0013990255538374186,0.10000000149011612,0,0.0010670401388779283,1.7098500393331051e-10,0,False,3,3,2022-01-01
1016,2022-09-01,LBN,2806,LBN,3,0.85000000000000009,0.67157912254333496,0.00038899303763173521,0.67000001668930054,0.39999999999999997,0.38155144453048706,0.0047092381864786148,0.38999998569488525,0.050000000000000003,0.10555914044380188,-0.0013990255538374186,0.10000000149011612,0,0.0010670401388779283,1.7098500393331051e-10,0,False,3,3,2022-01-01
1017,2022-09-01,LBN,2807,LBN,3,0.80000000000000004,0.67000138759613037,-1.1296989214315545e-05,0.67000001668930054,0.34999999999999998,0.35142931342124939,0.0047092381864786148,0.36000001430511475,0.050000000000000003,0.096312679350376129,-0.0013990255538374186,0.090000003576278687,0,0.0010670401388779283,1.7098500393331051e-10,0,False,3,3,2022-01-01
1020,2022-09-01,LBN,2808,LBN,3,0.84999999999999998,0.60243535041809082,8.9845721959136426e-05,0.60000002384185791,0.44999999999999996,0.30328431725502014,0.0047092381864786148,0.31000000238418579,0.10000000000000001,0.11632858216762543,-0.0013990255538374186,0.10999999940395355,0,0.0010670401388779283,1.7098500393331051e-10,0,False,3,3,2022-01-01
1023,2022-09-01,LBN,2809,LBN,2,0.70000000000000007,0.60360008478164673,7.4659335950855166e-05,0.60000002384185791,0.14999999999999999,0.29272064566612244,0.0047092381864786148,0.30000001192092896,0,0.12566827237606049,-0.0013990255538374186,0.11999999731779099,0,0.0010670401388779283,1.7098500393331051e-10,0,False,2,3,2022-01-01
1038,2022-09-01,LBN,2824,LBN,3,0.90000000000000002,0.61447024345397949,9.7192263638135046e-05,0.61000001430511475,0.55000000000000004,0.32128331065177917,0.0047092381864786148,0.33000001311302185,0.10000000000000001,0.10729996860027313,-0.0013990255538374186,0.10999999940395355,0,0.0010670401388779283,1.7098500393331051e-10,0,False,3,3,2022-01-01
1039,2022-09-01,LBN,2825,LBN,3,0.90000000000000002,0.62569856643676758,0.00024147608201019466,0.62999999523162842,0.5,0.35594990849494934,0.0047092381864786148,0.36000001430511475,0.10000000000000001,0.10039661824703217,-0.0013990255538374186,0.10000000149011612,0,0.0010670401388779283,1.7098500393331051e-10,0,False,3,3,2022-01-01
1448,2022-11-01,MDG,3738,MDG,3,0.79999999999999993,0.50391024351119995,0.00031506936647929251,0.5,0.55000000000000004,0.25175970792770386,0.0011944966390728951,0.25,0.10000000000000001,0.049577079713344574,-0.0011388254351913929,0.05000000074505806,0,0.0010408818488940597,-7.0940586738288403e-11,0,False,3,3,2022-01-01
1449,2022-11-01,MDG,3740,MDG,3,0.79999999999999993,0.5028720498085022,0.00031506936647929251,0.5,0.55000000000000004,0.25469917058944702,0.0011944966390728951,0.25999999046325684,0.10000000000000001,0.049577079713344574,-0.0011388254351913929,0.05000000074505806,0,0.0010408818488940597,-7.0940586738288403e-11,0,False,3,3,2022-01-01
1580,2022-04-01,MDG,4183,MDG,3,0.85000000000000009,0.55815541744232178,-0.00010596477659419179,0.56000000238418579,0.45000000000000001,0.21152348816394806,0.0011944966390728951,0.20999999344348907,0.050000000000000003,0.059881821274757385,-0.0011388254351913929,0.059999998658895493,0,0.0010408818488940597,-7.0940586738288403e-11,0,False,3,3,2022-01-01
1580,2022-11-01,MDG,4184,MDG,3,0.90000000000000013,0.56121158599853516,5.0913735321955755e-05,0.56000000238418579,0.5,0.26124811172485352,0.0011944966390728951,0.25999999046325684,0.050000000000000003,0.054788894951343536,-0.0011388254351913929,0.05000000074505806,0,0.0010408818488940597,-7.0940586738288403e-11,0,False,3,3,2022-01-01
1581,2022-04-01,MDG,4186,MDG,3,0.85000000000000009,0.57557600736618042,-0.00032380735501646996,0.57999998331069946,0.45000000000000001,0.20697520673274994,0.0011944966390728951,0.20999999344348907,0.050000000000000003,0.063011281192302704,-0.0011388254351913929,0.059999998658895493,0,0.0010408818488940597,-7.0940586738288403e-11,0,False,3,3,2022-01-01
1581,2022-11-01,MDG,4187,MDG,3,0.90000000000000013,0.5347740650177002,8.9209752331953496e-05,0.52999997138977051,0.5,0.2372698187828064,0.0011944966390728951,0.23999999463558197,0.050000000000000003,0.054788894951343536,-0.0011388254351913929,0.05000000074505806,0,0.0010408818488940597,-7.0940586738288403e-11,0,False,3,3,2022-01-01
1582,2022-04-01,MDG,4189,MDG,3,0.85000000000000009,0.57693922519683838,-0.00032380735501646996,0.57999998331069946,0.45000000000000001,0.20697520673274994,0.0011944966390728951,0.20999999344348907,0.050000000000000003,0.063011281192302704,-0.0011388254351913929,0.059999998658895493,0,0.0010408818488940597,-7.0940586738288403e-11,0,False,3,3,2022-01-01
1582,2022-11-01,MDG,4190,MDG,3,0.90000000000000013,0.52609121799468994,8.9209752331953496e-05,0.52999997138977051,0.5,0.2372698187828064,0.0011944966390728951,0.23999999463558197,0.050000000000000003,0.054788894951343536,-0.0011388254351913929,0.05000000074505806,0,0.0010408818488940597,-7.0940586738288403e-11,0,False,3,3,2022-01-01
1590,2022-04-01,MDG,4215,MDG,2,0.70000000000000007,0.54629498720169067,0.00072936760261654854,0.55000001192092896,0.14999999999999999,0.19485437870025635,0.0011944966390728951,0.20000000298023224,0,0.051895510405302048,-0.0011388254351913929,0.05000000074505806,0,0.0010408818488940597,-7.0940586738288403e-11,0,False,2,3,2022-01-01
1591,2022-04-01,MDG,4219,MDG,2,0.70000000000000007,0.54603272676467896,0.00072936760261654854,0.55000001192092896,0.14999999999999999,0.19485437870025635,0.0011944966390728951,0.20000000298023224,0,0.051895510405302048,-0.0011388254351913929,0.05000000074505806,0,0.0010408818488940597,-7.0940586738288403e-11,0,False,2,3,2022-01-01
1659,2022-08-01,MDG,4418,MDG,3,0.75,0.48307967185974121,0.000225044772378169,0.47999998927116394,0.34999999999999998,0.16738232970237732,0.012155610136687756,0.18000000715255737,0.050000000000000003,0.044978946447372437,0.0019686918240040541,0.05000000074505806,0,0.0010408818488940597,-7.0940586738288403e-11,0,False,3,2,2022-01-01
1660,2022-08-01,MDG,4419,MDG,3,0.75,0.48314225673675537,0.000225044772378169,0.47999998927116394,0.34999999999999998,0.16738232970237732,0.012155610136687756,0.18000000715255737,0.050000000000000003,0.044978946447372437,0.0019686918240040541,0.05000000074505806,0,0.0010408818488940597,-7.0940586738288403e-11,0,False,3,2,2022-01-01
1665,2022-08-01,MDG,4445,MDG,2,0.75,0.45364195108413696,0.00017224674229510128,0.44999998807907104,0.14999999999999999,0.19057562947273254,0.012155610136687756,0.20000000298023224,0,0.044978946447372437,0.0019686918240040541,0.05000000074505806,0,0.0010408818488940597,-7.0940586738288403e-11,0,False,2,3,2022-01-01
1666,2022-08-01,MDG,4447,MDG,2,0.75,0.45364195108413696,0.00017224674229510128,0.44999998807907104,0.14999999999999999,0.19057562947273254,0.012155610136687756,0.20000000298023224,0,0.044978946447372437,0.0019686918240040541,0.05000000074505806,0,0.0010408818488940597,-7.0940586738288403e-11,0,False,2,3,2022-01-01
1668,2022-08-01,MDG,4460,MDG,3,0.69999999999999996,0.53448617458343506,5.0775157433236018e-05,0.52999997138977051,0.25,0.17518094182014465,0.012155610136687756,0.18999999761581421,0,0.044978946447372437,0.0019686918240040541,0.05000000074505806,0,0.0010408818488940597,-7.0940586738288403e-11,0,False,3,2,2022-01-01
1669,2022-08-01,MDG,4462,MDG,3,0.69999999999999996,0.53448617458343506,5.0775157433236018e-05,0.52999997138977051,0.25,0.17518094182014465,0.012155610136687756,0.18999999761581421,0,0.044978946447372437,0.0019686918240040541,0.05000000074505806,0,0.0010408818488940597,-7.0940586738288403e-11,0,False,3,2,2022-01-01
1670,2022-08-01,MDG,4464,MDG,3,0.69999999999999996,0.52593040466308594,8.1216487160418183e-05,0.52999997138977051,0.25,0.17663067579269409,0.012155610136687756,0.18999999761581421,0,0.044978946447372437,0.0019686918240040541,0.05000000074505806,0,0.0010408818488940597,-7.0940586738288403e-11,0,False,3,2,2022-01-01
1686,2022-08-01,MDG,4525,MDG,3,0.75,0.51432538032531738,0.00047446831013076007,0.50999999046325684,0.34999999999999998,0.1726229190826416,0.012155610136687756,0.18000000715255737,0.050000000000000003,0.044978946447372437,0.0019686918240040541,0.05000000074505806,0,0.0010408818488940597,-7.0940586738288403e-11,0,False,3,2,2022-01-01
1687,2022-08-01,MDG,4526,MDG,3,0.75,0.51242250204086304,0.00047446831013076007,0.50999999046325684,0.34999999999999998,0.1726229190826416,0.012155610136687756,0.18000000715255737,0.050000000000000003,0.044978946447372437,0.0019686918240040541,0.05000000074505806,0,0.0010408818488940597,-7.0940586738288403e-11,0,False,3,2,2022-01-01
983,2022-06-01,MOZ,2760,MOZ,3,0.59999999999999998,0.48065575957298279,-0.0002314894663868472,0.47999998927116394,0.25,0.21646369993686676,0.0016423435881733894,0.2199999988079071,0,0.068396367132663727,-0.00093533506151288748,0.070000000298023224,0,0.0010847224621102214,-2.8194335754960775e-11,0,False,3,3,2022-01-01
984,2022-06-01,MOZ,2761,MOZ,3,0.59999999999999998,0.51075351238250732,-9.4426031864713877e-05,0.50999999046325684,0.25,0.27041217684745789,0.0016423435881733894,0.27000001072883606,0,0.068396367132663727,-0.00093533506151288748,0.070000000298023224,0,0.0010847224621102214,-2.8194335754960775e-11,0,False,3,3,2022-01-01
985,2022-06-01,MOZ,2762,MOZ,3,0.59999999999999998,0.50997382402420044,-9.4426031864713877e-05,0.50999999046325684,0.25,0.29141157865524292,0.0016423435881733894,0.28999999165534973,0,0.068396367132663727,-0.00093533506151288748,0.070000000298023224,0,0.0010847224621102214,-2.8194335754960775e-11,0,False,3,3,2022-01-01
1107,2022-10-01,MOZ,2888,MOZ,2,0.65000000000000002,0.47913330793380737,-1.7134314475697465e-05,0.47999998927116394,0.15000000000000002,0.17094926536083221,-0.0016324580647051334,0.17000000178813934,0.050000000000000003,0.061486650258302689,-0.0018109844531863928,0.059999998658895493,0,0.0010847224621102214,-2.8194335754960775e-11,0,False,2,2,2022-01-01
1112,2022-10-01,MOZ,2889,MOZ,2,0.34999999999999998,0.51142364740371704,0.00014938223466742784,0.50999999046325684,0.050000000000000003,0.212696373462677,-0.0016324580647051334,0.20999999344348907,0,0.061486650258302689,-0.0018109844531863928,0.059999998658895493,0,0.0010847224621102214,-2.8194335754960775e-11,0,False,2,3,2022-01-01
1113,2022-10-01,MOZ,2890,MOZ,2,0.34999999999999998,0.50291359424591064,3.7420275475597009e-05,0.5,0.050000000000000003,0.21399609744548798,-0.0016324580647051334,0.20999999344348907,0,0.061486650258302689,-0.0018109844531863928,0.059999998658895493,0,0.0010847224621102214,-2.8194335754960775e-11,0,False,2,3,2022-01-01
1114,2022-10-01,MOZ,2891,MOZ,2,0.34999999999999998,0.5065619945526123,3.7420275475597009e-05,0.50999999046325684,0.050000000000000003,0.21663710474967957,-0.0016324580647051334,0.2199999988079071,0,0.061486650258302689,-0.0018109844531863928,0.059999998658895493,0,0.0010847224621102214,-2.8194335754960775e-11,0,False,2,3,2022-01-01
1124,2022-10-01,MOZ,2899,MOZ,2,0.65000000000000002,0.38872185349464417,-6.6594431700650603e-05,0.38999998569488525,0.14999999999999999,0.18423742055892944,-0.0016324580647051334,0.18000000715255737,0,0.062083717435598373,-0.0018109844531863928,0.059999998658895493,0,0.0010847224621102214,-2.8194335754960775e-11,0,False,2,2,2022-01-01
1128,2022-10-01,MOZ,2903,MOZ,2,0.65000000000000002,0.45858222246170044,0.00028024418861605227,0.46000000834465027,0.14999999999999999,0.18862119317054749,-0.0016324580647051334,0.18999999761581421,0,0.062947966158390045,-0.0018109844531863928,0.059999998658895493,0,0.0010847224621102214,-2.8194335754960775e-11,0,False,2,2,2022-01-01
1131,2022-10-01,MOZ,2911,MOZ,3,0.80000000000000004,0.49985918402671814,0.00013918773038312793,0.5,0.39999999999999997,0.21448668837547302,-0.0016324580647051334,0.20999999344348907,0.050000000000000003,0.058869712054729462,-0.0018109844531863928,0.059999998658895493,0,0.0010847224621102214,-2.8194335754960775e-11,0,False,3,3,2022-01-01
1145,2022-10-01,MOZ,2919,MOZ,3,0.65000000000000002,0.53232645988464355,-0.00015371281187981367,0.52999997138977051,0.20000000000000001,0.22189904749393463,-0.0016324580647051334,0.2199999988079071,0.050000000000000003,0.061486650258302689,-0.0018109844531863928,0.059999998658895493,0,0.0010847224621102214,-2.8194335754960775e-11,0,False,3,3,2022-01-01
1146,2022-10-01,MOZ,2921,MOZ,3,0.65000000000000002,0.51075315475463867,-2.5330760763608851e-05,0.50999999046325684,0.20000000000000001,0.2075946033000946,-0.0016324580647051334,0.20999999344348907,0.050000000000000003,0.061486650258302689,-0.0018109844531863928,0.059999998658895493,0,0.0010847224621102214,-2.8194335754960775e-11,0,False,3,3,2022-01-01
1148,2022-10-01,MOZ,2922,MOZ,3,0.84999999999999998,0.560039222240448,0.00015758437803015113,0.56000000238418579,0.5,0.23762395977973938,-0.0016324580647051334,0.23999999463558197,0.14999999999999999,0.062047667801380157,-0.0018109844531863928,0.059999998658895493,0,0.0010847224621102214,-2.8194335754960775e-11,0,False,3,3,2022-01-01
1150,2022-10-01,MOZ,2923,MOZ,3,0.84999999999999998,0.53353053331375122,0.00015758437803015113,0.52999997138977051,0.5,0.24793806672096252,-0.0016324580647051334,0.25,0.14999999999999999,0.062047667801380157,-0.0018109844531863928,0.059999998658895493,0,0.0010847224621102214,-2.8194335754960775e-11,0,False,3,3,2022-01-01
1151,2022-10-01,MOZ,2926,MOZ,3,0.80000000000000004,0.50573539733886719,-8.8754386524669826e-06,0.50999999046325684,0.39999999999999997,0.21079923212528229,-0.0016324580647051334,0.20999999344348907,0.050000000000000003,0.056318987160921097,-0.0018109844531863928,0.05000000074505806,0,0.0010847224621102214,-2.8194335754960775e-11,0,False,3,3,2022-01-01
1152,2022-10-01,MOZ,2929,MOZ,3,0.80000000000000004,0.50560307502746582,-8.8754386524669826e-06,0.50999999046325684,0.39999999999999997,0.21079923212528229,-0.0016324580647051334,0.20999999344348907,0.050000000000000003,0.056318987160921097,-0.0018109844531863928,0.05000000074505806,0,0.0010847224621102214,-2.8194335754960775e-11,0,False,3,3,2022-01-01
1154,2022-10-01,MOZ,2933,MOZ,3,0.80000000000000004,0.4983113706111908,8.8066357420757413e-05,0.5,0.39999999999999997,0.18755269050598145,-0.0016324580647051334,0.18999999761581421,0.050000000000000003,0.063994742929935455,-0.0018109844531863928,0.059999998658895493,0,0.0010847224621102214,-2.8194335754960775e-11,0,False,3,2,2022-01-01
915,2022-10-01,MWI,2621,MWI,2,0.5,0.57627320289611816,0.00029451347654685378,0.57999998331069946,0.10000000000000001,0.21041519939899445,-0.0018937335116788745,0.20999999344348907,0,0.061533913016319275,0.0026717353612184525,0.059999998658895493,0,0.0011077522067353129,1.2732925824820995e-11,0,False,2,3,2022-01-01
921,2022-10-01,MWI,2631,MWI,2,0.30000000000000004,0.55908948183059692,0.00028214525082148612,0.56000000238418579,0.029999999999999999,0.18857096135616302,-0.0018937335116788745,0.18999999761581421,0,0.061533913016319275,0.0026717353612184525,0.059999998658895493,0,0.0011077522067353129,1.2732925824820995e-11,0,False,2,2,2022-01-01
1760,2022-07-01,PAK,4755,PAK,3,0.65000000000000013,0.73614722490310669,0.00010373839177191257,0.74000000953674316,0.25,0.30907085537910461,-0.0031964238733053207,0.31000000238418579,0.050000000000000003,0.092962376773357391,-0.0016045094234868884,0.090000003576278687,0,0.0010962274391204119,-1.4006218407303095e-10,0,False,3,3,2022-01-01
1770,2022-07-01,PAK,4812,PAK,3,0.60000000000000009,0.76631331443786621,-9.8989214166067541e-05,0.76999998092651367,0.29999999999999999,0.37010851502418518,-0.0031964238733053207,0.37000000476837158,0.050000000000000003,0.092897675931453705,-0.0016045094234868884,0.090000003576278687,0,0.0010962274391204119,-1.4006218407303095e-10,0,False,3,3,2022-01-01
1771,2022-07-01,PAK,4815,PAK,3,0.60000000000000009,0.75850224494934082,4.1257419070461765e-05,0.75999999046325684,0.25,0.37068161368370056,0.0013788241194561124,0.37000000476837158,0.050000000000000003,0.092897675931453705,0.00070461723953485489,0.090000003576278687,0,0.0010962274391204119,-1.4006218407303095e-10,0,False,3,3,2022-01-01
1781,2022-07-01,PAK,4889,PAK,3,0.65000000000000002,0.75025928020477295,0.00026896601775661111,0.75,0.30000000000000004,0.33156079053878784,0.0013788241194561124,0.33000001311302185,0.10000000000000001,0.092962376773357391,0.00070461723953485489,0.090000003576278687,0,0.0010962274391204119,-1.4006218407303095e-10,0,False,3,3,2022-01-01
1784,2022-07-01,PAK,4909,PAK,3,0.75,0.74941533803939819,0.0006731030298396945,0.75,0.40000000000000002,0.3254295289516449,0.0013788241194561124,0.33000001311302185,0.14999999999999999,0.084212601184844971,0.00070461723953485489,0.079999998211860657,0,0.0010962274391204119,-1.4006218407303095e-10,0,False,3,3,2022-01-01
1787,2022-07-01,PAK,4924,PAK,3,0.59999999999999998,0.73350262641906738,0.00033451939816586673,0.73000001907348633,0.30000000000000004,0.33750244975090027,-0.001433553290553391,0.34000000357627869,0.10000000000000001,0.084628507494926453,0.00070461723953485489,0.090000003576278687,0,0.0010962274391204119,-1.4006218407303095e-10,0,False,3,3,2022-01-01
1788,2022-07-01,PAK,4925,PAK,2,0.65000000000000002,0.6790924072265625,-5.5087108194129542e-05,0.68000000715255737,0.15000000000000002,0.32969686388969421,-0.0031964238733053207,0.33000001311302185,0.050000000000000003,0.084342628717422485,-0.0016045094234868884,0.079999998211860657,0,0.0010962274391204119,-1.4006218407303095e-10,0,False,2,3,2022-01-01
1792,2022-07-01,PAK,4946,PAK,3,0.59999999999999998,0.67788183689117432,0.00015140142932068557,0.68000000715255737,0.30000000000000004,0.40025120973587036,-0.001433553290553391,0.40000000596046448,0.10000000000000001,0.084628507494926453,0.00070461723953485489,0.090000003576278687,0,0.0010962274391204119,-1.4006218407303095e-10,0,False,3,3,2022-01-01
1794,2022-07-01,PAK,4958,PAK,2,0.5,0.70103907585144043,-0.00037204139516688883,0.69999998807907104,0.14999999999999999,0.33630597591400146,-0.0031964238733053207,0.33000001311302185,0,0.083917625248432159,-0.0016045094234868884,0.079999998211860657,0,0.0010962274391204119,-1.4006218407303095e-10,0,False,2,3,2022-01-01
1808,2022-07-01,PAK,5054,PAK,3,0.69999999999999996,0.72318387031555176,-8.5790365119464695e-05,0.72000002861022949,0.40000000000000002,0.35861515998840332,-0.006529015488922596,0.34999999403953552,0.10000000000000001,0.086408153176307678,-0.00071283185388892889,0.090000003576278687,0,0.0010962274391204119,-1.4006218407303095e-10,0,False,3,3,2022-01-01
1809,2022-07-01,PAK,5059,PAK,3,0.60000000000000009,0.62584108114242554,0.00018205396190751344,0.62999999523162842,0.29999999999999999,0.33482509851455688,-0.006529015488922596,0.33000001311302185,0.050000000000000003,0.085900820791721344,-0.0016045094234868884,0.079999998211860657,0,0.0010962274391204119,-1.4006218407303095e-10,0,False,3,3,2022-01-01
1814,2022-07-01,PAK,5099,PAK,3,0.60000000000000009,0.69395339488983154,-0.00024626025697216392,0.68999999761581421,0.29999999999999999,0.33330470323562622,-0.006529015488922596,0.33000001311302185,0.050000000000000003,0.083760872483253479,-0.0016045094234868884,0.079999998211860657,0,0.0010962274391204119,-1.4006218407303095e-10,0,False,3,3,2022-01-01
1826,2022-03-01,PAK,5188,PAK,3,0.90000000000000002,0.57560557126998901,-0.00067303230753168464,0.56999999284744263,0.5,0.37825694680213928,-0.0056366799399256706,0.37000000476837158,0.14999999999999999,0.098812751471996307,0.00070461723953485489,0.10000000149011612,0,0.0010962274391204119,-1.4006218407303095e-10,0,False,3,3,2022-01-01
1826,2022-07-01,PAK,5189,PAK,3,0.60000000000000009,0.65194797515869141,0.00016313996457029134,0.64999997615814209,0.29999999999999999,0.43271642923355103,-0.0019537659827619791,0.43000000715255737,0.050000000000000003,0.089089162647724152,0.00070461723953485489,0.090000003576278687,0,0.0010962274391204119,-1.4006218407303095e-10,0,False,3,3,2022-01-01
1826,2022-09-01,PAK,5190,PAK,3,0.84999999999999998,0.66318243741989136,-5.3924824896967039e-05,0.6600000262260437,0.44999999999999996,0.40200960636138916,-0.0017080112593248487,0.40000000596046448,0.14999999999999999,0.11076489090919495,-0.0016045094234868884,0.10999999940395355,0,0.0010962274391204119,-1.4006218407303095e-10,0,False,3,3,2022-01-01
1827,2022-03-01,PAK,5199,PAK,3,0.90000000000000002,0.57811737060546875,-0.00067303230753168464,0.57999998331069946,0.5,0.37825694680213928,-0.0056366799399256706,0.37000000476837158,0.14999999999999999,0.098812751471996307,0.00070461723953485489,0.10000000149011612,0,0.0010962274391204119,-1.4006218407303095e-10,0,False,3,3,2022-01-01
1827,2022-07-01,PAK,5200,PAK,3,0.60000000000000009,0.65695327520370483,0.00016313996457029134,0.6600000262260437,0.29999999999999999,0.43271642923355103,-0.0019537659827619791,0.43000000715255737,0.050000000000000003,0.089089162647724152,0.00070461723953485489,0.090000003576278687,0,0.0010962274391204119,-1.4006218407303095e-10,0,False,3,3,2022-01-01
1827,2022-09-01,PAK,5201,PAK,3,0.84999999999999998,0.66028428077697754,-5.3924824896967039e-05,0.6600000262260437,0.44999999999999996,0.40200960636138916,-0.0017080112593248487,0.40000000596046448,0.14999999999999999,0.11076489090919495,-0.0016045094234868884,0.10999999940395355,0,0.0010962274391204119,-1.4006218407303095e-10,0,False,3,3,2022-01-01
1835,2022-03-01,PAK,5260,PAK,3,0.79999999999999993,0.65257149934768677,-0.00040370921487919986,0.64999997615814209,0.40000000000000002,0.38586926460266113,-0.0068793362006545067,0.37999999523162842,0.10000000000000001,0.082321904599666595,-0.00071283185388892889,0.079999998211860657,0,0.0010962274391204119,-1.4006218407303095e-10,0,False,3,3,2022-01-01
1835,2022-07-01,PAK,5261,PAK,3,0.65000000000000013,0.74510520696640015,6.4565829234197736e-05,0.75,0.25,0.44586533308029175,-0.0019537659827619791,0.43999999761581421,0.050000000000000003,0.083945557475090027,0.00070461723953485489,0.079999998211860657,0,0.0010962274391204119,-1.4006218407303095e-10,0,False,3,3,2022-01-01
1835,2022-09-01,PAK,5262,PAK,3,0.75,0.74870091676712036,-9.28066874621436e-05,0.75,0.25,0.42502099275588989,-0.0017080112593248487,0.41999998688697815,0.050000000000000003,0.098284453153610229,-0.0016045094234868884,0.10000000149011612,0,0.0010962274391204119,-1.4006218407303095e-10,0,False,3,3,2022-01-01
1836,2022-03-01,PAK,5271,PAK,3,0.79999999999999993,0.65243339538574219,-0.00077151576988399029,0.64999997615814209,0.40000000000000002,0.37189874053001404,-0.0068793362006545067,0.37000000476837158,0.10000000000000001,0.082321904599666595,-0.00071283185388892889,0.079999998211860657,0,0.0010962274391204119,-1.4006218407303095e-10,0,False,3,3,2022-01-01
1836,2022-07-01,PAK,5272,PAK,3,0.65000000000000013,0.74307727813720703,6.4565829234197736e-05,0.74000000953674316,0.25,0.43189480900764465,-0.0019537659827619791,0.43000000715255737,0.050000000000000003,0.083945557475090027,0.00070461723953485489,0.079999998211860657,0,0.0010962274391204119,-1.4006218407303095e-10,0,False,3,3,2022-01-01
1836,2022-09-01,PAK,5273,PAK,3,0.75,0.75380218029022217,-9.28066874621436e-05,0.75,0.25,0.4110504686832428,-0.0017080112593248487,0.40999999642372131,0.050000000000000003,0.098284453153610229,-0.0016045094234868884,0.10000000149011612,0,0.0010962274391204119,-1.4006218407303095e-10,0,False,3,3,2022-01-01
1845,2022-09-01,PAK,5333,PAK,3,0.75,0.75910431146621704,0.0014891454484313726,0.75999999046325684,0.25,0.4331834614276886,0.0016245784936472774,0.43000000715255737,0.050000000000000003,0.09863504022359848,-0.0016045094234868884,0.10000000149011612,0,0.0010962274391204119,-1.4006218407303095e-10,0,False,3,3,2022-01-01
1846,2022-09-01,PAK,5336,PAK,3,0.75,0.75790351629257202,0.0014891454484313726,0.75999999046325684,0.25,0.4331834614276886,0.0016245784936472774,0.43000000715255737,0.050000000000000003,0.09863504022359848,-0.0016045094234868884,0.10000000149011612,0,0.0010962274391204119,-1.4006218407303095e-10,0,False,3,3,2022-01-01
1865,2022-03-01,PAK,5477,PAK,3,0.79999999999999993,0.58144950866699219,0.00041766927461139858,0.57999998331069946,0.44999999999999996,0.37866726517677307,-0.0068793362006545067,0.37000000476837158,0.14999999999999999,0.10214224457740784,-0.0016045094234868884,0.10000000149011612,0,0.0010962274391204119,-1.4006218407303095e-10,0,False,3,3,2022-01-01
1865,2022-07-01,PAK,5478,PAK,3,0.65000000000000013,0.74857139587402344,0.00077788642374798656,0.75,0.25,0.39658388495445251,0.0051531638018786907,0.40000000596046448,0.050000000000000003,0.10214224457740784,-0.00071283185388892889,0.10000000149011612,0,0.0010962274391204119,-1.4006218407303095e-10,0,False,3,3,2022-01-01
1865,2022-09-01,PAK,5479,PAK,3,0.79999999999999993,0.74443793296813965,0.0001579776726430282,0.74000000953674316,0.44999999999999996,0.37698119878768921,-0.00189831608440727,0.37999999523162842,0.10000000000000001,0.10681984573602676,-0.0016045094234868884,0.10999999940395355,0,0.0010962274391204119,-1.4006218407303095e-10,0,False,3,3,2022-01-01
1866,2022-03-01,PAK,5487,PAK,3,0.79999999999999993,0.57610225677490234,0.00041766927461139858,0.57999998331069946,0.44999999999999996,0.37866726517677307,-0.0068793362006545067,0.37000000476837158,0.14999999999999999,0.10214224457740784,-0.0016045094234868884,0.10000000149011612,0,0.0010962274391204119,-1.4006218407303095e-10,0,False,3,3,2022-01-01
1866,2022-07-01,PAK,5488,PAK,3,0.65000000000000013,0.73896610736846924,0.00077788642374798656,0.74000000953674316,0.25,0.39658388495445251,0.0051531638018786907,0.40000000596046448,0.050000000000000003,0.10214224457740784,-0.00071283185388892889,0.10000000149011612,0,0.0010962274391204119,-1.4006218407303095e-10,0,False,3,3,2022-01-01
1866,2022-09-01,PAK,5489,PAK,3,0.79999999999999993,0.73276650905609131,-5.4631145758321509e-05,0.73000001907348633,0.44999999999999996,0.37698119878768921,-0.00189831608440727,0.37999999523162842,0.10000000000000001,0.10681984573602676,-0.0016045094234868884,0.10999999940395355,0,0.0010962274391204119,-1.4006218407303095e-10,0,False,3,3,2022-01-01
1871,2022-09-01,PAK,5530,PAK,3,0.75,0.73319029808044434,0.00027485709870234132,0.73000001907348633,0.34999999999999998,0.38550636172294617,-0.00189831608440727,0.37999999523162842,0.10000000000000001,0.12426245957612991,-0.0016045094234868884,0.11999999731779099,0,0.0010962274391204119,-1.4006218407303095e-10,0,False,3,3,2022-01-01
1872,2022-09-01,PAK,5535,PAK,3,0.75,0.73203980922698975,-0.00026064869598485529,0.73000001907348633,0.34999999999999998,0.38021957874298096,-0.00189831608440727,0.37999999523162842,0.10000000000000001,0.12426245957612991,-0.0016045094234868884,0.11999999731779099,0,0.0010962274391204119,-1.4006218407303095e-10,0,False,3,3,2022-01-01
1875,2022-03-01,PAK,5561,PAK,3,0.79999999999999993,0.64536410570144653,0.00076422264100983739,0.64999997615814209,0.44999999999999996,0.38624337315559387,-0.0068793362006545067,0.37999999523162842,0.10000000000000001,0.11958484351634979,-0.0016045094234868884,0.11999999731779099,0,0.0010962274391204119,-1.4006218407303095e-10,0,False,3,3,2022-01-01
1875,2022-07-01,PAK,5562,PAK,3,0.65000000000000002,0.7609940767288208,0.00058738247025758028,0.75999999046325684,0.25,0.40733486413955688,0.0051531638018786907,0.40999999642372131,0.10000000000000001,0.11676428467035294,-0.00071283185388892889,0.11999999731779099,0,0.0010962274391204119,-1.4006218407303095e-10,0,False,3,3,2022-01-01
1875,2022-09-01,PAK,5563,PAK,3,0.75,0.71535718441009521,5.1609429647214711e-05,0.72000002861022949,0.34999999999999998,0.38831996917724609,-0.00189831608440727,0.38999998569488525,0.10000000000000001,0.12426245957612991,-0.0016045094234868884,0.11999999731779099,0,0.0010962274391204119,-1.4006218407303095e-10,0,False,3,3,2022-01-01
1876,2022-03-01,PAK,5572,PAK,3,0.79999999999999993,0.64486885070800781,0.00076422264100983739,0.64999997615814209,0.44999999999999996,0.38095659017562866,-0.0068793362006545067,0.37000000476837158,0.10000000000000001,0.11958484351634979,-0.0016045094234868884,0.11999999731779099,0,0.0010962274391204119,-1.4006218407303095e-10,0,False,3,3,2022-01-01
1876,2022-07-01,PAK,5573,PAK,3,0.65000000000000002,0.76088452339172363,0.00058738247025758028,0.75999999046325684,0.25,0.40204808115959167,0.0051531638018786907,0.40999999642372131,0.10000000000000001,0.11676428467035294,-0.00071283185388892889,0.11999999731779099,0,0.0010962274391204119,-1.4006218407303095e-10,0,False,3,3,2022-01-01
1876,2022-09-01,PAK,5574,PAK,3,0.75,0.71517455577850342,5.1609429647214711e-05,0.72000002861022949,0.34999999999999998,0.38303318619728088,-0.00189831608440727,0.37999999523162842,0.10000000000000001,0.12426245957612991,-0.0016045094234868884,0.11999999731779099,0,0.0010962274391204119,-1.4006218407303095e-10,0,False,3,3,2022-01-01
793,2022-02-01,SDN,2379,SDN,3,0.74999999999999989,0.64319294691085815,-7.404894131468609e-05,0.63999998569488525,0.40000000000000002,0.47384509444236755,0.010843245312571526,0.47999998927116394,0.10000000000000001,0.098972916603088379,0.0080584380775690079,0.10999999940395355,0,0.0010740335565060377,7.4578565545380116e-11,0,False,3,3,2022-01-01
825,2022-04-01,SDN,2461,SDN,3,0.70000000000000007,0.77790206670761108,-0.00031384502653963864,0.77999997138977051,0.30000000000000004,0.4487612247467041,0.005524415522813797,0.44999998807907104,0.10000000000000001,0.12915666401386261,0.0070672151632606983,0.14000000059604645,0,0.0010740335565060377,7.4578565545380116e-11,0,False,3,3,2022-01-01
828,2022-04-01,SDN,2464,SDN,3,0.45000000000000001,0.76534610986709595,0.00043920238385908306,0.76999998092651367,0.20000000000000001,0.5574800968170166,0.0090747419744729996,0.56999999284744263,0.050000000000000003,0.11798329651355743,0.0070672151632606983,0.12999999523162842,0,0.0010740335565060377,7.4578565545380116e-11,0,False,3,3,2022-01-01
829,2022-04-01,SDN,2467,SDN,3,0.45000000000000001,0.76551401615142822,0.00043920238385908306,0.76999998092651367,0.20000000000000001,0.5574800968170166,0.0090747419744729996,0.56999999284744263,0.050000000000000003,0.11798329651355743,0.0070672151632606983,0.12999999523162842,0,0.0010740335565060377,7.4578565545380116e-11,0,False,3,3,2022-01-01
45,2022-03-01,SLV,131,SLV,3,0.65000000000000002,0.63549602031707764,-8.7143765995278955e-05,0.63999998569488525,0.25,0.24111603200435638,-0.0095642954111099243,0.23000000417232513,0.029999999999999999,0.063383303582668304,-0.0017231068341061473,0.059999998658895493,0,0.0011349599808454514,3.637978807091713e-11,0,False,3,3,2022-01-01
47,2022-03-01,SLV,150,SLV,3,0.65000000000000002,0.64556884765625,0.00014741696941200644,0.64999997615814209,0.25,0.244895339012146,-0.006432174239307642,0.23999999463558197,0.029999999999999999,0.063383303582668304,-0.0017231068341061473,0.059999998658895493,0,0.0011349599808454514,3.637978807091713e-11,0,False,3,3,2022-01-01
50,2022-03-01,SLV,186,SLV,3,0.65000000000000002,0.62657344341278076,0.00030716336914338171,0.62999999523162842,0.25,0.24872633814811707,-0.006432174239307642,0.23999999463558197,0.029999999999999999,0.063383303582668304,-0.0017231068341061473,0.059999998658895493,0,0.0011349599808454514,3.637978807091713e-11,0,False,3,3,2022-01-01
54,2022-03-01,SLV,212,SLV,3,0.65000000000000002,0.64908283948898315,-0.00011533465294633061,0.64999997615814209,0.25,0.26202592253684998,-0.0073777921497821808,0.25,0.029999999999999999,0.064909286797046661,0.00080485740909352899,0.070000000298023224,0,0.0011349599808454514,3.637978807091713e-11,0,False,3,3,2022-01-01
57,2022-03-01,SLV,251,SLV,2,0.44999999999999996,0.60148167610168457,6.6962616074306425e-06,0.60000002384185791,0.14999999999999999,0.25959566235542297,-0.0055875550024211407,0.25,0,0.067649222910404205,0.00080485740909352899,0.070000000298023224,0,0.0011349599808454514,3.637978807091713e-11,0,False,2,3,2022-01-01
60,2022-03-01,SLV,289,SLV,2,0.44999999999999996,0.63230472803115845,-0.00020276237046346068,0.62999999523162842,0.14999999999999999,0.2278827577829361,-0.012750815600156784,0.2199999988079071,0,0.063383303582668304,0.00080485740909352899,0.059999998658895493,0,0.0011349599808454514,3.637978807091713e-11,0,False,2,3,2022-01-01
63,2022-03-01,SLV,304,SLV,3,0.65000000000000002,0.62322872877120972,0.00040239319787360728,0.62000000476837158,0.25,0.2728421688079834,-0.0065710819326341152,0.27000001072883606,0.029999999999999999,0.064909286797046661,0.00080485740909352899,0.070000000298023224,0,0.0011349599808454514,3.637978807091713e-11,0,False,3,3,2022-01-01
65,2022-03-01,SLV,323,SLV,2,0.44999999999999996,0.65307611227035522,0.00017092676716856658,0.64999997615814209,0.14999999999999999,0.22487996518611908,-0.004780846182256937,0.2199999988079071,0,0.063383303582668304,0.00080485740909352899,0.059999998658895493,0,0.0011349599808454514,3.637978807091713e-11,0,False,2,3,2022-01-01
66,2022-03-01,SLV,338,SLV,2,0.44999999999999996,0.6548081636428833,4.1926447011064738e-05,0.64999997615814209,0.14999999999999999,0.23057043552398682,-0.004780846182256937,0.23000000417232513,0,0.063383303582668304,0.00080485740909352899,0.059999998658895493,0,0.0011349599808454514,3.637978807091713e-11,0,False,2,3,2022-01-01
72,2022-03-01,SLV,402,SLV,2,0.44999999999999996,0.60687649250030518,0.00036467149038799107,0.61000001430511475,0.14999999999999999,0.25434011220932007,-0.0065710819326341152,0.25,0,0.063383303582668304,0.00080485740909352899,0.059999998658895493,0,0.0011349599808454514,3.637978807091713e-11,0,False,2,3,2022-01-01
73,2022-03-01,SLV,415,SLV,2,0.44999999999999996,0.60770368576049805,-6.9913389779685531e-06,0.61000001430511475,0.14999999999999999,0.23934805393218994,-0.0065710819326341152,0.23000000417232513,0,0.063383303582668304,0.00080485740909352899,0.059999998658895493,0,0.0011349599808454514,3.637978807091713e-11,0,False,2,3,2022-01-01
77,2022-03-01,SLV,450,SLV,2,0.44999999999999996,0.63822293281555176,0.00012713376781903207,0.63999998569488525,0.14999999999999999,0.24208973348140717,-0.0065710819326341152,0.23999999463558197,0,0.065590672194957733,0.00080485740909352899,0.070000000298023224,0,0.0011349599808454514,3.637978807091713e-11,0,False,2,3,2022-01-01
1182,2022-01-01,SOM,3020,SOM,3,0.46999999999999997,0.49380451440811157,-0.00027403715648688376,0.49000000953674316,0.23000000000000001,0.207799032330513,-0.0060085449367761612,0.20000000298023224,0.040000000000000001,0.06092420220375061,0.00028687989106401801,0.059999998658895493,0,0.0012886881595477462,-3.637978807091713e-12,0,False,3,3,2022-01-01
1182,2022-05-01,SOM,3021,SOM,3,0.67000000000000004,0.54878425598144531,-0.00021947755885776132,0.55000001192092896,0.41000000000000003,0.19009612500667572,-0.0012997430749237537,0.18999999761581421,0.13,0.063434191048145294,-0.0013137019705027342,0.059999998658895493,0,0.0012886881595477462,-3.637978807091713e-12,0,False,3,2,2022-01-01
1182,2022-10-01,SOM,3022,SOM,1,0.15000000000000002,0.50682181119918823,-0.00046210744767449796,0.50999999046325684,0.050000000000000003,0.24798260629177094,-0.0066626798361539841,0.23999999463558197,0,0.070453599095344543,-0.0013137019705027342,0.070000000298023224,0,0.0012886881595477462,-3.637978807091713e-12,0,False,1,3,2022-01-01
1183,2022-01-01,SOM,3028,SOM,2,0.40000000000000002,0.59958803653717041,0.00013960417709313333,0.60000002384185791,0.13,0.27513441443443298,-0.0024038697592914104,0.27000001072883606,0,0.066374823451042175,0.00028687989106401801,0.070000000298023224,0,0.0012886881595477462,-3.637978807091713e-12,0,False,2,3,2022-01-01
1183,2022-02-01,SOM,3029,SOM,3,0.69999999999999996,0.59970241785049438,0.0001061493021552451,0.60000002384185791,0.34999999999999998,0.27165520191192627,0.0071742888540029526,0.2800000011920929,0.10000000000000001,0.066374823451042175,0.00028687989106401801,0.070000000298023224,0,0.0012886881595477462,-3.637978807091713e-12,0,False,3,3,2022-01-01
1184,2022-01-01,SOM,3035,SOM,2,0.40000000000000002,0.59652864933013916,0.00024191055854316801,0.60000002384185791,0.13,0.27513441443443298,-0.0024038697592914104,0.27000001072883606,0,0.066374823451042175,0.00028687989106401801,0.070000000298023224,0,0.0012886881595477462,-3.637978807091713e-12,0,False,2,3,2022-01-01
1184,2022-02-01,SOM,3036,SOM,3,0.69999999999999996,0.59721654653549194,0.00020845577819272876,0.60000002384185791,0.34999999999999998,0.27165520191192627,0.0071742888540029526,0.2800000011920929,0.10000000000000001,0.066374823451042175,0.00028687989106401801,0.070000000298023224,0,0.0012886881595477462,-3.637978807091713e-12,0,False,3,3,2022-01-01
1188,2022-01-01,SOM,3048,SOM,2,0.40000000000000002,0.52738118171691895,-0.00033104445901699364,0.52999997138977051,0.13,0.22283162176609039,-0.0048988587222993374,0.2199999988079071,0,0.064091131091117859,0.00028687989106401801,0.059999998658895493,0,0.0012886881595477462,-3.637978807091713e-12,0,False,2,3,2022-01-01
1188,2022-02-01,SOM,3049,SOM,3,0.69999999999999996,0.5173485279083252,-0.00013103053788654506,0.51999998092651367,0.34999999999999998,0.23417045176029205,0.0046792994253337383,0.23999999463558197,0.10000000000000001,0.067098110914230347,0.00028687989106401801,0.070000000298023224,0,0.0012886881595477462,-3.637978807091713e-12,0,False,3,3,2022-01-01
1188,2022-05-01,SOM,3050,SOM,3,0.73999999999999999,0.58030140399932861,-0.00034150757710449398,0.57999998331069946,0.44,0.1915295273065567,0.0028383894823491573,0.18999999761581421,0.13,0.06891825795173645,0.00028687989106401801,0.070000000298023224,0,0.0012886881595477462,-3.637978807091713e-12,0,False,3,2,2022-01-01
1188,2022-07-01,SOM,3051,SOM,3,0.5,0.4906313419342041,0.00011958121467614546,0.49000000953674316,0.29999999999999999,0.24941377341747284,-0.0077477605082094669,0.23999999463558197,0.050000000000000003,0.096372067928314209,0.0039580096490681171,0.10000000149011612,0,0.0012886881595477462,-3.637978807091713e-12,0,False,3,3,2022-01-01
1189,2022-01-01,SOM,3058,SOM,2,0.40000000000000002,0.59912800788879395,0.00053888658294454217,0.60000002384185791,0.13,0.27659448981285095,-0.00036296871257945895,0.2800000011920929,0,0.066374823451042175,0.00028687989106401801,0.070000000298023224,0,0.0012886881595477462,-3.637978807091713e-12,0,False,2,3,2022-01-01
1189,2022-02-01,SOM,3059,SOM,3,0.69999999999999996,0.59755390882492065,0.00025354709941893816,0.60000002384185791,0.34999999999999998,0.28857579827308655,0.012348275631666183,0.30000001192092896,0.10000000000000001,0.068884804844856262,0.00028687989106401801,0.070000000298023224,0,0.0012886881595477462,-3.637978807091713e-12,0,False,3,3,2022-01-01
1189,2022-10-01,SOM,3060,SOM,2,0.34999999999999998,0.64477658271789551,0.00064537487924098969,0.64999997615814209,0.14999999999999999,0.30615213513374329,-0.0066626798361539841,0.30000001192092896,0,0.07074960321187973,0.00028687989106401801,0.070000000298023224,0,0.0012886881595477462,-3.637978807091713e-12,0,False,2,3,2022-01-01
1190,2022-01-01,SOM,3069,SOM,3,0.46999999999999997,0.50062525272369385,-0.00055478658759966493,0.5,0.23000000000000001,0.22865112125873566,-0.0085035338997840881,0.2199999988079071,0.040000000000000001,0.062533386051654816,0.00028687989106401801,0.059999998658895493,0,0.0012886881595477462,-3.637978807091713e-12,0,False,3,3,2022-01-01
1190,2022-05-01,SOM,3070,SOM,3,0.67000000000000004,0.55625295639038086,-0.00013149611186236143,0.56000000238418579,0.41000000000000003,0.20195768773555756,-0.003794732503592968,0.20000000298023224,0.13,0.065043345093727112,0.00028687989106401801,0.070000000298023224,0,0.0012886881595477462,-3.637978807091713e-12,0,False,3,3,2022-01-01
1190,2022-07-01,SOM,3071,SOM,2,0.35000000000000003,0.57006990909576416,-0.00032660388387739658,0.56999999284744263,0.15000000000000002,0.19512145221233368,-0.014782215468585491,0.18000000715255737,0.050000000000000003,0.094233959913253784,0.0039580096490681171,0.10000000149011612,0,0.0012886881595477462,-3.637978807091713e-12,0,False,2,2,2022-01-01
1190,2022-10-01,SOM,3072,SOM,2,0.35000000000000003,0.51688039302825928,-0.00029851373983547091,0.51999998092651367,0.15000000000000002,0.26486259698867798,-0.019171053543686867,0.25,0.050000000000000003,0.081297323107719421,0.00028687989106401801,0.079999998211860657,0,0.0012886881595477462,-3.637978807091713e-12,0,False,2,3,2022-01-01
1195,2022-01-01,SOM,3089,SOM,3,0.46999999999999997,0.48441869020462036,-0.00062295712996274233,0.47999998927116394,0.23000000000000001,0.19318841397762299,-0.0060085449367761612,0.18999999761581421,0.040000000000000001,0.053329318761825562,-0.0013137019705027342,0.05000000074505806,0,0.0012886881595477462,-3.637978807091713e-12,0,False,3,2,2022-01-01
1195,2022-05-01,SOM,3090,SOM,3,0.67000000000000004,0.54814964532852173,-8.9590444986242801e-05,0.55000001192092896,0.41000000000000003,0.18997927010059357,-0.0012997430749237537,0.18999999761581421,0.13,0.062150225043296814,-0.0013137019705027342,0.059999998658895493,0,0.0012886881595477462,-3.637978807091713e-12,0,False,3,2,2022-01-01
1195,2022-07-01,SOM,3091,SOM,2,0.35000000000000003,0.53889518976211548,-4.703805097960867e-05,0.54000002145767212,0.15000000000000002,0.22645334899425507,-0.01228722557425499,0.20999999344348907,0.050000000000000003,0.091340824961662292,0.0023574302904307842,0.090000003576278687,0,0.0012886881595477462,-3.637978807091713e-12,0,False,2,3,2022-01-01
1195,2022-10-01,SOM,3092,SOM,2,0.35000000000000003,0.52540129423141479,-0.0006777125527150929,0.51999998092651367,0.15000000000000002,0.24958063662052155,-0.018606686964631081,0.23000000417232513,0.050000000000000003,0.078984305262565613,-0.0013137019705027342,0.079999998211860657,0,0.0012886881595477462,-3.637978807091713e-12,0,False,2,3,2022-01-01
1196,2022-01-01,SOM,3104,SOM,2,0.40000000000000002,0.47036600112915039,0.00046299482346512377,0.4699999988079071,0.13,0.2423417717218399,-0.0048988587222993374,0.23999999463558197,0,0.064091131091117859,0.00028687989106401801,0.059999998658895493,0,0.0012886881595477462,-3.637978807091713e-12,0,False,2,3,2022-01-01
1196,2022-02-01,SOM,3105,SOM,3,0.69999999999999996,0.46100297570228577,-1.8464867025613785e-05,0.46000000834465027,0.34999999999999998,0.27111199498176575,0.0046792994253337383,0.2800000011920929,0.10000000000000001,0.064091131091117859,0.0016255056252703071,0.070000000298023224,0,0.0012886881595477462,-3.637978807091713e-12,0,False,3,3,2022-01-01
1196,2022-05-01,SOM,3106,SOM,3,0.73999999999999999,0.55910265445709229,0.00016027280071284622,0.56000000238418579,0.44,0.17855887115001678,-0.0014023996191099286,0.18000000715255737,0.13,0.066408276557922363,0.00028687989106401801,0.070000000298023224,0,0.0012886881595477462,-3.637978807091713e-12,0,False,3,2,2022-01-01
1196,2022-07-01,SOM,3107,SOM,3,0.5,0.5713266134262085,0.00022144451213534921,0.56999999284744263,0.29999999999999999,0.2373640388250351,-0.019640594720840454,0.2199999988079071,0.050000000000000003,0.096372067928314209,0.0039580096490681171,0.10000000149011612,0,0.0012886881595477462,-3.637978807091713e-12,0,False,3,3,2022-01-01
1196,2022-10-01,SOM,3108,SOM,2,0.34999999999999998,0.57968562841415405,0.00063912692712619901,0.57999998331069946,0.14999999999999999,0.28067779541015625,-0.017408726736903191,0.25999999046325684,0,0.089508727192878723,0.00028687989106401801,0.090000003576278687,0,0.0012886881595477462,-3.637978807091713e-12,0,False,2,3,2022-01-01
1197,2022-01-01,SOM,3120,SOM,2,0.40000000000000002,0.47036600112915039,0.00046299482346512377,0.4699999988079071,0.13,0.2423417717218399,-0.0048988587222993374,0.23999999463558197,0,0.064091131091117859,0.00028687989106401801,0.059999998658895493,0,0.0012886881595477462,-3.637978807091713e-12,0,False,2,3,2022-01-01
1197,2022-02-01,SOM,3121,SOM,3,0.69999999999999996,0.46100297570228577,-1.8464867025613785e-05,0.46000000834465027,0.34999999999999998,0.27111199498176575,0.0046792994253337383,0.2800000011920929,0.10000000000000001,0.064091131091117859,0.0016255056252703071,0.070000000298023224,0,0.0012886881595477462,-3.637978807091713e-12,0,False,3,3,2022-01-01
1197,2022-05-01,SOM,3122,SOM,3,0.73999999999999999,0.55910265445709229,0.00016027280071284622,0.56000000238418579,0.44,0.17855887115001678,-0.0014023996191099286,0.18000000715255737,0.13,0.066408276557922363,0.00028687989106401801,0.070000000298023224,0,0.0012886881595477462,-3.637978807091713e-12,0,False,3,2,2022-01-01
1197,2022-07-01,SOM,3123,SOM,3,0.5,0.5713266134262085,0.00022144451213534921,0.56999999284744263,0.29999999999999999,0.2373640388250351,-0.019640594720840454,0.2199999988079071,0.050000000000000003,0.096372067928314209,0.0039580096490681171,0.10000000149011612,0,0.0012886881595477462,-3.637978807091713e-12,0,False,3,3,2022-01-01
1197,2022-10-01,SOM,3124,SOM,2,0.34999999999999998,0.57968562841415405,0.00063912692712619901,0.57999998331069946,0.14999999999999999,0.28067779541015625,-0.017408726736903191,0.25999999046325684,0,0.089508727192878723,0.00028687989106401801,0.090000003576278687,0,0.0012886881595477462,-3.637978807091713e-12,0,False,2,3,2022-01-01
1200,2022-10-01,SOM,3133,SOM,3,0.65000000000000002,0.53866434097290039,0.00010835602006409317,0.54000002145767212,0.44999999999999996,0.23826585710048676,-0.033049099147319794,0.20999999344348907,0.14999999999999999,0.10249106585979462,-0.0013137019705027342,0.10000000149011612,0,0.0012886881595477462,-3.637978807091713e-12,0,False,3,3,2022-01-01
1203,2022-02-01,SOM,3138,SOM,3,0.69999999999999996,0.5805477499961853,0.00027024321025237441,0.57999998331069946,0.34999999999999998,0.28008267283439636,0.0040339161641895771,0.2800000011920929,0.10000000000000001,0.066374823451042175,0.00028687989106401801,0.070000000298023224,0,0.0012886881595477462,-3.637978807091713e-12,0,False,3,3,2022-01-01
1203,2022-10-01,SOM,3139,SOM,3,0.55000000000000004,0.63034504652023315,7.2829272539820522e-05,0.62999999523162842,0.34999999999999998,0.35077732801437378,-0.014977039769291878,0.34000000357627869,0.10000000000000001,0.069866441190242767,0.00028687989106401801,0.070000000298023224,0,0.0012886881595477462,-3.637978807091713e-12,0,False,3,3,2022-01-01
1204,2022-02-01,SOM,3144,SOM,3,0.69999999999999996,0.58260315656661987,0.00073249137494713068,0.57999998331069946,0.34999999999999998,0.26195207238197327,0.0040339161641895771,0.27000001072883606,0.10000000000000001,0.066374823451042175,0.00028687989106401801,0.070000000298023224,0,0.0012886881595477462,-3.637978807091713e-12,0,False,3,3,2022-01-01
1204,2022-10-01,SOM,3145,SOM,3,0.55000000000000004,0.5507354736328125,0.00027898821281269193,0.55000001192092896,0.34999999999999998,0.35775306820869446,-0.039432808756828308,0.31999999284744263,0.050000000000000003,0.081888623535633087,0.00028687989106401801,0.079999998211860657,0,0.0012886881595477462,-3.637978807091713e-12,0,False,3,3,2022-01-01
1207,2022-01-01,SOM,3152,SOM,2,0.40000000000000002,0.52057027816772461,6.8427914811763912e-05,0.51999998092651367,0.13,0.25305303931236267,-0.0048988587222993374,0.25,0,0.062481969594955444,0.00028687989106401801,0.059999998658895493,0,0.0012886881595477462,-3.637978807091713e-12,0,False,2,3,2022-01-01
1207,2022-05-01,SOM,3153,SOM,3,0.73999999999999999,0.59797036647796631,-0.00056775473058223724,0.60000002384185791,0.44,0.20589704811573029,0.0028383894823491573,0.20999999344348907,0.13,0.064799100160598755,0.00028687989106401801,0.070000000298023224,0,0.0012886881595477462,-3.637978807091713e-12,0,False,3,3,2022-01-01
1207,2022-07-01,SOM,3154,SOM,3,0.55000000000000004,0.47823712229728699,3.2334708521375433e-05,0.47999998927116394,0.34999999999999998,0.22591029107570648,-0.0077477605082094669,0.2199999988079071,0.050000000000000003,0.093059554696083069,0.0039580096490681171,0.10000000149011612,0,0.0012886881595477462,-3.637978807091713e-12,0,False,3,3,2022-01-01
1211,2022-01-01,SOM,3166,SOM,2,0.40000000000000002,0.5688621997833252,-4.8739093472249806e-05,0.56999999284744263,0.13,0.23652596771717072,-0.013213223777711391,0.2199999988079071,0,0.066827654838562012,0.00028687989106401801,0.070000000298023224,0,0.0012886881595477462,-3.637978807091713e-12,0,False,2,3,2022-01-01
1211,2022-05-01,SOM,3167,SOM,3,0.73999999999999999,0.56040722131729126,0.00011960149277001619,0.56000000238418579,0.44,0.23069958388805389,-0.0081198643893003464,0.2199999988079071,0.13,0.069337636232376099,0.00028687989106401801,0.070000000298023224,0,0.0012886881595477462,-3.637978807091713e-12,0,False,3,3,2022-01-01
1211,2022-07-01,SOM,3168,SOM,3,0.39999999999999997,0.48991686105728149,0.00039376021595671773,0.49000000953674316,0.20000000000000001,0.2797662615776062,-0.038387522101402283,0.23999999463558197,0.050000000000000003,0.096824914216995239,0.0083894031122326851,0.10999999940395355,0,0.0012886881595477462,-3.637978807091713e-12,0,False,3,3,2022-01-01
1212,2022-10-01,SOM,3171,SOM,2,0.34999999999999998,0.50176042318344116,-7.7033830166328698e-05,0.5,0.14999999999999999,0.24490697681903839,-0.02042827196419239,0.2199999988079071,0,0.096975922584533691,-0.0013137019705027342,0.10000000149011612,0,0.0012886881595477462,-3.637978807091713e-12,0,False,2,3,2022-01-01
1214,2022-05-01,SOM,3179,SOM,3,0.73999999999999999,0.56465733051300049,0.00020431711163837463,0.56000000238418579,0.44,0.26192581653594971,-0.0035839732736349106,0.25999999046325684,0.13,0.073769912123680115,0.00028687989106401801,0.070000000298023224,0,0.0012886881595477462,-3.637978807091713e-12,0,False,3,3,2022-01-01
1214,2022-07-01,SOM,3180,SOM,3,0.55000000000000004,0.5014413595199585,0.00082348712021484971,0.5,0.34999999999999998,0.32061052322387695,0.0052411826327443123,0.33000001311302185,0.050000000000000003,0.071405507624149323,0.0083894031122326851,0.079999998211860657,0,0.0012886881595477462,-3.637978807091713e-12,0,False,3,3,2022-01-01
1214,2022-10-01,SOM,3181,SOM,3,0.55000000000000004,0.54982286691665649,0.0004801774921361357,0.55000001192092896,0.34999999999999998,0.36980047821998596,-0.02914983406662941,0.34000000357627869,0.050000000000000003,0.087656907737255096,0.00028687989106401801,0.090000003576278687,0,0.0012886881595477462,-3.637978807091713e-12,0,False,3,3,2022-01-01
1216,2022-01-01,SOM,3190,SOM,3,0.44,0.53495329618453979,0.00080355576938018203,0.54000002145767212,0.21000000000000002,0.27787908911705017,0.0091546066105365753,0.28999999165534973,0.040000000000000001,0.07729184627532959,-0.0013137019705027342,0.079999998211860657,0,0.0012886881595477462,-3.637978807091713e-12,0,False,3,3,2022-01-01
1216,2022-10-01,SOM,3191,SOM,2,0.34999999999999998,0.57349634170532227,4.0093858842737973e-05,0.56999999284744263,0.14999999999999999,0.32309955358505249,-0.031118463724851608,0.28999999165534973,0,0.11286389827728271,-0.0013137019705027342,0.10999999940395355,0,0.0012886881595477462,-3.637978807091713e-12,0,False,2,3,2022-01-01
1217,2022-01-01,SOM,3198,SOM,3,0.44,0.53495329618453979,0.00080355576938018203,0.54000002145767212,0.21000000000000002,0.27787908911705017,0.0091546066105365753,0.28999999165534973,0.040000000000000001,0.07729184627532959,-0.0013137019705027342,0.079999998211860657,0,0.0012886881595477462,-3.637978807091713e-12,0,False,3,3,2022-01-01
1217,2022-10-01,SOM,3199,SOM,2,0.34999999999999998,0.57349634170532227,4.0093858842737973e-05,0.56999999284744263,0.14999999999999999,0.32309955358505249,-0.031118463724851608,0.28999999165534973,0,0.11286389827728271,-0.0013137019705027342,0.10999999940395355,0,0.0012886881595477462,-3.637978807091713e-12,0,False,2,3,2022-01-01
1220,2022-01-01,SOM,3213,SOM,3,0.46999999999999997,0.56204497814178467,0.00046709892922081053,0.56000000238418579,0.23000000000000001,0.21458442509174347,-0.003967643715441227,0.20999999344348907,0.040000000000000001,0.067020922899246216,0.00028687989106401801,0.070000000298023224,0,0.0012886881595477462,-3.637978807091713e-12,0,False,3,3,2022-01-01
1220,2022-05-01,SOM,3214,SOM,3,0.67000000000000004,0.54708254337310791,0.00078484811820089817,0.55000001192092896,0.41000000000000003,0.18356241285800934,0.0038742418400943279,0.18999999761581421,0.13,0.067020922899246216,0.00028687989106401801,0.070000000298023224,0,0.0012886881595477462,-3.637978807091713e-12,0,False,3,2,2022-01-01
1220,2022-07-01,SOM,3215,SOM,2,0.34999999999999998,0.5120512843132019,-0.00027578795561566949,0.50999999046325684,0.14999999999999999,0.14874030649662018,-0.022504869848489761,0.12999999523162842,0,0.083648905158042908,0.0039580096490681171,0.090000003576278687,0,0.0012886881595477462,-3.637978807091713e-12,0,False,2,2,2022-01-01
1220,2022-10-01,SOM,3216,SOM,2,0.34999999999999998,0.50999706983566284,-4.1534625779604539e-05,0.50999999046325684,0.14999999999999999,0.21620790660381317,-0.018387369811534882,0.20000000298023224,0,0.066762082278728485,0.00028687989106401801,0.070000000298023224,0,0.0012886881595477462,-3.637978807091713e-12,0,False,2,3,2022-01-01
1222,2022-05-01,SOM,3224,SOM,3,0.73999999999999999,0.59797662496566772,0.00074157409835606813,0.60000002384185791,0.44,0.27076655626296997,-0.0035839732736349106,0.27000001072883606,0.13,0.060605138540267944,0.00028687989106401801,0.059999998658895493,0,0.0012886881595477462,-3.637978807091713e-12,0,False,3,3,2022-01-01
1222,2022-07-01,SOM,3225,SOM,3,0.5,0.54931765794754028,0.0004815880092792213,0.55000001192092896,0.29999999999999999,0.34472191333770752,-0.0039385603740811348,0.34000000357627869,0.050000000000000003,0.06652040034532547,0.0083894031122326851,0.070000000298023224,0,0.0012886881595477462,-3.637978807091713e-12,0,False,3,3,2022-01-01
1222,2022-10-01,SOM,3226,SOM,2,0.34999999999999998,0.60441398620605469,0.000346009386703372,0.60000002384185791,0.14999999999999999,0.37049406766891479,-0.022949518635869026,0.34999999403953552,0,0.081888623535633087,0.00028687989106401801,0.079999998211860657,0,0.0012886881595477462,-3.637978807091713e-12,0,False,2,3,2022-01-01
1223,2022-01-01,SOM,3233,SOM,3,0.46999999999999997,0.47664901614189148,0.00089756294619292021,0.47999998927116394,0.23000000000000001,0.26041728258132935,-0.012282006442546844,0.25,0.040000000000000001,0.065736964344978333,-0.0013137019705027342,0.059999998658895493,0,0.0012886881595477462,-3.637978807091713e-12,0,False,3,3,2022-01-01
1223,2022-07-01,SOM,3234,SOM,2,0.34999999999999998,0.5192495584487915,-0.00035188515903428197,0.51999998092651367,0.14999999999999999,0.2053227573633194,0.00088463857537135482,0.20999999344348907,0,0.049830727279186249,0.0067888149060308933,0.059999998658895493,0,0.0012886881595477462,-3.637978807091713e-12,0,False,2,3,2022-01-01
1223,2022-10-01,SOM,3235,SOM,2,0.34999999999999998,0.51085293292999268,0.00017595513781998307,0.50999999046325684,0.14999999999999999,0.28693446516990662,-0.014977039769291878,0.27000001072883606,0,0.063703671097755432,-0.0013137019705027342,0.059999998658895493,0,0.0012886881595477462,-3.637978807091713e-12,0,False,2,3,2022-01-01
1226,2022-01-01,SOM,3249,SOM,3,0.46999999999999997,0.48675709962844849,0.00076336332131177187,0.49000000953674316,0.23000000000000001,0.25463292002677917,-0.01842040941119194,0.23999999463558197,0.040000000000000001,0.071906045079231262,-0.0013137019705027342,0.070000000298023224,0,0.0012886881595477462,-3.637978807091713e-12,0,False,3,3,2022-01-01
1226,2022-07-01,SOM,3250,SOM,3,0.40000000000000002,0.51747035980224609,0.00065746204927563667,0.51999998092651367,0.20000000000000001,0.13666702806949615,-0.034576185047626495,0.10000000149011612,0,0.064530499279499054,0.0067888149060308933,0.070000000298023224,0,0.0012886881595477462,-3.637978807091713e-12,0,False,3,2,2022-01-01
1226,2022-10-01,SOM,3251,SOM,2,0.29999999999999999,0.55029785633087158,7.4612500611692667e-05,0.55000001192092896,0.14999999999999999,0.29989472031593323,-0.027325591072440147,0.27000001072883606,0,0.069872736930847168,-0.0013137019705027342,0.070000000298023224,0,0.0012886881595477462,-3.637978807091713e-12,0,False,2,3,2022-01-01
1227,2022-01-01,SOM,3258,SOM,2,0.39000000000000001,0.48903721570968628,-7.9768207797314972e-05,0.49000000953674316,0.18000000000000002,0.25727638602256775,-0.0048988587222993374,0.25,0.01,0.064091131091117859,0.00028687989106401801,0.059999998658895493,0,0.0012886881595477462,-3.637978807091713e-12,0,False,2,3,2022-01-01
1228,2022-01-01,SOM,3265,SOM,2,0.39000000000000001,0.45286646485328674,-0.00022644673299510032,0.44999998807907104,0.18000000000000002,0.26322707533836365,-0.0048988587222993374,0.25999999046325684,0.01,0.064091131091117859,0.00028687989106401801,0.059999998658895493,0,0.0012886881595477462,-3.637978807091713e-12,0,False,2,3,2022-01-01
1228,2022-05-01,SOM,3266,SOM,4,0.76000000000000001,0.53120553493499756,-0.00030648877145722508,0.52999997138977051,0.52000000000000002,0.20757929980754852,-0.0014023996191099286,0.20999999344348907,0.20999999999999999,0.066408276557922363,0.00028687989106401801,0.070000000298023224,0.029999999999999999,0.0012886881595477462,-3.637978807091713e-12,0,False,4,3,2022-01-01
1231,2022-01-01,SOM,3275,SOM,2,0.39000000000000001,0.48595613241195679,-0.00024010498600546271,0.49000000953674316,0.18000000000000002,0.25279983878135681,-0.0024038697592914104,0.25,0.01,0.064091131091117859,0.00028687989106401801,0.059999998658895493,0,0.0012886881595477462,-3.637978807091713e-12,0,False,2,3,2022-01-01
1231,2022-05-01,SOM,3276,SOM,4,0.76000000000000001,0.63340526819229126,-0.00022848362277727574,0.62999999523162842,0.52000000000000002,0.19547952711582184,0.0023049316368997097,0.20000000298023224,0.20999999999999999,0.066408276557922363,0.00028687989106401801,0.070000000298023224,0.029999999999999999,0.0012886881595477462,-3.637978807091713e-12,0,False,4,3,2022-01-01
1231,2022-10-01,SOM,3277,SOM,3,0.60000000000000009,0.49798586964607239,-0.00062069669365882874,0.5,0.39999999999999997,0.2690998911857605,-0.0087035801261663437,0.25999999046325684,0.15000000000000002,0.095332220196723938,0.00028687989106401801,0.10000000149011612,0.050000000000000003,0.0012886881595477462,-3.637978807091713e-12,0,False,3,3,2022-01-01
1238,2022-01-01,SOM,3290,SOM,3,0.45000000000000001,0.57948368787765503,0.00012520789459813386,0.57999998331069946,0.21000000000000002,0.29245209693908691,-0.00036296871257945895,0.28999999165534973,0.050000000000000003,0.078924596309661865,0.00028687989106401801,0.079999998211860657,0,0.0012886881595477462,-3.637978807091713e-12,0,False,3,3,2022-01-01
1238,2022-07-01,SOM,3291,SOM,2,0.30000000000000004,0.49369186162948608,0.00012693808821495622,0.49000000953674316,0.10000000000000001,0.34811776876449585,0.014895037747919559,0.36000001430511475,0,0.079926393926143646,0.0039580096490681171,0.079999998211860657,0,0.0012886881595477462,-3.637978807091713e-12,0,False,2,3,2022-01-01
1238,2022-10-01,SOM,3292,SOM,2,0.30000000000000004,0.53206253051757812,-6.2150873418431729e-05,0.52999997138977051,0.10000000000000001,0.34485286474227905,-0.0068097217008471489,0.34000000357627869,0,0.11543148756027222,0.00028687989106401801,0.11999999731779099,0,0.0012886881595477462,-3.637978807091713e-12,0,False,2,3,2022-01-01
1241,2022-01-01,SOM,3302,SOM,3,0.44,0.54204589128494263,0.00076320726657286286,0.54000002145767212,0.21000000000000002,0.29344660043716431,-0.0085035338997840881,0.2800000011920929,0.040000000000000001,0.089768484234809875,-0.0013137019705027342,0.090000003576278687,0,0.0012886881595477462,-3.637978807091713e-12,0,False,3,3,2022-01-01
1241,2022-10-01,SOM,3303,SOM,2,0.39999999999999997,0.50785458087921143,-0.00020400220819283277,0.50999999046325684,0.15000000000000002,0.26881757378578186,-0.019171053543686867,0.25,0.050000000000000003,0.11370928585529327,-0.0013137019705027342,0.10999999940395355,0,0.0012886881595477462,-3.637978807091713e-12,0,False,2,3,2022-01-01
1243,2022-05-01,SOM,3306,SOM,4,0.76000000000000001,0.59025508165359497,-9.2603468146990053e-06,0.5899999737739563,0.52000000000000002,0.19647423923015594,0.0026894863694906235,0.20000000298023224,0.20999999999999999,0.080587446689605713,0.00028687989106401801,0.079999998211860657,0.029999999999999999,0.0012886881595477462,-3.637978807091713e-12,0,False,4,3,2022-01-01
1249,2022-01-01,SOM,3312,SOM,2,0.30000000000000004,0.60081934928894043,0.00056479306658729911,0.60000002384185791,0.080000000000000002,0.30845555663108826,-0.003967643715441227,0.30000001192092896,0.01,0.094140976667404175,0.00028687989106401801,0.090000003576278687,0,0.0012886881595477462,-3.637978807091713e-12,0,False,2,3,2022-01-01
1249,2022-03-01,SOM,3313,SOM,3,0.80000000000000004,0.52882486581802368,0.00024617469171062112,0.52999997138977051,0.39999999999999997,0.31858643889427185,-0.0071132397279143333,0.31000000238418579,0.050000000000000003,0.091030269861221313,0.0039580096490681171,0.090000003576278687,0,0.0012886881595477462,-3.637978807091713e-12,0,False,3,3,2022-01-01
1249,2022-05-01,SOM,3314,SOM,3,0.47000000000000008,0.58625996112823486,-6.0005866544088349e-05,0.5899999737739563,0.20000000000000001,0.29787918925285339,0.0020828836131840944,0.30000001192092896,0.029999999999999999,0.0935487300157547,0.00028687989106401801,0.090000003576278687,0,0.0012886881595477462,-3.637978807091713e-12,0,False,3,3,2022-01-01
1252,2022-01-01,SOM,3321,SOM,2,0.30000000000000004,0.5597730278968811,0.00023260156740434468,0.56000000238418579,0.080000000000000002,0.30135717988014221,-0.00036296871257945895,0.30000001192092896,0.01,0.089853912591934204,0.00028687989106401801,0.090000003576278687,0,0.0012886881595477462,-3.637978807091713e-12,0,False,2,3,2022-01-01
1252,2022-03-01,SOM,3322,SOM,3,0.80000000000000004,0.51806014776229858,0.00021867894975002855,0.51999998092651367,0.39999999999999997,0.30810511112213135,-7.8784920333418995e-05,0.31000000238418579,0.050000000000000003,0.091030269861221313,0.0039580096490681171,0.090000003576278687,0,0.0012886881595477462,-3.637978807091713e-12,0,False,3,3,2022-01-01
1252,2022-05-01,SOM,3323,SOM,3,0.47000000000000008,0.54797053337097168,-0.00015631197311449796,0.55000001192092896,0.20000000000000001,0.30135717988014221,0.0020828836131840944,0.30000001192092896,0.029999999999999999,0.091139525175094604,0.00028687989106401801,0.090000003576278687,0,0.0012886881595477462,-3.637978807091713e-12,0,False,3,3,2022-01-01
1254,2022-01-01,SOM,3327,SOM,3,0.45000000000000001,0.57542157173156738,0.00034906077780760825,0.57999998331069946,0.21000000000000002,0.32278266549110413,-0.00036296871257945895,0.31999999284744263,0.050000000000000003,0.078924596309661865,0.00028687989106401801,0.079999998211860657,0,0.0012886881595477462,-3.637978807091713e-12,0,False,3,3,2022-01-01
1254,2022-05-01,SOM,3328,SOM,3,0.70000000000000007,0.573006272315979,0.00021443438890855759,0.56999999284744263,0.47999999999999998,0.28258630633354187,0.0047303875908255577,0.28999999165534973,0.18000000000000002,0.078924596309661865,0.00028687989106401801,0.079999998211860657,0.01,0.0012886881595477462,-3.637978807091713e-12,0,False,3,3,2022-01-01
1254,2022-07-01,SOM,3329,SOM,3,0.55000000000000004,0.52656221389770508,-0.00032134895445778966,0.52999997138977051,0.34999999999999998,0.36201679706573486,0.005846814252436161,0.37000000476837158,0.10000000000000001,0.080809555947780609,0.0039580096490681171,0.079999998211860657,0,0.0012886881595477462,-3.637978807091713e-12,0,False,3,3,2022-01-01
1254,2022-10-01,SOM,3330,SOM,3,0.55000000000000004,0.58801949024200439,-0.00015622458886355162,0.5899999737739563,0.34999999999999998,0.31046059727668762,-0.0066626798361539841,0.30000001192092896,0.10000000000000001,0.07423807680606842,0.00028687989106401801,0.070000000298023224,0,0.0012886881595477462,-3.637978807091713e-12,0,False,3,3,2022-01-01
1255,2022-10-01,SOM,3335,SOM,2,0.34999999999999998,0.43950289487838745,-0.00014713489508721977,0.43999999761581421,0.14999999999999999,0.22605957090854645,-0.01463516429066658,0.20999999344348907,0,0.10882416367530823,-0.0013137019705027342,0.10999999940395355,0,0.0012886881595477462,-3.637978807091713e-12,0,False,2,3,2022-01-01
1257,2022-05-01,SOM,3340,SOM,3,0.70000000000000007,0.57418608665466309,0.00018233647278975695,0.56999999284744263,0.47999999999999998,0.27329647541046143,0.0047303875908255577,0.2800000011920929,0.18000000000000002,0.070644915103912354,0.00028687989106401801,0.070000000298023224,0.01,0.0012886881595477462,-3.637978807091713e-12,0,False,3,3,2022-01-01
1257,2022-10-01,SOM,3341,SOM,3,0.55000000000000004,0.58903133869171143,0.00031278471578843892,0.5899999737739563,0.34999999999999998,0.30714556574821472,-0.0091206245124340057,0.30000001192092896,0.10000000000000001,0.082331851124763489,0.00028687989106401801,0.079999998211860657,0,0.0012886881595477462,-3.637978807091713e-12,0,False,3,3,2022-01-01
1276,2022-01-01,SOM,3372,SOM,3,0.45000000000000001,0.6053847074508667,-0.00027546932687982917,0.61000001430511475,0.21000000000000002,0.31012657284736633,-0.0024038697592914104,0.31000000238418579,0.050000000000000003,0.078924596309661865,0.00028687989106401801,0.079999998211860657,0,0.0012886881595477462,-3.637978807091713e-12,0,False,3,3,2022-01-01
1276,2022-05-01,SOM,3373,SOM,3,0.70000000000000007,0.5854334831237793,0.00057550671044737101,0.5899999737739563,0.47999999999999998,0.26989811658859253,0.0026894863694906235,0.27000001072883606,0.18000000000000002,0.070644915103912354,0.00028687989106401801,0.070000000298023224,0.01,0.0012886881595477462,-3.637978807091713e-12,0,False,3,3,2022-01-01
1276,2022-07-01,SOM,3374,SOM,4,0.55000000000000004,0.54294675588607788,0.00010801374446600676,0.54000002145767212,0.34999999999999998,0.3956882655620575,-0.0052527710795402527,0.38999998569488525,0.10000000000000001,0.10977806150913239,0.0039580096490681171,0.10999999940395355,0,0.0012886881595477462,-3.637978807091713e-12,0,False,3,3,2022-01-01
1276,2022-10-01,SOM,3375,SOM,3,0.55000000000000004,0.60773396492004395,-0.00041360940667800605,0.61000001430511475,0.34999999999999998,0.37482574582099915,-0.01463516429066658,0.36000001430511475,0.10000000000000001,0.11449554562568665,0.00028687989106401801,0.10999999940395355,0,0.0012886881595477462,-3.637978807091713e-12,0,False,3,3,2022-01-01
1284,2022-01-01,SOM,3387,SOM,3,0.45000000000000001,0.61728864908218384,-0.00017480101087130606,0.62000000476837158,0.21000000000000002,0.31911247968673706,-0.0048988587222993374,0.31000000238418579,0.050000000000000003,0.077640622854232788,0.00028687989106401801,0.079999998211860657,0,0.0012886881595477462,-3.637978807091713e-12,0,False,3,3,2022-01-01
1284,2022-05-01,SOM,3388,SOM,3,0.70000000000000007,0.58928656578063965,0.00052369909826666117,0.5899999737739563,0.47999999999999998,0.2881738543510437,0.00019449729006737471,0.28999999165534973,0.18000000000000002,0.077640622854232788,0.00028687989106401801,0.079999998211860657,0.01,0.0012886881595477462,-3.637978807091713e-12,0,False,3,3,2022-01-01
1284,2022-07-01,SOM,3389,SOM,4,0.84999999999999998,0.55446326732635498,3.4134525776607916e-05,0.55000001192092896,0.65000000000000002,0.39692503213882446,-0.0077477605082094669,0.38999998569488525,0.34999999999999998,0.1084941029548645,0.0039580096490681171,0.10999999940395355,0.10000000000000001,0.0012886881595477462,-3.637978807091713e-12,0,False,4,3,2022-01-01
1284,2022-10-01,SOM,3390,SOM,4,0.84999999999999998,0.60058093070983887,-0.0001387996890116483,0.60000002384185791,0.65000000000000002,0.40122050046920776,-0.019171053543686867,0.37999999523162842,0.34999999999999998,0.11414752900600433,0.00028687989106401801,0.10999999940395355,0.10000000000000001,0.0012886881595477462,-3.637978807091713e-12,0,False,4,3,2022-01-01
1293,2022-01-01,SOM,3405,SOM,2,0.39000000000000001,0.5211835503578186,-0.00048667477676644921,0.51999998092651367,0.18000000000000002,0.23894564807415009,-0.0048988587222993374,0.23000000417232513,0.01,0.075760319828987122,0.00028687989106401801,0.079999998211860657,0,0.0012886881595477462,-3.637978807091713e-12,0,False,2,3,2022-01-01
1293,2022-05-01,SOM,3406,SOM,4,0.76000000000000001,0.55588626861572266,-0.00017924417625181377,0.56000000238418579,0.52000000000000002,0.18767093122005463,0.00019449729006737471,0.18999999761581421,0.20999999999999999,0.080587446689605713,0.00028687989106401801,0.079999998211860657,0.029999999999999999,0.0012886881595477462,-3.637978807091713e-12,0,False,4,2,2022-01-01
1293,2022-07-01,SOM,3407,SOM,4,1,0.59027314186096191,-9.7993455710820854e-05,0.5899999737739563,0.95000000000000007,0.23823262751102448,0.0082677854225039482,0.25,0.5,0.083076685667037964,0.0039580096490681171,0.090000003576278687,0.14999999999999999,0.0012886881595477462,-3.637978807091713e-12,0,False,4,3,2022-01-01
1293,2022-10-01,SOM,3408,SOM,4,1,0.58581823110580444,-0.00012167642125859857,0.5899999737739563,0.95000000000000007,0.27548608183860779,-0.011198570020496845,0.25999999046325684,0.5,0.084819242358207703,0.00028687989106401801,0.090000003576278687,0.14999999999999999,0.0012886881595477462,-3.637978807091713e-12,0,False,4,3,2022-01-01
1308,2022-01-01,SOM,3431,SOM,2,0.39000000000000001,0.5086861252784729,0.0003628271515481174,0.50999999046325684,0.18000000000000002,0.24801476299762726,-0.00036296871257945895,0.25,0.01,0.06564784049987793,0.00028687989106401801,0.070000000298023224,0,0.0012886881595477462,-3.637978807091713e-12,0,False,2,3,2022-01-01
1308,2022-05-01,SOM,3432,SOM,4,0.76000000000000001,0.55541491508483887,1.109758250095183e-05,0.56000000238418579,0.52000000000000002,0.17366863787174225,0.0047303875908255577,0.18000000715255737,0.20999999999999999,0.06564784049987793,0.00028687989106401801,0.070000000298023224,0.029999999999999999,0.0012886881595477462,-3.637978807091713e-12,0,False,4,2,2022-01-01
1308,2022-07-01,SOM,3433,SOM,4,0.99999999999999989,0.59488266706466675,0.00035580692929215729,0.60000002384185791,0.90000000000000002,0.21097306907176971,0.0027650580741465092,0.20999999344348907,0.40000000000000002,0.071260854601860046,0.0039580096490681171,0.079999998211860657,0.10000000000000001,0.0012886881595477462,-3.637978807091713e-12,0,False,4,3,2022-01-01
1308,2022-10-01,SOM,3434,SOM,4,0.99999999999999989,0.57526558637619019,-0.00013723109441343695,0.57999998331069946,0.90000000000000002,0.29458773136138916,-0.0066626798361539841,0.28999999165534973,0.40000000000000002,0.088748306035995483,0.00028687989106401801,0.090000003576278687,0.10000000000000001,0.0012886881595477462,-3.637978807091713e-12,0,False,4,3,2022-01-01
1309,2022-01-01,SOM,3443,SOM,2,0.39000000000000001,0.50791275501251221,0.0003628271515481174,0.50999999046325684,0.18000000000000002,0.24801476299762726,-0.00036296871257945895,0.25,0.01,0.06564784049987793,0.00028687989106401801,0.070000000298023224,0,0.0012886881595477462,-3.637978807091713e-12,0,False,2,3,2022-01-01
1309,2022-05-01,SOM,3444,SOM,4,0.76000000000000001,0.55480563640594482,1.109758250095183e-05,0.55000001192092896,0.52000000000000002,0.17366863787174225,0.0047303875908255577,0.18000000715255737,0.20999999999999999,0.06564784049987793,0.00028687989106401801,0.070000000298023224,0.029999999999999999,0.0012886881595477462,-3.637978807091713e-12,0,False,4,2,2022-01-01
1309,2022-07-01,SOM,3445,SOM,4,0.99999999999999989,0.59462666511535645,0.00035580692929215729,0.5899999737739563,0.90000000000000002,0.21097306907176971,0.0027650580741465092,0.20999999344348907,0.40000000000000002,0.071260854601860046,0.0039580096490681171,0.079999998211860657,0.10000000000000001,0.0012886881595477462,-3.637978807091713e-12,0,False,4,3,2022-01-01
1309,2022-10-01,SOM,3446,SOM,4,0.99999999999999989,0.57450234889984131,-0.00013723109441343695,0.56999999284744263,0.90000000000000002,0.29458773136138916,-0.0066626798361539841,0.28999999165534973,0.40000000000000002,0.088748306035995483,0.00028687989106401801,0.090000003576278687,0.10000000000000001,0.0012886881595477462,-3.637978807091713e-12,0,False,4,3,2022-01-01
1324,2022-01-01,SOM,3462,SOM,2,0.39000000000000001,0.50576025247573853,-0.0002886735019274056,0.50999999046325684,0.18000000000000002,0.2448963075876236,-0.0024038697592914104,0.23999999463558197,0.01,0.064038693904876709,0.00028687989106401801,0.059999998658895493,0,0.0012886881595477462,-3.637978807091713e-12,0,False,2,3,2022-01-01
1324,2022-05-01,SOM,3463,SOM,4,0.76000000000000001,0.54878830909729004,-0.00014722904597874731,0.55000001192092896,0.52000000000000002,0.18537835776805878,0.0026894863694906235,0.18999999761581421,0.20999999999999999,0.068865790963172913,0.00028687989106401801,0.070000000298023224,0.029999999999999999,0.0012886881595477462,-3.637978807091713e-12,0,False,4,2,2022-01-01
1324,2022-07-01,SOM,3464,SOM,4,1,0.58274233341217041,-4.6051063691265881e-05,0.57999998331069946,0.95000000000000007,0.22906698286533356,-0.0052527710795402527,0.2199999988079071,0.5,0.098056420683860779,0.0039580096490681171,0.10000000149011612,0.14999999999999999,0.0012886881595477462,-3.637978807091713e-12,0,False,4,3,2022-01-01
1324,2022-10-01,SOM,3465,SOM,4,1,0.53319203853607178,0.0001325177145190537,0.52999997138977051,0.95000000000000007,0.27972093224525452,-0.011161524802446365,0.27000001072883606,0.5,0.08678928017616272,0.00028687989106401801,0.090000003576278687,0.14999999999999999,0.0012886881595477462,-3.637978807091713e-12,0,False,4,3,2022-01-01
1351,2022-01-01,SOM,3495,SOM,2,0.27000000000000002,0.502757728099823,-0.00040033768163993955,0.5,0.080000000000000002,0.21913336217403412,-0.0024038697592914104,0.2199999988079071,0.01,0.073393866419792175,-0.0013137019705027342,0.070000000298023224,0,0.0012886881595477462,-3.637978807091713e-12,0,False,2,3,2022-01-01
1351,2022-05-01,SOM,3496,SOM,3,0.46000000000000008,0.56209510564804077,-0.00060767924878746271,0.56000000238418579,0.23000000000000001,0.18827088177204132,0.0023049316368997097,0.18999999761581421,0.029999999999999999,0.075711026787757874,-0.0013137019705027342,0.070000000298023224,0,0.0012886881595477462,-3.637978807091713e-12,0,False,3,2,2022-01-01
1351,2022-07-01,SOM,3497,SOM,1,0.15000000000000002,0.49041330814361572,0.00016736787802074105,0.49000000953674316,0.050000000000000003,0.21143783628940582,-0.0052527710795402527,0.20999999344348907,0,0.096524596214294434,0.0023574302904307842,0.10000000149011612,0,0.0012886881595477462,-3.637978807091713e-12,0,False,1,3,2022-01-01
1351,2022-10-01,SOM,3498,SOM,1,0.15000000000000002,0.49369892477989197,-0.00041578058153390884,0.49000000953674316,0.050000000000000003,0.25068634748458862,-0.01667606458067894,0.23000000417232513,0,0.085699900984764099,-0.0013137019705027342,0.079999998211860657,0,0.0012886881595477462,-3.637978807091713e-12,0,False,1,3,2022-01-01
1354,2022-01-01,SOM,3503,SOM,2,0.27000000000000002,0.50793373584747314,6.4991640101652592e-05,0.50999999046325684,0.080000000000000002,0.20681466162204742,-0.0048988587222993374,0.20000000298023224,0.01,0.056443788111209869,-0.0013137019705027342,0.059999998658895493,0,0.0012886881595477462,-3.637978807091713e-12,0,False,2,3,2022-01-01
1354,2022-05-01,SOM,3504,SOM,3,0.46000000000000008,0.58050835132598877,-0.00072593602817505598,0.57999998331069946,0.23000000000000001,0.17928497493267059,-0.00019005741341970861,0.18000000715255737,0.029999999999999999,0.074427053332328796,-0.0013137019705027342,0.070000000298023224,0,0.0012886881595477462,-3.637978807091713e-12,0,False,3,2,2022-01-01
1354,2022-07-01,SOM,3505,SOM,1,0.15000000000000002,0.53282022476196289,-0.00032902532257139683,0.52999997138977051,0.050000000000000003,0.19018734991550446,-0.0077477605082094669,0.18000000715255737,0,0.095240622758865356,0.0023574302904307842,0.10000000149011612,0,0.0012886881595477462,-3.637978807091713e-12,0,False,1,2,2022-01-01
1354,2022-10-01,SOM,3506,SOM,1,0.15000000000000002,0.49272662401199341,-0.00015925803745631129,0.49000000953674316,0.050000000000000003,0.2309727817773819,-0.019171053543686867,0.20999999344348907,0,0.084415927529335022,-0.0013137019705027342,0.079999998211860657,0,0.0012886881595477462,-3.637978807091713e-12,0,False,1,3,2022-01-01
1357,2022-01-01,SOM,3515,SOM,3,0.45000000000000001,0.50582778453826904,8.3729748439509422e-05,0.50999999046325684,0.21000000000000002,0.26391163468360901,-0.0048988587222993374,0.25999999046325684,0.050000000000000003,0.061209887266159058,0.00028687989106401801,0.059999998658895493,0,0.0012886881595477462,-3.637978807091713e-12,0,False,3,3,2022-01-01
1357,2022-05-01,SOM,3516,SOM,3,0.70000000000000007,0.54826200008392334,-8.545146556571126e-05,0.55000001192092896,0.47999999999999998,0.20640258491039276,0.00019449729006737471,0.20999999344348907,0.18000000000000002,0.063527047634124756,0.00028687989106401801,0.059999998658895493,0.01,0.0012886881595477462,-3.637978807091713e-12,0,False,3,3,2022-01-01
1357,2022-07-01,SOM,3517,SOM,3,0.84999999999999998,0.56677907705307007,0.00027657911414280534,0.56999999284744263,0.65000000000000002,0.34009340405464172,-0.0077477605082094669,0.33000001311302185,0.34999999999999998,0.096083849668502808,0.0039580096490681171,0.10000000149011612,0.10000000000000001,0.0012886881595477462,-3.637978807091713e-12,0,False,4,3,2022-01-01
1357,2022-10-01,SOM,3518,SOM,3,0.55000000000000004,0.53221666812896729,2.6785168302012607e-05,0.52999997138977051,0.34999999999999998,0.32643267512321472,-0.019171053543686867,0.31000000238418579,0.10000000000000001,0.1100466251373291,0.00028687989106401801,0.10999999940395355,0,0.0012886881595477462,-3.637978807091713e-12,0,False,3,3,2022-01-01
1361,2022-01-01,SOM,3532,SOM,3,0.45000000000000001,0.51100176572799683,0.00016781564045231789,0.50999999046325684,0.21000000000000002,0.23749418556690216,-0.0048988587222993374,0.23000000417232513,0.050000000000000003,0.061209887266159058,0.00028687989106401801,0.059999998658895493,0,0.0012886881595477462,-3.637978807091713e-12,0,False,3,3,2022-01-01
1361,2022-05-01,SOM,3533,SOM,3,0.70000000000000007,0.5473020076751709,0.00019650621106848121,0.55000001192092896,0.47999999999999998,0.22161723673343658,0.00019449729006737471,0.2199999988079071,0.18000000000000002,0.063527047634124756,0.00028687989106401801,0.059999998658895493,0.01,0.0012886881595477462,-3.637978807091713e-12,0,False,3,3,2022-01-01
1361,2022-07-01,SOM,3534,SOM,3,0.84999999999999998,0.55387938022613525,-1.4300808288680855e-05,0.55000001192092896,0.65000000000000002,0.34009340405464172,-0.0077477605082094669,0.33000001311302185,0.34999999999999998,0.096083849668502808,0.0039580096490681171,0.10000000149011612,0.10000000000000001,0.0012886881595477462,-3.637978807091713e-12,0,False,4,3,2022-01-01
1361,2022-10-01,SOM,3535,SOM,3,0.55000000000000004,0.53508692979812622,2.7893507649423555e-05,0.54000002145767212,0.34999999999999998,0.31744676828384399,-0.019171053543686867,0.30000001192092896,0.10000000000000001,0.1100466251373291,0.00028687989106401801,0.10999999940395355,0,0.0012886881595477462,-3.637978807091713e-12,0,False,3,3,2022-01-01
1367,2022-01-01,SOM,3551,SOM,3,0.45000000000000001,0.53938853740692139,0.00050993607146665454,0.54000002145767212,0.21000000000000002,0.23409579694271088,0.00041400350164622068,0.23000000417232513,0.050000000000000003,0.059925928711891174,0.00028687989106401801,0.059999998658895493,0,0.0012886881595477462,-3.637978807091713e-12,0,False,3,3,2022-01-01
1367,2022-05-01,SOM,3552,SOM,3,0.70000000000000007,0.54791146516799927,0.00028822117019444704,0.55000001192092896,0.47999999999999998,0.2160896509885788,0.00019449729006737471,0.2199999988079071,0.18000000000000002,0.062243089079856873,0.00028687989106401801,0.059999998658895493,0.01,0.0012886881595477462,-3.637978807091713e-12,0,False,3,3,2022-01-01
1367,2022-07-01,SOM,3553,SOM,3,0.84999999999999998,0.55926322937011719,0.00043732524500228465,0.56000000238418579,0.65000000000000002,0.3045114278793335,-0.019640594720840454,0.2800000011920929,0.34999999999999998,0.094799891114234924,0.0039580096490681171,0.10000000149011612,0.10000000000000001,0.0012886881595477462,-3.637978807091713e-12,0,False,4,3,2022-01-01
1367,2022-10-01,SOM,3554,SOM,3,0.55000000000000004,0.52421975135803223,-6.3612722442485392e-05,0.51999998092651367,0.34999999999999998,0.31397217512130737,-0.022923260927200317,0.28999999165534973,0.10000000000000001,0.10876266658306122,0.00028687989106401801,0.10999999940395355,0,0.0012886881595477462,-3.637978807091713e-12,0,False,3,3,2022-01-01
1368,2022-01-01,SOM,3565,SOM,3,0.45000000000000001,0.53687113523483276,0.00050993607146665454,0.54000002145767212,0.21000000000000002,0.24308182299137115,0.00041400350164622068,0.23999999463558197,0.050000000000000003,0.059925928711891174,0.00028687989106401801,0.059999998658895493,0,0.0012886881595477462,-3.637978807091713e-12,0,False,3,3,2022-01-01
1368,2022-05-01,SOM,3566,SOM,3,0.70000000000000007,0.54532408714294434,0.00028822117019444704,0.55000001192092896,0.47999999999999998,0.2160896509885788,0.00019449729006737471,0.2199999988079071,0.18000000000000002,0.062243089079856873,0.00028687989106401801,0.059999998658895493,0.01,0.0012886881595477462,-3.637978807091713e-12,0,False,3,3,2022-01-01
1368,2022-07-01,SOM,3567,SOM,3,0.84999999999999998,0.55967962741851807,0.00043732524500228465,0.56000000238418579,0.65000000000000002,0.31523901224136353,-0.019640594720840454,0.30000001192092896,0.34999999999999998,0.094799891114234924,0.0039580096490681171,0.10000000149011612,0.10000000000000001,0.0012886881595477462,-3.637978807091713e-12,0,False,4,3,2022-01-01
1368,2022-10-01,SOM,3568,SOM,3,0.55000000000000004,0.52414214611053467,-6.3612722442485392e-05,0.51999998092651367,0.34999999999999998,0.33368563652038574,-0.022923260927200317,0.31000000238418579,0.10000000000000001,0.10876266658306122,0.00028687989106401801,0.10999999940395355,0,0.0012886881595477462,-3.637978807091713e-12,0,False,3,3,2022-01-01
1376,2022-05-01,SOM,3582,SOM,4,0.76000000000000001,0.62534475326538086,-0.00041754095582291484,0.62000000476837158,0.52000000000000002,0.17878057062625885,0.0026894863694906235,0.18000000715255737,0.20999999999999999,0.083631113171577454,0.00028687989106401801,0.079999998211860657,0.029999999999999999,0.0012886881595477462,-3.637978807091713e-12,0,False,4,2,2022-01-01
1378,2022-05-01,SOM,3586,SOM,3,0.70000000000000007,0.54922515153884888,-0.00011838429782073945,0.55000001192092896,0.47999999999999998,0.23594941198825836,0.00019449729006737471,0.23999999463558197,0.18000000000000002,0.086317509412765503,0.00028687989106401801,0.090000003576278687,0.01,0.0012886881595477462,-3.637978807091713e-12,0,False,3,3,2022-01-01
1378,2022-07-01,SOM,3587,SOM,2,0.30000000000000004,0.54177922010421753,-0.00061867071781307459,0.54000002145767212,0.10000000000000001,0.30784401297569275,-0.0018221627688035369,0.31000000238418579,0,0.072964206337928772,0.0039580096490681171,0.079999998211860657,0,0.0012886881595477462,-3.637978807091713e-12,0,False,2,3,2022-01-01
1379,2022-05-01,SOM,3591,SOM,3,0.70000000000000007,0.55240082740783691,-0.00011838429782073945,0.55000001192092896,0.47999999999999998,0.23284910619258881,0.00019449729006737471,0.23000000417232513,0.18000000000000002,0.086317509412765503,0.00028687989106401801,0.090000003576278687,0.01,0.0012886881595477462,-3.637978807091713e-12,0,False,3,3,2022-01-01
1379,2022-07-01,SOM,3592,SOM,2,0.30000000000000004,0.54200226068496704,-0.000471845967695117,0.54000002145767212,0.10000000000000001,0.3060547411441803,-0.0018221627688035369,0.30000001192092896,0,0.072964206337928772,0.0039580096490681171,0.079999998211860657,0,0.0012886881595477462,-3.637978807091713e-12,0,False,2,3,2022-01-01
1380,2022-01-01,SOM,3599,SOM,2,0.39000000000000001,0.53833740949630737,0.00015137810260057449,0.54000002145767212,0.18000000000000002,0.25700068473815918,-0.00036296871257945895,0.25999999046325684,0.01,0.06564784049987793,-0.0013137019705027342,0.059999998658895493,0,0.0012886881595477462,-3.637978807091713e-12,0,False,2,3,2022-01-01
1380,2022-05-01,SOM,3600,SOM,4,0.76000000000000001,0.62642747163772583,8.2297738117631525e-05,0.62999999523162842,0.52000000000000002,0.18776647746562958,0.0026894863694906235,0.18999999761581421,0.20999999999999999,0.067965000867843628,-0.0013137019705027342,0.070000000298023224,0.029999999999999999,0.0012886881595477462,-3.637978807091713e-12,0,False,4,2,2022-01-01
1380,2022-07-01,SOM,3601,SOM,4,0.99999999999999989,0.53378051519393921,0.00019654694187920541,0.52999997138977051,0.90000000000000002,0.20727308094501495,0.01076277531683445,0.2199999988079071,0.40000000000000002,0.071260854601860046,0.0023574302904307842,0.070000000298023224,0.10000000000000001,0.0012886881595477462,-3.637978807091713e-12,0,False,4,3,2022-01-01
1383,2022-05-01,SOM,3614,SOM,3,0.70000000000000007,0.57068538665771484,-0.00021306346752680838,0.56999999284744263,0.47999999999999998,0.23456527292728424,0.0026894863694906235,0.23999999463558197,0.18000000000000002,0.067108765244483948,0.00028687989106401801,0.070000000298023224,0.01,0.0012886881595477462,-3.637978807091713e-12,0,False,3,3,2022-01-01
1397,2022-05-01,SOM,3634,SOM,3,0.56000000000000005,0.51827651262283325,0.00011496259685372934,0.51999998092651367,0.27999999999999997,0.26290744543075562,0.0047303875908255577,0.27000001072883606,0.040000000000000001,0.076163776218891144,0.00028687989106401801,0.079999998211860657,0,0.0012886881595477462,-3.637978807091713e-12,0,False,3,3,2022-01-01
1397,2022-07-01,SOM,3635,SOM,3,0.55000000000000004,0.54238170385360718,0.00030703903757967055,0.54000002145767212,0.34999999999999998,0.37419077754020691,0.0012427160982042551,0.37999999523162842,0.10000000000000001,0.087162688374519348,0.0039580096490681171,0.090000003576278687,0,0.0012886881595477462,-3.637978807091713e-12,0,False,3,3,2022-01-01
1422,2022-05-01,SOM,3681,SOM,3,0.56000000000000005,0.5406193733215332,9.5718845841474831e-05,0.54000002145767212,0.27999999999999997,0.26609340310096741,0.00019449729006737471,0.27000001072883606,0.040000000000000001,0.086049333214759827,0.00028687989106401801,0.090000003576278687,0,0.0012886881595477462,-3.637978807091713e-12,0,False,3,3,2022-01-01
1422,2022-07-01,SOM,3682,SOM,3,0.55000000000000004,0.59093838930130005,6.015737380948849e-05,0.5899999737739563,0.34999999999999998,0.2901165783405304,-0.0032931752502918243,0.28999999165534973,0.10000000000000001,0.08201204240322113,0.0039580096490681171,0.090000003576278687,0,0.0012886881595477462,-3.637978807091713e-12,0,False,3,3,2022-01-01
1429,2022-01-01,SOM,3696,SOM,2,0.27000000000000002,0.48179969191551208,0.00079866946907714009,0.47999998927116394,0.080000000000000002,0.22886286675930023,-0.00036296871257945895,0.23000000417232513,0.01,0.06564784049987793,-0.0013137019705027342,0.059999998658895493,0,0.0012886881595477462,-3.637978807091713e-12,0,False,2,3,2022-01-01
1429,2022-05-01,SOM,3697,SOM,3,0.46000000000000008,0.6195753812789917,4.6154225856298581e-05,0.62000000476837158,0.23000000000000001,0.18550755083560944,0.0026894863694906235,0.18999999761581421,0.029999999999999999,0.083631113171577454,-0.0013137019705027342,0.079999998211860657,0,0.0012886881595477462,-3.637978807091713e-12,0,False,3,2,2022-01-01
1429,2022-07-01,SOM,3698,SOM,1,0.15000000000000002,0.54833894968032837,0.00045613778638653457,0.55000001192092896,0.050000000000000003,0.16873584687709808,-0.02429267019033432,0.14000000059604645,0,0.097962230443954468,0.0023574302904307842,0.10000000149011612,0,0.0012886881595477462,-3.637978807091713e-12,0,False,1,2,2022-01-01
1429,2022-10-01,SOM,3699,SOM,1,0.15000000000000002,0.56276702880859375,0.00046258504153229296,0.56000000238418579,0.050000000000000003,0.24594481289386749,-0.027575338259339333,0.2199999988079071,0,0.11776682734489441,-0.0013137019705027342,0.11999999731779099,0,0.0012886881595477462,-3.637978807091713e-12,0,False,1,3,2022-01-01
1430,2022-01-01,SOM,3708,SOM,2,0.27000000000000002,0.48181292414665222,0.00079866946907714009,0.47999998927116394,0.080000000000000002,0.22886286675930023,-0.00036296871257945895,0.23000000417232513,0.01,0.06564784049987793,-0.0013137019705027342,0.059999998658895493,0,0.0012886881595477462,-3.637978807091713e-12,0,False,2,3,2022-01-01
1430,2022-05-01,SOM,3709,SOM,3,0.46000000000000008,0.61928534507751465,4.6154225856298581e-05,0.62000000476837158,0.23000000000000001,0.18550755083560944,0.0026894863694906235,0.18999999761581421,0.029999999999999999,0.083631113171577454,-0.0013137019705027342,0.079999998211860657,0,0.0012886881595477462,-3.637978807091713e-12,0,False,3,2,2022-01-01
1430,2022-07-01,SOM,3710,SOM,1,0.15000000000000002,0.54808062314987183,0.00045613778638653457,0.55000001192092896,0.050000000000000003,0.16873584687709808,-0.02429267019033432,0.14000000059604645,0,0.097962230443954468,0.0023574302904307842,0.10000000149011612,0,0.0012886881595477462,-3.637978807091713e-12,0,False,1,2,2022-01-01
1430,2022-10-01,SOM,3711,SOM,1,0.15000000000000002,0.56271708011627197,0.00046258504153229296,0.56000000238418579,0.050000000000000003,0.24594481289386749,-0.027575338259339333,0.2199999988079071,0,0.11776682734489441,-0.0013137019705027342,0.11999999731779099,0,0.0012886881595477462,-3.637978807091713e-12,0,False,1,3,2022-01-01
1443,2022-01-01,SOM,3729,SOM,2,0.27000000000000002,0.47888821363449097,0.0003880944277625531,0.47999998927116394,0.080000000000000002,0.21910865604877472,-0.00036296871257945895,0.2199999988079071,0.01,0.059336923062801361,-0.0013137019705027342,0.059999998658895493,0,0.0012886881595477462,-3.637978807091713e-12,0,False,2,3,2022-01-01
1443,2022-05-01,SOM,3730,SOM,3,0.46000000000000008,0.6110270619392395,-0.0002391286107013002,0.61000001430511475,0.23000000000000001,0.19395048916339874,0.0026894863694906235,0.20000000298023224,0.029999999999999999,0.077320188283920288,-0.0013137019705027342,0.079999998211860657,0,0.0012886881595477462,-3.637978807091713e-12,0,False,3,3,2022-01-01
1443,2022-07-01,SOM,3731,SOM,1,0.15000000000000002,0.51032340526580811,4.7365469072246924e-05,0.50999999046325684,0.050000000000000003,0.18749605119228363,-0.0052527710795402527,0.18000000715255737,0,0.097962230443954468,0.0023574302904307842,0.10000000149011612,0,0.0012886881595477462,-3.637978807091713e-12,0,False,1,2,2022-01-01
1443,2022-10-01,SOM,3732,SOM,1,0.15000000000000002,0.5199926495552063,-0.00013689976185560226,0.51999998092651367,0.050000000000000003,0.21832664310932159,-0.02042827196419239,0.20000000298023224,0,0.1036156564950943,-0.0013137019705027342,0.10000000149011612,0,0.0012886881595477462,-3.637978807091713e-12,0,False,1,3,2022-01-01
1461,2022-05-01,SOM,3769,SOM,3,0.56000000000000005,0.51880544424057007,-0.00014666779316030443,0.51999998092651367,0.27999999999999997,0.30766630172729492,0.0026894863694906235,0.31000000238418579,0.040000000000000001,0.086049333214759827,0.00028687989106401801,0.090000003576278687,0,0.0012886881595477462,-3.637978807091713e-12,0,False,3,3,2022-01-01
1461,2022-07-01,SOM,3770,SOM,2,0.35000000000000003,0.59218692779541016,0.00035814454895444214,0.5899999737739563,0.15000000000000002,0.35040596127510071,-0.018778134137392044,0.33000001311302185,0.050000000000000003,0.08201204240322113,0.0039580096490681171,0.090000003576278687,0,0.0012886881595477462,-3.637978807091713e-12,0,False,2,3,2022-01-01
1462,2022-05-01,SOM,3777,SOM,3,0.56000000000000005,0.51880544424057007,-0.00014666779316030443,0.51999998092651367,0.27999999999999997,0.30766630172729492,0.0026894863694906235,0.31000000238418579,0.040000000000000001,0.086049333214759827,0.00028687989106401801,0.090000003576278687,0,0.0012886881595477462,-3.637978807091713e-12,0,False,3,3,2022-01-01
1462,2022-07-01,SOM,3778,SOM,2,0.35000000000000003,0.59208554029464722,0.00035814454895444214,0.5899999737739563,0.15000000000000002,0.35040596127510071,-0.018778134137392044,0.33000001311302185,0.050000000000000003,0.08201204240322113,0.0039580096490681171,0.090000003576278687,0,0.0012886881595477462,-3.637978807091713e-12,0,False,2,3,2022-01-01
1466,2022-01-01,SOM,3791,SOM,2,0.27000000000000002,0.51413476467132568,0.0005905688158236444,0.50999999046325684,0.080000000000000002,0.26580682396888733,-0.00036296871257945895,0.27000001072883606,0.01,0.05772775411605835,-0.0013137019705027342,0.059999998658895493,0,0.0012886881595477462,-3.637978807091713e-12,0,False,2,3,2022-01-01
1466,2022-05-01,SOM,3792,SOM,3,0.46000000000000008,0.60412329435348511,8.1678401329554617e-05,0.60000002384185791,0.23000000000000001,0.20222769677639008,0.0047303875908255577,0.20999999344348907,0.029999999999999999,0.075711026787757874,-0.0013137019705027342,0.070000000298023224,0,0.0012886881595477462,-3.637978807091713e-12,0,False,3,3,2022-01-01
1466,2022-07-01,SOM,3793,SOM,3,0.60000000000000009,0.54076766967773438,0.00017112615751102567,0.54000002145767212,0.39999999999999997,0.21225921809673309,0.015936756506562233,0.23000000417232513,0.050000000000000003,0.069651693105697632,0.0023574302904307842,0.070000000298023224,0,0.0012886881595477462,-3.637978807091713e-12,0,False,3,3,2022-01-01
1466,2022-10-01,SOM,3794,SOM,2,0.34999999999999998,0.51768600940704346,0.00029062325484119356,0.51999998092651367,0.14999999999999999,0.24656639993190765,-0.0066626798361539841,0.23999999463558197,0,0.062379032373428345,-0.0013137019705027342,0.059999998658895493,0,0.0012886881595477462,-3.637978807091713e-12,0,False,2,3,2022-01-01
1475,2022-01-01,SOM,3815,SOM,2,0.27000000000000002,0.49269330501556396,0.00063274102285504341,0.49000000953674316,0.080000000000000002,0.25574105978012085,-0.00036296871257945895,0.25999999046325684,0.01,0.05772775411605835,-0.0013137019705027342,0.059999998658895493,0,0.0012886881595477462,-3.637978807091713e-12,0,False,2,3,2022-01-01
1475,2022-05-01,SOM,3816,SOM,3,0.46000000000000008,0.58522278070449829,0.00012385066656861454,0.5899999737739563,0.23000000000000001,0.19036613404750824,0.0047303875908255577,0.20000000298023224,0.029999999999999999,0.075711026787757874,-0.0013137019705027342,0.070000000298023224,0,0.0012886881595477462,-3.637978807091713e-12,0,False,3,3,2022-01-01
1475,2022-07-01,SOM,3817,SOM,3,0.60000000000000009,0.54066228866577148,0.00048559563583694398,0.54000002145767212,0.39999999999999997,0.20292107760906219,0.015936756506562233,0.2199999988079071,0.050000000000000003,0.069651693105697632,0.0023574302904307842,0.070000000298023224,0,0.0012886881595477462,-3.637978807091713e-12,0,False,3,3,2022-01-01
1475,2022-10-01,SOM,3818,SOM,2,0.34999999999999998,0.50311535596847534,0.00029682167223654687,0.5,0.14999999999999999,0.25828865170478821,-0.0066626798361539841,0.25,0,0.073677718639373779,-0.0013137019705027342,0.070000000298023224,0,0.0012886881595477462,-3.637978807091713e-12,0,False,2,3,2022-01-01
1480,2022-01-01,SOM,3836,SOM,2,0.27000000000000002,0.50675195455551147,0.0010645379079505801,0.50999999046325684,0.080000000000000002,0.23684291541576385,-0.00036296871257945895,0.23999999463558197,0.01,0.05772775411605835,-0.0013137019705027342,0.059999998658895493,0,0.0012886881595477462,-3.637978807091713e-12,0,False,2,3,2022-01-01
1480,2022-05-01,SOM,3837,SOM,3,0.46000000000000008,0.5402187705039978,0.00063559366390109062,0.54000002145767212,0.23000000000000001,0.2003227025270462,0.0047303875908255577,0.20999999344348907,0.029999999999999999,0.075711026787757874,-0.0013137019705027342,0.070000000298023224,0,0.0012886881595477462,-3.637978807091713e-12,0,False,3,3,2022-01-01
1480,2022-07-01,SOM,3838,SOM,1,0.15000000000000002,0.55634784698486328,0.00024445229792036116,0.56000000238418579,0.050000000000000003,0.18171091377735138,-0.0056628184393048286,0.18000000715255737,0,0.065960176289081573,0.0023574302904307842,0.070000000298023224,0,0.0012886881595477462,-3.637978807091713e-12,0,False,1,2,2022-01-01
1481,2022-01-01,SOM,3847,SOM,2,0.27000000000000002,0.51317977905273438,0.00043026663479395211,0.50999999046325684,0.080000000000000002,0.22498135268688202,-0.00036296871257945895,0.2199999988079071,0.01,0.05772775411605835,-0.0013137019705027342,0.059999998658895493,0,0.0012886881595477462,-3.637978807091713e-12,0,False,2,3,2022-01-01
1481,2022-05-01,SOM,3848,SOM,3,0.46000000000000008,0.57819271087646484,0.00010029296390712261,0.57999998331069946,0.23000000000000001,0.18846113979816437,0.0047303875908255577,0.18999999761581421,0.029999999999999999,0.075711026787757874,-0.0013137019705027342,0.070000000298023224,0,0.0012886881595477462,-3.637978807091713e-12,0,False,3,2,2022-01-01
1481,2022-07-01,SOM,3849,SOM,1,0.15000000000000002,0.53722292184829712,4.9896287237061188e-05,0.54000002145767212,0.050000000000000003,0.18920837342739105,-0.0056628184393048286,0.18000000715255737,0,0.096353068947792053,0.0023574302904307842,0.10000000149011612,0,0.0012886881595477462,-3.637978807091713e-12,0,False,1,2,2022-01-01
1481,2022-10-01,SOM,3850,SOM,1,0.15000000000000002,0.50297266244888306,0.00015519828593824059,0.5,0.050000000000000003,0.21376027166843414,-0.023971404880285263,0.18999999761581421,0,0.071310542523860931,-0.0013137019705027342,0.070000000298023224,0,0.0012886881595477462,-3.637978807091713e-12,0,False,1,2,2022-01-01
1495,2022-01-01,SOM,3873,SOM,2,0.27000000000000002,0.49795901775360107,0.00039261236088350415,0.5,0.089999999999999997,0.25899308919906616,-0.0024038697592914104,0.25999999046325684,0.01,0.064038693904876709,0.00028687989106401801,0.059999998658895493,0,0.0012886881595477462,-3.637978807091713e-12,0,False,2,3,2022-01-01
1495,2022-10-01,SOM,3874,SOM,1,0.15000000000000002,0.42644611001014709,-0.00018541932513471693,0.43000000715255737,0.050000000000000003,0.26932346820831299,-0.011161524802446365,0.25999999046325684,0,0.073568060994148254,0.00028687989106401801,0.070000000298023224,0,0.0012886881595477462,-3.637978807091713e-12,0,False,1,3,2022-01-01
1503,2022-01-01,SOM,3888,SOM,2,0.27000000000000002,0.52791792154312134,0.00015786997391842306,0.52999997138977051,0.089999999999999997,0.26430141925811768,-0.0024038697592914104,0.25999999046325684,0.01,0.064038693904876709,0.00028687989106401801,0.059999998658895493,0,0.0012886881595477462,-3.637978807091713e-12,0,False,2,3,2022-01-01
1503,2022-10-01,SOM,3889,SOM,2,0.34999999999999998,0.48832684755325317,1.23945601444575e-05,0.49000000953674316,0.14999999999999999,0.28017795085906982,-0.0087035801261663437,0.27000001072883606,0,0.071360558271408081,0.00028687989106401801,0.070000000298023224,0,0.0012886881595477462,-3.637978807091713e-12,0,False,2,3,2022-01-01
1518,2022-01-01,SOM,3927,SOM,2,0.27000000000000002,0.47582682967185974,-0.00029634745442308486,0.47999998927116394,0.089999999999999997,0.24747605621814728,-0.0024038697592914104,0.25,0.01,0.05967249721288681,-0.0013137019705027342,0.059999998658895493,0,0.0012886881595477462,-3.637978807091713e-12,0,False,2,3,2022-01-01
1518,2022-05-01,SOM,3928,SOM,3,0.46000000000000008,0.57745695114135742,-0.00025500345509499311,0.57999998331069946,0.23000000000000001,0.22431300580501556,-0.0024038697592914104,0.2199999988079071,0.029999999999999999,0.05772775411605835,-0.0013137019705027342,0.059999998658895493,0,0.0012886881595477462,-3.637978807091713e-12,0,False,3,3,2022-01-01
1518,2022-07-01,SOM,3929,SOM,3,0.60000000000000009,0.49126002192497253,0.00078698561992496252,0.49000000953674316,0.39999999999999997,0.2119857519865036,0.01076277531683445,0.2199999988079071,0.050000000000000003,0.069651693105697632,0.0023574302904307842,0.070000000298023224,0,0.0012886881595477462,-3.637978807091713e-12,0,False,3,3,2022-01-01
1518,2022-10-01,SOM,3930,SOM,2,0.34999999999999998,0.45871642231941223,-1.0880893569265027e-05,0.46000000834465027,0.14999999999999999,0.24784781038761139,-0.011161524802446365,0.23999999463558197,0,0.073568060994148254,-0.0013137019705027342,0.070000000298023224,0,0.0012886881595477462,-3.637978807091713e-12,0,False,2,3,2022-01-01
1522,2022-01-01,SOM,3944,SOM,2,0.27000000000000002,0.4836132824420929,-0.00027004620642401278,0.47999998927116394,0.089999999999999997,0.24960605800151825,-0.0024038697592914104,0.25,0.01,0.05772775411605835,0.00028687989106401801,0.059999998658895493,0,0.0012886881595477462,-3.637978807091713e-12,0,False,2,3,2022-01-01
1522,2022-05-01,SOM,3945,SOM,3,0.46000000000000008,0.5659329891204834,-0.00020433447207324207,0.56999999284744263,0.23000000000000001,0.22311021387577057,-0.0024038697592914104,0.2199999988079071,0.029999999999999999,0.05772775411605835,0.00028687989106401801,0.059999998658895493,0,0.0012886881595477462,-3.637978807091713e-12,0,False,3,3,2022-01-01
1522,2022-07-01,SOM,3946,SOM,2,0.34999999999999998,0.55838507413864136,0.00040432176319882274,0.56000000238418579,0.14999999999999999,0.26523610949516296,0.0071742888540029526,0.27000001072883606,0,0.069651693105697632,0.0016255056252703071,0.070000000298023224,0,0.0012886881595477462,-3.637978807091713e-12,0,False,2,3,2022-01-01
1522,2022-10-01,SOM,3947,SOM,2,0.34999999999999998,0.50862616300582886,8.2359420048305765e-06,0.50999999046325684,0.14999999999999999,0.26992371678352356,-0.0087035801261663437,0.25999999046325684,0,0.071360558271408081,0.00028687989106401801,0.070000000298023224,0,0.0012886881595477462,-3.637978807091713e-12,0,False,2,3,2022-01-01
1528,2022-01-01,SOM,3961,SOM,2,0.33999999999999997,0.53107213973999023,0.00078192353248596191,0.52999997138977051,0.14999999999999999,0.21380279958248138,-0.0048988587222993374,0.20999999344348907,0.029999999999999999,0.06479160487651825,0.00028687989106401801,0.070000000298023224,0,0.0012886881595477462,-3.637978807091713e-12,0,False,2,3,2022-01-01
1528,2022-05-01,SOM,3962,SOM,3,0.57999999999999996,0.57127702236175537,0.00017709792882669717,0.56999999284744263,0.32999999999999996,0.26871380209922791,0.00019449729006737471,0.27000001072883606,0.089999999999999997,0.082774892449378967,0.00028687989106401801,0.079999998211860657,0,0.0012886881595477462,-3.637978807091713e-12,0,False,3,3,2022-01-01
1528,2022-07-01,SOM,3963,SOM,3,0.45000000000000001,0.53231567144393921,0.00017235185077879578,0.52999997138977051,0.25,0.27881988883018494,-0.0077477605082094669,0.27000001072883606,0.050000000000000003,0.11362835764884949,0.0039580096490681171,0.11999999731779099,0,0.0012886881595477462,-3.637978807091713e-12,0,False,3,3,2022-01-01
1528,2022-10-01,SOM,3964,SOM,3,0.45000000000000001,0.49115979671478271,-0.00014235058915801346,0.49000000953674316,0.25,0.29267668724060059,-0.019171053543686867,0.27000001072883606,0.050000000000000003,0.11131121218204498,0.00028687989106401801,0.10999999940395355,0,0.0012886881595477462,-3.637978807091713e-12,0,False,3,3,2022-01-01
1540,2022-01-01,SOM,3990,SOM,2,0.33999999999999997,0.50626963376998901,0.00076542061287909746,0.50999999046325684,0.14999999999999999,0.21923814713954926,-0.0048988587222993374,0.20999999344348907,0.029999999999999999,0.06479160487651825,0.00028687989106401801,0.070000000298023224,0,0.0012886881595477462,-3.637978807091713e-12,0,False,2,3,2022-01-01
1540,2022-05-01,SOM,3991,SOM,3,0.57999999999999996,0.58431345224380493,0.00013758105342276394,0.57999998331069946,0.32999999999999996,0.28238928318023682,0.00019449729006737471,0.2800000011920929,0.089999999999999997,0.082774892449378967,0.00028687989106401801,0.079999998211860657,0,0.0012886881595477462,-3.637978807091713e-12,0,False,3,3,2022-01-01
1540,2022-07-01,SOM,3992,SOM,3,0.39999999999999997,0.60708510875701904,0.00069603131851181388,0.61000001430511475,0.20000000000000001,0.31652751564979553,0.0082677854225039482,0.31999999284744263,0.050000000000000003,0.071260854601860046,0.0039580096490681171,0.079999998211860657,0,0.0012886881595477462,-3.637978807091713e-12,0,False,3,3,2022-01-01
1540,2022-10-01,SOM,3993,SOM,3,0.45000000000000001,0.55847823619842529,-0.00028681254480034113,0.56000000238418579,0.25,0.29874196648597717,-0.011198570020496845,0.28999999165534973,0.050000000000000003,0.084609836339950562,0.00028687989106401801,0.079999998211860657,0,0.0012886881595477462,-3.637978807091713e-12,0,False,3,3,2022-01-01
1551,2022-01-01,SOM,4019,SOM,2,0.27000000000000002,0.48697498440742493,0.00010247504542348906,0.49000000953674316,0.089999999999999997,0.2097187340259552,-0.00036296871257945895,0.20999999344348907,0.01,0.054283171892166138,0.00028687989106401801,0.05000000074505806,0,0.0012886881595477462,-3.637978807091713e-12,0,False,2,3,2022-01-01
1551,2022-05-01,SOM,4020,SOM,3,0.46000000000000008,0.50888693332672119,0.00051439687376841903,0.50999999046325684,0.23000000000000001,0.17828652262687683,-0.00036296871257945895,0.18000000715255737,0.029999999999999999,0.056793153285980225,0.00028687989106401801,0.059999998658895493,0,0.0012886881595477462,-3.637978807091713e-12,0,False,3,2,2022-01-01
1551,2022-07-01,SOM,4021,SOM,3,0.44999999999999996,0.5377926230430603,0.00014610693324357271,0.54000002145767212,0.25,0.1651325523853302,0.012348275631666183,0.18000000715255737,0.10000000000000001,0.059120230376720428,0.00028687989106401801,0.059999998658895493,0,0.0012886881595477462,-3.637978807091713e-12,0,False,3,2,2022-01-01
1551,2022-10-01,SOM,4022,SOM,2,0.25,0.48026326298713684,-0.00019488520047161728,0.47999998927116394,0.050000000000000003,0.25217762589454651,-0.00036296871257945895,0.25,0,0.05579598993062973,0.00028687989106401801,0.059999998658895493,0,0.0012886881595477462,-3.637978807091713e-12,0,False,2,3,2022-01-01
1553,2022-01-01,SOM,4031,SOM,2,0.27000000000000002,0.55515223741531372,0.0005314055597409606,0.56000000238418579,0.089999999999999997,0.22813095152378082,-0.00036296871257945895,0.23000000417232513,0.01,0.05772775411605835,-0.0013137019705027342,0.059999998658895493,0,0.0012886881595477462,-3.637978807091713e-12,0,False,2,3,2022-01-01
1553,2022-05-01,SOM,4032,SOM,3,0.46000000000000008,0.55888998508453369,0.00059711746871471405,0.56000000238418579,0.23000000000000001,0.18021155893802643,-0.00036296871257945895,0.18000000715255737,0.029999999999999999,0.05772775411605835,-0.0013137019705027342,0.059999998658895493,0,0.0012886881595477462,-3.637978807091713e-12,0,False,3,2,2022-01-01
1553,2022-07-01,SOM,4033,SOM,3,0.60000000000000009,0.47438675165176392,0.00044473190791904926,0.4699999988079071,0.39999999999999997,0.20011632144451141,0.012803677469491959,0.20999999344348907,0.050000000000000003,0.069651693105697632,0.0023574302904307842,0.070000000298023224,0,0.0012886881595477462,-3.637978807091713e-12,0,False,3,3,2022-01-01
1553,2022-10-01,SOM,4034,SOM,2,0.30000000000000004,0.48271673917770386,0.00025105354143306613,0.47999998927116394,0.10000000000000001,0.23460330069065094,-0.0091206245124340057,0.23000000417232513,0,0.059178717434406281,-0.0013137019705027342,0.059999998658895493,0,0.0012886881595477462,-3.637978807091713e-12,0,False,2,3,2022-01-01
1558,2022-01-01,SOM,4045,SOM,2,0.33999999999999997,0.49485716223716736,0.00092048617079854012,0.5,0.14999999999999999,0.25978651642799377,-0.0015861318679526448,0.25999999046325684,0.029999999999999999,0.06479160487651825,0.00028687989106401801,0.070000000298023224,0,0.0012886881595477462,-3.637978807091713e-12,0,False,2,3,2022-01-01
1558,2022-05-01,SOM,4046,SOM,3,0.57999999999999996,0.55199563503265381,-9.9001794296782464e-05,0.55000001192092896,0.32999999999999996,0.24579207599163055,0.00019449729006737471,0.25,0.089999999999999997,0.11020520329475403,0.00028687989106401801,0.10999999940395355,0,0.0012886881595477462,-3.637978807091713e-12,0,False,3,3,2022-01-01
1558,2022-07-01,SOM,4047,SOM,4,0.69999999999999996,0.56197315454483032,0.00020647946803364903,0.56000000238418579,0.5,0.30147102475166321,-0.019640594720840454,0.2800000011920929,0.20000000000000001,0.11362835764884949,0.0039580096490681171,0.11999999731779099,0,0.0012886881595477462,-3.637978807091713e-12,0,False,4,3,2022-01-01
1558,2022-10-01,SOM,4048,SOM,3,0.65000000000000002,0.508433997631073,5.6936594774015248e-05,0.50999999046325684,0.44999999999999996,0.30710738897323608,-0.03007032722234726,0.2800000011920929,0.14999999999999999,0.095645084977149963,0.00028687989106401801,0.10000000149011612,0,0.0012886881595477462,-3.637978807091713e-12,0,False,3,3,2022-01-01
1559,2022-01-01,SOM,4057,SOM,2,0.33999999999999997,0.49488028883934021,0.00092048617079854012,0.5,0.14999999999999999,0.25978651642799377,-0.0015861318679526448,0.25999999046325684,0.029999999999999999,0.06479160487651825,0.00028687989106401801,0.070000000298023224,0,0.0012886881595477462,-3.637978807091713e-12,0,False,2,3,2022-01-01
1559,2022-05-01,SOM,4058,SOM,3,0.57999999999999996,0.5533784031867981,-9.9001794296782464e-05,0.55000001192092896,0.32999999999999996,0.24579207599163055,0.00019449729006737471,0.25,0.089999999999999997,0.11020520329475403,0.00028687989106401801,0.10999999940395355,0,0.0012886881595477462,-3.637978807091713e-12,0,False,3,3,2022-01-01
1559,2022-07-01,SOM,4059,SOM,4,0.69999999999999996,0.55883258581161499,0.00020647946803364903,0.56000000238418579,0.5,0.29074347019195557,-0.019640594720840454,0.27000001072883606,0.20000000000000001,0.11362835764884949,0.0039580096490681171,0.11999999731779099,0,0.0012886881595477462,-3.637978807091713e-12,0,False,4,3,2022-01-01
1559,2022-10-01,SOM,4060,SOM,3,0.65000000000000002,0.50517284870147705,5.6936594774015248e-05,0.50999999046325684,0.44999999999999996,0.29637980461120605,-0.03007032722234726,0.27000001072883606,0.14999999999999999,0.095645084977149963,0.00028687989106401801,0.10000000149011612,0,0.0012886881595477462,-3.637978807091713e-12,0,False,3,3,2022-01-01
1561,2022-01-01,SOM,4071,SOM,2,0.29000000000000004,0.48985990881919861,0.00064710382139310241,0.49000000953674316,0.099999999999999992,0.26841580867767334,-0.00036296871257945895,0.27000001072883606,0.01,0.064038693904876709,-0.0013137019705027342,0.059999998658895493,0,0.0012886881595477462,-3.637978807091713e-12,0,False,2,3,2022-01-01
1561,2022-05-01,SOM,4072,SOM,3,0.54999999999999993,0.6010245680809021,0.00069352920399978757,0.60000002384185791,0.31,0.18120528757572174,0.0047303875908255577,0.18999999761581421,0.080000000000000002,0.067581295967102051,-0.0013137019705027342,0.070000000298023224,0,0.0012886881595477462,-3.637978807091713e-12,0,False,3,2,2022-01-01
1561,2022-07-01,SOM,4073,SOM,3,0.60000000000000009,0.59602850675582886,0.00020397562184371054,0.60000002384185791,0.39999999999999997,0.24178175628185272,0.01076277531683445,0.25,0.050000000000000003,0.069651693105697632,0.0023574302904307842,0.070000000298023224,0,0.0012886881595477462,-3.637978807091713e-12,0,False,3,3,2022-01-01
1561,2022-10-01,SOM,4074,SOM,2,0.30000000000000004,0.57082432508468628,-0.00026356757734902203,0.56999999284744263,0.10000000000000001,0.25674650073051453,-0.0087035801261663437,0.25,0,0.071360558271408081,-0.0013137019705027342,0.070000000298023224,0,0.0012886881595477462,-3.637978807091713e-12,0,False,2,3,2022-01-01
1562,2022-05-01,SOM,4083,SOM,3,0.57999999999999996,0.592376708984375,-0.00022604290279559791,0.5899999737739563,0.32999999999999996,0.20588083565235138,0.00019449729006737471,0.20999999344348907,0.089999999999999997,0.083733677864074707,0.00028687989106401801,0.079999998211860657,0,0.0012886881595477462,-3.637978807091713e-12,0,False,3,3,2022-01-01
1562,2022-07-01,SOM,4084,SOM,3,0.45000000000000001,0.56645786762237549,-0.00037799103301949799,0.56999999284744263,0.25,0.29300069808959961,-0.026787659153342247,0.27000001072883606,0.050000000000000003,0.11690430343151093,0.0039580096490681171,0.11999999731779099,0,0.0012886881595477462,-3.637978807091713e-12,0,False,3,3,2022-01-01
1562,2022-10-01,SOM,4085,SOM,3,0.45000000000000001,0.53350114822387695,-0.0003799371188506484,0.52999997138977051,0.25,0.27355384826660156,-0.03007032722234726,0.23999999463558197,0.050000000000000003,0.098921030759811401,0.00028687989106401801,0.10000000149011612,0,0.0012886881595477462,-3.637978807091713e-12,0,False,3,3,2022-01-01
1563,2022-07-01,SOM,4092,SOM,3,0.45000000000000001,0.56497973203659058,-0.00013326313637662679,0.56000000238418579,0.25,0.29066503047943115,-0.02429267019033432,0.27000001072883606,0.050000000000000003,0.110735222697258,0.0039580096490681171,0.10999999940395355,0,0.0012886881595477462,-3.637978807091713e-12,0,False,3,3,2022-01-01
1563,2022-10-01,SOM,4093,SOM,3,0.45000000000000001,0.52301180362701416,-0.00033586405334062874,0.51999998092651367,0.25,0.26259809732437134,-0.027575338259339333,0.23999999463558197,0.050000000000000003,0.090021833777427673,0.00028687989106401801,0.090000003576278687,0,0.0012886881595477462,-3.637978807091713e-12,0,False,3,3,2022-01-01
1566,2022-01-01,SOM,4107,SOM,2,0.29000000000000004,0.5115925669670105,0.00018225813983008265,0.50999999046325684,0.099999999999999992,0.24702124297618866,-0.0024038697592914104,0.23999999463558197,0.01,0.064038693904876709,-0.0013137019705027342,0.059999998658895493,0,0.0012886881595477462,-3.637978807091713e-12,0,False,2,3,2022-01-01
1566,2022-05-01,SOM,4108,SOM,3,0.54999999999999993,0.59339624643325806,0.00041622668504714966,0.5899999737739563,0.31,0.18878103792667389,0.0026894863694906235,0.18999999761581421,0.080000000000000002,0.067581295967102051,-0.0013137019705027342,0.070000000298023224,0,0.0012886881595477462,-3.637978807091713e-12,0,False,3,2,2022-01-01
1566,2022-07-01,SOM,4109,SOM,3,0.65000000000000002,0.58907914161682129,-0.00028626882703974843,0.5899999737739563,0.44999999999999996,0.25654202699661255,0.01076277531683445,0.27000001072883606,0.10000000000000001,0.069651693105697632,0.0023574302904307842,0.070000000298023224,0,0.0012886881595477462,-3.637978807091713e-12,0,False,3,3,2022-01-01
1566,2022-10-01,SOM,4110,SOM,3,0.65000000000000002,0.60488426685333252,-2.0912866602884606e-05,0.60000002384185791,0.44999999999999996,0.28339514136314392,-0.0087035801261663437,0.27000001072883606,0.10000000000000001,0.071360558271408081,-0.0013137019705027342,0.070000000298023224,0,0.0012886881595477462,-3.637978807091713e-12,0,False,3,3,2022-01-01
1569,2022-05-01,SOM,4122,SOM,3,0.54999999999999993,0.57757866382598877,0.00029119348619133234,0.57999998331069946,0.31,0.22247464954853058,0.0026894863694906235,0.23000000417232513,0.080000000000000002,0.079704791307449341,0.00028687989106401801,0.079999998211860657,0,0.0012886881595477462,-3.637978807091713e-12,0,False,3,3,2022-01-01
1569,2022-10-01,SOM,4123,SOM,3,0.45000000000000001,0.52519083023071289,-0.00012462212180253118,0.52999997138977051,0.25,0.27509650588035583,-0.02042827196419239,0.25,0.050000000000000003,0.098753392696380615,0.00028687989106401801,0.10000000149011612,0,0.0012886881595477462,-3.637978807091713e-12,0,False,3,3,2022-01-01
1570,2022-05-01,SOM,4131,SOM,3,0.54999999999999993,0.57947021722793579,0.00028259048121981323,0.57999998331069946,0.31,0.18996410071849823,0.0026894863694906235,0.18999999761581421,0.080000000000000002,0.079704791307449341,0.00028687989106401801,0.079999998211860657,0,0.0012886881595477462,-3.637978807091713e-12,0,False,3,2,2022-01-01
1570,2022-10-01,SOM,4132,SOM,3,0.45000000000000001,0.52826404571533203,-0.00034205566043965518,0.52999997138977051,0.25,0.25389882922172546,-0.027575338259339333,0.23000000417232513,0.050000000000000003,0.098753392696380615,0.00028687989106401801,0.10000000149011612,0,0.0012886881595477462,-3.637978807091713e-12,0,False,3,3,2022-01-01
1571,2022-01-01,SOM,4141,SOM,2,0.27000000000000002,0.50250333547592163,-0.00065137125784531236,0.5,0.089999999999999997,0.23740987479686737,-0.0024038697592914104,0.23999999463558197,0.01,0.059336923062801361,-0.0013137019705027342,0.059999998658895493,0,0.0012886881595477462,-3.637978807091713e-12,0,False,2,3,2022-01-01
1571,2022-05-01,SOM,4142,SOM,3,0.46000000000000008,0.60657501220703125,-0.00061692128656432033,0.61000001430511475,0.23000000000000001,0.21501241624355316,-0.0024038697592914104,0.20999999344348907,0.029999999999999999,0.059336923062801361,-0.0013137019705027342,0.059999998658895493,0,0.0012886881595477462,-3.637978807091713e-12,0,False,3,3,2022-01-01
1571,2022-07-01,SOM,4143,SOM,3,0.65000000000000002,0.53575140237808228,0.00095341139240190387,0.54000002145767212,0.44999999999999996,0.31675946712493896,0.01076277531683445,0.33000001311302185,0.10000000000000001,0.071260854601860046,0.0023574302904307842,0.070000000298023224,0,0.0012886881595477462,-3.637978807091713e-12,0,False,3,3,2022-01-01
1571,2022-10-01,SOM,4144,SOM,3,0.65000000000000002,0.51084780693054199,-8.5829153249505907e-05,0.50999999046325684,0.44999999999999996,0.28957599401473999,-0.0087035801261663437,0.2800000011920929,0.10000000000000001,0.072389617562294006,-0.0013137019705027342,0.070000000298023224,0,0.0012886881595477462,-3.637978807091713e-12,0,False,3,3,2022-01-01
1574,2022-01-01,SOM,4154,SOM,2,0.33000000000000002,0.51347696781158447,-9.3837415988673456e-06,0.50999999046325684,0.13999999999999999,0.25623482465744019,-0.0085035338997840881,0.25,0.02,0.085933595895767212,0.00028687989106401801,0.090000003576278687,0,0.0012886881595477462,-3.637978807091713e-12,0,False,2,3,2022-01-01
1574,2022-10-01,SOM,4155,SOM,3,0.75000000000000011,0.57863098382949829,0.00045310024870559573,0.57999998331069946,0.55000000000000004,0.29074665904045105,0.009696044959127903,0.30000001192092896,0.14999999999999999,0.089026689529418945,0.00028687989106401801,0.090000003576278687,0,0.0012886881595477462,-3.637978807091713e-12,0,False,3,3,2022-01-01
1575,2022-01-01,SOM,4161,SOM,2,0.33000000000000002,0.52020448446273804,-9.3837415988673456e-06,0.51999998092651367,0.13999999999999999,0.25623482465744019,-0.0085035338997840881,0.25,0.02,0.085933595895767212,0.00028687989106401801,0.090000003576278687,0,0.0012886881595477462,-3.637978807091713e-12,0,False,2,3,2022-01-01
1575,2022-10-01,SOM,4162,SOM,3,0.75000000000000011,0.58078032732009888,0.00045310024870559573,0.57999998331069946,0.55000000000000004,0.29074665904045105,0.009696044959127903,0.30000001192092896,0.14999999999999999,0.089026689529418945,0.00028687989106401801,0.090000003576278687,0,0.0012886881595477462,-3.637978807091713e-12,0,False,3,3,2022-01-01
1578,2022-01-01,SOM,4177,SOM,2,0.33999999999999997,0.6221240758895874,0.0010172268375754356,0.62000000476837158,0.14999999999999999,0.28160223364830017,-0.0048988587222993374,0.2800000011920929,0.029999999999999999,0.06479160487651825,0.00028687989106401801,0.070000000298023224,0,0.0012886881595477462,-3.637978807091713e-12,0,False,2,3,2022-01-01
1578,2022-05-01,SOM,4178,SOM,3,0.57999999999999996,0.63462132215499878,0.00032334536081179976,0.62999999523162842,0.32999999999999996,0.32014167308807373,0.00019449729006737471,0.31999999284744263,0.089999999999999997,0.082774892449378967,0.00028687989106401801,0.079999998211860657,0,0.0012886881595477462,-3.637978807091713e-12,0,False,3,3,2022-01-01
1578,2022-07-01,SOM,4179,SOM,3,0.70000000000000007,0.54383504390716553,-0.00013436030712909997,0.54000002145767212,0.5,0.34546694159507751,-0.0077477605082094669,0.34000000357627869,0.10000000000000001,0.11362835764884949,0.0039580096490681171,0.11999999731779099,0,0.0012886881595477462,-3.637978807091713e-12,0,False,3,3,2022-01-01
1578,2022-10-01,SOM,4180,SOM,3,0.70000000000000007,0.48988801240921021,-0.00031491235131397843,0.49000000953674316,0.5,0.35280695557594299,-0.019171053543686867,0.33000001311302185,0.10000000000000001,0.11362835764884949,0.00028687989106401801,0.10999999940395355,0,0.0012886881595477462,-3.637978807091713e-12,0,False,3,3,2022-01-01
1588,2022-05-01,SOM,4210,SOM,3,0.54999999999999993,0.56825399398803711,7.8542274422943592e-05,0.56999999284744263,0.31,0.18562383949756622,0.00019449729006737471,0.18999999761581421,0.080000000000000002,0.059336923062801361,-0.0013137019705027342,0.059999998658895493,0,0.0012886881595477462,-3.637978807091713e-12,0,False,3,2,2022-01-01
1589,2022-01-01,SOM,4211,SOM,2,0.27000000000000002,0.45692819356918335,0.00033857376547530293,0.46000000834465027,0.089999999999999997,0.18514786660671234,-0.00036296871257945895,0.18000000715255737,0.01,0.059336923062801361,0.00028687989106401801,0.059999998658895493,0,0.0012886881595477462,-3.637978807091713e-12,0,False,2,2,2022-01-01
1595,2022-01-01,SOM,4236,SOM,2,0.29000000000000004,0.48154640197753906,8.0489946412853897e-05,0.47999998927116394,0.099999999999999992,0.25031501054763794,-0.0024038697592914104,0.25,0.01,0.059336923062801361,-0.0013137019705027342,0.059999998658895493,0,0.0012886881595477462,-3.637978807091713e-12,0,False,2,3,2022-01-01
1595,2022-05-01,SOM,4237,SOM,3,0.54999999999999993,0.59857696294784546,-0.00033451995113864541,0.60000002384185791,0.31,0.20437811315059662,0.0026894863694906235,0.20999999344348907,0.080000000000000002,0.059336923062801361,-0.0013137019705027342,0.059999998658895493,0,0.0012886881595477462,-3.637978807091713e-12,0,False,3,3,2022-01-01
1595,2022-07-01,SOM,4238,SOM,3,0.59999999999999998,0.57630407810211182,0.00033548011560924351,0.57999998331069946,0.40000000000000002,0.24722374975681305,-0.02429267019033432,0.2199999988079071,0.10000000000000001,0.097962230443954468,0.0023574302904307842,0.10000000149011612,0,0.0012886881595477462,-3.637978807091713e-12,0,False,3,3,2022-01-01
1595,2022-10-01,SOM,4239,SOM,3,0.59999999999999998,0.53420305252075195,6.3357700128108263e-05,0.52999997138977051,0.40000000000000002,0.28905284404754639,-0.027575338259339333,0.25999999046325684,0.10000000000000001,0.1154496818780899,-0.0013137019705027342,0.10999999940395355,0,0.0012886881595477462,-3.637978807091713e-12,0,False,3,3,2022-01-01
1596,2022-01-01,SOM,4248,SOM,2,0.29000000000000004,0.48518285155296326,8.0489946412853897e-05,0.49000000953674316,0.099999999999999992,0.24721474945545197,-0.0024038697592914104,0.23999999463558197,0.01,0.059336923062801361,-0.0013137019705027342,0.059999998658895493,0,0.0012886881595477462,-3.637978807091713e-12,0,False,2,3,2022-01-01
1596,2022-05-01,SOM,4249,SOM,3,0.54999999999999993,0.60217165946960449,-0.00033451995113864541,0.60000002384185791,0.31,0.20127780735492706,0.0026894863694906235,0.20000000298023224,0.080000000000000002,0.059336923062801361,-0.0013137019705027342,0.059999998658895493,0,0.0012886881595477462,-3.637978807091713e-12,0,False,3,3,2022-01-01
1596,2022-07-01,SOM,4250,SOM,3,0.59999999999999998,0.57324010133743286,0.00033548011560924351,0.56999999284744263,0.40000000000000002,0.23339585959911346,-0.02429267019033432,0.20999999344348907,0.10000000000000001,0.097962230443954468,0.0023574302904307842,0.10000000149011612,0,0.0012886881595477462,-3.637978807091713e-12,0,False,3,3,2022-01-01
1596,2022-10-01,SOM,4251,SOM,3,0.59999999999999998,0.52863585948944092,6.3357700128108263e-05,0.52999997138977051,0.40000000000000002,0.2752249538898468,-0.027575338259339333,0.25,0.10000000000000001,0.1154496818780899,-0.0013137019705027342,0.10999999940395355,0,0.0012886881595477462,-3.637978807091713e-12,0,False,3,3,2022-01-01
1600,2022-01-01,SOM,4260,SOM,3,0.43000000000000005,0.50548100471496582,0.00038809698889963329,0.50999999046325684,0.22,0.22962130606174469,-0.011037259362637997,0.2199999988079071,0.02,0.080363407731056213,0.00028687989106401801,0.079999998211860657,0,0.0012886881595477462,-3.637978807091713e-12,0,False,3,3,2022-01-01
1600,2022-05-01,SOM,4261,SOM,3,0.60999999999999999,0.54605847597122192,0.00029469045693986118,0.55000001192092896,0.37,0.27652648091316223,0.00019449729006737471,0.2800000011920929,0.080000000000000002,0.080363407731056213,0.00028687989106401801,0.079999998211860657,0,0.0012886881595477462,-3.637978807091713e-12,0,False,3,3,2022-01-01
1600,2022-07-01,SOM,4262,SOM,3,0.70000000000000007,0.54109072685241699,0.00024332854081876576,0.54000002145767212,0.5,0.27867746353149414,-0.0077477605082094669,0.27000001072883606,0.10000000000000001,0.11353403329849243,0.0039580096490681171,0.11999999731779099,0,0.0012886881595477462,-3.637978807091713e-12,0,False,3,3,2022-01-01
1600,2022-10-01,SOM,4263,SOM,3,0.65000000000000002,0.51248914003372192,-0.00014769476547371596,0.50999999046325684,0.44999999999999996,0.29077592492103577,-0.019794916734099388,0.27000001072883606,0.10000000000000001,0.068849369883537292,0.00028687989106401801,0.070000000298023224,0,0.0012886881595477462,-3.637978807091713e-12,0,False,3,3,2022-01-01
1604,2022-07-01,SOM,4266,SOM,3,0.70000000000000007,0.54245984554290771,-0.00036391266621649265,0.54000002145767212,0.5,0.29893222451210022,-0.026787659153342247,0.27000001072883606,0.10000000000000001,0.11362835764884949,0.0039580096490681171,0.11999999731779099,0,0.0012886881595477462,-3.637978807091713e-12,0,False,3,3,2022-01-01
1605,2022-07-01,SOM,4273,SOM,3,0.59999999999999998,0.54741418361663818,-5.1029197493335232e-05,0.55000001192092896,0.40000000000000002,0.2425532191991806,-0.015104704536497593,0.23000000417232513,0.10000000000000001,0.097962230443954468,0.0023574302904307842,0.10000000149011612,0,0.0012886881595477462,-3.637978807091713e-12,0,False,3,3,2022-01-01
1605,2022-10-01,SOM,4274,SOM,3,0.59999999999999998,0.4849555492401123,-0.00020442296226974577,0.47999998927116394,0.40000000000000002,0.24069325625896454,-0.018387369811534882,0.2199999988079071,0.10000000000000001,0.073431827127933502,-0.0013137019705027342,0.070000000298023224,0,0.0012886881595477462,-3.637978807091713e-12,0,False,3,3,2022-01-01
1608,2022-01-01,SOM,4283,SOM,3,0.43000000000000005,0.49605801701545715,-0.00049702497199177742,0.5,0.22,0.24857528507709503,-0.0085422694683074951,0.23999999463558197,0.02,0.081647366285324097,0.00028687989106401801,0.079999998211860657,0,0.0012886881595477462,-3.637978807091713e-12,0,False,3,3,2022-01-01
1608,2022-05-01,SOM,4284,SOM,3,0.60999999999999999,0.56956088542938232,-0.00049867166671901941,0.56999999284744263,0.37,0.29404681921005249,0.0026894863694906235,0.30000001192092896,0.080000000000000002,0.081647366285324097,0.00028687989106401801,0.079999998211860657,0,0.0012886881595477462,-3.637978807091713e-12,0,False,3,3,2022-01-01
1608,2022-07-01,SOM,4285,SOM,3,0.70000000000000007,0.55076348781585693,-0.00018560585158411413,0.55000001192092896,0.5,0.30473154783248901,-0.02429267019033432,0.2800000011920929,0.10000000000000001,0.11481799185276031,0.0039580096490681171,0.11999999731779099,0,0.0012886881595477462,-3.637978807091713e-12,0,False,3,3,2022-01-01
1608,2022-10-01,SOM,4286,SOM,3,0.65000000000000002,0.49013766646385193,0.00028126480174250901,0.49000000953674316,0.44999999999999996,0.28364527225494385,-0.027575338259339333,0.25999999046325684,0.10000000000000001,0.096834719181060791,0.00028687989106401801,0.10000000149011612,0,0.0012886881595477462,-3.637978807091713e-12,0,False,3,3,2022-01-01
1609,2022-07-01,SOM,4293,SOM,3,0.59999999999999998,0.56163108348846436,0.00012536886788439006,0.56000000238418579,0.40000000000000002,0.23945288360118866,-0.017145605757832527,0.2199999988079071,0.10000000000000001,0.097962230443954468,0.0023574302904307842,0.10000000149011612,0,0.0012886881595477462,-3.637978807091713e-12,0,False,3,3,2022-01-01
1609,2022-10-01,SOM,4294,SOM,3,0.59999999999999998,0.49433413147926331,-0.00012583004718180746,0.49000000953674316,0.40000000000000002,0.23387907445430756,-0.02042827196419239,0.20999999344348907,0.10000000000000001,0.09883398562669754,-0.0013137019705027342,0.10000000149011612,0,0.0012886881595477462,-3.637978807091713e-12,0,False,3,3,2022-01-01
1622,2022-01-01,SOM,4319,SOM,3,0.37,0.5474972128868103,0.00021085666958242655,0.55000001192092896,0.20999999999999999,0.31954911351203918,-0.0065013691782951355,0.31000000238418579,0.059999999999999998,0.095995649695396423,0.00028687989106401801,0.10000000149011612,0,0.0012886881595477462,-3.637978807091713e-12,0,False,3,3,2022-01-01
1622,2022-10-01,SOM,4320,SOM,3,0.75000000000000011,0.48780018091201782,-0.00041495950426906347,0.49000000953674316,0.55000000000000004,0.30783647298812866,0.014204245060682297,0.31999999284744263,0.14999999999999999,0.098604604601860046,0.00028687989106401801,0.10000000149011612,0,0.0012886881595477462,-3.637978807091713e-12,0,False,3,3,2022-01-01
1623,2022-01-01,SOM,4323,SOM,3,0.37,0.54958784580230713,0.00034846487687900662,0.55000001192092896,0.20999999999999999,0.31954911351203918,-0.0085422694683074951,0.31000000238418579,0.059999999999999998,0.095995649695396423,0.00028687989106401801,0.10000000149011612,0,0.0012886881595477462,-3.637978807091713e-12,0,False,3,3,2022-01-01
1623,2022-10-01,SOM,4324,SOM,3,0.75000000000000011,0.48699435591697693,-0.00041495950426906347,0.49000000953674316,0.55000000000000004,0.30783647298812866,0.014204245060682297,0.31999999284744263,0.14999999999999999,0.098604604601860046,0.00028687989106401801,0.10000000149011612,0,0.0012886881595477462,-3.637978807091713e-12,0,False,3,3,2022-01-01
1624,2022-01-01,SOM,4332,SOM,3,0.43000000000000005,0.49497103691101074,-0.00063967087771743536,0.49000000953674316,0.22,0.31186482310295105,-0.0048988587222993374,0.31000000238418579,0.02,0.081647366285324097,0.00028687989106401801,0.079999998211860657,0,0.0012886881595477462,-3.637978807091713e-12,0,False,3,3,2022-01-01
1624,2022-05-01,SOM,4333,SOM,3,0.60999999999999999,0.57753312587738037,0.00023873733880463988,0.57999998331069946,0.37,0.35733631253242493,0.00019449729006737471,0.36000001430511475,0.080000000000000002,0.083964526653289795,0.00028687989106401801,0.079999998211860657,0,0.0012886881595477462,-3.637978807091713e-12,0,False,3,3,2022-01-01
1624,2022-07-01,SOM,4334,SOM,3,0.75000000000000011,0.54504919052124023,0.00043454320984892547,0.55000001192092896,0.55000000000000004,0.37976908683776855,0.0082677854225039482,0.38999998569488525,0.15000000000000002,0.088116616010665894,0.0039580096490681171,0.090000003576278687,0.050000000000000003,0.0012886881595477462,-3.637978807091713e-12,0,False,3,3,2022-01-01
1624,2022-10-01,SOM,4335,SOM,3,0.70000000000000007,0.47182026505470276,0.0004030511190649122,0.4699999988079071,0.5,0.33747184276580811,-0.019171053543686867,0.31999999284744263,0.14999999999999999,0.099151864647865295,0.00028687989106401801,0.10000000149011612,0,0.0012886881595477462,-3.637978807091713e-12,0,False,3,3,2022-01-01
1629,2022-01-01,SOM,4355,SOM,3,0.43000000000000005,0.45323219895362854,0.00041631399653851986,0.44999998807907104,0.22,0.26430538296699524,-0.00036296871257945895,0.25999999046325684,0.02,0.06479160487651825,0.00028687989106401801,0.070000000298023224,0,0.0012886881595477462,-3.637978807091713e-12,0,False,3,3,2022-01-01
1629,2022-05-01,SOM,4356,SOM,3,0.60999999999999999,0.53978753089904785,0.0002451984619256109,0.54000002145767212,0.37,0.35321173071861267,0.0026894863694906235,0.36000001430511475,0.080000000000000002,0.082774892449378967,0.00028687989106401801,0.079999998211860657,0,0.0012886881595477462,-3.637978807091713e-12,0,False,3,3,2022-01-01
1629,2022-07-01,SOM,4357,SOM,4,0.80000000000000016,0.54417496919631958,0.00050567596917971969,0.54000002145767212,0.60000000000000009,0.37826666235923767,-0.0052527710795402527,0.37000000476837158,0.20000000000000001,0.11362835764884949,0.0039580096490681171,0.11999999731779099,0.050000000000000003,0.0012886881595477462,-3.637978807091713e-12,0,False,4,3,2022-01-01
1629,2022-10-01,SOM,4358,SOM,3,0.75000000000000011,0.46372491121292114,0.00052415014943107963,0.46000000834465027,0.55000000000000004,0.34287795424461365,-0.01667606458067894,0.33000001311302185,0.15000000000000002,0.097962230443954468,0.00028687989106401801,0.10000000149011612,0.050000000000000003,0.0012886881595477462,-3.637978807091713e-12,0,False,3,3,2022-01-01
1635,2022-07-01,SOM,4367,SOM,4,0.80000000000000016,0.55895525217056274,-0.00014001912495587021,0.56000000238418579,0.60000000000000009,0.30415675044059753,0.0068561439402401447,0.31000000238418579,0.20000000000000001,0.11362835764884949,0.010389435105025768,0.11999999731779099,0.050000000000000003,0.0012886881595477462,-3.637978807091713e-12,0,False,4,3,2022-01-01
1638,2022-01-01,SOM,4375,SOM,3,0.43000000000000005,0.55755561590194702,-0.00078647234477102757,0.56000000238418579,0.22,0.2887231707572937,-0.0085422694683074951,0.2800000011920929,0.02,0.081647366285324097,0.00028687989106401801,0.079999998211860657,0,0.0012886881595477462,-3.637978807091713e-12,0,False,3,3,2022-01-01
1638,2022-05-01,SOM,4376,SOM,3,0.60999999999999999,0.53271025419235229,-0.0004243614966981113,0.52999997138977051,0.37,0.28678813576698303,0.0026894863694906235,0.28999999165534973,0.080000000000000002,0.068491220474243164,0.00028687989106401801,0.070000000298023224,0,0.0012886881595477462,-3.637978807091713e-12,0,False,3,3,2022-01-01
1640,2022-01-01,SOM,4388,SOM,3,0.43000000000000005,0.46112734079360962,-0.00012665340909734368,0.46000000834465027,0.22,0.26516327261924744,-0.0048988587222993374,0.25999999046325684,0.02,0.065981239080429077,0.00028687989106401801,0.070000000298023224,0,0.0012886881595477462,-3.637978807091713e-12,0,False,3,3,2022-01-01
1640,2022-05-01,SOM,4389,SOM,3,0.60999999999999999,0.54677784442901611,-3.2795094739412889e-05,0.55000001192092896,0.37,0.31929948925971985,0.00019449729006737471,0.31999999284744263,0.080000000000000002,0.083964526653289795,0.00028687989106401801,0.079999998211860657,0,0.0012886881595477462,-3.637978807091713e-12,0,False,3,3,2022-01-01
1640,2022-10-01,SOM,4390,SOM,3,0.75000000000000011,0.55030685663223267,0.00025892449775710702,0.55000001192092896,0.55000000000000004,0.3379216194152832,-0.011198570020496845,0.33000001311302185,0.15000000000000002,0.099880814552307129,0.00028687989106401801,0.10000000149011612,0.050000000000000003,0.0012886881595477462,-3.637978807091713e-12,0,False,3,3,2022-01-01
1646,2022-01-01,SOM,4395,SOM,3,0.43000000000000005,0.5799785852432251,6.0720772125932854e-06,0.57999998331069946,0.22,0.24859677255153656,-0.0048988587222993374,0.23999999463558197,0.02,0.081647366285324097,0.00028687989106401801,0.079999998211860657,0,0.0012886881595477462,-3.637978807091713e-12,0,False,3,3,2022-01-01
1646,2022-05-01,SOM,4396,SOM,3,0.60999999999999999,0.52151978015899658,9.3308532086666673e-05,0.51999998092651367,0.37,0.2287682443857193,0.00019449729006737471,0.23000000417232513,0.080000000000000002,0.068491220474243164,0.00028687989106401801,0.070000000298023224,0,0.0012886881595477462,-3.637978807091713e-12,0,False,3,3,2022-01-01
1650,2022-05-01,SOM,4406,SOM,3,0.76000000000000001,0.55368673801422119,-0.00014361157082021236,0.55000001192092896,0.43000000000000005,0.25274074077606201,0.00019449729006737471,0.25,0.10000000000000001,0.089517980813980103,0.00028687989106401801,0.090000003576278687,0,0.0012886881595477462,-3.637978807091713e-12,0,False,3,3,2022-01-01
1650,2022-07-01,SOM,4407,SOM,3,0.70000000000000007,0.61503088474273682,0.00015054953109938651,0.62000000476837158,0.5,0.36118948459625244,0.0082677854225039482,0.37000000476837158,0.10000000000000001,0.095723256468772888,0.0039580096490681171,0.10000000149011612,0,0.0012886881595477462,-3.637978807091713e-12,0,False,3,3,2022-01-01
1650,2022-10-01,SOM,4408,SOM,3,0.70000000000000007,0.55707520246505737,-0.00025293344515375793,0.56000000238418579,0.5,0.30683118104934692,-0.011198570020496845,0.30000001192092896,0.10000000000000001,0.090886190533638,0.00028687989106401801,0.090000003576278687,0,0.0012886881595477462,-3.637978807091713e-12,0,False,3,3,2022-01-01
1652,2022-01-01,SOM,4410,SOM,3,0.54000000000000004,0.468690425157547,0.00028983416268602014,0.4699999988079071,0.22,0.21631266176700592,-0.0048988587222993374,0.20999999344348907,0.02,0.066837474703788757,0.00028687989106401801,0.070000000298023224,0,0.0012886881595477462,-3.637978807091713e-12,0,False,3,3,2022-01-01
1663,2022-01-01,SOM,4429,SOM,3,0.37,0.54865407943725586,-3.6029399780090898e-05,0.55000001192092896,0.20999999999999999,0.30762448906898499,-0.0048988587222993374,0.30000001192092896,0.059999999999999998,0.089259490370750427,0.00028687989106401801,0.090000003576278687,0,0.0012886881595477462,-3.637978807091713e-12,0,False,3,3,2022-01-01
1663,2022-05-01,SOM,4430,SOM,3,0.65000000000000002,0.53003638982772827,-0.00014141920837573707,0.52999997138977051,0.41999999999999998,0.31354224681854248,0.00019449729006737471,0.31000000238418579,0.11,0.088667243719100952,0.00028687989106401801,0.090000003576278687,0,0.0012886881595477462,-3.637978807091713e-12,0,False,3,3,2022-01-01
1663,2022-07-01,SOM,4431,SOM,3,0.55000000000000004,0.5913996696472168,2.205130158472457e-06,0.5899999737739563,0.34999999999999998,0.4201447069644928,-0.019640594720840454,0.40000000596046448,0.10000000000000001,0.10438308119773865,0.0039580096490681171,0.10999999940395355,0,0.0012886881595477462,-3.637978807091713e-12,0,False,3,3,2022-01-01
1663,2022-10-01,SOM,4432,SOM,3,0.55000000000000004,0.48232275247573853,0.00039709516568109393,0.47999998927116394,0.34999999999999998,0.34110492467880249,-0.011672164313495159,0.33000001311302185,0.10000000000000001,0.090891674160957336,0.00028687989106401801,0.090000003576278687,0,0.0012886881595477462,-3.637978807091713e-12,0,False,3,3,2022-01-01
1664,2022-01-01,SOM,4440,SOM,3,0.37,0.55000841617584229,-3.6029399780090898e-05,0.55000001192092896,0.20999999999999999,0.30762448906898499,-0.0048988587222993374,0.30000001192092896,0.059999999999999998,0.089259490370750427,0.00028687989106401801,0.090000003576278687,0,0.0012886881595477462,-3.637978807091713e-12,0,False,3,3,2022-01-01
1664,2022-05-01,SOM,4441,SOM,3,0.65000000000000002,0.5288887619972229,-0.00014141920837573707,0.52999997138977051,0.41999999999999998,0.31354224681854248,0.00019449729006737471,0.31000000238418579,0.11,0.088667243719100952,0.00028687989106401801,0.090000003576278687,0,0.0012886881595477462,-3.637978807091713e-12,0,False,3,3,2022-01-01
1664,2022-07-01,SOM,4442,SOM,3,0.55000000000000004,0.59080988168716431,2.205130158472457e-06,0.5899999737739563,0.34999999999999998,0.4201447069644928,-0.019640594720840454,0.40000000596046448,0.10000000000000001,0.10438308119773865,0.0039580096490681171,0.10999999940395355,0,0.0012886881595477462,-3.637978807091713e-12,0,False,3,3,2022-01-01
1664,2022-10-01,SOM,4443,SOM,3,0.55000000000000004,0.48173302412033081,0.00039709516568109393,0.47999998927116394,0.34999999999999998,0.34110492467880249,-0.011672164313495159,0.33000001311302185,0.10000000000000001,0.090891674160957336,0.00028687989106401801,0.090000003576278687,0,0.0012886881595477462,-3.637978807091713e-12,0,False,3,3,2022-01-01
1667,2022-01-01,SOM,4455,SOM,3,0.37,0.54317259788513184,-0.00010770070366561413,0.54000002145767212,0.20999999999999999,0.35007482767105103,-0.0024038697592914104,0.34999999403953552,0.059999999999999998,0.095995649695396423,0.00028687989106401801,0.10000000149011612,0,0.0012886881595477462,-3.637978807091713e-12,0,False,3,3,2022-01-01
1667,2022-05-01,SOM,4456,SOM,3,0.65000000000000002,0.53056704998016357,-0.0010723392479121685,0.52999997138977051,0.41999999999999998,0.30685344338417053,0.0026894863694906235,0.31000000238418579,0.11,0.095995649695396423,0.00028687989106401801,0.10000000149011612,0,0.0012886881595477462,-3.637978807091713e-12,0,False,3,3,2022-01-01
1667,2022-07-01,SOM,4457,SOM,3,0.55000000000000004,0.55740898847579956,0.00050463638035580516,0.56000000238418579,0.34999999999999998,0.33935406804084778,0.01076277531683445,0.34999999403953552,0.10000000000000001,0.096659183502197266,0.0039580096490681171,0.10000000149011612,0,0.0012886881595477462,-3.637978807091713e-12,0,False,3,3,2022-01-01
1667,2022-10-01,SOM,4458,SOM,3,0.55000000000000004,0.52526098489761353,-0.00036662208731286228,0.51999998092651367,0.34999999999999998,0.2956007719039917,-0.0025311014614999294,0.28999999165534973,0.10000000000000001,0.090886190533638,0.00028687989106401801,0.090000003576278687,0,0.0012886881595477462,-3.637978807091713e-12,0,False,3,3,2022-01-01
1671,2022-01-01,SOM,4472,SOM,3,0.37,0.58280915021896362,-4.0067337977234274e-05,0.57999998331069946,0.20999999999999999,0.35478454828262329,-0.0024038697592914104,0.34999999403953552,0.059999999999999998,0.10017777979373932,0.00028687989106401801,0.10000000149011612,0,0.0012886881595477462,-3.637978807091713e-12,0,False,3,3,2022-01-01
1671,2022-05-01,SOM,4473,SOM,3,0.65000000000000002,0.50802141427993774,-0.00037327900645323098,0.50999999046325684,0.41999999999999998,0.32278084754943848,0.0026894863694906235,0.33000001311302185,0.11,0.10017777979373932,0.00028687989106401801,0.10000000149011612,0,0.0012886881595477462,-3.637978807091713e-12,0,False,3,3,2022-01-01
1671,2022-07-01,SOM,4474,SOM,3,0.55000000000000004,0.56451714038848877,0.00034718288225121796,0.56000000238418579,0.34999999999999998,0.36238425970077515,0.0082677854225039482,0.37000000476837158,0.10000000000000001,0.10084131360054016,0.0039580096490681171,0.10000000149011612,0,0.0012886881595477462,-3.637978807091713e-12,0,False,3,3,2022-01-01
1671,2022-10-01,SOM,4475,SOM,3,0.55000000000000004,0.53217869997024536,-0.00040887040086090565,0.52999997138977051,0.34999999999999998,0.31610751152038574,-0.0050260904245078564,0.31000000238418579,0.10000000000000001,0.095068305730819702,0.00028687989106401801,0.10000000149011612,0,0.0012886881595477462,-3.637978807091713e-12,0,False,3,3,2022-01-01
1673,2022-10-01,SOM,4484,SOM,3,0.55000000000000004,0.49325659871101379,0.00095863419119268656,0.49000000953674316,0.34999999999999998,0.28528979420661926,0.026572417467832565,0.31000000238418579,0.10000000000000001,0.076257288455963135,0.00028687989106401801,0.079999998211860657,0,0.0012886881595477462,-3.637978807091713e-12,0,False,3,3,2022-01-01
1674,2022-10-01,SOM,4491,SOM,3,0.55000000000000004,0.4921754002571106,0.00095863419119268656,0.49000000953674316,0.34999999999999998,0.2960173487663269,0.026572417467832565,0.31999999284744263,0.10000000000000001,0.076257288455963135,0.00028687989106401801,0.079999998211860657,0,0.0012886881595477462,-3.637978807091713e-12,0,False,3,3,2022-01-01
1675,2022-01-01,SOM,4502,SOM,3,0.54000000000000004,0.49064433574676514,-8.2681464846245944e-05,0.49000000953674316,0.22,0.23357866704463959,-0.0048988587222993374,0.23000000417232513,0.02,0.090110227465629578,0.00028687989106401801,0.090000003576278687,0,0.0012886881595477462,-3.637978807091713e-12,0,False,3,3,2022-01-01
1675,2022-05-01,SOM,4503,SOM,3,0.76000000000000001,0.54838269948959351,-8.9208344888902502e-07,0.55000001192092896,0.43000000000000005,0.25516006350517273,0.00019449729006737471,0.25999999046325684,0.10000000000000001,0.089517980813980103,0.00028687989106401801,0.090000003576278687,0,0.0012886881595477462,-3.637978807091713e-12,0,False,3,3,2022-01-01
1675,2022-07-01,SOM,4504,SOM,3,0.70000000000000007,0.62528860569000244,-8.4226492617744952e-05,0.62999999523162842,0.5,0.36367100477218628,-0.0077477605082094669,0.36000001430511475,0.10000000000000001,0.10344167053699493,0.0039580096490681171,0.10999999940395355,0,0.0012886881595477462,-3.637978807091713e-12,0,False,3,3,2022-01-01
1675,2022-10-01,SOM,4505,SOM,3,0.70000000000000007,0.58622199296951294,-0.00012396091187838465,0.5899999737739563,0.5,0.32398539781570435,-0.013656514696776867,0.31000000238418579,0.10000000000000001,0.09340609610080719,0.00028687989106401801,0.090000003576278687,0,0.0012886881595477462,-3.637978807091713e-12,0,False,3,3,2022-01-01
1681,2022-10-01,SOM,4515,SOM,3,0.70000000000000007,0.58786338567733765,-0.00044229309423826635,0.5899999737739563,0.5,0.29708144068717957,-0.011198570020496845,0.28999999165534973,0.10000000000000001,0.090886190533638,0.00028687989106401801,0.090000003576278687,0,0.0012886881595477462,-3.637978807091713e-12,0,False,3,3,2022-01-01
1683,2022-10-01,SOM,4521,SOM,3,0.55000000000000004,0.49148491024971008,0.0016408136580139399,0.49000000953674316,0.34999999999999998,0.28683623671531677,0.036795705556869507,0.31999999284744263,0.10000000000000001,0.077541261911392212,0.00028687989106401801,0.079999998211860657,0,0.0012886881595477462,-3.637978807091713e-12,0,False,3,3,2022-01-01
1691,2022-01-01,SOM,4536,SOM,3,0.54000000000000004,0.55166053771972656,-0.00034344621235504746,0.55000001192092896,0.22,0.27645370364189148,-0.0048988587222993374,0.27000001072883606,0.02,0.094292357563972473,0.00028687989106401801,0.090000003576278687,0,0.0012886881595477462,-3.637978807091713e-12,0,False,3,3,2022-01-01
1691,2022-05-01,SOM,4537,SOM,3,0.76000000000000001,0.56741625070571899,-0.00012344823335297406,0.56999999284744263,0.43000000000000005,0.26978597044944763,0.00019449729006737471,0.27000001072883606,0.10000000000000001,0.094292357563972473,0.00028687989106401801,0.090000003576278687,0,0.0012886881595477462,-3.637978807091713e-12,0,False,3,3,2022-01-01
1691,2022-07-01,SOM,4538,SOM,3,0.70000000000000007,0.64079046249389648,-0.00033494891249574721,0.63999998569488525,0.5,0.33972838521003723,-0.0077477605082094669,0.33000001311302185,0.10000000000000001,0.10149410367012024,0.0039580096490681171,0.10999999940395355,0,0.0012886881595477462,-3.637978807091713e-12,0,False,3,3,2022-01-01
1691,2022-10-01,SOM,4539,SOM,3,0.70000000000000007,0.60250526666641235,-0.00027319393120706081,0.60000002384185791,0.5,0.32662492990493774,-0.013656514696776867,0.31000000238418579,0.10000000000000001,0.097588211297988892,0.00028687989106401801,0.10000000149011612,0,0.0012886881595477462,-3.637978807091713e-12,0,False,3,3,2022-01-01
1692,2022-10-01,SOM,4544,SOM,3,0.55000000000000004,0.48031210899353027,0.0019510893616825342,0.47999998927116394,0.34999999999999998,0.31134936213493347,0.043980211019515991,0.36000001430511475,0.10000000000000001,0.081723392009735107,0.00028687989106401801,0.079999998211860657,0,0.0012886881595477462,-3.637978807091713e-12,0,False,3,3,2022-01-01
1695,2022-01-01,SOM,4555,SOM,3,0.54000000000000004,0.54830515384674072,0.00014278563321568072,0.55000001192092896,0.22,0.21940119564533234,0.013861464336514473,0.23000000417232513,0.02,0.090110227465629578,0.0067183030769228935,0.10000000149011612,0,0.0012886881595477462,-3.637978807091713e-12,0,False,3,3,2022-01-01
1695,2022-05-01,SOM,4556,SOM,3,0.76000000000000001,0.54693013429641724,-4.1120361856883392e-05,0.55000001192092896,0.43000000000000005,0.26539623737335205,0.018954822793602943,0.2800000011920929,0.10000000000000001,0.090110227465629578,0.0067183030769228935,0.10000000149011612,0,0.0012886881595477462,-3.637978807091713e-12,0,False,3,3,2022-01-01
1695,2022-07-01,SOM,4557,SOM,3,0.75000000000000011,0.62635922431945801,-8.6996478785295039e-05,0.62999999523162842,0.55000000000000004,0.34375649690628052,0.011773043312132359,0.36000001430511475,0.15000000000000002,0.095723256468772888,0.010389435105025768,0.10999999940395355,0.050000000000000003,0.0012886881595477462,-3.637978807091713e-12,0,False,3,3,2022-01-01
1695,2022-10-01,SOM,4558,SOM,3,0.75000000000000011,0.60231280326843262,-0.00022214378986973315,0.60000002384185791,0.55000000000000004,0.32044321298599243,0.0050667650066316128,0.33000001311302185,0.15000000000000002,0.09340609610080719,0.0067183030769228935,0.10000000149011612,0.050000000000000003,0.0012886881595477462,-3.637978807091713e-12,0,False,3,3,2022-01-01
1696,2022-01-01,SOM,4567,SOM,3,0.54000000000000004,0.54830515384674072,0.00014278563321568072,0.55000001192092896,0.22,0.21940119564533234,0.013861464336514473,0.23000000417232513,0.02,0.090110227465629578,0.0067183030769228935,0.10000000149011612,0,0.0012886881595477462,-3.637978807091713e-12,0,False,3,3,2022-01-01
1696,2022-05-01,SOM,4568,SOM,3,0.76000000000000001,0.54664802551269531,-4.1120361856883392e-05,0.55000001192092896,0.43000000000000005,0.26539623737335205,0.018954822793602943,0.2800000011920929,0.10000000000000001,0.090110227465629578,0.0067183030769228935,0.10000000149011612,0,0.0012886881595477462,-3.637978807091713e-12,0,False,3,3,2022-01-01
1696,2022-07-01,SOM,4569,SOM,3,0.75000000000000011,0.62607711553573608,-8.6996478785295039e-05,0.62999999523162842,0.55000000000000004,0.34375649690628052,0.011773043312132359,0.36000001430511475,0.15000000000000002,0.095723256468772888,0.010389435105025768,0.10999999940395355,0.050000000000000003,0.0012886881595477462,-3.637978807091713e-12,0,False,3,3,2022-01-01
1696,2022-10-01,SOM,4570,SOM,3,0.75000000000000011,0.60203069448471069,-0.00022214378986973315,0.60000002384185791,0.55000000000000004,0.32044321298599243,0.0050667650066316128,0.33000001311302185,0.15000000000000002,0.09340609610080719,0.0067183030769228935,0.10000000149011612,0.050000000000000003,0.0012886881595477462,-3.637978807091713e-12,0,False,3,3,2022-01-01
1698,2022-05-01,SOM,4575,SOM,3,0.76000000000000001,0.54206913709640503,-0.00043411648948676884,0.54000002145767212,0.43000000000000005,0.28574177622795105,0.00019449729006737471,0.28999999165534973,0.10000000000000001,0.06934744119644165,0.00028687989106401801,0.070000000298023224,0,0.0012886881595477462,-3.637978807091713e-12,0,False,3,3,2022-01-01
1698,2022-10-01,SOM,4576,SOM,3,0.75000000000000011,0.53354907035827637,-0.00039959247806109488,0.52999997138977051,0.55000000000000004,0.36540600657463074,-0.011198570020496845,0.34999999403953552,0.15000000000000002,0.07013334333896637,0.00028687989106401801,0.070000000298023224,0.050000000000000003,0.0012886881595477462,-3.637978807091713e-12,0,False,3,3,2022-01-01
1702,2022-10-01,SOM,4581,SOM,3,0.70000000000000007,0.55566060543060303,-0.00048053535283543169,0.56000000238418579,0.5,0.3518606424331665,-0.013656514696776867,0.34000000357627869,0.10000000000000001,0.095068305730819702,0.00028687989106401801,0.10000000149011612,0,0.0012886881595477462,-3.637978807091713e-12,0,False,3,3,2022-01-01
1712,2022-01-01,SOM,4593,SOM,3,0.47000000000000003,0.57866185903549194,0.00030289465212263167,0.57999998331069946,0.20000000000000001,0.23459182679653168,-0.0048988587222993374,0.23000000417232513,0.050000000000000003,0.095995649695396423,0.00028687989106401801,0.10000000149011612,0,0.0012886881595477462,-3.637978807091713e-12,0,False,3,3,2022-01-01
1712,2022-05-01,SOM,4594,SOM,3,0.67999999999999994,0.56357437372207642,-0.00043007175554521382,0.56000000238418579,0.39000000000000001,0.27309897541999817,0.00019449729006737471,0.27000001072883606,0.10000000000000001,0.095995649695396423,0.00028687989106401801,0.10000000149011612,0,0.0012886881595477462,-3.637978807091713e-12,0,False,3,3,2022-01-01
1712,2022-10-01,SOM,4595,SOM,3,0.55000000000000004,0.53686362504959106,-0.00036631687544286251,0.54000002145767212,0.34999999999999998,0.30400040745735168,-0.0050260904245078564,0.30000001192092896,0.10000000000000001,0.090886190533638,0.00028687989106401801,0.090000003576278687,0,0.0012886881595477462,-3.637978807091713e-12,0,False,3,3,2022-01-01
1715,2022-01-01,SOM,4605,SOM,3,0.47000000000000003,0.59990805387496948,-2.5056568119907752e-05,0.60000002384185791,0.20000000000000001,0.25775334239006042,-0.0048988587222993374,0.25,0.050000000000000003,0.10017777979373932,0.00028687989106401801,0.10000000149011612,0,0.0012886881595477462,-3.637978807091713e-12,0,False,3,3,2022-01-01
1715,2022-05-01,SOM,4606,SOM,3,0.67999999999999994,0.57677435874938965,-0.00033831584732979536,0.57999998331069946,0.39000000000000001,0.2963956892490387,0.00019449729006737471,0.30000001192092896,0.10000000000000001,0.10017777979373932,0.00028687989106401801,0.10000000149011612,0,0.0012886881595477462,-3.637978807091713e-12,0,False,3,3,2022-01-01
1715,2022-10-01,SOM,4607,SOM,3,0.55000000000000004,0.549358069896698,-0.00040922826156020164,0.55000001192092896,0.34999999999999998,0.31610286235809326,-0.0050260904245078564,0.31000000238418579,0.10000000000000001,0.095068305730819702,0.00028687989106401801,0.10000000149011612,0,0.0012886881595477462,-3.637978807091713e-12,0,False,3,3,2022-01-01
1718,2022-01-01,SOM,4614,SOM,3,0.47000000000000003,0.53771108388900757,0.00025270474725402892,0.54000002145767212,0.20000000000000001,0.28375852108001709,-0.0048988587222993374,0.2800000011920929,0.050000000000000003,0.11088395118713379,0.00028687989106401801,0.10999999940395355,0,0.0012886881595477462,-3.637978807091713e-12,0,False,3,3,2022-01-01
1718,2022-05-01,SOM,4615,SOM,3,0.67999999999999994,0.57084536552429199,9.1296198661439121e-05,0.56999999284744263,0.39000000000000001,0.34224468469619751,0.00019449729006737471,0.34000000357627869,0.10000000000000001,0.11320109665393829,0.00028687989106401801,0.10999999940395355,0,0.0012886881595477462,-3.637978807091713e-12,0,False,3,3,2022-01-01
1718,2022-10-01,SOM,4616,SOM,3,0.70000000000000007,0.55218029022216797,-1.9171569874743e-05,0.55000001192092896,0.5,0.32896390557289124,0.00083769549382850528,0.33000001311302185,0.10000000000000001,0.090886190533638,0.00028687989106401801,0.090000003576278687,0,0.0012886881595477462,-3.637978807091713e-12,0,False,3,3,2022-01-01
1719,2022-01-01,SOM,4623,SOM,3,0.47000000000000003,0.5380634069442749,0.00025270474725402892,0.54000002145767212,0.20000000000000001,0.28375852108001709,-0.0048988587222993374,0.2800000011920929,0.050000000000000003,0.11088395118713379,0.00028687989106401801,0.10999999940395355,0,0.0012886881595477462,-3.637978807091713e-12,0,False,3,3,2022-01-01
1719,2022-05-01,SOM,4624,SOM,3,0.67999999999999994,0.57119768857955933,9.1296198661439121e-05,0.56999999284744263,0.39000000000000001,0.34224468469619751,0.00019449729006737471,0.34000000357627869,0.10000000000000001,0.11320109665393829,0.00028687989106401801,0.10999999940395355,0,0.0012886881595477462,-3.637978807091713e-12,0,False,3,3,2022-01-01
1719,2022-10-01,SOM,4625,SOM,3,0.70000000000000007,0.5525326132774353,-1.9171569874743e-05,0.55000001192092896,0.5,0.32896390557289124,0.00083769549382850528,0.33000001311302185,0.10000000000000001,0.090886190533638,0.00028687989106401801,0.090000003576278687,0,0.0012886881595477462,-3.637978807091713e-12,0,False,3,3,2022-01-01
1721,2022-10-01,SOM,4632,SOM,3,0.59999999999999998,0.54347014427185059,-0.00033433787757530808,0.54000002145767212,0.40000000000000002,0.30933916568756104,-0.027612779289484024,0.2800000011920929,0.10000000000000001,0.10112451016902924,0.00028687989106401801,0.10000000149011612,0,0.0012886881595477462,-3.637978807091713e-12,0,False,3,3,2022-01-01
1727,2022-01-01,SOM,4642,SOM,2,0.32000000000000001,0.55707907676696777,0.00036190066020935774,0.56000000238418579,0.14000000000000001,0.31614178419113159,0.014405863359570503,0.33000001311302185,0.040000000000000001,0.08824455738067627,0.0067183030769228935,0.090000003576278687,0,0.0012886881595477462,-3.637978807091713e-12,0,False,2,3,2022-01-01
1727,2022-05-01,SOM,4643,SOM,3,0.47000000000000003,0.54919946193695068,-3.9233087591128424e-05,0.55000001192092896,0.23999999999999999,0.32820457220077515,0.02310388907790184,0.34999999403953552,0.059999999999999998,0.08824455738067627,0.0067183030769228935,0.090000003576278687,0,0.0012886881595477462,-3.637978807091713e-12,0,False,3,3,2022-01-01
1727,2022-07-01,SOM,4644,SOM,3,0.5,0.63594257831573486,-0.00069438223727047443,0.63999998569488525,0.29999999999999999,0.39905208349227905,0.0068561439402401447,0.40999999642372131,0.050000000000000003,0.096974506974220276,0.010389435105025768,0.10999999940395355,0,0.0012886881595477462,-3.637978807091713e-12,0,False,3,3,2022-01-01
1727,2022-10-01,SOM,4645,SOM,3,0.5,0.54986786842346191,-5.5653184972470626e-05,0.55000001192092896,0.29999999999999999,0.30973988771438599,0.019803488627076149,0.33000001311302185,0.050000000000000003,0.0848684161901474,0.0067183030769228935,0.090000003576278687,0,0.0012886881595477462,-3.637978807091713e-12,0,False,3,3,2022-01-01
1728,2022-01-01,SOM,4654,SOM,2,0.32000000000000001,0.50457525253295898,0.00037764542503282428,0.5,0.14000000000000001,0.30766391754150391,0.014405863359570503,0.31999999284744263,0.040000000000000001,0.087552249431610107,0.0067183030769228935,0.090000003576278687,0,0.0012886881595477462,-3.637978807091713e-12,0,False,2,3,2022-01-01
1728,2022-05-01,SOM,4655,SOM,3,0.47000000000000003,0.4819328784942627,1.4921249658073066e-06,0.47999998927116394,0.23999999999999999,0.30305537581443787,0.02310388907790184,0.33000001311302185,0.059999999999999998,0.087552249431610107,0.0067183030769228935,0.090000003576278687,0,0.0012886881595477462,-3.637978807091713e-12,0,False,3,3,2022-01-01
1728,2022-07-01,SOM,4656,SOM,3,0.5,0.56643986701965332,-0.00022636032372247428,0.56999999284744263,0.29999999999999999,0.3579544723033905,0.0068561439402401447,0.36000001430511475,0.050000000000000003,0.10137492418289185,0.010389435105025768,0.10999999940395355,0,0.0012886881595477462,-3.637978807091713e-12,0,False,3,3,2022-01-01
1728,2022-10-01,SOM,4657,SOM,3,0.5,0.52912378311157227,0.00012040300498483703,0.52999997138977051,0.29999999999999999,0.2838902473449707,0.019803488627076149,0.30000001192092896,0.050000000000000003,0.084176108241081238,0.0067183030769228935,0.090000003576278687,0,0.0012886881595477462,-3.637978807091713e-12,0,False,3,3,2022-01-01
1729,2022-01-01,SOM,4659,SOM,2,0.32000000000000001,0.50100988149642944,-0.00026246893685311079,0.5,0.14000000000000001,0.28852459788322449,0.016900850459933281,0.31000000238418579,0.040000000000000001,0.085933595895767212,0.0067183030769228935,0.090000003576278687,0,0.0012886881595477462,-3.637978807091713e-12,0,False,2,3,2022-01-01
1729,2022-10-01,SOM,4660,SOM,3,0.55000000000000004,0.58754926919937134,-0.0001408473908668384,0.5899999737739563,0.34999999999999998,0.31552809476852417,0.020378291606903076,0.34000000357627869,0.10000000000000001,0.086709544062614441,0.0067183030769228935,0.090000003576278687,0,0.0012886881595477462,-3.637978807091713e-12,0,False,3,3,2022-01-01
1730,2022-01-01,SOM,4662,SOM,2,0.32000000000000001,0.50147968530654907,-0.00026246893685311079,0.5,0.14000000000000001,0.28852459788322449,0.016900850459933281,0.31000000238418579,0.040000000000000001,0.085933595895767212,0.0067183030769228935,0.090000003576278687,0,0.0012886881595477462,-3.637978807091713e-12,0,False,2,3,2022-01-01
1730,2022-10-01,SOM,4663,SOM,3,0.55000000000000004,0.58763700723648071,-0.0001408473908668384,0.5899999737739563,0.34999999999999998,0.31552809476852417,0.020378291606903076,0.34000000357627869,0.10000000000000001,0.086709544062614441,0.0067183030769228935,0.090000003576278687,0,0.0012886881595477462,-3.637978807091713e-12,0,False,3,3,2022-01-01
1736,2022-01-01,SOM,4673,SOM,2,0.32000000000000001,0.57749229669570923,0.00037058297311887145,0.57999998331069946,0.14000000000000001,0.29458916187286377,0.014405863359570503,0.31000000238418579,0.040000000000000001,0.084649622440338135,0.0067183030769228935,0.090000003576278687,0,0.0012886881595477462,-3.637978807091713e-12,0,False,2,3,2022-01-01
1736,2022-05-01,SOM,4674,SOM,3,0.47000000000000003,0.60698217153549194,0.00026785882073454559,0.61000001430511475,0.23999999999999999,0.29715502262115479,0.02310388907790184,0.31999999284744263,0.059999999999999998,0.084649622440338135,0.0067183030769228935,0.090000003576278687,0,0.0012886881595477462,-3.637978807091713e-12,0,False,3,3,2022-01-01
1736,2022-07-01,SOM,4675,SOM,3,0.55000000000000004,0.58592772483825684,-0.00034943284117616713,0.5899999737739563,0.34999999999999998,0.34655636548995972,-0.012183756567537785,0.33000001311302185,0.10000000000000001,0.073773607611656189,0.010389435105025768,0.079999998211860657,0,0.0012886881595477462,-3.637978807091713e-12,0,False,3,3,2022-01-01
1736,2022-10-01,SOM,4676,SOM,3,0.55000000000000004,0.55517572164535522,-0.0003567368839867413,0.55000001192092896,0.34999999999999998,0.32063773274421692,0.0050130453892052174,0.33000001311302185,0.10000000000000001,0.068445295095443726,0.0067183030769228935,0.079999998211860657,0,0.0012886881595477462,-3.637978807091713e-12,0,False,3,3,2022-01-01
1737,2022-01-01,SOM,4685,SOM,2,0.32000000000000001,0.57749229669570923,0.00037058297311887145,0.57999998331069946,0.14000000000000001,0.29458916187286377,0.014405863359570503,0.31000000238418579,0.040000000000000001,0.084649622440338135,0.0067183030769228935,0.090000003576278687,0,0.0012886881595477462,-3.637978807091713e-12,0,False,2,3,2022-01-01
1737,2022-05-01,SOM,4686,SOM,3,0.47000000000000003,0.6084398627281189,0.00026785882073454559,0.61000001430511475,0.23999999999999999,0.29715502262115479,0.02310388907790184,0.31999999284744263,0.059999999999999998,0.084649622440338135,0.0067183030769228935,0.090000003576278687,0,0.0012886881595477462,-3.637978807091713e-12,0,False,3,3,2022-01-01
1737,2022-07-01,SOM,4687,SOM,3,0.55000000000000004,0.5859641432762146,-0.00034943284117616713,0.5899999737739563,0.34999999999999998,0.34655636548995972,-0.012183756567537785,0.33000001311302185,0.10000000000000001,0.073773607611656189,0.010389435105025768,0.079999998211860657,0,0.0012886881595477462,-3.637978807091713e-12,0,False,3,3,2022-01-01
1737,2022-10-01,SOM,4688,SOM,3,0.55000000000000004,0.55517572164535522,-0.0003567368839867413,0.55000001192092896,0.34999999999999998,0.32063773274421692,0.0050130453892052174,0.33000001311302185,0.10000000000000001,0.068445295095443726,0.0067183030769228935,0.079999998211860657,0,0.0012886881595477462,-3.637978807091713e-12,0,False,3,3,2022-01-01
1738,2022-01-01,SOM,4692,SOM,2,0.32000000000000001,0.55934262275695801,-0.00015748455189168453,0.56000000238418579,0.14000000000000001,0.28449904918670654,0.014405863359570503,0.30000001192092896,0.040000000000000001,0.091285362839698792,0.0067183030769228935,0.10000000149011612,0,0.0012886881595477462,-3.637978807091713e-12,0,False,2,3,2022-01-01
1738,2022-07-01,SOM,4693,SOM,3,0.5,0.62018656730651855,-0.00039020570693537593,0.62000000476837158,0.29999999999999999,0.3306688666343689,0.016825266182422638,0.34999999403953552,0.050000000000000003,0.085772201418876648,0.010389435105025768,0.10000000149011612,0,0.0012886881595477462,-3.637978807091713e-12,0,False,3,3,2022-01-01
1739,2022-01-01,SOM,4697,SOM,2,0.32000000000000001,0.56229263544082642,-0.00015748455189168453,0.56000000238418579,0.14000000000000001,0.29311513900756836,0.014405863359570503,0.31000000238418579,0.040000000000000001,0.088243976235389709,0.0067183030769228935,0.090000003576278687,0,0.0012886881595477462,-3.637978807091713e-12,0,False,2,3,2022-01-01
1739,2022-07-01,SOM,4698,SOM,3,0.5,0.62121474742889404,-0.00042829348240047693,0.62000000476837158,0.29999999999999999,0.33169350028038025,0.016825266182422638,0.34999999403953552,0.050000000000000003,0.085772201418876648,0.010389435105025768,0.10000000149011612,0,0.0012886881595477462,-3.637978807091713e-12,0,False,3,3,2022-01-01
1740,2022-05-01,SOM,4702,SOM,3,0.47000000000000003,0.59746527671813965,6.3089675677474588e-05,0.60000002384185791,0.23999999999999999,0.26090022921562195,0.02310388907790184,0.2800000011920929,0.059999999999999998,0.088836222887039185,0.0067183030769228935,0.10000000149011612,0,0.0012886881595477462,-3.637978807091713e-12,0,False,3,3,2022-01-01
1743,2022-05-01,SOM,4707,SOM,3,0.47000000000000003,0.61747974157333374,-0.00033996699494309723,0.62000000476837158,0.23999999999999999,0.27803432941436768,0.0026894863694906235,0.2800000011920929,0.059999999999999998,0.088836222887039185,0.00028687989106401801,0.090000003576278687,0,0.0012886881595477462,-3.637978807091713e-12,0,False,3,3,2022-01-01
495,2022-02-01,SSD,1129,SSD,4,0.94999999999999996,0.5998070240020752,0.00025255008949898183,0.60000002384185791,0.85000000000000009,0.27926242351531982,0.00099836278241127729,0.2800000011920929,0.5,0.060821957886219025,-0.00090579054085537791,0.059999998658895493,0.050000000000000003,0.00017930430476553738,3.865352482534945e-12,0,False,4,3,2022-01-01
495,2022-10-01,SSD,1130,SSD,3,0.84999999999999998,0.68474608659744263,-0.0002681128098629415,0.68000000715255737,0.40000000000000002,0.2825218141078949,0.0011939391260966659,0.2800000011920929,0.10000000000000001,0.056761134415864944,0.0010459617478772998,0.059999998658895493,0,0.00017930430476553738,3.865352482534945e-12,0,False,3,3,2022-01-01
496,2022-02-01,SSD,1134,SSD,4,0.94999999999999996,0.60081022977828979,0.00025255008949898183,0.60000002384185791,0.85000000000000009,0.27926242351531982,0.00099836278241127729,0.2800000011920929,0.5,0.060821957886219025,-0.00090579054085537791,0.059999998658895493,0.050000000000000003,0.00017930430476553738,3.865352482534945e-12,0,False,4,3,2022-01-01
496,2022-10-01,SSD,1135,SSD,3,0.84999999999999998,0.68474608659744263,-0.0002681128098629415,0.68000000715255737,0.40000000000000002,0.2825218141078949,0.0011939391260966659,0.2800000011920929,0.10000000000000001,0.056761134415864944,0.0010459617478772998,0.059999998658895493,0,0.00017930430476553738,3.865352482534945e-12,0,False,3,3,2022-01-01
512,2022-10-01,SSD,1163,SSD,4,0.89999999999999991,0.66035628318786621,0.00030884877196513116,0.6600000262260437,0.64999999999999991,0.39180833101272583,-0.0046924939379096031,0.38999998569488525,0.29999999999999999,0.081465631723403931,0.0010459617478772998,0.079999998211860657,0,0.00017930430476553738,3.865352482534945e-12,0,False,4,3,2022-01-01
513,2022-10-01,SSD,1168,SSD,4,0.89999999999999991,0.66494494676589966,0.00030884877196513116,0.67000001668930054,0.64999999999999991,0.38337737321853638,-0.0046924939379096031,0.37999999523162842,0.29999999999999999,0.081465631723403931,0.0010459617478772998,0.079999998211860657,0,0.00017930430476553738,3.865352482534945e-12,0,False,4,3,2022-01-01
520,2022-02-01,SSD,1180,SSD,3,0.84999999999999998,0.66113978624343872,-0.00052752782357856631,0.6600000262260437,0.59999999999999998,0.31858998537063599,0.006325066089630127,0.31999999284744263,0.14999999999999999,0.079016804695129395,-0.00090579054085537791,0.079999998211860657,0,0.00017930430476553738,3.865352482534945e-12,0,False,3,3,2022-01-01
521,2022-02-01,SSD,1181,SSD,3,0.84999999999999998,0.65847796201705933,-0.00052752782357856631,0.6600000262260437,0.59999999999999998,0.31858998537063599,0.006325066089630127,0.31999999284744263,0.14999999999999999,0.079016804695129395,-0.00090579054085537791,0.079999998211860657,0,0.00017930430476553738,3.865352482534945e-12,0,False,3,3,2022-01-01
568,2022-10-01,SSD,1285,SSD,4,0.85000000000000009,0.7038196325302124,-0.0003670515725389123,0.69999998807907104,0.64999999999999991,0.33218556642532349,0.0030503002926707268,0.34000000357627869,0.29999999999999999,0.087014704942703247,0.0010459617478772998,0.090000003576278687,0,0.00017930430476553738,3.865352482534945e-12,0,False,4,3,2022-01-01
577,2022-10-01,SSD,1326,SSD,2,0.55000000000000004,0.68963074684143066,-8.6338704932131805e-06,0.68999999761581421,0.14999999999999999,0.2927049994468689,0.0026609413325786591,0.30000001192092896,0,0.057852432131767273,0.0010459617478772998,0.059999998658895493,0,0.00017930430476553738,3.865352482534945e-12,0,False,2,3,2022-01-01
578,2022-10-01,SSD,1337,SSD,2,0.55000000000000004,0.68966209888458252,-8.6338704932131805e-06,0.68999999761581421,0.14999999999999999,0.2927049994468689,0.0026609413325786591,0.30000001192092896,0,0.057852432131767273,0.0010459617478772998,0.059999998658895493,0,0.00017930430476553738,3.865352482534945e-12,0,False,2,3,2022-01-01
605,2022-10-01,SSD,1444,SSD,4,0.80000000000000004,0.69348353147506714,0.00074342481093481183,0.68999999761581421,0.55000000000000004,0.32930302619934082,-0.0050855083391070366,0.31999999284744263,0.29999999999999999,0.067557431757450104,0.0010459617478772998,0.070000000298023224,0,0.00017930430476553738,3.865352482534945e-12,0,False,4,3,2022-01-01
606,2022-10-01,SSD,1448,SSD,4,0.80000000000000004,0.69354593753814697,0.00074342481093481183,0.68999999761581421,0.55000000000000004,0.32705202698707581,-0.0050855083391070366,0.31999999284744263,0.29999999999999999,0.067557431757450104,0.0010459617478772998,0.070000000298023224,0,0.00017930430476553738,3.865352482534945e-12,0,False,4,3,2022-01-01
637,2022-02-01,SSD,1615,SSD,4,0.94999999999999996,0.67391115427017212,-0.00050940806977450848,0.67000001668930054,0.65000000000000002,0.30310621857643127,-0.0075813205912709236,0.30000001192092896,0.20000000000000001,0.080041348934173584,-0.00090579054085537791,0.079999998211860657,0,0.00017930430476553738,3.865352482534945e-12,0,False,4,3,2022-01-01
637,2022-10-01,SSD,1616,SSD,4,0.84999999999999987,0.71569061279296875,-0.0002318030601600185,0.72000002861022949,0.55000000000000004,0.2965933084487915,0.006325066089630127,0.30000001192092896,0.20000000000000001,0.082953870296478271,0.0010459617478772998,0.079999998211860657,0,0.00017930430476553738,3.865352482534945e-12,0,False,4,3,2022-01-01
638,2022-02-01,SSD,1625,SSD,4,0.94999999999999996,0.67724722623825073,-0.00050940806977450848,0.68000000715255737,0.65000000000000002,0.30310621857643127,-0.0075813205912709236,0.30000001192092896,0.20000000000000001,0.080041348934173584,-0.00090579054085537791,0.079999998211860657,0,0.00017930430476553738,3.865352482534945e-12,0,False,4,3,2022-01-01
638,2022-10-01,SSD,1626,SSD,4,0.84999999999999987,0.71971935033798218,-0.0002318030601600185,0.72000002861022949,0.55000000000000004,0.2965933084487915,0.006325066089630127,0.30000001192092896,0.20000000000000001,0.082953870296478271,0.0010459617478772998,0.079999998211860657,0,0.00017930430476553738,3.865352482534945e-12,0,False,4,3,2022-01-01
639,2022-02-01,SSD,1633,SSD,4,0.85000000000000009,0.69995307922363281,-0.00023550383048132062,0.69999998807907104,0.64999999999999991,0.28749296069145203,0.00021814636420458555,0.28999999165534973,0.29999999999999999,0.079093702137470245,-0.00090579054085537791,0.079999998211860657,0,0.00017930430476553738,3.865352482534945e-12,0,False,4,3,2022-01-01
640,2022-02-01,SSD,1640,SSD,4,0.85000000000000009,0.70295017957687378,-0.00023550383048132062,0.69999998807907104,0.64999999999999991,0.28749296069145203,0.00021814636420458555,0.28999999165534973,0.29999999999999999,0.079093702137470245,-0.00090579054085537791,0.079999998211860657,0,0.00017930430476553738,3.865352482534945e-12,0,False,4,3,2022-01-01
642,2022-10-01,SSD,1643,SSD,4,0.80000000000000004,0.74387741088867188,0.00017787471006158739,0.74000000953674316,0.55000000000000004,0.31948116421699524,0.0025782347656786442,0.31999999284744263,0.25,0.082953870296478271,0.0010459617478772998,0.079999998211860657,0,0.00017930430476553738,3.865352482534945e-12,0,False,4,3,2022-01-01
643,2022-10-01,SSD,1645,SSD,4,0.80000000000000004,0.74389773607254028,0.00017787471006158739,0.74000000953674316,0.55000000000000004,0.31948116421699524,0.0025782347656786442,0.31999999284744263,0.25,0.082953870296478271,0.0010459617478772998,0.079999998211860657,0,0.00017930430476553738,3.865352482534945e-12,0,False,4,3,2022-01-01
668,2022-02-01,SSD,1823,SSD,2,0.5,0.65626817941665649,0.0001969870354514569,0.6600000262260437,0.14999999999999999,0.32810139656066895,-0.0019732334185391665,0.33000001311302185,0,0.068094633519649506,-0.00090579054085537791,0.070000000298023224,0,0.00017930430476553738,3.865352482534945e-12,0,False,2,3,2022-01-01
668,2022-07-01,SSD,1824,SSD,3,0.75,0.61833018064498901,-8.375167817575857e-05,0.62000000476837158,0.25,0.28413477540016174,0.0031330068595707417,0.28999999165534973,0.050000000000000003,0.063229605555534363,0.0010459617478772998,0.059999998658895493,0,0.00017930430476553738,3.865352482534945e-12,0,False,3,3,2022-01-01
669,2022-02-01,SSD,1831,SSD,2,0.5,0.6550862193107605,0.0001969870354514569,0.6600000262260437,0.14999999999999999,0.32585039734840393,-0.0019732334185391665,0.31999999284744263,0,0.068094633519649506,-0.00090579054085537791,0.070000000298023224,0,0.00017930430476553738,3.865352482534945e-12,0,False,2,3,2022-01-01
669,2022-07-01,SSD,1832,SSD,3,0.75,0.61795079708099365,-8.375167817575857e-05,0.62000000476837158,0.25,0.28188377618789673,0.0031330068595707417,0.28999999165534973,0.050000000000000003,0.063229605555534363,0.0010459617478772998,0.059999998658895493,0,0.00017930430476553738,3.865352482534945e-12,0,False,3,3,2022-01-01
670,2022-02-01,SSD,1834,SSD,4,0.90000000000000002,0.68802517652511597,-0.00010850897524505854,0.68999999761581421,0.65000000000000002,0.33900123834609985,0.00037977602914907038,0.34000000357627869,0.25,0.081535428762435913,-0.00090579054085537791,0.079999998211860657,0,0.00017930430476553738,3.865352482534945e-12,0,False,4,3,2022-01-01
671,2022-02-01,SSD,1836,SSD,4,0.90000000000000002,0.68773502111434937,-0.00010850897524505854,0.68999999761581421,0.65000000000000002,0.33900123834609985,0.00037977602914907038,0.34000000357627869,0.25,0.081535428762435913,-0.00090579054085537791,0.079999998211860657,0,0.00017930430476553738,3.865352482534945e-12,0,False,4,3,2022-01-01
672,2022-02-01,SSD,1846,SSD,3,0.79999999999999993,0.70046913623809814,0.00025981621001847088,0.69999998807907104,0.44999999999999996,0.30781093239784241,0.003964974544942379,0.31000000238418579,0.14999999999999999,0.076465703547000885,-0.00090579054085537791,0.079999998211860657,0,0.00017930430476553738,3.865352482534945e-12,0,False,3,3,2022-01-01
672,2022-10-01,SSD,1847,SSD,3,0.80000000000000004,0.72253799438476562,0.00028908025706186891,0.72000002861022949,0.55000000000000004,0.25920575857162476,0.006325066089630127,0.27000001072883606,0.14999999999999999,0.069334402680397034,0.0010459617478772998,0.070000000298023224,0,0.00017930430476553738,3.865352482534945e-12,0,False,3,3,2022-01-01
673,2022-02-01,SSD,1857,SSD,3,0.79999999999999993,0.70046913623809814,0.00025981621001847088,0.69999998807907104,0.44999999999999996,0.30781093239784241,0.003964974544942379,0.31000000238418579,0.14999999999999999,0.076465703547000885,-0.00090579054085537791,0.079999998211860657,0,0.00017930430476553738,3.865352482534945e-12,0,False,3,3,2022-01-01
673,2022-10-01,SSD,1858,SSD,3,0.80000000000000004,0.72253799438476562,0.00028908025706186891,0.72000002861022949,0.55000000000000004,0.25920575857162476,0.006325066089630127,0.27000001072883606,0.14999999999999999,0.069334402680397034,0.0010459617478772998,0.070000000298023224,0,0.00017930430476553738,3.865352482534945e-12,0,False,3,3,2022-01-01
678,2022-02-01,SSD,1917,SSD,4,0.94999999999999996,0.70178383588790894,-0.00034353189403191209,0.69999998807907104,0.80000000000000004,0.30426764488220215,0.00037977602914907038,0.30000001192092896,0.34999999999999998,0.075932830572128296,-0.00090579054085537791,0.079999998211860657,0,0.00017930430476553738,3.865352482534945e-12,0,False,4,3,2022-01-01
678,2022-04-01,SSD,1918,SSD,2,0.39999999999999997,0.70046716928482056,0.00015491161320824176,0.69999998807907104,0.15000000000000002,0.4060085117816925,0.004576483741402626,0.40999999642372131,0.050000000000000003,0.081097573041915894,-0.00090579054085537791,0.079999998211860657,0,0.00017930430476553738,3.865352482534945e-12,0,False,2,3,2022-01-01
679,2022-02-01,SSD,1923,SSD,4,0.94999999999999996,0.71034443378448486,-0.00034353189403191209,0.70999997854232788,0.80000000000000004,0.30426764488220215,0.00037977602914907038,0.30000001192092896,0.34999999999999998,0.075932830572128296,-0.00090579054085537791,0.079999998211860657,0,0.00017930430476553738,3.865352482534945e-12,0,False,4,3,2022-01-01
679,2022-04-01,SSD,1924,SSD,2,0.39999999999999997,0.70001429319381714,0.00015491161320824176,0.69999998807907104,0.15000000000000002,0.4060085117816925,0.004576483741402626,0.40999999642372131,0.050000000000000003,0.081097573041915894,-0.00090579054085537791,0.079999998211860657,0,0.00017930430476553738,3.865352482534945e-12,0,False,2,3,2022-01-01
682,2022-02-01,SSD,1942,SSD,4,0.94999999999999996,0.65432864427566528,-0.00060016656061634421,0.64999997615814209,0.85000000000000009,0.33345583081245422,0.00037977602914907038,0.33000001311302185,0.5,0.083090424537658691,-0.00090579054085537791,0.079999998211860657,0.050000000000000003,0.00017930430476553738,3.865352482534945e-12,0,False,4,3,2022-01-01
683,2022-02-01,SSD,1944,SSD,4,0.94999999999999996,0.65523636341094971,-0.00060016656061634421,0.64999997615814209,0.85000000000000009,0.33345583081245422,0.00037977602914907038,0.33000001311302185,0.5,0.083090424537658691,-0.00090579054085537791,0.079999998211860657,0.050000000000000003,0.00017930430476553738,3.865352482534945e-12,0,False,4,3,2022-01-01
691,2022-02-01,SSD,1977,SSD,3,0.84999999999999998,0.61643296480178833,-0.00050288537750020623,0.62000000476837158,0.55000000000000004,0.33290097117424011,0.00037977602914907038,0.33000001311302185,0.14999999999999999,0.08316493034362793,-0.00090579054085537791,0.079999998211860657,0,0.00017930430476553738,3.865352482534945e-12,0,False,3,3,2022-01-01
692,2022-02-01,SSD,1981,SSD,3,0.84999999999999998,0.61404937505722046,-0.00050288537750020623,0.61000001430511475,0.55000000000000004,0.33290097117424011,0.00037977602914907038,0.33000001311302185,0.14999999999999999,0.08316493034362793,-0.00090579054085537791,0.079999998211860657,0,0.00017930430476553738,3.865352482534945e-12,0,False,3,3,2022-01-01
701,2022-02-01,SSD,2028,SSD,4,0.94999999999999996,0.68003445863723755,-0.00045056402450427413,0.68000000715255737,0.80000000000000004,0.37626340985298157,0.00037977602914907038,0.37999999523162842,0.5,0.080395668745040894,-0.00090579054085537791,0.079999998211860657,0.050000000000000003,0.00017930430476553738,3.865352482534945e-12,0,False,4,3,2022-01-01
702,2022-02-01,SSD,2032,SSD,4,0.94999999999999996,0.6634056568145752,-0.00045056402450427413,0.6600000262260437,0.80000000000000004,0.38303905725479126,0.00037977602914907038,0.37999999523162842,0.5,0.080395668745040894,-0.00090579054085537791,0.079999998211860657,0.050000000000000003,0.00017930430476553738,3.865352482534945e-12,0,False,4,3,2022-01-01
711,2022-02-01,SSD,2118,SSD,3,0.80000000000000004,0.65997695922851562,-0.00032983470009639859,0.6600000262260437,0.45000000000000001,0.23359623551368713,-0.00075152679346501827,0.23000000417232513,0.050000000000000003,0.064753524959087372,-0.00090579054085537791,0.059999998658895493,0,0.00017930430476553738,3.865352482534945e-12,0,False,3,3,2022-01-01
711,2022-07-01,SSD,2119,SSD,3,0.75,0.59919959306716919,-0.00038028063136152923,0.60000002384185791,0.25,0.31958180665969849,-0.00097370566800236702,0.31999999284744263,0.050000000000000003,0.060404453426599503,0.0010459617478772998,0.059999998658895493,0,0.00017930430476553738,3.865352482534945e-12,0,False,3,3,2022-01-01
712,2022-02-01,SSD,2133,SSD,3,0.80000000000000004,0.65999001264572144,-0.00032983470009639859,0.6600000262260437,0.45000000000000001,0.23359623551368713,-0.00075152679346501827,0.23000000417232513,0.050000000000000003,0.064753524959087372,-0.00090579054085537791,0.059999998658895493,0,0.00017930430476553738,3.865352482534945e-12,0,False,3,3,2022-01-01
712,2022-07-01,SSD,2134,SSD,3,0.75,0.59919023513793945,-0.00038028063136152923,0.60000002384185791,0.25,0.31958180665969849,-0.00097370566800236702,0.31999999284744263,0.050000000000000003,0.060404453426599503,0.0010459617478772998,0.059999998658895493,0,0.00017930430476553738,3.865352482534945e-12,0,False,3,3,2022-01-01
723,2022-02-01,SSD,2162,SSD,4,0.99999999999999989,0.65998333692550659,-0.00045102220610715449,0.6600000262260437,0.84999999999999998,0.32708361744880676,0.006325066089630127,0.33000001311302185,0.5,0.082626715302467346,-0.00090579054085537791,0.079999998211860657,0.080000000000000002,0.00017930430476553738,3.865352482534945e-12,0,False,4,3,2022-01-01
724,2022-02-01,SSD,2165,SSD,4,0.99999999999999989,0.66159462928771973,-0.00045102220610715449,0.6600000262260437,0.84999999999999998,0.30802997946739197,0.006325066089630127,0.31000000238418579,0.5,0.082626715302467346,-0.00090579054085537791,0.079999998211860657,0.080000000000000002,0.00017930430476553738,3.865352482534945e-12,0,False,4,3,2022-01-01
732,2022-06-01,SSD,2195,SSD,3,0.5,0.70469307899475098,0.00031890615355223417,0.70999997854232788,0.20000000000000001,0.26491230726242065,-0.0046924939379096031,0.25999999046325684,0,0.047086700797080994,-0.00090579054085537791,0.05000000074505806,0,0.00017930430476553738,3.865352482534945e-12,0,False,3,3,2022-01-01
732,2022-10-01,SSD,2196,SSD,3,0.80000000000000004,0.67936491966247559,6.0788181144744158e-05,0.68000000715255737,0.29999999999999999,0.28741520643234253,-0.00097370566800236702,0.28999999165534973,0.050000000000000003,0.050252519547939301,0.0010459617478772998,0.05000000074505806,0,0.00017930430476553738,3.865352482534945e-12,0,False,3,3,2022-01-01
733,2022-06-01,SSD,2206,SSD,3,0.5,0.71165192127227783,0.00031890615355223417,0.70999997854232788,0.20000000000000001,0.26491230726242065,-0.0046924939379096031,0.25999999046325684,0,0.047086700797080994,-0.00090579054085537791,0.05000000074505806,0,0.00017930430476553738,3.865352482534945e-12,0,False,3,3,2022-01-01
733,2022-10-01,SSD,2207,SSD,3,0.80000000000000004,0.67936491966247559,6.0788181144744158e-05,0.68000000715255737,0.29999999999999999,0.28741520643234253,-0.00097370566800236702,0.28999999165534973,0.050000000000000003,0.050252519547939301,0.0010459617478772998,0.05000000074505806,0,0.00017930430476553738,3.865352482534945e-12,0,False,3,3,2022-01-01
735,2022-02-01,SSD,2221,SSD,3,0.90000000000000002,0.67261290550231934,0.00030436579254455864,0.67000001668930054,0.55000000000000004,0.21072635054588318,0.0014398542698472738,0.20999999344348907,0.050000000000000003,0.060220982879400253,-0.00090579054085537791,0.059999998658895493,0,0.00017930430476553738,3.865352482534945e-12,0,False,3,3,2022-01-01
735,2022-10-01,SSD,2222,SSD,3,0.80000000000000004,0.69909518957138062,5.35530925844796e-05,0.69999998807907104,0.34999999999999998,0.29910692572593689,-0.00097370566800236702,0.30000001192092896,0.050000000000000003,0.055871929973363876,0.0010459617478772998,0.059999998658895493,0,0.00017930430476553738,3.865352482534945e-12,0,False,3,3,2022-01-01
736,2022-02-01,SSD,2231,SSD,3,0.90000000000000002,0.67243152856826782,0.00030436579254455864,0.67000001668930054,0.55000000000000004,0.21072635054588318,0.0014398542698472738,0.20999999344348907,0.050000000000000003,0.060220982879400253,-0.00090579054085537791,0.059999998658895493,0,0.00017930430476553738,3.865352482534945e-12,0,False,3,3,2022-01-01
736,2022-10-01,SSD,2232,SSD,3,0.80000000000000004,0.69919091463088989,5.35530925844796e-05,0.69999998807907104,0.34999999999999998,0.29910692572593689,-0.00097370566800236702,0.30000001192092896,0.050000000000000003,0.055871929973363876,0.0010459617478772998,0.059999998658895493,0,0.00017930430476553738,3.865352482534945e-12,0,False,3,3,2022-01-01
748,2022-02-01,SSD,2239,SSD,4,0.95000000000000007,0.64648556709289551,-0.00048150564543902874,0.64999997615814209,0.85000000000000009,0.326751708984375,0.006325066089630127,0.33000001311302185,0.40000000000000002,0.084114968776702881,-0.00090579054085537791,0.079999998211860657,0,0.00017930430476553738,3.865352482534945e-12,0,False,4,3,2022-01-01
749,2022-02-01,SSD,2240,SSD,4,0.95000000000000007,0.64259988069534302,-0.00048150564543902874,0.63999998569488525,0.85000000000000009,0.32523638010025024,0.006325066089630127,0.33000001311302185,0.40000000000000002,0.082626715302467346,-0.00090579054085537791,0.079999998211860657,0,0.00017930430476553738,3.865352482534945e-12,0,False,4,3,2022-01-01
760,2022-02-01,SSD,2279,SSD,3,0.84999999999999998,0.69172799587249756,-8.7404529040213674e-05,0.68999999761581421,0.5,0.35271507501602173,-0.00075152679346501827,0.34999999403953552,0.10000000000000001,0.069482065737247467,-0.00090579054085537791,0.070000000298023224,0,0.00017930430476553738,3.865352482534945e-12,0,False,3,3,2022-01-01
762,2022-02-01,SSD,2290,SSD,3,0.84999999999999998,0.70385193824768066,-0.00027664224035106599,0.69999998807907104,0.5,0.36737248301506042,-0.0039155436679720879,0.36000001430511475,0.10000000000000001,0.069482065737247467,-0.00090579054085537791,0.070000000298023224,0,0.00017930430476553738,3.865352482534945e-12,0,False,3,3,2022-01-01
768,2022-02-01,SSD,2295,SSD,4,0.90000000000000002,0.63786309957504272,-0.00014332600403577089,0.63999998569488525,0.75,0.33806952834129333,-0.0067113442346453667,0.33000001311302185,0.34999999999999998,0.075846128165721893,-0.00090579054085537791,0.070000000298023224,0,0.00017930430476553738,3.865352482534945e-12,0,False,4,3,2022-01-01
769,2022-02-01,SSD,2298,SSD,4,0.90000000000000002,0.63800567388534546,-0.00014332600403577089,0.63999998569488525,0.75,0.33806952834129333,-0.0067113442346453667,0.33000001311302185,0.34999999999999998,0.075846128165721893,-0.00090579054085537791,0.070000000298023224,0,0.00017930430476553738,3.865352482534945e-12,0,False,4,3,2022-01-01
779,2022-02-01,SSD,2317,SSD,4,0.95000000000000007,0.65492665767669678,-0.00039157472201623023,0.64999997615814209,0.85000000000000009,0.27004095911979675,0.00037977602914907038,0.27000001072883606,0.45000000000000001,0.088767528533935547,-0.00090579054085537791,0.090000003576278687,0.050000000000000003,0.00017930430476553738,3.865352482534945e-12,0,False,4,3,2022-01-01
779,2022-10-01,SSD,2318,SSD,4,0.90000000000000002,0.62708264589309692,-0.00039225802174769342,0.62999999523162842,0.75,0.31570360064506531,0.0011939391260966659,0.31999999284744263,0.45000000000000001,0.078845351934432983,0.0010459617478772998,0.079999998211860657,0.050000000000000003,0.00017930430476553738,3.865352482534945e-12,0,False,4,3,2022-01-01
780,2022-02-01,SSD,2322,SSD,4,0.95000000000000007,0.6541973352432251,-0.00039157472201623023,0.64999997615814209,0.85000000000000009,0.26263272762298584,0.00037977602914907038,0.25999999046325684,0.45000000000000001,0.088767528533935547,-0.00090579054085537791,0.090000003576278687,0.050000000000000003,0.00017930430476553738,3.865352482534945e-12,0,False,4,3,2022-01-01
780,2022-10-01,SSD,2323,SSD,4,0.90000000000000002,0.6512032151222229,-0.00039225802174769342,0.64999997615814209,0.75,0.30829536914825439,0.0011939391260966659,0.31000000238418579,0.45000000000000001,0.078845351934432983,0.0010459617478772998,0.079999998211860657,0.050000000000000003,0.00017930430476553738,3.865352482534945e-12,0,False,4,3,2022-01-01
781,2022-10-01,SSD,2326,SSD,5,1,0.64177185297012329,-0.00039782861131243408,0.63999998569488525,0.89999999999999991,0.3063371479511261,0.0011939391260966659,0.31000000238418579,0.59999999999999998,0.082758292555809021,0.0010459617478772998,0.079999998211860657,0.29999999999999999,0.00017930430476553738,3.865352482534945e-12,0,False,5,3,2022-01-01
782,2022-10-01,SSD,2329,SSD,5,1,0.65958952903747559,-0.00044795501162298024,0.6600000262260437,0.89999999999999991,0.30741113424301147,0.0011939391260966659,0.31000000238418579,0.59999999999999998,0.080723896622657776,0.0010459617478772998,0.079999998211860657,0.29999999999999999,0.00017930430476553738,3.865352482534945e-12,0,False,5,3,2022-01-01
783,2022-10-01,SSD,2337,SSD,3,0.80000000000000004,0.65136891603469849,-4.6010492951609194e-05,0.64999997615814209,0.39999999999999997,0.2795557975769043,-0.00097370566800236702,0.2800000011920929,0.050000000000000003,0.052073545753955841,0.0010459617478772998,0.05000000074505806,0,0.00017930430476553738,3.865352482534945e-12,0,False,3,3,2022-01-01
784,2022-10-01,SSD,2345,SSD,3,0.80000000000000004,0.66020911931991577,-4.6010492951609194e-05,0.6600000262260437,0.39999999999999997,0.28788772225379944,-0.00097370566800236702,0.28999999165534973,0.050000000000000003,0.052073545753955841,0.0010459617478772998,0.05000000074505806,0,0.00017930430476553738,3.865352482534945e-12,0,False,3,3,2022-01-01
785,2022-06-01,SSD,2357,SSD,3,0.60000000000000009,0.67357218265533447,0.00019183121912647039,0.67000001668930054,0.25,0.29330435395240784,-0.0037198597565293312,0.28999999165534973,0.050000000000000003,0.056761786341667175,-0.00090579054085537791,0.059999998658895493,0,0.00017930430476553738,3.865352482534945e-12,0,False,3,3,2022-01-01
785,2022-10-01,SSD,2358,SSD,3,0.84999999999999998,0.64855730533599854,-0.00012763333506882191,0.64999997615814209,0.44999999999999996,0.29293671250343323,-0.00097370566800236702,0.28999999165534973,0.10000000000000001,0.058992180973291397,0.0010459617478772998,0.059999998658895493,0,0.00017930430476553738,3.865352482534945e-12,0,False,3,3,2022-01-01
786,2022-06-01,SSD,2370,SSD,3,0.60000000000000009,0.67335361242294312,0.00019183121912647039,0.67000001668930054,0.25,0.29330435395240784,-0.0037198597565293312,0.28999999165534973,0.050000000000000003,0.056761786341667175,-0.00090579054085537791,0.059999998658895493,0,0.00017930430476553738,3.865352482534945e-12,0,False,3,3,2022-01-01
786,2022-10-01,SSD,2371,SSD,3,0.84999999999999998,0.6481432318687439,-0.00012763333506882191,0.64999997615814209,0.44999999999999996,0.29293671250343323,-0.00097370566800236702,0.28999999165534973,0.10000000000000001,0.058992180973291397,0.0010459617478772998,0.059999998658895493,0,0.00017930430476553738,3.865352482534945e-12,0,False,3,3,2022-01-01
789,2022-10-01,SSD,2376,SSD,4,0.90000000000000002,0.59573793411254883,-6.5454769355710596e-05,0.60000002384185791,0.65000000000000002,0.24971219897270203,0.0015869542257860303,0.25,0.25,0.081465631723403931,0.0010459617478772998,0.079999998211860657,0,0.00017930430476553738,3.865352482534945e-12,0,False,4,3,2022-01-01
800,2022-10-01,SSD,2399,SSD,4,0.94999999999999996,0.62230020761489868,-0.00038803362986072898,0.62000000476837158,0.60000000000000009,0.24836096167564392,0.0011939391260966659,0.25,0.20000000000000001,0.083417579531669617,0.0010459617478772998,0.079999998211860657,0,0.00017930430476553738,3.865352482534945e-12,0,False,4,3,2022-01-01
801,2022-10-01,SSD,2402,SSD,4,0.94999999999999996,0.6178247332572937,-0.00038803362986072898,0.62000000476837158,0.60000000000000009,0.24836096167564392,0.0011939391260966659,0.25,0.20000000000000001,0.083417579531669617,0.0010459617478772998,0.079999998211860657,0,0.00017930430476553738,3.865352482534945e-12,0,False,4,3,2022-01-01
806,2022-02-01,SSD,2409,SSD,3,0.84999999999999998,0.67947137355804443,-0.00033380853710696101,0.68000000715255737,0.65000000000000002,0.34891295433044434,-0.00075152679346501827,0.34999999403953552,0.14999999999999999,0.079093702137470245,-0.00090579054085537791,0.079999998211860657,0,0.00017930430476553738,3.865352482534945e-12,0,False,3,3,2022-01-01
806,2022-10-01,SSD,2410,SSD,3,0.84999999999999998,0.70509076118469238,-0.00062277179677039385,0.69999998807907104,0.5,0.36555251479148865,-0.00097370566800236702,0.36000001430511475,0.10000000000000001,0.071962401270866394,0.0010459617478772998,0.070000000298023224,0,0.00017930430476553738,3.865352482534945e-12,0,False,3,3,2022-01-01
807,2022-02-01,SSD,2417,SSD,3,0.84999999999999998,0.68353301286697388,-0.00033380853710696101,0.68000000715255737,0.65000000000000002,0.34891295433044434,-0.00075152679346501827,0.34999999403953552,0.14999999999999999,0.079093702137470245,-0.00090579054085537791,0.079999998211860657,0,0.00017930430476553738,3.865352482534945e-12,0,False,3,3,2022-01-01
807,2022-10-01,SSD,2418,SSD,3,0.84999999999999998,0.70658671855926514,-0.00062277179677039385,0.70999997854232788,0.5,0.36555251479148865,-0.00097370566800236702,0.36000001430511475,0.10000000000000001,0.071962401270866394,0.0010459617478772998,0.070000000298023224,0,0.00017930430476553738,3.865352482534945e-12,0,False,3,3,2022-01-01
815,2022-02-01,SSD,2422,SSD,4,0.90000000000000002,0.63728660345077515,-0.00021727853163611144,0.63999998569488525,0.75,0.25909394025802612,-0.0035473289899528027,0.25999999046325684,0.29999999999999999,0.085993513464927673,-0.00090579054085537791,0.090000003576278687,0.050000000000000003,0.00017930430476553738,3.865352482534945e-12,0,False,4,3,2022-01-01
815,2022-10-01,SSD,2423,SSD,4,0.90000000000000013,0.66418135166168213,-0.00025488701066933572,0.6600000262260437,0.69999999999999996,0.29916530847549438,-0.0014457711949944496,0.30000001192092896,0.29999999999999999,0.084858432412147522,0.0010459617478772998,0.090000003576278687,0,0.00017930430476553738,3.865352482534945e-12,0,False,4,3,2022-01-01
816,2022-02-01,SSD,2427,SSD,4,0.90000000000000002,0.6371188759803772,-0.00021727853163611144,0.63999998569488525,0.75,0.25909394025802612,-0.0035473289899528027,0.25999999046325684,0.29999999999999999,0.085993513464927673,-0.00090579054085537791,0.090000003576278687,0.050000000000000003,0.00017930430476553738,3.865352482534945e-12,0,False,4,3,2022-01-01
816,2022-10-01,SSD,2428,SSD,4,0.90000000000000013,0.66448855400085449,-0.00025488701066933572,0.6600000262260437,0.69999999999999996,0.29916530847549438,-0.0014457711949944496,0.30000001192092896,0.29999999999999999,0.084858432412147522,0.0010459617478772998,0.090000003576278687,0,0.00017930430476553738,3.865352482534945e-12,0,False,4,3,2022-01-01
817,2022-02-01,SSD,2434,SSD,4,0.90000000000000002,0.58805161714553833,-0.00076781125972047448,0.5899999737739563,0.75,0.27169927954673767,-0.0043512550182640553,0.27000001072883606,0.25,0.069089740514755249,-0.00090579054085537791,0.070000000298023224,0,0.00017930430476553738,3.865352482534945e-12,0,False,4,3,2022-01-01
817,2022-10-01,SSD,2435,SSD,4,0.90000000000000002,0.64365386962890625,-0.00023330716066993773,0.63999998569488525,0.75,0.27542629837989807,-0.0014457711949944496,0.27000001072883606,0.40000000000000002,0.080400347709655762,0.0010459617478772998,0.079999998211860657,0,0.00017930430476553738,3.865352482534945e-12,0,False,4,3,2022-01-01
818,2022-02-01,SSD,2441,SSD,4,0.90000000000000002,0.59220343828201294,-0.00076781125972047448,0.5899999737739563,0.75,0.27169927954673767,-0.0043512550182640553,0.27000001072883606,0.25,0.069089740514755249,-0.00090579054085537791,0.070000000298023224,0,0.00017930430476553738,3.865352482534945e-12,0,False,4,3,2022-01-01
818,2022-10-01,SSD,2442,SSD,4,0.90000000000000002,0.64306312799453735,-0.00023330716066993773,0.63999998569488525,0.75,0.27542629837989807,-0.0014457711949944496,0.27000001072883606,0.40000000000000002,0.080400347709655762,0.0010459617478772998,0.079999998211860657,0,0.00017930430476553738,3.865352482534945e-12,0,False,4,3,2022-01-01
820,2022-02-01,SSD,2449,SSD,3,0.55000000000000004,0.63239783048629761,2.0040308299940079e-05,0.62999999523162842,0.20000000000000001,0.22804102301597595,0.001802292070351541,0.23000000417232513,0,0.056212663650512695,-0.00090579054085537791,0.059999998658895493,0,0.00017930430476553738,3.865352482534945e-12,0,False,3,3,2022-01-01
820,2022-03-01,SSD,2450,SSD,3,0.69999999999999996,0.58245950937271118,0.00051864585839211941,0.57999998331069946,0.34999999999999998,0.21963377296924591,0.0041623804718255997,0.2199999988079071,0.050000000000000003,0.050982248038053513,-0.00090579054085537791,0.05000000074505806,0,0.00017930430476553738,3.865352482534945e-12,0,False,3,3,2022-01-01
820,2022-06-01,SSD,2451,SSD,3,0.60000000000000009,0.68244081735610962,0.00021272445155773312,0.68000000715255737,0.29999999999999999,0.26223713159561157,-0.0035473289899528027,0.25999999046325684,0.050000000000000003,0.054767642170190811,-0.00090579054085537791,0.05000000074505806,0,0.00017930430476553738,3.865352482534945e-12,0,False,3,3,2022-01-01
821,2022-02-01,SSD,2458,SSD,3,0.55000000000000004,0.63259804248809814,2.0040308299940079e-05,0.62999999523162842,0.20000000000000001,0.22804102301597595,0.001802292070351541,0.23000000417232513,0,0.056212663650512695,-0.00090579054085537791,0.059999998658895493,0,0.00017930430476553738,3.865352482534945e-12,0,False,3,3,2022-01-01
821,2022-03-01,SSD,2459,SSD,3,0.69999999999999996,0.58145183324813843,0.00051864585839211941,0.57999998331069946,0.34999999999999998,0.21963377296924591,0.0041623804718255997,0.2199999988079071,0.050000000000000003,0.050982248038053513,-0.00090579054085537791,0.05000000074505806,0,0.00017930430476553738,3.865352482534945e-12,0,False,3,3,2022-01-01
821,2022-06-01,SSD,2460,SSD,3,0.60000000000000009,0.67458516359329224,0.00021272445155773312,0.67000001668930054,0.29999999999999999,0.26223713159561157,-0.0035473289899528027,0.25999999046325684,0.050000000000000003,0.054767642170190811,-0.00090579054085537791,0.05000000074505806,0,0.00017930430476553738,3.865352482534945e-12,0,False,3,3,2022-01-01
842,2022-02-01,SSD,2482,SSD,3,0.74999999999999989,0.61979132890701294,-5.754145240643993e-05,0.62000000476837158,0.40000000000000002,0.26869150996208191,0.001802292070351541,0.27000001072883606,0.10000000000000001,0.054618373513221741,-0.00090579054085537791,0.05000000074505806,0,0.00017930430476553738,3.865352482534945e-12,0,False,3,3,2022-01-01
842,2022-03-01,SSD,2483,SSD,3,0.69999999999999996,0.57828694581985474,0.00032853486482053995,0.57999998331069946,0.34999999999999998,0.24875985085964203,0.001802292070351541,0.25,0.050000000000000003,0.052086535841226578,-0.00090579054085537791,0.05000000074505806,0,0.00017930430476553738,3.865352482534945e-12,0,False,3,3,2022-01-01
842,2022-06-01,SSD,2484,SSD,3,0.60000000000000009,0.66699349880218506,-8.3631157394847833e-06,0.67000001668930054,0.29999999999999999,0.28081122040748596,-0.0035473289899528027,0.2800000011920929,0.050000000000000003,0.055871929973363876,-0.00090579054085537791,0.05000000074505806,0,0.00017930430476553738,3.865352482534945e-12,0,False,3,3,2022-01-01
842,2022-10-01,SSD,2485,SSD,3,0.69999999999999996,0.64261537790298462,0.00017671355453785509,0.63999998569488525,0.34999999999999998,0.29130178689956665,-0.00097370566800236702,0.28999999165534973,0.10000000000000001,0.053641527891159058,0.0010459617478772998,0.05000000074505806,0,0.00017930430476553738,3.865352482534945e-12,0,False,3,3,2022-01-01
843,2022-02-01,SSD,2495,SSD,3,0.74999999999999989,0.61980438232421875,-5.754145240643993e-05,0.62000000476837158,0.40000000000000002,0.26869150996208191,0.001802292070351541,0.27000001072883606,0.10000000000000001,0.054618373513221741,-0.00090579054085537791,0.05000000074505806,0,0.00017930430476553738,3.865352482534945e-12,0,False,3,3,2022-01-01
843,2022-03-01,SSD,2496,SSD,3,0.69999999999999996,0.57765203714370728,0.00032853486482053995,0.57999998331069946,0.34999999999999998,0.24875985085964203,0.001802292070351541,0.25,0.050000000000000003,0.052086535841226578,-0.00090579054085537791,0.05000000074505806,0,0.00017930430476553738,3.865352482534945e-12,0,False,3,3,2022-01-01
843,2022-06-01,SSD,2497,SSD,3,0.60000000000000009,0.66698414087295532,-8.3631157394847833e-06,0.67000001668930054,0.29999999999999999,0.28081122040748596,-0.0035473289899528027,0.2800000011920929,0.050000000000000003,0.055871929973363876,-0.00090579054085537791,0.05000000074505806,0,0.00017930430476553738,3.865352482534945e-12,0,False,3,3,2022-01-01
843,2022-10-01,SSD,2498,SSD,3,0.69999999999999996,0.64291912317276001,0.00017671355453785509,0.63999998569488525,0.34999999999999998,0.29130178689956665,-0.00097370566800236702,0.28999999165534973,0.10000000000000001,0.053641527891159058,0.0010459617478772998,0.05000000074505806,0,0.00017930430476553738,3.865352482534945e-12,0,False,3,3,2022-01-01
844,2022-10-01,SSD,2500,SSD,3,0.79999999999999993,0.61096596717834473,-0.00041906567639671266,0.61000001430511475,0.5,0.27221351861953735,0.0047509698197245598,0.2800000011920929,0.10000000000000001,0.080374330282211304,0.0010459617478772998,0.079999998211860657,0,0.00017930430476553738,3.865352482534945e-12,0,False,3,3,2022-01-01
845,2022-10-01,SSD,2502,SSD,3,0.79999999999999993,0.61096709966659546,-0.00041906567639671266,0.61000001430511475,0.5,0.26996251940727234,0.0047509698197245598,0.27000001072883606,0.10000000000000001,0.080374330282211304,0.0010459617478772998,0.079999998211860657,0,0.00017930430476553738,3.865352482534945e-12,0,False,3,3,2022-01-01
882,2022-02-01,SSD,2553,SSD,4,0.89999999999999991,0.58813035488128662,-0.00010992438910761848,0.5899999737739563,0.64999999999999991,0.3367597758769989,0.003550870344042778,0.34000000357627869,0.29999999999999999,0.070181041955947876,-0.00090579054085537791,0.070000000298023224,0,0.00017930430476553738,3.865352482534945e-12,0,False,4,3,2022-01-01
883,2022-02-01,SSD,2558,SSD,4,0.89999999999999991,0.58779001235961914,-0.00010992438910761848,0.5899999737739563,0.64999999999999991,0.3367597758769989,0.003550870344042778,0.34000000357627869,0.29999999999999999,0.070181041955947876,-0.00090579054085537791,0.070000000298023224,0,0.00017930430476553738,3.865352482534945e-12,0,False,4,3,2022-01-01
893,2022-02-01,SSD,2571,SSD,3,0.79999999999999993,0.65625375509262085,0.00021804441348649561,0.6600000262260437,0.5,0.28764334321022034,0.001802292070351541,0.28999999165534973,0.14999999999999999,0.06113109365105629,-0.00090579054085537791,0.059999998658895493,0,0.00017930430476553738,3.865352482534945e-12,0,False,3,3,2022-01-01
893,2022-10-01,SSD,2572,SSD,3,0.90000000000000002,0.66443300247192383,-2.9268607249832712e-05,0.6600000262260437,0.55000000000000004,0.28364574909210205,-0.00097370566800236702,0.2800000011920929,0.14999999999999999,0.056991972029209137,0.0010459617478772998,0.059999998658895493,0,0.00017930430476553738,3.865352482534945e-12,0,False,3,3,2022-01-01
894,2022-02-01,SSD,2578,SSD,3,0.79999999999999993,0.65743052959442139,0.00021804441348649561,0.6600000262260437,0.5,0.2821962833404541,0.001802292070351541,0.2800000011920929,0.14999999999999999,0.06113109365105629,-0.00090579054085537791,0.059999998658895493,0,0.00017930430476553738,3.865352482534945e-12,0,False,3,3,2022-01-01
894,2022-10-01,SSD,2579,SSD,3,0.90000000000000002,0.66104280948638916,-2.9268607249832712e-05,0.6600000262260437,0.55000000000000004,0.27819862961769104,-0.00097370566800236702,0.2800000011920929,0.14999999999999999,0.056991972029209137,0.0010459617478772998,0.059999998658895493,0,0.00017930430476553738,3.865352482534945e-12,0,False,3,3,2022-01-01
896,2022-04-01,SSD,2584,SSD,4,0.75,0.57928562164306641,0.00022173224715515971,0.57999998331069946,0.45000000000000001,0.307832270860672,0.001190783572383225,0.31000000238418579,0.20000000000000001,0.072433263063430786,-0.00090579054085537791,0.070000000298023224,0,0.00017930430476553738,3.865352482534945e-12,0,False,4,3,2022-01-01
897,2022-04-01,SSD,2587,SSD,4,0.75,0.57707208395004272,0.00022173224715515971,0.57999998331069946,0.45000000000000001,0.307832270860672,0.001190783572383225,0.31000000238418579,0.20000000000000001,0.072433263063430786,-0.00090579054085537791,0.070000000298023224,0,0.00017930430476553738,3.865352482534945e-12,0,False,4,3,2022-01-01
898,2022-03-01,SSD,2588,SSD,3,0.69999999999999996,0.61387062072753906,0.00032280932646244764,0.61000001430511475,0.34999999999999998,0.30834418535232544,0.001802292070351541,0.31000000238418579,0.050000000000000003,0.05148749053478241,-0.00090579054085537791,0.05000000074505806,0,0.00017930430476553738,3.865352482534945e-12,0,False,3,3,2022-01-01
898,2022-06-01,SSD,2589,SSD,2,0.59999999999999998,0.67142581939697266,0.00022332975640892982,0.67000001668930054,0.14999999999999999,0.350676029920578,-0.0035473289899528027,0.34999999403953552,0,0.05148749053478241,-0.00090579054085537791,0.05000000074505806,0,0.00017930430476553738,3.865352482534945e-12,0,False,2,3,2022-01-01
898,2022-10-01,SSD,2590,SSD,3,0.79999999999999993,0.63074231147766113,0.00014398302300833166,0.62999999523162842,0.5,0.30593574047088623,-0.00097370566800236702,0.30000001192092896,0.14999999999999999,0.052578788250684738,0.0010459617478772998,0.05000000074505806,0,0.00017930430476553738,3.865352482534945e-12,0,False,3,3,2022-01-01
899,2022-03-01,SSD,2591,SSD,3,0.69999999999999996,0.61387062072753906,0.00032280932646244764,0.61000001430511475,0.34999999999999998,0.30834418535232544,0.001802292070351541,0.31000000238418579,0.050000000000000003,0.05148749053478241,-0.00090579054085537791,0.05000000074505806,0,0.00017930430476553738,3.865352482534945e-12,0,False,3,3,2022-01-01
899,2022-06-01,SSD,2592,SSD,2,0.59999999999999998,0.67142581939697266,0.00022332975640892982,0.67000001668930054,0.14999999999999999,0.350676029920578,-0.0035473289899528027,0.34999999403953552,0,0.05148749053478241,-0.00090579054085537791,0.05000000074505806,0,0.00017930430476553738,3.865352482534945e-12,0,False,2,3,2022-01-01
899,2022-10-01,SSD,2593,SSD,3,0.79999999999999993,0.63074231147766113,0.00014398302300833166,0.62999999523162842,0.5,0.30593574047088623,-0.00097370566800236702,0.30000001192092896,0.14999999999999999,0.052578788250684738,0.0010459617478772998,0.05000000074505806,0,0.00017930430476553738,3.865352482534945e-12,0,False,3,3,2022-01-01
901,2022-02-01,SSD,2596,SSD,4,0.80000000000000004,0.59798902273178101,-0.00026898446958512068,0.60000002384185791,0.5,0.29249435663223267,-0.0023944189306348562,0.28999999165534973,0.20000000000000001,0.076321855187416077,-0.00090579054085537791,0.079999998211860657,0,0.00017930430476553738,3.865352482534945e-12,0,False,4,3,2022-01-01
902,2022-02-01,SSD,2598,SSD,4,0.80000000000000004,0.59675180912017822,-0.00026898446958512068,0.60000002384185791,0.5,0.29474535584449768,-0.0023944189306348562,0.28999999165534973,0.20000000000000001,0.076321855187416077,-0.00090579054085537791,0.079999998211860657,0,0.00017930430476553738,3.865352482534945e-12,0,False,4,3,2022-01-01
913,2022-02-01,SSD,2615,SSD,3,0.79999999999999993,0.63668900728225708,0.00018188773537985981,0.63999998569488525,0.44999999999999996,0.22877269983291626,0.001802292070351541,0.23000000417232513,0.14999999999999999,0.062492009252309799,-0.00090579054085537791,0.059999998658895493,0,0.00017930430476553738,3.865352482534945e-12,0,False,3,3,2022-01-01
914,2022-02-01,SSD,2619,SSD,3,0.79999999999999993,0.63790714740753174,0.00018188773537985981,0.63999998569488525,0.44999999999999996,0.23102371394634247,0.001802292070351541,0.23000000417232513,0.14999999999999999,0.062492009252309799,-0.00090579054085537791,0.059999998658895493,0,0.00017930430476553738,3.865352482534945e-12,0,False,3,3,2022-01-01
930,2022-02-01,SSD,2649,SSD,4,0.90000000000000013,0.59476262331008911,-0.00025056107551790774,0.5899999737739563,0.69999999999999996,0.30043533444404602,0.0041623804718255997,0.30000001192092896,0.29999999999999999,0.072690889239311218,-0.00090579054085537791,0.070000000298023224,0,0.00017930430476553738,3.865352482534945e-12,0,False,4,3,2022-01-01
930,2022-10-01,SSD,2650,SSD,3,0.84999999999999998,0.60635244846343994,7.145010749809444e-05,0.61000001430511475,0.59999999999999998,0.22799171507358551,0.0010868475073948503,0.23000000417232513,0.10000000000000001,0.076743364334106445,0.0010459617478772998,0.079999998211860657,0,0.00017930430476553738,3.865352482534945e-12,0,False,3,3,2022-01-01
931,2022-02-01,SSD,2655,SSD,4,0.90000000000000013,0.59447300434112549,-0.00029548836755566299,0.5899999737739563,0.69999999999999996,0.29492062330245972,0.0041623804718255997,0.30000001192092896,0.29999999999999999,0.072690889239311218,-0.00090579054085537791,0.070000000298023224,0,0.00017930430476553738,3.865352482534945e-12,0,False,4,3,2022-01-01
931,2022-10-01,SSD,2656,SSD,3,0.84999999999999998,0.61036580801010132,7.145010749809444e-05,0.61000001430511475,0.59999999999999998,0.22247703373432159,0.0010868475073948503,0.2199999988079071,0.10000000000000001,0.076743364334106445,0.0010459617478772998,0.079999998211860657,0,0.00017930430476553738,3.865352482534945e-12,0,False,3,3,2022-01-01
971,2022-03-01,SSD,2751,SSD,3,0.79999999999999993,0.61128580570220947,0.00030011578928679228,0.61000001430511475,0.5,0.25243780016899109,0.001802292070351541,0.25,0.10000000000000001,0.060231439769268036,-0.00090579054085537791,0.059999998658895493,0,0.00017930430476553738,3.865352482534945e-12,0,False,3,3,2022-01-01
971,2022-06-01,SSD,2752,SSD,3,0.75,0.73456621170043945,0.00022244011051952839,0.73000001907348633,0.34999999999999998,0.29158273339271545,-0.0035473289899528027,0.28999999165534973,0.050000000000000003,0.071502171456813812,-0.00090579054085537791,0.070000000298023224,0,0.00017930430476553738,3.865352482534945e-12,0,False,3,3,2022-01-01
972,2022-03-01,SSD,2755,SSD,3,0.79999999999999993,0.59754341840744019,0.00040190471918322146,0.60000002384185791,0.5,0.25243780016899109,0.001802292070351541,0.25,0.10000000000000001,0.060231439769268036,-0.00090579054085537791,0.059999998658895493,0,0.00017930430476553738,3.865352482534945e-12,0,False,3,3,2022-01-01
972,2022-06-01,SSD,2756,SSD,3,0.75,0.73524308204650879,0.00022244011051952839,0.74000000953674316,0.34999999999999998,0.29158273339271545,-0.0035473289899528027,0.28999999165534973,0.050000000000000003,0.071502171456813812,-0.00090579054085537791,0.070000000298023224,0,0.00017930430476553738,3.865352482534945e-12,0,False,3,3,2022-01-01
759,2022-06-01,SWZ,2274,SWZ,2,0.44999999999999996,0.56063729524612427,-0.00015958395670168102,0.56000000238418579,0.10000000000000001,0.2572333812713623,0.004039399791508913,0.25999999046325684,0,0.059938900172710419,-0.0013420090544968843,0.059999998658895493,0,0.0011002935934811831,-9.0949470177292824e-12,0,False,2,3,2022-01-01
759,2022-10-01,SWZ,2275,SWZ,2,0.59999999999999998,0.63497209548950195,-0.0001513909810455516,0.62999999523162842,0.10000000000000001,0.30529230833053589,0.0044764922931790352,0.31000000238418579,0,0.062057659029960632,-0.0013420090544968843,0.059999998658895493,0,0.0011002935934811831,-9.0949470177292824e-12,0,False,2,3,2022-01-01
761,2022-06-01,SWZ,2285,SWZ,2,0.44999999999999996,0.54979926347732544,-0.00047430946142412722,0.55000001192092896,0.10000000000000001,0.2572333812713623,0.004039399791508913,0.25999999046325684,0,0.059938900172710419,-0.0013420090544968843,0.059999998658895493,0,0.0011002935934811831,-9.0949470177292824e-12,0,False,2,3,2022-01-01
761,2022-10-01,SWZ,2286,SWZ,2,0.59999999999999998,0.63200277090072632,-0.0001513909810455516,0.62999999523162842,0.10000000000000001,0.30529230833053589,0.0044764922931790352,0.31000000238418579,0,0.062057659029960632,-0.0013420090544968843,0.059999998658895493,0,0.0011002935934811831,-9.0949470177292824e-12,0,False,2,3,2022-01-01
770,2022-06-01,SWZ,2299,SWZ,2,0.40000000000000002,0.56185364723205566,-0.00022193735640030354,0.56000000238418579,0.10000000000000001,0.25748878717422485,-0.0036300441715866327,0.25,0,0.059938900172710419,-0.0013420090544968843,0.059999998658895493,0,0.0011002935934811831,-9.0949470177292824e-12,0,False,2,3,2022-01-01
770,2022-10-01,SWZ,2300,SWZ,2,0.59999999999999998,0.62154942750930786,-8.5528903582599014e-05,0.62000000476837158,0.10000000000000001,0.27723073959350586,-0.0036300441715866327,0.27000001072883606,0,0.062057659029960632,-0.0013420090544968843,0.059999998658895493,0,0.0011002935934811831,-9.0949470177292824e-12,0,False,2,3,2022-01-01
773,2022-06-01,SWZ,2307,SWZ,2,0.40000000000000002,0.56175744533538818,-0.00067491695517674088,0.56000000238418579,0.10000000000000001,0.2615131139755249,-0.0036300441715866327,0.25999999046325684,0,0.071290791034698486,-0.0013420090544968843,0.070000000298023224,0,0.0011002935934811831,-9.0949470177292824e-12,0,False,2,3,2022-01-01
773,2022-10-01,SWZ,2308,SWZ,2,0.59999999999999998,0.622658371925354,-0.00053850840777158737,0.62000000476837158,0.10000000000000001,0.28057074546813965,-0.0036300441715866327,0.2800000011920929,0,0.073409542441368103,-0.0013420090544968843,0.070000000298023224,0,0.0011002935934811831,-9.0949470177292824e-12,0,False,2,3,2022-01-01
794,2022-10-01,SWZ,2381,SWZ,2,0.59999999999999998,0.54912251234054565,-8.6765037849545479e-05,0.55000001192092896,0.10000000000000001,0.24591352045536041,-0.0017420812509953976,0.23999999463558197,0,0.072563111782073975,-0.0013420090544968843,0.070000000298023224,0,0.0011002935934811831,-9.0949470177292824e-12,0,False,2,3,2022-01-01
798,2022-06-01,SWZ,2393,SWZ,3,0.55000000000000004,0.61664080619812012,-0.00026454211911186576,0.62000000476837158,0.25,0.27612018585205078,-0.0017420812509953976,0.27000001072883606,0.050000000000000003,0.053209096193313599,-0.0013420090544968843,0.05000000074505806,0,0.0011002935934811831,-9.0949470177292824e-12,0,False,3,3,2022-01-01
799,2022-06-01,SWZ,2396,SWZ,3,0.55000000000000004,0.61361318826675415,-0.00026454211911186576,0.61000001430511475,0.25,0.28549689054489136,-0.0017420812509953976,0.2800000011920929,0.050000000000000003,0.053209096193313599,-0.0013420090544968843,0.05000000074505806,0,0.0011002935934811831,-9.0949470177292824e-12,0,False,3,3,2022-01-01
1873,2022-03-01,TJK,5544,TJK,4,0.89999999999999991,0.67552423477172852,0.00077299523400142789,0.68000000715255737,0.55000000000000004,0.26668062806129456,0.0042507778853178024,0.27000001072883606,0.25,0.12639544904232025,-0.0011702127521857619,0.12999999523162842,0,0.0010688323527574539,-4.7293724492192268e-11,0,False,4,3,2022-01-01
1873,2022-09-01,TJK,5545,TJK,4,0.84999999999999987,0.7789987325668335,6.1976490542292595e-05,0.77999997138977051,0.5,0.33644551038742065,0.0028109012637287378,0.34000000357627869,0.20000000000000001,0.12639544904232025,-0.0011702127521857619,0.12999999523162842,0,0.0010688323527574539,-4.7293724492192268e-11,0,False,4,3,2022-01-01
1057,2022-07-01,TZA,2846,TZA,2,0.34999999999999998,0.4030802845954895,0.00058339087991043925,0.40000000596046448,0.050000000000000003,0.192437544465065,-0.002215399406850338,0.18999999761581421,0,0.040601585060358047,0.0019971204455941916,0.039999999105930328,0,0.0010670401388779283,1.7098500393331051e-10,0,False,2,2,2022-01-01
752,2022-10-01,UGA,2242,UGA,3,0.80000000000000004,0.75426745414733887,-3.2596872188150883e-05,0.75,0.29999999999999999,0.326345294713974,0.0010833943961188197,0.33000001311302185,0.050000000000000003,0.0522146075963974,-0.0023377079050987959,0.05000000074505806,0,0.0010867842938750982,1.2369127944111824e-10,0,False,3,3,2022-01-01
753,2022-10-01,UGA,2244,UGA,3,0.80000000000000004,0.75439423322677612,-3.2596872188150883e-05,0.75,0.29999999999999999,0.326345294713974,0.0010833943961188197,0.33000001311302185,0.050000000000000003,0.0522146075963974,-0.0023377079050987959,0.05000000074505806,0,0.0010867842938750982,1.2369127944111824e-10,0,False,3,3,2022-01-01
796,2022-06-01,UGA,2386,UGA,3,0.60000000000000009,0.66227161884307861,0.00017932675837073475,0.6600000262260437,0.34999999999999998,0.29882138967514038,0.0014406623085960746,0.30000001192092896,0.050000000000000003,0.05735122412443161,0.0011287350207567215,0.059999998658895493,0,0.0010867842938750982,1.2369127944111824e-10,0,False,3,3,2022-01-01
797,2022-06-01,UGA,2390,UGA,3,0.60000000000000009,0.66424256563186646,0.00017932675837073475,0.6600000262260437,0.34999999999999998,0.29882138967514038,0.0014406623085960746,0.30000001192092896,0.050000000000000003,0.05735122412443161,0.0011287350207567215,0.059999998658895493,0,0.0010867842938750982,1.2369127944111824e-10,0,False,3,3,2022-01-01
837,2022-06-01,UGA,2470,UGA,3,0.70000000000000007,0.57556289434432983,-0.00011701847688527778,0.57999998331069946,0.25,0.26767316460609436,0.0014406623085960746,0.27000001072883606,0.050000000000000003,0.052580006420612335,0.0011287350207567215,0.05000000074505806,0,0.0010867842938750982,1.2369127944111824e-10,0,False,3,3,2022-01-01
852,2022-06-01,UGA,2512,UGA,3,0.70000000000000007,0.56708276271820068,-0.00013038446195423603,0.56999999284744263,0.25,0.23790624737739563,0.0014406623085960746,0.23999999463558197,0.050000000000000003,0.052580006420612335,0.0011287350207567215,0.05000000074505806,0,0.0010867842938750982,1.2369127944111824e-10,0,False,3,3,2022-01-01
857,2022-03-01,UGA,2522,UGA,3,0.69999999999999996,0.62081855535507202,-0.00014875901979394257,0.62000000476837158,0.34999999999999998,0.37006673216819763,0.007746133953332901,0.37999999523162842,0.050000000000000003,0.048266954720020294,-0.0023377079050987959,0.05000000074505806,0,0.0010867842938750982,1.2369127944111824e-10,0,False,3,3,2022-01-01
858,2022-03-01,UGA,2525,UGA,3,0.69999999999999996,0.6210707426071167,-0.00014875901979394257,0.62000000476837158,0.34999999999999998,0.36640164256095886,0.007746133953332901,0.37000000476837158,0.050000000000000003,0.048266954720020294,-0.0023377079050987959,0.05000000074505806,0,0.0010867842938750982,1.2369127944111824e-10,0,False,3,3,2022-01-01
916,2022-03-01,UGA,2622,UGA,3,0.79999999999999993,0.65918576717376709,4.9395137466490269e-05,0.6600000262260437,0.5,0.27061358094215393,-0.00070610869443044066,0.27000001072883606,0.10000000000000001,0.046851858496665955,0.0011287350207567215,0.05000000074505806,0,0.0010867842938750982,1.2369127944111824e-10,0,False,3,3,2022-01-01
917,2022-02-01,UGA,2624,UGA,3,0.80000000000000004,0.64075303077697754,-0.00024808401940390468,0.63999998569488525,0.55000000000000004,0.28795439004898071,0.0073301997035741806,0.30000001192092896,0.14999999999999999,0.069510117173194885,0.0011287350207567215,0.070000000298023224,0,0.0010867842938750982,1.2369127944111824e-10,0,False,3,3,2022-01-01
917,2022-06-01,UGA,2625,UGA,2,0.55000000000000004,0.67151176929473877,0.00039697729516774416,0.67000001668930054,0.14999999999999999,0.37014558911323547,0.005719353910535574,0.37999999523162842,0,0.057390742003917694,0.0011287350207567215,0.059999998658895493,0,0.0010867842938750982,1.2369127944111824e-10,0,False,2,3,2022-01-01
918,2022-02-01,UGA,2627,UGA,3,0.80000000000000004,0.6585993766784668,-0.00025672352057881653,0.6600000262260437,0.55000000000000004,0.29203805327415466,0.0073301997035741806,0.30000001192092896,0.14999999999999999,0.065880417823791504,0.0011287350207567215,0.070000000298023224,0,0.0010867842938750982,1.2369127944111824e-10,0,False,3,3,2022-01-01
918,2022-06-01,UGA,2628,UGA,2,0.55000000000000004,0.6709027886390686,-0.00019176826754119247,0.67000001668930054,0.14999999999999999,0.37422925233840942,0.005719353910535574,0.37999999523162842,0,0.057940460741519928,0.0011287350207567215,0.059999998658895493,0,0.0010867842938750982,1.2369127944111824e-10,0,False,2,3,2022-01-01
919,2022-03-01,UGA,2629,UGA,3,0.79999999999999993,0.63916969299316406,-9.8163916845805943e-05,0.63999998569488525,0.5,0.29502862691879272,-0.00070610869443044066,0.28999999165534973,0.10000000000000001,0.047373704612255096,0.0011287350207567215,0.05000000074505806,0,0.0010867842938750982,1.2369127944111824e-10,0,False,3,3,2022-01-01
929,2022-10-01,UGA,2645,UGA,3,0.79999999999999993,0.71094793081283569,-8.7721156887710094e-05,0.70999997854232788,0.5,0.34299242496490479,0.00081932841567322612,0.34000000357627869,0.14999999999999999,0.064561419188976288,0.0011287350207567215,0.070000000298023224,0,0.0010867842938750982,1.2369127944111824e-10,0,False,3,3,2022-01-01
937,2022-02-01,UGA,2672,UGA,3,0.80000000000000004,0.62333178520202637,-0.00015060155419632792,0.62000000476837158,0.55000000000000004,0.24249061942100525,0.0073301997035741806,0.25,0.14999999999999999,0.068448998034000397,0.0011287350207567215,0.070000000298023224,0,0.0010867842938750982,1.2369127944111824e-10,0,False,3,3,2022-01-01
937,2022-03-01,UGA,2673,UGA,3,0.80000000000000004,0.68288660049438477,0.00010396668221801519,0.68000000715255737,0.5,0.28119981288909912,0.0014406623085960746,0.2800000011920929,0.050000000000000003,0.046707693487405777,0.0011287350207567215,0.05000000074505806,0,0.0010867842938750982,1.2369127944111824e-10,0,False,3,3,2022-01-01
937,2022-06-01,UGA,2674,UGA,3,0.75,0.65715265274047852,-0.00011629736400209367,0.6600000262260437,0.29999999999999999,0.35654774308204651,0.0014406623085960746,0.36000001430511475,0.050000000000000003,0.058669183403253555,0.0011287350207567215,0.059999998658895493,0,0.0010867842938750982,1.2369127944111824e-10,0,False,3,3,2022-01-01
937,2022-07-01,UGA,2675,UGA,3,0.90000000000000002,0.6467890739440918,5.6074764870572835e-05,0.64999997615814209,0.5,0.27794510126113892,0.0075160511769354343,0.28999999165534973,0.14999999999999999,0.052498925477266312,0.0011287350207567215,0.05000000074505806,0,0.0010867842938750982,1.2369127944111824e-10,0,False,3,3,2022-01-01
937,2022-10-01,UGA,2676,UGA,3,0.79999999999999993,0.65810620784759521,0.00021887739421799779,0.6600000262260437,0.5,0.29338109493255615,0.00081932841567322612,0.28999999165534973,0.14999999999999999,0.055768236517906189,0.0011287350207567215,0.059999998658895493,0,0.0010867842938750982,1.2369127944111824e-10,0,False,3,3,2022-01-01
938,2022-02-01,UGA,2685,UGA,3,0.80000000000000004,0.61491787433624268,-0.00015060155419632792,0.61000001430511475,0.55000000000000004,0.23429073393344879,0.0073301997035741806,0.23999999463558197,0.14999999999999999,0.068448998034000397,0.0011287350207567215,0.070000000298023224,0,0.0010867842938750982,1.2369127944111824e-10,0,False,3,3,2022-01-01
938,2022-03-01,UGA,2686,UGA,3,0.80000000000000004,0.68019551038742065,0.00010396668221801519,0.68000000715255737,0.5,0.28203046321868896,0.0014406623085960746,0.2800000011920929,0.050000000000000003,0.046707693487405777,0.0011287350207567215,0.05000000074505806,0,0.0010867842938750982,1.2369127944111824e-10,0,False,3,3,2022-01-01
938,2022-06-01,UGA,2687,UGA,3,0.75,0.64300996065139771,-0.00011629736400209367,0.63999998569488525,0.29999999999999999,0.35737839341163635,0.0014406623085960746,0.36000001430511475,0.050000000000000003,0.058669183403253555,0.0011287350207567215,0.059999998658895493,0,0.0010867842938750982,1.2369127944111824e-10,0,False,3,3,2022-01-01
938,2022-07-01,UGA,2688,UGA,3,0.90000000000000002,0.6482430100440979,5.6074764870572835e-05,0.64999997615814209,0.5,0.2781367301940918,0.0075160511769354343,0.28999999165534973,0.14999999999999999,0.052498925477266312,0.0011287350207567215,0.05000000074505806,0,0.0010867842938750982,1.2369127944111824e-10,0,False,3,3,2022-01-01
938,2022-10-01,UGA,2689,UGA,3,0.79999999999999993,0.64012330770492554,2.7508460334502161e-05,0.63999998569488525,0.5,0.28275379538536072,0.00081932841567322612,0.2800000011920929,0.14999999999999999,0.054358776658773422,0.0011287350207567215,0.059999998658895493,0,0.0010867842938750982,1.2369127944111824e-10,0,False,3,3,2022-01-01
941,2022-03-01,UGA,2692,UGA,3,0.79999999999999993,0.60746389627456665,-0.00018707546405494213,0.61000001430511475,0.5,0.28639933466911316,-0.00070610869443044066,0.28999999165534973,0.10000000000000001,0.097392521798610687,0.0011287350207567215,0.10000000149011612,0,0.0010867842938750982,1.2369127944111824e-10,0,False,3,3,2022-01-01
942,2022-03-01,UGA,2695,UGA,3,0.79999999999999993,0.60746389627456665,-0.00018707546405494213,0.61000001430511475,0.5,0.28639933466911316,-0.00070610869443044066,0.28999999165534973,0.10000000000000001,0.097392521798610687,0.0011287350207567215,0.10000000149011612,0,0.0010867842938750982,1.2369127944111824e-10,0,False,3,3,2022-01-01
948,2022-02-01,UGA,2701,UGA,3,0.79999999999999993,0.61079519987106323,-4.5799406507285312e-05,0.61000001430511475,0.5,0.32136324048042297,0.0027968159411102533,0.31999999284744263,0.14999999999999999,0.052722860127687454,0.0011287350207567215,0.05000000074505806,0,0.0010867842938750982,1.2369127944111824e-10,0,False,3,3,2022-01-01
948,2022-03-01,UGA,2702,UGA,3,0.79999999999999993,0.65961706638336182,-0.0002026749134529382,0.6600000262260437,0.5,0.37834334373474121,0.004969538189470768,0.37999999523162842,0.10000000000000001,0.056100513786077499,0.0011287350207567215,0.059999998658895493,0,0.0010867842938750982,1.2369127944111824e-10,0,False,3,3,2022-01-01
951,2022-02-01,UGA,2711,UGA,2,0.20000000000000001,0.56543171405792236,6.9867681304458529e-05,0.56999999284744263,0.050000000000000003,0.28188660740852356,0.00065004511270672083,0.2800000011920929,0,0.053903598338365555,0.0011287350207567215,0.059999998658895493,0,0.0010867842938750982,1.2369127944111824e-10,0,False,2,3,2022-01-01
951,2022-03-01,UGA,2712,UGA,3,0.79999999999999993,0.59848856925964355,-5.8714565966511145e-05,0.60000002384185791,0.5,0.30278533697128296,-0.00070610869443044066,0.30000001192092896,0.10000000000000001,0.056728724390268326,0.0011287350207567215,0.059999998658895493,0,0.0010867842938750982,1.2369127944111824e-10,0,False,3,3,2022-01-01
951,2022-06-01,UGA,2713,UGA,3,0.75,0.61855858564376831,-0.00050064967945218086,0.62000000476837158,0.34999999999999998,0.35047265887260437,0.0053692799992859364,0.36000001430511475,0.050000000000000003,0.057724308222532272,0.0058961561881005764,0.059999998658895493,0,0.0010867842938750982,1.2369127944111824e-10,0,False,3,3,2022-01-01
951,2022-07-01,UGA,2714,UGA,2,0.20000000000000001,0.62819415330886841,-9.9992765171919018e-05,0.62999999523162842,0.050000000000000003,0.30562743544578552,0.0053692799992859364,0.31000000238418579,0,0.057119559496641159,0.0011287350207567215,0.059999998658895493,0,0.0010867842938750982,1.2369127944111824e-10,0,False,2,3,2022-01-01
952,2022-02-01,UGA,2719,UGA,2,0.20000000000000001,0.58351302146911621,6.9867681304458529e-05,0.57999998331069946,0.050000000000000003,0.27880585193634033,0.00065004511270672083,0.2800000011920929,0,0.053903598338365555,0.0011287350207567215,0.059999998658895493,0,0.0010867842938750982,1.2369127944111824e-10,0,False,2,3,2022-01-01
952,2022-03-01,UGA,2720,UGA,3,0.79999999999999993,0.60014402866363525,-5.8714565966511145e-05,0.60000002384185791,0.5,0.32256171107292175,-0.00070610869443044066,0.31999999284744263,0.10000000000000001,0.056728724390268326,0.0011287350207567215,0.059999998658895493,0,0.0010867842938750982,1.2369127944111824e-10,0,False,3,3,2022-01-01
952,2022-06-01,UGA,2721,UGA,3,0.75,0.6273198127746582,-0.00050064967945218086,0.62999999523162842,0.34999999999999998,0.37024903297424316,0.0053692799992859364,0.37999999523162842,0.050000000000000003,0.057724308222532272,0.0058961561881005764,0.059999998658895493,0,0.0010867842938750982,1.2369127944111824e-10,0,False,3,3,2022-01-01
952,2022-07-01,UGA,2722,UGA,2,0.20000000000000001,0.63431859016418457,-9.9992765171919018e-05,0.62999999523162842,0.050000000000000003,0.32540380954742432,0.0053692799992859364,0.33000001311302185,0,0.057119559496641159,0.0011287350207567215,0.059999998658895493,0,0.0010867842938750982,1.2369127944111824e-10,0,False,2,3,2022-01-01
965,2022-02-01,UGA,2730,UGA,2,0.20000000000000001,0.633597731590271,-0.00014884350821375847,0.62999999523162842,0.050000000000000003,0.23468503355979919,0.0027968159411102533,0.23999999463558197,0,0.046745117753744125,0.0011287350207567215,0.05000000074505806,0,0.0010867842938750982,1.2369127944111824e-10,0,False,2,3,2022-01-01
965,2022-06-01,UGA,2731,UGA,2,0.59999999999999998,0.63023877143859863,-5.9570185840129852e-05,0.62999999523162842,0.14999999999999999,0.31249284744262695,0.011044926941394806,0.31999999284744263,0,0.051214154809713364,0.0011287350207567215,0.05000000074505806,0,0.0010867842938750982,1.2369127944111824e-10,0,False,2,3,2022-01-01
966,2022-02-01,UGA,2733,UGA,2,0.20000000000000001,0.47161298990249634,-0.00012968684313818812,0.4699999988079071,0.050000000000000003,0.19950893521308899,0.0027968159411102533,0.20000000298023224,0,0.048603735864162445,0.0011287350207567215,0.05000000074505806,0,0.0010867842938750982,1.2369127944111824e-10,0,False,2,3,2022-01-01
966,2022-06-01,UGA,2734,UGA,2,0.59999999999999998,0.59949278831481934,3.8751946703996509e-05,0.60000002384185791,0.14999999999999999,0.26044780015945435,0.011044926941394806,0.27000001072883606,0,0.05240226536989212,0.0011287350207567215,0.05000000074505806,0,0.0010867842938750982,1.2369127944111824e-10,0,False,2,3,2022-01-01
968,2022-02-01,UGA,2738,UGA,3,0.74999999999999989,0.59380972385406494,3.7484078347915784e-05,0.5899999737739563,0.40000000000000002,0.23356348276138306,0.00065004511270672083,0.23000000417232513,0.10000000000000001,0.050434146076440811,0.0011287350207567215,0.05000000074505806,0,0.0010867842938750982,1.2369127944111824e-10,0,False,3,3,2022-01-01
968,2022-03-01,UGA,2739,UGA,3,0.79999999999999993,0.61676758527755737,-3.3124018955277279e-05,0.62000000476837158,0.5,0.31020715832710266,-0.00070610869443044066,0.31000000238418579,0.14999999999999999,0.073461852967739105,0.0011287350207567215,0.070000000298023224,0,0.0010867842938750982,1.2369127944111824e-10,0,False,3,3,2022-01-01
968,2022-06-01,UGA,2740,UGA,3,0.69999999999999996,0.64892309904098511,-0.00053073547314852476,0.64999997615814209,0.34999999999999998,0.30957582592964172,0.0053692799992859364,0.31000000238418579,0.10000000000000001,0.057425834238529205,0.0058961561881005764,0.059999998658895493,0,0.0010867842938750982,1.2369127944111824e-10,0,False,3,3,2022-01-01
968,2022-07-01,UGA,2741,UGA,3,0.90000000000000002,0.63756132125854492,-0.00031320934067480266,0.63999998569488525,0.5,0.28376308083534241,0.0053692799992859364,0.28999999165534973,0.14999999999999999,0.053650114685297012,0.0011287350207567215,0.05000000074505806,0,0.0010867842938750982,1.2369127944111824e-10,0,False,3,3,2022-01-01
969,2022-02-01,UGA,2745,UGA,3,0.74999999999999989,0.59836369752883911,3.7484078347915784e-05,0.60000002384185791,0.40000000000000002,0.23356348276138306,0.00065004511270672083,0.23000000417232513,0.10000000000000001,0.050434146076440811,0.0011287350207567215,0.05000000074505806,0,0.0010867842938750982,1.2369127944111824e-10,0,False,3,3,2022-01-01
969,2022-03-01,UGA,2746,UGA,3,0.79999999999999993,0.62889736890792847,-0.00016689013864379376,0.62999999523162842,0.5,0.31020715832710266,0.0014406623085960746,0.31000000238418579,0.14999999999999999,0.073461852967739105,0.0011287350207567215,0.070000000298023224,0,0.0010867842938750982,1.2369127944111824e-10,0,False,3,3,2022-01-01
969,2022-06-01,UGA,2747,UGA,3,0.69999999999999996,0.63741141557693481,-0.00053073547314852476,0.63999998569488525,0.34999999999999998,0.30957582592964172,0.0075160511769354343,0.31999999284744263,0.10000000000000001,0.057425834238529205,0.0058961561881005764,0.059999998658895493,0,0.0010867842938750982,1.2369127944111824e-10,0,False,3,3,2022-01-01
969,2022-07-01,UGA,2748,UGA,3,0.90000000000000002,0.63505131006240845,-0.00040492616244591773,0.62999999523162842,0.5,0.28376308083534241,0.0075160511769354343,0.28999999165534973,0.14999999999999999,0.053650114685297012,0.0011287350207567215,0.05000000074505806,0,0.0010867842938750982,1.2369127944111824e-10,0,False,3,3,2022-01-01
1298,2022-03-01,YEM,3417,YEM,2,0.59999999999999998,0.5169939398765564,-0.0005404370604082942,0.51999998092651367,0.14999999999999999,0.2903677225112915,0.0031773652881383896,0.28999999165534973,0,0.090971119701862335,0.028389949351549149,0.11999999731779099,0,0.0010197475785389543,-8.9130480773746967e-11,0,False,2,3,2022-01-01
1329,2022-03-01,YEM,3477,YEM,2,0.59999999999999998,0.50876951217651367,-6.7161992774344981e-05,0.50999999046325684,0.14999999999999999,0.27811294794082642,0.01303283404558897,0.28999999165534973,0,0.093398474156856537,0.028389949351549149,0.11999999731779099,0,0.0010197475785389543,-8.9130480773746967e-11,0,False,2,3,2022-01-01
1358,2022-03-01,YEM,3522,YEM,2,0.59999999999999998,0.49524301290512085,-0.00016527969273738563,0.5,0.14999999999999999,0.25449091196060181,0.01303283404558897,0.27000001072883606,0,0.096530690789222717,0.028389949351549149,0.11999999731779099,0,0.0010197475785389543,-8.9130480773746967e-11,0,False,2,3,2022-01-01
1366,2022-03-01,YEM,3540,YEM,2,0.59999999999999998,0.48756164312362671,-0.00039763332461006939,0.49000000953674316,0.14999999999999999,0.2434520423412323,0.01303283404558897,0.25999999046325684,0,0.092398568987846375,0.028389949351549149,0.11999999731779099,0,0.0010197475785389543,-8.9130480773746967e-11,0,False,2,3,2022-01-01
1374,2022-03-01,YEM,3577,YEM,2,0.59999999999999998,0.46695548295974731,-0.00036694711889140308,0.4699999988079071,0.14999999999999999,0.23077887296676636,0.01303283404558897,0.23999999463558197,0,0.097048170864582062,0.028389949351549149,0.12999999523162842,0,0.0010197475785389543,-8.9130480773746967e-11,0,False,2,3,2022-01-01
1375,2022-03-01,YEM,3578,YEM,2,0.59999999999999998,0.5757368803024292,-0.00017120581469498575,0.57999998331069946,0.14999999999999999,0.32489192485809326,0.014212014153599739,0.34000000357627869,0,0.10131379961967468,0.029679514467716217,0.12999999523162842,0,0.0010197475785389543,-8.9130480773746967e-11,0,False,2,3,2022-01-01
1375,2022-07-01,YEM,3579,YEM,3,0.39999999999999997,0.51278418302536011,-0.00028937941533513367,0.50999999046325684,0.20000000000000001,0.40890979766845703,-0.0025417797733098269,0.40999999642372131,0.050000000000000003,0.14173580706119537,0.0031409477815032005,0.14000000059604645,0,0.0010197475785389543,-8.9130480773746967e-11,0,False,3,3,2022-01-01
1381,2022-03-01,YEM,3606,YEM,2,0.59999999999999998,0.46661633253097534,-0.00058226613327860832,0.4699999988079071,0.14999999999999999,0.23979955911636353,0.01303283404558897,0.25,0,0.097048170864582062,0.028389949351549149,0.12999999523162842,0,0.0010197475785389543,-8.9130480773746967e-11,0,False,2,3,2022-01-01
1382,2022-03-01,YEM,3610,YEM,2,0.59999999999999998,0.49905946850776672,-0.00035221307189203799,0.5,0.14999999999999999,0.24732474982738495,0.020212613046169281,0.27000001072883606,0,0.089266352355480194,0.028389949351549149,0.11999999731779099,0,0.0010197475785389543,-8.9130480773746967e-11,0,False,2,3,2022-01-01
1384,2022-03-01,YEM,3619,YEM,2,0.59999999999999998,0.46353134512901306,-0.00056992372265085578,0.46000000834465027,0.14999999999999999,0.22641849517822266,0.01303283404558897,0.23999999463558197,0,0.097048170864582062,0.028389949351549149,0.12999999523162842,0,0.0010197475785389543,-8.9130480773746967e-11,0,False,2,3,2022-01-01
1390,2022-03-01,YEM,3627,YEM,2,0.59999999999999998,0.47944992780685425,-0.00015293731121346354,0.47999998927116394,0.14999999999999999,0.25314140319824219,0.01303283404558897,0.27000001072883606,0,0.096530690789222717,0.028389949351549149,0.11999999731779099,0,0.0010197475785389543,-8.9130480773746967e-11,0,False,2,3,2022-01-01
1400,2022-03-01,YEM,3640,YEM,2,0.59999999999999998,0.5307084321975708,-9.3897411716170609e-05,0.52999997138977051,0.14999999999999999,0.29036509990692139,0.014212014153599739,0.30000001192092896,0,0.097286656498908997,0.029679514467716217,0.12999999523162842,0,0.0010197475785389543,-8.9130480773746967e-11,0,False,2,3,2022-01-01
1420,2022-03-01,YEM,3674,YEM,2,0.59999999999999998,0.49932041764259338,-0.00028635197668336332,0.5,0.14999999999999999,0.25394845008850098,0.01303283404558897,0.27000001072883606,0,0.097286656498908997,0.028389949351549149,0.12999999523162842,0,0.0010197475785389543,-8.9130480773746967e-11,0,False,2,3,2022-01-01
1446,2022-03-01,YEM,3736,YEM,2,0.59999999999999998,0.57566559314727783,-5.4969379561953247e-05,0.57999998331069946,0.14999999999999999,0.27853012084960938,0.020212613046169281,0.30000001192092896,0,0.097286656498908997,0.028389949351549149,0.12999999523162842,0,0.0010197475785389543,-8.9130480773746967e-11,0,False,2,3,2022-01-01
1454,2022-03-01,YEM,3750,YEM,2,0.59999999999999998,0.55730181932449341,-0.00032996336813084781,0.56000000238418579,0.14999999999999999,0.26331597566604614,0.020212613046169281,0.2800000011920929,0,0.097286656498908997,0.028389949351549149,0.12999999523162842,0,0.0010197475785389543,-8.9130480773746967e-11,0,False,2,3,2022-01-01
1506,2022-01-01,YEM,3896,YEM,3,0.82000000000000006,0.6032448410987854,1.9311679352540523e-05,0.60000002384185791,0.55000000000000004,0.25622904300689697,0.0051121870055794716,0.25999999046325684,0.17999999999999999,0.085703998804092407,0.0024171643890440464,0.090000003576278687,0,0.0010197475785389543,-8.9130480773746967e-11,0,False,3,3,2022-01-01
1510,2022-01-01,YEM,3904,YEM,3,0.82000000000000006,0.48169481754302979,2.3039729057927616e-05,0.47999998927116394,0.55000000000000004,0.23066446185112,0.0051121870055794716,0.23999999463558197,0.17999999999999999,0.07960943877696991,0.0024171643890440464,0.079999998211860657,0,0.0010197475785389543,-8.9130480773746967e-11,0,False,3,3,2022-01-01
1515,2022-01-01,YEM,3911,YEM,3,0.82000000000000006,0.51606816053390503,3.4503464121371508e-05,0.51999998092651367,0.55000000000000004,0.22715683281421661,0.0051121870055794716,0.23000000417232513,0.17999999999999999,0.07960943877696991,0.0024171643890440464,0.079999998211860657,0,0.0010197475785389543,-8.9130480773746967e-11,0,False,3,3,2022-01-01
1519,2022-01-01,YEM,3932,YEM,3,0.82000000000000006,0.54151135683059692,-2.0138081708864775e-06,0.54000002145767212,0.55000000000000004,0.20874643325805664,0.010803470388054848,0.2199999988079071,0.17999999999999999,0.087475843727588654,0.0024171643890440464,0.090000003576278687,0,0.0010197475785389543,-8.9130480773746967e-11,0,False,3,3,2022-01-01
1520,2022-01-01,YEM,3935,YEM,3,0.82000000000000006,0.48956727981567383,-3.8664154999423772e-05,0.49000000953674316,0.55000000000000004,0.23854504525661469,0.0051121870055794716,0.23999999463558197,0.17999999999999999,0.07960943877696991,0.0024171643890440464,0.079999998211860657,0,0.0010197475785389543,-8.9130480773746967e-11,0,False,3,3,2022-01-01
1534,2022-01-01,YEM,3969,YEM,3,0.82000000000000006,0.49851322174072266,0.00021688209380954504,0.5,0.55000000000000004,0.2474873811006546,0.010803470388054848,0.25999999046325684,0.17999999999999999,0.087435968220233917,0.0024171643890440464,0.090000003576278687,0,0.0010197475785389543,-8.9130480773746967e-11,0,False,3,3,2022-01-01
1536,2022-01-01,YEM,3977,YEM,3,0.82000000000000006,0.46061328053474426,4.8241883632726967e-05,0.46000000834465027,0.55000000000000004,0.26177453994750977,0.0051121870055794716,0.27000001072883606,0.17999999999999999,0.08050546795129776,0.0024171643890440464,0.079999998211860657,0,0.0010197475785389543,-8.9130480773746967e-11,0,False,3,3,2022-01-01
1541,2022-01-01,YEM,3994,YEM,3,0.82000000000000006,0.50869923830032349,0.00014559074770659208,0.50999999046325684,0.55000000000000004,0.21802763640880585,0.010803470388054848,0.23000000417232513,0.17999999999999999,0.089672155678272247,0.0024171643890440464,0.090000003576278687,0,0.0010197475785389543,-8.9130480773746967e-11,0,False,3,3,2022-01-01
1542,2022-01-01,YEM,3997,YEM,3,0.82000000000000006,0.48081508278846741,-0.00020737513841595501,0.47999998927116394,0.55000000000000004,0.20881274342536926,0.010803470388054848,0.2199999988079071,0.17999999999999999,0.082651756703853607,0.0024171643890440464,0.090000003576278687,0,0.0010197475785389543,-8.9130480773746967e-11,0,False,3,3,2022-01-01
1567,2022-01-01,YEM,4113,YEM,3,0.82000000000000006,0.50460356473922729,5.0025068048853427e-05,0.5,0.55000000000000004,0.2256568968296051,0.010803470388054848,0.23999999463558197,0.17999999999999999,0.084561392664909363,0.0024171643890440464,0.090000003576278687,0,0.0010197475785389543,-8.9130480773746967e-11,0,False,3,3,2022-01-01
1568,2022-01-01,YEM,4114,YEM,3,0.82000000000000006,0.58941191434860229,-0.00010063806985272095,0.5899999737739563,0.55000000000000004,0.23163615167140961,0.010803470388054848,0.23999999463558197,0.17999999999999999,0.091738469898700714,0.0024171643890440464,0.090000003576278687,0,0.0010197475785389543,-8.9130480773746967e-11,0,False,3,3,2022-01-01
1573,2022-01-01,YEM,4148,YEM,3,0.82000000000000006,0.49319282174110413,-6.069487426429987e-05,0.49000000953674316,0.55000000000000004,0.23437789082527161,0.010803470388054848,0.25,0.17999999999999999,0.084561392664909363,0.0024171643890440464,0.090000003576278687,0,0.0010197475785389543,-8.9130480773746967e-11,0,False,3,3,2022-01-01
1576,2022-01-01,YEM,4166,YEM,3,0.82000000000000006,0.61118531227111816,0.00019101434736512601,0.61000001430511475,0.55000000000000004,0.23279839754104614,0.010803470388054848,0.23999999463558197,0.17999999999999999,0.10820852965116501,0.0024171643890440464,0.10999999940395355,0,0.0010197475785389543,-8.9130480773746967e-11,0,False,3,3,2022-01-01
1584,2022-01-01,YEM,4197,YEM,3,0.82000000000000006,0.4950663149356842,-5.0571426982060075e-05,0.5,0.55000000000000004,0.21515800058841705,0.010803470388054848,0.23000000417232513,0.17999999999999999,0.082651756703853607,0.0024171643890440464,0.090000003576278687,0,0.0010197475785389543,-8.9130480773746967e-11,0,False,3,3,2022-01-01
1586,2022-01-01,YEM,4203,YEM,3,0.82000000000000006,0.5293164849281311,0.00025384247419424355,0.52999997138977051,0.55000000000000004,0.23390260338783264,0.0051121870055794716,0.23999999463558197,0.17999999999999999,0.084807969629764557,0.0024171643890440464,0.090000003576278687,0,0.0010197475785389543,-8.9130480773746967e-11,0,False,3,3,2022-01-01
1592,2022-01-01,YEM,4223,YEM,3,0.82000000000000006,0.52221602201461792,8.6240688688121736e-05,0.51999998092651367,0.55000000000000004,0.20296703279018402,0.0051121870055794716,0.20999999344348907,0.17999999999999999,0.07960943877696991,0.0024171643890440464,0.079999998211860657,0,0.0010197475785389543,-8.9130480773746967e-11,0,False,3,3,2022-01-01
1594,2022-01-01,YEM,4227,YEM,3,0.82000000000000006,0.5532107949256897,0.00040317364619113505,0.55000001192092896,0.55000000000000004,0.21705079078674316,0.010803470388054848,0.23000000417232513,0.17999999999999999,0.091738469898700714,0.0024171643890440464,0.090000003576278687,0,0.0010197475785389543,-8.9130480773746967e-11,0,False,3,3,2022-01-01
1603,2022-01-01,YEM,4265,YEM,3,0.82000000000000006,0.60946732759475708,-7.0339425292331725e-05,0.61000001430511475,0.55000000000000004,0.19892159104347229,0.010803470388054848,0.20999999344348907,0.17999999999999999,0.091738469898700714,0.0024171643890440464,0.090000003576278687,0,0.0010197475785389543,-8.9130480773746967e-11,0,False,3,3,2022-01-01
1633,2022-01-01,YEM,4365,YEM,3,0.82000000000000006,0.52435797452926636,-0.000252436293521896,0.51999998092651367,0.55000000000000004,0.26904267072677612,0.0051121870055794716,0.27000001072883606,0.17999999999999999,0.085703998804092407,0.0024171643890440464,0.090000003576278687,0,0.0010197475785389543,-8.9130480773746967e-11,0,False,3,3,2022-01-01
1648,2022-01-01,YEM,4401,YEM,3,0.82000000000000006,0.50618880987167358,-0.0002929310139734298,0.50999999046325684,0.55000000000000004,0.23887360095977783,0.0051121870055794716,0.23999999463558197,0.17999999999999999,0.085703998804092407,0.0024171643890440464,0.090000003576278687,0,0.0010197475785389543,-8.9130480773746967e-11,0,False,3,3,2022-01-01
1672,2022-01-01,YEM,4477,YEM,3,0.82000000000000006,0.58516597747802734,-3.2683434255886823e-05,0.5899999737739563,0.55000000000000004,0.26726287603378296,0.0051121870055794716,0.27000001072883606,0.17999999999999999,0.085703998804092407,0.0024171643890440464,0.090000003576278687,0,0.0010197475785389543,-8.9130480773746967e-11,0,False,3,3,2022-01-01
705,2022-10-01,ZAF,2067,ZAF,2,0.59999999999999998,0.58394044637680054,-0.00048497537500225008,0.57999998331069946,0.10000000000000001,0.36713159084320068,-0.0062831826508045197,0.36000001430511475,0,0.045390240848064423,-0.00092774233780801296,0.039999999105930328,0,0.0011165722971782088,1.191438059322536e-10,0,False,2,3,2022-01-01
727,2022-06-01,ZAF,2179,ZAF,2,0.5,0.4725983738899231,0.00025405126507394016,0.4699999988079071,0.10000000000000001,0.19640642404556274,-0.005862054880708456,0.18999999761581421,0,0.049733374267816544,-0.00092774233780801296,0.05000000074505806,0,0.0011165722971782088,1.191438059322536e-10,0,False,2,2,2022-01-01
727,2022-07-01,ZAF,2180,ZAF,2,0.44999999999999996,0.52319616079330444,-0.00023384740052279085,0.51999998092651367,0.14999999999999999,0.24187858402729034,-0.0053875031881034374,0.23999999463558197,0,0.047360118478536606,-0.00092774233780801296,0.05000000074505806,0,0.0011165722971782088,1.191438059322536e-10,0,False,2,3,2022-01-01
630,2022-06-01,ZMB,1581,ZMB,2,0.59999999999999998,0.62374556064605713,-0.00022663289564661682,0.62000000476837158,0.14999999999999999,0.27672439813613892,-0.011987067759037018,0.25999999046325684,0,0.069401755928993225,-0.001171740354038775,0.070000000298023224,0,0.0010474992450326681,-7.2759576141834259e-12,0,False,2,3,2022-01-01
633,2022-06-01,ZMB,1584,ZMB,2,0.59999999999999998,0.61810457706451416,-8.9727145677898079e-05,0.62000000476837158,0.14999999999999999,0.26042830944061279,-0.011987067759037018,0.25,0,0.059276804327964783,-0.001171740354038775,0.059999998658895493,0,0.0010474992450326681,-7.2759576141834259e-12,0,False,2,3,2022-01-01
