artifact,scope,status,generator,evidence,notes,current_path,disposition
1.Source Data/2022_alert_map_panel_2x3.png,artifact,generated_confirmed,2.Source Code/generate_2022_alert_map_panel.py,"2.Source Code/generate_2022_alert_map_panel.py:362: fig.savefig(output_path, dpi=300, bbox_inches=""tight""); default line 424.",External default shapefile is codespace_root/0.Archived/New_analysis_dataset_for_vis/world_analysis.shp (lines 420-423). Exists on current machine but lies outside this replication-package root.,1.Source Data/2022_alert_map_panel_2x3.png,retained
1.Source Data/2022_alert_map_panel_2x3_diagnostics.csv,artifact,generated_confirmed,2.Source Code/generate_2022_alert_map_panel.py,"2.Source Code/generate_2022_alert_map_panel.py:512: diagnostics.to_csv(args.diagnostics, index=False); default lines 428-430.",External default shapefile is codespace_root/0.Archived/New_analysis_dataset_for_vis/world_analysis.shp (lines 420-423). Exists on current machine but lies outside this replication-package root.,1.Source Data/2022_alert_map_panel_2x3_diagnostics.csv,retained
1.Source Data/All_prediction.csv,artifact,generated_confirmed,2.Source Code/generate_all_prediction_temporal_test.py,"2.Source Code/generate_all_prediction_temporal_test.py:651: to_csv(paths[...], index=False); destination mapping lines 633-635.","run_generation lines 744-774 uses packaged forecasting, nowcasting, lookup and parameter inputs; writes canonical artifact tree under staging_dir (CLI output root). Existing rows: 1170",1.Source Data/All_prediction.csv,retained
1.Source Data/All_prediction_cleaned.csv,artifact,unresolved,,"No actual writer found in repository Python or parsed notebook code cells, including 0.Archived and .tmp.","498 rows, human-facing columns UID, Country English Name, ISO3, Area ID, Date, IPC Offical; derived prediction sheet; no explicit reader/writer for this CSV found. | 2026-09-15 author confirmed obsolete; archived_obsolete: No filename-specific active reader found. DEFAULT_SHEET All_prediction_cleaned and generic user-supplied Excel support do not select these artifacts.",0.Archived/2026-09-15_obsolete_historical_results/1.Source Data/All_prediction_cleaned.csv,archived_obsolete
1.Source Data/All_prediction_country_phase3plus_population.csv,artifact,generated_confirmed,2.Source Code/generate_country_phase3plus_population.py,"2.Source Code/generate_country_phase3plus_population.py:229: output.to_csv(args.output, index=False, date_format=""%Y-%m-%d""); destination lines 190-192.","Default upstream codespace_root/0.Archived/new_merge_0107.csv, line 189, exists on current machine but is outside package.",1.Source Data/All_prediction_country_phase3plus_population.csv,retained
1.Source Data/All_prediction_truth_disagreements.csv,artifact,generated_confirmed,2.Source Code/generate_all_prediction_temporal_test.py,"2.Source Code/generate_all_prediction_temporal_test.py:653: to_csv(paths[...], index=False); destination mapping lines 633-635.","run_generation lines 744-774 uses packaged forecasting, nowcasting, lookup and parameter inputs; writes canonical artifact tree under staging_dir (CLI output root). Existing rows: 5",1.Source Data/All_prediction_truth_disagreements.csv,retained
1.Source Data/All_prediction_updated.xlsx,artifact,unresolved,,"No actual writer found in repository Python or parsed notebook code cells, including 0.Archived and .tmp.",Workbook sheet All_prediction_cleaned; generic Excel reader support / default sheet in generate_all_prediction_evaluation.py:41 is not filename-specific writer evidence; no producer found. | 2026-09-15 author confirmed obsolete; archived_obsolete: No filename-specific active reader found. DEFAULT_SHEET All_prediction_cleaned and generic user-supplied Excel support do not select these artifacts.,0.Archived/2026-09-15_obsolete_historical_results/1.Source Data/All_prediction_updated.xlsx,archived_obsolete
1.Source Data/Dataset_Preparation.xlsx,artifact,source_input,,"Workbook xl/sharedStrings.xml contains Dataset Source, variable_name, variable label, Description, Unit and dataset descriptions.",Exempt supplied analysis input / reference metadata; lack of preparation script is not a defect.,1.Source Data/Dataset_Preparation.xlsx,retained
1.Source Data/Forecasting_Analysis_010825.csv,artifact,source_input,,2.Source Code/Table1_Forecasting_main.ipynb cell 1 line 35: pd.read_csv; 5575 source rows.,Exempt supplied analysis input / reference metadata; lack of preparation script is not a defect.,1.Source Data/Forecasting_Analysis_010825.csv,retained
1.Source Data/Nowcasting_Analysis_010825.csv,artifact,source_input,,2.Source Code/Table1_Contemporaneous_main.ipynb cell 1: modeling input; 5575 source rows.,Exempt supplied analysis input / reference metadata; lack of preparation script is not a defect.,1.Source Data/Nowcasting_Analysis_010825.csv,retained
1.Source Data/all_predictions_severity.ipynb,code_placeholder,empty_code_placeholder,,Filesystem stat: zero bytes; JSON parser fails at line 1 column 1.,"Empty notebook placeholder, not an analysis result; cannot execute and contains no generator code.",1.Source Data/all_predictions_severity.ipynb,retained
1.Source Data/area_country_lookup.csv,artifact,source_input,,2.Source Code/Figure4_Descriptives.ipynb cell 2 lines 1-5: reads source lookup; 1198 rows.,Exempt supplied analysis input / reference metadata; lack of preparation script is not a defect.,1.Source Data/area_country_lookup.csv,retained
1.Source Data/df_vis_nowacast.csv,artifact,generated_confirmed,2.Source Code/generate_all_prediction_temporal_test.py,"2.Source Code/generate_all_prediction_temporal_test.py:652: to_csv(paths[...], index=False); destination mapping lines 633-635.","run_generation lines 744-774 uses packaged forecasting, nowcasting, lookup and parameter inputs; writes canonical artifact tree under staging_dir (CLI output root). Existing rows: 1170",1.Source Data/df_vis_nowacast.csv,retained
1.Source Data/error_analysis_forecasting_011525.csv,artifact,unresolved,,"No actual writer found in repository Python or parsed notebook code cells, including 0.Archived and .tmp.","30 rows with variable, mean_diff, correct_group_mean, wrong_group_mean, t_value, p_value, overall_phase_diff; derived analysis results; no writer or reader found. | 2026-09-15 author confirmed obsolete; archived_obsolete: No active reader found by exact name, stem, partial construction tokens, or directory/glob reader inspection.",0.Archived/2026-09-15_obsolete_historical_results/1.Source Data/error_analysis_forecasting_011525.csv,archived_obsolete
1.Source Data/forecasting_df_with_folds.csv,artifact,unresolved,,REPLICATION_PACKAGE.md:89-92 labels these 10-fold/5-fold CV assignments; all have 5575 rows; no writing or reading code located for filenames.,"Derived fold assignments, not original source data; documentation alone is not generator evidence. | 2026-09-15 author confirmed obsolete; archived_obsolete: No active reader found by exact name, stem, partial construction tokens, or directory/glob reader inspection.",0.Archived/2026-09-15_obsolete_historical_results/1.Source Data/forecasting_df_with_folds.csv,archived_obsolete
1.Source Data/forecasting_df_with_folds_5.csv,artifact,unresolved,,REPLICATION_PACKAGE.md:89-92 labels these 10-fold/5-fold CV assignments; all have 5575 rows; no writing or reading code located for filenames.,"Derived fold assignments, not original source data; documentation alone is not generator evidence. | 2026-09-15 author confirmed obsolete; archived_obsolete: No active reader found by exact name, stem, partial construction tokens, or directory/glob reader inspection.",0.Archived/2026-09-15_obsolete_historical_results/1.Source Data/forecasting_df_with_folds_5.csv,archived_obsolete
1.Source Data/metric_frame.csv,artifact,unresolved,,"No actual writer found in repository Python or parsed notebook code cells, including 0.Archived and .tmp.","6 rows with threshold, recall_rate, precision_rate: derived evaluation results; no writer or reader found. | 2026-09-15 author confirmed obsolete; archived_obsolete: No active reader found by exact name, stem, partial construction tokens, or directory/glob reader inspection.",0.Archived/2026-09-15_obsolete_historical_results/1.Source Data/metric_frame.csv,archived_obsolete
1.Source Data/nowcasting_df_with_folds.csv,artifact,unresolved,,REPLICATION_PACKAGE.md:89-92 labels these 10-fold/5-fold CV assignments; all have 5575 rows; no writing or reading code located for filenames.,"Derived fold assignments, not original source data; documentation alone is not generator evidence. | 2026-09-15 author confirmed obsolete; archived_obsolete: No active reader found by exact name, stem, partial construction tokens, or directory/glob reader inspection.",0.Archived/2026-09-15_obsolete_historical_results/1.Source Data/nowcasting_df_with_folds.csv,archived_obsolete
1.Source Data/nowcasting_df_with_folds_5.csv,artifact,unresolved,,REPLICATION_PACKAGE.md:89-92 labels these 10-fold/5-fold CV assignments; all have 5575 rows; no writing or reading code located for filenames.,"Derived fold assignments, not original source data; documentation alone is not generator evidence. | 2026-09-15 author confirmed obsolete; archived_obsolete: No active reader found by exact name, stem, partial construction tokens, or directory/glob reader inspection.",0.Archived/2026-09-15_obsolete_historical_results/1.Source Data/nowcasting_df_with_folds_5.csv,archived_obsolete
1.Source Data/old_graph/2022_actual_alert_top20_percent.png,artifact,unresolved,,"No actual writer found in repository Python or parsed notebook code cells, including 0.Archived and .tmp.","Historical rendered map, not a handmade flowchart. No exact producer found in current repository or 0.Archived; current panel generator only exports composite figures. | 2026-09-15 author confirmed obsolete; archived_obsolete: No active reader found by exact name, stem, partial construction tokens, or directory/glob reader inspection.",0.Archived/2026-09-15_obsolete_historical_results/1.Source Data/old_graph/2022_actual_alert_top20_percent.png,archived_obsolete
1.Source Data/old_graph/2022_actual_alert_top30_percent.png,artifact,unresolved,,"No actual writer found in repository Python or parsed notebook code cells, including 0.Archived and .tmp.","Historical rendered map, not a handmade flowchart. No exact producer found in current repository or 0.Archived; current panel generator only exports composite figures. | 2026-09-15 author confirmed obsolete; archived_obsolete: No active reader found by exact name, stem, partial construction tokens, or directory/glob reader inspection.",0.Archived/2026-09-15_obsolete_historical_results/1.Source Data/old_graph/2022_actual_alert_top30_percent.png,archived_obsolete
1.Source Data/old_graph/2022_forecast_alert_top20_percent.png,artifact,unresolved,,"No actual writer found in repository Python or parsed notebook code cells, including 0.Archived and .tmp.","Historical rendered map, not a handmade flowchart. No exact producer found in current repository or 0.Archived; current panel generator only exports composite figures. | 2026-09-15 author confirmed obsolete; archived_obsolete: No active reader found by exact name, stem, partial construction tokens, or directory/glob reader inspection.",0.Archived/2026-09-15_obsolete_historical_results/1.Source Data/old_graph/2022_forecast_alert_top20_percent.png,archived_obsolete
1.Source Data/old_graph/2022_forecast_alert_top30_percent.png,artifact,unresolved,,"No actual writer found in repository Python or parsed notebook code cells, including 0.Archived and .tmp.","Historical rendered map, not a handmade flowchart. No exact producer found in current repository or 0.Archived; current panel generator only exports composite figures. | 2026-09-15 author confirmed obsolete; archived_obsolete: No active reader found by exact name, stem, partial construction tokens, or directory/glob reader inspection.",0.Archived/2026-09-15_obsolete_historical_results/1.Source Data/old_graph/2022_forecast_alert_top30_percent.png,archived_obsolete
1.Source Data/r2_frame_cv.csv,artifact,writer_output_path_differs,0.Archived/2026-09-16_legacy_contemporaneous_notebook/2.Source Code/Table1_Contemporaneous_main.ipynb,"2.Source Code/Table1_Contemporaneous_main.ipynb cell 2 line 6: r2_frame_cv.to_csv(r'produced_graph/r2_frame_cv.csv', index=False)","Writer for same named result exists, but current destination is 2.Source Code/produced_graph, not 1.Source Data; no copy/install writer to audited path found and byte identity not established. Existing 1115 rows; notebook cell 1 lines 75-109 resets y_pred_test each fold, cell 2 exports final fold only, not 5575 pooled OOF rows. | 2026-09-15 author confirmed obsolete; archived_obsolete: No active reader of 1.Source Data/r2_frame_cv.csv found. Table1 notebook only writes produced_graph/r2_frame_cv.csv; Figure1 contemporaneous values now read sidecar, not this CSV. | Legacy notebook archived 2026-09-16; active fixed-seed entry is generate_contemporaneous_main.py.",0.Archived/2026-09-15_obsolete_historical_results/1.Source Data/r2_frame_cv.csv,archived_obsolete
1.Source Data/r2_frame_forecasting.csv,artifact,writer_output_path_differs,2.Source Code/Figure2_Feature_Importance_Forecasting.ipynb,"2.Source Code/Figure2_Feature_Importance_Forecasting.ipynb cell 3 line 5: r2_frame_forecasting.to_csv(r'produced_graph/r2_frame_forecasting.csv', index=False)","Writer for same named result exists, but current destination is 2.Source Code/produced_graph, not 1.Source Data; no copy/install writer to audited path found and byte identity not established. | 2026-09-15 author confirmed obsolete; retained_active_dependency: Active data reader plus default anchor read, protected hash read and readiness requirement. produced_graph writer is a different path.",1.Source Data/r2_frame_forecasting.csv,retained_active_dependency
1.Source Data/r2_frame_nowcasting.csv,artifact,writer_output_path_differs,2.Source Code/Figure2_Nowcasting_two_layer_feature_importance.ipynb,"2.Source Code/Figure2_Nowcasting_two_layer_feature_importance.ipynb cell 3 line 4: r2_frame_nowcasting.to_csv(r'produced_graph/r2_frame_nowcasting.csv', index=False)","Writer for same named result exists, but current destination is 2.Source Code/produced_graph, not 1.Source Data; no copy/install writer to audited path found and byte identity not established. | 2026-09-15 author confirmed obsolete; retained_active_dependency: Active data reader plus default anchor read, protected hash read and readiness requirement. produced_graph writer is a different path.",1.Source Data/r2_frame_nowcasting.csv,retained_active_dependency
2.Source Code/contemporaneous_hyperparameters.json,artifact,configuration_input,,"2.Source Code/Table1_Contemporaneous_main.ipynb cell 1 lines 30-35: open(...), json.load.",Supplied model configuration input; exempt from result-generator requirement. No tuning exporter identified.,2.Source Code/contemporaneous_hyperparameters.json,retained
2.Source Code/contemporaneous_hyperparameters_p3.json,artifact,configuration_input,,"2.Source Code/Table1_Contemporaneous_main.ipynb cell 1 lines 30-35: open(...), json.load.",Supplied model configuration input; exempt from result-generator requirement. No tuning exporter identified.,2.Source Code/contemporaneous_hyperparameters_p3.json,retained
2.Source Code/flowchart_SI/Picture4.drawio,artifact,manual_artwork,,"flowchart_SI/Picture4.drawio:1 contains <mxfile host=""app.diagrams.net"">; PNG visual inspection shows handmade training/validation diagram.","Exempt manual diagram source/export; Figure3 notebook renders other basenames, not these artifacts.",2.Source Code/flowchart_SI/Picture4.drawio,retained
2.Source Code/flowchart_SI/Picture4.jpg,artifact,manual_artwork,,"flowchart_SI/Picture4.drawio:1 contains <mxfile host=""app.diagrams.net"">; PNG visual inspection shows handmade training/validation diagram.","Exempt manual diagram source/export; Figure3 notebook renders other basenames, not these artifacts.",2.Source Code/flowchart_SI/Picture4.jpg,retained
2.Source Code/flowchart_SI/Untitled Diagram.drawio (1).png,artifact,manual_artwork,,"flowchart_SI/Picture4.drawio:1 contains <mxfile host=""app.diagrams.net"">; PNG visual inspection shows handmade training/validation diagram.","Exempt manual diagram source/export; Figure3 notebook renders other basenames, not these artifacts.",2.Source Code/flowchart_SI/Untitled Diagram.drawio (1).png,retained
2.Source Code/flowchart_SI/Untitled Diagram.drawio.png,artifact,manual_artwork,,"flowchart_SI/Picture4.drawio:1 contains <mxfile host=""app.diagrams.net"">; PNG visual inspection shows handmade training/validation diagram.","Exempt manual diagram source/export; Figure3 notebook renders other basenames, not these artifacts.",2.Source Code/flowchart_SI/Untitled Diagram.drawio.png,retained
2.Source Code/forecasting_hyperparameters.json,artifact,configuration_input,,"2.Source Code/Table1_Forecasting_main.ipynb cell 1 lines 28-32: open(..., ""r""), json.load.",Supplied model configuration input; exempt from result-generator requirement. No tuning exporter identified.,2.Source Code/forecasting_hyperparameters.json,retained
2.Source Code/forecasting_hyperparameters_p3.json,artifact,configuration_input,,"2.Source Code/Table1_Forecasting_main.ipynb cell 1 lines 28-32: open(..., ""r""), json.load.",Supplied model configuration input; exempt from result-generator requirement. No tuning exporter identified.,2.Source Code/forecasting_hyperparameters_p3.json,retained
2.Source Code/produced_graph/.leave_one_country_out_checkpoints/AFG/forecasting_predictions.csv,checkpoint,generated_confirmed,2.Source Code/generate_leave_one_country_out_robustness.py,2.Source Code/generate_leave_one_country_out_robustness.py:858-864 path map; 881-888 CSV/json writes and os.replace; 1502 checkpoint directory.,Static writer coverage only; no execution or byte-identical regeneration verified.,2.Source Code/produced_graph/.leave_one_country_out_checkpoints/AFG/forecasting_predictions.csv,retained
2.Source Code/produced_graph/.leave_one_country_out_checkpoints/AFG/manifest.json,checkpoint,generated_confirmed,2.Source Code/generate_leave_one_country_out_robustness.py,2.Source Code/generate_leave_one_country_out_robustness.py:858-864 path map; 881-888 CSV/json writes and os.replace; 1502 checkpoint directory.,Static writer coverage only; no execution or byte-identical regeneration verified.,2.Source Code/produced_graph/.leave_one_country_out_checkpoints/AFG/manifest.json,retained
2.Source Code/produced_graph/.leave_one_country_out_checkpoints/AFG/nowcasting_predictions.csv,checkpoint,generated_confirmed,2.Source Code/generate_leave_one_country_out_robustness.py,2.Source Code/generate_leave_one_country_out_robustness.py:858-864 path map; 881-888 CSV/json writes and os.replace; 1502 checkpoint directory.,Static writer coverage only; no execution or byte-identical regeneration verified.,2.Source Code/produced_graph/.leave_one_country_out_checkpoints/AFG/nowcasting_predictions.csv,retained
2.Source Code/produced_graph/.leave_one_country_out_checkpoints/BDI/forecasting_predictions.csv,checkpoint,generated_confirmed,2.Source Code/generate_leave_one_country_out_robustness.py,2.Source Code/generate_leave_one_country_out_robustness.py:858-864 path map; 881-888 CSV/json writes and os.replace; 1502 checkpoint directory.,Static writer coverage only; no execution or byte-identical regeneration verified.,2.Source Code/produced_graph/.leave_one_country_out_checkpoints/BDI/forecasting_predictions.csv,retained
2.Source Code/produced_graph/.leave_one_country_out_checkpoints/BDI/manifest.json,checkpoint,generated_confirmed,2.Source Code/generate_leave_one_country_out_robustness.py,2.Source Code/generate_leave_one_country_out_robustness.py:858-864 path map; 881-888 CSV/json writes and os.replace; 1502 checkpoint directory.,Static writer coverage only; no execution or byte-identical regeneration verified.,2.Source Code/produced_graph/.leave_one_country_out_checkpoints/BDI/manifest.json,retained
2.Source Code/produced_graph/.leave_one_country_out_checkpoints/BDI/nowcasting_predictions.csv,checkpoint,generated_confirmed,2.Source Code/generate_leave_one_country_out_robustness.py,2.Source Code/generate_leave_one_country_out_robustness.py:858-864 path map; 881-888 CSV/json writes and os.replace; 1502 checkpoint directory.,Static writer coverage only; no execution or byte-identical regeneration verified.,2.Source Code/produced_graph/.leave_one_country_out_checkpoints/BDI/nowcasting_predictions.csv,retained
2.Source Code/produced_graph/.leave_one_country_out_checkpoints/CAF/forecasting_predictions.csv,checkpoint,generated_confirmed,2.Source Code/generate_leave_one_country_out_robustness.py,2.Source Code/generate_leave_one_country_out_robustness.py:858-864 path map; 881-888 CSV/json writes and os.replace; 1502 checkpoint directory.,Static writer coverage only; no execution or byte-identical regeneration verified.,2.Source Code/produced_graph/.leave_one_country_out_checkpoints/CAF/forecasting_predictions.csv,retained
2.Source Code/produced_graph/.leave_one_country_out_checkpoints/CAF/manifest.json,checkpoint,generated_confirmed,2.Source Code/generate_leave_one_country_out_robustness.py,2.Source Code/generate_leave_one_country_out_robustness.py:858-864 path map; 881-888 CSV/json writes and os.replace; 1502 checkpoint directory.,Static writer coverage only; no execution or byte-identical regeneration verified.,2.Source Code/produced_graph/.leave_one_country_out_checkpoints/CAF/manifest.json,retained
2.Source Code/produced_graph/.leave_one_country_out_checkpoints/CAF/nowcasting_predictions.csv,checkpoint,generated_confirmed,2.Source Code/generate_leave_one_country_out_robustness.py,2.Source Code/generate_leave_one_country_out_robustness.py:858-864 path map; 881-888 CSV/json writes and os.replace; 1502 checkpoint directory.,Static writer coverage only; no execution or byte-identical regeneration verified.,2.Source Code/produced_graph/.leave_one_country_out_checkpoints/CAF/nowcasting_predictions.csv,retained
2.Source Code/produced_graph/.leave_one_country_out_checkpoints/COD/forecasting_predictions.csv,checkpoint,generated_confirmed,2.Source Code/generate_leave_one_country_out_robustness.py,2.Source Code/generate_leave_one_country_out_robustness.py:858-864 path map; 881-888 CSV/json writes and os.replace; 1502 checkpoint directory.,Static writer coverage only; no execution or byte-identical regeneration verified.,2.Source Code/produced_graph/.leave_one_country_out_checkpoints/COD/forecasting_predictions.csv,retained
2.Source Code/produced_graph/.leave_one_country_out_checkpoints/COD/manifest.json,checkpoint,generated_confirmed,2.Source Code/generate_leave_one_country_out_robustness.py,2.Source Code/generate_leave_one_country_out_robustness.py:858-864 path map; 881-888 CSV/json writes and os.replace; 1502 checkpoint directory.,Static writer coverage only; no execution or byte-identical regeneration verified.,2.Source Code/produced_graph/.leave_one_country_out_checkpoints/COD/manifest.json,retained
2.Source Code/produced_graph/.leave_one_country_out_checkpoints/COD/nowcasting_predictions.csv,checkpoint,generated_confirmed,2.Source Code/generate_leave_one_country_out_robustness.py,2.Source Code/generate_leave_one_country_out_robustness.py:858-864 path map; 881-888 CSV/json writes and os.replace; 1502 checkpoint directory.,Static writer coverage only; no execution or byte-identical regeneration verified.,2.Source Code/produced_graph/.leave_one_country_out_checkpoints/COD/nowcasting_predictions.csv,retained
2.Source Code/produced_graph/.leave_one_country_out_checkpoints/DJI/forecasting_predictions.csv,checkpoint,generated_confirmed,2.Source Code/generate_leave_one_country_out_robustness.py,2.Source Code/generate_leave_one_country_out_robustness.py:858-864 path map; 881-888 CSV/json writes and os.replace; 1502 checkpoint directory.,Static writer coverage only; no execution or byte-identical regeneration verified.,2.Source Code/produced_graph/.leave_one_country_out_checkpoints/DJI/forecasting_predictions.csv,retained
2.Source Code/produced_graph/.leave_one_country_out_checkpoints/DJI/manifest.json,checkpoint,generated_confirmed,2.Source Code/generate_leave_one_country_out_robustness.py,2.Source Code/generate_leave_one_country_out_robustness.py:858-864 path map; 881-888 CSV/json writes and os.replace; 1502 checkpoint directory.,Static writer coverage only; no execution or byte-identical regeneration verified.,2.Source Code/produced_graph/.leave_one_country_out_checkpoints/DJI/manifest.json,retained
2.Source Code/produced_graph/.leave_one_country_out_checkpoints/DJI/nowcasting_predictions.csv,checkpoint,generated_confirmed,2.Source Code/generate_leave_one_country_out_robustness.py,2.Source Code/generate_leave_one_country_out_robustness.py:858-864 path map; 881-888 CSV/json writes and os.replace; 1502 checkpoint directory.,Static writer coverage only; no execution or byte-identical regeneration verified.,2.Source Code/produced_graph/.leave_one_country_out_checkpoints/DJI/nowcasting_predictions.csv,retained
2.Source Code/produced_graph/.leave_one_country_out_checkpoints/DOM/forecasting_predictions.csv,checkpoint,generated_confirmed,2.Source Code/generate_leave_one_country_out_robustness.py,2.Source Code/generate_leave_one_country_out_robustness.py:858-864 path map; 881-888 CSV/json writes and os.replace; 1502 checkpoint directory.,Static writer coverage only; no execution or byte-identical regeneration verified.,2.Source Code/produced_graph/.leave_one_country_out_checkpoints/DOM/forecasting_predictions.csv,retained
2.Source Code/produced_graph/.leave_one_country_out_checkpoints/DOM/manifest.json,checkpoint,generated_confirmed,2.Source Code/generate_leave_one_country_out_robustness.py,2.Source Code/generate_leave_one_country_out_robustness.py:858-864 path map; 881-888 CSV/json writes and os.replace; 1502 checkpoint directory.,Static writer coverage only; no execution or byte-identical regeneration verified.,2.Source Code/produced_graph/.leave_one_country_out_checkpoints/DOM/manifest.json,retained
2.Source Code/produced_graph/.leave_one_country_out_checkpoints/DOM/nowcasting_predictions.csv,checkpoint,generated_confirmed,2.Source Code/generate_leave_one_country_out_robustness.py,2.Source Code/generate_leave_one_country_out_robustness.py:858-864 path map; 881-888 CSV/json writes and os.replace; 1502 checkpoint directory.,Static writer coverage only; no execution or byte-identical regeneration verified.,2.Source Code/produced_graph/.leave_one_country_out_checkpoints/DOM/nowcasting_predictions.csv,retained
2.Source Code/produced_graph/.leave_one_country_out_checkpoints/ETH/forecasting_predictions.csv,checkpoint,generated_confirmed,2.Source Code/generate_leave_one_country_out_robustness.py,2.Source Code/generate_leave_one_country_out_robustness.py:858-864 path map; 881-888 CSV/json writes and os.replace; 1502 checkpoint directory.,Static writer coverage only; no execution or byte-identical regeneration verified.,2.Source Code/produced_graph/.leave_one_country_out_checkpoints/ETH/forecasting_predictions.csv,retained
2.Source Code/produced_graph/.leave_one_country_out_checkpoints/ETH/manifest.json,checkpoint,generated_confirmed,2.Source Code/generate_leave_one_country_out_robustness.py,2.Source Code/generate_leave_one_country_out_robustness.py:858-864 path map; 881-888 CSV/json writes and os.replace; 1502 checkpoint directory.,Static writer coverage only; no execution or byte-identical regeneration verified.,2.Source Code/produced_graph/.leave_one_country_out_checkpoints/ETH/manifest.json,retained
2.Source Code/produced_graph/.leave_one_country_out_checkpoints/ETH/nowcasting_predictions.csv,checkpoint,generated_confirmed,2.Source Code/generate_leave_one_country_out_robustness.py,2.Source Code/generate_leave_one_country_out_robustness.py:858-864 path map; 881-888 CSV/json writes and os.replace; 1502 checkpoint directory.,Static writer coverage only; no execution or byte-identical regeneration verified.,2.Source Code/produced_graph/.leave_one_country_out_checkpoints/ETH/nowcasting_predictions.csv,retained
2.Source Code/produced_graph/.leave_one_country_out_checkpoints/GTM/forecasting_predictions.csv,checkpoint,generated_confirmed,2.Source Code/generate_leave_one_country_out_robustness.py,2.Source Code/generate_leave_one_country_out_robustness.py:858-864 path map; 881-888 CSV/json writes and os.replace; 1502 checkpoint directory.,Static writer coverage only; no execution or byte-identical regeneration verified.,2.Source Code/produced_graph/.leave_one_country_out_checkpoints/GTM/forecasting_predictions.csv,retained
2.Source Code/produced_graph/.leave_one_country_out_checkpoints/GTM/manifest.json,checkpoint,generated_confirmed,2.Source Code/generate_leave_one_country_out_robustness.py,2.Source Code/generate_leave_one_country_out_robustness.py:858-864 path map; 881-888 CSV/json writes and os.replace; 1502 checkpoint directory.,Static writer coverage only; no execution or byte-identical regeneration verified.,2.Source Code/produced_graph/.leave_one_country_out_checkpoints/GTM/manifest.json,retained
2.Source Code/produced_graph/.leave_one_country_out_checkpoints/GTM/nowcasting_predictions.csv,checkpoint,generated_confirmed,2.Source Code/generate_leave_one_country_out_robustness.py,2.Source Code/generate_leave_one_country_out_robustness.py:858-864 path map; 881-888 CSV/json writes and os.replace; 1502 checkpoint directory.,Static writer coverage only; no execution or byte-identical regeneration verified.,2.Source Code/produced_graph/.leave_one_country_out_checkpoints/GTM/nowcasting_predictions.csv,retained
2.Source Code/produced_graph/.leave_one_country_out_checkpoints/HND/forecasting_predictions.csv,checkpoint,generated_confirmed,2.Source Code/generate_leave_one_country_out_robustness.py,2.Source Code/generate_leave_one_country_out_robustness.py:858-864 path map; 881-888 CSV/json writes and os.replace; 1502 checkpoint directory.,Static writer coverage only; no execution or byte-identical regeneration verified.,2.Source Code/produced_graph/.leave_one_country_out_checkpoints/HND/forecasting_predictions.csv,retained
2.Source Code/produced_graph/.leave_one_country_out_checkpoints/HND/manifest.json,checkpoint,generated_confirmed,2.Source Code/generate_leave_one_country_out_robustness.py,2.Source Code/generate_leave_one_country_out_robustness.py:858-864 path map; 881-888 CSV/json writes and os.replace; 1502 checkpoint directory.,Static writer coverage only; no execution or byte-identical regeneration verified.,2.Source Code/produced_graph/.leave_one_country_out_checkpoints/HND/manifest.json,retained
2.Source Code/produced_graph/.leave_one_country_out_checkpoints/HND/nowcasting_predictions.csv,checkpoint,generated_confirmed,2.Source Code/generate_leave_one_country_out_robustness.py,2.Source Code/generate_leave_one_country_out_robustness.py:858-864 path map; 881-888 CSV/json writes and os.replace; 1502 checkpoint directory.,Static writer coverage only; no execution or byte-identical regeneration verified.,2.Source Code/produced_graph/.leave_one_country_out_checkpoints/HND/nowcasting_predictions.csv,retained
2.Source Code/produced_graph/.leave_one_country_out_checkpoints/HTI/forecasting_predictions.csv,checkpoint,generated_confirmed,2.Source Code/generate_leave_one_country_out_robustness.py,2.Source Code/generate_leave_one_country_out_robustness.py:858-864 path map; 881-888 CSV/json writes and os.replace; 1502 checkpoint directory.,Static writer coverage only; no execution or byte-identical regeneration verified.,2.Source Code/produced_graph/.leave_one_country_out_checkpoints/HTI/forecasting_predictions.csv,retained
2.Source Code/produced_graph/.leave_one_country_out_checkpoints/HTI/manifest.json,checkpoint,generated_confirmed,2.Source Code/generate_leave_one_country_out_robustness.py,2.Source Code/generate_leave_one_country_out_robustness.py:858-864 path map; 881-888 CSV/json writes and os.replace; 1502 checkpoint directory.,Static writer coverage only; no execution or byte-identical regeneration verified.,2.Source Code/produced_graph/.leave_one_country_out_checkpoints/HTI/manifest.json,retained
2.Source Code/produced_graph/.leave_one_country_out_checkpoints/HTI/nowcasting_predictions.csv,checkpoint,generated_confirmed,2.Source Code/generate_leave_one_country_out_robustness.py,2.Source Code/generate_leave_one_country_out_robustness.py:858-864 path map; 881-888 CSV/json writes and os.replace; 1502 checkpoint directory.,Static writer coverage only; no execution or byte-identical regeneration verified.,2.Source Code/produced_graph/.leave_one_country_out_checkpoints/HTI/nowcasting_predictions.csv,retained
2.Source Code/produced_graph/.leave_one_country_out_checkpoints/KEN/forecasting_predictions.csv,checkpoint,generated_confirmed,2.Source Code/generate_leave_one_country_out_robustness.py,2.Source Code/generate_leave_one_country_out_robustness.py:858-864 path map; 881-888 CSV/json writes and os.replace; 1502 checkpoint directory.,Static writer coverage only; no execution or byte-identical regeneration verified.,2.Source Code/produced_graph/.leave_one_country_out_checkpoints/KEN/forecasting_predictions.csv,retained
2.Source Code/produced_graph/.leave_one_country_out_checkpoints/KEN/manifest.json,checkpoint,generated_confirmed,2.Source Code/generate_leave_one_country_out_robustness.py,2.Source Code/generate_leave_one_country_out_robustness.py:858-864 path map; 881-888 CSV/json writes and os.replace; 1502 checkpoint directory.,Static writer coverage only; no execution or byte-identical regeneration verified.,2.Source Code/produced_graph/.leave_one_country_out_checkpoints/KEN/manifest.json,retained
2.Source Code/produced_graph/.leave_one_country_out_checkpoints/KEN/nowcasting_predictions.csv,checkpoint,generated_confirmed,2.Source Code/generate_leave_one_country_out_robustness.py,2.Source Code/generate_leave_one_country_out_robustness.py:858-864 path map; 881-888 CSV/json writes and os.replace; 1502 checkpoint directory.,Static writer coverage only; no execution or byte-identical regeneration verified.,2.Source Code/produced_graph/.leave_one_country_out_checkpoints/KEN/nowcasting_predictions.csv,retained
2.Source Code/produced_graph/.leave_one_country_out_checkpoints/LBN/forecasting_predictions.csv,checkpoint,generated_confirmed,2.Source Code/generate_leave_one_country_out_robustness.py,2.Source Code/generate_leave_one_country_out_robustness.py:858-864 path map; 881-888 CSV/json writes and os.replace; 1502 checkpoint directory.,Static writer coverage only; no execution or byte-identical regeneration verified.,2.Source Code/produced_graph/.leave_one_country_out_checkpoints/LBN/forecasting_predictions.csv,retained
2.Source Code/produced_graph/.leave_one_country_out_checkpoints/LBN/manifest.json,checkpoint,generated_confirmed,2.Source Code/generate_leave_one_country_out_robustness.py,2.Source Code/generate_leave_one_country_out_robustness.py:858-864 path map; 881-888 CSV/json writes and os.replace; 1502 checkpoint directory.,Static writer coverage only; no execution or byte-identical regeneration verified.,2.Source Code/produced_graph/.leave_one_country_out_checkpoints/LBN/manifest.json,retained
2.Source Code/produced_graph/.leave_one_country_out_checkpoints/LBN/nowcasting_predictions.csv,checkpoint,generated_confirmed,2.Source Code/generate_leave_one_country_out_robustness.py,2.Source Code/generate_leave_one_country_out_robustness.py:858-864 path map; 881-888 CSV/json writes and os.replace; 1502 checkpoint directory.,Static writer coverage only; no execution or byte-identical regeneration verified.,2.Source Code/produced_graph/.leave_one_country_out_checkpoints/LBN/nowcasting_predictions.csv,retained
2.Source Code/produced_graph/.leave_one_country_out_checkpoints/LSO/forecasting_predictions.csv,checkpoint,generated_confirmed,2.Source Code/generate_leave_one_country_out_robustness.py,2.Source Code/generate_leave_one_country_out_robustness.py:858-864 path map; 881-888 CSV/json writes and os.replace; 1502 checkpoint directory.,Static writer coverage only; no execution or byte-identical regeneration verified.,2.Source Code/produced_graph/.leave_one_country_out_checkpoints/LSO/forecasting_predictions.csv,retained
2.Source Code/produced_graph/.leave_one_country_out_checkpoints/LSO/manifest.json,checkpoint,generated_confirmed,2.Source Code/generate_leave_one_country_out_robustness.py,2.Source Code/generate_leave_one_country_out_robustness.py:858-864 path map; 881-888 CSV/json writes and os.replace; 1502 checkpoint directory.,Static writer coverage only; no execution or byte-identical regeneration verified.,2.Source Code/produced_graph/.leave_one_country_out_checkpoints/LSO/manifest.json,retained
2.Source Code/produced_graph/.leave_one_country_out_checkpoints/LSO/nowcasting_predictions.csv,checkpoint,generated_confirmed,2.Source Code/generate_leave_one_country_out_robustness.py,2.Source Code/generate_leave_one_country_out_robustness.py:858-864 path map; 881-888 CSV/json writes and os.replace; 1502 checkpoint directory.,Static writer coverage only; no execution or byte-identical regeneration verified.,2.Source Code/produced_graph/.leave_one_country_out_checkpoints/LSO/nowcasting_predictions.csv,retained
2.Source Code/produced_graph/.leave_one_country_out_checkpoints/MDG/forecasting_predictions.csv,checkpoint,generated_confirmed,2.Source Code/generate_leave_one_country_out_robustness.py,2.Source Code/generate_leave_one_country_out_robustness.py:858-864 path map; 881-888 CSV/json writes and os.replace; 1502 checkpoint directory.,Static writer coverage only; no execution or byte-identical regeneration verified.,2.Source Code/produced_graph/.leave_one_country_out_checkpoints/MDG/forecasting_predictions.csv,retained
2.Source Code/produced_graph/.leave_one_country_out_checkpoints/MDG/manifest.json,checkpoint,generated_confirmed,2.Source Code/generate_leave_one_country_out_robustness.py,2.Source Code/generate_leave_one_country_out_robustness.py:858-864 path map; 881-888 CSV/json writes and os.replace; 1502 checkpoint directory.,Static writer coverage only; no execution or byte-identical regeneration verified.,2.Source Code/produced_graph/.leave_one_country_out_checkpoints/MDG/manifest.json,retained
2.Source Code/produced_graph/.leave_one_country_out_checkpoints/MDG/nowcasting_predictions.csv,checkpoint,generated_confirmed,2.Source Code/generate_leave_one_country_out_robustness.py,2.Source Code/generate_leave_one_country_out_robustness.py:858-864 path map; 881-888 CSV/json writes and os.replace; 1502 checkpoint directory.,Static writer coverage only; no execution or byte-identical regeneration verified.,2.Source Code/produced_graph/.leave_one_country_out_checkpoints/MDG/nowcasting_predictions.csv,retained
2.Source Code/produced_graph/.leave_one_country_out_checkpoints/MOZ/forecasting_predictions.csv,checkpoint,generated_confirmed,2.Source Code/generate_leave_one_country_out_robustness.py,2.Source Code/generate_leave_one_country_out_robustness.py:858-864 path map; 881-888 CSV/json writes and os.replace; 1502 checkpoint directory.,Static writer coverage only; no execution or byte-identical regeneration verified.,2.Source Code/produced_graph/.leave_one_country_out_checkpoints/MOZ/forecasting_predictions.csv,retained
2.Source Code/produced_graph/.leave_one_country_out_checkpoints/MOZ/manifest.json,checkpoint,generated_confirmed,2.Source Code/generate_leave_one_country_out_robustness.py,2.Source Code/generate_leave_one_country_out_robustness.py:858-864 path map; 881-888 CSV/json writes and os.replace; 1502 checkpoint directory.,Static writer coverage only; no execution or byte-identical regeneration verified.,2.Source Code/produced_graph/.leave_one_country_out_checkpoints/MOZ/manifest.json,retained
2.Source Code/produced_graph/.leave_one_country_out_checkpoints/MOZ/nowcasting_predictions.csv,checkpoint,generated_confirmed,2.Source Code/generate_leave_one_country_out_robustness.py,2.Source Code/generate_leave_one_country_out_robustness.py:858-864 path map; 881-888 CSV/json writes and os.replace; 1502 checkpoint directory.,Static writer coverage only; no execution or byte-identical regeneration verified.,2.Source Code/produced_graph/.leave_one_country_out_checkpoints/MOZ/nowcasting_predictions.csv,retained
2.Source Code/produced_graph/.leave_one_country_out_checkpoints/MWI/forecasting_predictions.csv,checkpoint,generated_confirmed,2.Source Code/generate_leave_one_country_out_robustness.py,2.Source Code/generate_leave_one_country_out_robustness.py:858-864 path map; 881-888 CSV/json writes and os.replace; 1502 checkpoint directory.,Static writer coverage only; no execution or byte-identical regeneration verified.,2.Source Code/produced_graph/.leave_one_country_out_checkpoints/MWI/forecasting_predictions.csv,retained
2.Source Code/produced_graph/.leave_one_country_out_checkpoints/MWI/manifest.json,checkpoint,generated_confirmed,2.Source Code/generate_leave_one_country_out_robustness.py,2.Source Code/generate_leave_one_country_out_robustness.py:858-864 path map; 881-888 CSV/json writes and os.replace; 1502 checkpoint directory.,Static writer coverage only; no execution or byte-identical regeneration verified.,2.Source Code/produced_graph/.leave_one_country_out_checkpoints/MWI/manifest.json,retained
2.Source Code/produced_graph/.leave_one_country_out_checkpoints/MWI/nowcasting_predictions.csv,checkpoint,generated_confirmed,2.Source Code/generate_leave_one_country_out_robustness.py,2.Source Code/generate_leave_one_country_out_robustness.py:858-864 path map; 881-888 CSV/json writes and os.replace; 1502 checkpoint directory.,Static writer coverage only; no execution or byte-identical regeneration verified.,2.Source Code/produced_graph/.leave_one_country_out_checkpoints/MWI/nowcasting_predictions.csv,retained
2.Source Code/produced_graph/.leave_one_country_out_checkpoints/PAK/forecasting_predictions.csv,checkpoint,generated_confirmed,2.Source Code/generate_leave_one_country_out_robustness.py,2.Source Code/generate_leave_one_country_out_robustness.py:858-864 path map; 881-888 CSV/json writes and os.replace; 1502 checkpoint directory.,Static writer coverage only; no execution or byte-identical regeneration verified.,2.Source Code/produced_graph/.leave_one_country_out_checkpoints/PAK/forecasting_predictions.csv,retained
2.Source Code/produced_graph/.leave_one_country_out_checkpoints/PAK/manifest.json,checkpoint,generated_confirmed,2.Source Code/generate_leave_one_country_out_robustness.py,2.Source Code/generate_leave_one_country_out_robustness.py:858-864 path map; 881-888 CSV/json writes and os.replace; 1502 checkpoint directory.,Static writer coverage only; no execution or byte-identical regeneration verified.,2.Source Code/produced_graph/.leave_one_country_out_checkpoints/PAK/manifest.json,retained
2.Source Code/produced_graph/.leave_one_country_out_checkpoints/PAK/nowcasting_predictions.csv,checkpoint,generated_confirmed,2.Source Code/generate_leave_one_country_out_robustness.py,2.Source Code/generate_leave_one_country_out_robustness.py:858-864 path map; 881-888 CSV/json writes and os.replace; 1502 checkpoint directory.,Static writer coverage only; no execution or byte-identical regeneration verified.,2.Source Code/produced_graph/.leave_one_country_out_checkpoints/PAK/nowcasting_predictions.csv,retained
2.Source Code/produced_graph/.leave_one_country_out_checkpoints/SDN/forecasting_predictions.csv,checkpoint,generated_confirmed,2.Source Code/generate_leave_one_country_out_robustness.py,2.Source Code/generate_leave_one_country_out_robustness.py:858-864 path map; 881-888 CSV/json writes and os.replace; 1502 checkpoint directory.,Static writer coverage only; no execution or byte-identical regeneration verified.,2.Source Code/produced_graph/.leave_one_country_out_checkpoints/SDN/forecasting_predictions.csv,retained
2.Source Code/produced_graph/.leave_one_country_out_checkpoints/SDN/manifest.json,checkpoint,generated_confirmed,2.Source Code/generate_leave_one_country_out_robustness.py,2.Source Code/generate_leave_one_country_out_robustness.py:858-864 path map; 881-888 CSV/json writes and os.replace; 1502 checkpoint directory.,Static writer coverage only; no execution or byte-identical regeneration verified.,2.Source Code/produced_graph/.leave_one_country_out_checkpoints/SDN/manifest.json,retained
2.Source Code/produced_graph/.leave_one_country_out_checkpoints/SDN/nowcasting_predictions.csv,checkpoint,generated_confirmed,2.Source Code/generate_leave_one_country_out_robustness.py,2.Source Code/generate_leave_one_country_out_robustness.py:858-864 path map; 881-888 CSV/json writes and os.replace; 1502 checkpoint directory.,Static writer coverage only; no execution or byte-identical regeneration verified.,2.Source Code/produced_graph/.leave_one_country_out_checkpoints/SDN/nowcasting_predictions.csv,retained
2.Source Code/produced_graph/.leave_one_country_out_checkpoints/SLV/forecasting_predictions.csv,checkpoint,generated_confirmed,2.Source Code/generate_leave_one_country_out_robustness.py,2.Source Code/generate_leave_one_country_out_robustness.py:858-864 path map; 881-888 CSV/json writes and os.replace; 1502 checkpoint directory.,Static writer coverage only; no execution or byte-identical regeneration verified.,2.Source Code/produced_graph/.leave_one_country_out_checkpoints/SLV/forecasting_predictions.csv,retained
2.Source Code/produced_graph/.leave_one_country_out_checkpoints/SLV/manifest.json,checkpoint,generated_confirmed,2.Source Code/generate_leave_one_country_out_robustness.py,2.Source Code/generate_leave_one_country_out_robustness.py:858-864 path map; 881-888 CSV/json writes and os.replace; 1502 checkpoint directory.,Static writer coverage only; no execution or byte-identical regeneration verified.,2.Source Code/produced_graph/.leave_one_country_out_checkpoints/SLV/manifest.json,retained
2.Source Code/produced_graph/.leave_one_country_out_checkpoints/SLV/nowcasting_predictions.csv,checkpoint,generated_confirmed,2.Source Code/generate_leave_one_country_out_robustness.py,2.Source Code/generate_leave_one_country_out_robustness.py:858-864 path map; 881-888 CSV/json writes and os.replace; 1502 checkpoint directory.,Static writer coverage only; no execution or byte-identical regeneration verified.,2.Source Code/produced_graph/.leave_one_country_out_checkpoints/SLV/nowcasting_predictions.csv,retained
2.Source Code/produced_graph/.leave_one_country_out_checkpoints/SOM/forecasting_predictions.csv,checkpoint,generated_confirmed,2.Source Code/generate_leave_one_country_out_robustness.py,2.Source Code/generate_leave_one_country_out_robustness.py:858-864 path map; 881-888 CSV/json writes and os.replace; 1502 checkpoint directory.,Static writer coverage only; no execution or byte-identical regeneration verified.,2.Source Code/produced_graph/.leave_one_country_out_checkpoints/SOM/forecasting_predictions.csv,retained
2.Source Code/produced_graph/.leave_one_country_out_checkpoints/SOM/manifest.json,checkpoint,generated_confirmed,2.Source Code/generate_leave_one_country_out_robustness.py,2.Source Code/generate_leave_one_country_out_robustness.py:858-864 path map; 881-888 CSV/json writes and os.replace; 1502 checkpoint directory.,Static writer coverage only; no execution or byte-identical regeneration verified.,2.Source Code/produced_graph/.leave_one_country_out_checkpoints/SOM/manifest.json,retained
2.Source Code/produced_graph/.leave_one_country_out_checkpoints/SOM/nowcasting_predictions.csv,checkpoint,generated_confirmed,2.Source Code/generate_leave_one_country_out_robustness.py,2.Source Code/generate_leave_one_country_out_robustness.py:858-864 path map; 881-888 CSV/json writes and os.replace; 1502 checkpoint directory.,Static writer coverage only; no execution or byte-identical regeneration verified.,2.Source Code/produced_graph/.leave_one_country_out_checkpoints/SOM/nowcasting_predictions.csv,retained
2.Source Code/produced_graph/.leave_one_country_out_checkpoints/SSD/forecasting_predictions.csv,checkpoint,generated_confirmed,2.Source Code/generate_leave_one_country_out_robustness.py,2.Source Code/generate_leave_one_country_out_robustness.py:858-864 path map; 881-888 CSV/json writes and os.replace; 1502 checkpoint directory.,Static writer coverage only; no execution or byte-identical regeneration verified.,2.Source Code/produced_graph/.leave_one_country_out_checkpoints/SSD/forecasting_predictions.csv,retained
2.Source Code/produced_graph/.leave_one_country_out_checkpoints/SSD/manifest.json,checkpoint,generated_confirmed,2.Source Code/generate_leave_one_country_out_robustness.py,2.Source Code/generate_leave_one_country_out_robustness.py:858-864 path map; 881-888 CSV/json writes and os.replace; 1502 checkpoint directory.,Static writer coverage only; no execution or byte-identical regeneration verified.,2.Source Code/produced_graph/.leave_one_country_out_checkpoints/SSD/manifest.json,retained
2.Source Code/produced_graph/.leave_one_country_out_checkpoints/SSD/nowcasting_predictions.csv,checkpoint,generated_confirmed,2.Source Code/generate_leave_one_country_out_robustness.py,2.Source Code/generate_leave_one_country_out_robustness.py:858-864 path map; 881-888 CSV/json writes and os.replace; 1502 checkpoint directory.,Static writer coverage only; no execution or byte-identical regeneration verified.,2.Source Code/produced_graph/.leave_one_country_out_checkpoints/SSD/nowcasting_predictions.csv,retained
2.Source Code/produced_graph/.leave_one_country_out_checkpoints/SWZ/forecasting_predictions.csv,checkpoint,generated_confirmed,2.Source Code/generate_leave_one_country_out_robustness.py,2.Source Code/generate_leave_one_country_out_robustness.py:858-864 path map; 881-888 CSV/json writes and os.replace; 1502 checkpoint directory.,Static writer coverage only; no execution or byte-identical regeneration verified.,2.Source Code/produced_graph/.leave_one_country_out_checkpoints/SWZ/forecasting_predictions.csv,retained
2.Source Code/produced_graph/.leave_one_country_out_checkpoints/SWZ/manifest.json,checkpoint,generated_confirmed,2.Source Code/generate_leave_one_country_out_robustness.py,2.Source Code/generate_leave_one_country_out_robustness.py:858-864 path map; 881-888 CSV/json writes and os.replace; 1502 checkpoint directory.,Static writer coverage only; no execution or byte-identical regeneration verified.,2.Source Code/produced_graph/.leave_one_country_out_checkpoints/SWZ/manifest.json,retained
2.Source Code/produced_graph/.leave_one_country_out_checkpoints/SWZ/nowcasting_predictions.csv,checkpoint,generated_confirmed,2.Source Code/generate_leave_one_country_out_robustness.py,2.Source Code/generate_leave_one_country_out_robustness.py:858-864 path map; 881-888 CSV/json writes and os.replace; 1502 checkpoint directory.,Static writer coverage only; no execution or byte-identical regeneration verified.,2.Source Code/produced_graph/.leave_one_country_out_checkpoints/SWZ/nowcasting_predictions.csv,retained
2.Source Code/produced_graph/.leave_one_country_out_checkpoints/TJK/forecasting_predictions.csv,checkpoint,generated_confirmed,2.Source Code/generate_leave_one_country_out_robustness.py,2.Source Code/generate_leave_one_country_out_robustness.py:858-864 path map; 881-888 CSV/json writes and os.replace; 1502 checkpoint directory.,Static writer coverage only; no execution or byte-identical regeneration verified.,2.Source Code/produced_graph/.leave_one_country_out_checkpoints/TJK/forecasting_predictions.csv,retained
2.Source Code/produced_graph/.leave_one_country_out_checkpoints/TJK/manifest.json,checkpoint,generated_confirmed,2.Source Code/generate_leave_one_country_out_robustness.py,2.Source Code/generate_leave_one_country_out_robustness.py:858-864 path map; 881-888 CSV/json writes and os.replace; 1502 checkpoint directory.,Static writer coverage only; no execution or byte-identical regeneration verified.,2.Source Code/produced_graph/.leave_one_country_out_checkpoints/TJK/manifest.json,retained
2.Source Code/produced_graph/.leave_one_country_out_checkpoints/TJK/nowcasting_predictions.csv,checkpoint,generated_confirmed,2.Source Code/generate_leave_one_country_out_robustness.py,2.Source Code/generate_leave_one_country_out_robustness.py:858-864 path map; 881-888 CSV/json writes and os.replace; 1502 checkpoint directory.,Static writer coverage only; no execution or byte-identical regeneration verified.,2.Source Code/produced_graph/.leave_one_country_out_checkpoints/TJK/nowcasting_predictions.csv,retained
2.Source Code/produced_graph/.leave_one_country_out_checkpoints/TZA/forecasting_predictions.csv,checkpoint,generated_confirmed,2.Source Code/generate_leave_one_country_out_robustness.py,2.Source Code/generate_leave_one_country_out_robustness.py:858-864 path map; 881-888 CSV/json writes and os.replace; 1502 checkpoint directory.,Static writer coverage only; no execution or byte-identical regeneration verified.,2.Source Code/produced_graph/.leave_one_country_out_checkpoints/TZA/forecasting_predictions.csv,retained
2.Source Code/produced_graph/.leave_one_country_out_checkpoints/TZA/manifest.json,checkpoint,generated_confirmed,2.Source Code/generate_leave_one_country_out_robustness.py,2.Source Code/generate_leave_one_country_out_robustness.py:858-864 path map; 881-888 CSV/json writes and os.replace; 1502 checkpoint directory.,Static writer coverage only; no execution or byte-identical regeneration verified.,2.Source Code/produced_graph/.leave_one_country_out_checkpoints/TZA/manifest.json,retained
2.Source Code/produced_graph/.leave_one_country_out_checkpoints/TZA/nowcasting_predictions.csv,checkpoint,generated_confirmed,2.Source Code/generate_leave_one_country_out_robustness.py,2.Source Code/generate_leave_one_country_out_robustness.py:858-864 path map; 881-888 CSV/json writes and os.replace; 1502 checkpoint directory.,Static writer coverage only; no execution or byte-identical regeneration verified.,2.Source Code/produced_graph/.leave_one_country_out_checkpoints/TZA/nowcasting_predictions.csv,retained
2.Source Code/produced_graph/.leave_one_country_out_checkpoints/UGA/forecasting_predictions.csv,checkpoint,generated_confirmed,2.Source Code/generate_leave_one_country_out_robustness.py,2.Source Code/generate_leave_one_country_out_robustness.py:858-864 path map; 881-888 CSV/json writes and os.replace; 1502 checkpoint directory.,Static writer coverage only; no execution or byte-identical regeneration verified.,2.Source Code/produced_graph/.leave_one_country_out_checkpoints/UGA/forecasting_predictions.csv,retained
2.Source Code/produced_graph/.leave_one_country_out_checkpoints/UGA/manifest.json,checkpoint,generated_confirmed,2.Source Code/generate_leave_one_country_out_robustness.py,2.Source Code/generate_leave_one_country_out_robustness.py:858-864 path map; 881-888 CSV/json writes and os.replace; 1502 checkpoint directory.,Static writer coverage only; no execution or byte-identical regeneration verified.,2.Source Code/produced_graph/.leave_one_country_out_checkpoints/UGA/manifest.json,retained
2.Source Code/produced_graph/.leave_one_country_out_checkpoints/UGA/nowcasting_predictions.csv,checkpoint,generated_confirmed,2.Source Code/generate_leave_one_country_out_robustness.py,2.Source Code/generate_leave_one_country_out_robustness.py:858-864 path map; 881-888 CSV/json writes and os.replace; 1502 checkpoint directory.,Static writer coverage only; no execution or byte-identical regeneration verified.,2.Source Code/produced_graph/.leave_one_country_out_checkpoints/UGA/nowcasting_predictions.csv,retained
2.Source Code/produced_graph/.leave_one_country_out_checkpoints/YEM/forecasting_predictions.csv,checkpoint,generated_confirmed,2.Source Code/generate_leave_one_country_out_robustness.py,2.Source Code/generate_leave_one_country_out_robustness.py:858-864 path map; 881-888 CSV/json writes and os.replace; 1502 checkpoint directory.,Static writer coverage only; no execution or byte-identical regeneration verified.,2.Source Code/produced_graph/.leave_one_country_out_checkpoints/YEM/forecasting_predictions.csv,retained
2.Source Code/produced_graph/.leave_one_country_out_checkpoints/YEM/manifest.json,checkpoint,generated_confirmed,2.Source Code/generate_leave_one_country_out_robustness.py,2.Source Code/generate_leave_one_country_out_robustness.py:858-864 path map; 881-888 CSV/json writes and os.replace; 1502 checkpoint directory.,Static writer coverage only; no execution or byte-identical regeneration verified.,2.Source Code/produced_graph/.leave_one_country_out_checkpoints/YEM/manifest.json,retained
2.Source Code/produced_graph/.leave_one_country_out_checkpoints/YEM/nowcasting_predictions.csv,checkpoint,generated_confirmed,2.Source Code/generate_leave_one_country_out_robustness.py,2.Source Code/generate_leave_one_country_out_robustness.py:858-864 path map; 881-888 CSV/json writes and os.replace; 1502 checkpoint directory.,Static writer coverage only; no execution or byte-identical regeneration verified.,2.Source Code/produced_graph/.leave_one_country_out_checkpoints/YEM/nowcasting_predictions.csv,retained
2.Source Code/produced_graph/.leave_one_country_out_checkpoints/ZAF/forecasting_predictions.csv,checkpoint,generated_confirmed,2.Source Code/generate_leave_one_country_out_robustness.py,2.Source Code/generate_leave_one_country_out_robustness.py:858-864 path map; 881-888 CSV/json writes and os.replace; 1502 checkpoint directory.,Static writer coverage only; no execution or byte-identical regeneration verified.,2.Source Code/produced_graph/.leave_one_country_out_checkpoints/ZAF/forecasting_predictions.csv,retained
2.Source Code/produced_graph/.leave_one_country_out_checkpoints/ZAF/manifest.json,checkpoint,generated_confirmed,2.Source Code/generate_leave_one_country_out_robustness.py,2.Source Code/generate_leave_one_country_out_robustness.py:858-864 path map; 881-888 CSV/json writes and os.replace; 1502 checkpoint directory.,Static writer coverage only; no execution or byte-identical regeneration verified.,2.Source Code/produced_graph/.leave_one_country_out_checkpoints/ZAF/manifest.json,retained
2.Source Code/produced_graph/.leave_one_country_out_checkpoints/ZAF/nowcasting_predictions.csv,checkpoint,generated_confirmed,2.Source Code/generate_leave_one_country_out_robustness.py,2.Source Code/generate_leave_one_country_out_robustness.py:858-864 path map; 881-888 CSV/json writes and os.replace; 1502 checkpoint directory.,Static writer coverage only; no execution or byte-identical regeneration verified.,2.Source Code/produced_graph/.leave_one_country_out_checkpoints/ZAF/nowcasting_predictions.csv,retained
2.Source Code/produced_graph/.leave_one_country_out_checkpoints/ZMB/forecasting_predictions.csv,checkpoint,generated_confirmed,2.Source Code/generate_leave_one_country_out_robustness.py,2.Source Code/generate_leave_one_country_out_robustness.py:858-864 path map; 881-888 CSV/json writes and os.replace; 1502 checkpoint directory.,Static writer coverage only; no execution or byte-identical regeneration verified.,2.Source Code/produced_graph/.leave_one_country_out_checkpoints/ZMB/forecasting_predictions.csv,retained
2.Source Code/produced_graph/.leave_one_country_out_checkpoints/ZMB/manifest.json,checkpoint,generated_confirmed,2.Source Code/generate_leave_one_country_out_robustness.py,2.Source Code/generate_leave_one_country_out_robustness.py:858-864 path map; 881-888 CSV/json writes and os.replace; 1502 checkpoint directory.,Static writer coverage only; no execution or byte-identical regeneration verified.,2.Source Code/produced_graph/.leave_one_country_out_checkpoints/ZMB/manifest.json,retained
2.Source Code/produced_graph/.leave_one_country_out_checkpoints/ZMB/nowcasting_predictions.csv,checkpoint,generated_confirmed,2.Source Code/generate_leave_one_country_out_robustness.py,2.Source Code/generate_leave_one_country_out_robustness.py:858-864 path map; 881-888 CSV/json writes and os.replace; 1502 checkpoint directory.,Static writer coverage only; no execution or byte-identical regeneration verified.,2.Source Code/produced_graph/.leave_one_country_out_checkpoints/ZMB/nowcasting_predictions.csv,retained
2.Source Code/produced_graph/.leave_one_country_out_checkpoints/ZWE/forecasting_predictions.csv,checkpoint,generated_confirmed,2.Source Code/generate_leave_one_country_out_robustness.py,2.Source Code/generate_leave_one_country_out_robustness.py:858-864 path map; 881-888 CSV/json writes and os.replace; 1502 checkpoint directory.,Static writer coverage only; no execution or byte-identical regeneration verified.,2.Source Code/produced_graph/.leave_one_country_out_checkpoints/ZWE/forecasting_predictions.csv,retained
2.Source Code/produced_graph/.leave_one_country_out_checkpoints/ZWE/manifest.json,checkpoint,generated_confirmed,2.Source Code/generate_leave_one_country_out_robustness.py,2.Source Code/generate_leave_one_country_out_robustness.py:858-864 path map; 881-888 CSV/json writes and os.replace; 1502 checkpoint directory.,Static writer coverage only; no execution or byte-identical regeneration verified.,2.Source Code/produced_graph/.leave_one_country_out_checkpoints/ZWE/manifest.json,retained
2.Source Code/produced_graph/.leave_one_country_out_checkpoints/ZWE/nowcasting_predictions.csv,checkpoint,generated_confirmed,2.Source Code/generate_leave_one_country_out_robustness.py,2.Source Code/generate_leave_one_country_out_robustness.py:858-864 path map; 881-888 CSV/json writes and os.replace; 1502 checkpoint directory.,Static writer coverage only; no execution or byte-identical regeneration verified.,2.Source Code/produced_graph/.leave_one_country_out_checkpoints/ZWE/nowcasting_predictions.csv,retained
2.Source Code/produced_graph/.strict_temporal_loco_checkpoints/AFG/forecasting_predictions.csv,checkpoint,generated_confirmed,2.Source Code/generate_strict_temporal_leave_one_country_out_robustness.py,2.Source Code/generate_strict_temporal_leave_one_country_out_robustness.py:327-333 path map; 349-357 CSV/json writes and os.replace; 879 checkpoint directory.,Static writer coverage only; no execution or byte-identical regeneration verified.,2.Source Code/produced_graph/.strict_temporal_loco_checkpoints/AFG/forecasting_predictions.csv,retained
2.Source Code/produced_graph/.strict_temporal_loco_checkpoints/AFG/manifest.json,checkpoint,generated_confirmed,2.Source Code/generate_strict_temporal_leave_one_country_out_robustness.py,2.Source Code/generate_strict_temporal_leave_one_country_out_robustness.py:327-333 path map; 349-357 CSV/json writes and os.replace; 879 checkpoint directory.,Static writer coverage only; no execution or byte-identical regeneration verified.,2.Source Code/produced_graph/.strict_temporal_loco_checkpoints/AFG/manifest.json,retained
2.Source Code/produced_graph/.strict_temporal_loco_checkpoints/AFG/nowcasting_predictions.csv,checkpoint,generated_confirmed,2.Source Code/generate_strict_temporal_leave_one_country_out_robustness.py,2.Source Code/generate_strict_temporal_leave_one_country_out_robustness.py:327-333 path map; 349-357 CSV/json writes and os.replace; 879 checkpoint directory.,Static writer coverage only; no execution or byte-identical regeneration verified.,2.Source Code/produced_graph/.strict_temporal_loco_checkpoints/AFG/nowcasting_predictions.csv,retained
2.Source Code/produced_graph/.strict_temporal_loco_checkpoints/BDI/forecasting_predictions.csv,checkpoint,generated_confirmed,2.Source Code/generate_strict_temporal_leave_one_country_out_robustness.py,2.Source Code/generate_strict_temporal_leave_one_country_out_robustness.py:327-333 path map; 349-357 CSV/json writes and os.replace; 879 checkpoint directory.,Static writer coverage only; no execution or byte-identical regeneration verified.,2.Source Code/produced_graph/.strict_temporal_loco_checkpoints/BDI/forecasting_predictions.csv,retained
2.Source Code/produced_graph/.strict_temporal_loco_checkpoints/BDI/manifest.json,checkpoint,generated_confirmed,2.Source Code/generate_strict_temporal_leave_one_country_out_robustness.py,2.Source Code/generate_strict_temporal_leave_one_country_out_robustness.py:327-333 path map; 349-357 CSV/json writes and os.replace; 879 checkpoint directory.,Static writer coverage only; no execution or byte-identical regeneration verified.,2.Source Code/produced_graph/.strict_temporal_loco_checkpoints/BDI/manifest.json,retained
2.Source Code/produced_graph/.strict_temporal_loco_checkpoints/BDI/nowcasting_predictions.csv,checkpoint,generated_confirmed,2.Source Code/generate_strict_temporal_leave_one_country_out_robustness.py,2.Source Code/generate_strict_temporal_leave_one_country_out_robustness.py:327-333 path map; 349-357 CSV/json writes and os.replace; 879 checkpoint directory.,Static writer coverage only; no execution or byte-identical regeneration verified.,2.Source Code/produced_graph/.strict_temporal_loco_checkpoints/BDI/nowcasting_predictions.csv,retained
2.Source Code/produced_graph/.strict_temporal_loco_checkpoints/CAF/forecasting_predictions.csv,checkpoint,generated_confirmed,2.Source Code/generate_strict_temporal_leave_one_country_out_robustness.py,2.Source Code/generate_strict_temporal_leave_one_country_out_robustness.py:327-333 path map; 349-357 CSV/json writes and os.replace; 879 checkpoint directory.,Static writer coverage only; no execution or byte-identical regeneration verified.,2.Source Code/produced_graph/.strict_temporal_loco_checkpoints/CAF/forecasting_predictions.csv,retained
2.Source Code/produced_graph/.strict_temporal_loco_checkpoints/CAF/manifest.json,checkpoint,generated_confirmed,2.Source Code/generate_strict_temporal_leave_one_country_out_robustness.py,2.Source Code/generate_strict_temporal_leave_one_country_out_robustness.py:327-333 path map; 349-357 CSV/json writes and os.replace; 879 checkpoint directory.,Static writer coverage only; no execution or byte-identical regeneration verified.,2.Source Code/produced_graph/.strict_temporal_loco_checkpoints/CAF/manifest.json,retained
2.Source Code/produced_graph/.strict_temporal_loco_checkpoints/CAF/nowcasting_predictions.csv,checkpoint,generated_confirmed,2.Source Code/generate_strict_temporal_leave_one_country_out_robustness.py,2.Source Code/generate_strict_temporal_leave_one_country_out_robustness.py:327-333 path map; 349-357 CSV/json writes and os.replace; 879 checkpoint directory.,Static writer coverage only; no execution or byte-identical regeneration verified.,2.Source Code/produced_graph/.strict_temporal_loco_checkpoints/CAF/nowcasting_predictions.csv,retained
2.Source Code/produced_graph/.strict_temporal_loco_checkpoints/COD/forecasting_predictions.csv,checkpoint,generated_confirmed,2.Source Code/generate_strict_temporal_leave_one_country_out_robustness.py,2.Source Code/generate_strict_temporal_leave_one_country_out_robustness.py:327-333 path map; 349-357 CSV/json writes and os.replace; 879 checkpoint directory.,Static writer coverage only; no execution or byte-identical regeneration verified.,2.Source Code/produced_graph/.strict_temporal_loco_checkpoints/COD/forecasting_predictions.csv,retained
2.Source Code/produced_graph/.strict_temporal_loco_checkpoints/COD/manifest.json,checkpoint,generated_confirmed,2.Source Code/generate_strict_temporal_leave_one_country_out_robustness.py,2.Source Code/generate_strict_temporal_leave_one_country_out_robustness.py:327-333 path map; 349-357 CSV/json writes and os.replace; 879 checkpoint directory.,Static writer coverage only; no execution or byte-identical regeneration verified.,2.Source Code/produced_graph/.strict_temporal_loco_checkpoints/COD/manifest.json,retained
2.Source Code/produced_graph/.strict_temporal_loco_checkpoints/COD/nowcasting_predictions.csv,checkpoint,generated_confirmed,2.Source Code/generate_strict_temporal_leave_one_country_out_robustness.py,2.Source Code/generate_strict_temporal_leave_one_country_out_robustness.py:327-333 path map; 349-357 CSV/json writes and os.replace; 879 checkpoint directory.,Static writer coverage only; no execution or byte-identical regeneration verified.,2.Source Code/produced_graph/.strict_temporal_loco_checkpoints/COD/nowcasting_predictions.csv,retained
2.Source Code/produced_graph/.strict_temporal_loco_checkpoints/DJI/forecasting_predictions.csv,checkpoint,generated_confirmed,2.Source Code/generate_strict_temporal_leave_one_country_out_robustness.py,2.Source Code/generate_strict_temporal_leave_one_country_out_robustness.py:327-333 path map; 349-357 CSV/json writes and os.replace; 879 checkpoint directory.,Static writer coverage only; no execution or byte-identical regeneration verified.,2.Source Code/produced_graph/.strict_temporal_loco_checkpoints/DJI/forecasting_predictions.csv,retained
2.Source Code/produced_graph/.strict_temporal_loco_checkpoints/DJI/manifest.json,checkpoint,generated_confirmed,2.Source Code/generate_strict_temporal_leave_one_country_out_robustness.py,2.Source Code/generate_strict_temporal_leave_one_country_out_robustness.py:327-333 path map; 349-357 CSV/json writes and os.replace; 879 checkpoint directory.,Static writer coverage only; no execution or byte-identical regeneration verified.,2.Source Code/produced_graph/.strict_temporal_loco_checkpoints/DJI/manifest.json,retained
2.Source Code/produced_graph/.strict_temporal_loco_checkpoints/DJI/nowcasting_predictions.csv,checkpoint,generated_confirmed,2.Source Code/generate_strict_temporal_leave_one_country_out_robustness.py,2.Source Code/generate_strict_temporal_leave_one_country_out_robustness.py:327-333 path map; 349-357 CSV/json writes and os.replace; 879 checkpoint directory.,Static writer coverage only; no execution or byte-identical regeneration verified.,2.Source Code/produced_graph/.strict_temporal_loco_checkpoints/DJI/nowcasting_predictions.csv,retained
2.Source Code/produced_graph/.strict_temporal_loco_checkpoints/DOM/forecasting_predictions.csv,checkpoint,generated_confirmed,2.Source Code/generate_strict_temporal_leave_one_country_out_robustness.py,2.Source Code/generate_strict_temporal_leave_one_country_out_robustness.py:327-333 path map; 349-357 CSV/json writes and os.replace; 879 checkpoint directory.,Static writer coverage only; no execution or byte-identical regeneration verified.,2.Source Code/produced_graph/.strict_temporal_loco_checkpoints/DOM/forecasting_predictions.csv,retained
2.Source Code/produced_graph/.strict_temporal_loco_checkpoints/DOM/manifest.json,checkpoint,generated_confirmed,2.Source Code/generate_strict_temporal_leave_one_country_out_robustness.py,2.Source Code/generate_strict_temporal_leave_one_country_out_robustness.py:327-333 path map; 349-357 CSV/json writes and os.replace; 879 checkpoint directory.,Static writer coverage only; no execution or byte-identical regeneration verified.,2.Source Code/produced_graph/.strict_temporal_loco_checkpoints/DOM/manifest.json,retained
2.Source Code/produced_graph/.strict_temporal_loco_checkpoints/DOM/nowcasting_predictions.csv,checkpoint,generated_confirmed,2.Source Code/generate_strict_temporal_leave_one_country_out_robustness.py,2.Source Code/generate_strict_temporal_leave_one_country_out_robustness.py:327-333 path map; 349-357 CSV/json writes and os.replace; 879 checkpoint directory.,Static writer coverage only; no execution or byte-identical regeneration verified.,2.Source Code/produced_graph/.strict_temporal_loco_checkpoints/DOM/nowcasting_predictions.csv,retained
2.Source Code/produced_graph/.strict_temporal_loco_checkpoints/ETH/forecasting_predictions.csv,checkpoint,generated_confirmed,2.Source Code/generate_strict_temporal_leave_one_country_out_robustness.py,2.Source Code/generate_strict_temporal_leave_one_country_out_robustness.py:327-333 path map; 349-357 CSV/json writes and os.replace; 879 checkpoint directory.,Static writer coverage only; no execution or byte-identical regeneration verified.,2.Source Code/produced_graph/.strict_temporal_loco_checkpoints/ETH/forecasting_predictions.csv,retained
2.Source Code/produced_graph/.strict_temporal_loco_checkpoints/ETH/manifest.json,checkpoint,generated_confirmed,2.Source Code/generate_strict_temporal_leave_one_country_out_robustness.py,2.Source Code/generate_strict_temporal_leave_one_country_out_robustness.py:327-333 path map; 349-357 CSV/json writes and os.replace; 879 checkpoint directory.,Static writer coverage only; no execution or byte-identical regeneration verified.,2.Source Code/produced_graph/.strict_temporal_loco_checkpoints/ETH/manifest.json,retained
2.Source Code/produced_graph/.strict_temporal_loco_checkpoints/ETH/nowcasting_predictions.csv,checkpoint,generated_confirmed,2.Source Code/generate_strict_temporal_leave_one_country_out_robustness.py,2.Source Code/generate_strict_temporal_leave_one_country_out_robustness.py:327-333 path map; 349-357 CSV/json writes and os.replace; 879 checkpoint directory.,Static writer coverage only; no execution or byte-identical regeneration verified.,2.Source Code/produced_graph/.strict_temporal_loco_checkpoints/ETH/nowcasting_predictions.csv,retained
2.Source Code/produced_graph/.strict_temporal_loco_checkpoints/GTM/forecasting_predictions.csv,checkpoint,generated_confirmed,2.Source Code/generate_strict_temporal_leave_one_country_out_robustness.py,2.Source Code/generate_strict_temporal_leave_one_country_out_robustness.py:327-333 path map; 349-357 CSV/json writes and os.replace; 879 checkpoint directory.,Static writer coverage only; no execution or byte-identical regeneration verified.,2.Source Code/produced_graph/.strict_temporal_loco_checkpoints/GTM/forecasting_predictions.csv,retained
2.Source Code/produced_graph/.strict_temporal_loco_checkpoints/GTM/manifest.json,checkpoint,generated_confirmed,2.Source Code/generate_strict_temporal_leave_one_country_out_robustness.py,2.Source Code/generate_strict_temporal_leave_one_country_out_robustness.py:327-333 path map; 349-357 CSV/json writes and os.replace; 879 checkpoint directory.,Static writer coverage only; no execution or byte-identical regeneration verified.,2.Source Code/produced_graph/.strict_temporal_loco_checkpoints/GTM/manifest.json,retained
2.Source Code/produced_graph/.strict_temporal_loco_checkpoints/GTM/nowcasting_predictions.csv,checkpoint,generated_confirmed,2.Source Code/generate_strict_temporal_leave_one_country_out_robustness.py,2.Source Code/generate_strict_temporal_leave_one_country_out_robustness.py:327-333 path map; 349-357 CSV/json writes and os.replace; 879 checkpoint directory.,Static writer coverage only; no execution or byte-identical regeneration verified.,2.Source Code/produced_graph/.strict_temporal_loco_checkpoints/GTM/nowcasting_predictions.csv,retained
2.Source Code/produced_graph/.strict_temporal_loco_checkpoints/HND/forecasting_predictions.csv,checkpoint,generated_confirmed,2.Source Code/generate_strict_temporal_leave_one_country_out_robustness.py,2.Source Code/generate_strict_temporal_leave_one_country_out_robustness.py:327-333 path map; 349-357 CSV/json writes and os.replace; 879 checkpoint directory.,Static writer coverage only; no execution or byte-identical regeneration verified.,2.Source Code/produced_graph/.strict_temporal_loco_checkpoints/HND/forecasting_predictions.csv,retained
2.Source Code/produced_graph/.strict_temporal_loco_checkpoints/HND/manifest.json,checkpoint,generated_confirmed,2.Source Code/generate_strict_temporal_leave_one_country_out_robustness.py,2.Source Code/generate_strict_temporal_leave_one_country_out_robustness.py:327-333 path map; 349-357 CSV/json writes and os.replace; 879 checkpoint directory.,Static writer coverage only; no execution or byte-identical regeneration verified.,2.Source Code/produced_graph/.strict_temporal_loco_checkpoints/HND/manifest.json,retained
2.Source Code/produced_graph/.strict_temporal_loco_checkpoints/HND/nowcasting_predictions.csv,checkpoint,generated_confirmed,2.Source Code/generate_strict_temporal_leave_one_country_out_robustness.py,2.Source Code/generate_strict_temporal_leave_one_country_out_robustness.py:327-333 path map; 349-357 CSV/json writes and os.replace; 879 checkpoint directory.,Static writer coverage only; no execution or byte-identical regeneration verified.,2.Source Code/produced_graph/.strict_temporal_loco_checkpoints/HND/nowcasting_predictions.csv,retained
2.Source Code/produced_graph/.strict_temporal_loco_checkpoints/HTI/forecasting_predictions.csv,checkpoint,generated_confirmed,2.Source Code/generate_strict_temporal_leave_one_country_out_robustness.py,2.Source Code/generate_strict_temporal_leave_one_country_out_robustness.py:327-333 path map; 349-357 CSV/json writes and os.replace; 879 checkpoint directory.,Static writer coverage only; no execution or byte-identical regeneration verified.,2.Source Code/produced_graph/.strict_temporal_loco_checkpoints/HTI/forecasting_predictions.csv,retained
2.Source Code/produced_graph/.strict_temporal_loco_checkpoints/HTI/manifest.json,checkpoint,generated_confirmed,2.Source Code/generate_strict_temporal_leave_one_country_out_robustness.py,2.Source Code/generate_strict_temporal_leave_one_country_out_robustness.py:327-333 path map; 349-357 CSV/json writes and os.replace; 879 checkpoint directory.,Static writer coverage only; no execution or byte-identical regeneration verified.,2.Source Code/produced_graph/.strict_temporal_loco_checkpoints/HTI/manifest.json,retained
2.Source Code/produced_graph/.strict_temporal_loco_checkpoints/HTI/nowcasting_predictions.csv,checkpoint,generated_confirmed,2.Source Code/generate_strict_temporal_leave_one_country_out_robustness.py,2.Source Code/generate_strict_temporal_leave_one_country_out_robustness.py:327-333 path map; 349-357 CSV/json writes and os.replace; 879 checkpoint directory.,Static writer coverage only; no execution or byte-identical regeneration verified.,2.Source Code/produced_graph/.strict_temporal_loco_checkpoints/HTI/nowcasting_predictions.csv,retained
2.Source Code/produced_graph/.strict_temporal_loco_checkpoints/KEN/forecasting_predictions.csv,checkpoint,generated_confirmed,2.Source Code/generate_strict_temporal_leave_one_country_out_robustness.py,2.Source Code/generate_strict_temporal_leave_one_country_out_robustness.py:327-333 path map; 349-357 CSV/json writes and os.replace; 879 checkpoint directory.,Static writer coverage only; no execution or byte-identical regeneration verified.,2.Source Code/produced_graph/.strict_temporal_loco_checkpoints/KEN/forecasting_predictions.csv,retained
2.Source Code/produced_graph/.strict_temporal_loco_checkpoints/KEN/manifest.json,checkpoint,generated_confirmed,2.Source Code/generate_strict_temporal_leave_one_country_out_robustness.py,2.Source Code/generate_strict_temporal_leave_one_country_out_robustness.py:327-333 path map; 349-357 CSV/json writes and os.replace; 879 checkpoint directory.,Static writer coverage only; no execution or byte-identical regeneration verified.,2.Source Code/produced_graph/.strict_temporal_loco_checkpoints/KEN/manifest.json,retained
2.Source Code/produced_graph/.strict_temporal_loco_checkpoints/KEN/nowcasting_predictions.csv,checkpoint,generated_confirmed,2.Source Code/generate_strict_temporal_leave_one_country_out_robustness.py,2.Source Code/generate_strict_temporal_leave_one_country_out_robustness.py:327-333 path map; 349-357 CSV/json writes and os.replace; 879 checkpoint directory.,Static writer coverage only; no execution or byte-identical regeneration verified.,2.Source Code/produced_graph/.strict_temporal_loco_checkpoints/KEN/nowcasting_predictions.csv,retained
2.Source Code/produced_graph/.strict_temporal_loco_checkpoints/LBN/forecasting_predictions.csv,checkpoint,generated_confirmed,2.Source Code/generate_strict_temporal_leave_one_country_out_robustness.py,2.Source Code/generate_strict_temporal_leave_one_country_out_robustness.py:327-333 path map; 349-357 CSV/json writes and os.replace; 879 checkpoint directory.,Static writer coverage only; no execution or byte-identical regeneration verified.,2.Source Code/produced_graph/.strict_temporal_loco_checkpoints/LBN/forecasting_predictions.csv,retained
2.Source Code/produced_graph/.strict_temporal_loco_checkpoints/LBN/manifest.json,checkpoint,generated_confirmed,2.Source Code/generate_strict_temporal_leave_one_country_out_robustness.py,2.Source Code/generate_strict_temporal_leave_one_country_out_robustness.py:327-333 path map; 349-357 CSV/json writes and os.replace; 879 checkpoint directory.,Static writer coverage only; no execution or byte-identical regeneration verified.,2.Source Code/produced_graph/.strict_temporal_loco_checkpoints/LBN/manifest.json,retained
2.Source Code/produced_graph/.strict_temporal_loco_checkpoints/LBN/nowcasting_predictions.csv,checkpoint,generated_confirmed,2.Source Code/generate_strict_temporal_leave_one_country_out_robustness.py,2.Source Code/generate_strict_temporal_leave_one_country_out_robustness.py:327-333 path map; 349-357 CSV/json writes and os.replace; 879 checkpoint directory.,Static writer coverage only; no execution or byte-identical regeneration verified.,2.Source Code/produced_graph/.strict_temporal_loco_checkpoints/LBN/nowcasting_predictions.csv,retained
2.Source Code/produced_graph/.strict_temporal_loco_checkpoints/MDG/forecasting_predictions.csv,checkpoint,generated_confirmed,2.Source Code/generate_strict_temporal_leave_one_country_out_robustness.py,2.Source Code/generate_strict_temporal_leave_one_country_out_robustness.py:327-333 path map; 349-357 CSV/json writes and os.replace; 879 checkpoint directory.,Static writer coverage only; no execution or byte-identical regeneration verified.,2.Source Code/produced_graph/.strict_temporal_loco_checkpoints/MDG/forecasting_predictions.csv,retained
2.Source Code/produced_graph/.strict_temporal_loco_checkpoints/MDG/manifest.json,checkpoint,generated_confirmed,2.Source Code/generate_strict_temporal_leave_one_country_out_robustness.py,2.Source Code/generate_strict_temporal_leave_one_country_out_robustness.py:327-333 path map; 349-357 CSV/json writes and os.replace; 879 checkpoint directory.,Static writer coverage only; no execution or byte-identical regeneration verified.,2.Source Code/produced_graph/.strict_temporal_loco_checkpoints/MDG/manifest.json,retained
2.Source Code/produced_graph/.strict_temporal_loco_checkpoints/MDG/nowcasting_predictions.csv,checkpoint,generated_confirmed,2.Source Code/generate_strict_temporal_leave_one_country_out_robustness.py,2.Source Code/generate_strict_temporal_leave_one_country_out_robustness.py:327-333 path map; 349-357 CSV/json writes and os.replace; 879 checkpoint directory.,Static writer coverage only; no execution or byte-identical regeneration verified.,2.Source Code/produced_graph/.strict_temporal_loco_checkpoints/MDG/nowcasting_predictions.csv,retained
2.Source Code/produced_graph/.strict_temporal_loco_checkpoints/MOZ/forecasting_predictions.csv,checkpoint,generated_confirmed,2.Source Code/generate_strict_temporal_leave_one_country_out_robustness.py,2.Source Code/generate_strict_temporal_leave_one_country_out_robustness.py:327-333 path map; 349-357 CSV/json writes and os.replace; 879 checkpoint directory.,Static writer coverage only; no execution or byte-identical regeneration verified.,2.Source Code/produced_graph/.strict_temporal_loco_checkpoints/MOZ/forecasting_predictions.csv,retained
2.Source Code/produced_graph/.strict_temporal_loco_checkpoints/MOZ/manifest.json,checkpoint,generated_confirmed,2.Source Code/generate_strict_temporal_leave_one_country_out_robustness.py,2.Source Code/generate_strict_temporal_leave_one_country_out_robustness.py:327-333 path map; 349-357 CSV/json writes and os.replace; 879 checkpoint directory.,Static writer coverage only; no execution or byte-identical regeneration verified.,2.Source Code/produced_graph/.strict_temporal_loco_checkpoints/MOZ/manifest.json,retained
2.Source Code/produced_graph/.strict_temporal_loco_checkpoints/MOZ/nowcasting_predictions.csv,checkpoint,generated_confirmed,2.Source Code/generate_strict_temporal_leave_one_country_out_robustness.py,2.Source Code/generate_strict_temporal_leave_one_country_out_robustness.py:327-333 path map; 349-357 CSV/json writes and os.replace; 879 checkpoint directory.,Static writer coverage only; no execution or byte-identical regeneration verified.,2.Source Code/produced_graph/.strict_temporal_loco_checkpoints/MOZ/nowcasting_predictions.csv,retained
2.Source Code/produced_graph/.strict_temporal_loco_checkpoints/MWI/forecasting_predictions.csv,checkpoint,generated_confirmed,2.Source Code/generate_strict_temporal_leave_one_country_out_robustness.py,2.Source Code/generate_strict_temporal_leave_one_country_out_robustness.py:327-333 path map; 349-357 CSV/json writes and os.replace; 879 checkpoint directory.,Static writer coverage only; no execution or byte-identical regeneration verified.,2.Source Code/produced_graph/.strict_temporal_loco_checkpoints/MWI/forecasting_predictions.csv,retained
2.Source Code/produced_graph/.strict_temporal_loco_checkpoints/MWI/manifest.json,checkpoint,generated_confirmed,2.Source Code/generate_strict_temporal_leave_one_country_out_robustness.py,2.Source Code/generate_strict_temporal_leave_one_country_out_robustness.py:327-333 path map; 349-357 CSV/json writes and os.replace; 879 checkpoint directory.,Static writer coverage only; no execution or byte-identical regeneration verified.,2.Source Code/produced_graph/.strict_temporal_loco_checkpoints/MWI/manifest.json,retained
2.Source Code/produced_graph/.strict_temporal_loco_checkpoints/MWI/nowcasting_predictions.csv,checkpoint,generated_confirmed,2.Source Code/generate_strict_temporal_leave_one_country_out_robustness.py,2.Source Code/generate_strict_temporal_leave_one_country_out_robustness.py:327-333 path map; 349-357 CSV/json writes and os.replace; 879 checkpoint directory.,Static writer coverage only; no execution or byte-identical regeneration verified.,2.Source Code/produced_graph/.strict_temporal_loco_checkpoints/MWI/nowcasting_predictions.csv,retained
2.Source Code/produced_graph/.strict_temporal_loco_checkpoints/PAK/forecasting_predictions.csv,checkpoint,generated_confirmed,2.Source Code/generate_strict_temporal_leave_one_country_out_robustness.py,2.Source Code/generate_strict_temporal_leave_one_country_out_robustness.py:327-333 path map; 349-357 CSV/json writes and os.replace; 879 checkpoint directory.,Static writer coverage only; no execution or byte-identical regeneration verified.,2.Source Code/produced_graph/.strict_temporal_loco_checkpoints/PAK/forecasting_predictions.csv,retained
2.Source Code/produced_graph/.strict_temporal_loco_checkpoints/PAK/manifest.json,checkpoint,generated_confirmed,2.Source Code/generate_strict_temporal_leave_one_country_out_robustness.py,2.Source Code/generate_strict_temporal_leave_one_country_out_robustness.py:327-333 path map; 349-357 CSV/json writes and os.replace; 879 checkpoint directory.,Static writer coverage only; no execution or byte-identical regeneration verified.,2.Source Code/produced_graph/.strict_temporal_loco_checkpoints/PAK/manifest.json,retained
2.Source Code/produced_graph/.strict_temporal_loco_checkpoints/PAK/nowcasting_predictions.csv,checkpoint,generated_confirmed,2.Source Code/generate_strict_temporal_leave_one_country_out_robustness.py,2.Source Code/generate_strict_temporal_leave_one_country_out_robustness.py:327-333 path map; 349-357 CSV/json writes and os.replace; 879 checkpoint directory.,Static writer coverage only; no execution or byte-identical regeneration verified.,2.Source Code/produced_graph/.strict_temporal_loco_checkpoints/PAK/nowcasting_predictions.csv,retained
2.Source Code/produced_graph/.strict_temporal_loco_checkpoints/SDN/forecasting_predictions.csv,checkpoint,generated_confirmed,2.Source Code/generate_strict_temporal_leave_one_country_out_robustness.py,2.Source Code/generate_strict_temporal_leave_one_country_out_robustness.py:327-333 path map; 349-357 CSV/json writes and os.replace; 879 checkpoint directory.,Static writer coverage only; no execution or byte-identical regeneration verified.,2.Source Code/produced_graph/.strict_temporal_loco_checkpoints/SDN/forecasting_predictions.csv,retained
2.Source Code/produced_graph/.strict_temporal_loco_checkpoints/SDN/manifest.json,checkpoint,generated_confirmed,2.Source Code/generate_strict_temporal_leave_one_country_out_robustness.py,2.Source Code/generate_strict_temporal_leave_one_country_out_robustness.py:327-333 path map; 349-357 CSV/json writes and os.replace; 879 checkpoint directory.,Static writer coverage only; no execution or byte-identical regeneration verified.,2.Source Code/produced_graph/.strict_temporal_loco_checkpoints/SDN/manifest.json,retained
2.Source Code/produced_graph/.strict_temporal_loco_checkpoints/SDN/nowcasting_predictions.csv,checkpoint,generated_confirmed,2.Source Code/generate_strict_temporal_leave_one_country_out_robustness.py,2.Source Code/generate_strict_temporal_leave_one_country_out_robustness.py:327-333 path map; 349-357 CSV/json writes and os.replace; 879 checkpoint directory.,Static writer coverage only; no execution or byte-identical regeneration verified.,2.Source Code/produced_graph/.strict_temporal_loco_checkpoints/SDN/nowcasting_predictions.csv,retained
2.Source Code/produced_graph/.strict_temporal_loco_checkpoints/SLV/forecasting_predictions.csv,checkpoint,generated_confirmed,2.Source Code/generate_strict_temporal_leave_one_country_out_robustness.py,2.Source Code/generate_strict_temporal_leave_one_country_out_robustness.py:327-333 path map; 349-357 CSV/json writes and os.replace; 879 checkpoint directory.,Static writer coverage only; no execution or byte-identical regeneration verified.,2.Source Code/produced_graph/.strict_temporal_loco_checkpoints/SLV/forecasting_predictions.csv,retained
2.Source Code/produced_graph/.strict_temporal_loco_checkpoints/SLV/manifest.json,checkpoint,generated_confirmed,2.Source Code/generate_strict_temporal_leave_one_country_out_robustness.py,2.Source Code/generate_strict_temporal_leave_one_country_out_robustness.py:327-333 path map; 349-357 CSV/json writes and os.replace; 879 checkpoint directory.,Static writer coverage only; no execution or byte-identical regeneration verified.,2.Source Code/produced_graph/.strict_temporal_loco_checkpoints/SLV/manifest.json,retained
2.Source Code/produced_graph/.strict_temporal_loco_checkpoints/SLV/nowcasting_predictions.csv,checkpoint,generated_confirmed,2.Source Code/generate_strict_temporal_leave_one_country_out_robustness.py,2.Source Code/generate_strict_temporal_leave_one_country_out_robustness.py:327-333 path map; 349-357 CSV/json writes and os.replace; 879 checkpoint directory.,Static writer coverage only; no execution or byte-identical regeneration verified.,2.Source Code/produced_graph/.strict_temporal_loco_checkpoints/SLV/nowcasting_predictions.csv,retained
2.Source Code/produced_graph/.strict_temporal_loco_checkpoints/SOM/forecasting_predictions.csv,checkpoint,generated_confirmed,2.Source Code/generate_strict_temporal_leave_one_country_out_robustness.py,2.Source Code/generate_strict_temporal_leave_one_country_out_robustness.py:327-333 path map; 349-357 CSV/json writes and os.replace; 879 checkpoint directory.,Static writer coverage only; no execution or byte-identical regeneration verified.,2.Source Code/produced_graph/.strict_temporal_loco_checkpoints/SOM/forecasting_predictions.csv,retained
2.Source Code/produced_graph/.strict_temporal_loco_checkpoints/SOM/manifest.json,checkpoint,generated_confirmed,2.Source Code/generate_strict_temporal_leave_one_country_out_robustness.py,2.Source Code/generate_strict_temporal_leave_one_country_out_robustness.py:327-333 path map; 349-357 CSV/json writes and os.replace; 879 checkpoint directory.,Static writer coverage only; no execution or byte-identical regeneration verified.,2.Source Code/produced_graph/.strict_temporal_loco_checkpoints/SOM/manifest.json,retained
2.Source Code/produced_graph/.strict_temporal_loco_checkpoints/SOM/nowcasting_predictions.csv,checkpoint,generated_confirmed,2.Source Code/generate_strict_temporal_leave_one_country_out_robustness.py,2.Source Code/generate_strict_temporal_leave_one_country_out_robustness.py:327-333 path map; 349-357 CSV/json writes and os.replace; 879 checkpoint directory.,Static writer coverage only; no execution or byte-identical regeneration verified.,2.Source Code/produced_graph/.strict_temporal_loco_checkpoints/SOM/nowcasting_predictions.csv,retained
2.Source Code/produced_graph/.strict_temporal_loco_checkpoints/SSD/forecasting_predictions.csv,checkpoint,generated_confirmed,2.Source Code/generate_strict_temporal_leave_one_country_out_robustness.py,2.Source Code/generate_strict_temporal_leave_one_country_out_robustness.py:327-333 path map; 349-357 CSV/json writes and os.replace; 879 checkpoint directory.,Static writer coverage only; no execution or byte-identical regeneration verified.,2.Source Code/produced_graph/.strict_temporal_loco_checkpoints/SSD/forecasting_predictions.csv,retained
2.Source Code/produced_graph/.strict_temporal_loco_checkpoints/SSD/manifest.json,checkpoint,generated_confirmed,2.Source Code/generate_strict_temporal_leave_one_country_out_robustness.py,2.Source Code/generate_strict_temporal_leave_one_country_out_robustness.py:327-333 path map; 349-357 CSV/json writes and os.replace; 879 checkpoint directory.,Static writer coverage only; no execution or byte-identical regeneration verified.,2.Source Code/produced_graph/.strict_temporal_loco_checkpoints/SSD/manifest.json,retained
2.Source Code/produced_graph/.strict_temporal_loco_checkpoints/SSD/nowcasting_predictions.csv,checkpoint,generated_confirmed,2.Source Code/generate_strict_temporal_leave_one_country_out_robustness.py,2.Source Code/generate_strict_temporal_leave_one_country_out_robustness.py:327-333 path map; 349-357 CSV/json writes and os.replace; 879 checkpoint directory.,Static writer coverage only; no execution or byte-identical regeneration verified.,2.Source Code/produced_graph/.strict_temporal_loco_checkpoints/SSD/nowcasting_predictions.csv,retained
2.Source Code/produced_graph/.strict_temporal_loco_checkpoints/SWZ/forecasting_predictions.csv,checkpoint,generated_confirmed,2.Source Code/generate_strict_temporal_leave_one_country_out_robustness.py,2.Source Code/generate_strict_temporal_leave_one_country_out_robustness.py:327-333 path map; 349-357 CSV/json writes and os.replace; 879 checkpoint directory.,Static writer coverage only; no execution or byte-identical regeneration verified.,2.Source Code/produced_graph/.strict_temporal_loco_checkpoints/SWZ/forecasting_predictions.csv,retained
2.Source Code/produced_graph/.strict_temporal_loco_checkpoints/SWZ/manifest.json,checkpoint,generated_confirmed,2.Source Code/generate_strict_temporal_leave_one_country_out_robustness.py,2.Source Code/generate_strict_temporal_leave_one_country_out_robustness.py:327-333 path map; 349-357 CSV/json writes and os.replace; 879 checkpoint directory.,Static writer coverage only; no execution or byte-identical regeneration verified.,2.Source Code/produced_graph/.strict_temporal_loco_checkpoints/SWZ/manifest.json,retained
2.Source Code/produced_graph/.strict_temporal_loco_checkpoints/SWZ/nowcasting_predictions.csv,checkpoint,generated_confirmed,2.Source Code/generate_strict_temporal_leave_one_country_out_robustness.py,2.Source Code/generate_strict_temporal_leave_one_country_out_robustness.py:327-333 path map; 349-357 CSV/json writes and os.replace; 879 checkpoint directory.,Static writer coverage only; no execution or byte-identical regeneration verified.,2.Source Code/produced_graph/.strict_temporal_loco_checkpoints/SWZ/nowcasting_predictions.csv,retained
2.Source Code/produced_graph/.strict_temporal_loco_checkpoints/TJK/forecasting_predictions.csv,checkpoint,generated_confirmed,2.Source Code/generate_strict_temporal_leave_one_country_out_robustness.py,2.Source Code/generate_strict_temporal_leave_one_country_out_robustness.py:327-333 path map; 349-357 CSV/json writes and os.replace; 879 checkpoint directory.,Static writer coverage only; no execution or byte-identical regeneration verified.,2.Source Code/produced_graph/.strict_temporal_loco_checkpoints/TJK/forecasting_predictions.csv,retained
2.Source Code/produced_graph/.strict_temporal_loco_checkpoints/TJK/manifest.json,checkpoint,generated_confirmed,2.Source Code/generate_strict_temporal_leave_one_country_out_robustness.py,2.Source Code/generate_strict_temporal_leave_one_country_out_robustness.py:327-333 path map; 349-357 CSV/json writes and os.replace; 879 checkpoint directory.,Static writer coverage only; no execution or byte-identical regeneration verified.,2.Source Code/produced_graph/.strict_temporal_loco_checkpoints/TJK/manifest.json,retained
2.Source Code/produced_graph/.strict_temporal_loco_checkpoints/TJK/nowcasting_predictions.csv,checkpoint,generated_confirmed,2.Source Code/generate_strict_temporal_leave_one_country_out_robustness.py,2.Source Code/generate_strict_temporal_leave_one_country_out_robustness.py:327-333 path map; 349-357 CSV/json writes and os.replace; 879 checkpoint directory.,Static writer coverage only; no execution or byte-identical regeneration verified.,2.Source Code/produced_graph/.strict_temporal_loco_checkpoints/TJK/nowcasting_predictions.csv,retained
2.Source Code/produced_graph/.strict_temporal_loco_checkpoints/TZA/forecasting_predictions.csv,checkpoint,generated_confirmed,2.Source Code/generate_strict_temporal_leave_one_country_out_robustness.py,2.Source Code/generate_strict_temporal_leave_one_country_out_robustness.py:327-333 path map; 349-357 CSV/json writes and os.replace; 879 checkpoint directory.,Static writer coverage only; no execution or byte-identical regeneration verified.,2.Source Code/produced_graph/.strict_temporal_loco_checkpoints/TZA/forecasting_predictions.csv,retained
2.Source Code/produced_graph/.strict_temporal_loco_checkpoints/TZA/manifest.json,checkpoint,generated_confirmed,2.Source Code/generate_strict_temporal_leave_one_country_out_robustness.py,2.Source Code/generate_strict_temporal_leave_one_country_out_robustness.py:327-333 path map; 349-357 CSV/json writes and os.replace; 879 checkpoint directory.,Static writer coverage only; no execution or byte-identical regeneration verified.,2.Source Code/produced_graph/.strict_temporal_loco_checkpoints/TZA/manifest.json,retained
2.Source Code/produced_graph/.strict_temporal_loco_checkpoints/TZA/nowcasting_predictions.csv,checkpoint,generated_confirmed,2.Source Code/generate_strict_temporal_leave_one_country_out_robustness.py,2.Source Code/generate_strict_temporal_leave_one_country_out_robustness.py:327-333 path map; 349-357 CSV/json writes and os.replace; 879 checkpoint directory.,Static writer coverage only; no execution or byte-identical regeneration verified.,2.Source Code/produced_graph/.strict_temporal_loco_checkpoints/TZA/nowcasting_predictions.csv,retained
2.Source Code/produced_graph/.strict_temporal_loco_checkpoints/UGA/forecasting_predictions.csv,checkpoint,generated_confirmed,2.Source Code/generate_strict_temporal_leave_one_country_out_robustness.py,2.Source Code/generate_strict_temporal_leave_one_country_out_robustness.py:327-333 path map; 349-357 CSV/json writes and os.replace; 879 checkpoint directory.,Static writer coverage only; no execution or byte-identical regeneration verified.,2.Source Code/produced_graph/.strict_temporal_loco_checkpoints/UGA/forecasting_predictions.csv,retained
2.Source Code/produced_graph/.strict_temporal_loco_checkpoints/UGA/manifest.json,checkpoint,generated_confirmed,2.Source Code/generate_strict_temporal_leave_one_country_out_robustness.py,2.Source Code/generate_strict_temporal_leave_one_country_out_robustness.py:327-333 path map; 349-357 CSV/json writes and os.replace; 879 checkpoint directory.,Static writer coverage only; no execution or byte-identical regeneration verified.,2.Source Code/produced_graph/.strict_temporal_loco_checkpoints/UGA/manifest.json,retained
2.Source Code/produced_graph/.strict_temporal_loco_checkpoints/UGA/nowcasting_predictions.csv,checkpoint,generated_confirmed,2.Source Code/generate_strict_temporal_leave_one_country_out_robustness.py,2.Source Code/generate_strict_temporal_leave_one_country_out_robustness.py:327-333 path map; 349-357 CSV/json writes and os.replace; 879 checkpoint directory.,Static writer coverage only; no execution or byte-identical regeneration verified.,2.Source Code/produced_graph/.strict_temporal_loco_checkpoints/UGA/nowcasting_predictions.csv,retained
2.Source Code/produced_graph/.strict_temporal_loco_checkpoints/YEM/forecasting_predictions.csv,checkpoint,generated_confirmed,2.Source Code/generate_strict_temporal_leave_one_country_out_robustness.py,2.Source Code/generate_strict_temporal_leave_one_country_out_robustness.py:327-333 path map; 349-357 CSV/json writes and os.replace; 879 checkpoint directory.,Static writer coverage only; no execution or byte-identical regeneration verified.,2.Source Code/produced_graph/.strict_temporal_loco_checkpoints/YEM/forecasting_predictions.csv,retained
2.Source Code/produced_graph/.strict_temporal_loco_checkpoints/YEM/manifest.json,checkpoint,generated_confirmed,2.Source Code/generate_strict_temporal_leave_one_country_out_robustness.py,2.Source Code/generate_strict_temporal_leave_one_country_out_robustness.py:327-333 path map; 349-357 CSV/json writes and os.replace; 879 checkpoint directory.,Static writer coverage only; no execution or byte-identical regeneration verified.,2.Source Code/produced_graph/.strict_temporal_loco_checkpoints/YEM/manifest.json,retained
2.Source Code/produced_graph/.strict_temporal_loco_checkpoints/YEM/nowcasting_predictions.csv,checkpoint,generated_confirmed,2.Source Code/generate_strict_temporal_leave_one_country_out_robustness.py,2.Source Code/generate_strict_temporal_leave_one_country_out_robustness.py:327-333 path map; 349-357 CSV/json writes and os.replace; 879 checkpoint directory.,Static writer coverage only; no execution or byte-identical regeneration verified.,2.Source Code/produced_graph/.strict_temporal_loco_checkpoints/YEM/nowcasting_predictions.csv,retained
2.Source Code/produced_graph/.strict_temporal_loco_checkpoints/ZAF/forecasting_predictions.csv,checkpoint,generated_confirmed,2.Source Code/generate_strict_temporal_leave_one_country_out_robustness.py,2.Source Code/generate_strict_temporal_leave_one_country_out_robustness.py:327-333 path map; 349-357 CSV/json writes and os.replace; 879 checkpoint directory.,Static writer coverage only; no execution or byte-identical regeneration verified.,2.Source Code/produced_graph/.strict_temporal_loco_checkpoints/ZAF/forecasting_predictions.csv,retained
2.Source Code/produced_graph/.strict_temporal_loco_checkpoints/ZAF/manifest.json,checkpoint,generated_confirmed,2.Source Code/generate_strict_temporal_leave_one_country_out_robustness.py,2.Source Code/generate_strict_temporal_leave_one_country_out_robustness.py:327-333 path map; 349-357 CSV/json writes and os.replace; 879 checkpoint directory.,Static writer coverage only; no execution or byte-identical regeneration verified.,2.Source Code/produced_graph/.strict_temporal_loco_checkpoints/ZAF/manifest.json,retained
2.Source Code/produced_graph/.strict_temporal_loco_checkpoints/ZAF/nowcasting_predictions.csv,checkpoint,generated_confirmed,2.Source Code/generate_strict_temporal_leave_one_country_out_robustness.py,2.Source Code/generate_strict_temporal_leave_one_country_out_robustness.py:327-333 path map; 349-357 CSV/json writes and os.replace; 879 checkpoint directory.,Static writer coverage only; no execution or byte-identical regeneration verified.,2.Source Code/produced_graph/.strict_temporal_loco_checkpoints/ZAF/nowcasting_predictions.csv,retained
2.Source Code/produced_graph/.strict_temporal_loco_checkpoints/ZMB/forecasting_predictions.csv,checkpoint,generated_confirmed,2.Source Code/generate_strict_temporal_leave_one_country_out_robustness.py,2.Source Code/generate_strict_temporal_leave_one_country_out_robustness.py:327-333 path map; 349-357 CSV/json writes and os.replace; 879 checkpoint directory.,Static writer coverage only; no execution or byte-identical regeneration verified.,2.Source Code/produced_graph/.strict_temporal_loco_checkpoints/ZMB/forecasting_predictions.csv,retained
2.Source Code/produced_graph/.strict_temporal_loco_checkpoints/ZMB/manifest.json,checkpoint,generated_confirmed,2.Source Code/generate_strict_temporal_leave_one_country_out_robustness.py,2.Source Code/generate_strict_temporal_leave_one_country_out_robustness.py:327-333 path map; 349-357 CSV/json writes and os.replace; 879 checkpoint directory.,Static writer coverage only; no execution or byte-identical regeneration verified.,2.Source Code/produced_graph/.strict_temporal_loco_checkpoints/ZMB/manifest.json,retained
2.Source Code/produced_graph/.strict_temporal_loco_checkpoints/ZMB/nowcasting_predictions.csv,checkpoint,generated_confirmed,2.Source Code/generate_strict_temporal_leave_one_country_out_robustness.py,2.Source Code/generate_strict_temporal_leave_one_country_out_robustness.py:327-333 path map; 349-357 CSV/json writes and os.replace; 879 checkpoint directory.,Static writer coverage only; no execution or byte-identical regeneration verified.,2.Source Code/produced_graph/.strict_temporal_loco_checkpoints/ZMB/nowcasting_predictions.csv,retained
2.Source Code/produced_graph/Picture1.jpg,artifact,generated_confirmed,2.Source Code/Figure4_Descriptives.ipynb,"0-based cell 1:8 OUTPUT_DIR=Path(""produced_graph""); cell 4:50 plt.savefig(OUTPUT_DIR / ""Picture1.jpg"").",Writer coverage only; no training or reproduction executed.,2.Source Code/produced_graph/Picture1.jpg,retained
2.Source Code/produced_graph/Picture2.jpg,artifact,generated_confirmed,2.Source Code/Figure4_Descriptives.ipynb,"0-based cell 1:8 OUTPUT_DIR=Path(""produced_graph""); cell 6:38 plt.savefig(OUTPUT_DIR / ""Picture2.jpg"").",Writer coverage only; no training or reproduction executed.,2.Source Code/produced_graph/Picture2.jpg,retained
2.Source Code/produced_graph/PictureS2.jpg,artifact,generated_confirmed,2.Source Code/figuresS1_hyperparameter.ipynb,"0-based cell 1:99-100 plt.savefig(""produced_graph/PictureS2.jpg"").",Writer coverage only; no training or reproduction executed.,2.Source Code/produced_graph/PictureS2.jpg,retained
2.Source Code/produced_graph/accuracy_barchart_nature.jpg,artifact,generated_confirmed,2.Source Code/Figure1_multiple_figures.ipynb:342 (cell 6),"fig.savefig('produced_graph/accuracy_barchart_nature.jpg', bbox_inches='tight')","Exact filename and root produced_graph destination; static writer coverage only, no regeneration.",2.Source Code/produced_graph/accuracy_barchart_nature.jpg,retained
2.Source Code/produced_graph/all_prediction_contemporaneous_random_cv_predictions.csv,artifact,generated_confirmed,2.Source Code/generate_all_prediction_evaluation.py:490,"Output directory :34, exact stems :95-100, paths :484-488; predictions.to_csv / audit.to_csv.","Exact filename and root produced_graph destination; static writer coverage only, no regeneration.",2.Source Code/produced_graph/all_prediction_contemporaneous_random_cv_predictions.csv,retained
2.Source Code/produced_graph/all_prediction_contemporaneous_random_cv_source_audit.csv,artifact,generated_confirmed,2.Source Code/generate_all_prediction_evaluation.py:496,"Output directory :34, exact stems :95-100, paths :484-488; predictions.to_csv / audit.to_csv.","Exact filename and root produced_graph destination; static writer coverage only, no regeneration.",2.Source Code/produced_graph/all_prediction_contemporaneous_random_cv_source_audit.csv,retained
2.Source Code/produced_graph/conflict_perturbation_10pct/audit.json,artifact,generated_confirmed,2.Source Code/generate_conflict_perturbation.py,2.Source Code/generate_conflict_perturbation.py:21 output directory; 189 audit.json write_text,Static writer coverage only; no execution or byte-identical regeneration verified. Existing directory is refused at lines 63-64.,2.Source Code/produced_graph/conflict_perturbation_10pct/audit.json,retained
2.Source Code/produced_graph/conflict_perturbation_10pct/forecasting_phase2_model.json,artifact,generated_confirmed,2.Source Code/generate_conflict_perturbation.py,"2.Source Code/generate_conflict_perturbation.py:21 output directory; 174 model.save_model(OUTPUT / f""forecasting_phase{phase}_model.json"")",Static writer coverage only; no execution or byte-identical regeneration verified. Existing directory is refused at lines 63-64.,2.Source Code/produced_graph/conflict_perturbation_10pct/forecasting_phase2_model.json,retained
2.Source Code/produced_graph/conflict_perturbation_10pct/forecasting_phase3_model.json,artifact,generated_confirmed,2.Source Code/generate_conflict_perturbation.py,"2.Source Code/generate_conflict_perturbation.py:21 output directory; 174 model.save_model(OUTPUT / f""forecasting_phase{phase}_model.json"")",Static writer coverage only; no execution or byte-identical regeneration verified. Existing directory is refused at lines 63-64.,2.Source Code/produced_graph/conflict_perturbation_10pct/forecasting_phase3_model.json,retained
2.Source Code/produced_graph/conflict_perturbation_10pct/forecasting_phase4_model.json,artifact,generated_confirmed,2.Source Code/generate_conflict_perturbation.py,"2.Source Code/generate_conflict_perturbation.py:21 output directory; 174 model.save_model(OUTPUT / f""forecasting_phase{phase}_model.json"")",Static writer coverage only; no execution or byte-identical regeneration verified. Existing directory is refused at lines 63-64.,2.Source Code/produced_graph/conflict_perturbation_10pct/forecasting_phase4_model.json,retained
2.Source Code/produced_graph/conflict_perturbation_10pct/forecasting_phase5_model.json,artifact,generated_confirmed,2.Source Code/generate_conflict_perturbation.py,"2.Source Code/generate_conflict_perturbation.py:21 output directory; 174 model.save_model(OUTPUT / f""forecasting_phase{phase}_model.json"")",Static writer coverage only; no execution or byte-identical regeneration verified. Existing directory is refused at lines 63-64.,2.Source Code/produced_graph/conflict_perturbation_10pct/forecasting_phase5_model.json,retained
2.Source Code/produced_graph/conflict_perturbation_10pct/paired_predictions.csv,artifact,generated_confirmed,2.Source Code/generate_conflict_perturbation.py,"2.Source Code/generate_conflict_perturbation.py:21 output directory; 170-172 paired_predictions, phase_transitions, summary_metrics to_csv",Static writer coverage only; no execution or byte-identical regeneration verified. Existing directory is refused at lines 63-64.,2.Source Code/produced_graph/conflict_perturbation_10pct/paired_predictions.csv,retained
2.Source Code/produced_graph/conflict_perturbation_10pct/phase_transitions.csv,artifact,generated_confirmed,2.Source Code/generate_conflict_perturbation.py,"2.Source Code/generate_conflict_perturbation.py:21 output directory; 170-172 paired_predictions, phase_transitions, summary_metrics to_csv",Static writer coverage only; no execution or byte-identical regeneration verified. Existing directory is refused at lines 63-64.,2.Source Code/produced_graph/conflict_perturbation_10pct/phase_transitions.csv,retained
2.Source Code/produced_graph/conflict_perturbation_10pct/summary_metrics.csv,artifact,generated_confirmed,2.Source Code/generate_conflict_perturbation.py,"2.Source Code/generate_conflict_perturbation.py:21 output directory; 170-172 paired_predictions, phase_transitions, summary_metrics to_csv",Static writer coverage only; no execution or byte-identical regeneration verified. Existing directory is refused at lines 63-64.,2.Source Code/produced_graph/conflict_perturbation_10pct/summary_metrics.csv,retained
2.Source Code/produced_graph/direct_phase3_vs_phase45_rescue/direct_phase3_vs_phase45_rescue_benchmark_country_macro_metrics.csv,artifact,generated_confirmed,2.Source Code/generate_direct_phase3_vs_phase45_rescue.py,"2.Source Code/generate_direct_phase3_vs_phase45_rescue.py:3628-3646 payload map and _write_csv(frame, staging_dir / name, CSV_SCHEMAS[name]); 3295 to_csv.",Static writer coverage only; no execution or byte-identical regeneration verified.,2.Source Code/produced_graph/direct_phase3_vs_phase45_rescue/direct_phase3_vs_phase45_rescue_benchmark_country_macro_metrics.csv,retained
2.Source Code/produced_graph/direct_phase3_vs_phase45_rescue/direct_phase3_vs_phase45_rescue_benchmark_pooled_metrics.csv,artifact,generated_confirmed,2.Source Code/generate_direct_phase3_vs_phase45_rescue.py,"2.Source Code/generate_direct_phase3_vs_phase45_rescue.py:3628-3646 payload map and _write_csv(frame, staging_dir / name, CSV_SCHEMAS[name]); 3295 to_csv.",Static writer coverage only; no execution or byte-identical regeneration verified.,2.Source Code/produced_graph/direct_phase3_vs_phase45_rescue/direct_phase3_vs_phase45_rescue_benchmark_pooled_metrics.csv,retained
2.Source Code/produced_graph/direct_phase3_vs_phase45_rescue/direct_phase3_vs_phase45_rescue_benchmark_predictions.csv,artifact,generated_confirmed,2.Source Code/generate_direct_phase3_vs_phase45_rescue.py,"2.Source Code/generate_direct_phase3_vs_phase45_rescue.py:3628-3646 payload map and _write_csv(frame, staging_dir / name, CSV_SCHEMAS[name]); 3295 to_csv.",Static writer coverage only; no execution or byte-identical regeneration verified.,2.Source Code/produced_graph/direct_phase3_vs_phase45_rescue/direct_phase3_vs_phase45_rescue_benchmark_predictions.csv,retained
2.Source Code/produced_graph/direct_phase3_vs_phase45_rescue/direct_phase3_vs_phase45_rescue_binary_confusion_atlas.pdf,artifact,generated_confirmed,2.Source Code/generate_direct_phase3_vs_phase45_rescue.py,2.Source Code/generate_direct_phase3_vs_phase45_rescue.py:3677-3686 render calls with main_comparison and binary_confusion_atlas paths; 2977-2983 figure.savefig.,Static writer coverage only; no execution or byte-identical regeneration verified.,2.Source Code/produced_graph/direct_phase3_vs_phase45_rescue/direct_phase3_vs_phase45_rescue_binary_confusion_atlas.pdf,retained
2.Source Code/produced_graph/direct_phase3_vs_phase45_rescue/direct_phase3_vs_phase45_rescue_binary_confusion_atlas.png,artifact,generated_confirmed,2.Source Code/generate_direct_phase3_vs_phase45_rescue.py,2.Source Code/generate_direct_phase3_vs_phase45_rescue.py:3677-3686 render calls with main_comparison and binary_confusion_atlas paths; 2977-2983 figure.savefig.,Static writer coverage only; no execution or byte-identical regeneration verified.,2.Source Code/produced_graph/direct_phase3_vs_phase45_rescue/direct_phase3_vs_phase45_rescue_binary_confusion_atlas.png,retained
2.Source Code/produced_graph/direct_phase3_vs_phase45_rescue/direct_phase3_vs_phase45_rescue_binary_confusion_matrices.csv,artifact,generated_confirmed,2.Source Code/generate_direct_phase3_vs_phase45_rescue.py,"2.Source Code/generate_direct_phase3_vs_phase45_rescue.py:3628-3646 payload map and _write_csv(frame, staging_dir / name, CSV_SCHEMAS[name]); 3295 to_csv.",Static writer coverage only; no execution or byte-identical regeneration verified.,2.Source Code/produced_graph/direct_phase3_vs_phase45_rescue/direct_phase3_vs_phase45_rescue_binary_confusion_matrices.csv,retained
2.Source Code/produced_graph/direct_phase3_vs_phase45_rescue/direct_phase3_vs_phase45_rescue_bootstrap_draws.csv,artifact,generated_confirmed,2.Source Code/generate_direct_phase3_vs_phase45_rescue.py,"2.Source Code/generate_direct_phase3_vs_phase45_rescue.py:3628-3646 payload map and _write_csv(frame, staging_dir / name, CSV_SCHEMAS[name]); 3295 to_csv.",Static writer coverage only; no execution or byte-identical regeneration verified.,2.Source Code/produced_graph/direct_phase3_vs_phase45_rescue/direct_phase3_vs_phase45_rescue_bootstrap_draws.csv,retained
2.Source Code/produced_graph/direct_phase3_vs_phase45_rescue/direct_phase3_vs_phase45_rescue_bootstrap_summary.csv,artifact,generated_confirmed,2.Source Code/generate_direct_phase3_vs_phase45_rescue.py,"2.Source Code/generate_direct_phase3_vs_phase45_rescue.py:3628-3646 payload map and _write_csv(frame, staging_dir / name, CSV_SCHEMAS[name]); 3295 to_csv.",Static writer coverage only; no execution or byte-identical regeneration verified.,2.Source Code/produced_graph/direct_phase3_vs_phase45_rescue/direct_phase3_vs_phase45_rescue_bootstrap_summary.csv,retained
2.Source Code/produced_graph/direct_phase3_vs_phase45_rescue/direct_phase3_vs_phase45_rescue_configuration.json,artifact,generated_confirmed,2.Source Code/generate_direct_phase3_vs_phase45_rescue.py,"2.Source Code/generate_direct_phase3_vs_phase45_rescue.py:3706 _write_json(configuration, staging_dir / CONFIGURATION_BASENAME); 3304-3307 write_text.",Static writer coverage only; no execution or byte-identical regeneration verified.,2.Source Code/produced_graph/direct_phase3_vs_phase45_rescue/direct_phase3_vs_phase45_rescue_configuration.json,retained
2.Source Code/produced_graph/direct_phase3_vs_phase45_rescue/direct_phase3_vs_phase45_rescue_country_metrics.csv,artifact,generated_confirmed,2.Source Code/generate_direct_phase3_vs_phase45_rescue.py,"2.Source Code/generate_direct_phase3_vs_phase45_rescue.py:3628-3646 payload map and _write_csv(frame, staging_dir / name, CSV_SCHEMAS[name]); 3295 to_csv.",Static writer coverage only; no execution or byte-identical regeneration verified.,2.Source Code/produced_graph/direct_phase3_vs_phase45_rescue/direct_phase3_vs_phase45_rescue_country_metrics.csv,retained
2.Source Code/produced_graph/direct_phase3_vs_phase45_rescue/direct_phase3_vs_phase45_rescue_feature_manifest.csv,artifact,generated_confirmed,2.Source Code/generate_direct_phase3_vs_phase45_rescue.py,"2.Source Code/generate_direct_phase3_vs_phase45_rescue.py:3628-3646 payload map and _write_csv(frame, staging_dir / name, CSV_SCHEMAS[name]); 3295 to_csv.",Static writer coverage only; no execution or byte-identical regeneration verified.,2.Source Code/produced_graph/direct_phase3_vs_phase45_rescue/direct_phase3_vs_phase45_rescue_feature_manifest.csv,retained
2.Source Code/produced_graph/direct_phase3_vs_phase45_rescue/direct_phase3_vs_phase45_rescue_five_class_confusion_matrices.csv,artifact,generated_confirmed,2.Source Code/generate_direct_phase3_vs_phase45_rescue.py,"2.Source Code/generate_direct_phase3_vs_phase45_rescue.py:3628-3646 payload map and _write_csv(frame, staging_dir / name, CSV_SCHEMAS[name]); 3295 to_csv.",Static writer coverage only; no execution or byte-identical regeneration verified.,2.Source Code/produced_graph/direct_phase3_vs_phase45_rescue/direct_phase3_vs_phase45_rescue_five_class_confusion_matrices.csv,retained
2.Source Code/produced_graph/direct_phase3_vs_phase45_rescue/direct_phase3_vs_phase45_rescue_full_balance_forecasting_model.json,artifact,generated_confirmed,2.Source Code/generate_direct_phase3_vs_phase45_rescue.py,2.Source Code/generate_direct_phase3_vs_phase45_rescue.py:2165-2176 dynamic candidate/component paths and _save_published_model; 2081-2082 model.save_model.,Static writer coverage only; no execution or byte-identical regeneration verified.,2.Source Code/produced_graph/direct_phase3_vs_phase45_rescue/direct_phase3_vs_phase45_rescue_full_balance_forecasting_model.json,retained
2.Source Code/produced_graph/direct_phase3_vs_phase45_rescue/direct_phase3_vs_phase45_rescue_full_balance_nowcasting_layer1_model.json,artifact,generated_confirmed,2.Source Code/generate_direct_phase3_vs_phase45_rescue.py,2.Source Code/generate_direct_phase3_vs_phase45_rescue.py:2165-2176 dynamic candidate/component paths and _save_published_model; 2081-2082 model.save_model.,Static writer coverage only; no execution or byte-identical regeneration verified.,2.Source Code/produced_graph/direct_phase3_vs_phase45_rescue/direct_phase3_vs_phase45_rescue_full_balance_nowcasting_layer1_model.json,retained
2.Source Code/produced_graph/direct_phase3_vs_phase45_rescue/direct_phase3_vs_phase45_rescue_full_balance_nowcasting_layer2_model.json,artifact,generated_confirmed,2.Source Code/generate_direct_phase3_vs_phase45_rescue.py,2.Source Code/generate_direct_phase3_vs_phase45_rescue.py:2165-2176 dynamic candidate/component paths and _save_published_model; 2081-2082 model.save_model.,Static writer coverage only; no execution or byte-identical regeneration verified.,2.Source Code/produced_graph/direct_phase3_vs_phase45_rescue/direct_phase3_vs_phase45_rescue_full_balance_nowcasting_layer2_model.json,retained
2.Source Code/produced_graph/direct_phase3_vs_phase45_rescue/direct_phase3_vs_phase45_rescue_gate_pooled_metrics.csv,artifact,generated_confirmed,2.Source Code/generate_direct_phase3_vs_phase45_rescue.py,"2.Source Code/generate_direct_phase3_vs_phase45_rescue.py:3628-3646 payload map and _write_csv(frame, staging_dir / name, CSV_SCHEMAS[name]); 3295 to_csv.",Static writer coverage only; no execution or byte-identical regeneration verified.,2.Source Code/produced_graph/direct_phase3_vs_phase45_rescue/direct_phase3_vs_phase45_rescue_gate_pooled_metrics.csv,retained
2.Source Code/produced_graph/direct_phase3_vs_phase45_rescue/direct_phase3_vs_phase45_rescue_main_comparison.pdf,artifact,generated_confirmed,2.Source Code/generate_direct_phase3_vs_phase45_rescue.py,2.Source Code/generate_direct_phase3_vs_phase45_rescue.py:3677-3686 render calls with main_comparison and binary_confusion_atlas paths; 2977-2983 figure.savefig.,Static writer coverage only; no execution or byte-identical regeneration verified.,2.Source Code/produced_graph/direct_phase3_vs_phase45_rescue/direct_phase3_vs_phase45_rescue_main_comparison.pdf,retained
2.Source Code/produced_graph/direct_phase3_vs_phase45_rescue/direct_phase3_vs_phase45_rescue_main_comparison.png,artifact,generated_confirmed,2.Source Code/generate_direct_phase3_vs_phase45_rescue.py,2.Source Code/generate_direct_phase3_vs_phase45_rescue.py:3677-3686 render calls with main_comparison and binary_confusion_atlas paths; 2977-2983 figure.savefig.,Static writer coverage only; no execution or byte-identical regeneration verified.,2.Source Code/produced_graph/direct_phase3_vs_phase45_rescue/direct_phase3_vs_phase45_rescue_main_comparison.png,retained
2.Source Code/produced_graph/direct_phase3_vs_phase45_rescue/direct_phase3_vs_phase45_rescue_model_audit.csv,artifact,generated_confirmed,2.Source Code/generate_direct_phase3_vs_phase45_rescue.py,"2.Source Code/generate_direct_phase3_vs_phase45_rescue.py:3628-3646 payload map and _write_csv(frame, staging_dir / name, CSV_SCHEMAS[name]); 3295 to_csv.",Static writer coverage only; no execution or byte-identical regeneration verified.,2.Source Code/produced_graph/direct_phase3_vs_phase45_rescue/direct_phase3_vs_phase45_rescue_model_audit.csv,retained
2.Source Code/produced_graph/direct_phase3_vs_phase45_rescue/direct_phase3_vs_phase45_rescue_oof_predictions.csv,artifact,generated_confirmed,2.Source Code/generate_direct_phase3_vs_phase45_rescue.py,"2.Source Code/generate_direct_phase3_vs_phase45_rescue.py:3628-3646 payload map and _write_csv(frame, staging_dir / name, CSV_SCHEMAS[name]); 3295 to_csv.",Static writer coverage only; no execution or byte-identical regeneration verified.,2.Source Code/produced_graph/direct_phase3_vs_phase45_rescue/direct_phase3_vs_phase45_rescue_oof_predictions.csv,retained
2.Source Code/produced_graph/direct_phase3_vs_phase45_rescue/direct_phase3_vs_phase45_rescue_oof_stability.csv,artifact,generated_confirmed,2.Source Code/generate_direct_phase3_vs_phase45_rescue.py,"2.Source Code/generate_direct_phase3_vs_phase45_rescue.py:3628-3646 payload map and _write_csv(frame, staging_dir / name, CSV_SCHEMAS[name]); 3295 to_csv.",Static writer coverage only; no execution or byte-identical regeneration verified.,2.Source Code/produced_graph/direct_phase3_vs_phase45_rescue/direct_phase3_vs_phase45_rescue_oof_stability.csv,retained
2.Source Code/produced_graph/direct_phase3_vs_phase45_rescue/direct_phase3_vs_phase45_rescue_selected_policies.csv,artifact,generated_confirmed,2.Source Code/generate_direct_phase3_vs_phase45_rescue.py,"2.Source Code/generate_direct_phase3_vs_phase45_rescue.py:3628-3646 payload map and _write_csv(frame, staging_dir / name, CSV_SCHEMAS[name]); 3295 to_csv.",Static writer coverage only; no execution or byte-identical regeneration verified.,2.Source Code/produced_graph/direct_phase3_vs_phase45_rescue/direct_phase3_vs_phase45_rescue_selected_policies.csv,retained
2.Source Code/produced_graph/direct_phase3_vs_phase45_rescue/direct_phase3_vs_phase45_rescue_source_audit.csv,artifact,generated_confirmed,2.Source Code/generate_direct_phase3_vs_phase45_rescue.py,"2.Source Code/generate_direct_phase3_vs_phase45_rescue.py:3730-3733 _write_csv(source_audit, staging_dir / PREFIX+source_audit.csv); 3295 to_csv.",Static writer coverage only; no execution or byte-identical regeneration verified.,2.Source Code/produced_graph/direct_phase3_vs_phase45_rescue/direct_phase3_vs_phase45_rescue_source_audit.csv,retained
2.Source Code/produced_graph/direct_phase3_vs_phase45_rescue/direct_phase3_vs_phase45_rescue_sqrt_balance_forecasting_model.json,artifact,generated_confirmed,2.Source Code/generate_direct_phase3_vs_phase45_rescue.py,2.Source Code/generate_direct_phase3_vs_phase45_rescue.py:2165-2176 dynamic candidate/component paths and _save_published_model; 2081-2082 model.save_model.,Static writer coverage only; no execution or byte-identical regeneration verified.,2.Source Code/produced_graph/direct_phase3_vs_phase45_rescue/direct_phase3_vs_phase45_rescue_sqrt_balance_forecasting_model.json,retained
2.Source Code/produced_graph/direct_phase3_vs_phase45_rescue/direct_phase3_vs_phase45_rescue_sqrt_balance_nowcasting_layer1_model.json,artifact,generated_confirmed,2.Source Code/generate_direct_phase3_vs_phase45_rescue.py,2.Source Code/generate_direct_phase3_vs_phase45_rescue.py:2165-2176 dynamic candidate/component paths and _save_published_model; 2081-2082 model.save_model.,Static writer coverage only; no execution or byte-identical regeneration verified.,2.Source Code/produced_graph/direct_phase3_vs_phase45_rescue/direct_phase3_vs_phase45_rescue_sqrt_balance_nowcasting_layer1_model.json,retained
2.Source Code/produced_graph/direct_phase3_vs_phase45_rescue/direct_phase3_vs_phase45_rescue_sqrt_balance_nowcasting_layer2_model.json,artifact,generated_confirmed,2.Source Code/generate_direct_phase3_vs_phase45_rescue.py,2.Source Code/generate_direct_phase3_vs_phase45_rescue.py:2165-2176 dynamic candidate/component paths and _save_published_model; 2081-2082 model.save_model.,Static writer coverage only; no execution or byte-identical regeneration verified.,2.Source Code/produced_graph/direct_phase3_vs_phase45_rescue/direct_phase3_vs_phase45_rescue_sqrt_balance_nowcasting_layer2_model.json,retained
2.Source Code/produced_graph/direct_phase3_vs_phase45_rescue/direct_phase3_vs_phase45_rescue_threshold_frontier.csv,artifact,generated_confirmed,2.Source Code/generate_direct_phase3_vs_phase45_rescue.py,"2.Source Code/generate_direct_phase3_vs_phase45_rescue.py:3628-3646 payload map and _write_csv(frame, staging_dir / name, CSV_SCHEMAS[name]); 3295 to_csv.",Static writer coverage only; no execution or byte-identical regeneration verified.,2.Source Code/produced_graph/direct_phase3_vs_phase45_rescue/direct_phase3_vs_phase45_rescue_threshold_frontier.csv,retained
2.Source Code/produced_graph/direct_phase3_vs_phase45_rescue/direct_phase3_vs_phase45_rescue_unweighted_forecasting_model.json,artifact,generated_confirmed,2.Source Code/generate_direct_phase3_vs_phase45_rescue.py,2.Source Code/generate_direct_phase3_vs_phase45_rescue.py:2165-2176 dynamic candidate/component paths and _save_published_model; 2081-2082 model.save_model.,Static writer coverage only; no execution or byte-identical regeneration verified.,2.Source Code/produced_graph/direct_phase3_vs_phase45_rescue/direct_phase3_vs_phase45_rescue_unweighted_forecasting_model.json,retained
2.Source Code/produced_graph/direct_phase3_vs_phase45_rescue/direct_phase3_vs_phase45_rescue_unweighted_nowcasting_layer1_model.json,artifact,generated_confirmed,2.Source Code/generate_direct_phase3_vs_phase45_rescue.py,2.Source Code/generate_direct_phase3_vs_phase45_rescue.py:2165-2176 dynamic candidate/component paths and _save_published_model; 2081-2082 model.save_model.,Static writer coverage only; no execution or byte-identical regeneration verified.,2.Source Code/produced_graph/direct_phase3_vs_phase45_rescue/direct_phase3_vs_phase45_rescue_unweighted_nowcasting_layer1_model.json,retained
2.Source Code/produced_graph/direct_phase3_vs_phase45_rescue/direct_phase3_vs_phase45_rescue_unweighted_nowcasting_layer2_model.json,artifact,generated_confirmed,2.Source Code/generate_direct_phase3_vs_phase45_rescue.py,2.Source Code/generate_direct_phase3_vs_phase45_rescue.py:2165-2176 dynamic candidate/component paths and _save_published_model; 2081-2082 model.save_model.,Static writer coverage only; no execution or byte-identical regeneration verified.,2.Source Code/produced_graph/direct_phase3_vs_phase45_rescue/direct_phase3_vs_phase45_rescue_unweighted_nowcasting_layer2_model.json,retained
2.Source Code/produced_graph/direct_phase3_vs_phase45_rescue_contemporaneous/direct_phase3_vs_phase45_rescue_contemporaneous_binary_confusion_matrices.csv,artifact,generated_confirmed,2.Source Code/generate_direct_phase3_vs_phase45_rescue_contemporaneous.py,2.Source Code/generate_direct_phase3_vs_phase45_rescue_contemporaneous.py:822-833 payload map and rescue._write_csv; 840 configuration _write_json; 860-861 source audit _write_csv; shared helpers generate_direct_phase3_vs_phase45_rescue.py:3290-3307.,Static writer coverage only; no execution or byte-identical regeneration verified.,2.Source Code/produced_graph/direct_phase3_vs_phase45_rescue_contemporaneous/direct_phase3_vs_phase45_rescue_contemporaneous_binary_confusion_matrices.csv,retained
2.Source Code/produced_graph/direct_phase3_vs_phase45_rescue_contemporaneous/direct_phase3_vs_phase45_rescue_contemporaneous_configuration.json,artifact,generated_confirmed,2.Source Code/generate_direct_phase3_vs_phase45_rescue_contemporaneous.py,2.Source Code/generate_direct_phase3_vs_phase45_rescue_contemporaneous.py:822-833 payload map and rescue._write_csv; 840 configuration _write_json; 860-861 source audit _write_csv; shared helpers generate_direct_phase3_vs_phase45_rescue.py:3290-3307.,Static writer coverage only; no execution or byte-identical regeneration verified.,2.Source Code/produced_graph/direct_phase3_vs_phase45_rescue_contemporaneous/direct_phase3_vs_phase45_rescue_contemporaneous_configuration.json,retained
2.Source Code/produced_graph/direct_phase3_vs_phase45_rescue_contemporaneous/direct_phase3_vs_phase45_rescue_contemporaneous_feature_manifest.csv,artifact,generated_confirmed,2.Source Code/generate_direct_phase3_vs_phase45_rescue_contemporaneous.py,2.Source Code/generate_direct_phase3_vs_phase45_rescue_contemporaneous.py:822-833 payload map and rescue._write_csv; 840 configuration _write_json; 860-861 source audit _write_csv; shared helpers generate_direct_phase3_vs_phase45_rescue.py:3290-3307.,Static writer coverage only; no execution or byte-identical regeneration verified.,2.Source Code/produced_graph/direct_phase3_vs_phase45_rescue_contemporaneous/direct_phase3_vs_phase45_rescue_contemporaneous_feature_manifest.csv,retained
2.Source Code/produced_graph/direct_phase3_vs_phase45_rescue_contemporaneous/direct_phase3_vs_phase45_rescue_contemporaneous_five_class_confusion_matrices.csv,artifact,generated_confirmed,2.Source Code/generate_direct_phase3_vs_phase45_rescue_contemporaneous.py,2.Source Code/generate_direct_phase3_vs_phase45_rescue_contemporaneous.py:822-833 payload map and rescue._write_csv; 840 configuration _write_json; 860-861 source audit _write_csv; shared helpers generate_direct_phase3_vs_phase45_rescue.py:3290-3307.,Static writer coverage only; no execution or byte-identical regeneration verified.,2.Source Code/produced_graph/direct_phase3_vs_phase45_rescue_contemporaneous/direct_phase3_vs_phase45_rescue_contemporaneous_five_class_confusion_matrices.csv,retained
2.Source Code/produced_graph/direct_phase3_vs_phase45_rescue_contemporaneous/direct_phase3_vs_phase45_rescue_contemporaneous_gate_pooled_metrics.csv,artifact,generated_confirmed,2.Source Code/generate_direct_phase3_vs_phase45_rescue_contemporaneous.py,2.Source Code/generate_direct_phase3_vs_phase45_rescue_contemporaneous.py:822-833 payload map and rescue._write_csv; 840 configuration _write_json; 860-861 source audit _write_csv; shared helpers generate_direct_phase3_vs_phase45_rescue.py:3290-3307.,Static writer coverage only; no execution or byte-identical regeneration verified.,2.Source Code/produced_graph/direct_phase3_vs_phase45_rescue_contemporaneous/direct_phase3_vs_phase45_rescue_contemporaneous_gate_pooled_metrics.csv,retained
2.Source Code/produced_graph/direct_phase3_vs_phase45_rescue_contemporaneous/direct_phase3_vs_phase45_rescue_contemporaneous_model_audit.csv,artifact,generated_confirmed,2.Source Code/generate_direct_phase3_vs_phase45_rescue_contemporaneous.py,2.Source Code/generate_direct_phase3_vs_phase45_rescue_contemporaneous.py:822-833 payload map and rescue._write_csv; 840 configuration _write_json; 860-861 source audit _write_csv; shared helpers generate_direct_phase3_vs_phase45_rescue.py:3290-3307.,Static writer coverage only; no execution or byte-identical regeneration verified.,2.Source Code/produced_graph/direct_phase3_vs_phase45_rescue_contemporaneous/direct_phase3_vs_phase45_rescue_contemporaneous_model_audit.csv,retained
2.Source Code/produced_graph/direct_phase3_vs_phase45_rescue_contemporaneous/direct_phase3_vs_phase45_rescue_contemporaneous_oof_predictions.csv,artifact,generated_confirmed,2.Source Code/generate_direct_phase3_vs_phase45_rescue_contemporaneous.py,2.Source Code/generate_direct_phase3_vs_phase45_rescue_contemporaneous.py:822-833 payload map and rescue._write_csv; 840 configuration _write_json; 860-861 source audit _write_csv; shared helpers generate_direct_phase3_vs_phase45_rescue.py:3290-3307.,Static writer coverage only; no execution or byte-identical regeneration verified.,2.Source Code/produced_graph/direct_phase3_vs_phase45_rescue_contemporaneous/direct_phase3_vs_phase45_rescue_contemporaneous_oof_predictions.csv,retained
2.Source Code/produced_graph/direct_phase3_vs_phase45_rescue_contemporaneous/direct_phase3_vs_phase45_rescue_contemporaneous_selected_policies.csv,artifact,generated_confirmed,2.Source Code/generate_direct_phase3_vs_phase45_rescue_contemporaneous.py,2.Source Code/generate_direct_phase3_vs_phase45_rescue_contemporaneous.py:822-833 payload map and rescue._write_csv; 840 configuration _write_json; 860-861 source audit _write_csv; shared helpers generate_direct_phase3_vs_phase45_rescue.py:3290-3307.,Static writer coverage only; no execution or byte-identical regeneration verified.,2.Source Code/produced_graph/direct_phase3_vs_phase45_rescue_contemporaneous/direct_phase3_vs_phase45_rescue_contemporaneous_selected_policies.csv,retained
2.Source Code/produced_graph/direct_phase3_vs_phase45_rescue_contemporaneous/direct_phase3_vs_phase45_rescue_contemporaneous_source_audit.csv,artifact,generated_confirmed,2.Source Code/generate_direct_phase3_vs_phase45_rescue_contemporaneous.py,2.Source Code/generate_direct_phase3_vs_phase45_rescue_contemporaneous.py:822-833 payload map and rescue._write_csv; 840 configuration _write_json; 860-861 source audit _write_csv; shared helpers generate_direct_phase3_vs_phase45_rescue.py:3290-3307.,Static writer coverage only; no execution or byte-identical regeneration verified.,2.Source Code/produced_graph/direct_phase3_vs_phase45_rescue_contemporaneous/direct_phase3_vs_phase45_rescue_contemporaneous_source_audit.csv,retained
2.Source Code/produced_graph/direct_phase3_vs_phase45_rescue_contemporaneous/direct_phase3_vs_phase45_rescue_contemporaneous_threshold_frontier.csv,artifact,generated_confirmed,2.Source Code/generate_direct_phase3_vs_phase45_rescue_contemporaneous.py,2.Source Code/generate_direct_phase3_vs_phase45_rescue_contemporaneous.py:822-833 payload map and rescue._write_csv; 840 configuration _write_json; 860-861 source audit _write_csv; shared helpers generate_direct_phase3_vs_phase45_rescue.py:3290-3307.,Static writer coverage only; no execution or byte-identical regeneration verified.,2.Source Code/produced_graph/direct_phase3_vs_phase45_rescue_contemporaneous/direct_phase3_vs_phase45_rescue_contemporaneous_threshold_frontier.csv,retained
2.Source Code/produced_graph/direct_phase3_vs_phase45_rescue_five_class_confusion/direct_phase3_vs_phase45_rescue_five_class_confusion_atlas.pdf,artifact,generated_confirmed,2.Source Code/generate_direct_phase3_vs_phase45_rescue_five_class_confusion.py,2.Source Code/generate_direct_phase3_vs_phase45_rescue_five_class_confusion.py:53-59 output directory and PDF/PNG names; 637-644 figure.savefig(output_dir / OUTPUT_PDF or OUTPUT_PNG).,Static writer coverage only; no execution or byte-identical regeneration verified.,2.Source Code/produced_graph/direct_phase3_vs_phase45_rescue_five_class_confusion/direct_phase3_vs_phase45_rescue_five_class_confusion_atlas.pdf,retained
2.Source Code/produced_graph/direct_phase3_vs_phase45_rescue_five_class_confusion/direct_phase3_vs_phase45_rescue_five_class_confusion_atlas.png,artifact,generated_confirmed,2.Source Code/generate_direct_phase3_vs_phase45_rescue_five_class_confusion.py,2.Source Code/generate_direct_phase3_vs_phase45_rescue_five_class_confusion.py:53-59 output directory and PDF/PNG names; 637-644 figure.savefig(output_dir / OUTPUT_PDF or OUTPUT_PNG).,Static writer coverage only; no execution or byte-identical regeneration verified.,2.Source Code/produced_graph/direct_phase3_vs_phase45_rescue_five_class_confusion/direct_phase3_vs_phase45_rescue_five_class_confusion_atlas.png,retained
2.Source Code/produced_graph/ipc_flowchart_final_nature.jpg,artifact,manual_artwork,2.Source Code/Figure3_Flowchart.ipynb:129 (cell 2),"output_filename is exact stem; output_format=jpg; dot.render(output_filename, view=False, format=output_format, cleanup=True)","Manual flowchart exemption. Writer uses bare filename, not produced_graph; requires working directory or copying step to match artifact location.",2.Source Code/produced_graph/ipc_flowchart_final_nature.jpg,retained
2.Source Code/produced_graph/ipc_flowchart_rules_transparent_cluster.jpg,artifact,manual_artwork,2.Source Code/Figure3_Flowchart.ipynb:280 (cell 3),"output_filename is exact stem; output_format=jpg; dot.render(output_filename, view=False, format=output_format, cleanup=True)","Manual flowchart exemption. Writer uses bare filename, not produced_graph; requires working directory or copying step to match artifact location.",2.Source Code/produced_graph/ipc_flowchart_rules_transparent_cluster.jpg,retained
2.Source Code/produced_graph/leave_area_out_20pct_fivefold_area_folds.csv,artifact,generated_confirmed,2.Source Code/generate_leave_area_out_20pct_fivefold_robustness.py:537,"Exact FINAL_FILENAMES :38-43; output_dir :36; paths :536; to_csv(paths[key], index=False).","Exact filename and root produced_graph destination; static writer coverage only, no regeneration. Imported area_holdout and loco modules and configured source/parameter files exist.",2.Source Code/produced_graph/leave_area_out_20pct_fivefold_area_folds.csv,retained
2.Source Code/produced_graph/leave_area_out_20pct_fivefold_fold_metrics.csv,artifact,generated_confirmed,2.Source Code/generate_leave_area_out_20pct_fivefold_robustness.py:540,"Exact FINAL_FILENAMES :38-43; output_dir :36; paths :536; to_csv(paths[key], index=False).","Exact filename and root produced_graph destination; static writer coverage only, no regeneration. Imported area_holdout and loco modules and configured source/parameter files exist.",2.Source Code/produced_graph/leave_area_out_20pct_fivefold_fold_metrics.csv,retained
2.Source Code/produced_graph/leave_area_out_20pct_fivefold_forecasting_predictions.csv,artifact,generated_confirmed,2.Source Code/generate_leave_area_out_20pct_fivefold_robustness.py:538,"Exact FINAL_FILENAMES :38-43; output_dir :36; paths :536; to_csv(paths[key], index=False).","Exact filename and root produced_graph destination; static writer coverage only, no regeneration. Imported area_holdout and loco modules and configured source/parameter files exist.",2.Source Code/produced_graph/leave_area_out_20pct_fivefold_forecasting_predictions.csv,retained
2.Source Code/produced_graph/leave_area_out_20pct_fivefold_metrics.csv,artifact,generated_confirmed,2.Source Code/generate_leave_area_out_20pct_fivefold_robustness.py:541,"Exact FINAL_FILENAMES :38-43; output_dir :36; paths :536; to_csv(paths[key], index=False).","Exact filename and root produced_graph destination; static writer coverage only, no regeneration. Imported area_holdout and loco modules and configured source/parameter files exist.",2.Source Code/produced_graph/leave_area_out_20pct_fivefold_metrics.csv,retained
2.Source Code/produced_graph/leave_area_out_20pct_fivefold_nowcasting_predictions.csv,artifact,generated_confirmed,2.Source Code/generate_leave_area_out_20pct_fivefold_robustness.py:539,"Exact FINAL_FILENAMES :38-43; output_dir :36; paths :536; to_csv(paths[key], index=False).","Exact filename and root produced_graph destination; static writer coverage only, no regeneration. Imported area_holdout and loco modules and configured source/parameter files exist.",2.Source Code/produced_graph/leave_area_out_20pct_fivefold_nowcasting_predictions.csv,retained
2.Source Code/produced_graph/leave_area_out_20pct_fivefold_source_audit.csv,artifact,generated_confirmed,2.Source Code/generate_leave_area_out_20pct_fivefold_robustness.py:556,"Exact FINAL_FILENAMES :38-43; output_dir :36; paths :536; to_csv(paths[key], index=False).","Exact filename and root produced_graph destination; static writer coverage only, no regeneration. Imported area_holdout and loco modules and configured source/parameter files exist.",2.Source Code/produced_graph/leave_area_out_20pct_fivefold_source_audit.csv,retained
2.Source Code/produced_graph/leave_area_out_20pct_random_cv_area_folds.csv,artifact,generated_confirmed,2.Source Code/generate_leave_area_out_20pct_random_cv.py:455,"Exact FINAL_FILENAMES :35-40; output_dir :33; paths :454; to_csv(paths[key], index=False).","Exact filename and root produced_graph destination; static writer coverage only, no regeneration. Imported area_holdout and loco modules and configured source/parameter files exist.",2.Source Code/produced_graph/leave_area_out_20pct_random_cv_area_folds.csv,retained
2.Source Code/produced_graph/leave_area_out_20pct_random_cv_fold_metrics.csv,artifact,generated_confirmed,2.Source Code/generate_leave_area_out_20pct_random_cv.py:458,"Exact FINAL_FILENAMES :35-40; output_dir :33; paths :454; to_csv(paths[key], index=False).","Exact filename and root produced_graph destination; static writer coverage only, no regeneration. Imported area_holdout and loco modules and configured source/parameter files exist.",2.Source Code/produced_graph/leave_area_out_20pct_random_cv_fold_metrics.csv,retained
2.Source Code/produced_graph/leave_area_out_20pct_random_cv_forecasting_predictions.csv,artifact,generated_confirmed,2.Source Code/generate_leave_area_out_20pct_random_cv.py:456,"Exact FINAL_FILENAMES :35-40; output_dir :33; paths :454; to_csv(paths[key], index=False).","Exact filename and root produced_graph destination; static writer coverage only, no regeneration. Imported area_holdout and loco modules and configured source/parameter files exist.",2.Source Code/produced_graph/leave_area_out_20pct_random_cv_forecasting_predictions.csv,retained
2.Source Code/produced_graph/leave_area_out_20pct_random_cv_metrics.csv,artifact,generated_confirmed,2.Source Code/generate_leave_area_out_20pct_random_cv.py:459,"Exact FINAL_FILENAMES :35-40; output_dir :33; paths :454; to_csv(paths[key], index=False).","Exact filename and root produced_graph destination; static writer coverage only, no regeneration. Imported area_holdout and loco modules and configured source/parameter files exist.",2.Source Code/produced_graph/leave_area_out_20pct_random_cv_metrics.csv,retained
2.Source Code/produced_graph/leave_area_out_20pct_random_cv_nowcasting_predictions.csv,artifact,generated_confirmed,2.Source Code/generate_leave_area_out_20pct_random_cv.py:457,"Exact FINAL_FILENAMES :35-40; output_dir :33; paths :454; to_csv(paths[key], index=False).","Exact filename and root produced_graph destination; static writer coverage only, no regeneration. Imported area_holdout and loco modules and configured source/parameter files exist.",2.Source Code/produced_graph/leave_area_out_20pct_random_cv_nowcasting_predictions.csv,retained
2.Source Code/produced_graph/leave_area_out_20pct_random_cv_source_audit.csv,artifact,generated_confirmed,2.Source Code/generate_leave_area_out_20pct_random_cv.py:470,"Exact FINAL_FILENAMES :35-40; output_dir :33; paths :454; to_csv(paths[key], index=False).","Exact filename and root produced_graph destination; static writer coverage only, no regeneration. Imported area_holdout and loco modules and configured source/parameter files exist.",2.Source Code/produced_graph/leave_area_out_20pct_random_cv_source_audit.csv,retained
2.Source Code/produced_graph/main_result_figure1_v1.csv,artifact,generated_confirmed,2.Source Code/main_result_figure1_v1.py:295,write_manifest_artifacts: exact output names :273-274; default directory :18; json_path.write_text or csv.DictWriter/writeheader/writerow :295-305.,"Exact filename and root produced_graph destination; static writer coverage only, no regeneration.",2.Source Code/produced_graph/main_result_figure1_v1.csv,retained
2.Source Code/produced_graph/main_result_figure1_v1.json,artifact,generated_confirmed,2.Source Code/main_result_figure1_v1.py:275,write_manifest_artifacts: exact output names :273-274; default directory :18; json_path.write_text or csv.DictWriter/writeheader/writerow :295-305.,"Exact filename and root produced_graph destination; static writer coverage only, no regeneration.",2.Source Code/produced_graph/main_result_figure1_v1.json,retained
2.Source Code/produced_graph/missingness_sensitivity/archive/2026-09-03_pre_54row_rerun/missingness_sensitivity_curves.pdf,artifact,historical_writer_found,2.Source Code/generate_missingness_sensitivity.py at git commit 1fa8c42,Historical write_outputs:1210-1216 to_csv; :1219-1224 PDF savefig; :1227-1232 PNG savefig. Current working-tree write_outputs:1541-1592 only writes revised CSV outputs.,"Historical CSV exactly matches git 1fa8c42 artifact bytes. Archived PNG/PDF differ from files at that commit, so exact figure version remains unverified. Historical writer is available in Git, not an exact reproduction guarantee.",2.Source Code/produced_graph/missingness_sensitivity/archive/2026-09-03_pre_54row_rerun/missingness_sensitivity_curves.pdf,existing_archive
2.Source Code/produced_graph/missingness_sensitivity/archive/2026-09-03_pre_54row_rerun/missingness_sensitivity_curves.png,artifact,historical_writer_found,2.Source Code/generate_missingness_sensitivity.py at git commit 1fa8c42,Historical write_outputs:1210-1216 to_csv; :1219-1224 PDF savefig; :1227-1232 PNG savefig. Current working-tree write_outputs:1541-1592 only writes revised CSV outputs.,"Historical CSV exactly matches git 1fa8c42 artifact bytes. Archived PNG/PDF differ from files at that commit, so exact figure version remains unverified. Historical writer is available in Git, not an exact reproduction guarantee.",2.Source Code/produced_graph/missingness_sensitivity/archive/2026-09-03_pre_54row_rerun/missingness_sensitivity_curves.png,existing_archive
2.Source Code/produced_graph/missingness_sensitivity/archive/2026-09-03_pre_54row_rerun/missingness_sensitivity_metrics.csv,artifact,historical_writer_found,2.Source Code/generate_missingness_sensitivity.py at git commit 1fa8c42,Historical write_outputs:1210-1216 to_csv; :1219-1224 PDF savefig; :1227-1232 PNG savefig. Current working-tree write_outputs:1541-1592 only writes revised CSV outputs.,"Historical CSV exactly matches git 1fa8c42 artifact bytes. Archived PNG/PDF differ from files at that commit, so exact figure version remains unverified. Historical writer is available in Git, not an exact reproduction guarantee.",2.Source Code/produced_graph/missingness_sensitivity/archive/2026-09-03_pre_54row_rerun/missingness_sensitivity_metrics.csv,existing_archive
2.Source Code/produced_graph/missingness_sensitivity/conflict_missingness_balance_test.csv,artifact,generated_confirmed,2.Source Code/generate_conflict_missingness_balance.py,"2.Source Code/generate_conflict_missingness_balance.py:17-21 output path; 189 result.to_csv(staged); 191 os.replace(staged, OUTPUT_PATH).",Static writer coverage only; no execution or byte-identical regeneration verified.,2.Source Code/produced_graph/missingness_sensitivity/conflict_missingness_balance_test.csv,retained
2.Source Code/produced_graph/missingness_sensitivity/missing_indicator_baseline_comparison_metrics.csv,artifact,generated_confirmed,2.Source Code/generate_missingness_sensitivity.py,2.Source Code/generate_missingness_sensitivity.py:40-41 metric filenames; 1548-1554 removal/indicator split; 1561/1568 to_csv; 1586-1591 final paths and replace_with_retry.,Static writer coverage only; no execution or byte-identical regeneration verified.,2.Source Code/produced_graph/missingness_sensitivity/missing_indicator_baseline_comparison_metrics.csv,retained
2.Source Code/produced_graph/missingness_sensitivity/missingness_sensitivity_metrics.csv,artifact,generated_confirmed,2.Source Code/generate_missingness_sensitivity.py,2.Source Code/generate_missingness_sensitivity.py:40-41 metric filenames; 1548-1554 removal/indicator split; 1561/1568 to_csv; 1586-1591 final paths and replace_with_retry.,Static writer coverage only; no execution or byte-identical regeneration verified.,2.Source Code/produced_graph/missingness_sensitivity/missingness_sensitivity_metrics.csv,retained
2.Source Code/produced_graph/multinomial_baseline_forecasting_predictions.csv,artifact,generated_confirmed,2.Source Code/generate_multinomial_baseline_comparison.py:493,"Default directory :33; exact paths :481-486; to_csv(paths[key], index=False).","Exact filename and root produced_graph destination; static writer coverage only, no regeneration.",2.Source Code/produced_graph/multinomial_baseline_forecasting_predictions.csv,retained
2.Source Code/produced_graph/multinomial_baseline_metrics.csv,artifact,generated_confirmed,2.Source Code/generate_multinomial_baseline_comparison.py:491,"Default directory :33; exact paths :481-486; to_csv(paths[key], index=False).","Exact filename and root produced_graph destination; static writer coverage only, no regeneration.",2.Source Code/produced_graph/multinomial_baseline_metrics.csv,retained
2.Source Code/produced_graph/multinomial_baseline_nowcasting_predictions.csv,artifact,generated_confirmed,2.Source Code/generate_multinomial_baseline_comparison.py:494,"Default directory :33; exact paths :481-486; to_csv(paths[key], index=False).","Exact filename and root produced_graph destination; static writer coverage only, no regeneration.",2.Source Code/produced_graph/multinomial_baseline_nowcasting_predictions.csv,retained
2.Source Code/produced_graph/multinomial_baseline_source_audit.csv,artifact,generated_confirmed,2.Source Code/generate_multinomial_baseline_comparison.py:492,"Default directory :33; exact paths :481-486; to_csv(paths[key], index=False).","Exact filename and root produced_graph destination; static writer coverage only, no regeneration.",2.Source Code/produced_graph/multinomial_baseline_source_audit.csv,retained
2.Source Code/produced_graph/nature_style_comparison_yellow_fit_textR2.jpg,artifact,generated_confirmed,2.Source Code/Figure1_multiple_figures.ipynb,0-based cell 4:168 fig.savefig exact produced_graph path; neighboring PDF/SVG writes commented but JPG active.,Writer coverage only; no training or reproduction executed.,2.Source Code/produced_graph/nature_style_comparison_yellow_fit_textR2.jpg,retained
2.Source Code/produced_graph/persistence_baseline_forecasting_predictions.csv,artifact,generated_confirmed,2.Source Code/generate_persistence_baseline_comparison.py,457-470: paths define exact filenames; metrics/audit/forecasting/nowcasting.to_csv(paths[...]).,Writer coverage only; no training or reproduction executed. Audit generator_sha256 matches current script. Default country lookup at lines 31-32 points outside package to 0.Archived/new_merge_0108_with_country_code.csv; mounted Windows path exists locally.,2.Source Code/produced_graph/persistence_baseline_forecasting_predictions.csv,retained
2.Source Code/produced_graph/persistence_baseline_metrics.csv,artifact,generated_confirmed,2.Source Code/generate_persistence_baseline_comparison.py,457-470: paths define exact filenames; metrics/audit/forecasting/nowcasting.to_csv(paths[...]).,Writer coverage only; no training or reproduction executed. Audit generator_sha256 matches current script. Default country lookup at lines 31-32 points outside package to 0.Archived/new_merge_0108_with_country_code.csv; mounted Windows path exists locally.,2.Source Code/produced_graph/persistence_baseline_metrics.csv,retained
2.Source Code/produced_graph/persistence_baseline_nowcasting_predictions.csv,artifact,generated_confirmed,2.Source Code/generate_persistence_baseline_comparison.py,457-470: paths define exact filenames; metrics/audit/forecasting/nowcasting.to_csv(paths[...]).,Writer coverage only; no training or reproduction executed. Audit generator_sha256 matches current script. Default country lookup at lines 31-32 points outside package to 0.Archived/new_merge_0108_with_country_code.csv; mounted Windows path exists locally.,2.Source Code/produced_graph/persistence_baseline_nowcasting_predictions.csv,retained
2.Source Code/produced_graph/persistence_baseline_source_audit.csv,artifact,generated_confirmed,2.Source Code/generate_persistence_baseline_comparison.py,457-470: paths define exact filenames; metrics/audit/forecasting/nowcasting.to_csv(paths[...]).,Writer coverage only; no training or reproduction executed. Audit generator_sha256 matches current script. Default country lookup at lines 31-32 points outside package to 0.Archived/new_merge_0108_with_country_code.csv; mounted Windows path exists locally.,2.Source Code/produced_graph/persistence_baseline_source_audit.csv,retained
2.Source Code/produced_graph/phase3plus_precision_recall_simple_baseline_comparison.jpg,artifact,generated_confirmed,2.Source Code/generate_simple_baseline_comparison.py,80-87 OUTPUT_FILENAMES; 957-975 savefig; 1859-1865 _write_dataframe/to_csv; 2084-2116 stage exact CSVs; 2125+ publish to output_dir.,Writer coverage only; no training or reproduction executed. Audit generator_sha256 matches current script.,2.Source Code/produced_graph/phase3plus_precision_recall_simple_baseline_comparison.jpg,retained
2.Source Code/produced_graph/phase3plus_precision_recall_simple_baseline_comparison.pdf,artifact,generated_confirmed,2.Source Code/generate_simple_baseline_comparison.py,80-87 OUTPUT_FILENAMES; 957-975 savefig; 1859-1865 _write_dataframe/to_csv; 2084-2116 stage exact CSVs; 2125+ publish to output_dir.,Writer coverage only; no training or reproduction executed. Audit generator_sha256 matches current script.,2.Source Code/produced_graph/phase3plus_precision_recall_simple_baseline_comparison.pdf,retained
2.Source Code/produced_graph/phase3plus_precision_recall_simple_baseline_comparison.png,artifact,generated_confirmed,2.Source Code/generate_simple_baseline_comparison.py,80-87 OUTPUT_FILENAMES; 957-975 savefig; 1859-1865 _write_dataframe/to_csv; 2084-2116 stage exact CSVs; 2125+ publish to output_dir.,Writer coverage only; no training or reproduction executed. Audit generator_sha256 matches current script.,2.Source Code/produced_graph/phase3plus_precision_recall_simple_baseline_comparison.png,retained
2.Source Code/produced_graph/phase4_rescue_classifier/phase4_rescue_benchmark_predictions.csv,artifact,generated_confirmed,2.Source Code/generate_phase4_rescue_classifier.py,"2.Source Code/generate_phase4_rescue_classifier.py:2712-2726 csv_payloads map and _write_csv(frame, staging_dir / name, columns); 2352 to_csv.",Static writer coverage only; no execution or byte-identical regeneration verified.,2.Source Code/produced_graph/phase4_rescue_classifier/phase4_rescue_benchmark_predictions.csv,retained
2.Source Code/produced_graph/phase4_rescue_classifier/phase4_rescue_bootstrap_draws.csv,artifact,generated_confirmed,2.Source Code/generate_phase4_rescue_classifier.py,"2.Source Code/generate_phase4_rescue_classifier.py:2712-2726 csv_payloads map and _write_csv(frame, staging_dir / name, columns); 2352 to_csv.",Static writer coverage only; no execution or byte-identical regeneration verified.,2.Source Code/produced_graph/phase4_rescue_classifier/phase4_rescue_bootstrap_draws.csv,retained
2.Source Code/produced_graph/phase4_rescue_classifier/phase4_rescue_bootstrap_summary.csv,artifact,generated_confirmed,2.Source Code/generate_phase4_rescue_classifier.py,"2.Source Code/generate_phase4_rescue_classifier.py:2712-2726 csv_payloads map and _write_csv(frame, staging_dir / name, columns); 2352 to_csv.",Static writer coverage only; no execution or byte-identical regeneration verified.,2.Source Code/produced_graph/phase4_rescue_classifier/phase4_rescue_bootstrap_summary.csv,retained
2.Source Code/produced_graph/phase4_rescue_classifier/phase4_rescue_configuration.json,artifact,generated_confirmed,2.Source Code/generate_phase4_rescue_classifier.py,"2.Source Code/generate_phase4_rescue_classifier.py:2741 _write_json(configuration, staging_dir / phase4_rescue_configuration.json); 2362 write_text.",Static writer coverage only; no execution or byte-identical regeneration verified.,2.Source Code/produced_graph/phase4_rescue_classifier/phase4_rescue_configuration.json,retained
2.Source Code/produced_graph/phase4_rescue_classifier/phase4_rescue_confusion_matrices.csv,artifact,generated_confirmed,2.Source Code/generate_phase4_rescue_classifier.py,"2.Source Code/generate_phase4_rescue_classifier.py:2712-2726 csv_payloads map and _write_csv(frame, staging_dir / name, columns); 2352 to_csv.",Static writer coverage only; no execution or byte-identical regeneration verified.,2.Source Code/produced_graph/phase4_rescue_classifier/phase4_rescue_confusion_matrices.csv,retained
2.Source Code/produced_graph/phase4_rescue_classifier/phase4_rescue_direct_forecasting_model.json,artifact,generated_confirmed,2.Source Code/generate_phase4_rescue_classifier.py,2.Source Code/generate_phase4_rescue_classifier.py:1297-1309 explicit direct model paths and save_model.,Static writer coverage only; no execution or byte-identical regeneration verified.,2.Source Code/produced_graph/phase4_rescue_classifier/phase4_rescue_direct_forecasting_model.json,retained
2.Source Code/produced_graph/phase4_rescue_classifier/phase4_rescue_direct_nowcasting_layer1_model.json,artifact,generated_confirmed,2.Source Code/generate_phase4_rescue_classifier.py,2.Source Code/generate_phase4_rescue_classifier.py:1297-1309 explicit direct model paths and save_model.,Static writer coverage only; no execution or byte-identical regeneration verified.,2.Source Code/produced_graph/phase4_rescue_classifier/phase4_rescue_direct_nowcasting_layer1_model.json,retained
2.Source Code/produced_graph/phase4_rescue_classifier/phase4_rescue_direct_nowcasting_layer2_model.json,artifact,generated_confirmed,2.Source Code/generate_phase4_rescue_classifier.py,2.Source Code/generate_phase4_rescue_classifier.py:1297-1309 explicit direct model paths and save_model.,Static writer coverage only; no execution or byte-identical regeneration verified.,2.Source Code/produced_graph/phase4_rescue_classifier/phase4_rescue_direct_nowcasting_layer2_model.json,retained
2.Source Code/produced_graph/phase4_rescue_classifier/phase4_rescue_feature_manifest.csv,artifact,generated_confirmed,2.Source Code/generate_phase4_rescue_classifier.py,"2.Source Code/generate_phase4_rescue_classifier.py:2712-2726 csv_payloads map and _write_csv(frame, staging_dir / name, columns); 2352 to_csv.",Static writer coverage only; no execution or byte-identical regeneration verified.,2.Source Code/produced_graph/phase4_rescue_classifier/phase4_rescue_feature_manifest.csv,retained
2.Source Code/produced_graph/phase4_rescue_classifier/phase4_rescue_forecasting_model.json,artifact,generated_confirmed,2.Source Code/generate_phase4_rescue_classifier.py,2.Source Code/generate_phase4_rescue_classifier.py:1223-1227 task-specific path; 1230 sentinel write_text or 1249 model.save_model.,Static writer coverage only; no execution or byte-identical regeneration verified.,2.Source Code/produced_graph/phase4_rescue_classifier/phase4_rescue_forecasting_model.json,retained
2.Source Code/produced_graph/phase4_rescue_classifier/phase4_rescue_main_comparison.pdf,artifact,generated_confirmed,2.Source Code/generate_phase4_rescue_classifier.py,2.Source Code/generate_phase4_rescue_classifier.py:2727-2731 render_main_comparison_figure with PDF/PNG paths; 2342-2343 figure.savefig.,Static writer coverage only; no execution or byte-identical regeneration verified.,2.Source Code/produced_graph/phase4_rescue_classifier/phase4_rescue_main_comparison.pdf,retained
2.Source Code/produced_graph/phase4_rescue_classifier/phase4_rescue_main_comparison.png,artifact,generated_confirmed,2.Source Code/generate_phase4_rescue_classifier.py,2.Source Code/generate_phase4_rescue_classifier.py:2727-2731 render_main_comparison_figure with PDF/PNG paths; 2342-2343 figure.savefig.,Static writer coverage only; no execution or byte-identical regeneration verified.,2.Source Code/produced_graph/phase4_rescue_classifier/phase4_rescue_main_comparison.png,retained
2.Source Code/produced_graph/phase4_rescue_classifier/phase4_rescue_main_comparison_metrics.csv,artifact,generated_confirmed,2.Source Code/generate_phase4_rescue_classifier.py,"2.Source Code/generate_phase4_rescue_classifier.py:2712-2726 csv_payloads map and _write_csv(frame, staging_dir / name, columns); 2352 to_csv.",Static writer coverage only; no execution or byte-identical regeneration verified.,2.Source Code/produced_graph/phase4_rescue_classifier/phase4_rescue_main_comparison_metrics.csv,retained
2.Source Code/produced_graph/phase4_rescue_classifier/phase4_rescue_metrics.csv,artifact,generated_confirmed,2.Source Code/generate_phase4_rescue_classifier.py,"2.Source Code/generate_phase4_rescue_classifier.py:2712-2726 csv_payloads map and _write_csv(frame, staging_dir / name, columns); 2352 to_csv.",Static writer coverage only; no execution or byte-identical regeneration verified.,2.Source Code/produced_graph/phase4_rescue_classifier/phase4_rescue_metrics.csv,retained
2.Source Code/produced_graph/phase4_rescue_classifier/phase4_rescue_model_audit.csv,artifact,generated_confirmed,2.Source Code/generate_phase4_rescue_classifier.py,"2.Source Code/generate_phase4_rescue_classifier.py:2712-2726 csv_payloads map and _write_csv(frame, staging_dir / name, columns); 2352 to_csv.",Static writer coverage only; no execution or byte-identical regeneration verified.,2.Source Code/produced_graph/phase4_rescue_classifier/phase4_rescue_model_audit.csv,retained
2.Source Code/produced_graph/phase4_rescue_classifier/phase4_rescue_model_selection.csv,artifact,generated_confirmed,2.Source Code/generate_phase4_rescue_classifier.py,"2.Source Code/generate_phase4_rescue_classifier.py:2712-2726 csv_payloads map and _write_csv(frame, staging_dir / name, columns); 2352 to_csv.",Static writer coverage only; no execution or byte-identical regeneration verified.,2.Source Code/produced_graph/phase4_rescue_classifier/phase4_rescue_model_selection.csv,retained
2.Source Code/produced_graph/phase4_rescue_classifier/phase4_rescue_nowcasting_model.json,artifact,generated_confirmed,2.Source Code/generate_phase4_rescue_classifier.py,2.Source Code/generate_phase4_rescue_classifier.py:1223-1227 task-specific path; 1230 sentinel write_text or 1249 model.save_model.,Static writer coverage only; no execution or byte-identical regeneration verified.,2.Source Code/produced_graph/phase4_rescue_classifier/phase4_rescue_nowcasting_model.json,retained
2.Source Code/produced_graph/phase4_rescue_classifier/phase4_rescue_oof_predictions.csv,artifact,generated_confirmed,2.Source Code/generate_phase4_rescue_classifier.py,"2.Source Code/generate_phase4_rescue_classifier.py:2712-2726 csv_payloads map and _write_csv(frame, staging_dir / name, columns); 2352 to_csv.",Static writer coverage only; no execution or byte-identical regeneration verified.,2.Source Code/produced_graph/phase4_rescue_classifier/phase4_rescue_oof_predictions.csv,retained
2.Source Code/produced_graph/phase4_rescue_classifier/phase4_rescue_source_audit.csv,artifact,generated_confirmed,2.Source Code/generate_phase4_rescue_classifier.py,"2.Source Code/generate_phase4_rescue_classifier.py:2757 _write_csv(source_audit, staging_dir / phase4_rescue_source_audit.csv); 2352 to_csv.",Static writer coverage only; no execution or byte-identical regeneration verified.,2.Source Code/produced_graph/phase4_rescue_classifier/phase4_rescue_source_audit.csv,retained
2.Source Code/produced_graph/phase4_rescue_classifier/phase4_rescue_threshold_search.csv,artifact,generated_confirmed,2.Source Code/generate_phase4_rescue_classifier.py,"2.Source Code/generate_phase4_rescue_classifier.py:2712-2726 csv_payloads map and _write_csv(frame, staging_dir / name, columns); 2352 to_csv.",Static writer coverage only; no execution or byte-identical regeneration verified.,2.Source Code/produced_graph/phase4_rescue_classifier/phase4_rescue_threshold_search.csv,retained
2.Source Code/produced_graph/phase_cumulative_actual_vs_predicted_forecasting_nowcasting_contemporaneous.jpg,artifact,generated_confirmed,2.Source Code/generate_phase_cumulative_scatter_comparison.py,90-94 stems; 1093-1103 _save_three_model_grid_figure builds paths and figure.savefig; 1245-1263 exact CSV paths and to_csv.,Writer coverage only; no training or reproduction executed. Audit generator_sha256 matches current script.,2.Source Code/produced_graph/phase_cumulative_actual_vs_predicted_forecasting_nowcasting_contemporaneous.jpg,retained
2.Source Code/produced_graph/phase_cumulative_actual_vs_predicted_forecasting_nowcasting_contemporaneous.pdf,artifact,generated_confirmed,2.Source Code/generate_phase_cumulative_scatter_comparison.py,90-94 stems; 1093-1103 _save_three_model_grid_figure builds paths and figure.savefig; 1245-1263 exact CSV paths and to_csv.,Writer coverage only; no training or reproduction executed. Audit generator_sha256 matches current script.,2.Source Code/produced_graph/phase_cumulative_actual_vs_predicted_forecasting_nowcasting_contemporaneous.pdf,retained
2.Source Code/produced_graph/phase_cumulative_actual_vs_predicted_forecasting_nowcasting_contemporaneous.png,artifact,generated_confirmed,2.Source Code/generate_phase_cumulative_scatter_comparison.py,90-94 stems; 1093-1103 _save_three_model_grid_figure builds paths and figure.savefig; 1245-1263 exact CSV paths and to_csv.,Writer coverage only; no training or reproduction executed. Audit generator_sha256 matches current script.,2.Source Code/produced_graph/phase_cumulative_actual_vs_predicted_forecasting_nowcasting_contemporaneous.png,retained
2.Source Code/produced_graph/phase_cumulative_scatter_metrics.csv,artifact,generated_confirmed,2.Source Code/generate_phase_cumulative_scatter_comparison.py,90-94 stems; 1093-1103 _save_three_model_grid_figure builds paths and figure.savefig; 1245-1263 exact CSV paths and to_csv.,Writer coverage only; no training or reproduction executed. Audit generator_sha256 matches current script.,2.Source Code/produced_graph/phase_cumulative_scatter_metrics.csv,retained
2.Source Code/produced_graph/phase_cumulative_scatter_predictions.csv,artifact,generated_confirmed,2.Source Code/generate_phase_cumulative_scatter_comparison.py,90-94 stems; 1093-1103 _save_three_model_grid_figure builds paths and figure.savefig; 1245-1263 exact CSV paths and to_csv.,Writer coverage only; no training or reproduction executed. Audit generator_sha256 matches current script.,2.Source Code/produced_graph/phase_cumulative_scatter_predictions.csv,retained
2.Source Code/produced_graph/phase_cumulative_scatter_source_audit.csv,artifact,generated_confirmed,2.Source Code/generate_phase_cumulative_scatter_comparison.py,90-94 stems; 1093-1103 _save_three_model_grid_figure builds paths and figure.savefig; 1245-1263 exact CSV paths and to_csv.,Writer coverage only; no training or reproduction executed. Audit generator_sha256 matches current script.,2.Source Code/produced_graph/phase_cumulative_scatter_source_audit.csv,retained
2.Source Code/produced_graph/phase_cumulative_three_model_scatter_metrics.csv,artifact,generated_confirmed,2.Source Code/generate_phase_cumulative_scatter_comparison.py,90-94 stems; 1093-1103 _save_three_model_grid_figure builds paths and figure.savefig; 1245-1263 exact CSV paths and to_csv.,Writer coverage only; no training or reproduction executed. Audit generator_sha256 matches current script.,2.Source Code/produced_graph/phase_cumulative_three_model_scatter_metrics.csv,retained
2.Source Code/produced_graph/phase_cumulative_three_model_scatter_predictions.csv,artifact,generated_confirmed,2.Source Code/generate_phase_cumulative_scatter_comparison.py,90-94 stems; 1093-1103 _save_three_model_grid_figure builds paths and figure.savefig; 1245-1263 exact CSV paths and to_csv.,Writer coverage only; no training or reproduction executed. Audit generator_sha256 matches current script.,2.Source Code/produced_graph/phase_cumulative_three_model_scatter_predictions.csv,retained
2.Source Code/produced_graph/precision_recall_accuracy_p3r2_spatial_feature_comparison.jpg,artifact,generated_confirmed,2.Source Code/generate_spatial_feature_comparison.py,93 figure filename template; 4632-4664 savefig; 4837-4873 exact CSVs and to_csv; 4903-4904 audit to_csv; 4924-4925 final output_dir targets.,Writer coverage only; no training or reproduction executed. Audit generator_sha256 matches current script.,2.Source Code/produced_graph/precision_recall_accuracy_p3r2_spatial_feature_comparison.jpg,retained
2.Source Code/produced_graph/precision_recall_accuracy_p3r2_spatial_feature_comparison.pdf,artifact,generated_confirmed,2.Source Code/generate_spatial_feature_comparison.py,93 figure filename template; 4632-4664 savefig; 4837-4873 exact CSVs and to_csv; 4903-4904 audit to_csv; 4924-4925 final output_dir targets.,Writer coverage only; no training or reproduction executed. Audit generator_sha256 matches current script.,2.Source Code/produced_graph/precision_recall_accuracy_p3r2_spatial_feature_comparison.pdf,retained
2.Source Code/produced_graph/precision_recall_accuracy_p3r2_spatial_feature_comparison.png,artifact,generated_confirmed,2.Source Code/generate_spatial_feature_comparison.py,93 figure filename template; 4632-4664 savefig; 4837-4873 exact CSVs and to_csv; 4903-4904 audit to_csv; 4924-4925 final output_dir targets.,Writer coverage only; no training or reproduction executed. Audit generator_sha256 matches current script.,2.Source Code/produced_graph/precision_recall_accuracy_p3r2_spatial_feature_comparison.png,retained
2.Source Code/produced_graph/precision_recall_scatter.jpg,artifact,generated_confirmed,2.Source Code/Figure1_multiple_figures.ipynb,"0-based cell 6:88 fig.savefig exact produced_graph path; neighboring PNG commented, JPG active.",Writer coverage only; no training or reproduction executed.,2.Source Code/produced_graph/precision_recall_scatter.jpg,retained
2.Source Code/produced_graph/response_table_r1_macro_metrics.csv,artifact,generated_confirmed,2.Source Code/generate_response_table_r1_metrics.py:70,"Exact OUTPUT :15; metrics.to_csv(OUTPUT, index=False).","Exact filename and root produced_graph destination; static writer coverage only, no regeneration. TEMPORAL dependency (:16) exists.",2.Source Code/produced_graph/response_table_r1_macro_metrics.csv,retained
2.Source Code/produced_graph/sample_imbalance_area_frequency.csv,artifact,generated_confirmed,2.Source Code/generate_sample_imbalance_chart.py:193,DEFAULT_OUTPUT_DIR :16; OUTPUT_STEM :17; paths :187-189; fig.savefig or distribution.to_csv.,"Exact filename and root produced_graph destination; static writer coverage only, no regeneration.",2.Source Code/produced_graph/sample_imbalance_area_frequency.csv,retained
2.Source Code/produced_graph/sample_imbalance_area_frequency.pdf,artifact,generated_confirmed,2.Source Code/generate_sample_imbalance_chart.py:192,DEFAULT_OUTPUT_DIR :16; OUTPUT_STEM :17; paths :187-189; fig.savefig or distribution.to_csv.,"Exact filename and root produced_graph destination; static writer coverage only, no regeneration.",2.Source Code/produced_graph/sample_imbalance_area_frequency.pdf,retained
2.Source Code/produced_graph/sample_imbalance_area_frequency.png,artifact,generated_confirmed,2.Source Code/generate_sample_imbalance_chart.py:191,DEFAULT_OUTPUT_DIR :16; OUTPUT_STEM :17; paths :187-189; fig.savefig or distribution.to_csv.,"Exact filename and root produced_graph destination; static writer coverage only, no regeneration.",2.Source Code/produced_graph/sample_imbalance_area_frequency.png,retained
2.Source Code/produced_graph/selected_figure1_repeated_area_refit_metrics.csv,artifact,generated_confirmed,2.Source Code/generate_filtered_main_result_metrics.py:567,"DEFAULT_OUTPUT :47; write_output :559; data.to_csv(staged_path) :567; replace_with_retry(staged_path, output_path) :577; os.replace :548.","Exact filename and root produced_graph destination; static writer coverage only, no regeneration. Both direct base metrics/predictions files (:45-46) still exist.",2.Source Code/produced_graph/selected_figure1_repeated_area_refit_metrics.csv,retained
2.Source Code/produced_graph/shap_values_forecasting_phase3_phase4_colored.jpg,artifact,generated_confirmed,2.Source Code/Figure2_Feature_Importance_Forecasting.ipynb,0-based cell 5:92 plt.savefig exact produced_graph/shap_values_forecasting_phase3_phase4_colored.jpg path.,Writer coverage only; no training or reproduction executed.,2.Source Code/produced_graph/shap_values_forecasting_phase3_phase4_colored.jpg,retained
2.Source Code/produced_graph/shap_values_grouped_horizontal_bars.jpg,artifact,generated_confirmed,2.Source Code/Figure2_Feature_Importance_Forecasting.ipynb,0-based cell 6:37 plt.savefig exact produced_graph/shap_values_grouped_horizontal_bars.jpg path.,Writer coverage only; no training or reproduction executed.,2.Source Code/produced_graph/shap_values_grouped_horizontal_bars.jpg,retained
2.Source Code/produced_graph/shap_values_grouped_horizontal_bars_nowcasting.jpg,artifact,generated_confirmed,2.Source Code/Figure2_Nowcasting_two_layer_feature_importance.ipynb,0-based cell 7:37 plt.savefig exact produced_graph/shap_values_grouped_horizontal_bars_nowcasting.jpg path.,Writer coverage only; no training or reproduction executed.,2.Source Code/produced_graph/shap_values_grouped_horizontal_bars_nowcasting.jpg,retained
2.Source Code/produced_graph/shap_values_nowcasting_bar_phase3_phase4_L1.jpg,artifact,generated_confirmed,2.Source Code/Figure2_Nowcasting_two_layer_feature_importance.ipynb,0-based cell 4:251-252 plt.savefig exact produced_graph/shap_values_nowcasting_bar_phase3_phase4_L1.jpg path.,Writer coverage only; no training or reproduction executed.,2.Source Code/produced_graph/shap_values_nowcasting_bar_phase3_phase4_L1.jpg,retained
2.Source Code/produced_graph/shap_values_nowcasting_phase3_phase4_L1.jpg,artifact,generated_confirmed,2.Source Code/Figure2_Nowcasting_two_layer_feature_importance.ipynb,0-based cell 4:86 plt.savefig exact produced_graph/shap_values_nowcasting_phase3_phase4_L1.jpg path.,Writer coverage only; no training or reproduction executed.,2.Source Code/produced_graph/shap_values_nowcasting_phase3_phase4_L1.jpg,retained
2.Source Code/produced_graph/shap_values_nowcasting_phase3_phase4_colored.jpg,artifact,generated_confirmed,2.Source Code/Figure2_Nowcasting_two_layer_feature_importance.ipynb,0-based cell 6:90 plt.savefig exact produced_graph/shap_values_nowcasting_phase3_phase4_colored.jpg path.,Writer coverage only; no training or reproduction executed.,2.Source Code/produced_graph/shap_values_nowcasting_phase3_phase4_colored.jpg,retained
2.Source Code/produced_graph/simple_baseline_comparison_feature_manifest.csv,artifact,generated_confirmed,2.Source Code/generate_simple_baseline_comparison.py,80-87 OUTPUT_FILENAMES; 957-975 savefig; 1859-1865 _write_dataframe/to_csv; 2084-2116 stage exact CSVs; 2125+ publish to output_dir.,Writer coverage only; no training or reproduction executed. Audit generator_sha256 matches current script.,2.Source Code/produced_graph/simple_baseline_comparison_feature_manifest.csv,retained
2.Source Code/produced_graph/simple_baseline_comparison_metrics.csv,artifact,generated_confirmed,2.Source Code/generate_simple_baseline_comparison.py,80-87 OUTPUT_FILENAMES; 957-975 savefig; 1859-1865 _write_dataframe/to_csv; 2084-2116 stage exact CSVs; 2125+ publish to output_dir.,Writer coverage only; no training or reproduction executed. Audit generator_sha256 matches current script.,2.Source Code/produced_graph/simple_baseline_comparison_metrics.csv,retained
2.Source Code/produced_graph/simple_baseline_comparison_model_audit.csv,artifact,generated_confirmed,2.Source Code/generate_simple_baseline_comparison.py,80-87 OUTPUT_FILENAMES; 957-975 savefig; 1859-1865 _write_dataframe/to_csv; 2084-2116 stage exact CSVs; 2125+ publish to output_dir.,Writer coverage only; no training or reproduction executed. Audit generator_sha256 matches current script.,2.Source Code/produced_graph/simple_baseline_comparison_model_audit.csv,retained
2.Source Code/produced_graph/simple_baseline_comparison_predictions.csv,artifact,generated_confirmed,2.Source Code/generate_simple_baseline_comparison.py,80-87 OUTPUT_FILENAMES; 957-975 savefig; 1859-1865 _write_dataframe/to_csv; 2084-2116 stage exact CSVs; 2125+ publish to output_dir.,Writer coverage only; no training or reproduction executed. Audit generator_sha256 matches current script.,2.Source Code/produced_graph/simple_baseline_comparison_predictions.csv,retained
2.Source Code/produced_graph/simple_baseline_comparison_source_audit.csv,artifact,generated_confirmed,2.Source Code/generate_simple_baseline_comparison.py,80-87 OUTPUT_FILENAMES; 957-975 savefig; 1859-1865 _write_dataframe/to_csv; 2084-2116 stage exact CSVs; 2125+ publish to output_dir.,Writer coverage only; no training or reproduction executed. Audit generator_sha256 matches current script.,2.Source Code/produced_graph/simple_baseline_comparison_source_audit.csv,retained
2.Source Code/produced_graph/spatial_feature_comparison_feature_manifest.csv,artifact,generated_confirmed,2.Source Code/generate_spatial_feature_comparison.py,93 figure filename template; 4632-4664 savefig; 4837-4873 exact CSVs and to_csv; 4903-4904 audit to_csv; 4924-4925 final output_dir targets.,Writer coverage only; no training or reproduction executed. Audit generator_sha256 matches current script.,2.Source Code/produced_graph/spatial_feature_comparison_feature_manifest.csv,retained
2.Source Code/produced_graph/spatial_feature_comparison_metrics.csv,artifact,generated_confirmed,2.Source Code/generate_spatial_feature_comparison.py,93 figure filename template; 4632-4664 savefig; 4837-4873 exact CSVs and to_csv; 4903-4904 audit to_csv; 4924-4925 final output_dir targets.,Writer coverage only; no training or reproduction executed. Audit generator_sha256 matches current script.,2.Source Code/produced_graph/spatial_feature_comparison_metrics.csv,retained
2.Source Code/produced_graph/spatial_feature_comparison_predictions.csv,artifact,generated_confirmed,2.Source Code/generate_spatial_feature_comparison.py,93 figure filename template; 4632-4664 savefig; 4837-4873 exact CSVs and to_csv; 4903-4904 audit to_csv; 4924-4925 final output_dir targets.,Writer coverage only; no training or reproduction executed. Audit generator_sha256 matches current script.,2.Source Code/produced_graph/spatial_feature_comparison_predictions.csv,retained
2.Source Code/produced_graph/spatial_feature_comparison_source_audit.csv,artifact,generated_confirmed,2.Source Code/generate_spatial_feature_comparison.py,93 figure filename template; 4632-4664 savefig; 4837-4873 exact CSVs and to_csv; 4903-4904 audit to_csv; 4924-4925 final output_dir targets.,Writer coverage only; no training or reproduction executed. Audit generator_sha256 matches current script.,2.Source Code/produced_graph/spatial_feature_comparison_source_audit.csv,retained
2.Source Code/produced_graph/spatial_feature_comparison_weight_diagnostics.csv,artifact,generated_confirmed,2.Source Code/generate_spatial_feature_comparison.py,93 figure filename template; 4632-4664 savefig; 4837-4873 exact CSVs and to_csv; 4903-4904 audit to_csv; 4924-4925 final output_dir targets.,Writer coverage only; no training or reproduction executed. Audit generator_sha256 matches current script.,2.Source Code/produced_graph/spatial_feature_comparison_weight_diagnostics.csv,retained
2.Source Code/produced_graph/spatial_feature_interpolation_audit.csv.gz,artifact,generated_confirmed,2.Source Code/generate_spatial_feature_comparison.py,93 figure filename template; 4632-4664 savefig; 4837-4873 exact CSVs and to_csv; 4903-4904 audit to_csv; 4924-4925 final output_dir targets.,Writer coverage only; no training or reproduction executed. Audit generator_sha256 matches current script.,2.Source Code/produced_graph/spatial_feature_interpolation_audit.csv.gz,retained
2.Source Code/produced_graph/spatial_feature_interpolation_summary.csv,artifact,generated_confirmed,2.Source Code/generate_spatial_feature_comparison.py,93 figure filename template; 4632-4664 savefig; 4837-4873 exact CSVs and to_csv; 4903-4904 audit to_csv; 4924-4925 final output_dir targets.,Writer coverage only; no training or reproduction executed. Audit generator_sha256 matches current script.,2.Source Code/produced_graph/spatial_feature_interpolation_summary.csv,retained
2.Source Code/produced_graph/strict_temporal_loco_area_macro_denominators.csv,artifact,generated_confirmed,2.Source Code/generate_strict_temporal_leave_one_country_out_robustness.py,47-54 FINAL_FILENAMES; 702-710 _write_dataframe/to_csv; 731-741 staging and audit to_csv; 751-752 publish.,Writer coverage only; no training or reproduction executed. Audit strict_generator_sha256 matches current script. Selected Windows 2.0.3 rerun on 2026-09-17; old bytes and hashes preserved in 0.Archived/2026-09-17_pre_windows203_loco/promotion_manifest.json.,2.Source Code/produced_graph/strict_temporal_loco_area_macro_denominators.csv,retained
2.Source Code/produced_graph/strict_temporal_loco_area_metrics.csv,artifact,generated_confirmed,2.Source Code/generate_strict_temporal_leave_one_country_out_robustness.py,47-54 FINAL_FILENAMES; 702-710 _write_dataframe/to_csv; 731-741 staging and audit to_csv; 751-752 publish.,Writer coverage only; no training or reproduction executed. Audit strict_generator_sha256 matches current script. Selected Windows 2.0.3 rerun on 2026-09-17; old bytes and hashes preserved in 0.Archived/2026-09-17_pre_windows203_loco/promotion_manifest.json.,2.Source Code/produced_graph/strict_temporal_loco_area_metrics.csv,retained
2.Source Code/produced_graph/strict_temporal_loco_fold_audit.csv,artifact,generated_confirmed,2.Source Code/generate_strict_temporal_leave_one_country_out_robustness.py,47-54 FINAL_FILENAMES; 702-710 _write_dataframe/to_csv; 731-741 staging and audit to_csv; 751-752 publish.,Writer coverage only; no training or reproduction executed. Audit strict_generator_sha256 matches current script. Selected Windows 2.0.3 rerun on 2026-09-17; old bytes and hashes preserved in 0.Archived/2026-09-17_pre_windows203_loco/promotion_manifest.json.,2.Source Code/produced_graph/strict_temporal_loco_fold_audit.csv,retained
2.Source Code/produced_graph/strict_temporal_loco_forecasting_predictions.csv,artifact,generated_confirmed,2.Source Code/generate_strict_temporal_leave_one_country_out_robustness.py,47-54 FINAL_FILENAMES; 702-710 _write_dataframe/to_csv; 731-741 staging and audit to_csv; 751-752 publish.,Writer coverage only; no training or reproduction executed. Audit strict_generator_sha256 matches current script. Selected Windows 2.0.3 rerun on 2026-09-17; old bytes and hashes preserved in 0.Archived/2026-09-17_pre_windows203_loco/promotion_manifest.json.,2.Source Code/produced_graph/strict_temporal_loco_forecasting_predictions.csv,retained
2.Source Code/produced_graph/strict_temporal_loco_micro_metrics.csv,artifact,generated_confirmed,2.Source Code/generate_strict_temporal_leave_one_country_out_robustness.py,47-54 FINAL_FILENAMES; 702-710 _write_dataframe/to_csv; 731-741 staging and audit to_csv; 751-752 publish.,Writer coverage only; no training or reproduction executed. Audit strict_generator_sha256 matches current script. Selected Windows 2.0.3 rerun on 2026-09-17; old bytes and hashes preserved in 0.Archived/2026-09-17_pre_windows203_loco/promotion_manifest.json.,2.Source Code/produced_graph/strict_temporal_loco_micro_metrics.csv,retained
2.Source Code/produced_graph/strict_temporal_loco_nowcasting_predictions.csv,artifact,generated_confirmed,2.Source Code/generate_strict_temporal_leave_one_country_out_robustness.py,47-54 FINAL_FILENAMES; 702-710 _write_dataframe/to_csv; 731-741 staging and audit to_csv; 751-752 publish.,Writer coverage only; no training or reproduction executed. Audit strict_generator_sha256 matches current script. Selected Windows 2.0.3 rerun on 2026-09-17; old bytes and hashes preserved in 0.Archived/2026-09-17_pre_windows203_loco/promotion_manifest.json.,2.Source Code/produced_graph/strict_temporal_loco_nowcasting_predictions.csv,retained
2.Source Code/produced_graph/strict_temporal_loco_skipped_folds.csv,artifact,generated_confirmed,2.Source Code/generate_strict_temporal_leave_one_country_out_robustness.py,47-54 FINAL_FILENAMES; 702-710 _write_dataframe/to_csv; 731-741 staging and audit to_csv; 751-752 publish.,Writer coverage only; no training or reproduction executed. Audit strict_generator_sha256 matches current script. Selected Windows 2.0.3 rerun on 2026-09-17; old bytes and hashes preserved in 0.Archived/2026-09-17_pre_windows203_loco/promotion_manifest.json.,2.Source Code/produced_graph/strict_temporal_loco_skipped_folds.csv,retained
2.Source Code/produced_graph/strict_temporal_loco_source_audit.csv,artifact,generated_confirmed,2.Source Code/generate_strict_temporal_leave_one_country_out_robustness.py,47-54 FINAL_FILENAMES; 702-710 _write_dataframe/to_csv; 731-741 staging and audit to_csv; 751-752 publish.,Writer coverage only; no training or reproduction executed. Audit strict_generator_sha256 matches current script. Selected Windows 2.0.3 rerun on 2026-09-17; old bytes and hashes preserved in 0.Archived/2026-09-17_pre_windows203_loco/promotion_manifest.json.,2.Source Code/produced_graph/strict_temporal_loco_source_audit.csv,retained
2.Source Code/produced_graph/variable_missingness_balance.csv,artifact,generated_confirmed,2.Source Code/generate_variable_missingness_balance.py:208,"Exact OUTPUT_PATH :15; report.to_csv(OUTPUT_PATH, index=False, float_format=""%.12g"").","Exact filename and root produced_graph destination; static writer coverage only, no regeneration.",2.Source Code/produced_graph/variable_missingness_balance.csv,retained
2.Source Code/shap_values_forecasting_phase3_phase4_colored.jpg,artifact,notebook_export_author_confirmed,2.Source Code/Figure2_Feature_Importance_Forecasting.ipynb,"Figure2_Feature_Importance_Forecasting.ipynb zero-based cell 5, source line 92: plt.savefig('produced_graph/shap_values_forecasting_phase3_phase4_colored.jpg', ...). Author confirmed notebook export on 2026-09-15.",Notebook provenance confirmed by author; present writer targets produced_graph/. Root and produced_graph copies differ in bytes; exact historical run/version not established. Not a missing-script finding.,2.Source Code/shap_values_forecasting_phase3_phase4_colored.jpg,retained
2.Source Code/shap_values_grouped_horizontal_bars.jpg,artifact,notebook_export_author_confirmed,2.Source Code/Figure2_Feature_Importance_Forecasting.ipynb,"Figure2_Feature_Importance_Forecasting.ipynb zero-based cell 6, source line 37: plt.savefig('produced_graph/shap_values_grouped_horizontal_bars.jpg', ...). Author confirmed notebook export on 2026-09-15.",Notebook provenance confirmed by author; present writer targets produced_graph/. Root and produced_graph copies differ in bytes; exact historical run/version not established. Not a missing-script finding.,2.Source Code/shap_values_grouped_horizontal_bars.jpg,retained
2.Source Code/produced_graph/leave_one_country_out_country_metrics.csv,artifact,generated_confirmed,2.Source Code/generate_leave_one_country_out_robustness.py,2026-09-17 promotion_manifest.json: SHA256-bound copy of completed Windows 2.0.3 rerun.,Nowcasting row represents contemporaneous LOCO using Nowcasting dataset; old result retained in September 8 archive.,2.Source Code/produced_graph/leave_one_country_out_country_metrics.csv,restored_new_rerun
2.Source Code/produced_graph/leave_one_country_out_forecasting_predictions.csv,artifact,generated_confirmed,2.Source Code/generate_leave_one_country_out_robustness.py,2026-09-17 promotion_manifest.json: SHA256-bound copy of completed Windows 2.0.3 rerun.,Nowcasting row represents contemporaneous LOCO using Nowcasting dataset; old result retained in September 8 archive.,2.Source Code/produced_graph/leave_one_country_out_forecasting_predictions.csv,restored_new_rerun
2.Source Code/produced_graph/leave_one_country_out_micro_metrics.csv,artifact,generated_confirmed,2.Source Code/generate_leave_one_country_out_robustness.py,2026-09-17 promotion_manifest.json: SHA256-bound copy of completed Windows 2.0.3 rerun.,Nowcasting row represents contemporaneous LOCO using Nowcasting dataset; old result retained in September 8 archive.,2.Source Code/produced_graph/leave_one_country_out_micro_metrics.csv,restored_new_rerun
2.Source Code/produced_graph/leave_one_country_out_nowcasting_predictions.csv,artifact,generated_confirmed,2.Source Code/generate_leave_one_country_out_robustness.py,2026-09-17 promotion_manifest.json: SHA256-bound copy of completed Windows 2.0.3 rerun.,Nowcasting row represents contemporaneous LOCO using Nowcasting dataset; old result retained in September 8 archive.,2.Source Code/produced_graph/leave_one_country_out_nowcasting_predictions.csv,restored_new_rerun
2.Source Code/produced_graph/leave_one_country_out_source_audit.csv,artifact,generated_confirmed,2.Source Code/generate_leave_one_country_out_robustness.py,2026-09-17 promotion_manifest.json: SHA256-bound copy of completed Windows 2.0.3 rerun.,Nowcasting row represents contemporaneous LOCO using Nowcasting dataset; old result retained in September 8 archive.,2.Source Code/produced_graph/leave_one_country_out_source_audit.csv,restored_new_rerun
2.Source Code/produced_graph/precision_recall_scatter_leave_one_country_out.jpg,artifact,generated_confirmed,2.Source Code/generate_leave_one_country_out_robustness.py,2026-09-17 promotion_manifest.json: SHA256-bound copy of completed Windows 2.0.3 rerun.,Nowcasting row represents contemporaneous LOCO using Nowcasting dataset; old result retained in September 8 archive.,2.Source Code/produced_graph/precision_recall_scatter_leave_one_country_out.jpg,restored_new_rerun
2.Source Code/produced_graph/precision_recall_scatter_leave_one_country_out.pdf,artifact,generated_confirmed,2.Source Code/generate_leave_one_country_out_robustness.py,2026-09-17 promotion_manifest.json: SHA256-bound copy of completed Windows 2.0.3 rerun.,Nowcasting row represents contemporaneous LOCO using Nowcasting dataset; old result retained in September 8 archive.,2.Source Code/produced_graph/precision_recall_scatter_leave_one_country_out.pdf,restored_new_rerun
2.Source Code/produced_graph/precision_recall_scatter_leave_one_country_out.png,artifact,generated_confirmed,2.Source Code/generate_leave_one_country_out_robustness.py,2026-09-17 promotion_manifest.json: SHA256-bound copy of completed Windows 2.0.3 rerun.,Nowcasting row represents contemporaneous LOCO using Nowcasting dataset; old result retained in September 8 archive.,2.Source Code/produced_graph/precision_recall_scatter_leave_one_country_out.png,restored_new_rerun
