area_id,date,country_code_3,y_true,baseline_predicted_phase,phase2_actual_share,phase2_baseline_raw,phase2_perturbed_raw,phase2_baseline_rounded,phase2_perturbed_rounded,phase3_actual_share,phase3_baseline_raw,phase3_perturbed_raw,phase3_baseline_rounded,phase3_perturbed_rounded,phase4_actual_share,phase4_baseline_raw,phase4_perturbed_raw,phase4_baseline_rounded,phase4_perturbed_rounded,phase5_actual_share,phase5_baseline_raw,phase5_perturbed_raw,phase5_baseline_rounded,phase5_perturbed_rounded,perturbed_predicted_phase,phase_change,direction
2,2022-10-01,DOM,2,3,0.5,0.64605873823165894,0.65478956699371338,0.64999997615814209,0.64999997615814209,0.15000000000000002,0.24118217825889587,0.24066157639026642,0.23999999463558197,0.23999999463558197,0.01,0.063739165663719177,0.063739165663719177,0.059999998658895493,0.059999998658895493,0,0.0010670401388779283,0.0010670401388779283,0,0,3,0,unchanged
5,2022-10-01,DOM,2,3,0.55000000000000004,0.67340511083602905,0.68488174676895142,0.67000001668930054,0.68000000715255737,0.17999999999999999,0.26892378926277161,0.26892378926277161,0.27000001072883606,0.27000001072883606,0.02,0.064185529947280884,0.064185529947280884,0.059999998658895493,0.059999998658895493,0,0.0010670401388779283,0.0010670401388779283,0,0,3,0,unchanged
9,2022-09-01,DOM,4,3,0.80000000000000004,0.65218538045883179,0.66109150648117065,0.64999997615814209,0.6600000262260437,0.55000000000000004,0.28614944219589233,0.28614944219589233,0.28999999165534973,0.28999999165534973,0.20000000000000001,0.065489977598190308,0.065489977598190308,0.070000000298023224,0.070000000298023224,0,0.0010670401388779283,0.0010670401388779283,0,0,3,0,unchanged
10,2022-09-01,HTI,4,3,0.84999999999999998,0.68471044301986694,0.67941218614578247,0.68000000715255737,0.68000000715255737,0.59999999999999998,0.2665877640247345,0.2665877640247345,0.27000001072883606,0.27000001072883606,0.25,0.064408525824546814,0.071012221276760101,0.059999998658895493,0.070000000298023224,0,0.0010670401388779283,0.0010670401388779283,0,0,3,0,unchanged
10,2022-10-01,HTI,3,3,0.65000000000000002,0.50780951976776123,0.50773578882217407,0.50999999046325684,0.50999999046325684,0.22,0.22402673959732056,0.22402673959732056,0.2199999988079071,0.2199999988079071,0.01,0.064116224646568298,0.064116224646568298,0.059999998658895493,0.059999998658895493,0,0.0010670401388779283,0.0010670401388779283,0,0,3,0,unchanged
11,2022-09-01,HTI,4,3,0.84999999999999998,0.6768190860748291,0.68663704395294189,0.68000000715255737,0.68999999761581421,0.59999999999999998,0.30460676550865173,0.30460676550865173,0.30000001192092896,0.30000001192092896,0.25,0.067568950355052948,0.067568950355052948,0.070000000298023224,0.070000000298023224,0,0.0010670401388779283,0.0010670401388779283,0,0,3,0,unchanged
11,2022-10-01,HTI,3,3,0.65000000000000002,0.53503888845443726,0.53629022836685181,0.54000002145767212,0.54000002145767212,0.22,0.25767096877098083,0.25767096877098083,0.25999999046325684,0.25999999046325684,0.01,0.064189627766609192,0.064189627766609192,0.059999998658895493,0.059999998658895493,0,0.0010670401388779283,0.0010670401388779283,0,0,3,0,unchanged
12,2022-09-01,HTI,4,3,0.84999999999999998,0.67642974853515625,0.68624770641326904,0.68000000715255737,0.68999999761581421,0.59999999999999998,0.30460676550865173,0.30460676550865173,0.30000001192092896,0.30000001192092896,0.25,0.067568950355052948,0.067568950355052948,0.070000000298023224,0.070000000298023224,0,0.0010670401388779283,0.0010670401388779283,0,0,3,0,unchanged
12,2022-10-01,HTI,3,3,0.65000000000000002,0.53449416160583496,0.53574550151824951,0.52999997138977051,0.54000002145767212,0.22,0.25767096877098083,0.25767096877098083,0.25999999046325684,0.25999999046325684,0.01,0.064189627766609192,0.064189627766609192,0.059999998658895493,0.059999998658895493,0,0.0010670401388779283,0.0010670401388779283,0,0,3,0,unchanged
13,2022-09-01,HTI,3,3,0.75,0.68165320158004761,0.67813944816589355,0.68000000715255737,0.68000000715255737,0.5,0.29951107501983643,0.31275054812431335,0.30000001192092896,0.31000000238418579,0.14999999999999999,0.093342505395412445,0.093342505395412445,0.090000003576278687,0.090000003576278687,0,0.0010670401388779283,0.0010670401388779283,0,0,3,0,unchanged
16,2022-10-01,HTI,2,3,0.59999999999999998,0.52245712280273438,0.52324110269546509,0.51999998092651367,0.51999998092651367,0.14999999999999999,0.21205233037471771,0.21205233037471771,0.20999999344348907,0.20999999344348907,0,0.059328902512788773,0.059328902512788773,0.059999998658895493,0.059999998658895493,0,0.0010670401388779283,0.0010670401388779283,0,0,3,0,unchanged
19,2022-10-01,HTI,3,3,0.65000000000000002,0.5220259428024292,0.52161121368408203,0.51999998092651367,0.51999998092651367,0.22,0.22182668745517731,0.22182668745517731,0.2199999988079071,0.2199999988079071,0.01,0.068976946175098419,0.068976946175098419,0.070000000298023224,0.070000000298023224,0,0.0010670401388779283,0.0010670401388779283,0,0,3,0,unchanged
20,2022-10-01,HTI,3,3,0.65000000000000002,0.5220259428024292,0.52161121368408203,0.51999998092651367,0.51999998092651367,0.22,0.22182668745517731,0.22182668745517731,0.2199999988079071,0.2199999988079071,0.01,0.068976946175098419,0.068976946175098419,0.070000000298023224,0.070000000298023224,0,0.0010670401388779283,0.0010670401388779283,0,0,3,0,unchanged
21,2022-09-01,HTI,3,3,0.75,0.66717088222503662,0.68042314052581787,0.67000001668930054,0.68000000715255737,0.44999999999999996,0.26477181911468506,0.26477181911468506,0.25999999046325684,0.25999999046325684,0.14999999999999999,0.06730102002620697,0.06730102002620697,0.070000000298023224,0.070000000298023224,0,0.0010670401388779283,0.0010670401388779283,0,0,3,0,unchanged
21,2022-10-01,HTI,3,3,0.65000000000000002,0.54368609189987183,0.54110866785049438,0.54000002145767212,0.54000002145767212,0.22,0.25721055269241333,0.25721055269241333,0.25999999046325684,0.25999999046325684,0.01,0.068976946175098419,0.068976946175098419,0.070000000298023224,0.070000000298023224,0,0.0010670401388779283,0.0010670401388779283,0,0,3,0,unchanged
22,2022-09-01,HTI,3,3,0.75,0.66744261980056763,0.68069487810134888,0.67000001668930054,0.68000000715255737,0.44999999999999996,0.26899296045303345,0.26899296045303345,0.27000001072883606,0.27000001072883606,0.14999999999999999,0.06730102002620697,0.06730102002620697,0.070000000298023224,0.070000000298023224,0,0.0010670401388779283,0.0010670401388779283,0,0,3,0,unchanged
22,2022-10-01,HTI,3,3,0.65000000000000002,0.54358190298080444,0.541004478931427,0.54000002145767212,0.54000002145767212,0.22,0.26143169403076172,0.26143169403076172,0.25999999046325684,0.25999999046325684,0.01,0.068976946175098419,0.068976946175098419,0.070000000298023224,0.070000000298023224,0,0.0010670401388779283,0.0010670401388779283,0,0,3,0,unchanged
38,2022-03-01,HND,3,3,0.69999999999999996,0.60801488161087036,0.62090051174163818,0.61000001430511475,0.62000000476837158,0.28999999999999998,0.24973924458026886,0.24973924458026886,0.25,0.25,0.040000000000000001,0.05141579732298851,0.05141579732298851,0.05000000074505806,0.05000000074505806,0,0.0010670401388779283,0.0010670401388779283,0,0,3,0,unchanged
41,2022-03-01,HND,3,3,0.69999999999999996,0.64352041482925415,0.65316039323806763,0.63999998569488525,0.64999997615814209,0.28999999999999998,0.24421834945678711,0.24861891567707062,0.23999999463558197,0.25,0.040000000000000001,0.053119201213121414,0.053119201213121414,0.05000000074505806,0.05000000074505806,0,0.0010670401388779283,0.0010670401388779283,0,0,3,0,unchanged
42,2022-03-01,HND,3,3,0.69999999999999996,0.63645488023757935,0.62460911273956299,0.63999998569488525,0.62000000476837158,0.28999999999999998,0.21530582010746002,0.21970643103122711,0.2199999988079071,0.2199999988079071,0.040000000000000001,0.053119201213121414,0.053119201213121414,0.05000000074505806,0.05000000074505806,0,0.0010670401388779283,0.0010670401388779283,0,0,3,0,unchanged
45,2022-03-01,SLV,3,3,0.65000000000000002,0.54302221536636353,0.53652822971343994,0.54000002145767212,0.54000002145767212,0.25,0.22572782635688782,0.22572782635688782,0.23000000417232513,0.23000000417232513,0.029999999999999999,0.053119201213121414,0.053119201213121414,0.05000000074505806,0.05000000074505806,0,0.0010670401388779283,0.0010670401388779283,0,0,3,0,unchanged
47,2022-03-01,SLV,3,3,0.65000000000000002,0.55969506502151489,0.55073630809783936,0.56000000238418579,0.55000001192092896,0.25,0.22020833194255829,0.22020833194255829,0.2199999988079071,0.2199999988079071,0.029999999999999999,0.053119201213121414,0.053119201213121414,0.05000000074505806,0.05000000074505806,0,0.0010670401388779283,0.0010670401388779283,0,0,3,0,unchanged
48,2022-03-01,HND,3,3,0.69999999999999996,0.57847446203231812,0.577892005443573,0.57999998331069946,0.57999998331069946,0.28999999999999998,0.22468110918998718,0.23246149718761444,0.2199999988079071,0.23000000417232513,0.040000000000000001,0.053119201213121414,0.053119201213121414,0.05000000074505806,0.05000000074505806,0,0.0010670401388779283,0.0010670401388779283,0,0,3,0,unchanged
49,2022-03-01,HND,3,3,0.69999999999999996,0.58023124933242798,0.58186948299407959,0.57999998331069946,0.57999998331069946,0.28999999999999998,0.26338723301887512,0.27116763591766357,0.25999999046325684,0.27000001072883606,0.040000000000000001,0.053119201213121414,0.053119201213121414,0.05000000074505806,0.05000000074505806,0,0.0010670401388779283,0.0010670401388779283,0,0,3,0,unchanged
50,2022-03-01,SLV,3,3,0.65000000000000002,0.55119884014129639,0.54388070106506348,0.55000001192092896,0.54000002145767212,0.25,0.22250780463218689,0.22250780463218689,0.2199999988079071,0.2199999988079071,0.029999999999999999,0.053119201213121414,0.053119201213121414,0.05000000074505806,0.05000000074505806,0,0.0010670401388779283,0.0010670401388779283,0,0,3,0,unchanged
51,2022-03-01,HND,3,3,0.65000000000000002,0.54702484607696533,0.54430186748504639,0.55000001192092896,0.54000002145767212,0.25,0.26092043519020081,0.26092043519020081,0.25999999046325684,0.25999999046325684,0.029999999999999999,0.053119201213121414,0.053119201213121414,0.05000000074505806,0.05000000074505806,0,0.0010670401388779283,0.0010670401388779283,0,0,3,0,unchanged
52,2022-03-01,HND,3,3,0.65000000000000002,0.54749977588653564,0.54503130912780762,0.55000001192092896,0.55000001192092896,0.25,0.26092043519020081,0.26092043519020081,0.25999999046325684,0.25999999046325684,0.029999999999999999,0.053119201213121414,0.053119201213121414,0.05000000074505806,0.05000000074505806,0,0.0010670401388779283,0.0010670401388779283,0,0,3,0,unchanged
54,2022-03-01,SLV,3,3,0.65000000000000002,0.52751994132995605,0.52499735355377197,0.52999997138977051,0.51999998092651367,0.25,0.22533546388149261,0.22330239415168762,0.23000000417232513,0.2199999988079071,0.029999999999999999,0.053119201213121414,0.053119201213121414,0.05000000074505806,0.05000000074505806,0,0.0010670401388779283,0.0010670401388779283,0,0,3,0,unchanged
55,2022-03-01,HND,3,3,0.65000000000000002,0.55623543262481689,0.55291134119033813,0.56000000238418579,0.55000001192092896,0.25,0.28146427869796753,0.28146427869796753,0.2800000011920929,0.2800000011920929,0.029999999999999999,0.078928962349891663,0.078928962349891663,0.079999998211860657,0.079999998211860657,0,0.0010670401388779283,0.0010670401388779283,0,0,3,0,unchanged
56,2022-03-01,HND,3,3,0.65000000000000002,0.55342257022857666,0.55032753944396973,0.55000001192092896,0.55000001192092896,0.25,0.28251558542251587,0.28251558542251587,0.2800000011920929,0.2800000011920929,0.029999999999999999,0.078928962349891663,0.078928962349891663,0.079999998211860657,0.079999998211860657,0,0.0010670401388779283,0.0010670401388779283,0,0,3,0,unchanged
57,2022-03-01,SLV,2,3,0.44999999999999996,0.56091272830963135,0.55074441432952881,0.56000000238418579,0.55000001192092896,0.14999999999999999,0.20562182366847992,0.20562182366847992,0.20999999344348907,0.20999999344348907,0,0.053119201213121414,0.053119201213121414,0.05000000074505806,0.05000000074505806,0,0.0010670401388779283,0.0010670401388779283,0,0,3,0,unchanged
58,2022-03-01,GTM,3,3,0.69999999999999996,0.62313348054885864,0.6160275936126709,0.62000000476837158,0.62000000476837158,0.28999999999999998,0.21481324732303619,0.21481324732303619,0.20999999344348907,0.20999999344348907,0.040000000000000001,0.053119201213121414,0.053119201213121414,0.05000000074505806,0.05000000074505806,0,0.0010670401388779283,0.0010670401388779283,0,0,3,0,unchanged
59,2022-03-01,GTM,3,3,0.69999999999999996,0.62357240915298462,0.61646652221679688,0.62000000476837158,0.62000000476837158,0.28999999999999998,0.21193969249725342,0.21193969249725342,0.20999999344348907,0.20999999344348907,0.040000000000000001,0.053119201213121414,0.053119201213121414,0.05000000074505806,0.05000000074505806,0,0.0010670401388779283,0.0010670401388779283,0,0,3,0,unchanged
60,2022-03-01,SLV,2,3,0.44999999999999996,0.54152029752731323,0.52829623222351074,0.54000002145767212,0.52999997138977051,0.14999999999999999,0.20009289681911469,0.19805982708930969,0.20000000298023224,0.20000000298023224,0,0.053119201213121414,0.053119201213121414,0.05000000074505806,0.05000000074505806,0,0.0010670401388779283,0.0010670401388779283,0,0,3,0,unchanged
63,2022-03-01,SLV,3,3,0.65000000000000002,0.54630357027053833,0.53638708591461182,0.55000001192092896,0.54000002145767212,0.25,0.22387011349201202,0.22387011349201202,0.2199999988079071,0.2199999988079071,0.029999999999999999,0.053119201213121414,0.053119201213121414,0.05000000074505806,0.05000000074505806,0,0.0010670401388779283,0.0010670401388779283,0,0,3,0,unchanged
65,2022-03-01,SLV,2,3,0.44999999999999996,0.53424686193466187,0.52016746997833252,0.52999997138977051,0.51999998092651367,0.14999999999999999,0.21444712579250336,0.20126646757125854,0.20999999344348907,0.20000000298023224,0,0.053119201213121414,0.053119201213121414,0.05000000074505806,0.05000000074505806,0,0.0010670401388779283,0.0010670401388779283,0,0,3,0,unchanged
66,2022-03-01,SLV,2,3,0.44999999999999996,0.55716264247894287,0.54514998197555542,0.56000000238418579,0.55000001192092896,0.14999999999999999,0.22591494023799896,0.22591494023799896,0.23000000417232513,0.23000000417232513,0,0.048331882804632187,0.048331882804632187,0.05000000074505806,0.05000000074505806,0,0.0010670401388779283,0.0010670401388779283,0,0,3,0,unchanged
67,2022-03-01,GTM,3,3,0.65000000000000002,0.58349072933197021,0.57305407524108887,0.57999998331069946,0.56999999284744263,0.25,0.2479754239320755,0.2479754239320755,0.25,0.25,0.029999999999999999,0.053119201213121414,0.053119201213121414,0.05000000074505806,0.05000000074505806,0,0.0010670401388779283,0.0010670401388779283,0,0,3,0,unchanged
68,2022-03-01,GTM,3,3,0.65000000000000002,0.5804409384727478,0.57478445768356323,0.57999998331069946,0.56999999284744263,0.25,0.26438796520233154,0.26438796520233154,0.25999999046325684,0.25999999046325684,0.029999999999999999,0.064583130180835724,0.064583130180835724,0.059999998658895493,0.059999998658895493,0,0.0010670401388779283,0.0010670401388779283,0,0,3,0,unchanged
69,2022-03-01,GTM,3,3,0.65000000000000002,0.58049136400222778,0.57483488321304321,0.57999998331069946,0.56999999284744263,0.25,0.26543927192687988,0.26543927192687988,0.27000001072883606,0.27000001072883606,0.029999999999999999,0.064583130180835724,0.064583130180835724,0.059999998658895493,0.059999998658895493,0,0.0010670401388779283,0.0010670401388779283,0,0,3,0,unchanged
70,2022-03-01,GTM,3,3,0.65000000000000002,0.58132219314575195,0.57510387897491455,0.57999998331069946,0.57999998331069946,0.25,0.23352088034152985,0.23352088034152985,0.23000000417232513,0.23000000417232513,0.02,0.05589839443564415,0.05589839443564415,0.059999998658895493,0.059999998658895493,0,0.0010670401388779283,0.0010670401388779283,0,0,3,0,unchanged
71,2022-03-01,GTM,3,3,0.65000000000000002,0.5797194242477417,0.5735011100769043,0.57999998331069946,0.56999999284744263,0.25,0.23352088034152985,0.23352088034152985,0.23000000417232513,0.23000000417232513,0.02,0.05589839443564415,0.05589839443564415,0.059999998658895493,0.059999998658895493,0,0.0010670401388779283,0.0010670401388779283,0,0,3,0,unchanged
72,2022-03-01,SLV,2,3,0.44999999999999996,0.56102585792541504,0.55748403072357178,0.56000000238418579,0.56000000238418579,0.14999999999999999,0.22597116231918335,0.22597116231918335,0.23000000417232513,0.23000000417232513,0,0.053119201213121414,0.053119201213121414,0.05000000074505806,0.05000000074505806,0,0.0010670401388779283,0.0010670401388779283,0,0,3,0,unchanged
73,2022-03-01,SLV,2,3,0.44999999999999996,0.55306756496429443,0.54815113544464111,0.55000001192092896,0.55000001192092896,0.14999999999999999,0.19732199609279633,0.20172260701656342,0.20000000298023224,0.20000000298023224,0,0.053119201213121414,0.053119201213121414,0.05000000074505806,0.05000000074505806,0,0.0010670401388779283,0.0010670401388779283,0,0,3,0,unchanged
74,2022-03-01,GTM,2,3,0.44999999999999996,0.55699026584625244,0.55357897281646729,0.56000000238418579,0.55000001192092896,0.14999999999999999,0.19779704511165619,0.20219765603542328,0.20000000298023224,0.20000000298023224,0,0.053119201213121414,0.053119201213121414,0.05000000074505806,0.05000000074505806,0,0.0010670401388779283,0.0010670401388779283,0,0,3,0,unchanged
75,2022-03-01,GTM,2,3,0.44999999999999996,0.53088819980621338,0.52989327907562256,0.52999997138977051,0.52999997138977051,0.14999999999999999,0.23496082425117493,0.23496082425117493,0.23000000417232513,0.23000000417232513,0,0.053119201213121414,0.053119201213121414,0.05000000074505806,0.05000000074505806,0,0.0010670401388779283,0.0010670401388779283,0,0,3,0,unchanged
76,2022-03-01,GTM,2,3,0.44999999999999996,0.53095418214797974,0.52995926141738892,0.52999997138977051,0.52999997138977051,0.14999999999999999,0.22161416709423065,0.22161416709423065,0.2199999988079071,0.2199999988079071,0,0.053119201213121414,0.053119201213121414,0.05000000074505806,0.05000000074505806,0,0.0010670401388779283,0.0010670401388779283,0,0,3,0,unchanged
77,2022-03-01,SLV,2,3,0.44999999999999996,0.53939419984817505,0.54023134708404541,0.54000002145767212,0.54000002145767212,0.14999999999999999,0.24446669220924377,0.24886724352836609,0.23999999463558197,0.25,0,0.048331882804632187,0.048331882804632187,0.05000000074505806,0.05000000074505806,0,0.0010670401388779283,0.0010670401388779283,0,0,3,0,unchanged
78,2022-03-01,GTM,2,3,0.5,0.55367738008499146,0.55353420972824097,0.55000001192092896,0.55000001192092896,0.15000000000000002,0.26025101542472839,0.26220828294754028,0.25999999046325684,0.25999999046325684,0.01,0.053119201213121414,0.053119201213121414,0.05000000074505806,0.05000000074505806,0,0.0010670401388779283,0.0010670401388779283,0,0,3,0,unchanged
79,2022-03-01,GTM,2,3,0.5,0.55319523811340332,0.55305206775665283,0.55000001192092896,0.55000001192092896,0.15000000000000002,0.26025101542472839,0.26220828294754028,0.25999999046325684,0.25999999046325684,0.01,0.053119201213121414,0.053119201213121414,0.05000000074505806,0.05000000074505806,0,0.0010670401388779283,0.0010670401388779283,0,0,3,0,unchanged
80,2022-03-01,GTM,3,3,0.75,0.56627887487411499,0.56184804439544678,0.56999999284744263,0.56000000238418579,0.28999999999999998,0.247017502784729,0.247017502784729,0.25,0.25,0.040000000000000001,0.076590463519096375,0.076590463519096375,0.079999998211860657,0.079999998211860657,0,0.0010670401388779283,0.0010670401388779283,0,0,3,0,unchanged
81,2022-03-01,GTM,3,3,0.75,0.56622135639190674,0.56179052591323853,0.56999999284744263,0.56000000238418579,0.28999999999999998,0.25739634037017822,0.25739634037017822,0.25999999046325684,0.25999999046325684,0.040000000000000001,0.076590463519096375,0.076590463519096375,0.079999998211860657,0.079999998211860657,0,0.0010670401388779283,0.0010670401388779283,0,0,3,0,unchanged
82,2022-03-01,GTM,2,3,0.55000000000000004,0.58220100402832031,0.58218878507614136,0.57999998331069946,0.57999998331069946,0.16999999999999998,0.20803356170654297,0.20803356170654297,0.20999999344348907,0.20999999344348907,0.02,0.05589839443564415,0.05589839443564415,0.059999998658895493,0.059999998658895493,0,0.0010670401388779283,0.0010670401388779283,0,0,3,0,unchanged
83,2022-03-01,GTM,2,3,0.55000000000000004,0.58226776123046875,0.58225554227828979,0.57999998331069946,0.57999998331069946,0.16999999999999998,0.20803356170654297,0.20803356170654297,0.20999999344348907,0.20999999344348907,0.02,0.05589839443564415,0.05589839443564415,0.059999998658895493,0.059999998658895493,0,0.0010670401388779283,0.0010670401388779283,0,0,3,0,unchanged
86,2022-03-01,GTM,2,3,0.63,0.51321101188659668,0.51050472259521484,0.50999999046325684,0.50999999046325684,0.14999999999999999,0.22441157698631287,0.22441157698631287,0.2199999988079071,0.2199999988079071,0,0.053119201213121414,0.053119201213121414,0.05000000074505806,0.05000000074505806,0,0.0010670401388779283,0.0010670401388779283,0,0,3,0,unchanged
87,2022-03-01,GTM,2,3,0.63,0.51513421535491943,0.5124279260635376,0.51999998092651367,0.50999999046325684,0.14999999999999999,0.22441157698631287,0.22441157698631287,0.2199999988079071,0.2199999988079071,0,0.053119201213121414,0.053119201213121414,0.05000000074505806,0.05000000074505806,0,0.0010670401388779283,0.0010670401388779283,0,0,3,0,unchanged
90,2022-03-01,GTM,2,3,0.63,0.52545434236526489,0.523215651512146,0.52999997138977051,0.51999998092651367,0.18000000000000002,0.19939260184764862,0.20717298984527588,0.20000000298023224,0.20999999344348907,0.01,0.05248410627245903,0.05248410627245903,0.05000000074505806,0.05000000074505806,0,0.0010670401388779283,0.0010670401388779283,0,0,3,0,unchanged
91,2022-03-01,GTM,2,3,0.63,0.53065192699432373,0.53125244379043579,0.52999997138977051,0.52999997138977051,0.18000000000000002,0.2175518274307251,0.2175518274307251,0.2199999988079071,0.2199999988079071,0.01,0.05248410627245903,0.05248410627245903,0.05000000074505806,0.05000000074505806,0,0.0010670401388779283,0.0010670401388779283,0,0,3,0,unchanged
92,2022-03-01,GTM,2,3,0.63,0.53106868267059326,0.53116387128829956,0.52999997138977051,0.52999997138977051,0.18000000000000002,0.20717298984527588,0.20717298984527588,0.20999999344348907,0.20999999344348907,0.01,0.05248410627245903,0.05248410627245903,0.05000000074505806,0.05000000074505806,0,0.0010670401388779283,0.0010670401388779283,0,0,3,0,unchanged
93,2022-03-01,GTM,2,3,0.64000000000000001,0.53431814908981323,0.53385466337203979,0.52999997138977051,0.52999997138977051,0.17999999999999999,0.22061403095722198,0.22061403095722198,0.2199999988079071,0.2199999988079071,0.02,0.053119201213121414,0.053119201213121414,0.05000000074505806,0.05000000074505806,0,0.0010670401388779283,0.0010670401388779283,0,0,3,0,unchanged
94,2022-03-01,GTM,2,3,0.64000000000000001,0.53433853387832642,0.53424394130706787,0.52999997138977051,0.52999997138977051,0.17999999999999999,0.22061403095722198,0.22061403095722198,0.2199999988079071,0.2199999988079071,0.02,0.053119201213121414,0.053119201213121414,0.05000000074505806,0.05000000074505806,0,0.0010670401388779283,0.0010670401388779283,0,0,3,0,unchanged
99,2022-03-01,GTM,2,2,0.66000000000000003,0.5493970513343811,0.549407958984375,0.55000001192092896,0.55000001192092896,0.16,0.19211751222610474,0.19211751222610474,0.18999999761581421,0.18999999761581421,0,0.05248410627245903,0.05248410627245903,0.05000000074505806,0.05000000074505806,0,0.0010670401388779283,0.0010670401388779283,0,0,2,0,unchanged
100,2022-03-01,GTM,2,3,0.66000000000000003,0.5497247576713562,0.5497356653213501,0.55000001192092896,0.55000001192092896,0.16,0.20249634981155396,0.20249634981155396,0.20000000298023224,0.20000000298023224,0,0.05248410627245903,0.05248410627245903,0.05000000074505806,0.05000000074505806,0,0.0010670401388779283,0.0010670401388779283,0,0,3,0,unchanged
109,2022-03-01,GTM,3,3,0.70000000000000007,0.53799474239349365,0.53777700662612915,0.54000002145767212,0.54000002145767212,0.25,0.21620500087738037,0.21620500087738037,0.2199999988079071,0.2199999988079071,0.02,0.073506556451320648,0.073506556451320648,0.070000000298023224,0.070000000298023224,0,0.0010670401388779283,0.0010670401388779283,0,0,3,0,unchanged
110,2022-03-01,GTM,3,3,0.70000000000000007,0.53802585601806641,0.5378081202507019,0.54000002145767212,0.54000002145767212,0.25,0.21620500087738037,0.21620500087738037,0.2199999988079071,0.2199999988079071,0.02,0.073506556451320648,0.073506556451320648,0.070000000298023224,0.070000000298023224,0,0.0010670401388779283,0.0010670401388779283,0,0,3,0,unchanged
111,2022-03-01,GTM,2,3,0.60000000000000009,0.59866172075271606,0.59366834163665771,0.60000002384185791,0.5899999737739563,0.15000000000000002,0.20610451698303223,0.20610451698303223,0.20999999344348907,0.20999999344348907,0.01,0.053119201213121414,0.053119201213121414,0.05000000074505806,0.05000000074505806,0,0.0010670401388779283,0.0010670401388779283,0,0,3,0,unchanged
112,2022-03-01,GTM,2,3,0.60000000000000009,0.59408742189407349,0.58897066116333008,0.5899999737739563,0.5899999737739563,0.15000000000000002,0.20015272498130798,0.20015272498130798,0.20000000298023224,0.20000000298023224,0.01,0.053119201213121414,0.053119201213121414,0.05000000074505806,0.05000000074505806,0,0.0010670401388779283,0.0010670401388779283,0,0,3,0,unchanged
113,2022-03-01,GTM,3,3,0.60000000000000009,0.55266040563583374,0.5525134801864624,0.55000001192092896,0.55000001192092896,0.23000000000000001,0.23887249827384949,0.23887249827384949,0.23999999463558197,0.23999999463558197,0.029999999999999999,0.073506556451320648,0.073506556451320648,0.070000000298023224,0.070000000298023224,0,0.0010670401388779283,0.0010670401388779283,0,0,3,0,unchanged
114,2022-03-01,GTM,3,3,0.60000000000000009,0.55152273178100586,0.55134356021881104,0.55000001192092896,0.55000001192092896,0.23000000000000001,0.2499421089887619,0.2499421089887619,0.25,0.25,0.029999999999999999,0.073506556451320648,0.073506556451320648,0.070000000298023224,0.070000000298023224,0,0.0010670401388779283,0.0010670401388779283,0,0,3,0,unchanged
136,2022-07-01,COD,2,2,0.59999999999999998,0.67052257061004639,0.67308199405670166,0.67000001668930054,0.67000001668930054,0.14999999999999999,0.17885684967041016,0.17885684967041016,0.18000000715255737,0.18000000715255737,0,0.049809377640485764,0.049809377640485764,0.05000000074505806,0.05000000074505806,0,0.0010670401388779283,0.0010670401388779283,0,0,2,0,unchanged
160,2022-07-01,COD,3,2,0.80000000000000004,0.65940338373184204,0.65940338373184204,0.6600000262260437,0.6600000262260437,0.25,0.18088364601135254,0.18088364601135254,0.18000000715255737,0.18000000715255737,0.050000000000000003,0.049809377640485764,0.049809377640485764,0.05000000074505806,0.05000000074505806,0,0.0010670401388779283,0.0010670401388779283,0,0,2,0,unchanged
161,2022-07-01,COD,3,2,0.80000000000000004,0.66056740283966064,0.66056740283966064,0.6600000262260437,0.6600000262260437,0.25,0.17666253447532654,0.17666253447532654,0.18000000715255737,0.18000000715255737,0.050000000000000003,0.049809377640485764,0.049809377640485764,0.05000000074505806,0.05000000074505806,0,0.0010670401388779283,0.0010670401388779283,0,0,2,0,unchanged
165,2022-09-01,CAF,4,3,0.85000000000000009,0.79386287927627563,0.7954484224319458,0.79000002145767212,0.80000001192092896,0.60000000000000009,0.45986711978912354,0.44668647646903992,0.46000000834465027,0.44999998807907104,0.20000000000000001,0.13425272703170776,0.13425272703170776,0.12999999523162842,0.12999999523162842,0,0.0010670401388779283,0.0010670401388779283,0,0,3,0,unchanged
169,2022-07-01,COD,3,3,0.75,0.62715303897857666,0.63675969839096069,0.62999999523162842,0.63999998569488525,0.25,0.20816883444786072,0.21792459487915039,0.20999999344348907,0.2199999988079071,0.050000000000000003,0.054889809340238571,0.054889809340238571,0.05000000074505806,0.05000000074505806,0,0.0010670401388779283,0.0010670401388779283,0,0,3,0,unchanged
174,2022-09-01,CAF,3,3,0.84999999999999998,0.82774144411087036,0.8319275975227356,0.82999998331069946,0.82999998331069946,0.55000000000000004,0.45694297552108765,0.45694297552108765,0.46000000834465027,0.46000000834465027,0.14999999999999999,0.13212676346302032,0.13212676346302032,0.12999999523162842,0.12999999523162842,0,0.0010670401388779283,0.0010670401388779283,0,0,3,0,unchanged
175,2022-09-01,CAF,3,3,0.84999999999999998,0.82698947191238403,0.829367995262146,0.82999998331069946,0.82999998331069946,0.55000000000000004,0.46542620658874512,0.46542620658874512,0.4699999988079071,0.4699999988079071,0.14999999999999999,0.13212676346302032,0.13212676346302032,0.12999999523162842,0.12999999523162842,0,0.0010670401388779283,0.0010670401388779283,0,0,3,0,unchanged
177,2022-09-01,CAF,3,3,0.84999999999999998,0.83740657567977905,0.83839225769042969,0.8399999737739563,0.8399999737739563,0.55000000000000004,0.45694297552108765,0.45694297552108765,0.46000000834465027,0.46000000834465027,0.14999999999999999,0.12966331839561462,0.12966331839561462,0.12999999523162842,0.12999999523162842,0,0.0010670401388779283,0.0010670401388779283,0,0,3,0,unchanged
189,2022-07-01,COD,3,3,0.75000000000000011,0.60328119993209839,0.61380666494369507,0.60000002384185791,0.61000001430511475,0.20000000000000001,0.20928505063056946,0.20928505063056946,0.20999999344348907,0.20999999344348907,0.050000000000000003,0.061372403055429459,0.061372403055429459,0.059999998658895493,0.059999998658895493,0,0.0010670401388779283,0.0010670401388779283,0,0,3,0,unchanged
190,2022-07-01,COD,3,3,0.75000000000000011,0.59844017028808594,0.60074961185455322,0.60000002384185791,0.60000002384185791,0.20000000000000001,0.20141418278217316,0.20141418278217316,0.20000000298023224,0.20000000298023224,0.050000000000000003,0.063360400497913361,0.063360400497913361,0.059999998658895493,0.059999998658895493,0,0.0010670401388779283,0.0010670401388779283,0,0,3,0,unchanged
216,2022-09-01,CAF,3,3,0.79999999999999993,0.66947478055953979,0.67547392845153809,0.67000001668930054,0.68000000715255737,0.44999999999999996,0.29748442769050598,0.29748442769050598,0.30000001192092896,0.30000001192092896,0.14999999999999999,0.075073771178722382,0.075073771178722382,0.079999998211860657,0.079999998211860657,0,0.0010670401388779283,0.0010670401388779283,0,0,3,0,unchanged
229,2022-09-01,CAF,3,3,0.75,0.69460910558700562,0.69437408447265625,0.68999999761581421,0.68999999761581421,0.40000000000000002,0.2414793074131012,0.2414793074131012,0.23999999463558197,0.23999999463558197,0.14999999999999999,0.06010085716843605,0.06010085716843605,0.059999998658895493,0.059999998658895493,0,0.0010670401388779283,0.0010670401388779283,0,0,3,0,unchanged
230,2022-07-01,COD,3,3,0.55000000000000004,0.68188130855560303,0.69096612930297852,0.68000000715255737,0.68999999761581421,0.20000000000000001,0.24908611178398132,0.24908611178398132,0.25,0.25,0,0.076279632747173309,0.076279632747173309,0.079999998211860657,0.079999998211860657,0,0.0010670401388779283,0.0010670401388779283,0,0,3,0,unchanged
234,2022-07-01,CAF,3,3,0.75,0.72132611274719238,0.72132611274719238,0.72000002861022949,0.72000002861022949,0.29999999999999999,0.2938092052936554,0.29295623302459717,0.28999999165534973,0.28999999165534973,0.050000000000000003,0.079294353723526001,0.079294353723526001,0.079999998211860657,0.079999998211860657,0,0.0010670401388779283,0.0010670401388779283,0,0,3,0,unchanged
234,2022-09-01,CAF,3,3,0.55000000000000004,0.67961275577545166,0.67939847707748413,0.68000000715255737,0.68000000715255737,0.20000000000000001,0.21402363479137421,0.21402363479137421,0.20999999344348907,0.20999999344348907,0,0.06010085716843605,0.06010085716843605,0.059999998658895493,0.059999998658895493,0,0.0010670401388779283,0.0010670401388779283,0,0,3,0,unchanged
237,2022-07-01,CAF,3,3,0.75,0.72050011157989502,0.71620368957519531,0.72000002861022949,0.72000002861022949,0.29999999999999999,0.27647978067398071,0.27647978067398071,0.2800000011920929,0.2800000011920929,0.050000000000000003,0.076865769922733307,0.076865769922733307,0.079999998211860657,0.079999998211860657,0,0.0010670401388779283,0.0010670401388779283,0,0,3,0,unchanged
237,2022-09-01,CAF,3,3,0.55000000000000004,0.67742633819580078,0.67599469423294067,0.68000000715255737,0.68000000715255737,0.20000000000000001,0.21632042527198792,0.21632042527198792,0.2199999988079071,0.2199999988079071,0,0.057672273367643356,0.064731337130069733,0.059999998658895493,0.059999998658895493,0,0.0010670401388779283,0.0010670401388779283,0,0,3,0,unchanged
239,2022-07-01,CAF,3,3,0.75,0.72156977653503418,0.71727335453033447,0.72000002861022949,0.72000002861022949,0.29999999999999999,0.27647978067398071,0.27647978067398071,0.2800000011920929,0.2800000011920929,0.050000000000000003,0.076865769922733307,0.076865769922733307,0.079999998211860657,0.079999998211860657,0,0.0010670401388779283,0.0010670401388779283,0,0,3,0,unchanged
239,2022-09-01,CAF,3,3,0.55000000000000004,0.68199467658996582,0.68045014142990112,0.68000000715255737,0.68000000715255737,0.20000000000000001,0.20808298885822296,0.20808298885822296,0.20999999344348907,0.20999999344348907,0,0.057672273367643356,0.064731337130069733,0.059999998658895493,0.059999998658895493,0,0.0010670401388779283,0.0010670401388779283,0,0,3,0,unchanged
242,2022-07-01,COD,2,3,0.5,0.64011198282241821,0.63876688480377197,0.63999998569488525,0.63999998569488525,0.14999999999999999,0.25839358568191528,0.25811904668807983,0.25999999046325684,0.25999999046325684,0,0.06727958470582962,0.06727958470582962,0.070000000298023224,0.070000000298023224,0,0.0010670401388779283,0.0010670401388779283,0,0,3,0,unchanged
251,2022-09-01,CAF,3,3,0.69999999999999996,0.69096112251281738,0.69538676738739014,0.68999999761581421,0.69999998807907104,0.34999999999999998,0.33306428790092468,0.33306428790092468,0.33000001311302185,0.33000001311302185,0.050000000000000003,0.056904386729001999,0.063129767775535583,0.059999998658895493,0.059999998658895493,0,0.0010670401388779283,0.0010670401388779283,0,0,3,0,unchanged
258,2022-09-01,CAF,3,3,0.69999999999999996,0.68749964237213135,0.67779916524887085,0.68999999761581421,0.68000000715255737,0.34999999999999998,0.25323763489723206,0.25323763489723206,0.25,0.25,0.050000000000000003,0.058607954531908035,0.062945328652858734,0.059999998658895493,0.059999998658895493,0,0.0010670401388779283,0.0010670401388779283,0,0,3,0,unchanged
263,2022-07-01,COD,3,3,0.65000000000000002,0.66456389427185059,0.66840797662734985,0.6600000262260437,0.67000001668930054,0.20000000000000001,0.25114881992340088,0.25114881992340088,0.25,0.25,0,0.06727958470582962,0.06727958470582962,0.070000000298023224,0.070000000298023224,0,0.0010670401388779283,0.0010670401388779283,0,0,3,0,unchanged
264,2022-07-01,COD,3,3,0.65000000000000002,0.66456389427185059,0.66840797662734985,0.6600000262260437,0.67000001668930054,0.20000000000000001,0.25114881992340088,0.25114881992340088,0.25,0.25,0,0.06727958470582962,0.06727958470582962,0.070000000298023224,0.070000000298023224,0,0.0010670401388779283,0.0010670401388779283,0,0,3,0,unchanged
280,2022-09-01,CAF,3,3,0.79999999999999993,0.67030429840087891,0.68124467134475708,0.67000001668930054,0.68000000715255737,0.44999999999999996,0.39273032546043396,0.39273032546043396,0.38999998569488525,0.38999998569488525,0.10000000000000001,0.10638982057571411,0.10638982057571411,0.10999999940395355,0.10999999940395355,0,0.0010670401388779283,0.0010670401388779283,0,0,3,0,unchanged
282,2022-07-01,CAF,3,3,0.5,0.72563713788986206,0.72298735380172729,0.73000001907348633,0.72000002861022949,0.20000000000000001,0.29580792784690857,0.31579771637916565,0.30000001192092896,0.31999999284744263,0,0.084603801369667053,0.084603801369667053,0.079999998211860657,0.079999998211860657,0,0.0010670401388779283,0.0010670401388779283,0,0,3,0,unchanged
282,2022-09-01,CAF,3,3,0.74999999999999989,0.66181904077529907,0.65885305404663086,0.6600000262260437,0.6600000262260437,0.44999999999999996,0.36110565066337585,0.37064746022224426,0.36000001430511475,0.37000000476837158,0.10000000000000001,0.10837758332490921,0.10837758332490921,0.10999999940395355,0.10999999940395355,0,0.0010670401388779283,0.0010670401388779283,0,0,3,0,unchanged
283,2022-07-01,CAF,3,3,0.5,0.72604674100875854,0.72339707612991333,0.73000001907348633,0.72000002861022949,0.20000000000000001,0.26964050531387329,0.28528490662574768,0.27000001072883606,0.28999999165534973,0,0.081136725842952728,0.081136725842952728,0.079999998211860657,0.079999998211860657,0,0.0010670401388779283,0.0010670401388779283,0,0,3,0,unchanged
283,2022-09-01,CAF,3,3,0.74999999999999989,0.66369205713272095,0.66086691617965698,0.6600000262260437,0.6600000262260437,0.44999999999999996,0.34461256861686707,0.34980899095535278,0.34000000357627869,0.34999999403953552,0.10000000000000001,0.10819314420223236,0.10819314420223236,0.10999999940395355,0.10999999940395355,0,0.0010670401388779283,0.0010670401388779283,0,0,3,0,unchanged
284,2022-07-01,COD,3,3,0.69999999999999996,0.65117454528808594,0.65151858329772949,0.64999997615814209,0.64999997615814209,0.39999999999999997,0.27978241443634033,0.27978241443634033,0.2800000011920929,0.2800000011920929,0.050000000000000003,0.067755028605461121,0.067755028605461121,0.070000000298023224,0.070000000298023224,0,0.0010670401388779283,0.0010670401388779283,0,0,3,0,unchanged
285,2022-07-01,COD,3,3,0.69999999999999996,0.65122532844543457,0.65156936645507812,0.64999997615814209,0.64999997615814209,0.39999999999999997,0.27978241443634033,0.27978241443634033,0.2800000011920929,0.2800000011920929,0.050000000000000003,0.067755028605461121,0.067755028605461121,0.070000000298023224,0.070000000298023224,0,0.0010670401388779283,0.0010670401388779283,0,0,3,0,unchanged
286,2022-09-01,CAF,3,3,0.74999999999999989,0.69672238826751709,0.72171998023986816,0.69999998807907104,0.72000002861022949,0.44999999999999996,0.37617573142051697,0.37617573142051697,0.37999999523162842,0.37999999523162842,0.10000000000000001,0.1048593670129776,0.1048593670129776,0.10000000149011612,0.10000000149011612,0,0.0010670401388779283,0.0010670401388779283,0,0,3,0,unchanged
290,2022-09-01,CAF,3,3,0.79999999999999993,0.7165520191192627,0.72948414087295532,0.72000002861022949,0.73000001907348633,0.44999999999999996,0.44362109899520874,0.44362109899520874,0.43999999761581421,0.43999999761581421,0.10000000000000001,0.10591437667608261,0.10591437667608261,0.10999999940395355,0.10999999940395355,0,0.0010670401388779283,0.0010670401388779283,0,0,3,0,unchanged
291,2022-07-01,CAF,3,3,0.5,0.72574371099472046,0.7274596095085144,0.73000001907348633,0.73000001907348633,0.20000000000000001,0.36357235908508301,0.36357235908508301,0.36000001430511475,0.36000001430511475,0,0.085079245269298553,0.085079245269298553,0.090000003576278687,0.090000003576278687,0,0.0010670401388779283,0.0010670401388779283,0,0,3,0,unchanged
291,2022-09-01,CAF,3,3,0.74999999999999989,0.71752321720123291,0.71706753969192505,0.72000002861022949,0.72000002861022949,0.44999999999999996,0.39200451970100403,0.36949062347412109,0.38999998569488525,0.37000000476837158,0.10000000000000001,0.069283105432987213,0.068314492702484131,0.070000000298023224,0.070000000298023224,0,0.0010670401388779283,0.0010670401388779283,0,0,3,0,unchanged
296,2022-07-01,COD,3,3,0.84999999999999998,0.68555200099945068,0.68181663751602173,0.68999999761581421,0.68000000715255737,0.34999999999999998,0.30738577246665955,0.30738577246665955,0.31000000238418579,0.31000000238418579,0,0.074686259031295776,0.074686259031295776,0.070000000298023224,0.070000000298023224,0,0.0010670401388779283,0.0010670401388779283,0,0,3,0,unchanged
305,2022-07-01,CAF,3,3,0.5,0.73633182048797607,0.73504388332366943,0.74000000953674316,0.74000000953674316,0.20000000000000001,0.31260496377944946,0.31260496377944946,0.31000000238418579,0.31000000238418579,0,0.07105439156293869,0.07105439156293869,0.070000000298023224,0.070000000298023224,0,0.0010670401388779283,0.0010670401388779283,0,0,3,0,unchanged
314,2022-07-01,CAF,3,3,0.70000000000000007,0.73387992382049561,0.73683404922485352,0.73000001907348633,0.74000000953674316,0.29999999999999999,0.30317908525466919,0.30290454626083374,0.30000001192092896,0.30000001192092896,0.050000000000000003,0.07105439156293869,0.07105439156293869,0.070000000298023224,0.070000000298023224,0,0.0010670401388779283,0.0010670401388779283,0,0,3,0,unchanged
319,2022-09-01,CAF,3,3,0.79999999999999993,0.79239428043365479,0.79486328363418579,0.79000002145767212,0.79000002145767212,0.44999999999999996,0.33901190757751465,0.36833959817886353,0.34000000357627869,0.37000000476837158,0.10000000000000001,0.14770014584064484,0.14770014584064484,0.15000000596046448,0.15000000596046448,0,0.0010670401388779283,0.0010670401388779283,0,0,3,0,unchanged
322,2022-09-01,CAF,3,3,0.79999999999999993,0.79394233226776123,0.79391086101531982,0.79000002145767212,0.79000002145767212,0.44999999999999996,0.36341670155525208,0.39274439215660095,0.36000001430511475,0.38999998569488525,0.10000000000000001,0.14753842353820801,0.14753842353820801,0.15000000596046448,0.15000000596046448,0,0.0010670401388779283,0.0010670401388779283,0,0,3,0,unchanged
323,2022-09-01,CAF,3,3,0.79999999999999993,0.8021506667137146,0.80534672737121582,0.80000001192092896,0.81000000238418579,0.44999999999999996,0.33830299973487854,0.36696261167526245,0.34000000357627869,0.37000000476837158,0.10000000000000001,0.1481388658285141,0.1481388658285141,0.15000000596046448,0.15000000596046448,0,0.0010670401388779283,0.0010670401388779283,0,0,3,0,unchanged
334,2022-04-01,CAF,2,3,0.45000000000000001,0.77988916635513306,0.77190512418746948,0.77999997138977051,0.76999998092651367,0.15000000000000002,0.34291306138038635,0.34291306138038635,0.34000000357627869,0.34000000357627869,0.050000000000000003,0.10580901056528091,0.10580901056528091,0.10999999940395355,0.10999999940395355,0,0.0010670401388779283,0.0010670401388779283,0,0,3,0,unchanged
335,2022-04-01,CAF,2,3,0.45000000000000001,0.75092971324920654,0.74639445543289185,0.75,0.75,0.15000000000000002,0.35196104645729065,0.35196104645729065,0.34999999403953552,0.34999999403953552,0.050000000000000003,0.10993483662605286,0.10993483662605286,0.10999999940395355,0.10999999940395355,0,0.0010670401388779283,0.0010670401388779283,0,0,3,0,unchanged
347,2022-09-01,CAF,4,3,0.89999999999999991,0.75525277853012085,0.77939414978027344,0.75999999046325684,0.77999997138977051,0.55000000000000004,0.36096608638763428,0.36096608638763428,0.36000001430511475,0.36000001430511475,0.20000000000000001,0.11190635710954666,0.11190635710954666,0.10999999940395355,0.10999999940395355,0,0.0010670401388779283,0.0010670401388779283,0,0,3,0,unchanged
370,2022-07-01,COD,3,3,0.69999999999999996,0.59842252731323242,0.59921890497207642,0.60000002384185791,0.60000002384185791,0.29999999999999999,0.26507055759429932,0.26507055759429932,0.27000001072883606,0.27000001072883606,0,0.067191608250141144,0.067191608250141144,0.070000000298023224,0.070000000298023224,0,0.0010670401388779283,0.0010670401388779283,0,0,3,0,unchanged
374,2022-07-01,COD,3,3,0.69999999999999996,0.60171622037887573,0.60280615091323853,0.60000002384185791,0.60000002384185791,0.29999999999999999,0.26417359709739685,0.26417359709739685,0.25999999046325684,0.25999999046325684,0,0.067191608250141144,0.067191608250141144,0.070000000298023224,0.070000000298023224,0,0.0010670401388779283,0.0010670401388779283,0,0,3,0,unchanged
391,2022-07-01,COD,3,3,0.75,0.6632111668586731,0.66694444417953491,0.6600000262260437,0.67000001668930054,0.25,0.29873171448707581,0.29873171448707581,0.30000001192092896,0.30000001192092896,0.050000000000000003,0.077266238629817963,0.077266238629817963,0.079999998211860657,0.079999998211860657,0,0.0010670401388779283,0.0010670401388779283,0,0,3,0,unchanged
409,2022-07-01,COD,2,3,0.59999999999999998,0.68269425630569458,0.69090521335601807,0.68000000715255737,0.68999999761581421,0.14999999999999999,0.25582680106163025,0.25582680106163025,0.25999999046325684,0.25999999046325684,0,0.068072453141212463,0.068072453141212463,0.070000000298023224,0.070000000298023224,0,0.0010670401388779283,0.0010670401388779283,0,0,3,0,unchanged
410,2022-07-01,COD,2,3,0.59999999999999998,0.68286627531051636,0.69107723236083984,0.68000000715255737,0.68999999761581421,0.14999999999999999,0.25582680106163025,0.25582680106163025,0.25999999046325684,0.25999999046325684,0,0.068072453141212463,0.068072453141212463,0.070000000298023224,0.070000000298023224,0,0.0010670401388779283,0.0010670401388779283,0,0,3,0,unchanged
413,2022-07-01,COD,2,3,0.59999999999999998,0.66407173871994019,0.67394620180130005,0.6600000262260437,0.67000001668930054,0.14999999999999999,0.24281385540962219,0.25224074721336365,0.23999999463558197,0.25,0,0.068072453141212463,0.068072453141212463,0.070000000298023224,0.070000000298023224,0,0.0010670401388779283,0.0010670401388779283,0,0,3,0,unchanged
417,2022-07-01,COD,3,3,0.65000000000000002,0.77316665649414062,0.75572878122329712,0.76999998092651367,0.75999999046325684,0.20000000000000001,0.31851330399513245,0.31851330399513245,0.31999999284744263,0.31999999284744263,0.050000000000000003,0.077741682529449463,0.077741682529449463,0.079999998211860657,0.079999998211860657,0,0.0010670401388779283,0.0010670401388779283,0,0,3,0,unchanged
420,2022-07-01,COD,2,3,0.65000000000000002,0.6100350022315979,0.62161344289779663,0.61000001430511475,0.62000000476837158,0.14999999999999999,0.28362539410591125,0.28362539410591125,0.2800000011920929,0.2800000011920929,0,0.072444438934326172,0.072444438934326172,0.070000000298023224,0.070000000298023224,0,0.0010670401388779283,0.0010670401388779283,0,0,3,0,unchanged
435,2022-10-01,CAF,3,3,0.84999999999999998,0.62376892566680908,0.62362861633300781,0.62000000476837158,0.62000000476837158,0.40000000000000002,0.3437618613243103,0.3437618613243103,0.34000000357627869,0.34000000357627869,0.10000000000000001,0.089858561754226685,0.081820555031299591,0.090000003576278687,0.079999998211860657,0,0.0010670401388779283,0.0010670401388779283,0,0,3,0,unchanged
436,2022-10-01,CAF,3,3,0.84999999999999998,0.64938056468963623,0.63694512844085693,0.64999997615814209,0.63999998569488525,0.40000000000000002,0.33440181612968445,0.33440181612968445,0.33000001311302185,0.33000001311302185,0.10000000000000001,0.089858561754226685,0.081820555031299591,0.090000003576278687,0.079999998211860657,0,0.0010670401388779283,0.0010670401388779283,0,0,3,0,unchanged
441,2022-10-01,CAF,3,3,0.84999999999999998,0.64464408159255981,0.63220852613449097,0.63999998569488525,0.62999999523162842,0.40000000000000002,0.35653248429298401,0.35653248429298401,0.36000001430511475,0.36000001430511475,0.10000000000000001,0.089858561754226685,0.081820555031299591,0.090000003576278687,0.079999998211860657,0,0.0010670401388779283,0.0010670401388779283,0,0,3,0,unchanged
443,2022-07-01,COD,3,3,0.75,0.68425875902175903,0.68776768445968628,0.68000000715255737,0.68999999761581421,0.29999999999999999,0.22602041065692902,0.22743131220340729,0.23000000417232513,0.23000000417232513,0.050000000000000003,0.062532372772693634,0.062532372772693634,0.059999998658895493,0.059999998658895493,0,0.0010670401388779283,0.0010670401388779283,0,0,3,0,unchanged
446,2022-07-01,COD,2,3,0.70000000000000007,0.66774123907089233,0.67072343826293945,0.67000001668930054,0.67000001668930054,0.14999999999999999,0.25392913818359375,0.25392913818359375,0.25,0.25,0,0.062532372772693634,0.062532372772693634,0.059999998658895493,0.059999998658895493,0,0.0010670401388779283,0.0010670401388779283,0,0,3,0,unchanged
451,2022-07-01,COD,3,3,0.70000000000000007,0.6724962592124939,0.67040067911148071,0.67000001668930054,0.67000001668930054,0.20000000000000001,0.36075079441070557,0.36075079441070557,0.36000001430511475,0.36000001430511475,0.050000000000000003,0.067770250141620636,0.067770250141620636,0.070000000298023224,0.070000000298023224,0,0.0010670401388779283,0.0010670401388779283,0,0,3,0,unchanged
452,2022-07-01,COD,3,3,0.70000000000000007,0.63150322437286377,0.63003426790237427,0.62999999523162842,0.62999999523162842,0.20000000000000001,0.25754651427268982,0.25754651427268982,0.25999999046325684,0.25999999046325684,0.050000000000000003,0.067770250141620636,0.067770250141620636,0.070000000298023224,0.070000000298023224,0,0.0010670401388779283,0.0010670401388779283,0,0,3,0,unchanged
459,2022-07-01,COD,3,3,0.75,0.69494277238845825,0.69081723690032959,0.68999999761581421,0.68999999761581421,0.29999999999999999,0.24744804203510284,0.24744804203510284,0.25,0.25,0.050000000000000003,0.062532372772693634,0.062532372772693634,0.059999998658895493,0.059999998658895493,0,0.0010670401388779283,0.0010670401388779283,0,0,3,0,unchanged
471,2022-07-01,COD,2,3,0.75,0.57780402898788452,0.57758921384811401,0.57999998331069946,0.57999998331069946,0.10000000000000001,0.29913288354873657,0.29913288354873657,0.30000001192092896,0.30000001192092896,0,0.072494834661483765,0.072494834661483765,0.070000000298023224,0.070000000298023224,0,0.0010670401388779283,0.0010670401388779283,0,0,3,0,unchanged
472,2022-07-01,COD,2,3,0.75,0.57780402898788452,0.57758921384811401,0.57999998331069946,0.57999998331069946,0.10000000000000001,0.29913288354873657,0.29913288354873657,0.30000001192092896,0.30000001192092896,0,0.072494834661483765,0.072494834661483765,0.070000000298023224,0.070000000298023224,0,0.0010670401388779283,0.0010670401388779283,0,0,3,0,unchanged
492,2022-07-01,COD,3,3,0.70000000000000007,0.64245331287384033,0.63027727603912354,0.63999998569488525,0.62999999523162842,0.25,0.28507411479949951,0.28507411479949951,0.28999999165534973,0.28999999165534973,0.050000000000000003,0.073554970324039459,0.073554970324039459,0.070000000298023224,0.070000000298023224,0,0.0010670401388779283,0.0010670401388779283,0,0,3,0,unchanged
494,2022-07-01,COD,3,3,0.70000000000000007,0.64460206031799316,0.63242614269256592,0.63999998569488525,0.62999999523162842,0.25,0.23384441435337067,0.23384441435337067,0.23000000417232513,0.23000000417232513,0.050000000000000003,0.073554970324039459,0.073554970324039459,0.070000000298023224,0.070000000298023224,0,0.0010670401388779283,0.0010670401388779283,0,0,3,0,unchanged
495,2022-02-01,SSD,4,3,0.94999999999999996,0.75044143199920654,0.75044143199920654,0.75,0.75,0.85000000000000009,0.37898045778274536,0.37898045778274536,0.37999999523162842,0.37999999523162842,0.5,0.090413212776184082,0.090413212776184082,0.090000003576278687,0.090000003576278687,0.050000000000000003,0.0010670401388779283,0.0010670401388779283,0,0,3,0,unchanged
495,2022-10-01,SSD,3,3,0.84999999999999998,0.71592390537261963,0.71387457847595215,0.72000002861022949,0.70999997854232788,0.40000000000000002,0.30934658646583557,0.30934658646583557,0.31000000238418579,0.31000000238418579,0.10000000000000001,0.082196027040481567,0.074158020317554474,0.079999998211860657,0.070000000298023224,0,0.0010670401388779283,0.0010670401388779283,0,0,3,0,unchanged
496,2022-02-01,SSD,4,3,0.94999999999999996,0.7316398024559021,0.7316398024559021,0.73000001907348633,0.73000001907348633,0.85000000000000009,0.37898045778274536,0.37898045778274536,0.37999999523162842,0.37999999523162842,0.5,0.090413212776184082,0.090413212776184082,0.090000003576278687,0.090000003576278687,0.050000000000000003,0.0010670401388779283,0.0010670401388779283,0,0,3,0,unchanged
496,2022-10-01,SSD,3,3,0.84999999999999998,0.71014660596847534,0.70809727907180786,0.70999997854232788,0.70999997854232788,0.40000000000000002,0.30934658646583557,0.30934658646583557,0.31000000238418579,0.31000000238418579,0.10000000000000001,0.082196027040481567,0.074158020317554474,0.079999998211860657,0.070000000298023224,0,0.0010670401388779283,0.0010670401388779283,0,0,3,0,unchanged
512,2022-10-01,SSD,4,3,0.89999999999999991,0.79521220922470093,0.82274085283279419,0.80000001192092896,0.81999999284744263,0.64999999999999991,0.57362234592437744,0.57362234592437744,0.56999999284744263,0.56999999284744263,0.29999999999999999,0.15202216804027557,0.14398415386676788,0.15000000596046448,0.14000000059604645,0,0.0010670401388779283,0.0010670401388779283,0,0,3,0,unchanged
513,2022-10-01,SSD,4,3,0.89999999999999991,0.79688316583633423,0.82441180944442749,0.80000001192092896,0.81999999284744263,0.64999999999999991,0.56940126419067383,0.56940126419067383,0.56999999284744263,0.56999999284744263,0.29999999999999999,0.15202216804027557,0.14398415386676788,0.15000000596046448,0.14000000059604645,0,0.0010670401388779283,0.0010670401388779283,0,0,3,0,unchanged
518,2022-07-01,COD,3,3,0.79999999999999993,0.6785474419593811,0.67852884531021118,0.68000000715255737,0.68000000715255737,0.40000000000000002,0.24092006683349609,0.22815054655075073,0.23999999463558197,0.23000000417232513,0.10000000000000001,0.070200897753238678,0.070200897753238678,0.070000000298023224,0.070000000298023224,0,0.0010670401388779283,0.0010670401388779283,0,0,3,0,unchanged
519,2022-07-01,COD,3,3,0.79999999999999993,0.68163037300109863,0.68163037300109863,0.68000000715255737,0.68000000715255737,0.40000000000000002,0.24092006683349609,0.22815054655075073,0.23999999463558197,0.23000000417232513,0.10000000000000001,0.070200897753238678,0.070200897753238678,0.070000000298023224,0.070000000298023224,0,0.0010670401388779283,0.0010670401388779283,0,0,3,0,unchanged
520,2022-02-01,SSD,3,3,0.84999999999999998,0.78296583890914917,0.76802009344100952,0.77999997138977051,0.76999998092651367,0.59999999999999998,0.4111187756061554,0.38700452446937561,0.40999999642372131,0.38999998569488525,0.14999999999999999,0.14591847360134125,0.14591847360134125,0.15000000596046448,0.15000000596046448,0,0.0010670401388779283,0.0010670401388779283,0,0,3,0,unchanged
521,2022-02-01,SSD,3,3,0.84999999999999998,0.78178131580352783,0.76683557033538818,0.77999997138977051,0.76999998092651367,0.59999999999999998,0.4111187756061554,0.38700452446937561,0.40999999642372131,0.38999998569488525,0.14999999999999999,0.14591847360134125,0.14591847360134125,0.15000000596046448,0.15000000596046448,0,0.0010670401388779283,0.0010670401388779283,0,0,3,0,unchanged
534,2022-02-01,COD,3,3,0.69999999999999996,0.76592856645584106,0.76564961671829224,0.76999998092651367,0.76999998092651367,0.25,0.36050164699554443,0.37056198716163635,0.36000001430511475,0.37000000476837158,0,0.071720384061336517,0.071720384061336517,0.070000000298023224,0.070000000298023224,0,0.0010670401388779283,0.0010670401388779283,0,0,3,0,unchanged
534,2022-10-01,COD,2,3,0.55000000000000004,0.68780148029327393,0.68801331520080566,0.68999999761581421,0.68999999761581421,0.14999999999999999,0.3591199517250061,0.3591199517250061,0.36000001430511475,0.36000001430511475,0,0.090140856802463531,0.090140856802463531,0.090000003576278687,0.090000003576278687,0,0.0010670401388779283,0.0010670401388779283,0,0,3,0,unchanged
537,2022-02-01,COD,3,3,0.69999999999999996,0.73840963840484619,0.73864567279815674,0.74000000953674316,0.74000000953674316,0.25,0.35583171248435974,0.35583171248435974,0.36000001430511475,0.36000001430511475,0,0.071720384061336517,0.071720384061336517,0.070000000298023224,0.070000000298023224,0,0.0010670401388779283,0.0010670401388779283,0,0,3,0,unchanged
537,2022-10-01,COD,2,3,0.55000000000000004,0.68015044927597046,0.68021291494369507,0.68000000715255737,0.68000000715255737,0.14999999999999999,0.34592193365097046,0.34592193365097046,0.34999999403953552,0.34999999403953552,0,0.066994108259677887,0.066994108259677887,0.070000000298023224,0.070000000298023224,0,0.0010670401388779283,0.0010670401388779283,0,0,3,0,unchanged
547,2022-07-01,COD,3,3,0.84999999999999998,0.72474879026412964,0.71320986747741699,0.72000002861022949,0.70999997854232788,0.40000000000000002,0.34324240684509277,0.34324240684509277,0.34000000357627869,0.34000000357627869,0.10000000000000001,0.078214198350906372,0.078214198350906372,0.079999998211860657,0.079999998211860657,0,0.0010670401388779283,0.0010670401388779283,0,0,3,0,unchanged
555,2022-07-01,COD,3,3,0.69999999999999996,0.62370795011520386,0.63796252012252808,0.62000000476837158,0.63999998569488525,0.34999999999999998,0.24557100236415863,0.2469819039106369,0.25,0.25,0.10000000000000001,0.053651850670576096,0.053651850670576096,0.05000000074505806,0.05000000074505806,0,0.0010670401388779283,0.0010670401388779283,0,0,3,0,unchanged
564,2022-04-01,COD,2,3,0.39999999999999997,0.53763288259506226,0.53752213716506958,0.54000002145767212,0.54000002145767212,0.050000000000000003,0.21040450036525726,0.21040450036525726,0.20999999344348907,0.20999999344348907,0,0.045113731175661087,0.045113731175661087,0.05000000074505806,0.05000000074505806,0,0.0010670401388779283,0.0010670401388779283,0,0,3,0,unchanged
564,2022-06-01,COD,2,3,0.75,0.63040351867675781,0.63018959760665894,0.62999999523162842,0.62999999523162842,0.15000000000000002,0.2540527880191803,0.2540527880191803,0.25,0.25,0.050000000000000003,0.047968287020921707,0.047968287020921707,0.05000000074505806,0.05000000074505806,0,0.0010670401388779283,0.0010670401388779283,0,0,3,0,unchanged
564,2022-07-01,COD,3,3,0.80000000000000004,0.63277697563171387,0.63385009765625,0.62999999523162842,0.62999999523162842,0.25,0.25438690185546875,0.25438690185546875,0.25,0.25,0.050000000000000003,0.051791366189718246,0.051791366189718246,0.05000000074505806,0.05000000074505806,0,0.0010670401388779283,0.0010670401388779283,0,0,3,0,unchanged
565,2022-04-01,COD,2,3,0.39999999999999997,0.53126108646392822,0.53116452693939209,0.52999997138977051,0.52999997138977051,0.050000000000000003,0.2007029801607132,0.2007029801607132,0.20000000298023224,0.20000000298023224,0,0.045113731175661087,0.045113731175661087,0.05000000074505806,0.05000000074505806,0,0.0010670401388779283,0.0010670401388779283,0,0,3,0,unchanged
565,2022-06-01,COD,2,3,0.75,0.62489932775497437,0.62468540668487549,0.62000000476837158,0.62000000476837158,0.15000000000000002,0.2540527880191803,0.2540527880191803,0.25,0.25,0.050000000000000003,0.047968287020921707,0.047968287020921707,0.05000000074505806,0.05000000074505806,0,0.0010670401388779283,0.0010670401388779283,0,0,3,0,unchanged
565,2022-07-01,COD,3,3,0.80000000000000004,0.63385617733001709,0.63492929935455322,0.62999999523162842,0.62999999523162842,0.25,0.25438690185546875,0.25438690185546875,0.25,0.25,0.050000000000000003,0.051791366189718246,0.051791366189718246,0.05000000074505806,0.05000000074505806,0,0.0010670401388779283,0.0010670401388779283,0,0,3,0,unchanged
568,2022-10-01,SSD,4,3,0.85000000000000009,0.82673823833465576,0.8276180624961853,0.82999998331069946,0.82999998331069946,0.64999999999999991,0.48624986410140991,0.48624986410140991,0.49000000953674316,0.49000000953674316,0.29999999999999999,0.17105846107006073,0.16302044689655304,0.17000000178813934,0.15999999642372131,0,0.0010670401388779283,0.0010670401388779283,0,0,3,0,unchanged
570,2022-02-01,COD,3,3,0.69999999999999996,0.76854985952377319,0.75819879770278931,0.76999998092651367,0.75999999046325684,0.25,0.38518029451370239,0.38518029451370239,0.38999998569488525,0.38999998569488525,0,0.076496779918670654,0.076496779918670654,0.079999998211860657,0.079999998211860657,0,0.0010670401388779283,0.0010670401388779283,0,0,3,0,unchanged
571,2022-02-01,COD,3,3,0.69999999999999996,0.77037835121154785,0.76729929447174072,0.76999998092651367,0.76999998092651367,0.25,0.35950464010238647,0.35950464010238647,0.36000001430511475,0.36000001430511475,0,0.084418065845966339,0.084418065845966339,0.079999998211860657,0.079999998211860657,0,0.0010670401388779283,0.0010670401388779283,0,0,3,0,unchanged
577,2022-10-01,SSD,2,3,0.55000000000000004,0.71724814176559448,0.72270190715789795,0.72000002861022949,0.72000002861022949,0.14999999999999999,0.32974755764007568,0.32974755764007568,0.33000001311302185,0.33000001311302185,0,0.064350470900535583,0.064350470900535583,0.059999998658895493,0.059999998658895493,0,0.0010670401388779283,0.0010670401388779283,0,0,3,0,unchanged
578,2022-10-01,SSD,2,3,0.55000000000000004,0.71717756986618042,0.72263133525848389,0.72000002861022949,0.72000002861022949,0.14999999999999999,0.32974755764007568,0.32974755764007568,0.33000001311302185,0.33000001311302185,0,0.064350470900535583,0.064350470900535583,0.059999998658895493,0.059999998658895493,0,0.0010670401388779283,0.0010670401388779283,0,0,3,0,unchanged
586,2022-02-01,COD,3,3,0.69999999999999996,0.7102348804473877,0.70368897914886475,0.70999997854232788,0.69999998807907104,0.25,0.32439303398132324,0.32439303398132324,0.31999999284744263,0.31999999284744263,0,0.058118660002946854,0.058118660002946854,0.059999998658895493,0.059999998658895493,0,0.0010670401388779283,0.0010670401388779283,0,0,3,0,unchanged
586,2022-07-01,COD,3,3,0.75,0.67553359270095825,0.6555708646774292,0.68000000715255737,0.6600000262260437,0.29999999999999999,0.26903814077377319,0.27343875169754028,0.27000001072883606,0.27000001072883606,0.050000000000000003,0.068509541451931,0.060471523553133011,0.070000000298023224,0.059999998658895493,0,0.0010670401388779283,0.0010670401388779283,0,0,3,0,unchanged
586,2022-10-01,COD,2,3,0.55000000000000004,0.64597362279891968,0.63747912645339966,0.64999997615814209,0.63999998569488525,0.14999999999999999,0.34222671389579773,0.34662732481956482,0.34000000357627869,0.34999999403953552,0,0.058470208197832108,0.058470208197832108,0.059999998658895493,0.059999998658895493,0,0.0010670401388779283,0.0010670401388779283,0,0,3,0,unchanged
587,2022-04-01,COD,2,3,0.30000000000000004,0.45958584547042847,0.46480059623718262,0.46000000834465027,0.46000000834465027,0.10000000000000001,0.24839232861995697,0.24839232861995697,0.25,0.25,0,0.052169639617204666,0.052169639617204666,0.05000000074505806,0.05000000074505806,0,0.0010670401388779283,0.0010670401388779283,0,0,3,0,unchanged
587,2022-06-01,COD,1,3,0.15000000000000002,0.49417242407798767,0.47547453641891479,0.49000000953674316,0.47999998927116394,0.050000000000000003,0.2379833310842514,0.2379833310842514,0.23999999463558197,0.23999999463558197,0,0.045845184475183487,0.045845184475183487,0.05000000074505806,0.05000000074505806,0,0.0010670401388779283,0.0010670401388779283,0,0,3,0,unchanged
587,2022-07-01,COD,3,3,0.80000000000000004,0.60322010517120361,0.60344177484512329,0.60000002384185791,0.60000002384185791,0.29999999999999999,0.24800683557987213,0.24800683557987213,0.25,0.25,0.050000000000000003,0.049668263643980026,0.049668263643980026,0.05000000074505806,0.05000000074505806,0,0.0010670401388779283,0.0010670401388779283,0,0,3,0,unchanged
591,2022-04-01,COD,2,2,0.30000000000000004,0.50034546852111816,0.50083887577056885,0.5,0.5,0.10000000000000001,0.18911811709403992,0.20813167095184326,0.18999999761581421,0.20999999344348907,0,0.045113731175661087,0.069148115813732147,0.05000000074505806,0.070000000298023224,0,0.0010670401388779283,0.0010670401388779283,0,0,3,1,promotion
591,2022-07-01,COD,3,3,0.80000000000000004,0.59505683183670044,0.58948689699172974,0.60000002384185791,0.5899999737739563,0.29999999999999999,0.22910043597221375,0.22910043597221375,0.23000000417232513,0.23000000417232513,0.050000000000000003,0.047294054180383682,0.047294054180383682,0.05000000074505806,0.05000000074505806,0,0.0010670401388779283,0.0010670401388779283,0,0,3,0,unchanged
592,2022-04-01,COD,2,2,0.30000000000000004,0.49998348951339722,0.50047683715820312,0.5,0.5,0.10000000000000001,0.19446954131126404,0.21348309516906738,0.18999999761581421,0.20999999344348907,0,0.045113731175661087,0.069148115813732147,0.05000000074505806,0.070000000298023224,0,0.0010670401388779283,0.0010670401388779283,0,0,3,1,promotion
592,2022-07-01,COD,3,3,0.80000000000000004,0.59551000595092773,0.58994019031524658,0.60000002384185791,0.5899999737739563,0.29999999999999999,0.22374901175498962,0.22374901175498962,0.2199999988079071,0.2199999988079071,0.050000000000000003,0.047294054180383682,0.047294054180383682,0.05000000074505806,0.05000000074505806,0,0.0010670401388779283,0.0010670401388779283,0,0,3,0,unchanged
598,2022-07-01,COD,3,3,0.69999999999999996,0.63724851608276367,0.63962310552597046,0.63999998569488525,0.63999998569488525,0.34999999999999998,0.22193549573421478,0.22193549573421478,0.2199999988079071,0.2199999988079071,0.10000000000000001,0.047294054180383682,0.047294054180383682,0.05000000074505806,0.05000000074505806,0,0.0010670401388779283,0.0010670401388779283,0,0,3,0,unchanged
602,2022-04-01,COD,2,3,0.39999999999999997,0.4847293496131897,0.48135411739349365,0.47999998927116394,0.47999998927116394,0.050000000000000003,0.24554215371608734,0.24554215371608734,0.25,0.25,0,0.045113731175661087,0.045113731175661087,0.05000000074505806,0.05000000074505806,0,0.0010670401388779283,0.0010670401388779283,0,0,3,0,unchanged
602,2022-06-01,COD,2,3,0.75,0.6698533296585083,0.67721384763717651,0.67000001668930054,0.68000000715255737,0.15000000000000002,0.23492075502872467,0.23492075502872467,0.23000000417232513,0.23000000417232513,0.050000000000000003,0.045845184475183487,0.045845184475183487,0.05000000074505806,0.05000000074505806,0,0.0010670401388779283,0.0010670401388779283,0,0,3,0,unchanged
602,2022-07-01,COD,3,3,0.80000000000000004,0.61241734027862549,0.62825250625610352,0.61000001430511475,0.62999999523162842,0.39999999999999997,0.22818580269813538,0.22019997239112854,0.23000000417232513,0.2199999988079071,0.050000000000000003,0.049668263643980026,0.049668263643980026,0.05000000074505806,0.05000000074505806,0,0.0010670401388779283,0.0010670401388779283,0,0,3,0,unchanged
605,2022-10-01,SSD,4,3,0.80000000000000004,0.76584452390670776,0.77709788084030151,0.76999998092651367,0.77999997138977051,0.55000000000000004,0.45836642384529114,0.45836642384529114,0.46000000834465027,0.46000000834465027,0.29999999999999999,0.10980410128831863,0.10176609456539154,0.10999999940395355,0.10000000149011612,0,0.0010670401388779283,0.0010670401388779283,0,0,3,0,unchanged
606,2022-10-01,SSD,4,3,0.80000000000000004,0.76666843891143799,0.77792179584503174,0.76999998092651367,0.77999997138977051,0.55000000000000004,0.45414528250694275,0.45414528250694275,0.44999998807907104,0.44999998807907104,0.29999999999999999,0.10980410128831863,0.10176609456539154,0.10999999940395355,0.10000000149011612,0,0.0010670401388779283,0.0010670401388779283,0,0,3,0,unchanged
607,2022-07-01,COD,3,3,0.69999999999999996,0.65710479021072388,0.65597993135452271,0.6600000262260437,0.6600000262260437,0.34999999999999998,0.24008606374263763,0.26315340399742126,0.23999999463558197,0.25999999046325684,0.10000000000000001,0.047294054180383682,0.047294054180383682,0.05000000074505806,0.05000000074505806,0,0.0010670401388779283,0.0010670401388779283,0,0,3,0,unchanged
608,2022-07-01,COD,3,3,0.84999999999999998,0.65365523099899292,0.66672658920288086,0.64999997615814209,0.67000001668930054,0.40000000000000002,0.29652342200279236,0.29652342200279236,0.30000001192092896,0.30000001192092896,0.10000000000000001,0.058348421007394791,0.058348421007394791,0.059999998658895493,0.059999998658895493,0,0.0010670401388779283,0.0010670401388779283,0,0,3,0,unchanged
609,2022-07-01,COD,3,3,0.84999999999999998,0.65422046184539795,0.67521452903747559,0.64999997615814209,0.68000000715255737,0.40000000000000002,0.30074456334114075,0.30074456334114075,0.30000001192092896,0.30000001192092896,0.10000000000000001,0.058348421007394791,0.058348421007394791,0.059999998658895493,0.059999998658895493,0,0.0010670401388779283,0.0010670401388779283,0,0,3,0,unchanged
611,2022-06-01,COD,2,3,0.30000000000000004,0.61539125442504883,0.61406564712524414,0.62000000476837158,0.61000001430511475,0.10000000000000001,0.28133612871170044,0.28133612871170044,0.2800000011920929,0.2800000011920929,0,0.052648048847913742,0.052648048847913742,0.05000000074505806,0.05000000074505806,0,0.0010670401388779283,0.0010670401388779283,0,0,3,0,unchanged
611,2022-07-01,COD,3,3,0.69999999999999996,0.62448853254318237,0.62292802333831787,0.62000000476837158,0.62000000476837158,0.34999999999999998,0.24008606374263763,0.26315340399742126,0.23999999463558197,0.25999999046325684,0.10000000000000001,0.047294054180383682,0.047294054180383682,0.05000000074505806,0.05000000074505806,0,0.0010670401388779283,0.0010670401388779283,0,0,3,0,unchanged
613,2022-04-01,COD,2,3,0.34999999999999998,0.55443310737609863,0.55180400609970093,0.55000001192092896,0.55000001192092896,0.10000000000000001,0.22586327791213989,0.22586327791213989,0.23000000417232513,0.23000000417232513,0,0.047170493751764297,0.047170493751764297,0.05000000074505806,0.05000000074505806,0,0.0010670401388779283,0.0010670401388779283,0,0,3,0,unchanged
613,2022-06-01,COD,2,3,0.40000000000000002,0.49165433645248413,0.50345695018768311,0.49000000953674316,0.5,0.14999999999999999,0.2243315577507019,0.2243315577507019,0.2199999988079071,0.2199999988079071,0,0.047901954501867294,0.047901954501867294,0.05000000074505806,0.05000000074505806,0,0.0010670401388779283,0.0010670401388779283,0,0,3,0,unchanged
613,2022-07-01,COD,3,3,0.84999999999999998,0.57750385999679565,0.59042859077453613,0.57999998331069946,0.5899999737739563,0.5,0.23524698615074158,0.23524698615074158,0.23999999463558197,0.23999999463558197,0.14999999999999999,0.047294054180383682,0.047294054180383682,0.05000000074505806,0.05000000074505806,0,0.0010670401388779283,0.0010670401388779283,0,0,3,0,unchanged
614,2022-07-01,COD,3,3,0.90000000000000002,0.67496919631958008,0.68842536211013794,0.67000001668930054,0.68999999761581421,0.44999999999999996,0.31114292144775391,0.31104326248168945,0.31000000238418579,0.31000000238418579,0.10000000000000001,0.064988702535629272,0.064988702535629272,0.059999998658895493,0.059999998658895493,0,0.0010670401388779283,0.0010670401388779283,0,0,3,0,unchanged
615,2022-04-01,COD,2,3,0.39999999999999997,0.47912535071372986,0.47850093245506287,0.47999998927116394,0.47999998927116394,0.050000000000000003,0.21294756233692169,0.23650537431240082,0.20999999344348907,0.23999999463558197,0,0.042243402451276779,0.045113731175661087,0.039999999105930328,0.05000000074505806,0,0.0010670401388779283,0.0010670401388779283,0,0,3,0,unchanged
615,2022-06-01,COD,2,3,0.75,0.66440808773040771,0.66206210851669312,0.6600000262260437,0.6600000262260437,0.15000000000000002,0.230465367436409,0.230465367436409,0.23000000417232513,0.23000000417232513,0.050000000000000003,0.045845184475183487,0.045845184475183487,0.05000000074505806,0.05000000074505806,0,0.0010670401388779283,0.0010670401388779283,0,0,3,0,unchanged
615,2022-07-01,COD,3,3,0.80000000000000004,0.60689342021942139,0.6186792254447937,0.61000001430511475,0.62000000476837158,0.39999999999999997,0.22818580269813538,0.22019997239112854,0.23000000417232513,0.2199999988079071,0.050000000000000003,0.049668263643980026,0.049668263643980026,0.05000000074505806,0.05000000074505806,0,0.0010670401388779283,0.0010670401388779283,0,0,3,0,unchanged
616,2022-04-01,COD,2,2,0.30000000000000004,0.38166362047195435,0.46398508548736572,0.37999999523162842,0.46000000834465027,0.10000000000000001,0.17721666395664215,0.18724693357944489,0.18000000715255737,0.18999999761581421,0,0.045113731175661087,0.045113731175661087,0.05000000074505806,0.05000000074505806,0,0.0010670401388779283,0.0010670401388779283,0,0,2,0,unchanged
618,2022-04-01,COD,2,3,0.34999999999999998,0.538524329662323,0.57544362545013428,0.54000002145767212,0.57999998331069946,0.10000000000000001,0.21996904909610748,0.2299993485212326,0.2199999988079071,0.23000000417232513,0,0.047170493751764297,0.047170493751764297,0.05000000074505806,0.05000000074505806,0,0.0010670401388779283,0.0010670401388779283,0,0,3,0,unchanged
618,2022-06-01,COD,2,3,0.40000000000000002,0.4849649965763092,0.49213051795959473,0.47999998927116394,0.49000000953674316,0.14999999999999999,0.22721599042415619,0.22721599042415619,0.23000000417232513,0.23000000417232513,0,0.045845184475183487,0.045845184475183487,0.05000000074505806,0.05000000074505806,0,0.0010670401388779283,0.0010670401388779283,0,0,3,0,unchanged
618,2022-07-01,COD,3,3,0.84999999999999998,0.56546425819396973,0.57961130142211914,0.56999999284744263,0.57999998331069946,0.5,0.2393830269575119,0.2393830269575119,0.23999999463558197,0.23999999463558197,0.14999999999999999,0.047294054180383682,0.047294054180383682,0.05000000074505806,0.05000000074505806,0,0.0010670401388779283,0.0010670401388779283,0,0,3,0,unchanged
623,2022-07-01,COD,3,3,0.90000000000000002,0.68440723419189453,0.6928974986076355,0.68000000715255737,0.68999999761581421,0.44999999999999996,0.33022895455360413,0.33012929558753967,0.33000001311302185,0.33000001311302185,0.10000000000000001,0.064988702535629272,0.064988702535629272,0.059999998658895493,0.059999998658895493,0,0.0010670401388779283,0.0010670401388779283,0,0,3,0,unchanged
625,2022-04-01,COD,2,3,0.30000000000000004,0.38230320811271667,0.38211873173713684,0.37999999523162842,0.37999999523162842,0.10000000000000001,0.23054659366607666,0.23054659366607666,0.23000000417232513,0.23000000417232513,0,0.045113731175661087,0.045113731175661087,0.05000000074505806,0.05000000074505806,0,0.0010670401388779283,0.0010670401388779283,0,0,3,0,unchanged
625,2022-06-01,COD,1,3,0.15000000000000002,0.45986813306808472,0.45913645625114441,0.46000000834465027,0.46000000834465027,0.050000000000000003,0.23227761685848236,0.23227761685848236,0.23000000417232513,0.23000000417232513,0,0.045845184475183487,0.045845184475183487,0.05000000074505806,0.05000000074505806,0,0.0010670401388779283,0.0010670401388779283,0,0,3,0,unchanged
625,2022-07-01,COD,3,3,0.75,0.58826637268066406,0.59843707084655762,0.5899999737739563,0.60000002384185791,0.29999999999999999,0.23732112348079681,0.23732112348079681,0.23999999463558197,0.23999999463558197,0.050000000000000003,0.050303351134061813,0.050303351134061813,0.05000000074505806,0.05000000074505806,0,0.0010670401388779283,0.0010670401388779283,0,0,3,0,unchanged
626,2022-04-01,COD,2,3,0.30000000000000004,0.39157223701477051,0.39101892709732056,0.38999998569488525,0.38999998569488525,0.10000000000000001,0.22927869856357574,0.22927869856357574,0.23000000417232513,0.23000000417232513,0,0.045113731175661087,0.045113731175661087,0.05000000074505806,0.05000000074505806,0,0.0010670401388779283,0.0010670401388779283,0,0,3,0,unchanged
626,2022-06-01,COD,1,3,0.15000000000000002,0.45832306146621704,0.45750692486763,0.46000000834465027,0.46000000834465027,0.050000000000000003,0.23317462205886841,0.23317462205886841,0.23000000417232513,0.23000000417232513,0,0.045845184475183487,0.045845184475183487,0.05000000074505806,0.05000000074505806,0,0.0010670401388779283,0.0010670401388779283,0,0,3,0,unchanged
626,2022-07-01,COD,3,3,0.75,0.58317804336547852,0.59312832355499268,0.57999998331069946,0.5899999737739563,0.29999999999999999,0.22274881601333618,0.22274881601333618,0.2199999988079071,0.2199999988079071,0.050000000000000003,0.050303351134061813,0.050303351134061813,0.05000000074505806,0.05000000074505806,0,0.0010670401388779283,0.0010670401388779283,0,0,3,0,unchanged
630,2022-06-01,ZMB,2,3,0.59999999999999998,0.57645756006240845,0.57900053262710571,0.57999998331069946,0.57999998331069946,0.14999999999999999,0.26079407334327698,0.26079407334327698,0.25999999046325684,0.25999999046325684,0,0.051449064165353775,0.051449064165353775,0.05000000074505806,0.05000000074505806,0,0.0010670401388779283,0.0010670401388779283,0,0,3,0,unchanged
633,2022-06-01,ZMB,2,3,0.59999999999999998,0.56806367635726929,0.56953328847885132,0.56999999284744263,0.56999999284744263,0.14999999999999999,0.24669043719768524,0.24669043719768524,0.25,0.25,0,0.051449064165353775,0.051449064165353775,0.05000000074505806,0.05000000074505806,0,0.0010670401388779283,0.0010670401388779283,0,0,3,0,unchanged
634,2022-04-01,COD,2,2,0.34999999999999998,0.53310364484786987,0.53248631954193115,0.52999997138977051,0.52999997138977051,0.10000000000000001,0.19027051329612732,0.19027051329612732,0.18999999761581421,0.18999999761581421,0,0.048372391611337662,0.048372391611337662,0.05000000074505806,0.05000000074505806,0,0.0010670401388779283,0.0010670401388779283,0,0,2,0,unchanged
634,2022-06-01,COD,2,2,0.40000000000000002,0.53625392913818359,0.53087311983108521,0.54000002145767212,0.52999997138977051,0.14999999999999999,0.18193289637565613,0.18193289637565613,0.18000000715255737,0.18000000715255737,0,0.047968287020921707,0.047968287020921707,0.05000000074505806,0.05000000074505806,0,0.0010670401388779283,0.0010670401388779283,0,0,2,0,unchanged
634,2022-07-01,COD,2,3,0.65000000000000002,0.61239367723464966,0.60723626613616943,0.61000001430511475,0.61000001430511475,0.15000000000000002,0.22770005464553833,0.22770005464553833,0.23000000417232513,0.23000000417232513,0.050000000000000003,0.051791366189718246,0.051791366189718246,0.05000000074505806,0.05000000074505806,0,0.0010670401388779283,0.0010670401388779283,0,0,3,0,unchanged
637,2022-02-01,SSD,4,3,0.94999999999999996,0.77439802885055542,0.76996976137161255,0.76999998092651367,0.76999998092651367,0.65000000000000002,0.42902880907058716,0.40491455793380737,0.43000000715255737,0.40000000596046448,0.20000000000000001,0.12366592139005661,0.12366592139005661,0.11999999731779099,0.11999999731779099,0,0.0010670401388779283,0.0010670401388779283,0,0,3,0,unchanged
637,2022-10-01,SSD,4,3,0.84999999999999987,0.75796020030975342,0.76052618026733398,0.75999999046325684,0.75999999046325684,0.55000000000000004,0.48141008615493774,0.48854720592498779,0.47999998927116394,0.49000000953674316,0.20000000000000001,0.1420215368270874,0.13398352265357971,0.14000000059604645,0.12999999523162842,0,0.0010670401388779283,0.0010670401388779283,0,0,3,0,unchanged
638,2022-02-01,SSD,4,3,0.94999999999999996,0.77680486440658569,0.77237659692764282,0.77999997138977051,0.76999998092651367,0.65000000000000002,0.42902880907058716,0.40491455793380737,0.43000000715255737,0.40000000596046448,0.20000000000000001,0.12366592139005661,0.12366592139005661,0.11999999731779099,0.11999999731779099,0,0.0010670401388779283,0.0010670401388779283,0,0,3,0,unchanged
638,2022-10-01,SSD,4,3,0.84999999999999987,0.76036703586578369,0.76293301582336426,0.75999999046325684,0.75999999046325684,0.55000000000000004,0.48141008615493774,0.48854720592498779,0.47999998927116394,0.49000000953674316,0.20000000000000001,0.1420215368270874,0.13398352265357971,0.14000000059604645,0.12999999523162842,0,0.0010670401388779283,0.0010670401388779283,0,0,3,0,unchanged
639,2022-02-01,SSD,4,3,0.85000000000000009,0.76156461238861084,0.76292252540588379,0.75999999046325684,0.75999999046325684,0.64999999999999991,0.5012357234954834,0.5012357234954834,0.5,0.5,0.29999999999999999,0.11732470989227295,0.11732470989227295,0.11999999731779099,0.11999999731779099,0,0.0010670401388779283,0.0010670401388779283,0,0,3,0,unchanged
640,2022-02-01,SSD,4,3,0.85000000000000009,0.76167482137680054,0.76303273439407349,0.75999999046325684,0.75999999046325684,0.64999999999999991,0.5012357234954834,0.5012357234954834,0.5,0.5,0.29999999999999999,0.11732470989227295,0.11732470989227295,0.11999999731779099,0.11999999731779099,0,0.0010670401388779283,0.0010670401388779283,0,0,3,0,unchanged
642,2022-10-01,SSD,4,3,0.80000000000000004,0.83978992700576782,0.83702421188354492,0.8399999737739563,0.8399999737739563,0.55000000000000004,0.5032423734664917,0.51037949323654175,0.5,0.50999999046325684,0.25,0.1424064040184021,0.1343684047460556,0.14000000059604645,0.12999999523162842,0,0.0010670401388779283,0.0010670401388779283,0,0,3,0,unchanged
643,2022-10-01,SSD,4,3,0.80000000000000004,0.8398403525352478,0.8370746374130249,0.8399999737739563,0.8399999737739563,0.55000000000000004,0.5032423734664917,0.51037949323654175,0.5,0.50999999046325684,0.25,0.1424064040184021,0.1343684047460556,0.14000000059604645,0.12999999523162842,0,0.0010670401388779283,0.0010670401388779283,0,0,3,0,unchanged
644,2022-06-01,COD,2,3,0.30000000000000004,0.57361882925033569,0.57154488563537598,0.56999999284744263,0.56999999284744263,0.10000000000000001,0.2572096586227417,0.2572096586227417,0.25999999046325684,0.25999999046325684,0,0.068856887519359589,0.068856887519359589,0.070000000298023224,0.070000000298023224,0,0.0010670401388779283,0.0010670401388779283,0,0,3,0,unchanged
644,2022-07-01,COD,2,3,0.65000000000000002,0.63003724813461304,0.63029605150222778,0.62999999523162842,0.62999999523162842,0.15000000000000002,0.25204581022262573,0.25204581022262573,0.25,0.25,0.050000000000000003,0.058628063648939133,0.058628063648939133,0.059999998658895493,0.059999998658895493,0,0.0010670401388779283,0.0010670401388779283,0,0,3,0,unchanged
645,2022-06-01,COD,2,3,0.30000000000000004,0.57361882925033569,0.57154488563537598,0.56999999284744263,0.56999999284744263,0.10000000000000001,0.2572096586227417,0.2572096586227417,0.25999999046325684,0.25999999046325684,0,0.068856887519359589,0.068856887519359589,0.070000000298023224,0.070000000298023224,0,0.0010670401388779283,0.0010670401388779283,0,0,3,0,unchanged
645,2022-07-01,COD,2,3,0.65000000000000002,0.63003724813461304,0.63029605150222778,0.62999999523162842,0.62999999523162842,0.15000000000000002,0.25204581022262573,0.25204581022262573,0.25,0.25,0.050000000000000003,0.058628063648939133,0.058628063648939133,0.059999998658895493,0.059999998658895493,0,0.0010670401388779283,0.0010670401388779283,0,0,3,0,unchanged
646,2022-04-01,COD,2,3,0.34999999999999998,0.55435746908187866,0.55881798267364502,0.55000001192092896,0.56000000238418579,0.10000000000000001,0.20202647149562836,0.2130839079618454,0.20000000298023224,0.20999999344348907,0,0.045284520834684372,0.04815484955906868,0.05000000074505806,0.05000000074505806,0,0.0010670401388779283,0.0010670401388779283,0,0,3,0,unchanged
646,2022-07-01,COD,3,3,0.79999999999999993,0.62472325563430786,0.62491017580032349,0.62000000476837158,0.62000000476837158,0.44999999999999996,0.22474032640457153,0.22474032640457153,0.2199999988079071,0.2199999988079071,0.10000000000000001,0.04698428139090538,0.04698428139090538,0.05000000074505806,0.05000000074505806,0,0.0010670401388779283,0.0010670401388779283,0,0,3,0,unchanged
647,2022-04-01,COD,2,3,0.34999999999999998,0.55982363224029541,0.56428414583206177,0.56000000238418579,0.56000000238418579,0.10000000000000001,0.20202647149562836,0.2130839079618454,0.20000000298023224,0.20999999344348907,0,0.045284520834684372,0.04815484955906868,0.05000000074505806,0.05000000074505806,0,0.0010670401388779283,0.0010670401388779283,0,0,3,0,unchanged
647,2022-07-01,COD,3,3,0.79999999999999993,0.62466460466384888,0.6248515248298645,0.62000000476837158,0.62000000476837158,0.44999999999999996,0.22474032640457153,0.22474032640457153,0.2199999988079071,0.2199999988079071,0.10000000000000001,0.04698428139090538,0.04698428139090538,0.05000000074505806,0.05000000074505806,0,0.0010670401388779283,0.0010670401388779283,0,0,3,0,unchanged
649,2022-04-01,COD,2,3,0.34999999999999998,0.53862541913986206,0.57536929845809937,0.54000002145767212,0.57999998331069946,0.10000000000000001,0.20702411234378815,0.21705441176891327,0.20999999344348907,0.2199999988079071,0,0.050619330257177353,0.050619330257177353,0.05000000074505806,0.05000000074505806,0,0.0010670401388779283,0.0010670401388779283,0,0,3,0,unchanged
649,2022-06-01,COD,2,3,0.34999999999999998,0.56903409957885742,0.57110792398452759,0.56999999284744263,0.56999999284744263,0.14999999999999999,0.27598148584365845,0.27598148584365845,0.2800000011920929,0.2800000011920929,0,0.053501840680837631,0.053501840680837631,0.05000000074505806,0.05000000074505806,0,0.0010670401388779283,0.0010670401388779283,0,0,3,0,unchanged
649,2022-07-01,COD,3,3,0.65000000000000002,0.57300186157226562,0.5867195725440979,0.56999999284744263,0.5899999737739563,0.29999999999999999,0.25569862127304077,0.25710955262184143,0.25999999046325684,0.25999999046325684,0.050000000000000003,0.054109629243612289,0.054109629243612289,0.05000000074505806,0.05000000074505806,0,0.0010670401388779283,0.0010670401388779283,0,0,3,0,unchanged
650,2022-04-01,COD,2,3,0.34999999999999998,0.54156118631362915,0.58060795068740845,0.54000002145767212,0.57999998331069946,0.10000000000000001,0.20802228152751923,0.21805255115032196,0.20999999344348907,0.2199999988079071,0,0.050676282495260239,0.050676282495260239,0.05000000074505806,0.05000000074505806,0,0.0010670401388779283,0.0010670401388779283,0,0,3,0,unchanged
650,2022-06-01,COD,2,3,0.34999999999999998,0.57447487115859985,0.58094573020935059,0.56999999284744263,0.57999998331069946,0.14999999999999999,0.29032102227210999,0.29032102227210999,0.28999999165534973,0.28999999165534973,0,0.050276156514883041,0.050276156514883041,0.05000000074505806,0.05000000074505806,0,0.0010670401388779283,0.0010670401388779283,0,0,3,0,unchanged
650,2022-07-01,COD,3,3,0.65000000000000002,0.57322990894317627,0.58925259113311768,0.56999999284744263,0.5899999737739563,0.29999999999999999,0.25443646311759949,0.25584739446640015,0.25,0.25999999046325684,0.050000000000000003,0.047294054180383682,0.047294054180383682,0.05000000074505806,0.05000000074505806,0,0.0010670401388779283,0.0010670401388779283,0,0,3,0,unchanged
651,2022-04-01,BDI,2,3,0.30000000000000004,0.46003663539886475,0.51391655206680298,0.46000000834465027,0.50999999046325684,0.10000000000000001,0.19750684499740601,0.19750684499740601,0.20000000298023224,0.20000000298023224,0,0.041285369545221329,0.041285369545221329,0.039999999105930328,0.039999999105930328,0,0.0010670401388779283,0.0010670401388779283,0,0,3,0,unchanged
651,2022-06-01,BDI,1,2,0.15000000000000002,0.65481024980545044,0.65471524000167847,0.64999997615814209,0.64999997615814209,0.050000000000000003,0.16573800146579742,0.16573800146579742,0.17000000178813934,0.17000000178813934,0,0.040818814188241959,0.040818814188241959,0.039999999105930328,0.039999999105930328,0,0.0010670401388779283,0.0010670401388779283,0,0,2,0,unchanged
651,2022-07-01,BDI,3,3,0.75,0.70141994953155518,0.70109856128692627,0.69999998807907104,0.69999998807907104,0.29999999999999999,0.25813907384872437,0.25813907384872437,0.25999999046325684,0.25999999046325684,0.050000000000000003,0.052180524915456772,0.052180524915456772,0.05000000074505806,0.05000000074505806,0,0.0010670401388779283,0.0010670401388779283,0,0,3,0,unchanged
652,2022-04-01,BDI,2,3,0.30000000000000004,0.46003663539886475,0.51391655206680298,0.46000000834465027,0.50999999046325684,0.10000000000000001,0.19750684499740601,0.19750684499740601,0.20000000298023224,0.20000000298023224,0,0.041285369545221329,0.041285369545221329,0.039999999105930328,0.039999999105930328,0,0.0010670401388779283,0.0010670401388779283,0,0,3,0,unchanged
652,2022-06-01,BDI,1,2,0.15000000000000002,0.66536211967468262,0.66526710987091064,0.67000001668930054,0.67000001668930054,0.050000000000000003,0.17734670639038086,0.17734670639038086,0.18000000715255737,0.18000000715255737,0,0.040818814188241959,0.040818814188241959,0.039999999105930328,0.039999999105930328,0,0.0010670401388779283,0.0010670401388779283,0,0,2,0,unchanged
652,2022-07-01,BDI,3,3,0.75,0.72579556703567505,0.72547417879104614,0.73000001907348633,0.73000001907348633,0.29999999999999999,0.25813907384872437,0.25813907384872437,0.25999999046325684,0.25999999046325684,0.050000000000000003,0.052180524915456772,0.052180524915456772,0.05000000074505806,0.05000000074505806,0,0.0010670401388779283,0.0010670401388779283,0,0,3,0,unchanged
654,2022-06-01,COD,2,3,0.29999999999999999,0.62915384769439697,0.62031853199005127,0.62999999523162842,0.62000000476837158,0.14999999999999999,0.29475891590118408,0.29475891590118408,0.28999999165534973,0.28999999165534973,0,0.070854246616363525,0.062816217541694641,0.070000000298023224,0.059999998658895493,0,0.0010670401388779283,0.0010670401388779283,0,0,3,0,unchanged
654,2022-07-01,COD,3,3,0.80000000000000004,0.64578455686569214,0.64024883508682251,0.64999997615814209,0.63999998569488525,0.34999999999999998,0.28512603044509888,0.28512603044509888,0.28999999165534973,0.28999999165534973,0.050000000000000003,0.068509541451931,0.060471523553133011,0.070000000298023224,0.059999998658895493,0,0.0010670401388779283,0.0010670401388779283,0,0,3,0,unchanged
655,2022-06-01,COD,2,3,0.30000000000000004,0.54713451862335205,0.54900574684143066,0.55000001192092896,0.55000001192092896,0.10000000000000001,0.27857333421707153,0.27857333421707153,0.2800000011920929,0.2800000011920929,0,0.052404608577489853,0.052404608577489853,0.05000000074505806,0.05000000074505806,0,0.0010670401388779283,0.0010670401388779283,0,0,3,0,unchanged
655,2022-07-01,COD,3,3,0.75,0.56906121969223022,0.56770098209381104,0.56999999284744263,0.56999999284744263,0.34999999999999998,0.23507705330848694,0.23507705330848694,0.23999999463558197,0.23999999463558197,0.10000000000000001,0.050303351134061813,0.050303351134061813,0.05000000074505806,0.05000000074505806,0,0.0010670401388779283,0.0010670401388779283,0,0,3,0,unchanged
658,2022-06-01,COD,2,3,0.30000000000000004,0.57140654325485229,0.57388025522232056,0.56999999284744263,0.56999999284744263,0.10000000000000001,0.27731850743293762,0.27731850743293762,0.2800000011920929,0.2800000011920929,0,0.066360048949718475,0.066360048949718475,0.070000000298023224,0.070000000298023224,0,0.0010670401388779283,0.0010670401388779283,0,0,3,0,unchanged
658,2022-07-01,COD,3,3,0.79999999999999993,0.5280720591545105,0.53198724985122681,0.52999997138977051,0.52999997138977051,0.44999999999999996,0.24600608646869659,0.24600608646869659,0.25,0.25,0.14999999999999999,0.056253854185342789,0.056253854185342789,0.059999998658895493,0.059999998658895493,0,0.0010670401388779283,0.0010670401388779283,0,0,3,0,unchanged
661,2022-06-01,COD,2,3,0.30000000000000004,0.57868504524230957,0.57962393760681152,0.57999998331069946,0.57999998331069946,0.10000000000000001,0.30493819713592529,0.30493819713592529,0.30000001192092896,0.30000001192092896,0,0.05414140596985817,0.05414140596985817,0.05000000074505806,0.05000000074505806,0,0.0010670401388779283,0.0010670401388779283,0,0,3,0,unchanged
661,2022-07-01,COD,3,3,0.79999999999999993,0.54172283411026001,0.5458228588104248,0.54000002145767212,0.55000001192092896,0.44999999999999996,0.25660780072212219,0.25660780072212219,0.25999999046325684,0.25999999046325684,0.14999999999999999,0.047294054180383682,0.047294054180383682,0.05000000074505806,0.05000000074505806,0,0.0010670401388779283,0.0010670401388779283,0,0,3,0,unchanged
668,2022-02-01,SSD,2,3,0.5,0.62636417150497437,0.62949371337890625,0.62999999523162842,0.62999999523162842,0.14999999999999999,0.36504268646240234,0.34092843532562256,0.37000000476837158,0.34000000357627869,0,0.095305182039737701,0.095305182039737701,0.10000000149011612,0.10000000149011612,0,0.0010670401388779283,0.0010670401388779283,0,0,3,0,unchanged
668,2022-07-01,SSD,3,3,0.75,0.68573147058486938,0.68723267316818237,0.68999999761581421,0.68999999761581421,0.25,0.30134212970733643,0.30847924947738647,0.30000001192092896,0.31000000238418579,0.050000000000000003,0.055552620440721512,0.055552620440721512,0.059999998658895493,0.059999998658895493,0,0.0010670401388779283,0.0010670401388779283,0,0,3,0,unchanged
669,2022-02-01,SSD,2,3,0.5,0.62681633234024048,0.62997925281524658,0.62999999523162842,0.62999999523162842,0.14999999999999999,0.36082154512405396,0.33670729398727417,0.36000001430511475,0.34000000357627869,0,0.095305182039737701,0.095305182039737701,0.10000000149011612,0.10000000149011612,0,0.0010670401388779283,0.0010670401388779283,0,0,3,0,unchanged
669,2022-07-01,SSD,3,3,0.75,0.685657799243927,0.68715900182723999,0.68999999761581421,0.68999999761581421,0.25,0.28378701210021973,0.29092413187026978,0.2800000011920929,0.28999999165534973,0.050000000000000003,0.055552620440721512,0.055552620440721512,0.059999998658895493,0.059999998658895493,0,0.0010670401388779283,0.0010670401388779283,0,0,3,0,unchanged
670,2022-02-01,SSD,4,3,0.90000000000000002,0.76821643114089966,0.76861572265625,0.76999998092651367,0.76999998092651367,0.65000000000000002,0.48593476414680481,0.46182051301002502,0.49000000953674316,0.46000000834465027,0.25,0.13093006610870361,0.13093006610870361,0.12999999523162842,0.12999999523162842,0,0.0010670401388779283,0.0010670401388779283,0,0,3,0,unchanged
671,2022-02-01,SSD,4,3,0.90000000000000002,0.76964181661605835,0.77004122734069824,0.76999998092651367,0.76999998092651367,0.65000000000000002,0.48593476414680481,0.46182051301002502,0.49000000953674316,0.46000000834465027,0.25,0.13093006610870361,0.13093006610870361,0.12999999523162842,0.12999999523162842,0,0.0010670401388779283,0.0010670401388779283,0,0,3,0,unchanged
672,2022-02-01,SSD,3,3,0.79999999999999993,0.76458215713500977,0.76556777954101562,0.75999999046325684,0.76999998092651367,0.44999999999999996,0.48143607378005981,0.45732182264328003,0.47999998927116394,0.46000000834465027,0.14999999999999999,0.11887380480766296,0.11887380480766296,0.11999999731779099,0.11999999731779099,0,0.0010670401388779283,0.0010670401388779283,0,0,3,0,unchanged
672,2022-10-01,SSD,3,3,0.80000000000000004,0.80005449056625366,0.80887401103973389,0.80000001192092896,0.81000000238418579,0.55000000000000004,0.46241295337677002,0.46955007314682007,0.46000000834465027,0.4699999988079071,0.14999999999999999,0.12394627183675766,0.12394627183675766,0.11999999731779099,0.11999999731779099,0,0.0010670401388779283,0.0010670401388779283,0,0,3,0,unchanged
673,2022-02-01,SSD,3,3,0.79999999999999993,0.76458215713500977,0.76556777954101562,0.75999999046325684,0.76999998092651367,0.44999999999999996,0.48143607378005981,0.45732182264328003,0.47999998927116394,0.46000000834465027,0.14999999999999999,0.11887380480766296,0.11887380480766296,0.11999999731779099,0.11999999731779099,0,0.0010670401388779283,0.0010670401388779283,0,0,3,0,unchanged
673,2022-10-01,SSD,3,3,0.80000000000000004,0.80005449056625366,0.80887401103973389,0.80000001192092896,0.81000000238418579,0.55000000000000004,0.46241295337677002,0.46955007314682007,0.46000000834465027,0.4699999988079071,0.14999999999999999,0.12394627183675766,0.12394627183675766,0.11999999731779099,0.11999999731779099,0,0.0010670401388779283,0.0010670401388779283,0,0,3,0,unchanged
674,2022-07-01,BDI,3,3,0.80000000000000004,0.72834640741348267,0.72466796636581421,0.73000001907348633,0.72000002861022949,0.39999999999999997,0.27305090427398682,0.27305090427398682,0.27000001072883606,0.27000001072883606,0.050000000000000003,0.051545429974794388,0.051545429974794388,0.05000000074505806,0.05000000074505806,0,0.0010670401388779283,0.0010670401388779283,0,0,3,0,unchanged
675,2022-07-01,BDI,3,3,0.80000000000000004,0.72513949871063232,0.72650426626205444,0.73000001907348633,0.73000001907348633,0.39999999999999997,0.28691989183425903,0.28691989183425903,0.28999999165534973,0.28999999165534973,0.050000000000000003,0.051545429974794388,0.051545429974794388,0.05000000074505806,0.05000000074505806,0,0.0010670401388779283,0.0010670401388779283,0,0,3,0,unchanged
676,2022-04-01,BDI,2,3,0.40000000000000002,0.5090300440788269,0.5091545581817627,0.50999999046325684,0.50999999046325684,0.10000000000000001,0.21367762982845306,0.21367762982845306,0.20999999344348907,0.20999999344348907,0,0.041285369545221329,0.041285369545221329,0.039999999105930328,0.039999999105930328,0,0.0010670401388779283,0.0010670401388779283,0,0,3,0,unchanged
676,2022-06-01,BDI,2,3,0.40000000000000002,0.64460098743438721,0.64407598972320557,0.63999998569488525,0.63999998569488525,0.10000000000000001,0.20147943496704102,0.20147943496704102,0.20000000298023224,0.20000000298023224,0,0.040818814188241959,0.040818814188241959,0.039999999105930328,0.039999999105930328,0,0.0010670401388779283,0.0010670401388779283,0,0,3,0,unchanged
676,2022-07-01,BDI,3,3,0.75,0.68426847457885742,0.68328368663787842,0.68000000715255737,0.68000000715255737,0.29999999999999999,0.25805100798606873,0.25805100798606873,0.25999999046325684,0.25999999046325684,0.050000000000000003,0.052180524915456772,0.052180524915456772,0.05000000074505806,0.05000000074505806,0,0.0010670401388779283,0.0010670401388779283,0,0,3,0,unchanged
677,2022-04-01,BDI,2,3,0.40000000000000002,0.50902670621871948,0.50914525985717773,0.50999999046325684,0.50999999046325684,0.10000000000000001,0.21367762982845306,0.21367762982845306,0.20999999344348907,0.20999999344348907,0,0.041285369545221329,0.041285369545221329,0.039999999105930328,0.039999999105930328,0,0.0010670401388779283,0.0010670401388779283,0,0,3,0,unchanged
677,2022-06-01,BDI,2,3,0.40000000000000002,0.64770019054412842,0.64716923236846924,0.64999997615814209,0.64999997615814209,0.10000000000000001,0.20147943496704102,0.20147943496704102,0.20000000298023224,0.20000000298023224,0,0.040818814188241959,0.040818814188241959,0.039999999105930328,0.039999999105930328,0,0.0010670401388779283,0.0010670401388779283,0,0,3,0,unchanged
677,2022-07-01,BDI,3,3,0.75,0.68906134366989136,0.68807059526443481,0.68999999761581421,0.68999999761581421,0.29999999999999999,0.25805100798606873,0.25805100798606873,0.25999999046325684,0.25999999046325684,0.050000000000000003,0.052180524915456772,0.052180524915456772,0.05000000074505806,0.05000000074505806,0,0.0010670401388779283,0.0010670401388779283,0,0,3,0,unchanged
678,2022-02-01,SSD,4,3,0.94999999999999996,0.8155750036239624,0.8155750036239624,0.81999999284744263,0.81999999284744263,0.80000000000000004,0.5989990234375,0.57895809412002563,0.60000002384185791,0.57999998331069946,0.34999999999999998,0.173858642578125,0.173858642578125,0.17000000178813934,0.17000000178813934,0,0.0010670401388779283,0.0010670401388779283,0,0,3,0,unchanged
678,2022-04-01,SSD,2,3,0.39999999999999997,0.81791782379150391,0.81669026613235474,0.81999999284744263,0.81999999284744263,0.15000000000000002,0.61318755149841309,0.60310781002044678,0.61000001430511475,0.60000002384185791,0.050000000000000003,0.11446229368448257,0.11446229368448257,0.10999999940395355,0.10999999940395355,0,0.0010670401388779283,0.0010670401388779283,0,0,3,0,unchanged
679,2022-02-01,SSD,4,3,0.94999999999999996,0.81839895248413086,0.81839895248413086,0.81999999284744263,0.81999999284744263,0.80000000000000004,0.59802556037902832,0.57798469066619873,0.60000002384185791,0.57999998331069946,0.34999999999999998,0.173858642578125,0.173858642578125,0.17000000178813934,0.17000000178813934,0,0.0010670401388779283,0.0010670401388779283,0,0,3,0,unchanged
679,2022-04-01,SSD,2,3,0.39999999999999997,0.82333362102508545,0.82210606336593628,0.81999999284744263,0.81999999284744263,0.15000000000000002,0.60213440656661987,0.60213440656661987,0.60000002384185791,0.60000002384185791,0.050000000000000003,0.11446229368448257,0.11446229368448257,0.10999999940395355,0.10999999940395355,0,0.0010670401388779283,0.0010670401388779283,0,0,3,0,unchanged
680,2022-02-01,COD,3,3,0.80000000000000004,0.74342763423919678,0.76044857501983643,0.74000000953674316,0.75999999046325684,0.45000000000000001,0.37838736176490784,0.38901028037071228,0.37999999523162842,0.38999998569488525,0.050000000000000003,0.060164649039506912,0.060164649039506912,0.059999998658895493,0.059999998658895493,0,0.0010670401388779283,0.0010670401388779283,0,0,3,0,unchanged
680,2022-07-01,COD,3,3,0.75,0.71135759353637695,0.71159660816192627,0.70999997854232788,0.70999997854232788,0.25,0.28426483273506165,0.27627900242805481,0.2800000011920929,0.2800000011920929,0.050000000000000003,0.068509541451931,0.060471523553133011,0.070000000298023224,0.059999998658895493,0,0.0010670401388779283,0.0010670401388779283,0,0,3,0,unchanged
680,2022-10-01,COD,3,3,0.80000000000000004,0.65243440866470337,0.6695096492767334,0.64999997615814209,0.67000001668930054,0.34999999999999998,0.37007841467857361,0.36945274472236633,0.37000000476837158,0.37000000476837158,0.050000000000000003,0.06035463884472847,0.069594547152519226,0.059999998658895493,0.070000000298023224,0,0.0010670401388779283,0.0010670401388779283,0,0,3,0,unchanged
681,2022-06-01,COD,2,3,0.29999999999999999,0.65172886848449707,0.6481475830078125,0.64999997615814209,0.64999997615814209,0.14999999999999999,0.33442226052284241,0.33442226052284241,0.33000001311302185,0.33000001311302185,0,0.081745028495788574,0.073707006871700287,0.079999998211860657,0.070000000298023224,0,0.0010670401388779283,0.0010670401388779283,0,0,3,0,unchanged
681,2022-07-01,COD,3,3,0.80000000000000004,0.62150216102600098,0.63139134645462036,0.62000000476837158,0.62999999523162842,0.34999999999999998,0.33517920970916748,0.33517920970916748,0.34000000357627869,0.34000000357627869,0.050000000000000003,0.077631331980228424,0.069593317806720734,0.079999998211860657,0.070000000298023224,0,0.0010670401388779283,0.0010670401388779283,0,0,3,0,unchanged
682,2022-02-01,SSD,4,3,0.94999999999999996,0.82659065723419189,0.81043875217437744,0.82999998331069946,0.81000000238418579,0.85000000000000009,0.51723188161849976,0.51723188161849976,0.51999998092651367,0.51999998092651367,0.5,0.14028309285640717,0.13657189905643463,0.14000000059604645,0.14000000059604645,0.050000000000000003,0.0010670401388779283,0.0010670401388779283,0,0,3,0,unchanged
683,2022-02-01,SSD,4,3,0.94999999999999996,0.8248257040977478,0.80867379903793335,0.81999999284744263,0.81000000238418579,0.85000000000000009,0.51723188161849976,0.51723188161849976,0.51999998092651367,0.51999998092651367,0.5,0.14028309285640717,0.13657189905643463,0.14000000059604645,0.14000000059604645,0.050000000000000003,0.0010670401388779283,0.0010670401388779283,0,0,3,0,unchanged
684,2022-06-01,COD,2,3,0.29999999999999999,0.65589320659637451,0.6511378288269043,0.6600000262260437,0.64999997615814209,0.14999999999999999,0.31001770496368408,0.31001770496368408,0.31000000238418579,0.31000000238418579,0,0.081745028495788574,0.073707006871700287,0.079999998211860657,0.070000000298023224,0,0.0010670401388779283,0.0010670401388779283,0,0,3,0,unchanged
684,2022-07-01,COD,3,3,0.80000000000000004,0.62478387355804443,0.6264570951461792,0.62000000476837158,0.62999999523162842,0.34999999999999998,0.31460309028625488,0.31709867715835571,0.31000000238418579,0.31999999284744263,0.050000000000000003,0.077631331980228424,0.069593317806720734,0.079999998211860657,0.070000000298023224,0,0.0010670401388779283,0.0010670401388779283,0,0,3,0,unchanged
685,2022-02-01,COD,3,3,0.80000000000000004,0.76744705438613892,0.77337610721588135,0.76999998092651367,0.76999998092651367,0.45000000000000001,0.41106414794921875,0.42168706655502319,0.40999999642372131,0.41999998688697815,0.050000000000000003,0.060164649039506912,0.060164649039506912,0.059999998658895493,0.059999998658895493,0,0.0010670401388779283,0.0010670401388779283,0,0,3,0,unchanged
685,2022-07-01,COD,3,3,0.75,0.71730917692184448,0.71702098846435547,0.72000002861022949,0.72000002861022949,0.25,0.30772203207015991,0.29973620176315308,0.31000000238418579,0.30000001192092896,0.050000000000000003,0.077631331980228424,0.069593317806720734,0.079999998211860657,0.070000000298023224,0,0.0010670401388779283,0.0010670401388779283,0,0,3,0,unchanged
691,2022-02-01,SSD,3,3,0.84999999999999998,0.83861047029495239,0.83861047029495239,0.8399999737739563,0.8399999737739563,0.55000000000000004,0.56531417369842529,0.5452733039855957,0.56999999284744263,0.55000001192092896,0.14999999999999999,0.12456785142421722,0.12456785142421722,0.11999999731779099,0.11999999731779099,0,0.0010670401388779283,0.0010670401388779283,0,0,3,0,unchanged
692,2022-02-01,SSD,3,3,0.84999999999999998,0.83810204267501831,0.83810204267501831,0.8399999737739563,0.8399999737739563,0.55000000000000004,0.5662875771522522,0.54624670743942261,0.56999999284744263,0.55000001192092896,0.14999999999999999,0.12456785142421722,0.12456785142421722,0.11999999731779099,0.11999999731779099,0,0.0010670401388779283,0.0010670401388779283,0,0,3,0,unchanged
699,2022-04-01,BDI,2,3,0.34999999999999998,0.51261353492736816,0.50601005554199219,0.50999999046325684,0.50999999046325684,0.10000000000000001,0.19970254600048065,0.19970254600048065,0.20000000298023224,0.20000000298023224,0,0.038415040820837021,0.038415040820837021,0.039999999105930328,0.039999999105930328,0,0.0010670401388779283,0.0010670401388779283,0,0,3,0,unchanged
699,2022-06-01,BDI,2,2,0.40000000000000002,0.69604688882827759,0.69761794805526733,0.69999998807907104,0.69999998807907104,0.14999999999999999,0.177790567278862,0.177790567278862,0.18000000715255737,0.18000000715255737,0,0.040818814188241959,0.040818814188241959,0.039999999105930328,0.039999999105930328,0,0.0010670401388779283,0.0010670401388779283,0,0,2,0,unchanged
699,2022-07-01,BDI,2,3,0.75,0.68431228399276733,0.66984814405441284,0.68000000715255737,0.67000001668930054,0.14999999999999999,0.23952309787273407,0.23952309787273407,0.23999999463558197,0.23999999463558197,0,0.052180524915456772,0.052180524915456772,0.05000000074505806,0.05000000074505806,0,0.0010670401388779283,0.0010670401388779283,0,0,3,0,unchanged
700,2022-04-01,BDI,2,3,0.34999999999999998,0.4852994978427887,0.47771415114402771,0.49000000953674316,0.47999998927116394,0.10000000000000001,0.20137906074523926,0.20137906074523926,0.20000000298023224,0.20000000298023224,0,0.038415040820837021,0.038415040820837021,0.039999999105930328,0.039999999105930328,0,0.0010670401388779283,0.0010670401388779283,0,0,3,0,unchanged
700,2022-07-01,BDI,2,3,0.75,0.68998348712921143,0.67870616912841797,0.68999999761581421,0.68000000715255737,0.14999999999999999,0.24119961261749268,0.24119961261749268,0.23999999463558197,0.23999999463558197,0,0.052180524915456772,0.052180524915456772,0.05000000074505806,0.05000000074505806,0,0.0010670401388779283,0.0010670401388779283,0,0,3,0,unchanged
701,2022-02-01,SSD,4,4,0.94999999999999996,0.82661682367324829,0.83285725116729736,0.82999998331069946,0.82999998331069946,0.80000000000000004,0.60027825832366943,0.57012712955474854,0.60000002384185791,0.56999999284744263,0.5,0.1960841566324234,0.1960841566324234,0.20000000298023224,0.20000000298023224,0.050000000000000003,0.0010670401388779283,0.0010670401388779283,0,0,4,0,unchanged
702,2022-02-01,SSD,4,3,0.94999999999999996,0.8209494948387146,0.82718992233276367,0.81999999284744263,0.82999998331069946,0.80000000000000004,0.60027825832366943,0.57012712955474854,0.60000002384185791,0.56999999284744263,0.5,0.17626985907554626,0.17626985907554626,0.18000000715255737,0.18000000715255737,0.050000000000000003,0.0010670401388779283,0.0010670401388779283,0,0,3,0,unchanged
703,2022-04-01,BDI,2,3,0.30000000000000004,0.52299517393112183,0.52713000774383545,0.51999998092651367,0.52999997138977051,0.10000000000000001,0.2072310745716095,0.21749295294284821,0.20999999344348907,0.2199999988079071,0,0.038415040820837021,0.041285369545221329,0.039999999105930328,0.039999999105930328,0,0.0010670401388779283,0.0010670401388779283,0,0,3,0,unchanged
703,2022-06-01,BDI,2,3,0.34999999999999998,0.66958147287368774,0.67333388328552246,0.67000001668930054,0.67000001668930054,0.10000000000000001,0.19533227384090424,0.19533227384090424,0.20000000298023224,0.20000000298023224,0,0.040818814188241959,0.040818814188241959,0.039999999105930328,0.039999999105930328,0,0.0010670401388779283,0.0010670401388779283,0,0,3,0,unchanged
703,2022-07-01,BDI,3,3,0.75,0.6957472562789917,0.69395977258682251,0.69999998807907104,0.68999999761581421,0.29999999999999999,0.27250787615776062,0.27250787615776062,0.27000001072883606,0.27000001072883606,0.050000000000000003,0.052180524915456772,0.052180524915456772,0.05000000074505806,0.05000000074505806,0,0.0010670401388779283,0.0010670401388779283,0,0,3,0,unchanged
704,2022-04-01,BDI,2,3,0.30000000000000004,0.4954896867275238,0.49953114986419678,0.5,0.5,0.10000000000000001,0.21501961350440979,0.2252814918756485,0.2199999988079071,0.23000000417232513,0,0.038415040820837021,0.041285369545221329,0.039999999105930328,0.039999999105930328,0,0.0010670401388779283,0.0010670401388779283,0,0,3,0,unchanged
704,2022-06-01,BDI,2,2,0.34999999999999998,0.65299862623214722,0.657115638256073,0.64999997615814209,0.6600000262260437,0.10000000000000001,0.18252888321876526,0.18252888321876526,0.18000000715255737,0.18000000715255737,0,0.040818814188241959,0.040818814188241959,0.039999999105930328,0.039999999105930328,0,0.0010670401388779283,0.0010670401388779283,0,0,2,0,unchanged
704,2022-07-01,BDI,3,3,0.75,0.67964214086532593,0.678119957447052,0.68000000715255737,0.68000000715255737,0.29999999999999999,0.25805100798606873,0.25805100798606873,0.25999999046325684,0.25999999046325684,0.050000000000000003,0.052180524915456772,0.052180524915456772,0.05000000074505806,0.05000000074505806,0,0.0010670401388779283,0.0010670401388779283,0,0,3,0,unchanged
705,2022-10-01,ZAF,2,3,0.59999999999999998,0.41273510456085205,0.41834843158721924,0.40999999642372131,0.41999998688697815,0.10000000000000001,0.22845958173274994,0.22845958173274994,0.23000000417232513,0.23000000417232513,0,0.052600543946027756,0.052600543946027756,0.05000000074505806,0.05000000074505806,0,0.0010670401388779283,0.0010670401388779283,0,0,3,0,unchanged
706,2022-06-01,COD,2,3,0.29999999999999999,0.72094351053237915,0.71056437492370605,0.72000002861022949,0.70999997854232788,0.14999999999999999,0.32083988189697266,0.32083988189697266,0.31999999284744263,0.31999999284744263,0,0.07997603714466095,0.071938015520572662,0.079999998211860657,0.070000000298023224,0,0.0010670401388779283,0.0010670401388779283,0,0,3,0,unchanged
706,2022-07-01,COD,3,3,0.75,0.63573133945465088,0.62613415718078613,0.63999998569488525,0.62999999523162842,0.34999999999999998,0.32971411943435669,0.32971411943435669,0.33000001311302185,0.33000001311302185,0.050000000000000003,0.078415609896183014,0.070377588272094727,0.079999998211860657,0.070000000298023224,0,0.0010670401388779283,0.0010670401388779283,0,0,3,0,unchanged
707,2022-04-01,BDI,2,3,0.44999999999999996,0.53546351194381714,0.53696471452713013,0.54000002145767212,0.54000002145767212,0.14999999999999999,0.24122928082942963,0.25344833731651306,0.23999999463558197,0.25,0,0.040789250284433365,0.043659571558237076,0.039999999105930328,0.039999999105930328,0,0.0010670401388779283,0.0010670401388779283,0,0,3,0,unchanged
707,2022-06-01,BDI,2,3,0.44999999999999996,0.59598541259765625,0.59216856956481934,0.60000002384185791,0.5899999737739563,0.14999999999999999,0.22332262992858887,0.22332262992858887,0.2199999988079071,0.2199999988079071,0,0.043193023651838303,0.043193023651838303,0.039999999105930328,0.039999999105930328,0,0.0010670401388779283,0.0010670401388779283,0,0,3,0,unchanged
707,2022-07-01,BDI,3,3,0.75,0.7238038182258606,0.72282344102859497,0.72000002861022949,0.72000002861022949,0.29999999999999999,0.22846314311027527,0.22846314311027527,0.23000000417232513,0.23000000417232513,0.050000000000000003,0.052180524915456772,0.052180524915456772,0.05000000074505806,0.05000000074505806,0,0.0010670401388779283,0.0010670401388779283,0,0,3,0,unchanged
708,2022-04-01,BDI,2,3,0.44999999999999996,0.53174185752868652,0.53269535303115845,0.52999997138977051,0.52999997138977051,0.14999999999999999,0.2435232549905777,0.25574231147766113,0.23999999463558197,0.25999999046325684,0,0.040789250284433365,0.043659571558237076,0.039999999105930328,0.039999999105930328,0,0.0010670401388779283,0.0010670401388779283,0,0,3,0,unchanged
708,2022-06-01,BDI,2,3,0.44999999999999996,0.58314687013626099,0.57933002710342407,0.57999998331069946,0.57999998331069946,0.14999999999999999,0.22332262992858887,0.22332262992858887,0.2199999988079071,0.2199999988079071,0,0.043193023651838303,0.043193023651838303,0.039999999105930328,0.039999999105930328,0,0.0010670401388779283,0.0010670401388779283,0,0,3,0,unchanged
708,2022-07-01,BDI,3,3,0.75,0.71570640802383423,0.71444350481033325,0.72000002861022949,0.70999997854232788,0.29999999999999999,0.22846314311027527,0.22846314311027527,0.23000000417232513,0.23000000417232513,0.050000000000000003,0.052180524915456772,0.052180524915456772,0.05000000074505806,0.05000000074505806,0,0.0010670401388779283,0.0010670401388779283,0,0,3,0,unchanged
711,2022-02-01,SSD,3,3,0.80000000000000004,0.76272207498550415,0.746326744556427,0.75999999046325684,0.75,0.45000000000000001,0.40164348483085632,0.39494886994361877,0.40000000596046448,0.38999998569488525,0.050000000000000003,0.091431982815265656,0.091431982815265656,0.090000003576278687,0.090000003576278687,0,0.0010670401388779283,0.0010670401388779283,0,0,3,0,unchanged
711,2022-07-01,SSD,3,3,0.75,0.70745974779129028,0.70486295223236084,0.70999997854232788,0.69999998807907104,0.25,0.29447901248931885,0.3016161322593689,0.28999999165534973,0.30000001192092896,0.050000000000000003,0.055552620440721512,0.055552620440721512,0.059999998658895493,0.059999998658895493,0,0.0010670401388779283,0.0010670401388779283,0,0,3,0,unchanged
712,2022-02-01,SSD,3,3,0.80000000000000004,0.76293683052062988,0.74654150009155273,0.75999999046325684,0.75,0.45000000000000001,0.40164348483085632,0.39494886994361877,0.40000000596046448,0.38999998569488525,0.050000000000000003,0.091431982815265656,0.091431982815265656,0.090000003576278687,0.090000003576278687,0,0.0010670401388779283,0.0010670401388779283,0,0,3,0,unchanged
712,2022-07-01,SSD,3,3,0.75,0.70796447992324829,0.70536768436431885,0.70999997854232788,0.70999997854232788,0.25,0.29447901248931885,0.3016161322593689,0.28999999165534973,0.30000001192092896,0.050000000000000003,0.055552620440721512,0.055552620440721512,0.059999998658895493,0.059999998658895493,0,0.0010670401388779283,0.0010670401388779283,0,0,3,0,unchanged
716,2022-02-01,COD,3,3,0.80000000000000004,0.67925107479095459,0.71859651803970337,0.68000000715255737,0.72000002861022949,0.45000000000000001,0.34305953979492188,0.34305953979492188,0.34000000357627869,0.34000000357627869,0.050000000000000003,0.058713797479867935,0.058713797479867935,0.059999998658895493,0.059999998658895493,0,0.0010670401388779283,0.0010670401388779283,0,0,3,0,unchanged
716,2022-06-01,COD,3,3,0.60000000000000009,0.70985603332519531,0.71039199829101562,0.70999997854232788,0.70999997854232788,0.20000000000000001,0.32564413547515869,0.32564413547515869,0.33000001311302185,0.33000001311302185,0,0.069117449223995209,0.061079416424036026,0.070000000298023224,0.059999998658895493,0,0.0010670401388779283,0.0010670401388779283,0,0,3,0,unchanged
717,2022-02-01,COD,3,3,0.80000000000000004,0.72944062948226929,0.75249487161636353,0.73000001907348633,0.75,0.45000000000000001,0.36493024230003357,0.36493024230003357,0.36000001430511475,0.36000001430511475,0.050000000000000003,0.058713797479867935,0.058713797479867935,0.059999998658895493,0.059999998658895493,0,0.0010670401388779283,0.0010670401388779283,0,0,3,0,unchanged
717,2022-06-01,COD,3,3,0.60000000000000009,0.70245260000228882,0.70352721214294434,0.69999998807907104,0.69999998807907104,0.20000000000000001,0.34778532385826111,0.34778532385826111,0.34999999403953552,0.34999999403953552,0,0.078239239752292633,0.070201218128204346,0.079999998211860657,0.070000000298023224,0,0.0010670401388779283,0.0010670401388779283,0,0,3,0,unchanged
723,2022-02-01,SSD,4,3,0.99999999999999989,0.83403348922729492,0.83384221792221069,0.82999998331069946,0.82999998331069946,0.84999999999999998,0.50799250602722168,0.52798229455947876,0.50999999046325684,0.52999997138977051,0.5,0.13617910444736481,0.13617910444736481,0.14000000059604645,0.14000000059604645,0.080000000000000002,0.0010670401388779283,0.0010670401388779283,0,0,3,0,unchanged
724,2022-02-01,SSD,4,3,0.99999999999999989,0.86204028129577637,0.86184900999069214,0.86000001430511475,0.86000001430511475,0.84999999999999998,0.45316874980926514,0.47315853834152222,0.44999998807907104,0.4699999988079071,0.5,0.1262265145778656,0.1262265145778656,0.12999999523162842,0.12999999523162842,0.080000000000000002,0.0010670401388779283,0.0010670401388779283,0,0,3,0,unchanged
726,2022-02-01,COD,3,3,0.80000000000000004,0.63066625595092773,0.66166037321090698,0.62999999523162842,0.6600000262260437,0.45000000000000001,0.33216837048530579,0.33216837048530579,0.33000001311302185,0.33000001311302185,0.050000000000000003,0.067835606634616852,0.067835606634616852,0.070000000298023224,0.070000000298023224,0,0.0010670401388779283,0.0010670401388779283,0,0,3,0,unchanged
727,2022-06-01,ZAF,2,3,0.5,0.43038481473922729,0.44747790694236755,0.43000000715255737,0.44999998807907104,0.10000000000000001,0.19894474744796753,0.19894474744796753,0.20000000298023224,0.20000000298023224,0,0.052326608449220657,0.052326608449220657,0.05000000074505806,0.05000000074505806,0,0.0010670401388779283,0.0010670401388779283,0,0,3,0,unchanged
727,2022-07-01,ZAF,2,3,0.44999999999999996,0.4370427131652832,0.45681601762771606,0.43999999761581421,0.46000000834465027,0.14999999999999999,0.21296487748622894,0.21296487748622894,0.20999999344348907,0.20999999344348907,0,0.052326608449220657,0.052326608449220657,0.05000000074505806,0.05000000074505806,0,0.0010670401388779283,0.0010670401388779283,0,0,3,0,unchanged
732,2022-06-01,SSD,3,3,0.5,0.75226747989654541,0.7520221471786499,0.75,0.75,0.20000000000000001,0.25800016522407532,0.25800016522407532,0.25999999046325684,0.25999999046325684,0,0.056838463991880417,0.056838463991880417,0.059999998658895493,0.059999998658895493,0,0.0010670401388779283,0.0010670401388779283,0,0,3,0,unchanged
732,2022-10-01,SSD,3,3,0.80000000000000004,0.67227321863174438,0.67241501808166504,0.67000001668930054,0.67000001668930054,0.29999999999999999,0.34003165364265442,0.34003165364265442,0.34000000357627869,0.34000000357627869,0.050000000000000003,0.057758685201406479,0.057758685201406479,0.059999998658895493,0.059999998658895493,0,0.0010670401388779283,0.0010670401388779283,0,0,3,0,unchanged
733,2022-06-01,SSD,3,3,0.5,0.75261455774307251,0.75365108251571655,0.75,0.75,0.20000000000000001,0.25800016522407532,0.25800016522407532,0.25999999046325684,0.25999999046325684,0,0.056838463991880417,0.056838463991880417,0.059999998658895493,0.059999998658895493,0,0.0010670401388779283,0.0010670401388779283,0,0,3,0,unchanged
733,2022-10-01,SSD,3,3,0.80000000000000004,0.67259782552719116,0.67273962497711182,0.67000001668930054,0.67000001668930054,0.29999999999999999,0.34003165364265442,0.34003165364265442,0.34000000357627869,0.34000000357627869,0.050000000000000003,0.057758685201406479,0.057758685201406479,0.059999998658895493,0.059999998658895493,0,0.0010670401388779283,0.0010670401388779283,0,0,3,0,unchanged
735,2022-02-01,SSD,3,3,0.90000000000000002,0.77476722002029419,0.77694398164749146,0.76999998092651367,0.77999997138977051,0.55000000000000004,0.3941236138343811,0.38902989029884338,0.38999998569488525,0.38999998569488525,0.050000000000000003,0.10947716236114502,0.089746221899986267,0.10999999940395355,0.090000003576278687,0,0.0010670401388779283,0.0010670401388779283,0,0,3,0,unchanged
735,2022-10-01,SSD,3,3,0.80000000000000004,0.78469574451446533,0.78217577934265137,0.77999997138977051,0.77999997138977051,0.34999999999999998,0.40581944584846497,0.40581944584846497,0.40999999642372131,0.40999999642372131,0.050000000000000003,0.065492630004882812,0.065492630004882812,0.070000000298023224,0.070000000298023224,0,0.0010670401388779283,0.0010670401388779283,0,0,3,0,unchanged
736,2022-02-01,SSD,3,3,0.90000000000000002,0.77525436878204346,0.77743113040924072,0.77999997138977051,0.77999997138977051,0.55000000000000004,0.3941236138343811,0.38902989029884338,0.38999998569488525,0.38999998569488525,0.050000000000000003,0.10947716236114502,0.089746221899986267,0.10999999940395355,0.090000003576278687,0,0.0010670401388779283,0.0010670401388779283,0,0,3,0,unchanged
736,2022-10-01,SSD,3,3,0.80000000000000004,0.78469574451446533,0.78217577934265137,0.77999997138977051,0.77999997138977051,0.34999999999999998,0.40581944584846497,0.40581944584846497,0.40999999642372131,0.40999999642372131,0.050000000000000003,0.065492630004882812,0.065492630004882812,0.070000000298023224,0.070000000298023224,0,0.0010670401388779283,0.0010670401388779283,0,0,3,0,unchanged
748,2022-02-01,SSD,4,3,0.95000000000000007,0.85956364870071411,0.85943007469177246,0.86000001430511475,0.86000001430511475,0.85000000000000009,0.51108831167221069,0.50097811222076416,0.50999999046325684,0.5,0.40000000000000002,0.15083318948745728,0.15083318948745728,0.15000000596046448,0.15000000596046448,0,0.0010670401388779283,0.0010670401388779283,0,0,3,0,unchanged
749,2022-02-01,SSD,4,3,0.95000000000000007,0.85928690433502197,0.85915333032608032,0.86000001430511475,0.86000001430511475,0.85000000000000009,0.50896298885345459,0.49885278940200806,0.50999999046325684,0.5,0.40000000000000002,0.14640955626964569,0.14640955626964569,0.15000000596046448,0.15000000596046448,0,0.0010670401388779283,0.0010670401388779283,0,0,3,0,unchanged
752,2022-10-01,UGA,3,3,0.80000000000000004,0.71602946519851685,0.71720653772354126,0.72000002861022949,0.72000002861022949,0.29999999999999999,0.27989315986633301,0.27552548050880432,0.2800000011920929,0.2800000011920929,0.050000000000000003,0.048120956867933273,0.048120956867933273,0.05000000074505806,0.05000000074505806,0,0.0010670401388779283,0.0010670401388779283,0,0,3,0,unchanged
753,2022-10-01,UGA,3,3,0.80000000000000004,0.71602946519851685,0.71720653772354126,0.72000002861022949,0.72000002861022949,0.29999999999999999,0.28156968951225281,0.27720201015472412,0.2800000011920929,0.2800000011920929,0.050000000000000003,0.048120956867933273,0.048120956867933273,0.05000000074505806,0.05000000074505806,0,0.0010670401388779283,0.0010670401388779283,0,0,3,0,unchanged
759,2022-06-01,SWZ,2,2,0.44999999999999996,0.50299656391143799,0.50531005859375,0.5,0.50999999046325684,0.10000000000000001,0.17731395363807678,0.17731395363807678,0.18000000715255737,0.18000000715255737,0,0.051350723952054977,0.051350723952054977,0.05000000074505806,0.05000000074505806,0,0.0010670401388779283,0.0010670401388779283,0,0,2,0,unchanged
759,2022-10-01,SWZ,2,3,0.59999999999999998,0.62381654977798462,0.62688601016998291,0.62000000476837158,0.62999999523162842,0.10000000000000001,0.21142911911010742,0.21142911911010742,0.20999999344348907,0.20999999344348907,0,0.051574047654867172,0.051574047654867172,0.05000000074505806,0.05000000074505806,0,0.0010670401388779283,0.0010670401388779283,0,0,3,0,unchanged
760,2022-02-01,SSD,3,3,0.84999999999999998,0.79258936643600464,0.7938464879989624,0.79000002145767212,0.79000002145767212,0.5,0.48692694306373596,0.51890856027603149,0.49000000953674316,0.51999998092651367,0.10000000000000001,0.10863962024450302,0.1326739639043808,0.10999999940395355,0.12999999523162842,0,0.0010670401388779283,0.0010670401388779283,0,0,3,0,unchanged
761,2022-06-01,SWZ,2,2,0.44999999999999996,0.50335925817489624,0.50567275285720825,0.5,0.50999999046325684,0.10000000000000001,0.17731395363807678,0.17731395363807678,0.18000000715255737,0.18000000715255737,0,0.051350723952054977,0.051350723952054977,0.05000000074505806,0.05000000074505806,0,0.0010670401388779283,0.0010670401388779283,0,0,2,0,unchanged
761,2022-10-01,SWZ,2,3,0.59999999999999998,0.59533143043518066,0.59840089082717896,0.60000002384185791,0.60000002384185791,0.10000000000000001,0.21142911911010742,0.21142911911010742,0.20999999344348907,0.20999999344348907,0,0.051574047654867172,0.051574047654867172,0.05000000074505806,0.05000000074505806,0,0.0010670401388779283,0.0010670401388779283,0,0,3,0,unchanged
762,2022-02-01,SSD,3,3,0.84999999999999998,0.79711568355560303,0.79853630065917969,0.80000001192092896,0.80000001192092896,0.5,0.49534103274345398,0.52732264995574951,0.5,0.52999997138977051,0.10000000000000001,0.10863962024450302,0.1326739639043808,0.10999999940395355,0.12999999523162842,0,0.0010670401388779283,0.0010670401388779283,0,0,3,0,unchanged
768,2022-02-01,SSD,4,3,0.90000000000000002,0.81252676248550415,0.81338053941726685,0.81000000238418579,0.81000000238418579,0.75,0.55326509475708008,0.54315489530563354,0.55000001192092896,0.54000002145767212,0.34999999999999998,0.13158354163169861,0.13158354163169861,0.12999999523162842,0.12999999523162842,0,0.0010670401388779283,0.0010670401388779283,0,0,3,0,unchanged
769,2022-02-01,SSD,4,3,0.90000000000000002,0.81281834840774536,0.81367212533950806,0.81000000238418579,0.81000000238418579,0.75,0.55326509475708008,0.54315489530563354,0.55000001192092896,0.54000002145767212,0.34999999999999998,0.13158354163169861,0.13158354163169861,0.12999999523162842,0.12999999523162842,0,0.0010670401388779283,0.0010670401388779283,0,0,3,0,unchanged
770,2022-06-01,SWZ,2,3,0.40000000000000002,0.46912720799446106,0.46813702583312988,0.4699999988079071,0.4699999988079071,0.10000000000000001,0.20358982682228088,0.20358982682228088,0.20000000298023224,0.20000000298023224,0,0.048973929136991501,0.051350723952054977,0.05000000074505806,0.05000000074505806,0,0.0010670401388779283,0.0010670401388779283,0,0,3,0,unchanged
770,2022-10-01,SWZ,2,3,0.59999999999999998,0.57055181264877319,0.57649952173233032,0.56999999284744263,0.57999998331069946,0.10000000000000001,0.23964682221412659,0.26075202226638794,0.23999999463558197,0.25999999046325684,0,0.049197260290384293,0.051574047654867172,0.05000000074505806,0.05000000074505806,0,0.0010670401388779283,0.0010670401388779283,0,0,3,0,unchanged
773,2022-06-01,SWZ,2,3,0.40000000000000002,0.47939807176589966,0.47840788960456848,0.47999998927116394,0.47999998927116394,0.10000000000000001,0.20358982682228088,0.20358982682228088,0.20000000298023224,0.20000000298023224,0,0.048973929136991501,0.051350723952054977,0.05000000074505806,0.05000000074505806,0,0.0010670401388779283,0.0010670401388779283,0,0,3,0,unchanged
773,2022-10-01,SWZ,2,3,0.59999999999999998,0.56647640466690063,0.56954586505889893,0.56999999284744263,0.56999999284744263,0.10000000000000001,0.23964682221412659,0.26075202226638794,0.23999999463558197,0.25999999046325684,0,0.049197260290384293,0.051574047654867172,0.05000000074505806,0.05000000074505806,0,0.0010670401388779283,0.0010670401388779283,0,0,3,0,unchanged
779,2022-02-01,SSD,4,3,0.95000000000000007,0.83661806583404541,0.83457237482070923,0.8399999737739563,0.82999998331069946,0.85000000000000009,0.51701110601425171,0.51701110601425171,0.51999998092651367,0.51999998092651367,0.45000000000000001,0.11227435618638992,0.11227435618638992,0.10999999940395355,0.10999999940395355,0.050000000000000003,0.0010670401388779283,0.0010670401388779283,0,0,3,0,unchanged
779,2022-10-01,SSD,4,3,0.90000000000000002,0.87968593835830688,0.88084918260574341,0.87999999523162842,0.87999999523162842,0.75,0.5101083517074585,0.52257674932479858,0.50999999046325684,0.51999998092651367,0.45000000000000001,0.12658265233039856,0.11428917944431305,0.12999999523162842,0.10999999940395355,0.050000000000000003,0.0010670401388779283,0.0010670401388779283,0,0,3,0,unchanged
780,2022-02-01,SSD,4,3,0.95000000000000007,0.8398633599281311,0.83983421325683594,0.8399999737739563,0.8399999737739563,0.85000000000000009,0.51473408937454224,0.51473408937454224,0.50999999046325684,0.50999999046325684,0.45000000000000001,0.13091118633747101,0.13091118633747101,0.12999999523162842,0.12999999523162842,0.050000000000000003,0.0010670401388779283,0.0010670401388779283,0,0,3,0,unchanged
780,2022-10-01,SSD,4,3,0.90000000000000002,0.87917351722717285,0.88191258907318115,0.87999999523162842,0.87999999523162842,0.75,0.50808149576187134,0.52054989337921143,0.50999999046325684,0.51999998092651367,0.45000000000000001,0.14521946012973785,0.13292598724365234,0.15000000596046448,0.12999999523162842,0.050000000000000003,0.0010670401388779283,0.0010670401388779283,0,0,3,0,unchanged
781,2022-10-01,SSD,5,3,1,0.86309605836868286,0.86335676908493042,0.86000001430511475,0.86000001430511475,0.89999999999999991,0.52961671352386475,0.54208511114120483,0.52999997138977051,0.54000002145767212,0.59999999999999998,0.15393151342868805,0.14163804054260254,0.15000000596046448,0.14000000059604645,0.29999999999999999,0.0010670401388779283,0.0010670401388779283,0,0,3,0,unchanged
782,2022-10-01,SSD,5,3,1,0.85604900121688843,0.85630971193313599,0.86000001430511475,0.86000001430511475,0.89999999999999991,0.55566304922103882,0.56813138723373413,0.56000000238418579,0.56999999284744263,0.59999999999999998,0.12356419861316681,0.12259558588266373,0.11999999731779099,0.11999999731779099,0.29999999999999999,0.0010670401388779283,0.0010670401388779283,0,0,3,0,unchanged
783,2022-10-01,SSD,3,3,0.80000000000000004,0.7153313159942627,0.71464163064956665,0.72000002861022949,0.70999997854232788,0.39999999999999997,0.38013854622840881,0.38013854622840881,0.37999999523162842,0.37999999523162842,0.050000000000000003,0.059594068676233292,0.059594068676233292,0.059999998658895493,0.059999998658895493,0,0.0010670401388779283,0.0010670401388779283,0,0,3,0,unchanged
784,2022-10-01,SSD,3,3,0.80000000000000004,0.70988398790359497,0.71048015356063843,0.70999997854232788,0.70999997854232788,0.39999999999999997,0.38013854622840881,0.38013854622840881,0.37999999523162842,0.37999999523162842,0.050000000000000003,0.059594068676233292,0.059594068676233292,0.059999998658895493,0.059999998658895493,0,0.0010670401388779283,0.0010670401388779283,0,0,3,0,unchanged
785,2022-06-01,SSD,3,3,0.60000000000000009,0.70149916410446167,0.68793720006942749,0.69999998807907104,0.68999999761581421,0.25,0.29915717244148254,0.30629429221153259,0.30000001192092896,0.31000000238418579,0.050000000000000003,0.059101331979036331,0.059101331979036331,0.059999998658895493,0.059999998658895493,0,0.0010670401388779283,0.0010670401388779283,0,0,3,0,unchanged
785,2022-10-01,SSD,3,3,0.84999999999999998,0.68463951349258423,0.68692624568939209,0.68000000715255737,0.68999999761581421,0.44999999999999996,0.33454126119613647,0.34167838096618652,0.33000001311302185,0.34000000357627869,0.10000000000000001,0.060617443174123764,0.060617443174123764,0.059999998658895493,0.059999998658895493,0,0.0010670401388779283,0.0010670401388779283,0,0,3,0,unchanged
786,2022-06-01,SSD,3,3,0.60000000000000009,0.70393198728561401,0.69037002325057983,0.69999998807907104,0.68999999761581421,0.25,0.28582319617271423,0.29296031594276428,0.28999999165534973,0.28999999165534973,0.050000000000000003,0.059101331979036331,0.059101331979036331,0.059999998658895493,0.059999998658895493,0,0.0010670401388779283,0.0010670401388779283,0,0,3,0,unchanged
786,2022-10-01,SSD,3,3,0.84999999999999998,0.68707233667373657,0.68935906887054443,0.68999999761581421,0.68999999761581421,0.44999999999999996,0.32120728492736816,0.32834440469741821,0.31999999284744263,0.33000001311302185,0.10000000000000001,0.060617443174123764,0.060617443174123764,0.059999998658895493,0.059999998658895493,0,0.0010670401388779283,0.0010670401388779283,0,0,3,0,unchanged
789,2022-10-01,SSD,4,3,0.90000000000000002,0.86032760143280029,0.8680574893951416,0.86000001430511475,0.87000000476837158,0.65000000000000002,0.49590462446212769,0.50458478927612305,0.5,0.5,0.25,0.12922148406505585,0.12922148406505585,0.12999999523162842,0.12999999523162842,0,0.0010670401388779283,0.0010670401388779283,0,0,3,0,unchanged
793,2022-02-01,SDN,3,3,0.74999999999999989,0.69286048412322998,0.70038831233978271,0.68999999761581421,0.69999998807907104,0.40000000000000002,0.3607901930809021,0.35192105174064636,0.36000001430511475,0.34999999403953552,0.10000000000000001,0.09863908588886261,0.094809301197528839,0.10000000149011612,0.090000003576278687,0,0.0010670401388779283,0.0010670401388779283,0,0,3,0,unchanged
794,2022-10-01,SWZ,2,3,0.59999999999999998,0.64329832792282104,0.64975559711456299,0.63999998569488525,0.64999997615814209,0.10000000000000001,0.24469225108623505,0.24469225108623505,0.23999999463558197,0.23999999463558197,0,0.054040450602769852,0.05813324823975563,0.05000000074505806,0.059999998658895493,0,0.0010670401388779283,0.0010670401388779283,0,0,3,0,unchanged
796,2022-06-01,UGA,3,3,0.60000000000000009,0.65716069936752319,0.69662445783615112,0.6600000262260437,0.69999998807907104,0.34999999999999998,0.29093238711357117,0.29093238711357117,0.28999999165534973,0.28999999165534973,0.050000000000000003,0.055254969745874405,0.055254969745874405,0.059999998658895493,0.059999998658895493,0,0.0010670401388779283,0.0010670401388779283,0,0,3,0,unchanged
797,2022-06-01,UGA,3,3,0.60000000000000009,0.65703260898590088,0.69649636745452881,0.6600000262260437,0.69999998807907104,0.34999999999999998,0.29093238711357117,0.29093238711357117,0.28999999165534973,0.28999999165534973,0.050000000000000003,0.055254969745874405,0.055254969745874405,0.059999998658895493,0.059999998658895493,0,0.0010670401388779283,0.0010670401388779283,0,0,3,0,unchanged
798,2022-06-01,SWZ,3,3,0.55000000000000004,0.55824291706085205,0.55664020776748657,0.56000000238418579,0.56000000238418579,0.25,0.21778629720211029,0.21778629720211029,0.2199999988079071,0.2199999988079071,0.050000000000000003,0.061425115913152695,0.061425115913152695,0.059999998658895493,0.059999998658895493,0,0.0010670401388779283,0.0010670401388779283,0,0,3,0,unchanged
799,2022-06-01,SWZ,3,3,0.55000000000000004,0.55795270204544067,0.55636578798294067,0.56000000238418579,0.56000000238418579,0.25,0.21778629720211029,0.21778629720211029,0.2199999988079071,0.2199999988079071,0.050000000000000003,0.061425115913152695,0.061425115913152695,0.059999998658895493,0.059999998658895493,0,0.0010670401388779283,0.0010670401388779283,0,0,3,0,unchanged
800,2022-10-01,SSD,4,3,0.94999999999999996,0.81093770265579224,0.80066162347793579,0.81000000238418579,0.80000001192092896,0.60000000000000009,0.51866674423217773,0.53220146894454956,0.51999998092651367,0.52999997138977051,0.20000000000000001,0.14399152994155884,0.16918221116065979,0.14000000059604645,0.17000000178813934,0,0.0010670401388779283,0.0010670401388779283,0,0,3,0,unchanged
801,2022-10-01,SSD,4,3,0.94999999999999996,0.80717325210571289,0.79790270328521729,0.81000000238418579,0.80000001192092896,0.60000000000000009,0.51866674423217773,0.53220146894454956,0.51999998092651367,0.52999997138977051,0.20000000000000001,0.14399152994155884,0.16918221116065979,0.14000000059604645,0.17000000178813934,0,0.0010670401388779283,0.0010670401388779283,0,0,3,0,unchanged
806,2022-02-01,SSD,3,3,0.84999999999999998,0.76436126232147217,0.76217049360275269,0.75999999046325684,0.75999999046325684,0.65000000000000002,0.50292569398880005,0.49281549453735352,0.5,0.49000000953674316,0.14999999999999999,0.092426270246505737,0.092426270246505737,0.090000003576278687,0.090000003576278687,0,0.0010670401388779283,0.0010670401388779283,0,0,3,0,unchanged
806,2022-10-01,SSD,3,3,0.84999999999999998,0.79826360940933228,0.79497849941253662,0.80000001192092896,0.79000002145767212,0.5,0.44769811630249023,0.46004593372344971,0.44999998807907104,0.46000000834465027,0.10000000000000001,0.1138116791844368,0.1138116791844368,0.10999999940395355,0.10999999940395355,0,0.0010670401388779283,0.0010670401388779283,0,0,3,0,unchanged
807,2022-02-01,SSD,3,3,0.84999999999999998,0.76418352127075195,0.76199275255203247,0.75999999046325684,0.75999999046325684,0.65000000000000002,0.52685219049453735,0.51674193143844604,0.52999997138977051,0.51999998092651367,0.14999999999999999,0.13011445105075836,0.13011445105075836,0.12999999523162842,0.12999999523162842,0,0.0010670401388779283,0.0010670401388779283,0,0,3,0,unchanged
807,2022-10-01,SSD,3,3,0.84999999999999998,0.79737699031829834,0.79477101564407349,0.80000001192092896,0.79000002145767212,0.5,0.47162461280822754,0.48397243022918701,0.4699999988079071,0.47999998927116394,0.10000000000000001,0.12213867157697678,0.12213867157697678,0.11999999731779099,0.11999999731779099,0,0.0010670401388779283,0.0010670401388779283,0,0,3,0,unchanged
815,2022-02-01,SSD,4,3,0.90000000000000002,0.83067405223846436,0.83009856939315796,0.82999998331069946,0.82999998331069946,0.75,0.4871775209903717,0.47788891196250916,0.49000000953674316,0.47999998927116394,0.29999999999999999,0.12200653553009033,0.12200653553009033,0.11999999731779099,0.11999999731779099,0.050000000000000003,0.0010670401388779283,0.0010670401388779283,0,0,3,0,unchanged
815,2022-10-01,SSD,4,3,0.90000000000000013,0.85996109247207642,0.8672756552696228,0.86000001430511475,0.87000000476837158,0.69999999999999996,0.53450572490692139,0.53450572490692139,0.52999997138977051,0.52999997138977051,0.29999999999999999,0.16393713653087616,0.16393713653087616,0.15999999642372131,0.15999999642372131,0,0.0010670401388779283,0.0010670401388779283,0,0,3,0,unchanged
816,2022-02-01,SSD,4,3,0.90000000000000002,0.82891690731048584,0.82834142446517944,0.82999998331069946,0.82999998331069946,0.75,0.4871775209903717,0.47788891196250916,0.49000000953674316,0.47999998927116394,0.29999999999999999,0.12200653553009033,0.12200653553009033,0.11999999731779099,0.11999999731779099,0.050000000000000003,0.0010670401388779283,0.0010670401388779283,0,0,3,0,unchanged
816,2022-10-01,SSD,4,3,0.90000000000000013,0.85996109247207642,0.8672756552696228,0.86000001430511475,0.87000000476837158,0.69999999999999996,0.53450572490692139,0.53450572490692139,0.52999997138977051,0.52999997138977051,0.29999999999999999,0.16393713653087616,0.16393713653087616,0.15999999642372131,0.15999999642372131,0,0.0010670401388779283,0.0010670401388779283,0,0,3,0,unchanged
817,2022-02-01,SSD,4,3,0.90000000000000002,0.8503686785697937,0.80512148141860962,0.85000002384185791,0.81000000238418579,0.75,0.55924981832504272,0.54913955926895142,0.56000000238418579,0.55000001192092896,0.25,0.10564510524272919,0.10564510524272919,0.10999999940395355,0.10999999940395355,0,0.0010670401388779283,0.0010670401388779283,0,0,3,0,unchanged
817,2022-10-01,SSD,4,3,0.90000000000000002,0.85466456413269043,0.85653072595596313,0.85000002384185791,0.86000001430511475,0.75,0.56414413452148438,0.56414413452148438,0.56000000238418579,0.56000000238418579,0.40000000000000002,0.12147625535726547,0.12147625535726547,0.11999999731779099,0.11999999731779099,0,0.0010670401388779283,0.0010670401388779283,0,0,3,0,unchanged
818,2022-02-01,SSD,4,3,0.90000000000000002,0.84943336248397827,0.80418616533279419,0.85000002384185791,0.80000001192092896,0.75,0.55924981832504272,0.54913955926895142,0.56000000238418579,0.55000001192092896,0.25,0.10564510524272919,0.10564510524272919,0.10999999940395355,0.10999999940395355,0,0.0010670401388779283,0.0010670401388779283,0,0,3,0,unchanged
818,2022-10-01,SSD,4,3,0.90000000000000002,0.85328376293182373,0.85514992475509644,0.85000002384185791,0.86000001430511475,0.75,0.56414413452148438,0.56414413452148438,0.56000000238418579,0.56000000238418579,0.40000000000000002,0.12147625535726547,0.12147625535726547,0.11999999731779099,0.11999999731779099,0,0.0010670401388779283,0.0010670401388779283,0,0,3,0,unchanged
820,2022-02-01,SSD,3,3,0.55000000000000004,0.69947648048400879,0.70361709594726562,0.69999998807907104,0.69999998807907104,0.20000000000000001,0.3423035740852356,0.38367003202438354,0.34000000357627869,0.37999999523162842,0,0.074791267514228821,0.098825640976428986,0.070000000298023224,0.10000000149011612,0,0.0010670401388779283,0.0010670401388779283,0,0,3,0,unchanged
820,2022-03-01,SSD,3,3,0.69999999999999996,0.68039864301681519,0.68710154294967651,0.68000000715255737,0.68999999761581421,0.34999999999999998,0.30126500129699707,0.30126500129699707,0.30000001192092896,0.30000001192092896,0.050000000000000003,0.079375855624675751,0.079375855624675751,0.079999998211860657,0.079999998211860657,0,0.0010670401388779283,0.0010670401388779283,0,0,3,0,unchanged
820,2022-06-01,SSD,3,3,0.60000000000000009,0.67156672477722168,0.67043739557266235,0.67000001668930054,0.67000001668930054,0.29999999999999999,0.30473986268043518,0.30473986268043518,0.30000001192092896,0.30000001192092896,0.050000000000000003,0.066083639860153198,0.066083639860153198,0.070000000298023224,0.070000000298023224,0,0.0010670401388779283,0.0010670401388779283,0,0,3,0,unchanged
821,2022-02-01,SSD,3,3,0.55000000000000004,0.69995445013046265,0.70363807678222656,0.69999998807907104,0.69999998807907104,0.20000000000000001,0.3423035740852356,0.38367003202438354,0.34000000357627869,0.37999999523162842,0,0.074791267514228821,0.098825640976428986,0.070000000298023224,0.10000000149011612,0,0.0010670401388779283,0.0010670401388779283,0,0,3,0,unchanged
821,2022-03-01,SSD,3,3,0.69999999999999996,0.67940568923950195,0.68610858917236328,0.68000000715255737,0.68999999761581421,0.34999999999999998,0.30126500129699707,0.30126500129699707,0.30000001192092896,0.30000001192092896,0.050000000000000003,0.079375855624675751,0.079375855624675751,0.079999998211860657,0.079999998211860657,0,0.0010670401388779283,0.0010670401388779283,0,0,3,0,unchanged
821,2022-06-01,SSD,3,3,0.60000000000000009,0.6713065505027771,0.67017722129821777,0.67000001668930054,0.67000001668930054,0.29999999999999999,0.30473986268043518,0.30473986268043518,0.30000001192092896,0.30000001192092896,0.050000000000000003,0.066083639860153198,0.066083639860153198,0.070000000298023224,0.070000000298023224,0,0.0010670401388779283,0.0010670401388779283,0,0,3,0,unchanged
825,2022-04-01,SDN,3,3,0.70000000000000007,0.65614742040634155,0.64633911848068237,0.6600000262260437,0.64999997615814209,0.30000000000000004,0.32399460673332214,0.33901813626289368,0.31999999284744263,0.34000000357627869,0.10000000000000001,0.11606714129447937,0.11606714129447937,0.11999999731779099,0.11999999731779099,0,0.0010670401388779283,0.0010670401388779283,0,0,3,0,unchanged
828,2022-04-01,SDN,3,3,0.45000000000000001,0.77209872007369995,0.76745367050170898,0.76999998092651367,0.76999998092651367,0.20000000000000001,0.43057000637054443,0.43057000637054443,0.43000000715255737,0.43000000715255737,0.050000000000000003,0.11071766167879105,0.11071766167879105,0.10999999940395355,0.10999999940395355,0,0.0010670401388779283,0.0010670401388779283,0,0,3,0,unchanged
829,2022-04-01,SDN,3,3,0.45000000000000001,0.7666325569152832,0.76198750734329224,0.76999998092651367,0.75999999046325684,0.20000000000000001,0.43057000637054443,0.43057000637054443,0.43000000715255737,0.43000000715255737,0.050000000000000003,0.11071766167879105,0.11071766167879105,0.10999999940395355,0.10999999940395355,0,0.0010670401388779283,0.0010670401388779283,0,0,3,0,unchanged
837,2022-06-01,UGA,3,3,0.70000000000000007,0.61479640007019043,0.61814123392105103,0.61000001430511475,0.62000000476837158,0.25,0.21472302079200745,0.20440946519374847,0.20999999344348907,0.20000000298023224,0.050000000000000003,0.057545337826013565,0.049507316201925278,0.059999998658895493,0.05000000074505806,0,0.0010670401388779283,0.0010670401388779283,0,0,3,0,unchanged
842,2022-02-01,SSD,3,3,0.74999999999999989,0.7202790379524231,0.70523995161056519,0.72000002861022949,0.70999997854232788,0.40000000000000002,0.33854672312736511,0.33854672312736511,0.34000000357627869,0.34000000357627869,0.10000000000000001,0.089641779661178589,0.089641779661178589,0.090000003576278687,0.090000003576278687,0,0.0010670401388779283,0.0010670401388779283,0,0,3,0,unchanged
842,2022-03-01,SSD,3,3,0.69999999999999996,0.68314844369888306,0.67935478687286377,0.68000000715255737,0.68000000715255737,0.34999999999999998,0.32180368900299072,0.32894080877304077,0.31999999284744263,0.33000001311302185,0.050000000000000003,0.079375855624675751,0.079375855624675751,0.079999998211860657,0.079999998211860657,0,0.0010670401388779283,0.0010670401388779283,0,0,3,0,unchanged
842,2022-06-01,SSD,3,3,0.60000000000000009,0.70069265365600586,0.71503639221191406,0.69999998807907104,0.72000002861022949,0.29999999999999999,0.2860090434551239,0.29314616322517395,0.28999999165534973,0.28999999165534973,0.050000000000000003,0.066083639860153198,0.066083639860153198,0.070000000298023224,0.070000000298023224,0,0.0010670401388779283,0.0010670401388779283,0,0,3,0,unchanged
842,2022-10-01,SSD,3,3,0.69999999999999996,0.65764588117599487,0.65354663133621216,0.6600000262260437,0.64999997615814209,0.34999999999999998,0.33166375756263733,0.33880087733268738,0.33000001311302185,0.34000000357627869,0.10000000000000001,0.059594068676233292,0.059594068676233292,0.059999998658895493,0.059999998658895493,0,0.0010670401388779283,0.0010670401388779283,0,0,3,0,unchanged
843,2022-02-01,SSD,3,3,0.74999999999999989,0.71634089946746826,0.70130181312561035,0.72000002861022949,0.69999998807907104,0.40000000000000002,0.33854672312736511,0.33854672312736511,0.34000000357627869,0.34000000357627869,0.10000000000000001,0.089641779661178589,0.089641779661178589,0.090000003576278687,0.090000003576278687,0,0.0010670401388779283,0.0010670401388779283,0,0,3,0,unchanged
843,2022-03-01,SSD,3,3,0.69999999999999996,0.67949187755584717,0.67569822072982788,0.68000000715255737,0.68000000715255737,0.34999999999999998,0.32180368900299072,0.32894080877304077,0.31999999284744263,0.33000001311302185,0.050000000000000003,0.079375855624675751,0.079375855624675751,0.079999998211860657,0.079999998211860657,0,0.0010670401388779283,0.0010670401388779283,0,0,3,0,unchanged
843,2022-06-01,SSD,3,3,0.60000000000000009,0.70060694217681885,0.71495068073272705,0.69999998807907104,0.70999997854232788,0.29999999999999999,0.2860090434551239,0.29314616322517395,0.28999999165534973,0.28999999165534973,0.050000000000000003,0.066083639860153198,0.066083639860153198,0.070000000298023224,0.070000000298023224,0,0.0010670401388779283,0.0010670401388779283,0,0,3,0,unchanged
843,2022-10-01,SSD,3,3,0.69999999999999996,0.65769022703170776,0.65369045734405518,0.6600000262260437,0.64999997615814209,0.34999999999999998,0.33166375756263733,0.33880087733268738,0.33000001311302185,0.34000000357627869,0.10000000000000001,0.059594068676233292,0.059594068676233292,0.059999998658895493,0.059999998658895493,0,0.0010670401388779283,0.0010670401388779283,0,0,3,0,unchanged
844,2022-10-01,SSD,3,3,0.79999999999999993,0.73018848896026611,0.71311426162719727,0.73000001907348633,0.70999997854232788,0.5,0.50281840562820435,0.50281840562820435,0.5,0.5,0.10000000000000001,0.10304082930088043,0.11048369854688644,0.10000000149011612,0.10999999940395355,0,0.0010670401388779283,0.0010670401388779283,0,0,3,0,unchanged
845,2022-10-01,SSD,3,3,0.79999999999999993,0.7300834059715271,0.7130197286605835,0.73000001907348633,0.70999997854232788,0.5,0.50389128923416138,0.50389128923416138,0.5,0.5,0.10000000000000001,0.10304082930088043,0.11048369854688644,0.10000000149011612,0.10999999940395355,0,0.0010670401388779283,0.0010670401388779283,0,0,3,0,unchanged
852,2022-06-01,UGA,3,3,0.70000000000000007,0.59557175636291504,0.59891659021377563,0.60000002384185791,0.60000002384185791,0.25,0.20995323359966278,0.19963964819908142,0.20999999344348907,0.20000000298023224,0.050000000000000003,0.064690969884395599,0.05665295198559761,0.059999998658895493,0.059999998658895493,0,0.0010670401388779283,0.0010670401388779283,0,0,3,0,unchanged
857,2022-03-01,UGA,3,3,0.69999999999999996,0.67672431468963623,0.67674142122268677,0.68000000715255737,0.68000000715255737,0.34999999999999998,0.3287968635559082,0.31966939568519592,0.33000001311302185,0.31999999284744263,0.050000000000000003,0.052086342126131058,0.054956670850515366,0.05000000074505806,0.05000000074505806,0,0.0010670401388779283,0.0010670401388779283,0,0,3,0,unchanged
858,2022-03-01,UGA,3,3,0.69999999999999996,0.67501753568649292,0.672524094581604,0.68000000715255737,0.67000001668930054,0.34999999999999998,0.32457572221755981,0.31544825434684753,0.31999999284744263,0.31999999284744263,0.050000000000000003,0.052086342126131058,0.054956670850515366,0.05000000074505806,0.05000000074505806,0,0.0010670401388779283,0.0010670401388779283,0,0,3,0,unchanged
882,2022-02-01,SSD,4,3,0.89999999999999991,0.78493469953536987,0.77217316627502441,0.77999997138977051,0.76999998092651367,0.64999999999999991,0.53674060106277466,0.52437484264373779,0.54000002145767212,0.51999998092651367,0.29999999999999999,0.1386110782623291,0.16380175948143005,0.14000000059604645,0.15999999642372131,0,0.0010670401388779283,0.0010670401388779283,0,0,3,0,unchanged
883,2022-02-01,SSD,4,3,0.89999999999999991,0.78664034605026245,0.77387881278991699,0.79000002145767212,0.76999998092651367,0.64999999999999991,0.53674060106277466,0.52437484264373779,0.54000002145767212,0.51999998092651367,0.29999999999999999,0.1386110782623291,0.16380175948143005,0.14000000059604645,0.15999999642372131,0,0.0010670401388779283,0.0010670401388779283,0,0,3,0,unchanged
893,2022-02-01,SSD,3,3,0.79999999999999993,0.68229293823242188,0.6859511137008667,0.68000000715255737,0.68999999761581421,0.5,0.44409406185150146,0.44409406185150146,0.43999999761581421,0.43999999761581421,0.14999999999999999,0.077232189476490021,0.080102518200874329,0.079999998211860657,0.079999998211860657,0,0.0010670401388779283,0.0010670401388779283,0,0,3,0,unchanged
893,2022-10-01,SSD,3,3,0.90000000000000002,0.6908879280090332,0.68054938316345215,0.68999999761581421,0.68000000715255737,0.55000000000000004,0.40365883708000183,0.38797727227210999,0.40000000596046448,0.38999998569488525,0.14999999999999999,0.059594068676233292,0.059594068676233292,0.059999998658895493,0.059999998658895493,0,0.0010670401388779283,0.0010670401388779283,0,0,3,0,unchanged
894,2022-02-01,SSD,3,3,0.79999999999999993,0.6851460337638855,0.68867039680480957,0.68999999761581421,0.68999999761581421,0.5,0.44831520318984985,0.44831520318984985,0.44999998807907104,0.44999998807907104,0.14999999999999999,0.077232189476490021,0.080102518200874329,0.079999998211860657,0.079999998211860657,0,0.0010670401388779283,0.0010670401388779283,0,0,3,0,unchanged
894,2022-10-01,SSD,3,3,0.90000000000000002,0.69383692741394043,0.68349838256835938,0.68999999761581421,0.68000000715255737,0.55000000000000004,0.40787997841835022,0.39219841361045837,0.40999999642372131,0.38999998569488525,0.14999999999999999,0.059594068676233292,0.059594068676233292,0.059999998658895493,0.059999998658895493,0,0.0010670401388779283,0.0010670401388779283,0,0,3,0,unchanged
896,2022-04-01,SSD,4,3,0.75,0.70288431644439697,0.71901702880859375,0.69999998807907104,0.72000002861022949,0.45000000000000001,0.4777362048625946,0.46205466985702515,0.47999998927116394,0.46000000834465027,0.20000000000000001,0.10630503296852112,0.10630503296852112,0.10999999940395355,0.10999999940395355,0,0.0010670401388779283,0.0010670401388779283,0,0,3,0,unchanged
897,2022-04-01,SSD,4,3,0.75,0.70151275396347046,0.71764546632766724,0.69999998807907104,0.72000002861022949,0.45000000000000001,0.4777362048625946,0.46205466985702515,0.47999998927116394,0.46000000834465027,0.20000000000000001,0.10630503296852112,0.10630503296852112,0.10999999940395355,0.10999999940395355,0,0.0010670401388779283,0.0010670401388779283,0,0,3,0,unchanged
898,2022-03-01,SSD,3,3,0.69999999999999996,0.66657149791717529,0.6617048978805542,0.67000001668930054,0.6600000262260437,0.34999999999999998,0.36934986710548401,0.37648698687553406,0.37000000476837158,0.37999999523162842,0.050000000000000003,0.094253145158290863,0.094253145158290863,0.090000003576278687,0.090000003576278687,0,0.0010670401388779283,0.0010670401388779283,0,0,3,0,unchanged
898,2022-06-01,SSD,2,3,0.59999999999999998,0.73129409551620483,0.75040578842163086,0.73000001907348633,0.75,0.14999999999999999,0.34729421138763428,0.35443133115768433,0.34999999403953552,0.34999999403953552,0,0.077390782535076141,0.077390782535076141,0.079999998211860657,0.079999998211860657,0,0.0010670401388779283,0.0010670401388779283,0,0,3,0,unchanged
898,2022-10-01,SSD,3,3,0.79999999999999993,0.69235855340957642,0.7138097882270813,0.68999999761581421,0.70999997854232788,0.5,0.36466056108474731,0.37179768085479736,0.36000001430511475,0.37000000476837158,0.14999999999999999,0.072394579648971558,0.072394579648971558,0.070000000298023224,0.070000000298023224,0,0.0010670401388779283,0.0010670401388779283,0,0,3,0,unchanged
899,2022-03-01,SSD,3,3,0.69999999999999996,0.66657149791717529,0.6617048978805542,0.67000001668930054,0.6600000262260437,0.34999999999999998,0.36934986710548401,0.37648698687553406,0.37000000476837158,0.37999999523162842,0.050000000000000003,0.094253145158290863,0.094253145158290863,0.090000003576278687,0.090000003576278687,0,0.0010670401388779283,0.0010670401388779283,0,0,3,0,unchanged
899,2022-06-01,SSD,2,3,0.59999999999999998,0.73129409551620483,0.75040578842163086,0.73000001907348633,0.75,0.14999999999999999,0.34729421138763428,0.35443133115768433,0.34999999403953552,0.34999999403953552,0,0.077390782535076141,0.077390782535076141,0.079999998211860657,0.079999998211860657,0,0.0010670401388779283,0.0010670401388779283,0,0,3,0,unchanged
899,2022-10-01,SSD,3,3,0.79999999999999993,0.69235855340957642,0.7138097882270813,0.68999999761581421,0.70999997854232788,0.5,0.36466056108474731,0.37179768085479736,0.36000001430511475,0.37000000476837158,0.14999999999999999,0.072394579648971558,0.072394579648971558,0.070000000298023224,0.070000000298023224,0,0.0010670401388779283,0.0010670401388779283,0,0,3,0,unchanged
901,2022-02-01,SSD,4,3,0.80000000000000004,0.78370034694671631,0.7703511118888855,0.77999997138977051,0.76999998092651367,0.5,0.46090945601463318,0.44854369759559631,0.46000000834465027,0.44999998807907104,0.20000000000000001,0.13060940802097321,0.15580007433891296,0.12999999523162842,0.15999999642372131,0,0.0010670401388779283,0.0010670401388779283,0,0,3,0,unchanged
902,2022-02-01,SSD,4,3,0.80000000000000004,0.7852209210395813,0.77187168598175049,0.79000002145767212,0.76999998092651367,0.5,0.46513059735298157,0.4527648389339447,0.4699999988079071,0.44999998807907104,0.20000000000000001,0.13060940802097321,0.15580007433891296,0.12999999523162842,0.15999999642372131,0,0.0010670401388779283,0.0010670401388779283,0,0,3,0,unchanged
913,2022-02-01,SSD,3,3,0.79999999999999993,0.72787469625473022,0.72948247194290161,0.73000001907348633,0.73000001907348633,0.44999999999999996,0.43810540437698364,0.43810540437698364,0.43999999761581421,0.43999999761581421,0.14999999999999999,0.090704433619976044,0.093574762344360352,0.090000003576278687,0.090000003576278687,0,0.0010670401388779283,0.0010670401388779283,0,0,3,0,unchanged
914,2022-02-01,SSD,3,3,0.79999999999999993,0.73078703880310059,0.73226100206375122,0.73000001907348633,0.73000001907348633,0.44999999999999996,0.44232654571533203,0.44232654571533203,0.43999999761581421,0.43999999761581421,0.14999999999999999,0.090704433619976044,0.093574762344360352,0.090000003576278687,0.090000003576278687,0,0.0010670401388779283,0.0010670401388779283,0,0,3,0,unchanged
915,2022-10-01,MWI,2,3,0.5,0.56664937734603882,0.58483326435089111,0.56999999284744263,0.57999998331069946,0.10000000000000001,0.23805418610572815,0.23805418610572815,0.23999999463558197,0.23999999463558197,0,0.056412164121866226,0.056412164121866226,0.059999998658895493,0.059999998658895493,0,0.0010670401388779283,0.0010670401388779283,0,0,3,0,unchanged
916,2022-03-01,UGA,3,3,0.79999999999999993,0.5324062705039978,0.5643385648727417,0.52999997138977051,0.56000000238418579,0.5,0.24743065237998962,0.25746086239814758,0.25,0.25999999046325684,0.10000000000000001,0.05618869885802269,0.063631586730480194,0.059999998658895493,0.059999998658895493,0,0.0010670401388779283,0.0010670401388779283,0,0,3,0,unchanged
917,2022-02-01,UGA,3,3,0.80000000000000004,0.69426459074020386,0.70188730955123901,0.68999999761581421,0.69999998807907104,0.55000000000000004,0.24930699169635773,0.24381561577320099,0.25,0.23999999463558197,0.14999999999999999,0.051575791090726852,0.056822929531335831,0.05000000074505806,0.059999998658895493,0,0.0010670401388779283,0.0010670401388779283,0,0,3,0,unchanged
917,2022-06-01,UGA,2,3,0.55000000000000004,0.660145103931427,0.65957224369049072,0.6600000262260437,0.6600000262260437,0.14999999999999999,0.24856247007846832,0.24856247007846832,0.25,0.25,0,0.058248650282621384,0.058248650282621384,0.059999998658895493,0.059999998658895493,0,0.0010670401388779283,0.0010670401388779283,0,0,3,0,unchanged
918,2022-02-01,UGA,3,3,0.80000000000000004,0.70666855573654175,0.71484619379043579,0.70999997854232788,0.70999997854232788,0.55000000000000004,0.26135802268981934,0.24564340710639954,0.25999999046325684,0.25,0.14999999999999999,0.054039236158132553,0.059286374598741531,0.05000000074505806,0.059999998658895493,0,0.0010670401388779283,0.0010670401388779283,0,0,3,0,unchanged
918,2022-06-01,UGA,2,3,0.55000000000000004,0.62726825475692749,0.62745583057403564,0.62999999523162842,0.62999999523162842,0.14999999999999999,0.26106071472167969,0.26106071472167969,0.25999999046325684,0.25999999046325684,0,0.060712087899446487,0.070125207304954529,0.059999998658895493,0.070000000298023224,0,0.0010670401388779283,0.0010670401388779283,0,0,3,0,unchanged
919,2022-03-01,UGA,3,3,0.79999999999999993,0.58230996131896973,0.59414035081863403,0.57999998331069946,0.5899999737739563,0.5,0.25532403588294983,0.27859380841255188,0.25999999046325684,0.2800000011920929,0.10000000000000001,0.058332931250333786,0.06577581912279129,0.059999998658895493,0.070000000298023224,0,0.0010670401388779283,0.0010670401388779283,0,0,3,0,unchanged
921,2022-10-01,MWI,2,3,0.30000000000000004,0.55005532503128052,0.5653531551361084,0.55000001192092896,0.56999999284744263,0.029999999999999999,0.22444738447666168,0.22444738447666168,0.2199999988079071,0.2199999988079071,0,0.054181378334760666,0.054181378334760666,0.05000000074505806,0.05000000074505806,0,0.0010670401388779283,0.0010670401388779283,0,0,3,0,unchanged
929,2022-10-01,UGA,3,3,0.79999999999999993,0.68620198965072632,0.69217634201049805,0.68999999761581421,0.68999999761581421,0.5,0.33959648013114929,0.32953688502311707,0.34000000357627869,0.33000001311302185,0.14999999999999999,0.057727020233869553,0.057727020233869553,0.059999998658895493,0.059999998658895493,0,0.0010670401388779283,0.0010670401388779283,0,0,3,0,unchanged
930,2022-02-01,SSD,4,3,0.90000000000000013,0.76216316223144531,0.75530111789703369,0.75999999046325684,0.75999999046325684,0.69999999999999996,0.52734053134918213,0.51497471332550049,0.52999997138977051,0.50999999046325684,0.29999999999999999,0.13517411053180695,0.16036476194858551,0.14000000059604645,0.15999999642372131,0,0.0010670401388779283,0.0010670401388779283,0,0,3,0,unchanged
930,2022-10-01,SSD,3,3,0.84999999999999998,0.75550669431686401,0.74498856067657471,0.75999999046325684,0.74000000953674316,0.59999999999999998,0.60358089208602905,0.60358089208602905,0.60000002384185791,0.60000002384185791,0.10000000000000001,0.12772069871425629,0.13696061074733734,0.12999999523162842,0.14000000059604645,0,0.0010670401388779283,0.0010670401388779283,0,0,3,0,unchanged
931,2022-02-01,SSD,4,3,0.90000000000000013,0.76252079010009766,0.75565874576568604,0.75999999046325684,0.75999999046325684,0.69999999999999996,0.52734053134918213,0.51497471332550049,0.52999997138977051,0.50999999046325684,0.29999999999999999,0.13517411053180695,0.16036476194858551,0.14000000059604645,0.15999999642372131,0,0.0010670401388779283,0.0010670401388779283,0,0,3,0,unchanged
931,2022-10-01,SSD,3,3,0.84999999999999998,0.75432515144348145,0.74380701780319214,0.75,0.74000000953674316,0.59999999999999998,0.60358089208602905,0.60358089208602905,0.60000002384185791,0.60000002384185791,0.10000000000000001,0.12772069871425629,0.13696061074733734,0.12999999523162842,0.14000000059604645,0,0.0010670401388779283,0.0010670401388779283,0,0,3,0,unchanged
937,2022-02-01,UGA,3,3,0.80000000000000004,0.65032863616943359,0.65032863616943359,0.64999997615814209,0.64999997615814209,0.55000000000000004,0.28716906905174255,0.28167766332626343,0.28999999165534973,0.2800000011920929,0.14999999999999999,0.051575791090726852,0.054446127265691757,0.05000000074505806,0.05000000074505806,0,0.0010670401388779283,0.0010670401388779283,0,0,3,0,unchanged
937,2022-03-01,UGA,3,3,0.80000000000000004,0.60494983196258545,0.62685602903366089,0.60000002384185791,0.62999999523162842,0.5,0.2520163357257843,0.24652493000030518,0.25,0.25,0.050000000000000003,0.055462595075368881,0.058332931250333786,0.059999998658895493,0.059999998658895493,0,0.0010670401388779283,0.0010670401388779283,0,0,3,0,unchanged
937,2022-06-01,UGA,3,3,0.75,0.60062563419342041,0.6070481538772583,0.60000002384185791,0.61000001430511475,0.29999999999999999,0.28780844807624817,0.28780844807624817,0.28999999165534973,0.28999999165534973,0.050000000000000003,0.058248650282621384,0.058248650282621384,0.059999998658895493,0.059999998658895493,0,0.0010670401388779283,0.0010670401388779283,0,0,3,0,unchanged
937,2022-07-01,UGA,3,3,0.90000000000000002,0.63097840547561646,0.67229765653610229,0.62999999523162842,0.67000001668930054,0.5,0.29105982184410095,0.29105982184410095,0.28999999165534973,0.28999999165534973,0.14999999999999999,0.058074627071619034,0.058074627071619034,0.059999998658895493,0.059999998658895493,0,0.0010670401388779283,0.0010670401388779283,0,0,3,0,unchanged
937,2022-10-01,UGA,3,3,0.79999999999999993,0.6335102915763855,0.62792319059371948,0.62999999523162842,0.62999999523162842,0.5,0.28919214010238647,0.28919214010238647,0.28999999165534973,0.28999999165534973,0.14999999999999999,0.055681023746728897,0.055681023746728897,0.059999998658895493,0.059999998658895493,0,0.0010670401388779283,0.0010670401388779283,0,0,3,0,unchanged
938,2022-02-01,UGA,3,3,0.80000000000000004,0.64286214113235474,0.64301031827926636,0.63999998569488525,0.63999998569488525,0.55000000000000004,0.28407967090606689,0.27858826518058777,0.2800000011920929,0.2800000011920929,0.14999999999999999,0.051575791090726852,0.054446127265691757,0.05000000074505806,0.05000000074505806,0,0.0010670401388779283,0.0010670401388779283,0,0,3,0,unchanged
938,2022-03-01,UGA,3,3,0.80000000000000004,0.61294567584991455,0.63494110107421875,0.61000001430511475,0.62999999523162842,0.5,0.26047033071517944,0.25497895479202271,0.25999999046325684,0.25,0.050000000000000003,0.055462595075368881,0.058332931250333786,0.059999998658895493,0.059999998658895493,0,0.0010670401388779283,0.0010670401388779283,0,0,3,0,unchanged
938,2022-06-01,UGA,3,3,0.75,0.60874944925308228,0.61507773399353027,0.61000001430511475,0.62000000476837158,0.29999999999999999,0.29492193460464478,0.29492193460464478,0.28999999165534973,0.28999999165534973,0.050000000000000003,0.058248650282621384,0.058248650282621384,0.059999998658895493,0.059999998658895493,0,0.0010670401388779283,0.0010670401388779283,0,0,3,0,unchanged
938,2022-07-01,UGA,3,3,0.90000000000000002,0.61818677186965942,0.65855485200881958,0.62000000476837158,0.6600000262260437,0.5,0.31306740641593933,0.31306740641593933,0.31000000238418579,0.31000000238418579,0.14999999999999999,0.058074627071619034,0.058074627071619034,0.059999998658895493,0.059999998658895493,0,0.0010670401388779283,0.0010670401388779283,0,0,3,0,unchanged
938,2022-10-01,UGA,3,3,0.79999999999999993,0.63225489854812622,0.62693369388580322,0.62999999523162842,0.62999999523162842,0.5,0.30709752440452576,0.30709752440452576,0.31000000238418579,0.31000000238418579,0.14999999999999999,0.055681023746728897,0.055681023746728897,0.059999998658895493,0.059999998658895493,0,0.0010670401388779283,0.0010670401388779283,0,0,3,0,unchanged
941,2022-03-01,UGA,3,3,0.79999999999999993,0.46511220932006836,0.48851874470710754,0.4699999988079071,0.49000000953674316,0.5,0.2733786404132843,0.2593921422958374,0.27000001072883606,0.25999999046325684,0.10000000000000001,0.072695337235927582,0.064657330513000488,0.070000000298023224,0.059999998658895493,0,0.0010670401388779283,0.0010670401388779283,0,0,3,0,unchanged
942,2022-03-01,UGA,3,3,0.79999999999999993,0.46511220932006836,0.48851874470710754,0.4699999988079071,0.49000000953674316,0.5,0.2733786404132843,0.2593921422958374,0.27000001072883606,0.25999999046325684,0.10000000000000001,0.072695337235927582,0.064657330513000488,0.070000000298023224,0.059999998658895493,0,0.0010670401388779283,0.0010670401388779283,0,0,3,0,unchanged
948,2022-02-01,UGA,3,3,0.79999999999999993,0.68687725067138672,0.69589757919311523,0.68999999761581421,0.69999998807907104,0.5,0.36087265610694885,0.34267067909240723,0.36000001430511475,0.34000000357627869,0.14999999999999999,0.059972036629915237,0.062842391431331635,0.059999998658895493,0.059999998658895493,0,0.0010670401388779283,0.0010670401388779283,0,0,3,0,unchanged
948,2022-03-01,UGA,3,3,0.79999999999999993,0.69163292646408081,0.70190674066543579,0.68999999761581421,0.69999998807907104,0.5,0.33382314443588257,0.33983805775642395,0.33000001311302185,0.34000000357627869,0.10000000000000001,0.062842391431331635,0.062842391431331635,0.059999998658895493,0.059999998658895493,0,0.0010670401388779283,0.0010670401388779283,0,0,3,0,unchanged
951,2022-02-01,UGA,2,2,0.20000000000000001,0.25684881210327148,0.27048581838607788,0.25999999046325684,0.27000001072883606,0.050000000000000003,0.15105514228343964,0.16027916967868805,0.15000000596046448,0.15999999642372131,0,0.042496282607316971,0.047743406146764755,0.039999999105930328,0.05000000074505806,0,0.0010670401388779283,0.0010670401388779283,0,0,2,0,unchanged
951,2022-03-01,UGA,3,2,0.79999999999999993,0.45773595571517944,0.47939679026603699,0.46000000834465027,0.47999998927116394,0.5,0.18283538520336151,0.19286566972732544,0.18000000715255737,0.18999999761581421,0.10000000000000001,0.068239264190196991,0.069614365696907043,0.070000000298023224,0.070000000298023224,0,0.0010670401388779283,0.0010670401388779283,0,0,2,0,unchanged
951,2022-06-01,UGA,3,3,0.75,0.53937214612960815,0.53935760259628296,0.54000002145767212,0.54000002145767212,0.34999999999999998,0.24063773453235626,0.24063773453235626,0.23999999463558197,0.23999999463558197,0.050000000000000003,0.060712087899446487,0.070125207304954529,0.059999998658895493,0.070000000298023224,0,0.0010670401388779283,0.0010670401388779283,0,0,3,0,unchanged
951,2022-07-01,UGA,2,3,0.20000000000000001,0.48103079199790955,0.47952508926391602,0.47999998927116394,0.47999998927116394,0.050000000000000003,0.23100824654102325,0.23100824654102325,0.23000000417232513,0.23000000417232513,0,0.058074627071619034,0.058074627071619034,0.059999998658895493,0.059999998658895493,0,0.0010670401388779283,0.0010670401388779283,0,0,3,0,unchanged
952,2022-02-01,UGA,2,2,0.20000000000000001,0.2597183883190155,0.27318310737609863,0.25999999046325684,0.27000001072883606,0.050000000000000003,0.15105514228343964,0.16027916967868805,0.15000000596046448,0.15999999642372131,0,0.042496282607316971,0.047743406146764755,0.039999999105930328,0.05000000074505806,0,0.0010670401388779283,0.0010670401388779283,0,0,2,0,unchanged
952,2022-03-01,UGA,3,2,0.79999999999999993,0.46231740713119507,0.48233398795127869,0.46000000834465027,0.47999998927116394,0.5,0.18283538520336151,0.19286566972732544,0.18000000715255737,0.18999999761581421,0.10000000000000001,0.068239264190196991,0.069614365696907043,0.070000000298023224,0.070000000298023224,0,0.0010670401388779283,0.0010670401388779283,0,0,2,0,unchanged
952,2022-06-01,UGA,3,3,0.75,0.53956508636474609,0.5395505428314209,0.54000002145767212,0.54000002145767212,0.34999999999999998,0.24063773453235626,0.24063773453235626,0.23999999463558197,0.23999999463558197,0.050000000000000003,0.060712087899446487,0.070125207304954529,0.059999998658895493,0.070000000298023224,0,0.0010670401388779283,0.0010670401388779283,0,0,3,0,unchanged
952,2022-07-01,UGA,2,3,0.20000000000000001,0.48251301050186157,0.4811260998249054,0.47999998927116394,0.47999998927116394,0.050000000000000003,0.22397713363170624,0.22397713363170624,0.2199999988079071,0.2199999988079071,0,0.058074627071619034,0.058074627071619034,0.059999998658895493,0.059999998658895493,0,0.0010670401388779283,0.0010670401388779283,0,0,3,0,unchanged
957,2022-07-01,KEN,2,3,0.25,0.55620795488357544,0.54373139142990112,0.56000000238418579,0.54000002145767212,0.050000000000000003,0.24157240986824036,0.24032077193260193,0.23999999463558197,0.23999999463558197,0,0.037884186953306198,0.035827416926622391,0.039999999105930328,0.039999999105930328,0,0.0010670401388779283,0.0010670401388779283,0,0,3,0,unchanged
965,2022-02-01,UGA,2,3,0.20000000000000001,0.47583374381065369,0.47543367743492126,0.47999998927116394,0.47999998927116394,0.050000000000000003,0.22583682835102081,0.23506084084510803,0.23000000417232513,0.23999999463558197,0,0.053231801837682724,0.045366618782281876,0.05000000074505806,0.05000000074505806,0,0.0010670401388779283,0.0010670401388779283,0,0,3,0,unchanged
965,2022-06-01,UGA,2,3,0.59999999999999998,0.5339081883430481,0.53217476606369019,0.52999997138977051,0.52999997138977051,0.14999999999999999,0.25246080756187439,0.25246080756187439,0.25,0.25,0,0.066286660730838776,0.058248650282621384,0.070000000298023224,0.059999998658895493,0,0.0010670401388779283,0.0010670401388779283,0,0,3,0,unchanged
966,2022-02-01,UGA,2,2,0.20000000000000001,0.40640372037887573,0.42210662364959717,0.40999999642372131,0.41999998688697815,0.050000000000000003,0.18495915830135345,0.19418324530124664,0.18000000715255737,0.18999999761581421,0,0.053231801837682724,0.045366618782281876,0.05000000074505806,0.05000000074505806,0,0.0010670401388779283,0.0010670401388779283,0,0,2,0,unchanged
966,2022-06-01,UGA,2,3,0.59999999999999998,0.53418827056884766,0.53287893533706665,0.52999997138977051,0.52999997138977051,0.14999999999999999,0.24106740951538086,0.25049439072608948,0.23999999463558197,0.25,0,0.066286660730838776,0.058248650282621384,0.070000000298023224,0.059999998658895493,0,0.0010670401388779283,0.0010670401388779283,0,0,3,0,unchanged
968,2022-02-01,UGA,3,2,0.74999999999999989,0.63194280862808228,0.63967019319534302,0.62999999523162842,0.63999998569488525,0.40000000000000002,0.18936753273010254,0.20299765467643738,0.18999999761581421,0.20000000298023224,0.10000000000000001,0.042496282607316971,0.047743406146764755,0.039999999105930328,0.05000000074505806,0,0.0010670401388779283,0.0010670401388779283,0,0,3,1,promotion
968,2022-03-01,UGA,3,3,0.79999999999999993,0.62806195020675659,0.66460549831390381,0.62999999523162842,0.6600000262260437,0.5,0.25406163930892944,0.26409187912940979,0.25,0.25999999046325684,0.14999999999999999,0.060796376317739487,0.070209503173828125,0.059999998658895493,0.070000000298023224,0,0.0010670401388779283,0.0010670401388779283,0,0,3,0,unchanged
968,2022-06-01,UGA,3,3,0.69999999999999996,0.63972610235214233,0.63951253890991211,0.63999998569488525,0.63999998569488525,0.34999999999999998,0.31164407730102539,0.31164407730102539,0.31000000238418579,0.31000000238418579,0.10000000000000001,0.060712087899446487,0.070125207304954529,0.059999998658895493,0.070000000298023224,0,0.0010670401388779283,0.0010670401388779283,0,0,3,0,unchanged
968,2022-07-01,UGA,3,3,0.90000000000000002,0.67210197448730469,0.67174172401428223,0.67000001668930054,0.67000001668930054,0.5,0.30232271552085876,0.30232271552085876,0.30000001192092896,0.30000001192092896,0.14999999999999999,0.058074627071619034,0.058074627071619034,0.059999998658895493,0.059999998658895493,0,0.0010670401388779283,0.0010670401388779283,0,0,3,0,unchanged
969,2022-02-01,UGA,3,2,0.74999999999999989,0.62287336587905884,0.6305849552154541,0.62000000476837158,0.62999999523162842,0.40000000000000002,0.18835273385047913,0.20198285579681396,0.18999999761581421,0.20000000298023224,0.10000000000000001,0.042496282607316971,0.047743406146764755,0.039999999105930328,0.05000000074505806,0,0.0010670401388779283,0.0010670401388779283,0,0,3,1,promotion
969,2022-03-01,UGA,3,3,0.79999999999999993,0.61650174856185913,0.65185201168060303,0.62000000476837158,0.64999997615814209,0.5,0.25304684042930603,0.26307708024978638,0.25,0.25999999046325684,0.14999999999999999,0.060796376317739487,0.070209503173828125,0.059999998658895493,0.070000000298023224,0,0.0010670401388779283,0.0010670401388779283,0,0,3,0,unchanged
969,2022-06-01,UGA,3,3,0.69999999999999996,0.62906122207641602,0.62884765863418579,0.62999999523162842,0.62999999523162842,0.34999999999999998,0.31221997737884521,0.31221997737884521,0.31000000238418579,0.31000000238418579,0.10000000000000001,0.060712087899446487,0.070125207304954529,0.059999998658895493,0.070000000298023224,0,0.0010670401388779283,0.0010670401388779283,0,0,3,0,unchanged
969,2022-07-01,UGA,3,3,0.90000000000000002,0.6707301139831543,0.6704641580581665,0.67000001668930054,0.67000001668930054,0.5,0.31113603711128235,0.31113603711128235,0.31000000238418579,0.31000000238418579,0.14999999999999999,0.058074627071619034,0.058074627071619034,0.059999998658895493,0.059999998658895493,0,0.0010670401388779283,0.0010670401388779283,0,0,3,0,unchanged
971,2022-03-01,SSD,3,3,0.79999999999999993,0.74146401882171631,0.74134182929992676,0.74000000953674316,0.74000000953674316,0.5,0.34664413332939148,0.36640971899032593,0.34999999403953552,0.37000000476837158,0.10000000000000001,0.078378908336162567,0.078378908336162567,0.079999998211860657,0.079999998211860657,0,0.0010670401388779283,0.0010670401388779283,0,0,3,0,unchanged
971,2022-06-01,SSD,3,3,0.75,0.75171017646789551,0.75549608469009399,0.75,0.75999999046325684,0.34999999999999998,0.42665135860443115,0.39962795376777649,0.43000000715255737,0.40000000596046448,0.050000000000000003,0.085337057709693909,0.11810708791017532,0.090000003576278687,0.11999999731779099,0,0.0010670401388779283,0.0010670401388779283,0,0,3,0,unchanged
972,2022-03-01,SSD,3,3,0.79999999999999993,0.75483596324920654,0.74742531776428223,0.75,0.75,0.5,0.34664413332939148,0.36640971899032593,0.34999999403953552,0.37000000476837158,0.10000000000000001,0.078378908336162567,0.078378908336162567,0.079999998211860657,0.079999998211860657,0,0.0010670401388779283,0.0010670401388779283,0,0,3,0,unchanged
972,2022-06-01,SSD,3,3,0.75,0.75345045328140259,0.75756663084030151,0.75,0.75999999046325684,0.34999999999999998,0.42732754349708557,0.40030413866043091,0.43000000715255737,0.40000000596046448,0.050000000000000003,0.085337057709693909,0.11810708791017532,0.090000003576278687,0.11999999731779099,0,0.0010670401388779283,0.0010670401388779283,0,0,3,0,unchanged
983,2022-06-01,MOZ,3,3,0.59999999999999998,0.58672398328781128,0.55908739566802979,0.5899999737739563,0.56000000238418579,0.25,0.21760872006416321,0.21760872006416321,0.2199999988079071,0.2199999988079071,0,0.062649458646774292,0.062649458646774292,0.059999998658895493,0.059999998658895493,0,0.0010670401388779283,0.0010670401388779283,0,0,3,0,unchanged
984,2022-06-01,MOZ,3,3,0.59999999999999998,0.57893854379653931,0.57776272296905518,0.57999998331069946,0.57999998331069946,0.25,0.31947162747383118,0.31947162747383118,0.31999999284744263,0.31999999284744263,0,0.081206232309341431,0.081206232309341431,0.079999998211860657,0.079999998211860657,0,0.0010670401388779283,0.0010670401388779283,0,0,3,0,unchanged
985,2022-06-01,MOZ,3,3,0.59999999999999998,0.57868200540542603,0.57814663648605347,0.57999998331069946,0.57999998331069946,0.25,0.32671156525611877,0.32671156525611877,0.33000001311302185,0.33000001311302185,0,0.081206232309341431,0.081206232309341431,0.079999998211860657,0.079999998211860657,0,0.0010670401388779283,0.0010670401388779283,0,0,3,0,unchanged
994,2022-02-01,KEN,2,2,0.20000000000000001,0.31562173366546631,0.32409697771072388,0.31999999284744263,0.31999999284744263,0.050000000000000003,0.1900968998670578,0.19932092726230621,0.18999999761581421,0.20000000298023224,0,0.048247408121824265,0.051117744296789169,0.05000000074505806,0.05000000074505806,0,0.0010670401388779283,0.0010670401388779283,0,0,3,1,promotion
994,2022-06-01,KEN,2,3,0.5,0.50851529836654663,0.53183597326278687,0.50999999046325684,0.52999997138977051,0.14999999999999999,0.21539472043514252,0.21539472043514252,0.2199999988079071,0.2199999988079071,0,0.07450123131275177,0.066463224589824677,0.070000000298023224,0.070000000298023224,0,0.0010670401388779283,0.0010670401388779283,0,0,3,0,unchanged
995,2022-02-01,KEN,2,2,0.20000000000000001,0.30807462334632874,0.30961886048316956,0.31000000238418579,0.31000000238418579,0.050000000000000003,0.18077206611633301,0.18999609351158142,0.18000000715255737,0.18999999761581421,0,0.048247408121824265,0.051117744296789169,0.05000000074505806,0.05000000074505806,0,0.0010670401388779283,0.0010670401388779283,0,0,2,0,unchanged
995,2022-06-01,KEN,2,3,0.5,0.52337121963500977,0.55179405212402344,0.51999998092651367,0.55000001192092896,0.14999999999999999,0.20606988668441772,0.20606988668441772,0.20999999344348907,0.20999999344348907,0,0.07450123131275177,0.066463224589824677,0.070000000298023224,0.070000000298023224,0,0.0010670401388779283,0.0010670401388779283,0,0,3,0,unchanged
997,2022-09-01,LBN,3,3,0.84999999999999998,0.63239836692810059,0.6264491081237793,0.62999999523162842,0.62999999523162842,0.44999999999999996,0.35606014728546143,0.36597838997840881,0.36000001430511475,0.37000000476837158,0.10000000000000001,0.12135868519544601,0.14290602505207062,0.11999999731779099,0.14000000059604645,0,0.0010670401388779283,0.0010670401388779283,0,0,3,0,unchanged
1001,2022-09-01,LBN,3,3,0.85000000000000009,0.56000685691833496,0.56168055534362793,0.56000000238418579,0.56000000238418579,0.39999999999999997,0.32115575671195984,0.31967991590499878,0.31999999284744263,0.31999999284744263,0.050000000000000003,0.13443620502948761,0.13443620502948761,0.12999999523162842,0.12999999523162842,0,0.0010670401388779283,0.0010670401388779283,0,0,3,0,unchanged
1003,2022-02-01,KEN,3,3,0.74999999999999989,0.63656055927276611,0.6379084587097168,0.63999998569488525,0.63999998569488525,0.40000000000000002,0.22733701765537262,0.26070252060890198,0.23000000417232513,0.25999999046325684,0.10000000000000001,0.058222334831953049,0.061092671006917953,0.059999998658895493,0.059999998658895493,0,0.0010670401388779283,0.0010670401388779283,0,0,3,0,unchanged
1003,2022-03-01,KEN,3,3,0.79999999999999993,0.64961391687393188,0.65614676475524902,0.64999997615814209,0.6600000262260437,0.5,0.24678295850753784,0.25681325793266296,0.25,0.25999999046325684,0.14999999999999999,0.072937995195388794,0.072937995195388794,0.070000000298023224,0.070000000298023224,0,0.0010670401388779283,0.0010670401388779283,0,0,3,0,unchanged
1003,2022-07-01,KEN,3,3,0.90000000000000002,0.64001166820526123,0.64043265581130981,0.63999998569488525,0.63999998569488525,0.5,0.29183194041252136,0.29183194041252136,0.28999999165534973,0.28999999165534973,0.14999999999999999,0.06223662942647934,0.06223662942647934,0.059999998658895493,0.059999998658895493,0,0.0010670401388779283,0.0010670401388779283,0,0,3,0,unchanged
1005,2022-02-01,KEN,3,3,0.74999999999999989,0.63869333267211914,0.63958275318145752,0.63999998569488525,0.63999998569488525,0.40000000000000002,0.22733701765537262,0.26070252060890198,0.23000000417232513,0.25999999046325684,0.10000000000000001,0.058222334831953049,0.061092671006917953,0.059999998658895493,0.059999998658895493,0,0.0010670401388779283,0.0010670401388779283,0,0,3,0,unchanged
1005,2022-03-01,KEN,3,3,0.79999999999999993,0.6777118444442749,0.67989277839660645,0.68000000715255737,0.68000000715255737,0.5,0.24678295850753784,0.25681325793266296,0.25,0.25999999046325684,0.14999999999999999,0.072937995195388794,0.072937995195388794,0.070000000298023224,0.070000000298023224,0,0.0010670401388779283,0.0010670401388779283,0,0,3,0,unchanged
1005,2022-07-01,KEN,3,3,0.90000000000000002,0.64114350080490112,0.64156448841094971,0.63999998569488525,0.63999998569488525,0.5,0.29473480582237244,0.29473480582237244,0.28999999165534973,0.28999999165534973,0.14999999999999999,0.06223662942647934,0.06223662942647934,0.059999998658895493,0.059999998658895493,0,0.0010670401388779283,0.0010670401388779283,0,0,3,0,unchanged
1008,2022-09-01,LBN,3,3,0.75,0.5731855034828186,0.57067817449569702,0.56999999284744263,0.56999999284744263,0.29999999999999999,0.29328581690788269,0.2877880334854126,0.28999999165534973,0.28999999165534973,0.050000000000000003,0.10784517973661423,0.11720456928014755,0.10999999940395355,0.11999999731779099,0,0.0010670401388779283,0.0010670401388779283,0,0,3,0,unchanged
1011,2022-02-01,KEN,3,3,0.69999999999999996,0.26559853553771973,0.28322130441665649,0.27000001072883606,0.2800000011920929,0.34999999999999998,0.22043588757514954,0.18604844808578491,0.2199999988079071,0.18999999761581421,0.050000000000000003,0.046160142868757248,0.049030479043722153,0.05000000074505806,0.05000000074505806,0,0.0010670401388779283,0.0010670401388779283,0,0,2,-1,demotion
1011,2022-03-01,KEN,3,2,0.60000000000000009,0.42508265376091003,0.44329574704170227,0.43000000715255737,0.43999999761581421,0.29999999999999999,0.17581078410148621,0.18584106862545013,0.18000000715255737,0.18999999761581421,0.050000000000000003,0.058704134076833725,0.050666119903326035,0.059999998658895493,0.05000000074505806,0,0.0010670401388779283,0.0010670401388779283,0,0,2,0,unchanged
1011,2022-06-01,KEN,2,3,0.5,0.55546534061431885,0.58012694120407104,0.56000000238418579,0.57999998331069946,0.14999999999999999,0.22359585762023926,0.22359585762023926,0.2199999988079071,0.2199999988079071,0,0.059214983135461807,0.051176976412534714,0.059999998658895493,0.05000000074505806,0,0.0010670401388779283,0.0010670401388779283,0,0,3,0,unchanged
1011,2022-07-01,KEN,3,3,0.69999999999999996,0.51688414812088013,0.52097022533416748,0.51999998092651367,0.51999998092651367,0.39999999999999997,0.22622641921043396,0.22622641921043396,0.23000000417232513,0.23000000417232513,0.050000000000000003,0.055364903062582016,0.047326888889074326,0.059999998658895493,0.05000000074505806,0,0.0010670401388779283,0.0010670401388779283,0,0,3,0,unchanged
1016,2022-09-01,LBN,3,3,0.85000000000000009,0.58273309469223022,0.58988761901855469,0.57999998331069946,0.5899999737739563,0.39999999999999997,0.33931830525398254,0.33931830525398254,0.34000000357627869,0.34000000357627869,0.050000000000000003,0.11720456928014755,0.11720456928014755,0.11999999731779099,0.11999999731779099,0,0.0010670401388779283,0.0010670401388779283,0,0,3,0,unchanged
1017,2022-09-01,LBN,3,3,0.80000000000000004,0.61922705173492432,0.62087720632553101,0.62000000476837158,0.62000000476837158,0.34999999999999998,0.35315331816673279,0.35315331816673279,0.34999999403953552,0.34999999403953552,0.050000000000000003,0.11033452302217484,0.11033452302217484,0.10999999940395355,0.10999999940395355,0,0.0010670401388779283,0.0010670401388779283,0,0,3,0,unchanged
1020,2022-09-01,LBN,3,3,0.84999999999999998,0.56427174806594849,0.57186341285705566,0.56000000238418579,0.56999999284744263,0.44999999999999996,0.3552696704864502,0.3552696704864502,0.36000001430511475,0.36000001430511475,0.10000000000000001,0.13002593815326691,0.13002593815326691,0.12999999523162842,0.12999999523162842,0,0.0010670401388779283,0.0010670401388779283,0,0,3,0,unchanged
1023,2022-09-01,LBN,2,3,0.70000000000000007,0.59986299276351929,0.59571033716201782,0.60000002384185791,0.60000002384185791,0.14999999999999999,0.36365306377410889,0.37689253687858582,0.36000001430511475,0.37999999523162842,0,0.10304177552461624,0.11155600100755692,0.10000000149011612,0.10999999940395355,0,0.0010670401388779283,0.0010670401388779283,0,0,3,0,unchanged
1032,2022-02-01,KEN,3,2,0.69999999999999996,0.2733646035194397,0.29657268524169922,0.27000001072883606,0.30000001192092896,0.34999999999999998,0.16916622221469879,0.1783902496099472,0.17000000178813934,0.18000000715255737,0.050000000000000003,0.058982942253351212,0.061853263527154922,0.059999998658895493,0.059999998658895493,0,0.0010670401388779283,0.0010670401388779283,0,0,2,0,unchanged
1032,2022-03-01,KEN,3,2,0.60000000000000009,0.416483074426651,0.426727294921875,0.41999998688697815,0.43000000715255737,0.29999999999999999,0.16541622579097748,0.17544651031494141,0.17000000178813934,0.18000000715255737,0.050000000000000003,0.073990389704704285,0.065952382981777191,0.070000000298023224,0.070000000298023224,0,0.0010670401388779283,0.0010670401388779283,0,0,2,0,unchanged
1032,2022-06-01,KEN,2,3,0.5,0.48917198181152344,0.50387054681777954,0.49000000953674316,0.5,0.14999999999999999,0.23555223643779755,0.23492656648159027,0.23999999463558197,0.23000000417232513,0,0.07450123131275177,0.066463224589824677,0.070000000298023224,0.070000000298023224,0,0.0010670401388779283,0.0010670401388779283,0,0,3,0,unchanged
1033,2022-02-01,KEN,3,2,0.69999999999999996,0.31487840414047241,0.34949678182601929,0.31000000238418579,0.34999999403953552,0.34999999999999998,0.17855100333690643,0.18777503073215485,0.18000000715255737,0.18999999761581421,0.050000000000000003,0.058982942253351212,0.061853263527154922,0.059999998658895493,0.059999998658895493,0,0.0010670401388779283,0.0010670401388779283,0,0,2,0,unchanged
1033,2022-03-01,KEN,3,2,0.60000000000000009,0.45135051012039185,0.48568716645240784,0.44999998807907104,0.49000000953674316,0.29999999999999999,0.16699115931987762,0.17702144384384155,0.17000000178813934,0.18000000715255737,0.050000000000000003,0.071526944637298584,0.06348893791437149,0.070000000298023224,0.059999998658895493,0,0.0010670401388779283,0.0010670401388779283,0,0,2,0,unchanged
1033,2022-06-01,KEN,2,2,0.5,0.51306033134460449,0.54430383443832397,0.50999999046325684,0.54000002145767212,0.14999999999999999,0.18583989143371582,0.19464118778705597,0.18999999761581421,0.18999999761581421,0,0.072037786245346069,0.063999779522418976,0.070000000298023224,0.059999998658895493,0,0.0010670401388779283,0.0010670401388779283,0,0,2,0,unchanged
1038,2022-09-01,LBN,3,3,0.90000000000000002,0.63684248924255371,0.64190292358398438,0.63999998569488525,0.63999998569488525,0.55000000000000004,0.34392595291137695,0.34392595291137695,0.34000000357627869,0.34000000357627869,0.10000000000000001,0.11303258687257767,0.11303258687257767,0.10999999940395355,0.10999999940395355,0,0.0010670401388779283,0.0010670401388779283,0,0,3,0,unchanged
1039,2022-09-01,LBN,3,3,0.90000000000000002,0.6027788519859314,0.57796770334243774,0.60000002384185791,0.57999998331069946,0.5,0.33933809399604797,0.33933809399604797,0.34000000357627869,0.34000000357627869,0.10000000000000001,0.10745204240083694,0.10745204240083694,0.10999999940395355,0.10999999940395355,0,0.0010670401388779283,0.0010670401388779283,0,0,3,0,unchanged
1046,2022-02-01,KEN,2,3,0.59999999999999998,0.4594462513923645,0.47137451171875,0.46000000834465027,0.4699999988079071,0.10000000000000001,0.21497669816017151,0.2367011159658432,0.20999999344348907,0.23999999463558197,0,0.05756700411438942,0.06281416118144989,0.059999998658895493,0.059999998658895493,0,0.0010670401388779283,0.0010670401388779283,0,0,3,0,unchanged
1046,2022-07-01,KEN,3,3,0.70000000000000007,0.53217047452926636,0.53671473264694214,0.52999997138977051,0.54000002145767212,0.25,0.21498051285743713,0.21976132690906525,0.20999999344348907,0.2199999988079071,0.050000000000000003,0.06801498681306839,0.059976976364850998,0.070000000298023224,0.059999998658895493,0,0.0010670401388779283,0.0010670401388779283,0,0,3,0,unchanged
1047,2022-02-01,KEN,2,3,0.59999999999999998,0.44828143715858459,0.46220964193344116,0.44999998807907104,0.46000000834465027,0.10000000000000001,0.21497669816017151,0.2367011159658432,0.20999999344348907,0.23999999463558197,0,0.05756700411438942,0.06281416118144989,0.059999998658895493,0.059999998658895493,0,0.0010670401388779283,0.0010670401388779283,0,0,3,0,unchanged
1047,2022-07-01,KEN,3,3,0.70000000000000007,0.52006834745407104,0.52424687147140503,0.51999998092651367,0.51999998092651367,0.25,0.21498051285743713,0.21976132690906525,0.20999999344348907,0.2199999988079071,0.050000000000000003,0.06801498681306839,0.059976976364850998,0.070000000298023224,0.059999998658895493,0,0.0010670401388779283,0.0010670401388779283,0,0,3,0,unchanged
1048,2022-07-01,KEN,2,3,0.59999999999999998,0.50493144989013672,0.52952408790588379,0.5,0.52999997138977051,0.14999999999999999,0.26427626609802246,0.27810385823249817,0.25999999046325684,0.2800000011920929,0,0.050777707248926163,0.050777707248926163,0.05000000074505806,0.05000000074505806,0,0.0010670401388779283,0.0010670401388779283,0,0,3,0,unchanged
1048,2022-10-01,KEN,3,3,0.60000000000000009,0.52154844999313354,0.52406710386276245,0.51999998092651367,0.51999998092651367,0.25,0.26924771070480347,0.25016486644744873,0.27000001072883606,0.25,0.050000000000000003,0.051004465669393539,0.053874801844358444,0.05000000074505806,0.05000000074505806,0,0.0010670401388779283,0.0010670401388779283,0,0,3,0,unchanged
1049,2022-10-01,KEN,3,3,0.60000000000000009,0.44025254249572754,0.44276946783065796,0.43999999761581421,0.43999999761581421,0.25,0.20147190988063812,0.20147190988063812,0.20000000298023224,0.20000000298023224,0.050000000000000003,0.057326924055814743,0.05970371887087822,0.059999998658895493,0.059999998658895493,0,0.0010670401388779283,0.0010670401388779283,0,0,3,0,unchanged
1050,2022-10-01,KEN,3,3,0.60000000000000009,0.4374881386756897,0.44000506401062012,0.43999999761581421,0.43999999761581421,0.25,0.20147190988063812,0.20147190988063812,0.20000000298023224,0.20000000298023224,0.050000000000000003,0.059790369123220444,0.06216716393828392,0.059999998658895493,0.059999998658895493,0,0.0010670401388779283,0.0010670401388779283,0,0,3,0,unchanged
1057,2022-07-01,TZA,2,3,0.34999999999999998,0.36198011040687561,0.36234006285667419,0.36000001430511475,0.36000001430511475,0.050000000000000003,0.23379352688789368,0.2474302351474762,0.23000000417232513,0.25,0,0.057425800710916519,0.057425800710916519,0.059999998658895493,0.059999998658895493,0,0.0010670401388779283,0.0010670401388779283,0,0,3,0,unchanged
1059,2022-02-01,KEN,3,3,0.75,0.48878511786460876,0.48917397856712341,0.49000000953674316,0.49000000953674316,0.34999999999999998,0.23567290604114532,0.25739732384681702,0.23999999463558197,0.25999999046325684,0.10000000000000001,0.06441575288772583,0.069662883877754211,0.059999998658895493,0.070000000298023224,0,0.0010670401388779283,0.0010670401388779283,0,0,3,0,unchanged
1059,2022-07-01,KEN,3,3,0.84999999999999998,0.47307378053665161,0.4726872444152832,0.4699999988079071,0.4699999988079071,0.44999999999999996,0.22998957335948944,0.2368377149105072,0.23000000417232513,0.23999999463558197,0.14999999999999999,0.061136487871408463,0.061136487871408463,0.059999998658895493,0.059999998658895493,0,0.0010670401388779283,0.0010670401388779283,0,0,3,0,unchanged
1060,2022-02-01,KEN,3,3,0.75,0.49646815657615662,0.49764060974121094,0.5,0.5,0.34999999999999998,0.23567290604114532,0.25739732384681702,0.23999999463558197,0.25999999046325684,0.10000000000000001,0.06441575288772583,0.069662883877754211,0.059999998658895493,0.070000000298023224,0,0.0010670401388779283,0.0010670401388779283,0,0,3,0,unchanged
1060,2022-07-01,KEN,3,3,0.84999999999999998,0.48164984583854675,0.48126330971717834,0.47999998927116394,0.47999998927116394,0.44999999999999996,0.22998957335948944,0.2368377149105072,0.23000000417232513,0.23999999463558197,0.14999999999999999,0.061136487871408463,0.061136487871408463,0.059999998658895493,0.059999998658895493,0,0.0010670401388779283,0.0010670401388779283,0,0,3,0,unchanged
1061,2022-07-01,KEN,2,3,0.49999999999999994,0.40642285346984863,0.40862470865249634,0.40999999642372131,0.40999999642372131,0.15000000000000002,0.27937576174736023,0.29220488667488098,0.2800000011920929,0.28999999165534973,0.050000000000000003,0.053658496588468552,0.056528825312852859,0.05000000074505806,0.059999998658895493,0,0.0010670401388779283,0.0010670401388779283,0,0,3,0,unchanged
1068,2022-02-01,KEN,3,3,0.90000000000000002,0.57561355829238892,0.62087529897689819,0.57999998331069946,0.62000000476837158,0.5,0.29992437362670898,0.29992437362670898,0.30000001192092896,0.30000001192092896,0.14999999999999999,0.071487352252006531,0.071487352252006531,0.070000000298023224,0.070000000298023224,0,0.0010670401388779283,0.0010670401388779283,0,0,3,0,unchanged
1068,2022-07-01,KEN,3,3,0.90000000000000002,0.63560616970062256,0.62100070714950562,0.63999998569488525,0.62000000476837158,0.44999999999999996,0.28505083918571472,0.28252512216567993,0.28999999165534973,0.2800000011920929,0.10000000000000001,0.061450961977243423,0.064321309328079224,0.059999998658895493,0.059999998658895493,0,0.0010670401388779283,0.0010670401388779283,0,0,3,0,unchanged
1071,2022-02-01,KEN,3,3,0.90000000000000002,0.55744647979736328,0.60869383811950684,0.56000000238418579,0.61000001430511475,0.5,0.28748372197151184,0.28748372197151184,0.28999999165534973,0.28999999165534973,0.14999999999999999,0.071487352252006531,0.071487352252006531,0.070000000298023224,0.070000000298023224,0,0.0010670401388779283,0.0010670401388779283,0,0,3,0,unchanged
1071,2022-07-01,KEN,3,3,0.90000000000000002,0.62167662382125854,0.60745161771774292,0.62000000476837158,0.61000001430511475,0.44999999999999996,0.25879636406898499,0.25627067685127258,0.25999999046325684,0.25999999046325684,0.10000000000000001,0.061450961977243423,0.064321309328079224,0.059999998658895493,0.059999998658895493,0,0.0010670401388779283,0.0010670401388779283,0,0,3,0,unchanged
1097,2022-02-01,KEN,3,3,0.45000000000000001,0.34938916563987732,0.34949749708175659,0.34999999403953552,0.34999999403953552,0.20000000000000001,0.21353882551193237,0.22459626197814941,0.20999999344348907,0.2199999988079071,0.050000000000000003,0.045873206108808517,0.048743542283773422,0.05000000074505806,0.05000000074505806,0,0.0010670401388779283,0.0010670401388779283,0,0,3,0,unchanged
1099,2022-02-01,KEN,3,3,0.45000000000000001,0.35252493619918823,0.3526332676410675,0.34999999403953552,0.34999999403953552,0.20000000000000001,0.21353882551193237,0.22459626197814941,0.20999999344348907,0.2199999988079071,0.050000000000000003,0.045873206108808517,0.048743542283773422,0.05000000074505806,0.05000000074505806,0,0.0010670401388779283,0.0010670401388779283,0,0,3,0,unchanged
1102,2022-02-01,KEN,3,3,0.75,0.58716845512390137,0.59337007999420166,0.5899999737739563,0.5899999737739563,0.29999999999999999,0.28723153471946716,0.28723153471946716,0.28999999165534973,0.28999999165534973,0.050000000000000003,0.067600555717945099,0.069977350533008575,0.070000000298023224,0.070000000298023224,0,0.0010670401388779283,0.0010670401388779283,0,0,3,0,unchanged
1102,2022-07-01,KEN,3,3,0.79999999999999993,0.51432406902313232,0.53732985258102417,0.50999999046325684,0.54000002145767212,0.5,0.26463371515274048,0.27306222915649414,0.25999999046325684,0.27000001072883606,0.14999999999999999,0.061450961977243423,0.064321309328079224,0.059999998658895493,0.059999998658895493,0,0.0010670401388779283,0.0010670401388779283,0,0,3,0,unchanged
1103,2022-02-01,KEN,3,3,0.75,0.58682429790496826,0.59134423732757568,0.5899999737739563,0.5899999737739563,0.29999999999999999,0.26794531941413879,0.26794531941413879,0.27000001072883606,0.27000001072883606,0.050000000000000003,0.067600555717945099,0.069977350533008575,0.070000000298023224,0.070000000298023224,0,0.0010670401388779283,0.0010670401388779283,0,0,3,0,unchanged
1103,2022-07-01,KEN,3,3,0.79999999999999993,0.51353412866592407,0.53653991222381592,0.50999999046325684,0.54000002145767212,0.5,0.26463371515274048,0.27306222915649414,0.25999999046325684,0.27000001072883606,0.14999999999999999,0.061450961977243423,0.064321309328079224,0.059999998658895493,0.059999998658895493,0,0.0010670401388779283,0.0010670401388779283,0,0,3,0,unchanged
1107,2022-10-01,MOZ,2,3,0.65000000000000002,0.50140219926834106,0.49954763054847717,0.5,0.5,0.15000000000000002,0.31092542409896851,0.31065088510513306,0.31000000238418579,0.31000000238418579,0.050000000000000003,0.051077995449304581,0.051077995449304581,0.05000000074505806,0.05000000074505806,0,0.0010670401388779283,0.0010670401388779283,0,0,3,0,unchanged
1112,2022-10-01,MOZ,2,3,0.34999999999999998,0.5453951358795166,0.54322552680969238,0.55000001192092896,0.54000002145767212,0.050000000000000003,0.27924293279647827,0.27924293279647827,0.2800000011920929,0.2800000011920929,0,0.054303679615259171,0.054303679615259171,0.05000000074505806,0.05000000074505806,0,0.0010670401388779283,0.0010670401388779283,0,0,3,0,unchanged
1113,2022-10-01,MOZ,2,3,0.34999999999999998,0.54353040456771851,0.54236704111099243,0.54000002145767212,0.54000002145767212,0.050000000000000003,0.27957192063331604,0.27407413721084595,0.2800000011920929,0.27000001072883606,0,0.05644790455698967,0.05644790455698967,0.059999998658895493,0.059999998658895493,0,0.0010670401388779283,0.0010670401388779283,0,0,3,0,unchanged
1114,2022-10-01,MOZ,2,3,0.34999999999999998,0.52984219789505005,0.53134459257125854,0.52999997138977051,0.52999997138977051,0.050000000000000003,0.28555116057395935,0.28555116057395935,0.28999999165534973,0.28999999165534973,0,0.05644790455698967,0.05644790455698967,0.059999998658895493,0.059999998658895493,0,0.0010670401388779283,0.0010670401388779283,0,0,3,0,unchanged
1124,2022-10-01,MOZ,2,3,0.65000000000000002,0.40817248821258545,0.46321237087249756,0.40999999642372131,0.46000000834465027,0.14999999999999999,0.30211183428764343,0.30211183428764343,0.30000001192092896,0.30000001192092896,0,0.055221948772668839,0.055221948772668839,0.059999998658895493,0.059999998658895493,0,0.0010670401388779283,0.0010670401388779283,0,0,3,0,unchanged
1128,2022-10-01,MOZ,2,3,0.65000000000000002,0.44597333669662476,0.50083786249160767,0.44999998807907104,0.5,0.14999999999999999,0.24584752321243286,0.24584752321243286,0.25,0.25,0,0.057366173714399338,0.057366173714399338,0.059999998658895493,0.059999998658895493,0,0.0010670401388779283,0.0010670401388779283,0,0,3,0,unchanged
1131,2022-10-01,MOZ,3,3,0.80000000000000004,0.5000450611114502,0.54225009679794312,0.5,0.54000002145767212,0.39999999999999997,0.2810637354850769,0.29740139842033386,0.2800000011920929,0.30000001192092896,0.050000000000000003,0.061667259782552719,0.061667259782552719,0.059999998658895493,0.059999998658895493,0,0.0010670401388779283,0.0010670401388779283,0,0,3,0,unchanged
1145,2022-10-01,MOZ,3,3,0.65000000000000002,0.53055047988891602,0.53055047988891602,0.52999997138977051,0.52999997138977051,0.20000000000000001,0.28722003102302551,0.28722003102302551,0.28999999165534973,0.28999999165534973,0.050000000000000003,0.05644790455698967,0.05644790455698967,0.059999998658895493,0.059999998658895493,0,0.0010670401388779283,0.0010670401388779283,0,0,3,0,unchanged
1146,2022-10-01,MOZ,3,3,0.65000000000000002,0.53951281309127808,0.53951281309127808,0.54000002145767212,0.54000002145767212,0.20000000000000001,0.28495973348617554,0.28495973348617554,0.2800000011920929,0.2800000011920929,0.050000000000000003,0.05644790455698967,0.05644790455698967,0.059999998658895493,0.059999998658895493,0,0.0010670401388779283,0.0010670401388779283,0,0,3,0,unchanged
1148,2022-10-01,MOZ,3,3,0.84999999999999998,0.55432003736495972,0.55771833658218384,0.55000001192092896,0.56000000238418579,0.5,0.28153276443481445,0.28153276443481445,0.2800000011920929,0.2800000011920929,0.14999999999999999,0.063296638429164886,0.063296638429164886,0.059999998658895493,0.059999998658895493,0,0.0010670401388779283,0.0010670401388779283,0,0,3,0,unchanged
1150,2022-10-01,MOZ,3,3,0.84999999999999998,0.52890539169311523,0.5323035717010498,0.52999997138977051,0.52999997138977051,0.5,0.28784099221229553,0.28784099221229553,0.28999999165534973,0.28999999165534973,0.14999999999999999,0.061152394860982895,0.061152394860982895,0.059999998658895493,0.059999998658895493,0,0.0010670401388779283,0.0010670401388779283,0,0,3,0,unchanged
1151,2022-10-01,MOZ,3,3,0.80000000000000004,0.63524800539016724,0.63509672880172729,0.63999998569488525,0.63999998569488525,0.39999999999999997,0.32098236680030823,0.32098236680030823,0.31999999284744263,0.31999999284744263,0.050000000000000003,0.057466272264719009,0.057466272264719009,0.059999998658895493,0.059999998658895493,0,0.0010670401388779283,0.0010670401388779283,0,0,3,0,unchanged
1152,2022-10-01,MOZ,3,3,0.80000000000000004,0.6355932354927063,0.63544195890426636,0.63999998569488525,0.63999998569488525,0.39999999999999997,0.31915828585624695,0.31915828585624695,0.31999999284744263,0.31999999284744263,0.050000000000000003,0.051484670490026474,0.051484670490026474,0.05000000074505806,0.05000000074505806,0,0.0010670401388779283,0.0010670401388779283,0,0,3,0,unchanged
1154,2022-10-01,MOZ,3,3,0.80000000000000004,0.45897480845451355,0.45968380570411682,0.46000000834465027,0.46000000834465027,0.39999999999999997,0.2873883843421936,0.2934207022190094,0.28999999165534973,0.28999999165534973,0.050000000000000003,0.053541433066129684,0.053541433066129684,0.05000000074505806,0.05000000074505806,0,0.0010670401388779283,0.0010670401388779283,0,0,3,0,unchanged
1157,2022-02-01,KEN,3,3,0.85000000000000009,0.56230318546295166,0.60723757743835449,0.56000000238418579,0.61000001430511475,0.34999999999999998,0.31000658869743347,0.31000658869743347,0.31000000238418579,0.31000000238418579,0.050000000000000003,0.053176786750555038,0.055553581565618515,0.05000000074505806,0.059999998658895493,0,0.0010670401388779283,0.0010670401388779283,0,0,3,0,unchanged
1157,2022-07-01,KEN,3,3,0.90000000000000002,0.55950635671615601,0.57838070392608643,0.56000000238418579,0.57999998331069946,0.44999999999999996,0.27913835644721985,0.27913835644721985,0.2800000011920929,0.2800000011920929,0.10000000000000001,0.053875941783189774,0.053875941783189774,0.05000000074505806,0.05000000074505806,0,0.0010670401388779283,0.0010670401388779283,0,0,3,0,unchanged
1157,2022-10-01,KEN,2,3,0.25,0.57731527090072632,0.59811168909072876,0.57999998331069946,0.60000002384185791,0.10000000000000001,0.35362729430198669,0.35362729430198669,0.34999999403953552,0.34999999403953552,0,0.084886610507965088,0.077923491597175598,0.079999998211860657,0.079999998211860657,0,0.0010670401388779283,0.0010670401388779283,0,0,3,0,unchanged
1158,2022-02-01,KEN,3,3,0.85000000000000009,0.56889522075653076,0.612465500831604,0.56999999284744263,0.61000001430511475,0.34999999999999998,0.31000658869743347,0.31000658869743347,0.31000000238418579,0.31000000238418579,0.050000000000000003,0.053176786750555038,0.055553581565618515,0.05000000074505806,0.059999998658895493,0,0.0010670401388779283,0.0010670401388779283,0,0,3,0,unchanged
1158,2022-07-01,KEN,3,3,0.90000000000000002,0.55951714515686035,0.57853633165359497,0.56000000238418579,0.57999998331069946,0.44999999999999996,0.27913835644721985,0.27913835644721985,0.2800000011920929,0.2800000011920929,0.10000000000000001,0.053875941783189774,0.053875941783189774,0.05000000074505806,0.05000000074505806,0,0.0010670401388779283,0.0010670401388779283,0,0,3,0,unchanged
1158,2022-10-01,KEN,2,3,0.25,0.57733327150344849,0.60024994611740112,0.57999998331069946,0.60000002384185791,0.10000000000000001,0.35362729430198669,0.35362729430198669,0.34999999403953552,0.34999999403953552,0,0.084886610507965088,0.077923491597175598,0.079999998211860657,0.079999998211860657,0,0.0010670401388779283,0.0010670401388779283,0,0,3,0,unchanged
1160,2022-01-01,KEN,3,2,0.46999999999999997,0.50106412172317505,0.5084989070892334,0.5,0.50999999046325684,0.23000000000000001,0.19108819961547852,0.19108819961547852,0.18999999761581421,0.18999999761581421,0.040000000000000001,0.053226340562105179,0.078417018055915833,0.05000000074505806,0.079999998211860657,0,0.0010670401388779283,0.0010670401388779283,0,0,2,0,unchanged
1160,2022-02-01,KEN,3,3,0.55000000000000004,0.46140426397323608,0.48162761330604553,0.46000000834465027,0.47999998927116394,0.25,0.20354337990283966,0.20354337990283966,0.20000000298023224,0.20000000298023224,0.050000000000000003,0.048551414161920547,0.048551414161920547,0.05000000074505806,0.05000000074505806,0,0.0010670401388779283,0.0010670401388779283,0,0,3,0,unchanged
1160,2022-05-01,KEN,3,2,0.67000000000000004,0.47256931662559509,0.50209224224090576,0.4699999988079071,0.5,0.41000000000000003,0.17502461373806,0.18505489826202393,0.18000000715255737,0.18999999761581421,0.13,0.057230185717344284,0.057230185717344284,0.059999998658895493,0.059999998658895493,0,0.0010670401388779283,0.0010670401388779283,0,0,2,0,unchanged
1160,2022-07-01,KEN,3,3,0.70000000000000007,0.47486129403114319,0.47310900688171387,0.4699999988079071,0.4699999988079071,0.44999999999999996,0.20239347219467163,0.20239347219467163,0.20000000298023224,0.20000000298023224,0.14999999999999999,0.049250569194555283,0.049250569194555283,0.05000000074505806,0.05000000074505806,0,0.0010670401388779283,0.0010670401388779283,0,0,3,0,unchanged
1160,2022-10-01,KEN,1,3,0.15000000000000002,0.49501895904541016,0.49491679668426514,0.5,0.49000000953674316,0.050000000000000003,0.24548043310642242,0.2506687343120575,0.25,0.25,0,0.073887139558792114,0.076757475733757019,0.070000000298023224,0.079999998211860657,0,0.0010670401388779283,0.0010670401388779283,0,0,3,0,unchanged
1161,2022-01-01,KEN,3,3,0.46999999999999997,0.49540704488754272,0.49989220499992371,0.5,0.5,0.23000000000000001,0.20607179403305054,0.20607179403305054,0.20999999344348907,0.20999999344348907,0.040000000000000001,0.053226340562105179,0.078417018055915833,0.05000000074505806,0.079999998211860657,0,0.0010670401388779283,0.0010670401388779283,0,0,3,0,unchanged
1161,2022-02-01,KEN,3,3,0.55000000000000004,0.45164668560028076,0.47217640280723572,0.44999998807907104,0.4699999988079071,0.25,0.21921759843826294,0.21921759843826294,0.2199999988079071,0.2199999988079071,0.050000000000000003,0.048551414161920547,0.048551414161920547,0.05000000074505806,0.05000000074505806,0,0.0010670401388779283,0.0010670401388779283,0,0,3,0,unchanged
1161,2022-05-01,KEN,3,2,0.67000000000000004,0.46300226449966431,0.49252569675445557,0.46000000834465027,0.49000000953674316,0.41000000000000003,0.19000820815563202,0.20003849267959595,0.18999999761581421,0.20000000298023224,0.13,0.057230185717344284,0.057230185717344284,0.059999998658895493,0.059999998658895493,0,0.0010670401388779283,0.0010670401388779283,0,0,3,1,promotion
1161,2022-07-01,KEN,3,3,0.70000000000000007,0.46067953109741211,0.45904406905174255,0.46000000834465027,0.46000000834465027,0.44999999999999996,0.22776921093463898,0.22776921093463898,0.23000000417232513,0.23000000417232513,0.14999999999999999,0.049250569194555283,0.049250569194555283,0.05000000074505806,0.05000000074505806,0,0.0010670401388779283,0.0010670401388779283,0,0,3,0,unchanged
1161,2022-10-01,KEN,1,3,0.15000000000000002,0.4898848831653595,0.49019196629524231,0.49000000953674316,0.49000000953674316,0.050000000000000003,0.23602764308452606,0.24121581017971039,0.23999999463558197,0.23999999463558197,0,0.073887139558792114,0.076757475733757019,0.070000000298023224,0.079999998211860657,0,0.0010670401388779283,0.0010670401388779283,0,0,3,0,unchanged
1173,2022-01-01,KEN,2,3,0.40000000000000002,0.58304476737976074,0.6049569845199585,0.57999998331069946,0.60000002384185791,0.13,0.32555770874023438,0.31507068872451782,0.33000001311302185,0.31999999284744263,0,0.060290839523077011,0.060290839523077011,0.059999998658895493,0.059999998658895493,0,0.0010670401388779283,0.0010670401388779283,0,0,3,0,unchanged
1173,2022-02-01,KEN,3,3,0.69999999999999996,0.58049476146697998,0.59476351737976074,0.57999998331069946,0.5899999737739563,0.34999999999999998,0.32653561234474182,0.32653561234474182,0.33000001311302185,0.33000001311302185,0.10000000000000001,0.06316666305065155,0.06316666305065155,0.059999998658895493,0.059999998658895493,0,0.0010670401388779283,0.0010670401388779283,0,0,3,0,unchanged
1173,2022-07-01,KEN,3,3,0.75,0.56689006090164185,0.57669103145599365,0.56999999284744263,0.57999998331069946,0.44999999999999996,0.26199179887771606,0.25150474905967712,0.25999999046325684,0.25,0.14999999999999999,0.05313028022646904,0.05313028022646904,0.05000000074505806,0.05000000074505806,0,0.0010670401388779283,0.0010670401388779283,0,0,3,0,unchanged
1173,2022-10-01,KEN,2,3,0.25,0.55875957012176514,0.54547446966171265,0.56000000238418579,0.55000001192092896,0.10000000000000001,0.29785087704658508,0.32136744260787964,0.30000001192092896,0.31999999284744263,0,0.077177800238132477,0.080048136413097382,0.079999998211860657,0.079999998211860657,0,0.0010670401388779283,0.0010670401388779283,0,0,3,0,unchanged
1182,2022-01-01,SOM,3,2,0.46999999999999997,0.31843116879463196,0.33026516437530518,0.31999999284744263,0.33000001311302185,0.23000000000000001,0.13750602304935455,0.14753630757331848,0.14000000059604645,0.15000000596046448,0.040000000000000001,0.043531719595193863,0.043531719595193863,0.039999999105930328,0.039999999105930328,0,0.0010670401388779283,0.0010670401388779283,0,0,2,0,unchanged
1182,2022-05-01,SOM,3,2,0.67000000000000004,0.35061720013618469,0.3504406213760376,0.34999999403953552,0.34999999403953552,0.41000000000000003,0.16566179692745209,0.16566179692745209,0.17000000178813934,0.17000000178813934,0.13,0.051479469984769821,0.051479469984769821,0.05000000074505806,0.05000000074505806,0,0.0010670401388779283,0.0010670401388779283,0,0,2,0,unchanged
1182,2022-10-01,SOM,1,2,0.15000000000000002,0.35461029410362244,0.35894691944122314,0.34999999403953552,0.36000001430511475,0.050000000000000003,0.16919559240341187,0.16716252267360687,0.17000000178813934,0.17000000178813934,0,0.055767018347978592,0.055767018347978592,0.059999998658895493,0.059999998658895493,0,0.0010670401388779283,0.0010670401388779283,0,0,2,0,unchanged
1183,2022-01-01,SOM,2,3,0.40000000000000002,0.417621910572052,0.45119526982307434,0.41999998688697815,0.44999998807907104,0.13,0.24027006328105927,0.24027006328105927,0.23999999463558197,0.23999999463558197,0,0.051061119884252548,0.051061119884252548,0.05000000074505806,0.05000000074505806,0,0.0010670401388779283,0.0010670401388779283,0,0,3,0,unchanged
1183,2022-02-01,SOM,3,3,0.69999999999999996,0.38194972276687622,0.41194021701812744,0.37999999523162842,0.40999999642372131,0.34999999999999998,0.23017576336860657,0.23017576336860657,0.23000000417232513,0.23000000417232513,0.10000000000000001,0.051061119884252548,0.051061119884252548,0.05000000074505806,0.05000000074505806,0,0.0010670401388779283,0.0010670401388779283,0,0,3,0,unchanged
1184,2022-01-01,SOM,2,3,0.40000000000000002,0.43390911817550659,0.46748247742652893,0.43000000715255737,0.4699999988079071,0.13,0.2573300302028656,0.2573300302028656,0.25999999046325684,0.25999999046325684,0,0.051061119884252548,0.051061119884252548,0.05000000074505806,0.05000000074505806,0,0.0010670401388779283,0.0010670401388779283,0,0,3,0,unchanged
1184,2022-02-01,SOM,3,3,0.69999999999999996,0.40309694409370422,0.43308740854263306,0.40000000596046448,0.43000000715255737,0.34999999999999998,0.24723578989505768,0.24723578989505768,0.25,0.25,0.10000000000000001,0.051061119884252548,0.051061119884252548,0.05000000074505806,0.05000000074505806,0,0.0010670401388779283,0.0010670401388779283,0,0,3,0,unchanged
1188,2022-01-01,SOM,2,3,0.40000000000000002,0.39363884925842285,0.44486212730407715,0.38999998569488525,0.43999999761581421,0.13,0.2123500257730484,0.2123500257730484,0.20999999344348907,0.20999999344348907,0,0.043531719595193863,0.043531719595193863,0.039999999105930328,0.039999999105930328,0,0.0010670401388779283,0.0010670401388779283,0,0,3,0,unchanged
1188,2022-02-01,SOM,3,3,0.69999999999999996,0.41269895434379578,0.44145634770393372,0.40999999642372131,0.43999999761581421,0.34999999999999998,0.20880800485610962,0.20755636692047119,0.20999999344348907,0.20999999344348907,0.10000000000000001,0.045588482171297073,0.043531719595193863,0.05000000074505806,0.039999999105930328,0,0.0010670401388779283,0.0010670401388779283,0,0,3,0,unchanged
1188,2022-05-01,SOM,3,3,0.73999999999999999,0.45341035723686218,0.48231345415115356,0.44999998807907104,0.47999998927116394,0.44,0.19920510053634644,0.20923538506031036,0.20000000298023224,0.20999999344348907,0.13,0.051479469984769821,0.051479469984769821,0.05000000074505806,0.05000000074505806,0,0.0010670401388779283,0.0010670401388779283,0,0,3,0,unchanged
1188,2022-07-01,SOM,3,3,0.5,0.40811985731124878,0.46625635027885437,0.40999999642372131,0.4699999988079071,0.29999999999999999,0.26273950934410095,0.26273950934410095,0.25999999046325684,0.25999999046325684,0.050000000000000003,0.063549831509590149,0.063549831509590149,0.059999998658895493,0.059999998658895493,0,0.0010670401388779283,0.0010670401388779283,0,0,3,0,unchanged
1189,2022-01-01,SOM,2,3,0.40000000000000002,0.40741428732872009,0.4468131959438324,0.40999999642372131,0.44999998807907104,0.13,0.29056861996650696,0.29056861996650696,0.28999999165534973,0.28999999165534973,0,0.051061119884252548,0.051061119884252548,0.05000000074505806,0.05000000074505806,0,0.0010670401388779283,0.0010670401388779283,0,0,3,0,unchanged
1189,2022-02-01,SOM,3,3,0.69999999999999996,0.38210523128509521,0.44180509448051453,0.37999999523162842,0.43999999761581421,0.34999999999999998,0.28280839323997498,0.28280839323997498,0.2800000011920929,0.2800000011920929,0.10000000000000001,0.051061119884252548,0.051061119884252548,0.05000000074505806,0.05000000074505806,0,0.0010670401388779283,0.0010670401388779283,0,0,3,0,unchanged
1189,2022-10-01,SOM,2,3,0.34999999999999998,0.49621623754501343,0.48938536643981934,0.5,0.49000000953674316,0.14999999999999999,0.28728577494621277,0.28728577494621277,0.28999999165534973,0.28999999165534973,0,0.058852430433034897,0.058852430433034897,0.059999998658895493,0.059999998658895493,0,0.0010670401388779283,0.0010670401388779283,0,0,3,0,unchanged
1190,2022-01-01,SOM,3,2,0.46999999999999997,0.29329556226730347,0.3064899742603302,0.28999999165534973,0.31000000238418579,0.23000000000000001,0.14058813452720642,0.15061841905117035,0.14000000059604645,0.15000000596046448,0.040000000000000001,0.043531719595193863,0.043531719595193863,0.039999999105930328,0.039999999105930328,0,0.0010670401388779283,0.0010670401388779283,0,0,2,0,unchanged
1190,2022-05-01,SOM,3,2,0.67000000000000004,0.31643626093864441,0.33504766225814819,0.31999999284744263,0.34000000357627869,0.41000000000000003,0.16874390840530396,0.16874390840530396,0.17000000178813934,0.17000000178813934,0.13,0.051479469984769821,0.051479469984769821,0.05000000074505806,0.05000000074505806,0,0.0010670401388779283,0.0010670401388779283,0,0,2,0,unchanged
1190,2022-07-01,SOM,2,3,0.35000000000000003,0.29449576139450073,0.30905961990356445,0.28999999165534973,0.31000000238418579,0.15000000000000002,0.23836037516593933,0.23836037516593933,0.23999999463558197,0.23999999463558197,0.050000000000000003,0.072995372116565704,0.072995372116565704,0.070000000298023224,0.070000000298023224,0,0.0010670401388779283,0.0010670401388779283,0,0,3,0,unchanged
1190,2022-10-01,SOM,2,3,0.35000000000000003,0.36302122473716736,0.41024094820022583,0.36000001430511475,0.40999999642372131,0.15000000000000002,0.21871292591094971,0.21871292591094971,0.2199999988079071,0.2199999988079071,0.050000000000000003,0.077356994152069092,0.077356994152069092,0.079999998211860657,0.079999998211860657,0,0.0010670401388779283,0.0010670401388779283,0,0,3,0,unchanged
1192,2022-10-01,ETH,2,3,0.25,0.71111518144607544,0.7046654224395752,0.70999997854232788,0.69999998807907104,0.10000000000000001,0.31061133742332458,0.31061133742332458,0.31000000238418579,0.31000000238418579,0,0.095358029007911682,0.098228365182876587,0.10000000149011612,0.10000000149011612,0,0.0010670401388779283,0.0010670401388779283,0,0,3,0,unchanged
1195,2022-01-01,SOM,3,2,0.46999999999999997,0.31568115949630737,0.32369306683540344,0.31999999284744263,0.31999999284744263,0.23000000000000001,0.13522908091545105,0.13522908091545105,0.14000000059604645,0.14000000059604645,0.040000000000000001,0.043531719595193863,0.043531719595193863,0.039999999105930328,0.039999999105930328,0,0.0010670401388779283,0.0010670401388779283,0,0,2,0,unchanged
1195,2022-05-01,SOM,3,2,0.67000000000000004,0.33045956492424011,0.3463607132434845,0.33000001311302185,0.34999999403953552,0.41000000000000003,0.1636350005865097,0.1636350005865097,0.15999999642372131,0.15999999642372131,0.13,0.051479469984769821,0.051479469984769821,0.05000000074505806,0.05000000074505806,0,0.0010670401388779283,0.0010670401388779283,0,0,2,0,unchanged
1195,2022-07-01,SOM,2,3,0.35000000000000003,0.3055134117603302,0.32121124863624573,0.31000000238418579,0.31999999284744263,0.15000000000000002,0.2467835545539856,0.2467835545539856,0.25,0.25,0.050000000000000003,0.070531927049160004,0.070531927049160004,0.070000000298023224,0.070000000298023224,0,0.0010670401388779283,0.0010670401388779283,0,0,3,0,unchanged
1195,2022-10-01,SOM,2,3,0.35000000000000003,0.36467140913009644,0.39947351813316345,0.36000001430511475,0.40000000596046448,0.15000000000000002,0.20636023581027985,0.20636023581027985,0.20999999344348907,0.20999999344348907,0.050000000000000003,0.074893549084663391,0.074893549084663391,0.070000000298023224,0.070000000298023224,0,0.0010670401388779283,0.0010670401388779283,0,0,3,0,unchanged
1196,2022-01-01,SOM,2,3,0.40000000000000002,0.4293079674243927,0.45694085955619812,0.43000000715255737,0.46000000834465027,0.13,0.20677804946899414,0.20677804946899414,0.20999999344348907,0.20999999344348907,0,0.043531719595193863,0.043531719595193863,0.039999999105930328,0.039999999105930328,0,0.0010670401388779283,0.0010670401388779283,0,0,3,0,unchanged
1196,2022-02-01,SOM,3,2,0.69999999999999996,0.40539443492889404,0.43302729725837708,0.40999999642372131,0.43000000715255737,0.34999999999999998,0.18574033677577972,0.19577060639858246,0.18999999761581421,0.20000000298023224,0.10000000000000001,0.043531719595193863,0.043531719595193863,0.039999999105930328,0.039999999105930328,0,0.0010670401388779283,0.0010670401388779283,0,0,3,1,promotion
1196,2022-05-01,SOM,3,3,0.73999999999999999,0.46133315563201904,0.47716811299324036,0.46000000834465027,0.47999998927116394,0.44,0.2221977561712265,0.23222804069519043,0.2199999988079071,0.23000000417232513,0.13,0.051479469984769821,0.051479469984769821,0.05000000074505806,0.05000000074505806,0,0.0010670401388779283,0.0010670401388779283,0,0,3,0,unchanged
1196,2022-07-01,SOM,3,3,0.5,0.43531966209411621,0.47001993656158447,0.43999999761581421,0.4699999988079071,0.29999999999999999,0.25972476601600647,0.25972476601600647,0.25999999046325684,0.25999999046325684,0.050000000000000003,0.06911042332649231,0.06911042332649231,0.070000000298023224,0.070000000298023224,0,0.0010670401388779283,0.0010670401388779283,0,0,3,0,unchanged
1196,2022-10-01,SOM,2,3,0.34999999999999998,0.44558084011077881,0.45487549901008606,0.44999998807907104,0.44999998807907104,0.14999999999999999,0.27757301926612854,0.27757301926612854,0.2800000011920929,0.2800000011920929,0,0.072979755699634552,0.072979755699634552,0.070000000298023224,0.070000000298023224,0,0.0010670401388779283,0.0010670401388779283,0,0,3,0,unchanged
1197,2022-01-01,SOM,2,3,0.40000000000000002,0.42909887433052063,0.45673176646232605,0.43000000715255737,0.46000000834465027,0.13,0.20677804946899414,0.20677804946899414,0.20999999344348907,0.20999999344348907,0,0.043531719595193863,0.043531719595193863,0.039999999105930328,0.039999999105930328,0,0.0010670401388779283,0.0010670401388779283,0,0,3,0,unchanged
1197,2022-02-01,SOM,3,2,0.69999999999999996,0.40518534183502197,0.432818204164505,0.40999999642372131,0.43000000715255737,0.34999999999999998,0.18574033677577972,0.19577060639858246,0.18999999761581421,0.20000000298023224,0.10000000000000001,0.043531719595193863,0.043531719595193863,0.039999999105930328,0.039999999105930328,0,0.0010670401388779283,0.0010670401388779283,0,0,3,1,promotion
1197,2022-05-01,SOM,3,3,0.73999999999999999,0.46143144369125366,0.47726640105247498,0.46000000834465027,0.47999998927116394,0.44,0.2221977561712265,0.23222804069519043,0.2199999988079071,0.23000000417232513,0.13,0.051479469984769821,0.051479469984769821,0.05000000074505806,0.05000000074505806,0,0.0010670401388779283,0.0010670401388779283,0,0,3,0,unchanged
1197,2022-07-01,SOM,3,3,0.5,0.43529206514358521,0.46999233961105347,0.43999999761581421,0.4699999988079071,0.29999999999999999,0.25972476601600647,0.25972476601600647,0.25999999046325684,0.25999999046325684,0.050000000000000003,0.06911042332649231,0.06911042332649231,0.070000000298023224,0.070000000298023224,0,0.0010670401388779283,0.0010670401388779283,0,0,3,0,unchanged
1197,2022-10-01,SOM,2,3,0.34999999999999998,0.44566643238067627,0.45496109127998352,0.44999998807907104,0.44999998807907104,0.14999999999999999,0.27757301926612854,0.27757301926612854,0.2800000011920929,0.2800000011920929,0,0.072979755699634552,0.072979755699634552,0.070000000298023224,0.070000000298023224,0,0.0010670401388779283,0.0010670401388779283,0,0,3,0,unchanged
1200,2022-10-01,SOM,3,3,0.65000000000000002,0.43911141157150269,0.45950919389724731,0.43999999761581421,0.46000000834465027,0.44999999999999996,0.20436879992485046,0.20436879992485046,0.20000000298023224,0.20000000298023224,0.14999999999999999,0.077356994152069092,0.077356994152069092,0.079999998211860657,0.079999998211860657,0,0.0010670401388779283,0.0010670401388779283,0,0,3,0,unchanged
1203,2022-02-01,SOM,3,3,0.69999999999999996,0.52562284469604492,0.52806359529495239,0.52999997138977051,0.52999997138977051,0.34999999999999998,0.25109410285949707,0.25109410285949707,0.25,0.25,0.10000000000000001,0.058802921324968338,0.058802921324968338,0.059999998658895493,0.059999998658895493,0,0.0010670401388779283,0.0010670401388779283,0,0,3,0,unchanged
1203,2022-10-01,SOM,3,3,0.55000000000000004,0.57460170984268188,0.59806650876998901,0.56999999284744263,0.60000002384185791,0.34999999999999998,0.28702163696289062,0.28702163696289062,0.28999999165534973,0.28999999165534973,0.10000000000000001,0.072057418525218964,0.072057418525218964,0.070000000298023224,0.070000000298023224,0,0.0010670401388779283,0.0010670401388779283,0,0,3,0,unchanged
1204,2022-02-01,SOM,3,3,0.69999999999999996,0.52378684282302856,0.52336215972900391,0.51999998092651367,0.51999998092651367,0.34999999999999998,0.24894487857818604,0.24894487857818604,0.25,0.25,0.10000000000000001,0.058802921324968338,0.058802921324968338,0.059999998658895493,0.059999998658895493,0,0.0010670401388779283,0.0010670401388779283,0,0,3,0,unchanged
1204,2022-10-01,SOM,3,3,0.55000000000000004,0.45381611585617065,0.4766191840171814,0.44999998807907104,0.47999998927116394,0.34999999999999998,0.30922991037368774,0.29620847105979919,0.31000000238418579,0.30000001192092896,0.050000000000000003,0.083846375346183777,0.078002199530601501,0.079999998211860657,0.079999998211860657,0,0.0010670401388779283,0.0010670401388779283,0,0,3,0,unchanged
1207,2022-01-01,SOM,2,2,0.40000000000000002,0.36402788758277893,0.36774998903274536,0.36000001430511475,0.37000000476837158,0.13,0.18814744055271149,0.20609746873378754,0.18999999761581421,0.20999999344348907,0,0.043531719595193863,0.043531719595193863,0.039999999105930328,0.039999999105930328,0,0.0010670401388779283,0.0010670401388779283,0,0,3,1,promotion
1207,2022-05-01,SOM,3,2,0.73999999999999999,0.4518359899520874,0.45028784871101379,0.44999998807907104,0.44999998807907104,0.44,0.19139814376831055,0.21937845647335052,0.18999999761581421,0.2199999988079071,0.13,0.051479469984769821,0.051479469984769821,0.05000000074505806,0.05000000074505806,0,0.0010670401388779283,0.0010670401388779283,0,0,3,1,promotion
1207,2022-07-01,SOM,3,3,0.55000000000000004,0.4031481146812439,0.41709840297698975,0.40000000596046448,0.41999998688697815,0.34999999999999998,0.21272929012775421,0.23067928850650787,0.20999999344348907,0.23000000417232513,0.050000000000000003,0.065804228186607361,0.065804228186607361,0.070000000298023224,0.070000000298023224,0,0.0010670401388779283,0.0010670401388779283,0,0,3,0,unchanged
1210,2022-07-01,ETH,2,3,0.30000000000000004,0.58818012475967407,0.58994287252426147,0.5899999737739563,0.5899999737739563,0.10000000000000001,0.32760098576545715,0.3273264467716217,0.33000001311302185,0.33000001311302185,0,0.09226720780134201,0.09226720780134201,0.090000003576278687,0.090000003576278687,0,0.0010670401388779283,0.0010670401388779283,0,0,3,0,unchanged
1211,2022-01-01,SOM,2,3,0.40000000000000002,0.42203977704048157,0.46060317754745483,0.41999998688697815,0.46000000834465027,0.13,0.29455870389938354,0.30458897352218628,0.28999999165534973,0.30000001192092896,0,0.053096558898687363,0.053096558898687363,0.05000000074505806,0.05000000074505806,0,0.0010670401388779283,0.0010670401388779283,0,0,3,0,unchanged
1211,2022-05-01,SOM,3,3,0.73999999999999999,0.49312025308609009,0.49067440629005432,0.49000000953674316,0.49000000953674316,0.44,0.30427506566047668,0.30427506566047668,0.30000001192092896,0.30000001192092896,0.13,0.053096558898687363,0.053096558898687363,0.05000000074505806,0.05000000074505806,0,0.0010670401388779283,0.0010670401388779283,0,0,3,0,unchanged
1211,2022-07-01,SOM,3,3,0.39999999999999997,0.42605471611022949,0.43757954239845276,0.43000000715255737,0.43999999761581421,0.20000000000000001,0.31478583812713623,0.31478583812713623,0.31000000238418579,0.31000000238418579,0.050000000000000003,0.076917313039302826,0.076917313039302826,0.079999998211860657,0.079999998211860657,0,0.0010670401388779283,0.0010670401388779283,0,0,3,0,unchanged
1212,2022-10-01,SOM,2,3,0.34999999999999998,0.43159165978431702,0.4349343478679657,0.43000000715255737,0.43000000715255737,0.14999999999999999,0.23045681416988373,0.23629775643348694,0.23000000417232513,0.23999999463558197,0,0.074893549084663391,0.073549501597881317,0.070000000298023224,0.070000000298023224,0,0.0010670401388779283,0.0010670401388779283,0,0,3,0,unchanged
1214,2022-05-01,SOM,3,3,0.73999999999999999,0.4517606794834137,0.4811534583568573,0.44999998807907104,0.47999998927116394,0.44,0.27369356155395508,0.27369356155395508,0.27000001072883606,0.27000001072883606,0.13,0.055603515356779099,0.055603515356779099,0.059999998658895493,0.059999998658895493,0,0.0010670401388779283,0.0010670401388779283,0,0,3,0,unchanged
1214,2022-07-01,SOM,3,3,0.55000000000000004,0.41664540767669678,0.45966526865959167,0.41999998688697815,0.46000000834465027,0.34999999999999998,0.31391769647598267,0.31391769647598267,0.31000000238418579,0.31000000238418579,0.050000000000000003,0.074905097484588623,0.074905097484588623,0.070000000298023224,0.070000000298023224,0,0.0010670401388779283,0.0010670401388779283,0,0,3,0,unchanged
1214,2022-10-01,SOM,3,3,0.55000000000000004,0.41255244612693787,0.44020920991897583,0.40999999642372131,0.43999999761581421,0.34999999999999998,0.32819077372550964,0.31516933441162109,0.33000001311302185,0.31999999284744263,0.050000000000000003,0.083846375346183777,0.078002199530601501,0.079999998211860657,0.079999998211860657,0,0.0010670401388779283,0.0010670401388779283,0,0,3,0,unchanged
1215,2022-10-01,DJI,2,3,0.20000000000000001,0.68837815523147583,0.66201877593994141,0.68999999761581421,0.6600000262260437,0.050000000000000003,0.26950794458389282,0.28333553671836853,0.27000001072883606,0.2800000011920929,0,0.10616876184940338,0.099181108176708221,0.10999999940395355,0.10000000149011612,0,0.0010670401388779283,0.0010670401388779283,0,0,3,0,unchanged
1216,2022-01-01,SOM,3,2,0.44,0.28361344337463379,0.28630739450454712,0.2800000011920929,0.28999999165534973,0.21000000000000002,0.16189663112163544,0.17192691564559937,0.15999999642372131,0.17000000178813934,0.040000000000000001,0.045762505382299423,0.045762505382299423,0.05000000074505806,0.05000000074505806,0,0.0010670401388779283,0.0010670401388779283,0,0,2,0,unchanged
1216,2022-10-01,SOM,2,3,0.34999999999999998,0.41611590981483459,0.42232897877693176,0.41999998688697815,0.41999998688697815,0.14999999999999999,0.28714048862457275,0.28714048862457275,0.28999999165534973,0.28999999165534973,0,0.062471300363540649,0.062471300363540649,0.059999998658895493,0.059999998658895493,0,0.0010670401388779283,0.0010670401388779283,0,0,3,0,unchanged
1217,2022-01-01,SOM,3,2,0.44,0.28408309817314148,0.28677704930305481,0.2800000011920929,0.28999999165534973,0.21000000000000002,0.16189663112163544,0.17192691564559937,0.15999999642372131,0.17000000178813934,0.040000000000000001,0.045762505382299423,0.045762505382299423,0.05000000074505806,0.05000000074505806,0,0.0010670401388779283,0.0010670401388779283,0,0,2,0,unchanged
1217,2022-10-01,SOM,2,3,0.34999999999999998,0.41586831212043762,0.42208138108253479,0.41999998688697815,0.41999998688697815,0.14999999999999999,0.28714048862457275,0.28714048862457275,0.28999999165534973,0.28999999165534973,0,0.062471300363540649,0.062471300363540649,0.059999998658895493,0.059999998658895493,0,0.0010670401388779283,0.0010670401388779283,0,0,3,0,unchanged
1220,2022-01-01,SOM,3,2,0.46999999999999997,0.37276983261108398,0.39595314860343933,0.37000000476837158,0.40000000596046448,0.23000000000000001,0.14748871326446533,0.14555741846561432,0.15000000596046448,0.15000000596046448,0.040000000000000001,0.043531719595193863,0.043531719595193863,0.039999999105930328,0.039999999105930328,0,0.0010670401388779283,0.0010670401388779283,0,0,2,0,unchanged
1220,2022-05-01,SOM,3,2,0.67000000000000004,0.41908136010169983,0.42851772904396057,0.41999998688697815,0.43000000715255737,0.41000000000000003,0.15290252864360809,0.15097123384475708,0.15000000596046448,0.15000000596046448,0.13,0.051479469984769821,0.051479469984769821,0.05000000074505806,0.05000000074505806,0,0.0010670401388779283,0.0010670401388779283,0,0,2,0,unchanged
1220,2022-07-01,SOM,2,3,0.34999999999999998,0.39103701710700989,0.42677026987075806,0.38999998569488525,0.43000000715255737,0.14999999999999999,0.22290077805519104,0.22290077805519104,0.2199999988079071,0.2199999988079071,0,0.067399919033050537,0.067399919033050537,0.070000000298023224,0.070000000298023224,0,0.0010670401388779283,0.0010670401388779283,0,0,3,0,unchanged
1220,2022-10-01,SOM,2,3,0.34999999999999998,0.41644099354743958,0.42717117071151733,0.41999998688697815,0.43000000715255737,0.14999999999999999,0.21085001528263092,0.21085001528263092,0.20999999344348907,0.20999999344348907,0,0.074893549084663391,0.074893549084663391,0.070000000298023224,0.070000000298023224,0,0.0010670401388779283,0.0010670401388779283,0,0,3,0,unchanged
1222,2022-05-01,SOM,3,3,0.73999999999999999,0.51274824142456055,0.50149416923522949,0.50999999046325684,0.5,0.44,0.26027312874794006,0.26027312874794006,0.25999999046325684,0.25999999046325684,0.13,0.055603515356779099,0.055603515356779099,0.059999998658895493,0.059999998658895493,0,0.0010670401388779283,0.0010670401388779283,0,0,3,0,unchanged
1222,2022-07-01,SOM,3,3,0.5,0.41990953683853149,0.47446164488792419,0.41999998688697815,0.4699999988079071,0.29999999999999999,0.32216215133666992,0.32216215133666992,0.31999999284744263,0.31999999284744263,0.050000000000000003,0.082242660224437714,0.082242660224437714,0.079999998211860657,0.079999998211860657,0,0.0010670401388779283,0.0010670401388779283,0,0,3,0,unchanged
1222,2022-10-01,SOM,2,3,0.34999999999999998,0.44047299027442932,0.43895626068115234,0.43999999761581421,0.43999999761581421,0.14999999999999999,0.32341378927230835,0.32341378927230835,0.31999999284744263,0.31999999284744263,0,0.085339762270450592,0.085339762270450592,0.090000003576278687,0.090000003576278687,0,0.0010670401388779283,0.0010670401388779283,0,0,3,0,unchanged
1223,2022-01-01,SOM,3,2,0.46999999999999997,0.43197187781333923,0.42599070072174072,0.43000000715255737,0.43000000715255737,0.23000000000000001,0.15831328928470612,0.1563819944858551,0.15999999642372131,0.15999999642372131,0.040000000000000001,0.043531719595193863,0.043531719595193863,0.039999999105930328,0.039999999105930328,0,0.0010670401388779283,0.0010670401388779283,0,0,2,0,unchanged
1223,2022-07-01,SOM,2,2,0.34999999999999998,0.40862911939620972,0.41128891706466675,0.40999999642372131,0.40999999642372131,0.14999999999999999,0.17115852236747742,0.17115852236747742,0.17000000178813934,0.17000000178813934,0,0.048273395746946335,0.048273395746946335,0.05000000074505806,0.05000000074505806,0,0.0010670401388779283,0.0010670401388779283,0,0,2,0,unchanged
1223,2022-10-01,SOM,2,3,0.34999999999999998,0.46976956725120544,0.47422486543655396,0.4699999988079071,0.4699999988079071,0.14999999999999999,0.24950794875621796,0.24950794875621796,0.25,0.25,0,0.055767018347978592,0.055767018347978592,0.059999998658895493,0.059999998658895493,0,0.0010670401388779283,0.0010670401388779283,0,0,3,0,unchanged
1226,2022-01-01,SOM,3,2,0.46999999999999997,0.44282609224319458,0.43772289156913757,0.43999999761581421,0.43999999761581421,0.23000000000000001,0.1598307192325592,0.15789942443370819,0.15999999642372131,0.15999999642372131,0.040000000000000001,0.043531719595193863,0.043531719595193863,0.039999999105930328,0.039999999105930328,0,0.0010670401388779283,0.0010670401388779283,0,0,2,0,unchanged
1226,2022-07-01,SOM,3,3,0.40000000000000002,0.43482029438018799,0.4340650737285614,0.43000000715255737,0.43000000715255737,0.20000000000000001,0.26549458503723145,0.26549458503723145,0.27000001072883606,0.27000001072883606,0,0.067399919033050537,0.067399919033050537,0.070000000298023224,0.070000000298023224,0,0.0010670401388779283,0.0010670401388779283,0,0,3,0,unchanged
1226,2022-10-01,SOM,2,3,0.29999999999999999,0.47457301616668701,0.47956916689872742,0.4699999988079071,0.47999998927116394,0.14999999999999999,0.24178996682167053,0.24178996682167053,0.23999999463558197,0.23999999463558197,0,0.055767018347978592,0.055767018347978592,0.059999998658895493,0.059999998658895493,0,0.0010670401388779283,0.0010670401388779283,0,0,3,0,unchanged
1227,2022-01-01,SOM,2,3,0.39000000000000001,0.39634788036346436,0.4183984100818634,0.40000000596046448,0.41999998688697815,0.18000000000000002,0.20044295489788055,0.21047322452068329,0.20000000298023224,0.20999999344348907,0.01,0.041157510131597519,0.041157510131597519,0.039999999105930328,0.039999999105930328,0,0.0010670401388779283,0.0010670401388779283,0,0,3,0,unchanged
1228,2022-01-01,SOM,2,3,0.39000000000000001,0.41427695751190186,0.43618327379226685,0.40999999642372131,0.43999999761581421,0.18000000000000002,0.21391411125659943,0.22394435107707977,0.20999999344348907,0.2199999988079071,0.01,0.041157510131597519,0.041157510131597519,0.039999999105930328,0.039999999105930328,0,0.0010670401388779283,0.0010670401388779283,0,0,3,0,unchanged
1228,2022-05-01,SOM,4,3,0.76000000000000001,0.45090162754058838,0.4843045175075531,0.44999998807907104,0.47999998927116394,0.52000000000000002,0.25241687893867493,0.26244711875915527,0.25,0.25999999046325684,0.20999999999999999,0.049105260521173477,0.049105260521173477,0.05000000074505806,0.05000000074505806,0.029999999999999999,0.0010670401388779283,0.0010670401388779283,0,0,3,0,unchanged
1231,2022-01-01,SOM,2,3,0.39000000000000001,0.36742931604385376,0.3782791793346405,0.37000000476837158,0.37999999523162842,0.18000000000000002,0.20284357666969299,0.21287383139133453,0.20000000298023224,0.20999999344348907,0.01,0.041157510131597519,0.041157510131597519,0.039999999105930328,0.039999999105930328,0,0.0010670401388779283,0.0010670401388779283,0,0,3,0,unchanged
1231,2022-05-01,SOM,4,3,0.76000000000000001,0.38445949554443359,0.4076697826385498,0.37999999523162842,0.40999999642372131,0.52000000000000002,0.23060159385204315,0.2406318187713623,0.23000000417232513,0.23999999463558197,0.20999999999999999,0.049105260521173477,0.049105260521173477,0.05000000074505806,0.05000000074505806,0.029999999999999999,0.0010670401388779283,0.0010670401388779283,0,0,3,0,unchanged
1231,2022-10-01,SOM,3,3,0.60000000000000009,0.39605572819709778,0.42775514721870422,0.40000000596046448,0.43000000715255737,0.39999999999999997,0.2195994108915329,0.2195994108915329,0.2199999988079071,0.2199999988079071,0.15000000000000002,0.051916923373937607,0.051916923373937607,0.05000000074505806,0.05000000074505806,0.050000000000000003,0.0010670401388779283,0.0010670401388779283,0,0,3,0,unchanged
1234,2022-10-01,ETH,2,3,0.20000000000000001,0.50386255979537964,0.51747649908065796,0.5,0.51999998092651367,0.050000000000000003,0.28888198733329773,0.28888198733329773,0.28999999165534973,0.28999999165534973,0,0.081238687038421631,0.081238687038421631,0.079999998211860657,0.079999998211860657,0,0.0010670401388779283,0.0010670401388779283,0,0,3,0,unchanged
1238,2022-01-01,SOM,3,3,0.45000000000000001,0.54889947175979614,0.55412387847900391,0.55000001192092896,0.55000001192092896,0.21000000000000002,0.28732836246490479,0.28732836246490479,0.28999999165534973,0.28999999165534973,0.050000000000000003,0.063497141003608704,0.063497141003608704,0.059999998658895493,0.059999998658895493,0,0.0010670401388779283,0.0010670401388779283,0,0,3,0,unchanged
1238,2022-07-01,SOM,2,3,0.30000000000000004,0.45603868365287781,0.43581756949424744,0.46000000834465027,0.43999999761581421,0.10000000000000001,0.31798467040061951,0.31798467040061951,0.31999999284744263,0.31999999284744263,0,0.074905097484588623,0.074905097484588623,0.070000000298023224,0.070000000298023224,0,0.0010670401388779283,0.0010670401388779283,0,0,3,0,unchanged
1238,2022-10-01,SOM,2,3,0.30000000000000004,0.45268151164054871,0.43458420038223267,0.44999998807907104,0.43000000715255737,0.10000000000000001,0.31384477019309998,0.31384477019309998,0.31000000238418579,0.31000000238418579,0,0.078002199530601501,0.078002199530601501,0.079999998211860657,0.079999998211860657,0,0.0010670401388779283,0.0010670401388779283,0,0,3,0,unchanged
1241,2022-01-01,SOM,3,2,0.44,0.22698955237865448,0.23352183401584625,0.23000000417232513,0.23000000417232513,0.21000000000000002,0.13992339372634888,0.13799209892749786,0.14000000059604645,0.14000000059604645,0.040000000000000001,0.045762505382299423,0.045762505382299423,0.05000000074505806,0.05000000074505806,0,0.0010670401388779283,0.0010670401388779283,0,0,2,0,unchanged
1241,2022-10-01,SOM,2,3,0.39999999999999997,0.38655129075050354,0.3948538601398468,0.38999998569488525,0.38999998569488525,0.15000000000000002,0.20500607788562775,0.20500607788562775,0.20999999344348907,0.20999999344348907,0.050000000000000003,0.074893549084663391,0.073549501597881317,0.070000000298023224,0.070000000298023224,0,0.0010670401388779283,0.0010670401388779283,0,0,3,0,unchanged
1243,2022-05-01,SOM,4,3,0.76000000000000001,0.45273992419242859,0.46530997753143311,0.44999998807907104,0.4699999988079071,0.52000000000000002,0.22150355577468872,0.23153384029865265,0.2199999988079071,0.23000000417232513,0.20999999999999999,0.049105260521173477,0.049105260521173477,0.05000000074505806,0.05000000074505806,0.029999999999999999,0.0010670401388779283,0.0010670401388779283,0,0,3,0,unchanged
1249,2022-01-01,SOM,2,3,0.30000000000000004,0.45097744464874268,0.44191205501556396,0.44999998807907104,0.43999999761581421,0.080000000000000002,0.2721996009349823,0.2849280834197998,0.27000001072883606,0.2800000011920929,0.01,0.077674083411693573,0.077674083411693573,0.079999998211860657,0.079999998211860657,0,0.0010670401388779283,0.0010670401388779283,0,0,3,0,unchanged
1249,2022-03-01,SOM,3,3,0.80000000000000004,0.44715014100074768,0.45952728390693665,0.44999998807907104,0.46000000834465027,0.39999999999999997,0.32211530208587646,0.33484378457069397,0.31999999284744263,0.33000001311302185,0.050000000000000003,0.084773771464824677,0.084773771464824677,0.079999998211860657,0.079999998211860657,0,0.0010670401388779283,0.0010670401388779283,0,0,3,0,unchanged
1249,2022-05-01,SOM,3,3,0.47000000000000008,0.49556490778923035,0.48842933773994446,0.5,0.49000000953674316,0.20000000000000001,0.26482191681861877,0.2829967737197876,0.25999999046325684,0.2800000011920929,0.029999999999999999,0.074474669992923737,0.074474669992923737,0.070000000298023224,0.070000000298023224,0,0.0010670401388779283,0.0010670401388779283,0,0,3,0,unchanged
1252,2022-01-01,SOM,2,3,0.30000000000000004,0.40591409802436829,0.43301555514335632,0.40999999642372131,0.43000000715255737,0.080000000000000002,0.23372003436088562,0.24150043725967407,0.23000000417232513,0.23999999463558197,0.01,0.077674083411693573,0.077674083411693573,0.079999998211860657,0.079999998211860657,0,0.0010670401388779283,0.0010670401388779283,0,0,3,0,unchanged
1252,2022-03-01,SOM,3,3,0.80000000000000004,0.46179947257041931,0.46188580989837646,0.46000000834465027,0.46000000834465027,0.39999999999999997,0.31113296747207642,0.31891337037086487,0.31000000238418579,0.31999999284744263,0.050000000000000003,0.10341059416532516,0.10341059416532516,0.10000000149011612,0.10000000149011612,0,0.0010670401388779283,0.0010670401388779283,0,0,3,0,unchanged
1252,2022-05-01,SOM,3,3,0.47000000000000008,0.47304999828338623,0.47901788353919983,0.4699999988079071,0.47999998927116394,0.20000000000000001,0.24542641639709473,0.23412275314331055,0.25,0.23000000417232513,0.029999999999999999,0.074474669992923737,0.074474669992923737,0.070000000298023224,0.070000000298023224,0,0.0010670401388779283,0.0010670401388779283,0,0,3,0,unchanged
1254,2022-01-01,SOM,3,3,0.45000000000000001,0.54731905460357666,0.54300230741500854,0.55000001192092896,0.54000002145767212,0.21000000000000002,0.28302276134490967,0.28302276134490967,0.2800000011920929,0.2800000011920929,0.050000000000000003,0.063497141003608704,0.063497141003608704,0.059999998658895493,0.059999998658895493,0,0.0010670401388779283,0.0010670401388779283,0,0,3,0,unchanged
1254,2022-05-01,SOM,3,3,0.70000000000000007,0.57912898063659668,0.58141535520553589,0.57999998331069946,0.57999998331069946,0.47999999999999998,0.28678101301193237,0.28678101301193237,0.28999999165534973,0.28999999165534973,0.18000000000000002,0.060297716408967972,0.060297716408967972,0.059999998658895493,0.059999998658895493,0.01,0.0010670401388779283,0.0010670401388779283,0,0,3,0,unchanged
1254,2022-07-01,SOM,3,3,0.55000000000000004,0.48704430460929871,0.48909977078437805,0.49000000953674316,0.49000000953674316,0.34999999999999998,0.25845491886138916,0.25845491886138916,0.25999999046325684,0.25999999046325684,0.10000000000000001,0.072902746498584747,0.072902746498584747,0.070000000298023224,0.070000000298023224,0,0.0010670401388779283,0.0010670401388779283,0,0,3,0,unchanged
1254,2022-10-01,SOM,3,3,0.55000000000000004,0.46679884195327759,0.46652668714523315,0.4699999988079071,0.4699999988079071,0.34999999999999998,0.2530633807182312,0.2530633807182312,0.25,0.25,0.10000000000000001,0.064156465232372284,0.068249262869358063,0.059999998658895493,0.070000000298023224,0,0.0010670401388779283,0.0010670401388779283,0,0,3,0,unchanged
1255,2022-10-01,SOM,2,3,0.34999999999999998,0.35560905933380127,0.38977304100990295,0.36000001430511475,0.38999998569488525,0.14999999999999999,0.21293048560619354,0.21293048560619354,0.20999999344348907,0.20999999344348907,0,0.071043461561203003,0.071043461561203003,0.070000000298023224,0.070000000298023224,0,0.0010670401388779283,0.0010670401388779283,0,0,3,0,unchanged
1256,2022-10-01,ETH,3,3,0.55000000000000004,0.53334516286849976,0.52271348237991333,0.52999997138977051,0.51999998092651367,0.34999999999999998,0.32567429542541504,0.31518727540969849,0.33000001311302185,0.31999999284744263,0.10000000000000001,0.081238687038421631,0.081238687038421631,0.079999998211860657,0.079999998211860657,0,0.0010670401388779283,0.0010670401388779283,0,0,3,0,unchanged
1257,2022-05-01,SOM,3,3,0.70000000000000007,0.58545053005218506,0.58673018217086792,0.5899999737739563,0.5899999737739563,0.47999999999999998,0.29276314377784729,0.29276314377784729,0.28999999165534973,0.28999999165534973,0.18000000000000002,0.060297716408967972,0.060297716408967972,0.059999998658895493,0.059999998658895493,0.01,0.0010670401388779283,0.0010670401388779283,0,0,3,0,unchanged
1257,2022-10-01,SOM,3,3,0.55000000000000004,0.47123253345489502,0.47029516100883484,0.4699999988079071,0.4699999988079071,0.34999999999999998,0.24557432532310486,0.24557432532310486,0.25,0.25,0.10000000000000001,0.064156465232372284,0.068249262869358063,0.059999998658895493,0.070000000298023224,0,0.0010670401388779283,0.0010670401388779283,0,0,3,0,unchanged
1276,2022-01-01,SOM,3,3,0.45000000000000001,0.49318766593933105,0.53708982467651367,0.49000000953674316,0.54000002145767212,0.21000000000000002,0.29883366823196411,0.29883366823196411,0.30000001192092896,0.30000001192092896,0.050000000000000003,0.063497141003608704,0.063497141003608704,0.059999998658895493,0.059999998658895493,0,0.0010670401388779283,0.0010670401388779283,0,0,3,0,unchanged
1276,2022-05-01,SOM,3,3,0.70000000000000007,0.56736105680465698,0.58727389574050903,0.56999999284744263,0.5899999737739563,0.47999999999999998,0.28535893559455872,0.28535893559455872,0.28999999165534973,0.28999999165534973,0.18000000000000002,0.060297716408967972,0.060297716408967972,0.059999998658895493,0.059999998658895493,0.01,0.0010670401388779283,0.0010670401388779283,0,0,3,0,unchanged
1276,2022-07-01,SOM,3,3,0.55000000000000004,0.50966888666152954,0.51978844404220581,0.50999999046325684,0.51999998092651367,0.34999999999999998,0.31321606040000916,0.31321606040000916,0.31000000238418579,0.31000000238418579,0.10000000000000001,0.074905097484588623,0.074905097484588623,0.070000000298023224,0.070000000298023224,0,0.0010670401388779283,0.0010670401388779283,0,0,3,0,unchanged
1276,2022-10-01,SOM,3,3,0.55000000000000004,0.4902159571647644,0.5277746319770813,0.49000000953674316,0.52999997138977051,0.34999999999999998,0.31211841106414795,0.31211841106414795,0.31000000238418579,0.31000000238418579,0.10000000000000001,0.083282984793186188,0.083282984793186188,0.079999998211860657,0.079999998211860657,0,0.0010670401388779283,0.0010670401388779283,0,0,3,0,unchanged
1284,2022-01-01,SOM,3,3,0.45000000000000001,0.47540539503097534,0.51510012149810791,0.47999998927116394,0.51999998092651367,0.21000000000000002,0.29883366823196411,0.29883366823196411,0.30000001192092896,0.30000001192092896,0.050000000000000003,0.063497141003608704,0.063497141003608704,0.059999998658895493,0.059999998658895493,0,0.0010670401388779283,0.0010670401388779283,0,0,3,0,unchanged
1284,2022-05-01,SOM,3,3,0.70000000000000007,0.56890618801116943,0.56478369235992432,0.56999999284744263,0.56000000238418579,0.47999999999999998,0.2969023585319519,0.2969023585319519,0.30000001192092896,0.30000001192092896,0.18000000000000002,0.060297716408967972,0.060297716408967972,0.059999998658895493,0.059999998658895493,0.01,0.0010670401388779283,0.0010670401388779283,0,0,3,0,unchanged
1284,2022-07-01,SOM,4,3,0.84999999999999998,0.49360448122024536,0.50069922208786011,0.49000000953674316,0.5,0.65000000000000002,0.31321606040000916,0.31321606040000916,0.31000000238418579,0.31000000238418579,0.34999999999999998,0.074905097484588623,0.074905097484588623,0.070000000298023224,0.070000000298023224,0.10000000000000001,0.0010670401388779283,0.0010670401388779283,0,0,3,0,unchanged
1284,2022-10-01,SOM,4,3,0.84999999999999998,0.50744909048080444,0.51159203052520752,0.50999999046325684,0.50999999046325684,0.65000000000000002,0.30907616019248962,0.3078245222568512,0.31000000238418579,0.31000000238418579,0.34999999999999998,0.078002199530601501,0.080038227140903473,0.079999998211860657,0.079999998211860657,0.10000000000000001,0.0010670401388779283,0.0010670401388779283,0,0,3,0,unchanged
1293,2022-01-01,SOM,2,3,0.39000000000000001,0.45744386315345764,0.4593982994556427,0.46000000834465027,0.46000000834465027,0.18000000000000002,0.24585163593292236,0.25588184595108032,0.25,0.25999999046325684,0.01,0.041157510131597519,0.041157510131597519,0.039999999105930328,0.039999999105930328,0,0.0010670401388779283,0.0010670401388779283,0,0,3,0,unchanged
1293,2022-05-01,SOM,4,3,0.76000000000000001,0.49467644095420837,0.47014549374580383,0.49000000953674316,0.4699999988079071,0.52000000000000002,0.26738074421882629,0.26738074421882629,0.27000001072883606,0.27000001072883606,0.20999999999999999,0.049105260521173477,0.049105260521173477,0.05000000074505806,0.05000000074505806,0.029999999999999999,0.0010670401388779283,0.0010670401388779283,0,0,3,0,unchanged
1293,2022-07-01,SOM,4,3,1,0.43902355432510376,0.44597649574279785,0.43999999761581421,0.44999998807907104,0.95000000000000007,0.25713366270065308,0.25713366270065308,0.25999999046325684,0.25999999046325684,0.5,0.053868841379880905,0.053868841379880905,0.05000000074505806,0.05000000074505806,0.14999999999999999,0.0010670401388779283,0.0010670401388779283,0,0,3,0,unchanged
1293,2022-10-01,SOM,4,3,1,0.48132479190826416,0.48274669051170349,0.47999998927116394,0.47999998927116394,0.95000000000000007,0.27873733639717102,0.28876760601997375,0.2800000011920929,0.28999999165534973,0.5,0.058230455964803696,0.058230455964803696,0.059999998658895493,0.059999998658895493,0.14999999999999999,0.0010670401388779283,0.0010670401388779283,0,0,3,0,unchanged
1298,2022-03-01,YEM,2,3,0.59999999999999998,0.60961580276489258,0.61312490701675415,0.61000001430511475,0.61000001430511475,0.14999999999999999,0.42066171765327454,0.42261898517608643,0.41999998688697815,0.41999998688697815,0,0.16166332364082336,0.16166332364082336,0.15999999642372131,0.15999999642372131,0,0.0010670401388779283,0.0010670401388779283,0,0,3,0,unchanged
1308,2022-01-01,SOM,2,3,0.39000000000000001,0.39787992835044861,0.41997507214546204,0.40000000596046448,0.41999998688697815,0.18000000000000002,0.20420399308204651,0.21423426270484924,0.20000000298023224,0.20999999344348907,0.01,0.041157510131597519,0.041157510131597519,0.039999999105930328,0.039999999105930328,0,0.0010670401388779283,0.0010670401388779283,0,0,3,0,unchanged
1308,2022-05-01,SOM,4,3,0.76000000000000001,0.40762326121330261,0.42359071969985962,0.40999999642372131,0.41999998688697815,0.52000000000000002,0.22415216267108917,0.23418241739273071,0.2199999988079071,0.23000000417232513,0.20999999999999999,0.049105260521173477,0.049105260521173477,0.05000000074505806,0.05000000074505806,0.029999999999999999,0.0010670401388779283,0.0010670401388779283,0,0,3,0,unchanged
1308,2022-07-01,SOM,4,3,0.99999999999999989,0.38342764973640442,0.41258946061134338,0.37999999523162842,0.40999999642372131,0.90000000000000002,0.23523329198360443,0.24526356160640717,0.23999999463558197,0.25,0.40000000000000002,0.060149934142827988,0.060149934142827988,0.059999998658895493,0.059999998658895493,0.10000000000000001,0.0010670401388779283,0.0010670401388779283,0,0,3,0,unchanged
1308,2022-10-01,SOM,4,3,0.99999999999999989,0.41907227039337158,0.42814487218856812,0.41999998688697815,0.43000000715255737,0.90000000000000002,0.30843907594680786,0.30843907594680786,0.31000000238418579,0.31000000238418579,0.40000000000000002,0.072979755699634552,0.072979755699634552,0.070000000298023224,0.070000000298023224,0.10000000000000001,0.0010670401388779283,0.0010670401388779283,0,0,3,0,unchanged
1309,2022-01-01,SOM,2,3,0.39000000000000001,0.39222410321235657,0.41431924700737,0.38999998569488525,0.40999999642372131,0.18000000000000002,0.20420399308204651,0.21423426270484924,0.20000000298023224,0.20999999344348907,0.01,0.041157510131597519,0.041157510131597519,0.039999999105930328,0.039999999105930328,0,0.0010670401388779283,0.0010670401388779283,0,0,3,0,unchanged
1309,2022-05-01,SOM,4,3,0.76000000000000001,0.40770474076271057,0.42365637421607971,0.40999999642372131,0.41999998688697815,0.52000000000000002,0.22415216267108917,0.23418241739273071,0.2199999988079071,0.23000000417232513,0.20999999999999999,0.049105260521173477,0.049105260521173477,0.05000000074505806,0.05000000074505806,0.029999999999999999,0.0010670401388779283,0.0010670401388779283,0,0,3,0,unchanged
1309,2022-07-01,SOM,4,3,0.99999999999999989,0.38357049226760864,0.41273230314254761,0.37999999523162842,0.40999999642372131,0.90000000000000002,0.23523329198360443,0.24526356160640717,0.23999999463558197,0.25,0.40000000000000002,0.060149934142827988,0.060149934142827988,0.059999998658895493,0.059999998658895493,0.10000000000000001,0.0010670401388779283,0.0010670401388779283,0,0,3,0,unchanged
1309,2022-10-01,SOM,4,3,0.99999999999999989,0.4191737174987793,0.42824631929397583,0.41999998688697815,0.43000000715255737,0.90000000000000002,0.30843907594680786,0.30843907594680786,0.31000000238418579,0.31000000238418579,0.40000000000000002,0.072979755699634552,0.072979755699634552,0.070000000298023224,0.070000000298023224,0.10000000000000001,0.0010670401388779283,0.0010670401388779283,0,0,3,0,unchanged
1324,2022-01-01,SOM,2,3,0.39000000000000001,0.45264720916748047,0.45426121354103088,0.44999998807907104,0.44999998807907104,0.18000000000000002,0.23531462252140045,0.2453448623418808,0.23999999463558197,0.25,0.01,0.041157510131597519,0.041157510131597519,0.039999999105930328,0.039999999105930328,0,0.0010670401388779283,0.0010670401388779283,0,0,3,0,unchanged
1324,2022-05-01,SOM,4,3,0.76000000000000001,0.49026229977607727,0.48394826054573059,0.49000000953674316,0.47999998927116394,0.52000000000000002,0.25329986214637756,0.25329986214637756,0.25,0.25,0.20999999999999999,0.049105260521173477,0.049105260521173477,0.05000000074505806,0.05000000074505806,0.029999999999999999,0.0010670401388779283,0.0010670401388779283,0,0,3,0,unchanged
1324,2022-07-01,SOM,4,3,1,0.47788485884666443,0.48182424902915955,0.47999998927116394,0.47999998927116394,0.95000000000000007,0.27179035544395447,0.27179035544395447,0.27000001072883606,0.27000001072883606,0.5,0.070531927049160004,0.070531927049160004,0.070000000298023224,0.070000000298023224,0.14999999999999999,0.0010670401388779283,0.0010670401388779283,0,0,3,0,unchanged
1324,2022-10-01,SOM,4,3,1,0.49485313892364502,0.51315391063690186,0.49000000953674316,0.50999999046325684,0.95000000000000007,0.29831597208976746,0.29831597208976746,0.30000001192092896,0.30000001192092896,0.5,0.065553635358810425,0.065553635358810425,0.070000000298023224,0.070000000298023224,0.14999999999999999,0.0010670401388779283,0.0010670401388779283,0,0,3,0,unchanged
1326,2022-05-01,ETH,3,3,0.70000000000000007,0.50690358877182007,0.51142245531082153,0.50999999046325684,0.50999999046325684,0.47999999999999998,0.23171837627887726,0.2596985399723053,0.23000000417232513,0.25999999046325684,0.18000000000000002,0.062514953315258026,0.062514953315258026,0.059999998658895493,0.059999998658895493,0.01,0.0010670401388779283,0.0010670401388779283,0,0,3,0,unchanged
1326,2022-07-01,ETH,3,3,0.44999999999999996,0.45609948039054871,0.46562919020652771,0.46000000834465027,0.4699999988079071,0.25,0.29979074001312256,0.31774073839187622,0.30000001192092896,0.31999999284744263,0.10000000000000001,0.090773850679397583,0.090773850679397583,0.090000003576278687,0.090000003576278687,0,0.0010670401388779283,0.0010670401388779283,0,0,3,0,unchanged
1327,2022-07-01,ETH,3,3,0.44999999999999996,0.45824679732322693,0.46018216013908386,0.46000000834465027,0.46000000834465027,0.25,0.33648735284805298,0.34232825040817261,0.34000000357627869,0.34000000357627869,0.10000000000000001,0.090773850679397583,0.090773850679397583,0.090000003576278687,0.090000003576278687,0,0.0010670401388779283,0.0010670401388779283,0,0,3,0,unchanged
1329,2022-03-01,YEM,2,3,0.59999999999999998,0.60293370485305786,0.61051559448242188,0.60000002384185791,0.61000001430511475,0.14999999999999999,0.44442227482795715,0.44637954235076904,0.43999999761581421,0.44999998807907104,0,0.16711761057376862,0.16711761057376862,0.17000000178813934,0.17000000178813934,0,0.0010670401388779283,0.0010670401388779283,0,0,3,0,unchanged
1351,2022-01-01,SOM,2,2,0.27000000000000002,0.25400370359420776,0.25627210736274719,0.25,0.25999999046325684,0.080000000000000002,0.14883296191692352,0.14690166711807251,0.15000000596046448,0.15000000596046448,0.01,0.041157510131597519,0.041157510131597519,0.039999999105930328,0.039999999105930328,0,0.0010670401388779283,0.0010670401388779283,0,0,2,0,unchanged
1351,2022-05-01,SOM,3,2,0.46000000000000008,0.31446465849876404,0.29877275228500366,0.31000000238418579,0.30000001192092896,0.23000000000000001,0.17579208314418793,0.17579208314418793,0.18000000715255737,0.18000000715255737,0.029999999999999999,0.049105260521173477,0.049105260521173477,0.05000000074505806,0.05000000074505806,0,0.0010670401388779283,0.0010670401388779283,0,0,2,0,unchanged
1351,2022-07-01,SOM,1,3,0.15000000000000002,0.33187055587768555,0.33084595203399658,0.33000001311302185,0.33000001311302185,0.050000000000000003,0.26978063583374023,0.26978063583374023,0.27000001072883606,0.27000001072883606,0,0.072836771607398987,0.072836771607398987,0.070000000298023224,0.070000000298023224,0,0.0010670401388779283,0.0010670401388779283,0,0,3,0,unchanged
1351,2022-10-01,SOM,1,3,0.15000000000000002,0.38068953156471252,0.38112694025039673,0.37999999523162842,0.37999999523162842,0.050000000000000003,0.22739061713218689,0.22739061713218689,0.23000000417232513,0.23000000417232513,0,0.073549501597881317,0.073549501597881317,0.070000000298023224,0.070000000298023224,0,0.0010670401388779283,0.0010670401388779283,0,0,3,0,unchanged
1354,2022-01-01,SOM,2,2,0.27000000000000002,0.24062837660312653,0.24279306828975677,0.23999999463558197,0.23999999463558197,0.080000000000000002,0.14170897006988525,0.13977767527103424,0.14000000059604645,0.14000000059604645,0.01,0.041157510131597519,0.041157510131597519,0.039999999105930328,0.039999999105930328,0,0.0010670401388779283,0.0010670401388779283,0,0,2,0,unchanged
1354,2022-05-01,SOM,3,2,0.46000000000000008,0.29818117618560791,0.29066985845565796,0.30000001192092896,0.28999999165534973,0.23000000000000001,0.16866809129714966,0.16866809129714966,0.17000000178813934,0.17000000178813934,0.029999999999999999,0.049105260521173477,0.049105260521173477,0.05000000074505806,0.05000000074505806,0,0.0010670401388779283,0.0010670401388779283,0,0,2,0,unchanged
1354,2022-07-01,SOM,1,3,0.15000000000000002,0.34252291917800903,0.34200564026832581,0.34000000357627869,0.34000000357627869,0.050000000000000003,0.26555949449539185,0.26555949449539185,0.27000001072883606,0.27000001072883606,0,0.072836771607398987,0.072836771607398987,0.070000000298023224,0.070000000298023224,0,0.0010670401388779283,0.0010670401388779283,0,0,3,0,unchanged
1354,2022-10-01,SOM,1,3,0.15000000000000002,0.36906221508979797,0.37380456924438477,0.37000000476837158,0.37000000476837158,0.050000000000000003,0.22316949069499969,0.22316949069499969,0.2199999988079071,0.2199999988079071,0,0.073549501597881317,0.073549501597881317,0.070000000298023224,0.070000000298023224,0,0.0010670401388779283,0.0010670401388779283,0,0,3,0,unchanged
1357,2022-01-01,SOM,3,3,0.45000000000000001,0.45575681328773499,0.46258768439292908,0.46000000834465027,0.46000000834465027,0.21000000000000002,0.21707379817962646,0.22710403800010681,0.2199999988079071,0.23000000417232513,0.050000000000000003,0.056360881775617599,0.056360881775617599,0.059999998658895493,0.059999998658895493,0,0.0010670401388779283,0.0010670401388779283,0,0,3,0,unchanged
1357,2022-05-01,SOM,3,3,0.70000000000000007,0.51507413387298584,0.49415504932403564,0.51999998092651367,0.49000000953674316,0.47999999999999998,0.26489442586898804,0.27492469549179077,0.25999999046325684,0.27000001072883606,0.18000000000000002,0.061109211295843124,0.061109211295843124,0.059999998658895493,0.059999998658895493,0.01,0.0010670401388779283,0.0010670401388779283,0,0,3,0,unchanged
1357,2022-07-01,SOM,4,3,0.84999999999999998,0.50986611843109131,0.5120815634727478,0.50999999046325684,0.50999999046325684,0.65000000000000002,0.3161734938621521,0.3161734938621521,0.31999999284744263,0.31999999284744263,0.34999999999999998,0.080749303102493286,0.080749303102493286,0.079999998211860657,0.079999998211860657,0.10000000000000001,0.0010670401388779283,0.0010670401388779283,0,0,3,0,unchanged
1357,2022-10-01,SOM,3,3,0.55000000000000004,0.53555446863174438,0.55119800567626953,0.54000002145767212,0.55000001192092896,0.34999999999999998,0.28315982222557068,0.28315982222557068,0.2800000011920929,0.2800000011920929,0.10000000000000001,0.083054147660732269,0.083054147660732269,0.079999998211860657,0.079999998211860657,0,0.0010670401388779283,0.0010670401388779283,0,0,3,0,unchanged
1358,2022-03-01,YEM,2,3,0.59999999999999998,0.62334835529327393,0.63276422023773193,0.62000000476837158,0.62999999523162842,0.14999999999999999,0.41115948557853699,0.41115948557853699,0.40999999642372131,0.40999999642372131,0,0.15917439758777618,0.15917439758777618,0.15999999642372131,0.15999999642372131,0,0.0010670401388779283,0.0010670401388779283,0,0,3,0,unchanged
1361,2022-01-01,SOM,3,3,0.45000000000000001,0.46802359819412231,0.47390556335449219,0.4699999988079071,0.4699999988079071,0.21000000000000002,0.22995211184024811,0.23998235166072845,0.23000000417232513,0.23999999463558197,0.050000000000000003,0.056360881775617599,0.056360881775617599,0.059999998658895493,0.059999998658895493,0,0.0010670401388779283,0.0010670401388779283,0,0,3,0,unchanged
1361,2022-05-01,SOM,3,3,0.70000000000000007,0.54970771074295044,0.51955258846282959,0.55000001192092896,0.51999998092651367,0.47999999999999998,0.26785263419151306,0.2778829038143158,0.27000001072883606,0.2800000011920929,0.18000000000000002,0.061109211295843124,0.061109211295843124,0.059999998658895493,0.059999998658895493,0.01,0.0010670401388779283,0.0010670401388779283,0,0,3,0,unchanged
1361,2022-07-01,SOM,4,3,0.84999999999999998,0.47172167897224426,0.47421911358833313,0.4699999988079071,0.4699999988079071,0.65000000000000002,0.31824007630348206,0.31824007630348206,0.31999999284744263,0.31999999284744263,0.34999999999999998,0.080749303102493286,0.080749303102493286,0.079999998211860657,0.079999998211860657,0.10000000000000001,0.0010670401388779283,0.0010670401388779283,0,0,3,0,unchanged
1361,2022-10-01,SOM,3,3,0.55000000000000004,0.55055749416351318,0.55458366870880127,0.55000001192092896,0.55000001192092896,0.34999999999999998,0.28546988964080811,0.28546988964080811,0.28999999165534973,0.28999999165534973,0.10000000000000001,0.083054147660732269,0.083054147660732269,0.079999998211860657,0.079999998211860657,0,0.0010670401388779283,0.0010670401388779283,0,0,3,0,unchanged
1366,2022-03-01,YEM,2,3,0.59999999999999998,0.61640989780426025,0.61994713544845581,0.62000000476837158,0.62000000476837158,0.14999999999999999,0.39770492911338806,0.39770492911338806,0.40000000596046448,0.40000000596046448,0,0.12694260478019714,0.12694260478019714,0.12999999523162842,0.12999999523162842,0,0.0010670401388779283,0.0010670401388779283,0,0,3,0,unchanged
1367,2022-01-01,SOM,3,3,0.45000000000000001,0.43221986293792725,0.43863692879676819,0.43000000715255737,0.43999999761581421,0.21000000000000002,0.28185972571372986,0.28185972571372986,0.2800000011920929,0.2800000011920929,0.050000000000000003,0.065773993730545044,0.065773993730545044,0.070000000298023224,0.070000000298023224,0,0.0010670401388779283,0.0010670401388779283,0,0,3,0,unchanged
1367,2022-05-01,SOM,3,3,0.70000000000000007,0.5610586404800415,0.56337612867355347,0.56000000238418579,0.56000000238418579,0.47999999999999998,0.29039099812507629,0.30042126774787903,0.28999999165534973,0.30000001192092896,0.18000000000000002,0.070522330701351166,0.070522330701351166,0.070000000298023224,0.070000000298023224,0.01,0.0010670401388779283,0.0010670401388779283,0,0,3,0,unchanged
1367,2022-07-01,SOM,4,3,0.84999999999999998,0.48539009690284729,0.48710837960243225,0.49000000953674316,0.49000000953674316,0.65000000000000002,0.31874936819076538,0.31874936819076538,0.31999999284744263,0.31999999284744263,0.34999999999999998,0.090162411332130432,0.090162411332130432,0.090000003576278687,0.090000003576278687,0.10000000000000001,0.0010670401388779283,0.0010670401388779283,0,0,3,0,unchanged
1367,2022-10-01,SOM,3,3,0.55000000000000004,0.54299670457839966,0.54952752590179443,0.54000002145767212,0.55000001192092896,0.34999999999999998,0.32147940993309021,0.32147940993309021,0.31999999284744263,0.31999999284744263,0.10000000000000001,0.092467255890369415,0.092467255890369415,0.090000003576278687,0.090000003576278687,0,0.0010670401388779283,0.0010670401388779283,0,0,3,0,unchanged
1368,2022-01-01,SOM,3,3,0.45000000000000001,0.429067462682724,0.43548452854156494,0.43000000715255737,0.43999999761581421,0.21000000000000002,0.28185972571372986,0.28185972571372986,0.2800000011920929,0.2800000011920929,0.050000000000000003,0.065773993730545044,0.065773993730545044,0.070000000298023224,0.070000000298023224,0,0.0010670401388779283,0.0010670401388779283,0,0,3,0,unchanged
1368,2022-05-01,SOM,3,3,0.70000000000000007,0.56323349475860596,0.56550300121307373,0.56000000238418579,0.56999999284744263,0.47999999999999998,0.29039099812507629,0.30042126774787903,0.28999999165534973,0.30000001192092896,0.18000000000000002,0.070522330701351166,0.070522330701351166,0.070000000298023224,0.070000000298023224,0.01,0.0010670401388779283,0.0010670401388779283,0,0,3,0,unchanged
1368,2022-07-01,SOM,4,3,0.84999999999999998,0.48831722140312195,0.49003550410270691,0.49000000953674316,0.49000000953674316,0.65000000000000002,0.31874936819076538,0.31874936819076538,0.31999999284744263,0.31999999284744263,0.34999999999999998,0.090162411332130432,0.090162411332130432,0.090000003576278687,0.090000003576278687,0.10000000000000001,0.0010670401388779283,0.0010670401388779283,0,0,3,0,unchanged
1368,2022-10-01,SOM,3,3,0.55000000000000004,0.54551041126251221,0.55186003446578979,0.55000001192092896,0.55000001192092896,0.34999999999999998,0.32147940993309021,0.32147940993309021,0.31999999284744263,0.31999999284744263,0.10000000000000001,0.092467255890369415,0.092467255890369415,0.090000003576278687,0.090000003576278687,0,0.0010670401388779283,0.0010670401388779283,0,0,3,0,unchanged
1374,2022-03-01,YEM,2,3,0.59999999999999998,0.5957406759262085,0.58288347721099854,0.60000002384185791,0.57999998331069946,0.14999999999999999,0.38748013973236084,0.38748013973236084,0.38999998569488525,0.38999998569488525,0,0.15951211750507355,0.15951211750507355,0.15999999642372131,0.15999999642372131,0,0.0010670401388779283,0.0010670401388779283,0,0,3,0,unchanged
1375,2022-03-01,YEM,2,3,0.59999999999999998,0.60201460123062134,0.57820719480514526,0.60000002384185791,0.57999998331069946,0.14999999999999999,0.39096111059188843,0.39096111059188843,0.38999998569488525,0.38999998569488525,0,0.12334901094436646,0.12334901094436646,0.11999999731779099,0.11999999731779099,0,0.0010670401388779283,0.0010670401388779283,0,0,3,0,unchanged
1375,2022-07-01,YEM,3,3,0.39999999999999997,0.7103036642074585,0.70094591379165649,0.70999997854232788,0.69999998807907104,0.20000000000000001,0.45263788104057312,0.45263788104057312,0.44999998807907104,0.44999998807907104,0.050000000000000003,0.12012513726949692,0.12012513726949692,0.11999999731779099,0.11999999731779099,0,0.0010670401388779283,0.0010670401388779283,0,0,3,0,unchanged
1376,2022-05-01,SOM,4,3,0.76000000000000001,0.42924803495407104,0.41158217191696167,0.43000000715255737,0.40999999642372131,0.52000000000000002,0.22932140529155731,0.23935164511203766,0.23000000417232513,0.23999999463558197,0.20999999999999999,0.049105260521173477,0.049105260521173477,0.05000000074505806,0.05000000074505806,0.029999999999999999,0.0010670401388779283,0.0010670401388779283,0,0,3,0,unchanged
1378,2022-05-01,SOM,3,3,0.70000000000000007,0.53159832954406738,0.53683251142501831,0.52999997138977051,0.54000002145767212,0.47999999999999998,0.29288628697395325,0.30291655659675598,0.28999999165534973,0.30000001192092896,0.18000000000000002,0.070522330701351166,0.070522330701351166,0.070000000298023224,0.070000000298023224,0.01,0.0010670401388779283,0.0010670401388779283,0,0,3,0,unchanged
1378,2022-07-01,SOM,2,3,0.30000000000000004,0.40906476974487305,0.41114956140518188,0.40999999642372131,0.40999999642372131,0.10000000000000001,0.28585681319236755,0.28585681319236755,0.28999999165534973,0.28999999165534973,0,0.071035891771316528,0.071035891771316528,0.070000000298023224,0.070000000298023224,0,0.0010670401388779283,0.0010670401388779283,0,0,3,0,unchanged
1379,2022-05-01,SOM,3,3,0.70000000000000007,0.53098851442337036,0.53628647327423096,0.52999997138977051,0.54000002145767212,0.47999999999999998,0.28866514563560486,0.29869541525840759,0.28999999165534973,0.30000001192092896,0.18000000000000002,0.070522330701351166,0.070522330701351166,0.070000000298023224,0.070000000298023224,0.01,0.0010670401388779283,0.0010670401388779283,0,0,3,0,unchanged
1379,2022-07-01,SOM,2,3,0.30000000000000004,0.41166713833808899,0.41375187039375305,0.40999999642372131,0.40999999642372131,0.10000000000000001,0.28163567185401917,0.28163567185401917,0.2800000011920929,0.2800000011920929,0,0.071035891771316528,0.071035891771316528,0.070000000298023224,0.070000000298023224,0,0.0010670401388779283,0.0010670401388779283,0,0,3,0,unchanged
1380,2022-01-01,SOM,2,3,0.39000000000000001,0.4100470244884491,0.43110388517379761,0.40999999642372131,0.43000000715255737,0.18000000000000002,0.21400715410709381,0.22403742372989655,0.20999999344348907,0.2199999988079071,0.01,0.041157510131597519,0.041157510131597519,0.039999999105930328,0.039999999105930328,0,0.0010670401388779283,0.0010670401388779283,0,0,3,0,unchanged
1380,2022-05-01,SOM,4,3,0.76000000000000001,0.44486528635025024,0.45992904901504517,0.43999999761581421,0.46000000834465027,0.52000000000000002,0.23431389033794403,0.24434413015842438,0.23000000417232513,0.23999999463558197,0.20999999999999999,0.049105260521173477,0.049105260521173477,0.05000000074505806,0.05000000074505806,0.029999999999999999,0.0010670401388779283,0.0010670401388779283,0,0,3,0,unchanged
1380,2022-07-01,SOM,4,3,0.99999999999999989,0.3845113217830658,0.40230321884155273,0.37999999523162842,0.40000000596046448,0.90000000000000002,0.22756227850914001,0.23759251832962036,0.23000000417232513,0.23999999463558197,0.40000000000000002,0.050736833363771439,0.050736833363771439,0.05000000074505806,0.05000000074505806,0.10000000000000001,0.0010670401388779283,0.0010670401388779283,0,0,3,0,unchanged
1381,2022-03-01,YEM,2,3,0.59999999999999998,0.59318900108337402,0.58354675769805908,0.5899999737739563,0.57999998331069946,0.14999999999999999,0.38748013973236084,0.38748013973236084,0.38999998569488525,0.38999998569488525,0,0.15951211750507355,0.15951211750507355,0.15999999642372131,0.15999999642372131,0,0.0010670401388779283,0.0010670401388779283,0,0,3,0,unchanged
1382,2022-03-01,YEM,2,3,0.59999999999999998,0.61308383941650391,0.60592031478881836,0.61000001430511475,0.61000001430511475,0.14999999999999999,0.41498410701751709,0.41498410701751709,0.40999999642372131,0.40999999642372131,0,0.15951211750507355,0.15951211750507355,0.15999999642372131,0.15999999642372131,0,0.0010670401388779283,0.0010670401388779283,0,0,3,0,unchanged
1383,2022-05-01,SOM,3,3,0.70000000000000007,0.51109004020690918,0.51797389984130859,0.50999999046325684,0.51999998092651367,0.47999999999999998,0.26934781670570374,0.27937808632850647,0.27000001072883606,0.2800000011920929,0.18000000000000002,0.061109211295843124,0.061109211295843124,0.059999998658895493,0.059999998658895493,0.01,0.0010670401388779283,0.0010670401388779283,0,0,3,0,unchanged
1384,2022-03-01,YEM,2,3,0.59999999999999998,0.61724591255187988,0.60950183868408203,0.62000000476837158,0.61000001430511475,0.14999999999999999,0.38108253479003906,0.38108253479003906,0.37999999523162842,0.37999999523162842,0,0.13488586246967316,0.13488586246967316,0.12999999523162842,0.12999999523162842,0,0.0010670401388779283,0.0010670401388779283,0,0,3,0,unchanged
1390,2022-03-01,YEM,2,3,0.59999999999999998,0.62416738271713257,0.62912619113922119,0.62000000476837158,0.62999999523162842,0.14999999999999999,0.40786972641944885,0.40786972641944885,0.40999999642372131,0.40999999642372131,0,0.1345481276512146,0.1345481276512146,0.12999999523162842,0.12999999523162842,0,0.0010670401388779283,0.0010670401388779283,0,0,3,0,unchanged
1397,2022-05-01,SOM,3,3,0.56000000000000005,0.50097769498825073,0.53794020414352417,0.5,0.54000002145767212,0.27999999999999997,0.27837738394737244,0.26707383990287781,0.2800000011920929,0.27000001072883606,0.040000000000000001,0.058316517621278763,0.058316517621278763,0.059999998658895493,0.059999998658895493,0,0.0010670401388779283,0.0010670401388779283,0,0,3,0,unchanged
1397,2022-07-01,SOM,3,3,0.55000000000000004,0.4994581937789917,0.5218498706817627,0.5,0.51999998092651367,0.34999999999999998,0.30372300744056702,0.30372300744056702,0.30000001192092896,0.30000001192092896,0.10000000000000001,0.095780462026596069,0.095780462026596069,0.10000000149011612,0.10000000149011612,0,0.0010670401388779283,0.0010670401388779283,0,0,3,0,unchanged
1400,2022-03-01,YEM,2,3,0.59999999999999998,0.63094872236251831,0.62673211097717285,0.62999999523162842,0.62999999523162842,0.14999999999999999,0.37592849135398865,0.37592849135398865,0.37999999523162842,0.37999999523162842,0,0.13415499031543732,0.13415499031543732,0.12999999523162842,0.12999999523162842,0,0.0010670401388779283,0.0010670401388779283,0,0,3,0,unchanged
1420,2022-03-01,YEM,2,3,0.59999999999999998,0.60188496112823486,0.59935182332992554,0.60000002384185791,0.60000002384185791,0.14999999999999999,0.41092142462730408,0.41092142462730408,0.40999999642372131,0.40999999642372131,0,0.1345481276512146,0.1345481276512146,0.12999999523162842,0.12999999523162842,0,0.0010670401388779283,0.0010670401388779283,0,0,3,0,unchanged
1422,2022-05-01,SOM,3,3,0.56000000000000005,0.54620552062988281,0.54821085929870605,0.55000001192092896,0.55000001192092896,0.27999999999999997,0.28125894069671631,0.26995539665222168,0.2800000011920929,0.27000001072883606,0.040000000000000001,0.059127997606992722,0.059127997606992722,0.059999998658895493,0.059999998658895493,0,0.0010670401388779283,0.0010670401388779283,0,0,3,0,unchanged
1422,2022-07-01,SOM,3,3,0.55000000000000004,0.51127451658248901,0.51380401849746704,0.50999999046325684,0.50999999046325684,0.34999999999999998,0.28110471367835999,0.28110471367835999,0.2800000011920929,0.2800000011920929,0.10000000000000001,0.067642711102962494,0.067642711102962494,0.070000000298023224,0.070000000298023224,0,0.0010670401388779283,0.0010670401388779283,0,0,3,0,unchanged
1429,2022-01-01,SOM,2,2,0.27000000000000002,0.29675832390785217,0.29941555857658386,0.30000001192092896,0.30000001192092896,0.080000000000000002,0.16000404953956604,0.17003433406352997,0.15999999642372131,0.17000000178813934,0.01,0.041157510131597519,0.041157510131597519,0.039999999105930328,0.039999999105930328,0,0.0010670401388779283,0.0010670401388779283,0,0,2,0,unchanged
1429,2022-05-01,SOM,3,2,0.46000000000000008,0.365040123462677,0.36768984794616699,0.37000000476837158,0.37000000476837158,0.23000000000000001,0.17704077064990997,0.1870710551738739,0.18000000715255737,0.18999999761581421,0.029999999999999999,0.049105260521173477,0.049105260521173477,0.05000000074505806,0.05000000074505806,0,0.0010670401388779283,0.0010670401388779283,0,0,2,0,unchanged
1429,2022-07-01,SOM,1,3,0.15000000000000002,0.34098467230796814,0.34130793809890747,0.34000000357627869,0.34000000357627869,0.050000000000000003,0.26396900415420532,0.26396900415420532,0.25999999046325684,0.25999999046325684,0,0.084713324904441833,0.084713324904441833,0.079999998211860657,0.079999998211860657,0,0.0010670401388779283,0.0010670401388779283,0,0,3,0,unchanged
1429,2022-10-01,SOM,1,3,0.15000000000000002,0.41657456755638123,0.41464999318122864,0.41999998688697815,0.40999999642372131,0.050000000000000003,0.30995357036590576,0.30995357036590576,0.31000000238418579,0.31000000238418579,0,0.072979755699634552,0.072979755699634552,0.070000000298023224,0.070000000298023224,0,0.0010670401388779283,0.0010670401388779283,0,0,3,0,unchanged
1430,2022-01-01,SOM,2,2,0.27000000000000002,0.29678252339363098,0.29943975806236267,0.30000001192092896,0.30000001192092896,0.080000000000000002,0.16000404953956604,0.17003433406352997,0.15999999642372131,0.17000000178813934,0.01,0.041157510131597519,0.041157510131597519,0.039999999105930328,0.039999999105930328,0,0.0010670401388779283,0.0010670401388779283,0,0,2,0,unchanged
1430,2022-05-01,SOM,3,2,0.46000000000000008,0.365040123462677,0.36768984794616699,0.37000000476837158,0.37000000476837158,0.23000000000000001,0.17704077064990997,0.1870710551738739,0.18000000715255737,0.18999999761581421,0.029999999999999999,0.049105260521173477,0.049105260521173477,0.05000000074505806,0.05000000074505806,0,0.0010670401388779283,0.0010670401388779283,0,0,2,0,unchanged
1430,2022-07-01,SOM,1,3,0.15000000000000002,0.34100243449211121,0.34132570028305054,0.34000000357627869,0.34000000357627869,0.050000000000000003,0.26396900415420532,0.26396900415420532,0.25999999046325684,0.25999999046325684,0,0.084713324904441833,0.084713324904441833,0.079999998211860657,0.079999998211860657,0,0.0010670401388779283,0.0010670401388779283,0,0,3,0,unchanged
1430,2022-10-01,SOM,1,3,0.15000000000000002,0.41659232974052429,0.4146677553653717,0.41999998688697815,0.40999999642372131,0.050000000000000003,0.30995357036590576,0.30995357036590576,0.31000000238418579,0.31000000238418579,0,0.072979755699634552,0.072979755699634552,0.070000000298023224,0.070000000298023224,0,0.0010670401388779283,0.0010670401388779283,0,0,3,0,unchanged
1443,2022-01-01,SOM,2,2,0.27000000000000002,0.24531345069408417,0.25116446614265442,0.25,0.25,0.080000000000000002,0.15578292310237885,0.15385162830352783,0.15999999642372131,0.15000000596046448,0.01,0.041157510131597519,0.041157510131597519,0.039999999105930328,0.039999999105930328,0,0.0010670401388779283,0.0010670401388779283,0,0,2,0,unchanged
1443,2022-05-01,SOM,3,2,0.46000000000000008,0.36890465021133423,0.36932498216629028,0.37000000476837158,0.37000000476837158,0.23000000000000001,0.17281964421272278,0.17281964421272278,0.17000000178813934,0.17000000178813934,0.029999999999999999,0.049105260521173477,0.049105260521173477,0.05000000074505806,0.05000000074505806,0,0.0010670401388779283,0.0010670401388779283,0,0,2,0,unchanged
1443,2022-07-01,SOM,1,3,0.15000000000000002,0.33057209849357605,0.32873988151550293,0.33000001311302185,0.33000001311302185,0.050000000000000003,0.24713820219039917,0.24713820219039917,0.25,0.25,0,0.075300216674804688,0.075300216674804688,0.079999998211860657,0.079999998211860657,0,0.0010670401388779283,0.0010670401388779283,0,0,3,0,unchanged
1443,2022-10-01,SOM,1,3,0.15000000000000002,0.41505435109138489,0.41380390524864197,0.41999998688697815,0.40999999642372131,0.050000000000000003,0.2322060614824295,0.2322060614824295,0.23000000417232513,0.23000000417232513,0,0.076012946665287018,0.076012946665287018,0.079999998211860657,0.079999998211860657,0,0.0010670401388779283,0.0010670401388779283,0,0,3,0,unchanged
1446,2022-03-01,YEM,2,3,0.59999999999999998,0.58011364936828613,0.58883035182952881,0.57999998331069946,0.5899999737739563,0.14999999999999999,0.39655837416648865,0.41124412417411804,0.40000000596046448,0.40999999642372131,0,0.13005563616752625,0.13773292303085327,0.12999999523162842,0.14000000059604645,0,0.0010670401388779283,0.0010670401388779283,0,0,3,0,unchanged
1448,2022-11-01,MDG,3,3,0.79999999999999993,0.5157051682472229,0.51592457294464111,0.51999998092651367,0.51999998092651367,0.55000000000000004,0.27825474739074707,0.27825474739074707,0.2800000011920929,0.2800000011920929,0.10000000000000001,0.056499864906072617,0.056499864906072617,0.059999998658895493,0.059999998658895493,0,0.0010670401388779283,0.0010670401388779283,0,0,3,0,unchanged
1449,2022-11-01,MDG,3,3,0.79999999999999993,0.51566541194915771,0.51588481664657593,0.51999998092651367,0.51999998092651367,0.55000000000000004,0.27825474739074707,0.27825474739074707,0.2800000011920929,0.2800000011920929,0.10000000000000001,0.056499864906072617,0.056499864906072617,0.059999998658895493,0.059999998658895493,0,0.0010670401388779283,0.0010670401388779283,0,0,3,0,unchanged
1454,2022-03-01,YEM,2,3,0.59999999999999998,0.57972323894500732,0.58707982301712036,0.57999998331069946,0.5899999737739563,0.14999999999999999,0.36987555027008057,0.38507229089736938,0.37000000476837158,0.38999998569488525,0,0.12799184024333954,0.13208466768264771,0.12999999523162842,0.12999999523162842,0,0.0010670401388779283,0.0010670401388779283,0,0,3,0,unchanged
1461,2022-05-01,SOM,3,3,0.56000000000000005,0.46720346808433533,0.46876311302185059,0.4699999988079071,0.4699999988079071,0.27999999999999997,0.29377150535583496,0.30090862512588501,0.28999999165534973,0.30000001192092896,0.040000000000000001,0.059127997606992722,0.059127997606992722,0.059999998658895493,0.059999998658895493,0,0.0010670401388779283,0.0010670401388779283,0,0,3,0,unchanged
1461,2022-07-01,SOM,2,3,0.35000000000000003,0.45462295413017273,0.46139112114906311,0.44999998807907104,0.46000000834465027,0.15000000000000002,0.25807163119316101,0.25807163119316101,0.25999999046325684,0.25999999046325684,0.050000000000000003,0.067642711102962494,0.067642711102962494,0.070000000298023224,0.070000000298023224,0,0.0010670401388779283,0.0010670401388779283,0,0,3,0,unchanged
1462,2022-05-01,SOM,3,3,0.56000000000000005,0.46720346808433533,0.46904003620147705,0.4699999988079071,0.4699999988079071,0.27999999999999997,0.29377150535583496,0.30090862512588501,0.28999999165534973,0.30000001192092896,0.040000000000000001,0.059127997606992722,0.059127997606992722,0.059999998658895493,0.059999998658895493,0,0.0010670401388779283,0.0010670401388779283,0,0,3,0,unchanged
1462,2022-07-01,SOM,2,3,0.35000000000000003,0.45462295413017273,0.46139112114906311,0.44999998807907104,0.46000000834465027,0.15000000000000002,0.25807163119316101,0.25807163119316101,0.25999999046325684,0.25999999046325684,0.050000000000000003,0.067642711102962494,0.067642711102962494,0.070000000298023224,0.070000000298023224,0,0.0010670401388779283,0.0010670401388779283,0,0,3,0,unchanged
1466,2022-01-01,SOM,2,2,0.27000000000000002,0.27932846546173096,0.28552013635635376,0.2800000011920929,0.28999999165534973,0.080000000000000002,0.16068349778652191,0.1587522029876709,0.15999999642372131,0.15999999642372131,0.01,0.041157510131597519,0.041157510131597519,0.039999999105930328,0.039999999105930328,0,0.0010670401388779283,0.0010670401388779283,0,0,2,0,unchanged
1466,2022-05-01,SOM,3,2,0.46000000000000008,0.34661084413528442,0.34907108545303345,0.34999999403953552,0.34999999403953552,0.23000000000000001,0.17772021889686584,0.17772021889686584,0.18000000715255737,0.18000000715255737,0.029999999999999999,0.049105260521173477,0.049105260521173477,0.05000000074505806,0.05000000074505806,0,0.0010670401388779283,0.0010670401388779283,0,0,2,0,unchanged
1466,2022-07-01,SOM,3,2,0.60000000000000009,0.34554371237754822,0.34946772456169128,0.34999999403953552,0.34999999403953552,0.39999999999999997,0.17644308507442474,0.17644308507442474,0.18000000715255737,0.18000000715255737,0.050000000000000003,0.053710248321294785,0.053710248321294785,0.05000000074505806,0.05000000074505806,0,0.0010670401388779283,0.0010670401388779283,0,0,2,0,unchanged
1466,2022-10-01,SOM,2,2,0.34999999999999998,0.42345538735389709,0.42107248306274414,0.41999998688697815,0.41999998688697815,0.14999999999999999,0.17089281976222992,0.17089281976222992,0.17000000178813934,0.17000000178813934,0,0.054422963410615921,0.054422963410615921,0.05000000074505806,0.05000000074505806,0,0.0010670401388779283,0.0010670401388779283,0,0,2,0,unchanged
1475,2022-01-01,SOM,2,2,0.27000000000000002,0.30269846320152283,0.30861777067184448,0.30000001192092896,0.31000000238418579,0.080000000000000002,0.15300306677818298,0.15107177197933197,0.15000000596046448,0.15000000596046448,0.01,0.041157510131597519,0.041157510131597519,0.039999999105930328,0.039999999105930328,0,0.0010670401388779283,0.0010670401388779283,0,0,2,0,unchanged
1475,2022-05-01,SOM,3,2,0.46000000000000008,0.37519922852516174,0.36506569385528564,0.37999999523162842,0.37000000476837158,0.23000000000000001,0.16222994029521942,0.16222994029521942,0.15999999642372131,0.15999999642372131,0.029999999999999999,0.049105260521173477,0.049105260521173477,0.05000000074505806,0.05000000074505806,0,0.0010670401388779283,0.0010670401388779283,0,0,2,0,unchanged
1475,2022-07-01,SOM,3,2,0.60000000000000009,0.32969525456428528,0.33406820893287659,0.33000001311302185,0.33000001311302185,0.39999999999999997,0.15391324460506439,0.15391324460506439,0.15000000596046448,0.15000000596046448,0.050000000000000003,0.053710248321294785,0.053710248321294785,0.05000000074505806,0.05000000074505806,0,0.0010670401388779283,0.0010670401388779283,0,0,2,0,unchanged
1475,2022-10-01,SOM,2,2,0.34999999999999998,0.40592113137245178,0.40938374400138855,0.40999999642372131,0.40999999642372131,0.14999999999999999,0.13961300253868103,0.13961300253868103,0.14000000059604645,0.14000000059604645,0,0.054422963410615921,0.054422963410615921,0.05000000074505806,0.05000000074505806,0,0.0010670401388779283,0.0010670401388779283,0,0,2,0,unchanged
1480,2022-01-01,SOM,2,2,0.27000000000000002,0.33320966362953186,0.34048083424568176,0.33000001311302185,0.34000000357627869,0.080000000000000002,0.12021315097808838,0.11828184872865677,0.11999999731779099,0.11999999731779099,0.01,0.041157510131597519,0.041157510131597519,0.039999999105930328,0.039999999105930328,0,0.0010670401388779283,0.0010670401388779283,0,0,2,0,unchanged
1480,2022-05-01,SOM,3,2,0.46000000000000008,0.42826521396636963,0.41045254468917847,0.43000000715255737,0.40999999642372131,0.23000000000000001,0.13724991679191589,0.13724991679191589,0.14000000059604645,0.14000000059604645,0.029999999999999999,0.049105260521173477,0.049105260521173477,0.05000000074505806,0.05000000074505806,0,0.0010670401388779283,0.0010670401388779283,0,0,2,0,unchanged
1480,2022-07-01,SOM,1,3,0.15000000000000002,0.33695408701896667,0.34515368938446045,0.34000000357627869,0.34999999403953552,0.050000000000000003,0.20053684711456299,0.20053684711456299,0.20000000298023224,0.20000000298023224,0,0.072836771607398987,0.072836771607398987,0.070000000298023224,0.070000000298023224,0,0.0010670401388779283,0.0010670401388779283,0,0,3,0,unchanged
1481,2022-01-01,SOM,2,2,0.27000000000000002,0.30100077390670776,0.31306988000869751,0.30000001192092896,0.31000000238418579,0.080000000000000002,0.14519321918487549,0.14326192438602448,0.15000000596046448,0.14000000059604645,0.01,0.041157510131597519,0.041157510131597519,0.039999999105930328,0.039999999105930328,0,0.0010670401388779283,0.0010670401388779283,0,0,2,0,unchanged
1481,2022-05-01,SOM,3,2,0.46000000000000008,0.39829647541046143,0.38124948740005493,0.40000000596046448,0.37999999523162842,0.23000000000000001,0.16222994029521942,0.16222994029521942,0.15999999642372131,0.15999999642372131,0.029999999999999999,0.049105260521173477,0.049105260521173477,0.05000000074505806,0.05000000074505806,0,0.0010670401388779283,0.0010670401388779283,0,0,2,0,unchanged
1481,2022-07-01,SOM,1,3,0.15000000000000002,0.34599065780639648,0.35038939118385315,0.34999999403953552,0.34999999403953552,0.050000000000000003,0.22911758720874786,0.22911758720874786,0.23000000417232513,0.23000000417232513,0,0.072836771607398987,0.072836771607398987,0.070000000298023224,0.070000000298023224,0,0.0010670401388779283,0.0010670401388779283,0,0,3,0,unchanged
1481,2022-10-01,SOM,1,3,0.15000000000000002,0.42284294962882996,0.42924115061759949,0.41999998688697815,0.43000000715255737,0.050000000000000003,0.22447791695594788,0.22447791695594788,0.2199999988079071,0.2199999988079071,0,0.073549501597881317,0.073549501597881317,0.070000000298023224,0.070000000298023224,0,0.0010670401388779283,0.0010670401388779283,0,0,3,0,unchanged
1495,2022-01-01,SOM,2,2,0.27000000000000002,0.35165610909461975,0.35986754298210144,0.34999999403953552,0.36000001430511475,0.089999999999999997,0.1585710346698761,0.16860131919384003,0.15999999642372131,0.17000000178813934,0.01,0.041157510131597519,0.041157510131597519,0.039999999105930328,0.039999999105930328,0,0.0010670401388779283,0.0010670401388779283,0,0,2,0,unchanged
1495,2022-10-01,SOM,1,2,0.15000000000000002,0.40073692798614502,0.41989913582801819,0.40000000596046448,0.41999998688697815,0.050000000000000003,0.1875496506690979,0.1875496506690979,0.18999999761581421,0.18999999761581421,0,0.051916923373937607,0.051916923373937607,0.05000000074505806,0.05000000074505806,0,0.0010670401388779283,0.0010670401388779283,0,0,2,0,unchanged
1503,2022-01-01,SOM,2,2,0.27000000000000002,0.36834618449211121,0.36986249685287476,0.37000000476837158,0.37000000476837158,0.089999999999999997,0.14209890365600586,0.15212918817996979,0.14000000059604645,0.15000000596046448,0.01,0.041157510131597519,0.041157510131597519,0.039999999105930328,0.039999999105930328,0,0.0010670401388779283,0.0010670401388779283,0,0,2,0,unchanged
1503,2022-10-01,SOM,2,2,0.34999999999999998,0.41013035178184509,0.4200465977191925,0.40999999642372131,0.41999998688697815,0.14999999999999999,0.17196449637413025,0.17196449637413025,0.17000000178813934,0.17000000178813934,0,0.051916923373937607,0.051916923373937607,0.05000000074505806,0.05000000074505806,0,0.0010670401388779283,0.0010670401388779283,0,0,2,0,unchanged
1506,2022-01-01,YEM,3,3,0.82000000000000006,0.55536919832229614,0.55465042591094971,0.56000000238418579,0.55000001192092896,0.55000000000000004,0.2890302836894989,0.30175873637199402,0.28999999165534973,0.30000001192092896,0.17999999999999999,0.096968688070774078,0.10598844289779663,0.10000000149011612,0.10999999940395355,0,0.0010670401388779283,0.0010670401388779283,0,0,3,0,unchanged
1510,2022-01-01,YEM,3,3,0.82000000000000006,0.5567396879196167,0.55204427242279053,0.56000000238418579,0.55000001192092896,0.55000000000000004,0.28355816006660461,0.28355816006660461,0.2800000011920929,0.2800000011920929,0.17999999999999999,0.088742740452289581,0.097762495279312134,0.090000003576278687,0.10000000149011612,0,0.0010670401388779283,0.0010670401388779283,0,0,3,0,unchanged
1515,2022-01-01,YEM,3,3,0.82000000000000006,0.54930245876312256,0.53510338068008423,0.55000001192092896,0.54000002145767212,0.55000000000000004,0.27124321460723877,0.27124321460723877,0.27000001072883606,0.27000001072883606,0.17999999999999999,0.093884781002998352,0.1029045358300209,0.090000003576278687,0.10000000149011612,0,0.0010670401388779283,0.0010670401388779283,0,0,3,0,unchanged
1518,2022-01-01,SOM,2,2,0.27000000000000002,0.32586964964866638,0.33300602436065674,0.33000001311302185,0.33000001311302185,0.089999999999999997,0.11756701022386551,0.1156357079744339,0.11999999731779099,0.11999999731779099,0.01,0.041157510131597519,0.041157510131597519,0.039999999105930328,0.039999999105930328,0,0.0010670401388779283,0.0010670401388779283,0,0,2,0,unchanged
1518,2022-05-01,SOM,3,2,0.46000000000000008,0.36128780245780945,0.35778766870498657,0.36000001430511475,0.36000001430511475,0.23000000000000001,0.1378738135099411,0.1378738135099411,0.14000000059604645,0.14000000059604645,0.029999999999999999,0.049105260521173477,0.049105260521173477,0.05000000074505806,0.05000000074505806,0,0.0010670401388779283,0.0010670401388779283,0,0,2,0,unchanged
1518,2022-07-01,SOM,3,2,0.60000000000000009,0.32874965667724609,0.33241280913352966,0.33000001311302185,0.33000001311302185,0.39999999999999997,0.12851010262966156,0.15649043023586273,0.12999999523162842,0.15999999642372131,0.050000000000000003,0.053710248321294785,0.053710248321294785,0.05000000074505806,0.05000000074505806,0,0.0010670401388779283,0.0010670401388779283,0,0,2,0,unchanged
1518,2022-10-01,SOM,2,2,0.34999999999999998,0.41724154353141785,0.42300692200660706,0.41999998688697815,0.41999998688697815,0.14999999999999999,0.11675693839788437,0.13470703363418579,0.11999999731779099,0.12999999523162842,0,0.051916923373937607,0.050572868436574936,0.05000000074505806,0.05000000074505806,0,0.0010670401388779283,0.0010670401388779283,0,0,2,0,unchanged
1519,2022-01-01,YEM,3,3,0.82000000000000006,0.58051145076751709,0.56946843862533569,0.57999998331069946,0.56999999284744263,0.55000000000000004,0.29785075783729553,0.29785075783729553,0.30000001192092896,0.30000001192092896,0.17999999999999999,0.11032810062170029,0.11934785544872284,0.10999999940395355,0.11999999731779099,0,0.0010670401388779283,0.0010670401388779283,0,0,3,0,unchanged
1520,2022-01-01,YEM,3,3,0.82000000000000006,0.54763883352279663,0.53751844167709351,0.55000001192092896,0.54000002145767212,0.55000000000000004,0.29028639197349548,0.30301487445831299,0.28999999165534973,0.30000001192092896,0.17999999999999999,0.096968688070774078,0.10598844289779663,0.10000000149011612,0.10999999940395355,0,0.0010670401388779283,0.0010670401388779283,0,0,3,0,unchanged
1522,2022-01-01,SOM,2,2,0.27000000000000002,0.32870206236839294,0.33383104205131531,0.33000001311302185,0.33000001311302185,0.089999999999999997,0.12437732517719269,0.12244603037834167,0.11999999731779099,0.11999999731779099,0.01,0.041157510131597519,0.041157510131597519,0.039999999105930328,0.039999999105930328,0,0.0010670401388779283,0.0010670401388779283,0,0,2,0,unchanged
1522,2022-05-01,SOM,3,2,0.46000000000000008,0.37571138143539429,0.36951181292533875,0.37999999523162842,0.37000000476837158,0.23000000000000001,0.13687422871589661,0.13687422871589661,0.14000000059604645,0.14000000059604645,0.029999999999999999,0.049105260521173477,0.049105260521173477,0.05000000074505806,0.05000000074505806,0,0.0010670401388779283,0.0010670401388779283,0,0,2,0,unchanged
1522,2022-07-01,SOM,2,2,0.34999999999999998,0.32613885402679443,0.32272472977638245,0.33000001311302185,0.31999999284744263,0.14999999999999999,0.1546323299407959,0.18261265754699707,0.15000000596046448,0.18000000715255737,0,0.053710248321294785,0.053710248321294785,0.05000000074505806,0.05000000074505806,0,0.0010670401388779283,0.0010670401388779283,0,0,2,0,unchanged
1522,2022-10-01,SOM,2,2,0.34999999999999998,0.39945054054260254,0.40284082293510437,0.40000000596046448,0.40000000596046448,0.14999999999999999,0.16604284942150116,0.1839928925037384,0.17000000178813934,0.18000000715255737,0,0.051916923373937607,0.050572868436574936,0.05000000074505806,0.05000000074505806,0,0.0010670401388779283,0.0010670401388779283,0,0,2,0,unchanged
1528,2022-01-01,SOM,2,3,0.33999999999999997,0.49981334805488586,0.52218413352966309,0.5,0.51999998092651367,0.14999999999999999,0.23523478209972382,0.24526505172252655,0.23999999463558197,0.25,0.029999999999999999,0.053897444158792496,0.053897444158792496,0.05000000074505806,0.05000000074505806,0,0.0010670401388779283,0.0010670401388779283,0,0,3,0,unchanged
1528,2022-05-01,SOM,3,3,0.57999999999999996,0.58447206020355225,0.57873541116714478,0.57999998331069946,0.57999998331069946,0.32999999999999996,0.28904834389686584,0.29907861351966858,0.28999999165534973,0.30000001192092896,0.089999999999999997,0.058645766228437424,0.058645766228437424,0.059999998658895493,0.059999998658895493,0,0.0010670401388779283,0.0010670401388779283,0,0,3,0,unchanged
1528,2022-07-01,SOM,3,3,0.45000000000000001,0.5362473726272583,0.53313076496124268,0.54000002145767212,0.52999997138977051,0.25,0.30187594890594482,0.30187594890594482,0.30000001192092896,0.30000001192092896,0.050000000000000003,0.073253139853477478,0.073253139853477478,0.070000000298023224,0.070000000298023224,0,0.0010670401388779283,0.0010670401388779283,0,0,3,0,unchanged
1528,2022-10-01,SOM,3,3,0.45000000000000001,0.53246819972991943,0.54263949394226074,0.52999997138977051,0.54000002145767212,0.25,0.29036828875541687,0.29036828875541687,0.28999999165534973,0.28999999165534973,0.050000000000000003,0.073253139853477478,0.073253139853477478,0.070000000298023224,0.070000000298023224,0,0.0010670401388779283,0.0010670401388779283,0,0,3,0,unchanged
1534,2022-01-01,YEM,3,3,0.82000000000000006,0.54737037420272827,0.53858679533004761,0.55000001192092896,0.54000002145767212,0.55000000000000004,0.28793284296989441,0.28793284296989441,0.28999999165534973,0.28999999165534973,0.17999999999999999,0.093884781002998352,0.1029045358300209,0.090000003576278687,0.10000000149011612,0,0.0010670401388779283,0.0010670401388779283,0,0,3,0,unchanged
1536,2022-01-01,YEM,3,3,0.82000000000000006,0.55991345643997192,0.56556057929992676,0.56000000238418579,0.56999999284744263,0.55000000000000004,0.30505549907684326,0.30505549907684326,0.31000000238418579,0.31000000238418579,0.17999999999999999,0.088742740452289581,0.097762495279312134,0.090000003576278687,0.10000000149011612,0,0.0010670401388779283,0.0010670401388779283,0,0,3,0,unchanged
1540,2022-01-01,SOM,2,3,0.33999999999999997,0.50752019882202148,0.49903556704521179,0.50999999046325684,0.5,0.14999999999999999,0.23110197484493256,0.24113216996192932,0.23000000417232513,0.23999999463558197,0.029999999999999999,0.056360881775617599,0.056360881775617599,0.059999998658895493,0.059999998658895493,0,0.0010670401388779283,0.0010670401388779283,0,0,3,0,unchanged
1540,2022-05-01,SOM,3,3,0.57999999999999996,0.5741540789604187,0.57761192321777344,0.56999999284744263,0.57999998331069946,0.32999999999999996,0.31881791353225708,0.32884818315505981,0.31999999284744263,0.33000001311302185,0.089999999999999997,0.061109211295843124,0.061109211295843124,0.059999998658895493,0.059999998658895493,0,0.0010670401388779283,0.0010670401388779283,0,0,3,0,unchanged
1540,2022-07-01,SOM,3,3,0.39999999999999997,0.53440248966217041,0.53207612037658691,0.52999997138977051,0.52999997138977051,0.20000000000000001,0.27344587445259094,0.28347614407539368,0.27000001072883606,0.2800000011920929,0.050000000000000003,0.063927628099918365,0.063927628099918365,0.059999998658895493,0.059999998658895493,0,0.0010670401388779283,0.0010670401388779283,0,0,3,0,unchanged
1540,2022-10-01,SOM,3,3,0.45000000000000001,0.51705420017242432,0.51595783233642578,0.51999998092651367,0.51999998092651367,0.25,0.27316850423812866,0.2831987738609314,0.27000001072883606,0.2800000011920929,0.050000000000000003,0.063927628099918365,0.063927628099918365,0.059999998658895493,0.059999998658895493,0,0.0010670401388779283,0.0010670401388779283,0,0,3,0,unchanged
1541,2022-01-01,YEM,3,3,0.82000000000000006,0.56089752912521362,0.55244618654251099,0.56000000238418579,0.55000001192092896,0.55000000000000004,0.28816458582878113,0.28816458582878113,0.28999999165534973,0.28999999165534973,0.17999999999999999,0.10975010693073273,0.11876986175775528,0.10999999940395355,0.11999999731779099,0,0.0010670401388779283,0.0010670401388779283,0,0,3,0,unchanged
1542,2022-01-01,YEM,3,3,0.82000000000000006,0.50282102823257446,0.4998900294303894,0.5,0.5,0.55000000000000004,0.28657770156860352,0.28657770156860352,0.28999999165534973,0.28999999165534973,0.17999999999999999,0.093884781002998352,0.1029045358300209,0.090000003576278687,0.10000000149011612,0,0.0010670401388779283,0.0010670401388779283,0,0,3,0,unchanged
1551,2022-01-01,SOM,2,2,0.27000000000000002,0.34004274010658264,0.36539745330810547,0.34000000357627869,0.37000000476837158,0.089999999999999997,0.11512771993875504,0.11319641768932343,0.11999999731779099,0.10999999940395355,0.01,0.041157510131597519,0.041157510131597519,0.039999999105930328,0.039999999105930328,0,0.0010670401388779283,0.0010670401388779283,0,0,2,0,unchanged
1551,2022-05-01,SOM,3,2,0.46000000000000008,0.39656457304954529,0.38495448231697083,0.40000000596046448,0.37999999523162842,0.23000000000000001,0.13474388420581818,0.13474388420581818,0.12999999523162842,0.12999999523162842,0.029999999999999999,0.049105260521173477,0.049105260521173477,0.05000000074505806,0.05000000074505806,0,0.0010670401388779283,0.0010670401388779283,0,0,2,0,unchanged
1551,2022-07-01,SOM,3,2,0.44999999999999996,0.34070700407028198,0.35182934999465942,0.34000000357627869,0.34999999403953552,0.25,0.1475692093372345,0.15759949386119843,0.15000000596046448,0.15999999642372131,0.10000000000000001,0.049105260521173477,0.049105260521173477,0.05000000074505806,0.05000000074505806,0,0.0010670401388779283,0.0010670401388779283,0,0,2,0,unchanged
1551,2022-10-01,SOM,2,2,0.25,0.34156841039657593,0.37211629748344421,0.34000000357627869,0.37000000476837158,0.050000000000000003,0.16610667109489441,0.16610667109489441,0.17000000178813934,0.17000000178813934,0,0.055767018347978592,0.055767018347978592,0.059999998658895493,0.059999998658895493,0,0.0010670401388779283,0.0010670401388779283,0,0,2,0,unchanged
1553,2022-01-01,SOM,2,2,0.27000000000000002,0.35872450470924377,0.37316709756851196,0.36000001430511475,0.37000000476837158,0.089999999999999997,0.11789669096469879,0.11596538871526718,0.11999999731779099,0.11999999731779099,0.01,0.041157510131597519,0.041157510131597519,0.039999999105930328,0.039999999105930328,0,0.0010670401388779283,0.0010670401388779283,0,0,2,0,unchanged
1553,2022-05-01,SOM,3,2,0.46000000000000008,0.36724147200584412,0.36391827464103699,0.37000000476837158,0.36000001430511475,0.23000000000000001,0.13968504965305328,0.13968504965305328,0.14000000059604645,0.14000000059604645,0.029999999999999999,0.049105260521173477,0.049105260521173477,0.05000000074505806,0.05000000074505806,0,0.0010670401388779283,0.0010670401388779283,0,0,2,0,unchanged
1553,2022-07-01,SOM,3,2,0.60000000000000009,0.33371624350547791,0.33540582656860352,0.33000001311302185,0.34000000357627869,0.39999999999999997,0.17373077571392059,0.17373077571392059,0.17000000178813934,0.17000000178813934,0.050000000000000003,0.053710248321294785,0.053710248321294785,0.05000000074505806,0.05000000074505806,0,0.0010670401388779283,0.0010670401388779283,0,0,2,0,unchanged
1553,2022-10-01,SOM,2,2,0.30000000000000004,0.39013001322746277,0.39387738704681396,0.38999998569488525,0.38999998569488525,0.10000000000000001,0.16028884053230286,0.16028884053230286,0.15999999642372131,0.15999999642372131,0,0.055767018347978592,0.055767018347978592,0.059999998658895493,0.059999998658895493,0,0.0010670401388779283,0.0010670401388779283,0,0,2,0,unchanged
1558,2022-01-01,SOM,2,3,0.33999999999999997,0.44178634881973267,0.44711664319038391,0.43999999761581421,0.44999998807907104,0.14999999999999999,0.29149612784385681,0.30152639746665955,0.28999999165534973,0.30000001192092896,0.029999999999999999,0.065773993730545044,0.065773993730545044,0.070000000298023224,0.070000000298023224,0,0.0010670401388779283,0.0010670401388779283,0,0,3,0,unchanged
1558,2022-05-01,SOM,3,3,0.57999999999999996,0.517802894115448,0.52211886644363403,0.51999998092651367,0.51999998092651367,0.32999999999999996,0.34177812933921814,0.35180839896202087,0.34000000357627869,0.34999999403953552,0.089999999999999997,0.070522330701351166,0.070522330701351166,0.070000000298023224,0.070000000298023224,0,0.0010670401388779283,0.0010670401388779283,0,0,3,0,unchanged
1558,2022-07-01,SOM,4,3,0.69999999999999996,0.51536905765533447,0.5143580436706543,0.51999998092651367,0.50999999046325684,0.5,0.35713717341423035,0.35713717341423035,0.36000001430511475,0.36000001430511475,0.20000000000000001,0.085129693150520325,0.085129693150520325,0.090000003576278687,0.090000003576278687,0,0.0010670401388779283,0.0010670401388779283,0,0,3,0,unchanged
1558,2022-10-01,SOM,3,3,0.65000000000000002,0.49270510673522949,0.49652600288391113,0.49000000953674316,0.5,0.44999999999999996,0.34232854843139648,0.34232854843139648,0.34000000357627869,0.34000000357627869,0.14999999999999999,0.092467255890369415,0.092467255890369415,0.090000003576278687,0.090000003576278687,0,0.0010670401388779283,0.0010670401388779283,0,0,3,0,unchanged
1559,2022-01-01,SOM,2,3,0.33999999999999997,0.44141390919685364,0.44695362448692322,0.43999999761581421,0.44999998807907104,0.14999999999999999,0.28727498650550842,0.29730525612831116,0.28999999165534973,0.30000001192092896,0.029999999999999999,0.065773993730545044,0.065773993730545044,0.070000000298023224,0.070000000298023224,0,0.0010670401388779283,0.0010670401388779283,0,0,3,0,unchanged
1559,2022-05-01,SOM,3,3,0.57999999999999996,0.50566256046295166,0.51002657413482666,0.50999999046325684,0.50999999046325684,0.32999999999999996,0.33755698800086975,0.34758725762367249,0.34000000357627869,0.34999999403953552,0.089999999999999997,0.070522330701351166,0.070522330701351166,0.070000000298023224,0.070000000298023224,0,0.0010670401388779283,0.0010670401388779283,0,0,3,0,unchanged
1559,2022-07-01,SOM,4,3,0.69999999999999996,0.51399379968643188,0.51320511102676392,0.50999999046325684,0.50999999046325684,0.5,0.35291603207588196,0.35291603207588196,0.34999999403953552,0.34999999403953552,0.20000000000000001,0.085129693150520325,0.085129693150520325,0.090000003576278687,0.090000003576278687,0,0.0010670401388779283,0.0010670401388779283,0,0,3,0,unchanged
1559,2022-10-01,SOM,3,3,0.65000000000000002,0.49020031094551086,0.49441173672676086,0.49000000953674316,0.49000000953674316,0.44999999999999996,0.3381074070930481,0.3381074070930481,0.34000000357627869,0.34000000357627869,0.14999999999999999,0.092467255890369415,0.092467255890369415,0.090000003576278687,0.090000003576278687,0,0.0010670401388779283,0.0010670401388779283,0,0,3,0,unchanged
1561,2022-01-01,SOM,2,2,0.29000000000000004,0.34959948062896729,0.35219651460647583,0.34999999403953552,0.34999999403953552,0.099999999999999992,0.18323266506195068,0.19326296448707581,0.18000000715255737,0.18999999761581421,0.01,0.043531719595193863,0.043531719595193863,0.039999999105930328,0.039999999105930328,0,0.0010670401388779283,0.0010670401388779283,0,0,2,0,unchanged
1561,2022-05-01,SOM,3,3,0.54999999999999993,0.39018890261650085,0.39218553900718689,0.38999998569488525,0.38999998569488525,0.31,0.20581907033920288,0.21584935486316681,0.20999999344348907,0.2199999988079071,0.080000000000000002,0.051479469984769821,0.051479469984769821,0.05000000074505806,0.05000000074505806,0,0.0010670401388779283,0.0010670401388779283,0,0,3,0,unchanged
1561,2022-07-01,SOM,3,2,0.60000000000000009,0.33647605776786804,0.33835905790328979,0.34000000357627869,0.34000000357627869,0.39999999999999997,0.18300756812095642,0.19303783774375916,0.18000000715255737,0.18999999761581421,0.050000000000000003,0.053710248321294785,0.053710248321294785,0.05000000074505806,0.05000000074505806,0,0.0010670401388779283,0.0010670401388779283,0,0,2,0,unchanged
1561,2022-10-01,SOM,2,2,0.30000000000000004,0.40579622983932495,0.40890258550643921,0.40999999642372131,0.40999999642372131,0.10000000000000001,0.19391444325447083,0.19391444325447083,0.18999999761581421,0.18999999761581421,0,0.054422963410615921,0.054422963410615921,0.05000000074505806,0.05000000074505806,0,0.0010670401388779283,0.0010670401388779283,0,0,2,0,unchanged
1562,2022-05-01,SOM,3,3,0.57999999999999996,0.49797961115837097,0.49796903133392334,0.5,0.5,0.32999999999999996,0.27601158618927002,0.28604185581207275,0.2800000011920929,0.28999999165534973,0.089999999999999997,0.058645766228437424,0.058645766228437424,0.059999998658895493,0.059999998658895493,0,0.0010670401388779283,0.0010670401388779283,0,0,3,0,unchanged
1562,2022-07-01,SOM,3,3,0.45000000000000001,0.48555612564086914,0.48784470558166504,0.49000000953674316,0.49000000953674316,0.25,0.30113840103149414,0.30113840103149414,0.30000001192092896,0.30000001192092896,0.050000000000000003,0.073253139853477478,0.073253139853477478,0.070000000298023224,0.070000000298023224,0,0.0010670401388779283,0.0010670401388779283,0,0,3,0,unchanged
1562,2022-10-01,SOM,3,3,0.45000000000000001,0.45307597517967224,0.45855829119682312,0.44999998807907104,0.46000000834465027,0.25,0.27738097310066223,0.27738097310066223,0.2800000011920929,0.2800000011920929,0.050000000000000003,0.073253139853477478,0.073253139853477478,0.070000000298023224,0.070000000298023224,0,0.0010670401388779283,0.0010670401388779283,0,0,3,0,unchanged
1563,2022-07-01,SOM,3,3,0.45000000000000001,0.47852274775505066,0.48067173361778259,0.47999998927116394,0.47999998927116394,0.25,0.29114782810211182,0.29114782810211182,0.28999999165534973,0.28999999165534973,0.050000000000000003,0.073253139853477478,0.073253139853477478,0.070000000298023224,0.070000000298023224,0,0.0010670401388779283,0.0010670401388779283,0,0,3,0,unchanged
1563,2022-10-01,SOM,3,3,0.45000000000000001,0.43549567461013794,0.44189506769180298,0.43999999761581421,0.43999999761581421,0.25,0.2801632285118103,0.2801632285118103,0.2800000011920929,0.2800000011920929,0.050000000000000003,0.073253139853477478,0.073253139853477478,0.070000000298023224,0.070000000298023224,0,0.0010670401388779283,0.0010670401388779283,0,0,3,0,unchanged
1566,2022-01-01,SOM,2,3,0.29000000000000004,0.36253738403320312,0.36108821630477905,0.36000001430511475,0.36000001430511475,0.099999999999999992,0.19593089818954468,0.20596121251583099,0.20000000298023224,0.20999999344348907,0.01,0.043531719595193863,0.043531719595193863,0.039999999105930328,0.039999999105930328,0,0.0010670401388779283,0.0010670401388779283,0,0,3,0,unchanged
1566,2022-05-01,SOM,3,3,0.54999999999999993,0.390633225440979,0.39386862516403198,0.38999998569488525,0.38999998569488525,0.31,0.21703575551509857,0.22706599533557892,0.2199999988079071,0.23000000417232513,0.080000000000000002,0.051479469984769821,0.051479469984769821,0.05000000074505806,0.05000000074505806,0,0.0010670401388779283,0.0010670401388779283,0,0,3,0,unchanged
1566,2022-07-01,SOM,3,3,0.65000000000000002,0.35301360487937927,0.35274568200111389,0.34999999403953552,0.34999999403953552,0.44999999999999996,0.20299570262432098,0.21302597224712372,0.20000000298023224,0.20999999344348907,0.10000000000000001,0.053710248321294785,0.053710248321294785,0.05000000074505806,0.05000000074505806,0,0.0010670401388779283,0.0010670401388779283,0,0,3,0,unchanged
1566,2022-10-01,SOM,3,3,0.65000000000000002,0.41858974099159241,0.42158940434455872,0.41999998688697815,0.41999998688697815,0.44999999999999996,0.21667453646659851,0.21667453646659851,0.2199999988079071,0.2199999988079071,0.10000000000000001,0.054422963410615921,0.054422963410615921,0.05000000074505806,0.05000000074505806,0,0.0010670401388779283,0.0010670401388779283,0,0,3,0,unchanged
1567,2022-01-01,YEM,3,3,0.82000000000000006,0.52009767293930054,0.52686256170272827,0.51999998092651367,0.52999997138977051,0.55000000000000004,0.27903872728347778,0.28162086009979248,0.2800000011920929,0.2800000011920929,0.17999999999999999,0.093884781002998352,0.1029045358300209,0.090000003576278687,0.10000000149011612,0,0.0010670401388779283,0.0010670401388779283,0,0,3,0,unchanged
1568,2022-01-01,YEM,3,3,0.82000000000000006,0.53904831409454346,0.54445481300354004,0.54000002145767212,0.54000002145767212,0.55000000000000004,0.28600397706031799,0.2987324595451355,0.28999999165534973,0.30000001192092896,0.17999999999999999,0.11907544732093811,0.11907544732093811,0.11999999731779099,0.11999999731779099,0,0.0010670401388779283,0.0010670401388779283,0,0,3,0,unchanged
1569,2022-05-01,SOM,3,3,0.54999999999999993,0.48373803496360779,0.48382395505905151,0.47999998927116394,0.47999998927116394,0.31,0.26304984092712402,0.27308011054992676,0.25999999046325684,0.27000001072883606,0.080000000000000002,0.051479469984769821,0.051479469984769821,0.05000000074505806,0.05000000074505806,0,0.0010670401388779283,0.0010670401388779283,0,0,3,0,unchanged
1569,2022-10-01,SOM,3,3,0.45000000000000001,0.45708966255187988,0.4617769718170166,0.46000000834465027,0.46000000834465027,0.25,0.27576759457588196,0.27576759457588196,0.2800000011920929,0.2800000011920929,0.050000000000000003,0.071492724120616913,0.071492724120616913,0.070000000298023224,0.070000000298023224,0,0.0010670401388779283,0.0010670401388779283,0,0,3,0,unchanged
1570,2022-05-01,SOM,3,3,0.54999999999999993,0.48228856921195984,0.48688900470733643,0.47999998927116394,0.49000000953674316,0.31,0.26727700233459473,0.27730727195739746,0.27000001072883606,0.2800000011920929,0.080000000000000002,0.051479469984769821,0.051479469984769821,0.05000000074505806,0.05000000074505806,0,0.0010670401388779283,0.0010670401388779283,0,0,3,0,unchanged
1570,2022-10-01,SOM,3,3,0.45000000000000001,0.41736006736755371,0.42179065942764282,0.41999998688697815,0.41999998688697815,0.25,0.26854214072227478,0.26854214072227478,0.27000001072883606,0.27000001072883606,0.050000000000000003,0.071492724120616913,0.071492724120616913,0.070000000298023224,0.070000000298023224,0,0.0010670401388779283,0.0010670401388779283,0,0,3,0,unchanged
1571,2022-01-01,SOM,2,2,0.27000000000000002,0.34091097116470337,0.34936922788619995,0.34000000357627869,0.34999999403953552,0.089999999999999997,0.14788278937339783,0.14595149457454681,0.15000000596046448,0.15000000596046448,0.01,0.041157510131597519,0.041157510131597519,0.039999999105930328,0.039999999105930328,0,0.0010670401388779283,0.0010670401388779283,0,0,2,0,unchanged
1571,2022-05-01,SOM,3,2,0.46000000000000008,0.36476543545722961,0.36458736658096313,0.36000001430511475,0.36000001430511475,0.23000000000000001,0.16186125576496124,0.16186125576496124,0.15999999642372131,0.15999999642372131,0.029999999999999999,0.049105260521173477,0.049105260521173477,0.05000000074505806,0.05000000074505806,0,0.0010670401388779283,0.0010670401388779283,0,0,2,0,unchanged
1571,2022-07-01,SOM,3,2,0.65000000000000002,0.39260739088058472,0.41463595628738403,0.38999998569488525,0.40999999642372131,0.44999999999999996,0.17733360826969147,0.20531392097473145,0.18000000715255737,0.20999999344348907,0.10000000000000001,0.056173685938119888,0.056173685938119888,0.059999998658895493,0.059999998658895493,0,0.0010670401388779283,0.0010670401388779283,0,0,3,1,promotion
1571,2022-10-01,SOM,3,2,0.65000000000000002,0.41787552833557129,0.45619916915893555,0.41999998688697815,0.46000000834465027,0.44999999999999996,0.19034694135189056,0.20829695463180542,0.18999999761581421,0.20999999344348907,0.10000000000000001,0.058230455964803696,0.058230455964803696,0.059999998658895493,0.059999998658895493,0,0.0010670401388779283,0.0010670401388779283,0,0,3,1,promotion
1573,2022-01-01,YEM,3,3,0.82000000000000006,0.53185033798217773,0.54609644412994385,0.52999997138977051,0.55000001192092896,0.55000000000000004,0.30323156714439392,0.30323156714439392,0.30000001192092896,0.30000001192092896,0.17999999999999999,0.093884781002998352,0.1029045358300209,0.090000003576278687,0.10000000149011612,0,0.0010670401388779283,0.0010670401388779283,0,0,3,0,unchanged
1574,2022-01-01,SOM,2,3,0.33000000000000002,0.49563890695571899,0.49633917212486267,0.5,0.5,0.13999999999999999,0.26142260432243347,0.26855972409248352,0.25999999046325684,0.27000001072883606,0.02,0.065843604505062103,0.065843604505062103,0.070000000298023224,0.070000000298023224,0,0.0010670401388779283,0.0010670401388779283,0,0,3,0,unchanged
1574,2022-10-01,SOM,3,3,0.75000000000000011,0.57595938444137573,0.56153076887130737,0.57999998331069946,0.56000000238418579,0.55000000000000004,0.33706516027450562,0.34420228004455566,0.34000000357627869,0.34000000357627869,0.14999999999999999,0.087478466331958771,0.087478466331958771,0.090000003576278687,0.090000003576278687,0,0.0010670401388779283,0.0010670401388779283,0,0,3,0,unchanged
1575,2022-01-01,SOM,2,3,0.33000000000000002,0.49661493301391602,0.4973151683807373,0.5,0.5,0.13999999999999999,0.26142260432243347,0.26855972409248352,0.25999999046325684,0.27000001072883606,0.02,0.065843604505062103,0.065843604505062103,0.070000000298023224,0.070000000298023224,0,0.0010670401388779283,0.0010670401388779283,0,0,3,0,unchanged
1575,2022-10-01,SOM,3,3,0.75000000000000011,0.57397758960723877,0.55953317880630493,0.56999999284744263,0.56000000238418579,0.55000000000000004,0.33706516027450562,0.34420228004455566,0.34000000357627869,0.34000000357627869,0.14999999999999999,0.087478466331958771,0.087478466331958771,0.090000003576278687,0.090000003576278687,0,0.0010670401388779283,0.0010670401388779283,0,0,3,0,unchanged
1576,2022-01-01,YEM,3,3,0.82000000000000006,0.53264415264129639,0.54973709583282471,0.52999997138977051,0.55000001192092896,0.55000000000000004,0.28996312618255615,0.29254525899887085,0.28999999165534973,0.28999999165534973,0.17999999999999999,0.096358634531497955,0.096358634531497955,0.10000000149011612,0.10000000149011612,0,0.0010670401388779283,0.0010670401388779283,0,0,3,0,unchanged
1578,2022-01-01,SOM,2,3,0.33999999999999997,0.4440968930721283,0.44027683138847351,0.43999999761581421,0.43999999761581421,0.14999999999999999,0.2618769109249115,0.27190718054771423,0.25999999046325684,0.27000001072883606,0.029999999999999999,0.056360881775617599,0.056360881775617599,0.059999998658895493,0.059999998658895493,0,0.0010670401388779283,0.0010670401388779283,0,0,3,0,unchanged
1578,2022-05-01,SOM,3,3,0.57999999999999996,0.53495919704437256,0.53959792852401733,0.52999997138977051,0.54000002145767212,0.32999999999999996,0.31083580851554871,0.32086607813835144,0.31000000238418579,0.31999999284744263,0.089999999999999997,0.061109211295843124,0.061109211295843124,0.059999998658895493,0.059999998658895493,0,0.0010670401388779283,0.0010670401388779283,0,0,3,0,unchanged
1578,2022-07-01,SOM,3,3,0.70000000000000007,0.51970845460891724,0.51241070032119751,0.51999998092651367,0.50999999046325684,0.5,0.29925113916397095,0.29925113916397095,0.30000001192092896,0.30000001192092896,0.10000000000000001,0.075716584920883179,0.075716584920883179,0.079999998211860657,0.079999998211860657,0,0.0010670401388779283,0.0010670401388779283,0,0,3,0,unchanged
1578,2022-10-01,SOM,3,3,0.70000000000000007,0.51423174142837524,0.51089155673980713,0.50999999046325684,0.50999999046325684,0.5,0.30118775367736816,0.30118775367736816,0.30000001192092896,0.30000001192092896,0.10000000000000001,0.083054147660732269,0.083054147660732269,0.079999998211860657,0.079999998211860657,0,0.0010670401388779283,0.0010670401388779283,0,0,3,0,unchanged
1580,2022-04-01,MDG,3,3,0.85000000000000009,0.62875485420227051,0.63342559337615967,0.62999999523162842,0.62999999523162842,0.45000000000000001,0.26290306448936462,0.26290306448936462,0.25999999046325684,0.25999999046325684,0.050000000000000003,0.062649458646774292,0.065026253461837769,0.059999998658895493,0.070000000298023224,0,0.0010670401388779283,0.0010670401388779283,0,0,3,0,unchanged
1580,2022-11-01,MDG,3,3,0.90000000000000013,0.4916330873966217,0.50966435670852661,0.49000000953674316,0.50999999046325684,0.5,0.25162103772163391,0.25162103772163391,0.25,0.25,0.050000000000000003,0.056499864906072617,0.056499864906072617,0.059999998658895493,0.059999998658895493,0,0.0010670401388779283,0.0010670401388779283,0,0,3,0,unchanged
1581,2022-04-01,MDG,3,3,0.85000000000000009,0.66746515035629272,0.67372614145278931,0.67000001668930054,0.67000001668930054,0.45000000000000001,0.37193012237548828,0.34831470251083374,0.37000000476837158,0.34999999403953552,0.050000000000000003,0.073455773293972015,0.073455773293972015,0.070000000298023224,0.070000000298023224,0,0.0010670401388779283,0.0010670401388779283,0,0,3,0,unchanged
1581,2022-11-01,MDG,3,3,0.90000000000000013,0.53472179174423218,0.53504025936126709,0.52999997138977051,0.54000002145767212,0.5,0.28681850433349609,0.28681850433349609,0.28999999165534973,0.28999999165534973,0.050000000000000003,0.056499864906072617,0.056499864906072617,0.059999998658895493,0.059999998658895493,0,0.0010670401388779283,0.0010670401388779283,0,0,3,0,unchanged
1582,2022-04-01,MDG,3,3,0.85000000000000009,0.66290557384490967,0.66916656494140625,0.6600000262260437,0.67000001668930054,0.45000000000000001,0.37193012237548828,0.34831470251083374,0.37000000476837158,0.34999999403953552,0.050000000000000003,0.073455773293972015,0.073455773293972015,0.070000000298023224,0.070000000298023224,0,0.0010670401388779283,0.0010670401388779283,0,0,3,0,unchanged
1582,2022-11-01,MDG,3,3,0.90000000000000013,0.53409862518310547,0.53441709280014038,0.52999997138977051,0.52999997138977051,0.5,0.28681850433349609,0.28681850433349609,0.28999999165534973,0.28999999165534973,0.050000000000000003,0.056499864906072617,0.056499864906072617,0.059999998658895493,0.059999998658895493,0,0.0010670401388779283,0.0010670401388779283,0,0,3,0,unchanged
1584,2022-01-01,YEM,3,3,0.82000000000000006,0.5309942364692688,0.523964524269104,0.52999997138977051,0.51999998092651367,0.55000000000000004,0.29439368844032288,0.29439368844032288,0.28999999165534973,0.28999999165534973,0.17999999999999999,0.093884781002998352,0.1029045358300209,0.090000003576278687,0.10000000149011612,0,0.0010670401388779283,0.0010670401388779283,0,0,3,0,unchanged
1586,2022-01-01,YEM,3,3,0.82000000000000006,0.62462306022644043,0.61795520782470703,0.62000000476837158,0.62000000476837158,0.55000000000000004,0.29952642321586609,0.29778006672859192,0.30000001192092896,0.30000001192092896,0.17999999999999999,0.093074440956115723,0.093074440956115723,0.090000003576278687,0.090000003576278687,0,0.0010670401388779283,0.0010670401388779283,0,0,3,0,unchanged
1588,2022-05-01,SOM,3,3,0.54999999999999993,0.38327041268348694,0.38030555844306946,0.37999999523162842,0.37999999523162842,0.31,0.21159251034259796,0.21159251034259796,0.20999999344348907,0.20999999344348907,0.080000000000000002,0.051479469984769821,0.051479469984769821,0.05000000074505806,0.05000000074505806,0,0.0010670401388779283,0.0010670401388779283,0,0,3,0,unchanged
1589,2022-01-01,SOM,2,2,0.27000000000000002,0.33252003788948059,0.35330820083618164,0.33000001311302185,0.34999999403953552,0.089999999999999997,0.12571555376052856,0.12378424406051636,0.12999999523162842,0.11999999731779099,0.01,0.041157510131597519,0.041157510131597519,0.039999999105930328,0.039999999105930328,0,0.0010670401388779283,0.0010670401388779283,0,0,2,0,unchanged
1590,2022-04-01,MDG,2,3,0.70000000000000007,0.6363670825958252,0.63801991939544678,0.63999998569488525,0.63999998569488525,0.14999999999999999,0.35818779468536377,0.35818779468536377,0.36000001430511475,0.36000001430511475,0,0.070270970463752747,0.066559769213199615,0.070000000298023224,0.070000000298023224,0,0.0010670401388779283,0.0010670401388779283,0,0,3,0,unchanged
1591,2022-04-01,MDG,2,3,0.70000000000000007,0.63643425703048706,0.63808709383010864,0.63999998569488525,0.63999998569488525,0.14999999999999999,0.35818779468536377,0.35818779468536377,0.36000001430511475,0.36000001430511475,0,0.070270970463752747,0.066559769213199615,0.070000000298023224,0.070000000298023224,0,0.0010670401388779283,0.0010670401388779283,0,0,3,0,unchanged
1592,2022-01-01,YEM,3,3,0.82000000000000006,0.62283450365066528,0.61139458417892456,0.62000000476837158,0.61000001430511475,0.55000000000000004,0.29552212357521057,0.29552212357521057,0.30000001192092896,0.30000001192092896,0.17999999999999999,0.085169494152069092,0.085169494152069092,0.090000003576278687,0.090000003576278687,0,0.0010670401388779283,0.0010670401388779283,0,0,3,0,unchanged
1594,2022-01-01,YEM,3,3,0.82000000000000006,0.59350913763046265,0.58764278888702393,0.5899999737739563,0.5899999737739563,0.55000000000000004,0.26533278822898865,0.26533278822898865,0.27000001072883606,0.27000001072883606,0.17999999999999999,0.088416524231433868,0.088416524231433868,0.090000003576278687,0.090000003576278687,0,0.0010670401388779283,0.0010670401388779283,0,0,3,0,unchanged
1595,2022-01-01,SOM,2,3,0.29000000000000004,0.33018645644187927,0.3419266939163208,0.33000001311302185,0.34000000357627869,0.099999999999999992,0.19561755657196045,0.19368626177310944,0.20000000298023224,0.18999999761581421,0.01,0.043531719595193863,0.043531719595193863,0.039999999105930328,0.039999999105930328,0,0.0010670401388779283,0.0010670401388779283,0,0,2,-1,demotion
1595,2022-05-01,SOM,3,3,0.54999999999999993,0.40513354539871216,0.39892563223838806,0.40999999642372131,0.40000000596046448,0.31,0.20358599722385406,0.20358599722385406,0.20000000298023224,0.20000000298023224,0.080000000000000002,0.051479469984769821,0.051479469984769821,0.05000000074505806,0.05000000074505806,0,0.0010670401388779283,0.0010670401388779283,0,0,3,0,unchanged
1595,2022-07-01,SOM,3,3,0.59999999999999998,0.34270688891410828,0.36277127265930176,0.34000000357627869,0.36000001430511475,0.40000000000000002,0.2948092520236969,0.2948092520236969,0.28999999165534973,0.28999999165534973,0.10000000000000001,0.084713324904441833,0.084713324904441833,0.079999998211860657,0.079999998211860657,0,0.0010670401388779283,0.0010670401388779283,0,0,3,0,unchanged
1595,2022-10-01,SOM,3,3,0.59999999999999998,0.4006897509098053,0.40945470333099365,0.40000000596046448,0.40999999642372131,0.40000000000000002,0.34104242920875549,0.34104242920875549,0.34000000357627869,0.34000000357627869,0.10000000000000001,0.072979755699634552,0.072979755699634552,0.070000000298023224,0.070000000298023224,0,0.0010670401388779283,0.0010670401388779283,0,0,3,0,unchanged
1596,2022-01-01,SOM,2,2,0.29000000000000004,0.3277013897895813,0.33944162726402283,0.33000001311302185,0.34000000357627869,0.099999999999999992,0.19139643013477325,0.18946513533592224,0.18999999761581421,0.18999999761581421,0.01,0.043531719595193863,0.043531719595193863,0.039999999105930328,0.039999999105930328,0,0.0010670401388779283,0.0010670401388779283,0,0,2,0,unchanged
1596,2022-05-01,SOM,3,3,0.54999999999999993,0.40230938792228699,0.39614936709403992,0.40000000596046448,0.40000000596046448,0.31,0.19936487078666687,0.19936487078666687,0.20000000298023224,0.20000000298023224,0.080000000000000002,0.051479469984769821,0.051479469984769821,0.05000000074505806,0.05000000074505806,0,0.0010670401388779283,0.0010670401388779283,0,0,3,0,unchanged
1596,2022-07-01,SOM,3,3,0.59999999999999998,0.34307333827018738,0.36313772201538086,0.34000000357627869,0.36000001430511475,0.40000000000000002,0.29058811068534851,0.29058811068534851,0.28999999165534973,0.28999999165534973,0.10000000000000001,0.084713324904441833,0.084713324904441833,0.079999998211860657,0.079999998211860657,0,0.0010670401388779283,0.0010670401388779283,0,0,3,0,unchanged
1596,2022-10-01,SOM,3,3,0.59999999999999998,0.39992800354957581,0.40945097804069519,0.40000000596046448,0.40999999642372131,0.40000000000000002,0.3368212878704071,0.3368212878704071,0.34000000357627869,0.34000000357627869,0.10000000000000001,0.072979755699634552,0.072979755699634552,0.070000000298023224,0.070000000298023224,0,0.0010670401388779283,0.0010670401388779283,0,0,3,0,unchanged
1600,2022-01-01,SOM,3,3,0.43000000000000005,0.47388547658920288,0.4941277801990509,0.4699999988079071,0.49000000953674316,0.22,0.20546633005142212,0.21549656987190247,0.20999999344348907,0.2199999988079071,0.02,0.051666658371686935,0.051666658371686935,0.05000000074505806,0.05000000074505806,0,0.0010670401388779283,0.0010670401388779283,0,0,3,0,unchanged
1600,2022-05-01,SOM,3,3,0.60999999999999999,0.56262755393981934,0.56396466493606567,0.56000000238418579,0.56000000238418579,0.37,0.23928704857826233,0.24931713938713074,0.23999999463558197,0.25,0.080000000000000002,0.05641498789191246,0.05641498789191246,0.059999998658895493,0.059999998658895493,0,0.0010670401388779283,0.0010670401388779283,0,0,3,0,unchanged
1600,2022-07-01,SOM,3,3,0.70000000000000007,0.5595054030418396,0.56033086776733398,0.56000000238418579,0.56000000238418579,0.5,0.28154614567756653,0.28154614567756653,0.2800000011920929,0.2800000011920929,0.10000000000000001,0.083054147660732269,0.083054147660732269,0.079999998211860657,0.079999998211860657,0,0.0010670401388779283,0.0010670401388779283,0,0,3,0,unchanged
1600,2022-10-01,SOM,3,3,0.65000000000000002,0.5969773530960083,0.58715355396270752,0.60000002384185791,0.5899999737739563,0.44999999999999996,0.27950826287269592,0.27950826287269592,0.2800000011920929,0.2800000011920929,0.10000000000000001,0.063927628099918365,0.063927628099918365,0.059999998658895493,0.059999998658895493,0,0.0010670401388779283,0.0010670401388779283,0,0,3,0,unchanged
1603,2022-01-01,YEM,3,3,0.82000000000000006,0.53000140190124512,0.54084271192550659,0.52999997138977051,0.54000002145767212,0.55000000000000004,0.25698953866958618,0.27325382828712463,0.25999999046325684,0.27000001072883606,0.17999999999999999,0.088416524231433868,0.088416524231433868,0.090000003576278687,0.090000003576278687,0,0.0010670401388779283,0.0010670401388779283,0,0,3,0,unchanged
1604,2022-07-01,SOM,3,3,0.70000000000000007,0.53803461790084839,0.53374165296554565,0.54000002145767212,0.52999997138977051,0.5,0.29533308744430542,0.29533308744430542,0.30000001192092896,0.30000001192092896,0.10000000000000001,0.075716584920883179,0.075716584920883179,0.079999998211860657,0.079999998211860657,0,0.0010670401388779283,0.0010670401388779283,0,0,3,0,unchanged
1605,2022-07-01,SOM,3,3,0.59999999999999998,0.35486167669296265,0.356768399477005,0.34999999403953552,0.36000001430511475,0.40000000000000002,0.28254601359367371,0.28254601359367371,0.2800000011920929,0.2800000011920929,0.10000000000000001,0.075300216674804688,0.075300216674804688,0.079999998211860657,0.079999998211860657,0,0.0010670401388779283,0.0010670401388779283,0,0,3,0,unchanged
1605,2022-10-01,SOM,3,3,0.59999999999999998,0.42673072218894958,0.4303421676158905,0.43000000715255737,0.43000000715255737,0.40000000000000002,0.25210204720497131,0.25210204720497131,0.25,0.25,0.10000000000000001,0.073956169188022614,0.073956169188022614,0.070000000298023224,0.070000000298023224,0,0.0010670401388779283,0.0010670401388779283,0,0,3,0,unchanged
1608,2022-01-01,SOM,3,3,0.43000000000000005,0.48459595441818237,0.48167729377746582,0.47999998927116394,0.47999998927116394,0.22,0.22460915148258209,0.23463936150074005,0.2199999988079071,0.23000000417232513,0.02,0.051666658371686935,0.051666658371686935,0.05000000074505806,0.05000000074505806,0,0.0010670401388779283,0.0010670401388779283,0,0,3,0,unchanged
1608,2022-05-01,SOM,3,3,0.60999999999999999,0.53670996427536011,0.51922643184661865,0.54000002145767212,0.51999998092651367,0.37,0.26105326414108276,0.2710835337638855,0.25999999046325684,0.27000001072883606,0.080000000000000002,0.05641498789191246,0.05641498789191246,0.059999998658895493,0.059999998658895493,0,0.0010670401388779283,0.0010670401388779283,0,0,3,0,unchanged
1608,2022-07-01,SOM,3,3,0.70000000000000007,0.53645259141921997,0.51339393854141235,0.54000002145767212,0.50999999046325684,0.5,0.28848671913146973,0.28848671913146973,0.28999999165534973,0.28999999165534973,0.10000000000000001,0.075716584920883179,0.075716584920883179,0.079999998211860657,0.079999998211860657,0,0.0010670401388779283,0.0010670401388779283,0,0,3,0,unchanged
1608,2022-10-01,SOM,3,3,0.65000000000000002,0.54054081439971924,0.54040431976318359,0.54000002145767212,0.54000002145767212,0.44999999999999996,0.27927395701408386,0.27927395701408386,0.2800000011920929,0.2800000011920929,0.10000000000000001,0.075716584920883179,0.075716584920883179,0.079999998211860657,0.079999998211860657,0,0.0010670401388779283,0.0010670401388779283,0,0,3,0,unchanged
1609,2022-07-01,SOM,3,3,0.59999999999999998,0.36211526393890381,0.36176103353500366,0.36000001430511475,0.36000001430511475,0.40000000000000002,0.23258456587791443,0.23258456587791443,0.23000000417232513,0.23000000417232513,0.10000000000000001,0.075300216674804688,0.075300216674804688,0.079999998211860657,0.079999998211860657,0,0.0010670401388779283,0.0010670401388779283,0,0,3,0,unchanged
1609,2022-10-01,SOM,3,3,0.59999999999999998,0.41200703382492065,0.41561847925186157,0.40999999642372131,0.41999998688697815,0.40000000000000002,0.20411647856235504,0.20411647856235504,0.20000000298023224,0.20000000298023224,0.10000000000000001,0.075300216674804688,0.073956169188022614,0.079999998211860657,0.070000000298023224,0,0.0010670401388779283,0.0010670401388779283,0,0,3,0,unchanged
1622,2022-01-01,SOM,3,3,0.37,0.44586637616157532,0.44873383641242981,0.44999998807907104,0.44999998807907104,0.20999999999999999,0.30628392100334167,0.30628392100334167,0.31000000238418579,0.31000000238418579,0.059999999999999998,0.068074382841587067,0.068074382841587067,0.070000000298023224,0.070000000298023224,0,0.0010670401388779283,0.0010670401388779283,0,0,3,0,unchanged
1622,2022-10-01,SOM,3,3,0.75000000000000011,0.56237643957138062,0.56257182359695435,0.56000000238418579,0.56000000238418579,0.55000000000000004,0.27852493524551392,0.27852493524551392,0.2800000011920929,0.2800000011920929,0.14999999999999999,0.076091580092906952,0.076091580092906952,0.079999998211860657,0.079999998211860657,0,0.0010670401388779283,0.0010670401388779283,0,0,3,0,unchanged
1623,2022-01-01,SOM,3,3,0.37,0.45123067498207092,0.45428019762039185,0.44999998807907104,0.44999998807907104,0.20999999999999999,0.30754607915878296,0.30754607915878296,0.31000000238418579,0.31000000238418579,0.059999999999999998,0.068074382841587067,0.068074382841587067,0.070000000298023224,0.070000000298023224,0,0.0010670401388779283,0.0010670401388779283,0,0,3,0,unchanged
1623,2022-10-01,SOM,3,3,0.75000000000000011,0.56387597322463989,0.56400758028030396,0.56000000238418579,0.56000000238418579,0.55000000000000004,0.2797870934009552,0.2797870934009552,0.2800000011920929,0.2800000011920929,0.14999999999999999,0.076091580092906952,0.076091580092906952,0.079999998211860657,0.079999998211860657,0,0.0010670401388779283,0.0010670401388779283,0,0,3,0,unchanged
1624,2022-01-01,SOM,3,3,0.43000000000000005,0.50511664152145386,0.51138204336166382,0.50999999046325684,0.50999999046325684,0.22,0.23477320373058319,0.24480341374874115,0.23000000417232513,0.23999999463558197,0.02,0.051666658371686935,0.051666658371686935,0.05000000074505806,0.05000000074505806,0,0.0010670401388779283,0.0010670401388779283,0,0,3,0,unchanged
1624,2022-05-01,SOM,3,3,0.60999999999999999,0.53707391023635864,0.54527187347412109,0.54000002145767212,0.55000001192092896,0.37,0.26256102323532104,0.27259129285812378,0.25999999046325684,0.27000001072883606,0.080000000000000002,0.05641498789191246,0.05641498789191246,0.059999998658895493,0.059999998658895493,0,0.0010670401388779283,0.0010670401388779283,0,0,3,0,unchanged
1624,2022-07-01,SOM,3,3,0.75000000000000011,0.53359216451644897,0.5293344259262085,0.52999997138977051,0.52999997138977051,0.55000000000000004,0.28085395693778992,0.29088422656059265,0.2800000011920929,0.28999999165534973,0.15000000000000002,0.063927628099918365,0.063927628099918365,0.059999998658895493,0.059999998658895493,0.050000000000000003,0.0010670401388779283,0.0010670401388779283,0,0,3,0,unchanged
1624,2022-10-01,SOM,3,3,0.70000000000000007,0.49636247754096985,0.51607012748718262,0.5,0.51999998092651367,0.5,0.30819031596183777,0.30819031596183777,0.31000000238418579,0.31000000238418579,0.14999999999999999,0.075716584920883179,0.075716584920883179,0.079999998211860657,0.079999998211860657,0,0.0010670401388779283,0.0010670401388779283,0,0,3,0,unchanged
1629,2022-01-01,SOM,3,3,0.43000000000000005,0.50931233167648315,0.51871222257614136,0.50999999046325684,0.51999998092651367,0.22,0.23437042534351349,0.24440068006515503,0.23000000417232513,0.23999999463558197,0.02,0.051666658371686935,0.051666658371686935,0.05000000074505806,0.05000000074505806,0,0.0010670401388779283,0.0010670401388779283,0,0,3,0,unchanged
1629,2022-05-01,SOM,3,3,0.60999999999999999,0.53603857755661011,0.57772600650787354,0.54000002145767212,0.57999998331069946,0.37,0.26892799139022827,0.27895826101303101,0.27000001072883606,0.2800000011920929,0.080000000000000002,0.05641498789191246,0.05641498789191246,0.059999998658895493,0.059999998658895493,0,0.0010670401388779283,0.0010670401388779283,0,0,3,0,unchanged
1629,2022-07-01,SOM,4,3,0.80000000000000016,0.58133232593536377,0.59213703870773315,0.57999998331069946,0.5899999737739563,0.60000000000000009,0.33077466487884521,0.33077466487884521,0.33000001311302185,0.33000001311302185,0.20000000000000001,0.083054147660732269,0.083054147660732269,0.079999998211860657,0.079999998211860657,0.050000000000000003,0.0010670401388779283,0.0010670401388779283,0,0,3,0,unchanged
1629,2022-10-01,SOM,3,3,0.75000000000000011,0.51140272617340088,0.51946556568145752,0.50999999046325684,0.51999998092651367,0.55000000000000004,0.29617962241172791,0.29617962241172791,0.30000001192092896,0.30000001192092896,0.15000000000000002,0.083054147660732269,0.083054147660732269,0.079999998211860657,0.079999998211860657,0.050000000000000003,0.0010670401388779283,0.0010670401388779283,0,0,3,0,unchanged
1633,2022-01-01,YEM,3,3,0.82000000000000006,0.62310963869094849,0.62664514780044556,0.62000000476837158,0.62999999523162842,0.55000000000000004,0.2989247739315033,0.31518906354904175,0.30000001192092896,0.31999999284744263,0.17999999999999999,0.088416524231433868,0.088416524231433868,0.090000003576278687,0.090000003576278687,0,0.0010670401388779283,0.0010670401388779283,0,0,3,0,unchanged
1635,2022-07-01,SOM,4,3,0.80000000000000016,0.55880641937255859,0.55858218669891357,0.56000000238418579,0.56000000238418579,0.60000000000000009,0.30165556073188782,0.30165556073188782,0.30000001192092896,0.30000001192092896,0.20000000000000001,0.083054147660732269,0.083054147660732269,0.079999998211860657,0.079999998211860657,0.050000000000000003,0.0010670401388779283,0.0010670401388779283,0,0,3,0,unchanged
1638,2022-01-01,SOM,3,3,0.43000000000000005,0.49070897698402405,0.48510342836380005,0.49000000953674316,0.49000000953674316,0.22,0.29927721619606018,0.30930748581886292,0.30000001192092896,0.31000000238418579,0.02,0.051666658371686935,0.051666658371686935,0.05000000074505806,0.05000000074505806,0,0.0010670401388779283,0.0010670401388779283,0,0,3,0,unchanged
1638,2022-05-01,SOM,3,3,0.60999999999999999,0.53399622440338135,0.5467984676361084,0.52999997138977051,0.55000001192092896,0.37,0.2529911994934082,0.26302146911621094,0.25,0.25999999046325684,0.080000000000000002,0.05641498789191246,0.05641498789191246,0.059999998658895493,0.059999998658895493,0,0.0010670401388779283,0.0010670401388779283,0,0,3,0,unchanged
1640,2022-01-01,SOM,3,3,0.43000000000000005,0.51149749755859375,0.54135745763778687,0.50999999046325684,0.54000002145767212,0.22,0.24362044036388397,0.25365066528320312,0.23999999463558197,0.25,0.02,0.051666658371686935,0.051666658371686935,0.05000000074505806,0.05000000074505806,0,0.0010670401388779283,0.0010670401388779283,0,0,3,0,unchanged
1640,2022-05-01,SOM,3,3,0.60999999999999999,0.55296730995178223,0.57973617315292358,0.55000001192092896,0.57999998331069946,0.37,0.27817800641059875,0.28820827603340149,0.2800000011920929,0.28999999165534973,0.080000000000000002,0.05641498789191246,0.05641498789191246,0.059999998658895493,0.059999998658895493,0,0.0010670401388779283,0.0010670401388779283,0,0,3,0,unchanged
1640,2022-10-01,SOM,3,3,0.75000000000000011,0.54693603515625,0.57625031471252441,0.55000001192092896,0.57999998331069946,0.55000000000000004,0.28679507970809937,0.2968253493309021,0.28999999165534973,0.30000001192092896,0.15000000000000002,0.063927628099918365,0.063927628099918365,0.059999998658895493,0.059999998658895493,0.050000000000000003,0.0010670401388779283,0.0010670401388779283,0,0,3,0,unchanged
1646,2022-01-01,SOM,3,3,0.43000000000000005,0.46957385540008545,0.4656144380569458,0.4699999988079071,0.4699999988079071,0.22,0.28438344597816467,0.29441371560096741,0.2800000011920929,0.28999999165534973,0.02,0.051666658371686935,0.051666658371686935,0.05000000074505806,0.05000000074505806,0,0.0010670401388779283,0.0010670401388779283,0,0,3,0,unchanged
1646,2022-05-01,SOM,3,3,0.60999999999999999,0.52893036603927612,0.53243637084960938,0.52999997138977051,0.52999997138977051,0.37,0.2541290819644928,0.2528558075428009,0.25,0.25,0.080000000000000002,0.05641498789191246,0.05641498789191246,0.059999998658895493,0.059999998658895493,0,0.0010670401388779283,0.0010670401388779283,0,0,3,0,unchanged
1648,2022-01-01,YEM,3,3,0.82000000000000006,0.64385354518890381,0.65802055597305298,0.63999998569488525,0.6600000262260437,0.55000000000000004,0.27782920002937317,0.29409351944923401,0.2800000011920929,0.28999999165534973,0.17999999999999999,0.088416524231433868,0.088416524231433868,0.090000003576278687,0.090000003576278687,0,0.0010670401388779283,0.0010670401388779283,0,0,3,0,unchanged
1650,2022-05-01,SOM,3,3,0.76000000000000001,0.55556154251098633,0.55680745840072632,0.56000000238418579,0.56000000238418579,0.43000000000000005,0.27968686819076538,0.27968686819076538,0.2800000011920929,0.2800000011920929,0.10000000000000001,0.070591934025287628,0.070591934025287628,0.070000000298023224,0.070000000298023224,0,0.0010670401388779283,0.0010670401388779283,0,0,3,0,unchanged
1650,2022-07-01,SOM,3,3,0.70000000000000007,0.58627951145172119,0.58878856897354126,0.5899999737739563,0.5899999737739563,0.5,0.2766900360584259,0.2766900360584259,0.2800000011920929,0.2800000011920929,0.10000000000000001,0.073694303631782532,0.082208529114723206,0.070000000298023224,0.079999998211860657,0,0.0010670401388779283,0.0010670401388779283,0,0,3,0,unchanged
1650,2022-10-01,SOM,3,3,0.70000000000000007,0.56063306331634521,0.54663485288619995,0.56000000238418579,0.55000001192092896,0.5,0.29625001549720764,0.27945202589035034,0.30000001192092896,0.2800000011920929,0.10000000000000001,0.073694303631782532,0.073694303631782532,0.070000000298023224,0.070000000298023224,0,0.0010670401388779283,0.0010670401388779283,0,0,3,0,unchanged
1652,2022-01-01,SOM,3,3,0.54000000000000004,0.53919881582260132,0.55629891157150269,0.54000002145767212,0.56000000238418579,0.22,0.2352931797504425,0.24532338976860046,0.23999999463558197,0.25,0.02,0.049292456358671188,0.049292456358671188,0.05000000074505806,0.05000000074505806,0,0.0010670401388779283,0.0010670401388779283,0,0,3,0,unchanged
1659,2022-08-01,MDG,3,3,0.75,0.52202236652374268,0.52927887439727783,0.51999998092651367,0.52999997138977051,0.34999999999999998,0.34646537899971008,0.34646537899971008,0.34999999403953552,0.34999999403953552,0.050000000000000003,0.048374038189649582,0.048374038189649582,0.05000000074505806,0.05000000074505806,0,0.0010670401388779283,0.0010670401388779283,0,0,3,0,unchanged
1660,2022-08-01,MDG,3,3,0.75,0.52024799585342407,0.52750450372695923,0.51999998092651367,0.52999997138977051,0.34999999999999998,0.34646537899971008,0.34646537899971008,0.34999999403953552,0.34999999403953552,0.050000000000000003,0.048374038189649582,0.048374038189649582,0.05000000074505806,0.05000000074505806,0,0.0010670401388779283,0.0010670401388779283,0,0,3,0,unchanged
1663,2022-01-01,SOM,3,3,0.37,0.53211385011672974,0.53800517320632935,0.52999997138977051,0.54000002145767212,0.20999999999999999,0.29161563515663147,0.29161563515663147,0.28999999165534973,0.28999999165534973,0.059999999999999998,0.084295414388179779,0.084295414388179779,0.079999998211860657,0.079999998211860657,0,0.0010670401388779283,0.0010670401388779283,0,0,3,0,unchanged
1663,2022-05-01,SOM,3,3,0.65000000000000002,0.52556949853897095,0.53353428840637207,0.52999997138977051,0.52999997138977051,0.41999999999999998,0.31848815083503723,0.31848815083503723,0.31999999284744263,0.31999999284744263,0.11,0.089043743908405304,0.089043743908405304,0.090000003576278687,0.090000003576278687,0,0.0010670401388779283,0.0010670401388779283,0,0,3,0,unchanged
1663,2022-07-01,SOM,3,3,0.55000000000000004,0.61311936378479004,0.58323377370834351,0.61000001430511475,0.57999998331069946,0.34999999999999998,0.38903233408927917,0.38903233408927917,0.38999998569488525,0.38999998569488525,0.10000000000000001,0.095327660441398621,0.095327660441398621,0.10000000149011612,0.10000000149011612,0,0.0010670401388779283,0.0010670401388779283,0,0,3,0,unchanged
1663,2022-10-01,SOM,3,3,0.55000000000000004,0.54828178882598877,0.52089846134185791,0.55000001192092896,0.51999998092651367,0.34999999999999998,0.27565163373947144,0.27565163373947144,0.2800000011920929,0.2800000011920929,0.10000000000000001,0.076585970818996429,0.076585970818996429,0.079999998211860657,0.079999998211860657,0,0.0010670401388779283,0.0010670401388779283,0,0,3,0,unchanged
1664,2022-01-01,SOM,3,3,0.37,0.53310948610305786,0.53900080919265747,0.52999997138977051,0.54000002145767212,0.20999999999999999,0.29161563515663147,0.29161563515663147,0.28999999165534973,0.28999999165534973,0.059999999999999998,0.084295414388179779,0.084295414388179779,0.079999998211860657,0.079999998211860657,0,0.0010670401388779283,0.0010670401388779283,0,0,3,0,unchanged
1664,2022-05-01,SOM,3,3,0.65000000000000002,0.52556949853897095,0.53353428840637207,0.52999997138977051,0.52999997138977051,0.41999999999999998,0.31848815083503723,0.31848815083503723,0.31999999284744263,0.31999999284744263,0.11,0.089043743908405304,0.089043743908405304,0.090000003576278687,0.090000003576278687,0,0.0010670401388779283,0.0010670401388779283,0,0,3,0,unchanged
1664,2022-07-01,SOM,3,3,0.55000000000000004,0.60765326023101807,0.57776767015457153,0.61000001430511475,0.57999998331069946,0.34999999999999998,0.38903233408927917,0.38903233408927917,0.38999998569488525,0.38999998569488525,0.10000000000000001,0.095327660441398621,0.095327660441398621,0.10000000149011612,0.10000000149011612,0,0.0010670401388779283,0.0010670401388779283,0,0,3,0,unchanged
1664,2022-10-01,SOM,3,3,0.55000000000000004,0.54858189821243286,0.521198570728302,0.55000001192092896,0.51999998092651367,0.34999999999999998,0.27565163373947144,0.27565163373947144,0.2800000011920929,0.2800000011920929,0.10000000000000001,0.076585970818996429,0.076585970818996429,0.079999998211860657,0.079999998211860657,0,0.0010670401388779283,0.0010670401388779283,0,0,3,0,unchanged
1665,2022-08-01,MDG,2,3,0.75,0.4813883900642395,0.49050712585449219,0.47999998927116394,0.49000000953674316,0.14999999999999999,0.28834667801856995,0.28834667801856995,0.28999999165534973,0.28999999165534973,0,0.04518924281001091,0.04518924281001091,0.05000000074505806,0.05000000074505806,0,0.0010670401388779283,0.0010670401388779283,0,0,3,0,unchanged
1666,2022-08-01,MDG,2,3,0.75,0.481373131275177,0.49049186706542969,0.47999998927116394,0.49000000953674316,0.14999999999999999,0.28834667801856995,0.28834667801856995,0.28999999165534973,0.28999999165534973,0,0.04518924281001091,0.04518924281001091,0.05000000074505806,0.05000000074505806,0,0.0010670401388779283,0.0010670401388779283,0,0,3,0,unchanged
1667,2022-01-01,SOM,3,3,0.37,0.51373380422592163,0.51873129606246948,0.50999999046325684,0.51999998092651367,0.20999999999999999,0.27464210987091064,0.27464210987091064,0.27000001072883606,0.27000001072883606,0.059999999999999998,0.070537827908992767,0.070537827908992767,0.070000000298023224,0.070000000298023224,0,0.0010670401388779283,0.0010670401388779283,0,0,3,0,unchanged
1667,2022-05-01,SOM,3,3,0.65000000000000002,0.57310986518859863,0.57457864284515381,0.56999999284744263,0.56999999284744263,0.41999999999999998,0.30226194858551025,0.30226194858551025,0.30000001192092896,0.30000001192092896,0.11,0.075286157429218292,0.075286157429218292,0.079999998211860657,0.079999998211860657,0,0.0010670401388779283,0.0010670401388779283,0,0,3,0,unchanged
1667,2022-07-01,SOM,3,3,0.55000000000000004,0.56618070602416992,0.55165880918502808,0.56999999284744263,0.55000001192092896,0.34999999999999998,0.28975892066955566,0.28975892066955566,0.28999999165534973,0.28999999165534973,0.10000000000000001,0.10020690411329269,0.10020690411329269,0.10000000149011612,0.10000000149011612,0,0.0010670401388779283,0.0010670401388779283,0,0,3,0,unchanged
1667,2022-10-01,SOM,3,3,0.55000000000000004,0.58076286315917969,0.57516580820083618,0.57999998331069946,0.57999998331069946,0.34999999999999998,0.28377899527549744,0.28377899527549744,0.2800000011920929,0.2800000011920929,0.10000000000000001,0.067380771040916443,0.067380771040916443,0.070000000298023224,0.070000000298023224,0,0.0010670401388779283,0.0010670401388779283,0,0,3,0,unchanged
1668,2022-08-01,MDG,3,3,0.69999999999999996,0.50204533338546753,0.50930184125900269,0.5,0.50999999046325684,0.25,0.25400984287261963,0.25400984287261963,0.25,0.25,0,0.048374038189649582,0.048374038189649582,0.05000000074505806,0.05000000074505806,0,0.0010670401388779283,0.0010670401388779283,0,0,3,0,unchanged
1669,2022-08-01,MDG,3,3,0.69999999999999996,0.50204533338546753,0.50930184125900269,0.5,0.50999999046325684,0.25,0.25400984287261963,0.25400984287261963,0.25,0.25,0,0.048374038189649582,0.048374038189649582,0.05000000074505806,0.05000000074505806,0,0.0010670401388779283,0.0010670401388779283,0,0,3,0,unchanged
1670,2022-08-01,MDG,3,3,0.69999999999999996,0.51732331514358521,0.52428740262985229,0.51999998092651367,0.51999998092651367,0.25,0.23539155721664429,0.26145282387733459,0.23999999463558197,0.25999999046325684,0,0.048374038189649582,0.048374038189649582,0.05000000074505806,0.05000000074505806,0,0.0010670401388779283,0.0010670401388779283,0,0,3,0,unchanged
1671,2022-01-01,SOM,3,3,0.37,0.53750979900360107,0.54760611057281494,0.54000002145767212,0.55000001192092896,0.20999999999999999,0.28269121050834656,0.29895547032356262,0.2800000011920929,0.30000001192092896,0.059999999999999998,0.070537827908992767,0.070537827908992767,0.070000000298023224,0.070000000298023224,0,0.0010670401388779283,0.0010670401388779283,0,0,3,0,unchanged
1671,2022-05-01,SOM,3,3,0.65000000000000002,0.53917509317398071,0.57898837327957153,0.54000002145767212,0.57999998331069946,0.41999999999999998,0.29047107696533203,0.29047107696533203,0.28999999165534973,0.28999999165534973,0.11,0.075286157429218292,0.075286157429218292,0.079999998211860657,0.079999998211860657,0,0.0010670401388779283,0.0010670401388779283,0,0,3,0,unchanged
1671,2022-07-01,SOM,3,3,0.55000000000000004,0.54641056060791016,0.54537999629974365,0.55000001192092896,0.55000001192092896,0.34999999999999998,0.3316914439201355,0.3316914439201355,0.33000001311302185,0.33000001311302185,0.10000000000000001,0.081570073962211609,0.081570073962211609,0.079999998211860657,0.079999998211860657,0,0.0010670401388779283,0.0010670401388779283,0,0,3,0,unchanged
1671,2022-10-01,SOM,3,3,0.55000000000000004,0.57336443662643433,0.56722742319107056,0.56999999284744263,0.56999999284744263,0.34999999999999998,0.2817389965057373,0.2817389965057373,0.2800000011920929,0.2800000011920929,0.10000000000000001,0.067380771040916443,0.067380771040916443,0.070000000298023224,0.070000000298023224,0,0.0010670401388779283,0.0010670401388779283,0,0,3,0,unchanged
1672,2022-01-01,YEM,3,3,0.82000000000000006,0.61714762449264526,0.63327246904373169,0.62000000476837158,0.62999999523162842,0.55000000000000004,0.28283476829528809,0.28283476829528809,0.2800000011920929,0.2800000011920929,0.17999999999999999,0.088416524231433868,0.088416524231433868,0.090000003576278687,0.090000003576278687,0,0.0010670401388779283,0.0010670401388779283,0,0,3,0,unchanged
1673,2022-10-01,SOM,3,3,0.55000000000000004,0.54218810796737671,0.54491138458251953,0.54000002145767212,0.54000002145767212,0.34999999999999998,0.27635711431503296,0.27635711431503296,0.2800000011920929,0.2800000011920929,0.10000000000000001,0.072241492569446564,0.072241492569446564,0.070000000298023224,0.070000000298023224,0,0.0010670401388779283,0.0010670401388779283,0,0,3,0,unchanged
1674,2022-10-01,SOM,3,3,0.55000000000000004,0.54584068059921265,0.54872173070907593,0.55000001192092896,0.55000001192092896,0.34999999999999998,0.27635711431503296,0.27635711431503296,0.2800000011920929,0.2800000011920929,0.10000000000000001,0.072241492569446564,0.072241492569446564,0.070000000298023224,0.070000000298023224,0,0.0010670401388779283,0.0010670401388779283,0,0,3,0,unchanged
1675,2022-01-01,SOM,3,3,0.54000000000000004,0.53409117460250854,0.55482310056686401,0.52999997138977051,0.55000001192092896,0.22,0.31027865409851074,0.31027865409851074,0.31000000238418579,0.31000000238418579,0.02,0.065843604505062103,0.065843604505062103,0.070000000298023224,0.070000000298023224,0,0.0010670401388779283,0.0010670401388779283,0,0,3,0,unchanged
1675,2022-05-01,SOM,3,3,0.76000000000000001,0.57381975650787354,0.59077447652816772,0.56999999284744263,0.5899999737739563,0.43000000000000005,0.32780525088310242,0.32780525088310242,0.33000001311302185,0.33000001311302185,0.10000000000000001,0.070591934025287628,0.070591934025287628,0.070000000298023224,0.070000000298023224,0,0.0010670401388779283,0.0010670401388779283,0,0,3,0,unchanged
1675,2022-07-01,SOM,3,3,0.70000000000000007,0.63604474067687988,0.62283927202224731,0.63999998569488525,0.62000000476837158,0.5,0.36723530292510986,0.36723530292510986,0.37000000476837158,0.37000000476837158,0.10000000000000001,0.10084535926580429,0.10084535926580429,0.10000000149011612,0.10000000149011612,0,0.0010670401388779283,0.0010670401388779283,0,0,3,0,unchanged
1675,2022-10-01,SOM,3,3,0.70000000000000007,0.61332201957702637,0.64089596271514893,0.61000001430511475,0.63999998569488525,0.5,0.35170003771781921,0.35170003771781921,0.34999999403953552,0.34999999403953552,0.10000000000000001,0.073694303631782532,0.073694303631782532,0.070000000298023224,0.070000000298023224,0,0.0010670401388779283,0.0010670401388779283,0,0,3,0,unchanged
1681,2022-10-01,SOM,3,3,0.70000000000000007,0.59024447202682495,0.58493876457214355,0.5899999737739563,0.57999998331069946,0.5,0.28893369436264038,0.28893369436264038,0.28999999165534973,0.28999999165534973,0.10000000000000001,0.073694303631782532,0.073694303631782532,0.070000000298023224,0.070000000298023224,0,0.0010670401388779283,0.0010670401388779283,0,0,3,0,unchanged
1683,2022-10-01,SOM,3,3,0.55000000000000004,0.53505706787109375,0.53361505270004272,0.54000002145767212,0.52999997138977051,0.34999999999999998,0.2426743358373642,0.2426743358373642,0.23999999463558197,0.23999999463558197,0.10000000000000001,0.067380771040916443,0.072241492569446564,0.070000000298023224,0.070000000298023224,0,0.0010670401388779283,0.0010670401388779283,0,0,3,0,unchanged
1686,2022-08-01,MDG,3,3,0.75,0.54028058052062988,0.54753708839416504,0.54000002145767212,0.55000001192092896,0.34999999999999998,0.28455430269241333,0.28455430269241333,0.2800000011920929,0.2800000011920929,0.050000000000000003,0.048374038189649582,0.048374038189649582,0.05000000074505806,0.05000000074505806,0,0.0010670401388779283,0.0010670401388779283,0,0,3,0,unchanged
1687,2022-08-01,MDG,3,3,0.75,0.54031306505203247,0.54756957292556763,0.54000002145767212,0.55000001192092896,0.34999999999999998,0.28455430269241333,0.28455430269241333,0.2800000011920929,0.2800000011920929,0.050000000000000003,0.048374038189649582,0.048374038189649582,0.05000000074505806,0.05000000074505806,0,0.0010670401388779283,0.0010670401388779283,0,0,3,0,unchanged
1691,2022-01-01,SOM,3,3,0.54000000000000004,0.53473347425460815,0.562164306640625,0.52999997138977051,0.56000000238418579,0.22,0.30551344156265259,0.30551344156265259,0.31000000238418579,0.31000000238418579,0.02,0.065843604505062103,0.065843604505062103,0.070000000298023224,0.070000000298023224,0,0.0010670401388779283,0.0010670401388779283,0,0,3,0,unchanged
1691,2022-05-01,SOM,3,3,0.76000000000000001,0.57772195339202881,0.59643375873565674,0.57999998331069946,0.60000002384185791,0.43000000000000005,0.33980295062065125,0.33980295062065125,0.34000000357627869,0.34000000357627869,0.10000000000000001,0.070591934025287628,0.070591934025287628,0.070000000298023224,0.070000000298023224,0,0.0010670401388779283,0.0010670401388779283,0,0,3,0,unchanged
1691,2022-07-01,SOM,3,3,0.70000000000000007,0.62808161973953247,0.61232489347457886,0.62999999523162842,0.61000001430511475,0.5,0.37085479497909546,0.37085479497909546,0.37000000476837158,0.37000000476837158,0.10000000000000001,0.074870973825454712,0.074870973825454712,0.070000000298023224,0.070000000298023224,0,0.0010670401388779283,0.0010670401388779283,0,0,3,0,unchanged
1691,2022-10-01,SOM,3,3,0.70000000000000007,0.61372411251068115,0.61134099960327148,0.61000001430511475,0.61000001430511475,0.5,0.36351653933525085,0.36351653933525085,0.36000001430511475,0.36000001430511475,0.10000000000000001,0.073694303631782532,0.073694303631782532,0.070000000298023224,0.070000000298023224,0,0.0010670401388779283,0.0010670401388779283,0,0,3,0,unchanged
1692,2022-10-01,SOM,3,3,0.55000000000000004,0.57332479953765869,0.57103389501571655,0.56999999284744263,0.56999999284744263,0.34999999999999998,0.27378514409065247,0.27198794484138489,0.27000001072883606,0.27000001072883606,0.10000000000000001,0.067380771040916443,0.067380771040916443,0.070000000298023224,0.070000000298023224,0,0.0010670401388779283,0.0010670401388779283,0,0,3,0,unchanged
1695,2022-01-01,SOM,3,3,0.54000000000000004,0.52463012933731079,0.5249096155166626,0.51999998092651367,0.51999998092651367,0.22,0.32482877373695374,0.32482877373695374,0.31999999284744263,0.31999999284744263,0.02,0.065843604505062103,0.065843604505062103,0.070000000298023224,0.070000000298023224,0,0.0010670401388779283,0.0010670401388779283,0,0,3,0,unchanged
1695,2022-05-01,SOM,3,3,0.76000000000000001,0.55187708139419556,0.55015939474105835,0.55000001192092896,0.55000001192092896,0.43000000000000005,0.35778078436851501,0.35778078436851501,0.36000001430511475,0.36000001430511475,0.10000000000000001,0.070591934025287628,0.070591934025287628,0.070000000298023224,0.070000000298023224,0,0.0010670401388779283,0.0010670401388779283,0,0,3,0,unchanged
1695,2022-07-01,SOM,3,3,0.75000000000000011,0.58300578594207764,0.58027124404907227,0.57999998331069946,0.57999998331069946,0.55000000000000004,0.35491976141929626,0.35491976141929626,0.34999999403953552,0.34999999403953552,0.15000000000000002,0.091621637344360352,0.091621637344360352,0.090000003576278687,0.090000003576278687,0.050000000000000003,0.0010670401388779283,0.0010670401388779283,0,0,3,0,unchanged
1695,2022-10-01,SOM,3,3,0.75000000000000011,0.56744301319122314,0.57024693489074707,0.56999999284744263,0.56999999284744263,0.55000000000000004,0.31070044636726379,0.31070044636726379,0.31000000238418579,0.31000000238418579,0.15000000000000002,0.087968133389949799,0.087968133389949799,0.090000003576278687,0.090000003576278687,0.050000000000000003,0.0010670401388779283,0.0010670401388779283,0,0,3,0,unchanged
1696,2022-01-01,SOM,3,3,0.54000000000000004,0.52463012933731079,0.5249096155166626,0.51999998092651367,0.51999998092651367,0.22,0.32482877373695374,0.32482877373695374,0.31999999284744263,0.31999999284744263,0.02,0.065843604505062103,0.065843604505062103,0.070000000298023224,0.070000000298023224,0,0.0010670401388779283,0.0010670401388779283,0,0,3,0,unchanged
1696,2022-05-01,SOM,3,3,0.76000000000000001,0.55202561616897583,0.55030792951583862,0.55000001192092896,0.55000001192092896,0.43000000000000005,0.35778078436851501,0.35778078436851501,0.36000001430511475,0.36000001430511475,0.10000000000000001,0.070591934025287628,0.070591934025287628,0.070000000298023224,0.070000000298023224,0,0.0010670401388779283,0.0010670401388779283,0,0,3,0,unchanged
1696,2022-07-01,SOM,3,3,0.75000000000000011,0.58300578594207764,0.58027124404907227,0.57999998331069946,0.57999998331069946,0.55000000000000004,0.35491976141929626,0.35491976141929626,0.34999999403953552,0.34999999403953552,0.15000000000000002,0.091621637344360352,0.091621637344360352,0.090000003576278687,0.090000003576278687,0.050000000000000003,0.0010670401388779283,0.0010670401388779283,0,0,3,0,unchanged
1696,2022-10-01,SOM,3,3,0.75000000000000011,0.56744301319122314,0.57024693489074707,0.56999999284744263,0.56999999284744263,0.55000000000000004,0.31070044636726379,0.31070044636726379,0.31000000238418579,0.31000000238418579,0.15000000000000002,0.087968133389949799,0.087968133389949799,0.090000003576278687,0.090000003576278687,0.050000000000000003,0.0010670401388779283,0.0010670401388779283,0,0,3,0,unchanged
1698,2022-05-01,SOM,3,3,0.76000000000000001,0.54783487319946289,0.54742598533630371,0.55000001192092896,0.55000001192092896,0.43000000000000005,0.23098193109035492,0.24101215600967407,0.23000000417232513,0.23999999463558197,0.10000000000000001,0.05404079332947731,0.05404079332947731,0.05000000074505806,0.05000000074505806,0,0.0010670401388779283,0.0010670401388779283,0,0,3,0,unchanged
1698,2022-10-01,SOM,3,3,0.75000000000000011,0.48856672644615173,0.49313569068908691,0.49000000953674316,0.49000000953674316,0.55000000000000004,0.20327663421630859,0.20327663421630859,0.20000000298023224,0.20000000298023224,0.15000000000000002,0.063927628099918365,0.063927628099918365,0.059999998658895493,0.059999998658895493,0.050000000000000003,0.0010670401388779283,0.0010670401388779283,0,0,3,0,unchanged
1702,2022-10-01,SOM,3,3,0.70000000000000007,0.55373585224151611,0.5296667218208313,0.55000001192092896,0.52999997138977051,0.5,0.27215853333473206,0.27055644989013672,0.27000001072883606,0.27000001072883606,0.10000000000000001,0.073694303631782532,0.073694303631782532,0.070000000298023224,0.070000000298023224,0,0.0010670401388779283,0.0010670401388779283,0,0,3,0,unchanged
1712,2022-01-01,SOM,3,3,0.47000000000000003,0.48510181903839111,0.48578891158103943,0.49000000953674316,0.49000000953674316,0.20000000000000001,0.257801353931427,0.28847986459732056,0.25999999046325684,0.28999999165534973,0.050000000000000003,0.070537827908992767,0.070537827908992767,0.070000000298023224,0.070000000298023224,0,0.0010670401388779283,0.0010670401388779283,0,0,3,0,unchanged
1712,2022-05-01,SOM,3,3,0.67999999999999994,0.49688303470611572,0.50244104862213135,0.5,0.5,0.39000000000000001,0.23708078265190125,0.26775923371315002,0.23999999463558197,0.27000001072883606,0.10000000000000001,0.075286157429218292,0.075286157429218292,0.079999998211860657,0.079999998211860657,0,0.0010670401388779283,0.0010670401388779283,0,0,3,0,unchanged
1712,2022-10-01,SOM,3,3,0.55000000000000004,0.49513500928878784,0.49636393785476685,0.5,0.5,0.34999999999999998,0.27903679013252258,0.27903679013252258,0.2800000011920929,0.2800000011920929,0.10000000000000001,0.078104563057422638,0.078104563057422638,0.079999998211860657,0.079999998211860657,0,0.0010670401388779283,0.0010670401388779283,0,0,3,0,unchanged
1715,2022-01-01,SOM,3,3,0.47000000000000003,0.50072908401489258,0.50093519687652588,0.5,0.5,0.20000000000000001,0.28982970118522644,0.32050821185112,0.28999999165534973,0.31999999284744263,0.050000000000000003,0.070537827908992767,0.070537827908992767,0.070000000298023224,0.070000000298023224,0,0.0010670401388779283,0.0010670401388779283,0,0,3,0,unchanged
1715,2022-05-01,SOM,3,3,0.67999999999999994,0.50041913986206055,0.50515967607498169,0.5,0.50999999046325684,0.39000000000000001,0.29335874319076538,0.3323218822479248,0.28999999165534973,0.33000001311302185,0.10000000000000001,0.075286157429218292,0.075286157429218292,0.079999998211860657,0.079999998211860657,0,0.0010670401388779283,0.0010670401388779283,0,0,3,0,unchanged
1715,2022-10-01,SOM,3,3,0.55000000000000004,0.49661773443222046,0.49771514534950256,0.5,0.5,0.34999999999999998,0.3101651668548584,0.3101651668548584,0.31000000238418579,0.31000000238418579,0.10000000000000001,0.078104563057422638,0.078104563057422638,0.079999998211860657,0.079999998211860657,0,0.0010670401388779283,0.0010670401388779283,0,0,3,0,unchanged
1718,2022-01-01,SOM,3,3,0.47000000000000003,0.46964263916015625,0.47570902109146118,0.4699999988079071,0.47999998927116394,0.20000000000000001,0.30305737257003784,0.30305737257003784,0.30000001192092896,0.30000001192092896,0.050000000000000003,0.079950936138629913,0.079950936138629913,0.079999998211860657,0.079999998211860657,0,0.0010670401388779283,0.0010670401388779283,0,0,3,0,unchanged
1718,2022-05-01,SOM,3,3,0.67999999999999994,0.50376993417739868,0.51473283767700195,0.5,0.50999999046325684,0.39000000000000001,0.26994869112968445,0.26994869112968445,0.27000001072883606,0.27000001072883606,0.10000000000000001,0.084699265658855438,0.084699265658855438,0.079999998211860657,0.079999998211860657,0,0.0010670401388779283,0.0010670401388779283,0,0,3,0,unchanged
1718,2022-10-01,SOM,3,3,0.70000000000000007,0.49818706512451172,0.47503882646560669,0.5,0.47999998927116394,0.5,0.25845366716384888,0.25845366716384888,0.25999999046325684,0.25999999046325684,0.10000000000000001,0.11025846749544144,0.11025846749544144,0.10999999940395355,0.10999999940395355,0,0.0010670401388779283,0.0010670401388779283,0,0,3,0,unchanged
1719,2022-01-01,SOM,3,3,0.47000000000000003,0.46953123807907104,0.47559762001037598,0.4699999988079071,0.47999998927116394,0.20000000000000001,0.30305737257003784,0.30305737257003784,0.30000001192092896,0.30000001192092896,0.050000000000000003,0.079950936138629913,0.079950936138629913,0.079999998211860657,0.079999998211860657,0,0.0010670401388779283,0.0010670401388779283,0,0,3,0,unchanged
1719,2022-05-01,SOM,3,3,0.67999999999999994,0.50376993417739868,0.51473283767700195,0.5,0.50999999046325684,0.39000000000000001,0.26994869112968445,0.26994869112968445,0.27000001072883606,0.27000001072883606,0.10000000000000001,0.084699265658855438,0.084699265658855438,0.079999998211860657,0.079999998211860657,0,0.0010670401388779283,0.0010670401388779283,0,0,3,0,unchanged
1719,2022-10-01,SOM,3,3,0.70000000000000007,0.49818706512451172,0.47503882646560669,0.5,0.47999998927116394,0.5,0.25845366716384888,0.25845366716384888,0.25999999046325684,0.25999999046325684,0.10000000000000001,0.11025846749544144,0.11025846749544144,0.10999999940395355,0.10999999940395355,0,0.0010670401388779283,0.0010670401388779283,0,0,3,0,unchanged
1721,2022-10-01,SOM,3,3,0.59999999999999998,0.47680598497390747,0.48793169856071472,0.47999998927116394,0.49000000953674316,0.40000000000000002,0.26571708917617798,0.26571708917617798,0.27000001072883606,0.27000001072883606,0.10000000000000001,0.071217462420463562,0.071217462420463562,0.070000000298023224,0.070000000298023224,0,0.0010670401388779283,0.0010670401388779283,0,0,3,0,unchanged
1727,2022-01-01,SOM,2,3,0.32000000000000001,0.44375887513160706,0.44464179873466492,0.43999999761581421,0.43999999761581421,0.14000000000000001,0.21617887914180756,0.23244315385818481,0.2199999988079071,0.23000000417232513,0.040000000000000001,0.065843604505062103,0.065843604505062103,0.070000000298023224,0.070000000298023224,0,0.0010670401388779283,0.0010670401388779283,0,0,3,0,unchanged
1727,2022-05-01,SOM,3,3,0.47000000000000003,0.53658008575439453,0.53564763069152832,0.54000002145767212,0.54000002145767212,0.23999999999999999,0.28932461142539978,0.28932461142539978,0.28999999165534973,0.28999999165534973,0.059999999999999998,0.070591934025287628,0.070591934025287628,0.070000000298023224,0.070000000298023224,0,0.0010670401388779283,0.0010670401388779283,0,0,3,0,unchanged
1727,2022-07-01,SOM,3,3,0.5,0.53332579135894775,0.5331234335899353,0.52999997138977051,0.52999997138977051,0.29999999999999999,0.32964232563972473,0.32964232563972473,0.33000001311302185,0.33000001311302185,0.050000000000000003,0.074232518672943115,0.074232518672943115,0.070000000298023224,0.070000000298023224,0,0.0010670401388779283,0.0010670401388779283,0,0,3,0,unchanged
1727,2022-10-01,SOM,3,3,0.5,0.5641486644744873,0.54924434423446655,0.56000000238418579,0.55000001192092896,0.29999999999999999,0.28883117437362671,0.28883117437362671,0.28999999165534973,0.28999999165534973,0.050000000000000003,0.075286157429218292,0.075286157429218292,0.079999998211860657,0.079999998211860657,0,0.0010670401388779283,0.0010670401388779283,0,0,3,0,unchanged
1728,2022-01-01,SOM,2,3,0.32000000000000001,0.41098597645759583,0.41376534104347229,0.40999999642372131,0.40999999642372131,0.14000000000000001,0.20836649835109711,0.22463077306747437,0.20999999344348907,0.2199999988079071,0.040000000000000001,0.065843604505062103,0.065843604505062103,0.070000000298023224,0.070000000298023224,0,0.0010670401388779283,0.0010670401388779283,0,0,3,0,unchanged
1728,2022-05-01,SOM,3,3,0.47000000000000003,0.47376981377601624,0.475462406873703,0.4699999988079071,0.47999998927116394,0.23999999999999999,0.2514006495475769,0.24009713530540466,0.25,0.23999999463558197,0.059999999999999998,0.070591934025287628,0.070591934025287628,0.070000000298023224,0.070000000298023224,0,0.0010670401388779283,0.0010670401388779283,0,0,3,0,unchanged
1728,2022-07-01,SOM,3,3,0.5,0.49228203296661377,0.49353185296058655,0.49000000953674316,0.49000000953674316,0.29999999999999999,0.29532161355018616,0.29532161355018616,0.30000001192092896,0.30000001192092896,0.050000000000000003,0.092869341373443604,0.092869341373443604,0.090000003576278687,0.090000003576278687,0,0.0010670401388779283,0.0010670401388779283,0,0,3,0,unchanged
1728,2022-10-01,SOM,3,3,0.5,0.53114020824432373,0.52109730243682861,0.52999997138977051,0.51999998092651367,0.29999999999999999,0.25509524345397949,0.25509524345397949,0.25999999046325684,0.25999999046325684,0.050000000000000003,0.075286157429218292,0.075286157429218292,0.079999998211860657,0.079999998211860657,0,0.0010670401388779283,0.0010670401388779283,0,0,3,0,unchanged
1729,2022-01-01,SOM,2,3,0.32000000000000001,0.47384920716285706,0.47455951571464539,0.4699999988079071,0.4699999988079071,0.14000000000000001,0.26033452153205872,0.26033452153205872,0.25999999046325684,0.25999999046325684,0.040000000000000001,0.065843604505062103,0.065843604505062103,0.070000000298023224,0.070000000298023224,0,0.0010670401388779283,0.0010670401388779283,0,0,3,0,unchanged
1729,2022-10-01,SOM,3,3,0.55000000000000004,0.59431767463684082,0.58789682388305664,0.5899999737739563,0.5899999737739563,0.34999999999999998,0.30564790964126587,0.30564790964126587,0.31000000238418579,0.31000000238418579,0.10000000000000001,0.087968133389949799,0.087968133389949799,0.090000003576278687,0.090000003576278687,0,0.0010670401388779283,0.0010670401388779283,0,0,3,0,unchanged
1730,2022-01-01,SOM,2,3,0.32000000000000001,0.47416794300079346,0.47487825155258179,0.4699999988079071,0.4699999988079071,0.14000000000000001,0.26033452153205872,0.26033452153205872,0.25999999046325684,0.25999999046325684,0.040000000000000001,0.065843604505062103,0.065843604505062103,0.070000000298023224,0.070000000298023224,0,0.0010670401388779283,0.0010670401388779283,0,0,3,0,unchanged
1730,2022-10-01,SOM,3,3,0.55000000000000004,0.59484881162643433,0.58842796087265015,0.5899999737739563,0.5899999737739563,0.34999999999999998,0.30564790964126587,0.30564790964126587,0.31000000238418579,0.31000000238418579,0.10000000000000001,0.087968133389949799,0.087968133389949799,0.090000003576278687,0.090000003576278687,0,0.0010670401388779283,0.0010670401388779283,0,0,3,0,unchanged
1736,2022-01-01,SOM,2,3,0.32000000000000001,0.52191561460494995,0.52532505989074707,0.51999998092651367,0.52999997138977051,0.14000000000000001,0.30740243196487427,0.30740243196487427,0.31000000238418579,0.31000000238418579,0.040000000000000001,0.065843604505062103,0.065843604505062103,0.070000000298023224,0.070000000298023224,0,0.0010670401388779283,0.0010670401388779283,0,0,3,0,unchanged
1736,2022-05-01,SOM,3,3,0.47000000000000003,0.52860480546951294,0.5363582968711853,0.52999997138977051,0.54000002145767212,0.23999999999999999,0.27192729711532593,0.27192729711532593,0.27000001072883606,0.27000001072883606,0.059999999999999998,0.070591934025287628,0.070591934025287628,0.070000000298023224,0.070000000298023224,0,0.0010670401388779283,0.0010670401388779283,0,0,3,0,unchanged
1736,2022-07-01,SOM,3,3,0.55000000000000004,0.53957551717758179,0.54234874248504639,0.54000002145767212,0.54000002145767212,0.34999999999999998,0.33241376280784607,0.33241376280784607,0.33000001311302185,0.33000001311302185,0.10000000000000001,0.10228244960308075,0.10228244960308075,0.10000000149011612,0.10000000149011612,0,0.0010670401388779283,0.0010670401388779283,0,0,3,0,unchanged
1736,2022-10-01,SOM,3,3,0.55000000000000004,0.50984466075897217,0.51245021820068359,0.50999999046325684,0.50999999046325684,0.34999999999999998,0.28490468859672546,0.28490468859672546,0.2800000011920929,0.2800000011920929,0.10000000000000001,0.080630570650100708,0.080630570650100708,0.079999998211860657,0.079999998211860657,0,0.0010670401388779283,0.0010670401388779283,0,0,3,0,unchanged
1737,2022-01-01,SOM,2,3,0.32000000000000001,0.52191561460494995,0.52560198307037354,0.51999998092651367,0.52999997138977051,0.14000000000000001,0.30740243196487427,0.30740243196487427,0.31000000238418579,0.31000000238418579,0.040000000000000001,0.065843604505062103,0.065843604505062103,0.070000000298023224,0.070000000298023224,0,0.0010670401388779283,0.0010670401388779283,0,0,3,0,unchanged
1737,2022-05-01,SOM,3,3,0.47000000000000003,0.52860480546951294,0.5363582968711853,0.52999997138977051,0.54000002145767212,0.23999999999999999,0.27192729711532593,0.27192729711532593,0.27000001072883606,0.27000001072883606,0.059999999999999998,0.070591934025287628,0.070591934025287628,0.070000000298023224,0.070000000298023224,0,0.0010670401388779283,0.0010670401388779283,0,0,3,0,unchanged
1737,2022-07-01,SOM,3,3,0.55000000000000004,0.53954893350601196,0.54232215881347656,0.54000002145767212,0.54000002145767212,0.34999999999999998,0.33241376280784607,0.33241376280784607,0.33000001311302185,0.33000001311302185,0.10000000000000001,0.10228244960308075,0.10228244960308075,0.10000000149011612,0.10000000149011612,0,0.0010670401388779283,0.0010670401388779283,0,0,3,0,unchanged
1737,2022-10-01,SOM,3,3,0.55000000000000004,0.50992739200592041,0.51253306865692139,0.50999999046325684,0.50999999046325684,0.34999999999999998,0.28490468859672546,0.28490468859672546,0.2800000011920929,0.2800000011920929,0.10000000000000001,0.080630570650100708,0.080630570650100708,0.079999998211860657,0.079999998211860657,0,0.0010670401388779283,0.0010670401388779283,0,0,3,0,unchanged
1738,2022-01-01,SOM,2,3,0.32000000000000001,0.51896375417709351,0.52066975831985474,0.51999998092651367,0.51999998092651367,0.14000000000000001,0.32027062773704529,0.32027062773704529,0.31999999284744263,0.31999999284744263,0.040000000000000001,0.065843604505062103,0.065843604505062103,0.070000000298023224,0.070000000298023224,0,0.0010670401388779283,0.0010670401388779283,0,0,3,0,unchanged
1738,2022-07-01,SOM,3,3,0.5,0.51892948150634766,0.51977080106735229,0.51999998092651367,0.51999998092651367,0.29999999999999999,0.28786271810531616,0.28786271810531616,0.28999999165534973,0.28999999165534973,0.050000000000000003,0.081570073962211609,0.081570073962211609,0.079999998211860657,0.079999998211860657,0,0.0010670401388779283,0.0010670401388779283,0,0,3,0,unchanged
1739,2022-01-01,SOM,2,3,0.32000000000000001,0.51260960102081299,0.51431560516357422,0.50999999046325684,0.50999999046325684,0.14000000000000001,0.30881777405738831,0.30881777405738831,0.31000000238418579,0.31000000238418579,0.040000000000000001,0.065843604505062103,0.065843604505062103,0.070000000298023224,0.070000000298023224,0,0.0010670401388779283,0.0010670401388779283,0,0,3,0,unchanged
1739,2022-07-01,SOM,3,3,0.5,0.52996730804443359,0.53080862760543823,0.52999997138977051,0.52999997138977051,0.29999999999999999,0.28573739528656006,0.28573739528656006,0.28999999165534973,0.28999999165534973,0.050000000000000003,0.081570073962211609,0.081570073962211609,0.079999998211860657,0.079999998211860657,0,0.0010670401388779283,0.0010670401388779283,0,0,3,0,unchanged
1740,2022-05-01,SOM,3,3,0.47000000000000003,0.59470123052597046,0.59080255031585693,0.5899999737739563,0.5899999737739563,0.23999999999999999,0.24526621401309967,0.25799468159675598,0.25,0.25999999046325684,0.059999999999999998,0.070591934025287628,0.070591934025287628,0.070000000298023224,0.070000000298023224,0,0.0010670401388779283,0.0010670401388779283,0,0,3,0,unchanged
1743,2022-05-01,SOM,3,3,0.47000000000000003,0.58236414194107056,0.56676459312438965,0.57999998331069946,0.56999999284744263,0.23999999999999999,0.2887037992477417,0.2887037992477417,0.28999999165534973,0.28999999165534973,0.059999999999999998,0.070591934025287628,0.070591934025287628,0.070000000298023224,0.070000000298023224,0,0.0010670401388779283,0.0010670401388779283,0,0,3,0,unchanged
1756,2022-03-01,AFG,3,3,0.79999999999999993,0.73907768726348877,0.73259454965591431,0.74000000953674316,0.73000001907348633,0.44999999999999996,0.33020672202110291,0.33020672202110291,0.33000001311302185,0.33000001311302185,0.14999999999999999,0.10439793020486832,0.10439793020486832,0.10000000149011612,0.10000000149011612,0,0.0010670401388779283,0.0010670401388779283,0,0,3,0,unchanged
1756,2022-09-01,AFG,3,3,0.79999999999999993,0.71310186386108398,0.71699607372283936,0.70999997854232788,0.72000002861022949,0.44999999999999996,0.38601824641227722,0.38601824641227722,0.38999998569488525,0.38999998569488525,0.10000000000000001,0.10021331161260605,0.10021331161260605,0.10000000149011612,0.10000000149011612,0,0.0010670401388779283,0.0010670401388779283,0,0,3,0,unchanged
1757,2022-03-01,AFG,3,3,0.84999999999999998,0.75672668218612671,0.74547398090362549,0.75999999046325684,0.75,0.44999999999999996,0.32905128598213196,0.32905128598213196,0.33000001311302185,0.33000001311302185,0.14999999999999999,0.10439793020486832,0.10439793020486832,0.10000000149011612,0.10000000149011612,0,0.0010670401388779283,0.0010670401388779283,0,0,3,0,unchanged
1757,2022-09-01,AFG,3,3,0.69999999999999996,0.74312949180603027,0.74495577812194824,0.74000000953674316,0.74000000953674316,0.34999999999999998,0.39297839999198914,0.39297839999198914,0.38999998569488525,0.38999998569488525,0.050000000000000003,0.10021331161260605,0.10021331161260605,0.10000000149011612,0.10000000149011612,0,0.0010670401388779283,0.0010670401388779283,0,0,3,0,unchanged
1758,2022-03-01,AFG,3,3,0.69999999999999996,0.6738244891166687,0.67692101001739502,0.67000001668930054,0.68000000715255737,0.34999999999999998,0.30664446949958801,0.32817438244819641,0.31000000238418579,0.33000001311302185,0.10000000000000001,0.092448435723781586,0.092448435723781586,0.090000003576278687,0.090000003576278687,0,0.0010670401388779283,0.0010670401388779283,0,0,3,0,unchanged
1758,2022-09-01,AFG,3,3,0.75,0.66579717397689819,0.67887884378433228,0.67000001668930054,0.68000000715255737,0.34999999999999998,0.34393122792243958,0.36546114087104797,0.34000000357627869,0.37000000476837158,0.050000000000000003,0.10099131613969803,0.10099131613969803,0.10000000149011612,0.10000000149011612,0,0.0010670401388779283,0.0010670401388779283,0,0,3,0,unchanged
1759,2022-03-01,AFG,4,3,0.84999999999999987,0.73863869905471802,0.74354761838912964,0.74000000953674316,0.74000000953674316,0.5,0.37858191132545471,0.37858191132545471,0.37999999523162842,0.37999999523162842,0.20000000000000001,0.10092967748641968,0.10092967748641968,0.10000000149011612,0.10000000149011612,0,0.0010670401388779283,0.0010670401388779283,0,0,3,0,unchanged
1760,2022-07-01,PAK,3,3,0.65000000000000013,0.73926633596420288,0.74983304738998413,0.74000000953674316,0.75,0.25,0.38207247853279114,0.38207247853279114,0.37999999523162842,0.37999999523162842,0.050000000000000003,0.078221544623374939,0.078221544623374939,0.079999998211860657,0.079999998211860657,0,0.0010670401388779283,0.0010670401388779283,0,0,3,0,unchanged
1762,2022-03-01,AFG,4,3,0.84999999999999987,0.78883689641952515,0.75565743446350098,0.79000002145767212,0.75999999046325684,0.55000000000000004,0.35574328899383545,0.35574328899383545,0.36000001430511475,0.36000001430511475,0.20000000000000001,0.11226362735033035,0.11226362735033035,0.10999999940395355,0.10999999940395355,0,0.0010670401388779283,0.0010670401388779283,0,0,3,0,unchanged
1762,2022-09-01,AFG,3,3,0.84999999999999998,0.80322659015655518,0.79591572284698486,0.80000001192092896,0.80000001192092896,0.5,0.41800588369369507,0.41800588369369507,0.41999998688697815,0.41999998688697815,0.14999999999999999,0.11484823375940323,0.11484823375940323,0.10999999940395355,0.10999999940395355,0,0.0010670401388779283,0.0010670401388779283,0,0,3,0,unchanged
1763,2022-03-01,AFG,3,3,0.79999999999999993,0.71380722522735596,0.72708028554916382,0.70999997854232788,0.73000001907348633,0.5,0.34806254506111145,0.34806254506111145,0.34999999403953552,0.34999999403953552,0.14999999999999999,0.092448435723781586,0.092448435723781586,0.090000003576278687,0.090000003576278687,0,0.0010670401388779283,0.0010670401388779283,0,0,3,0,unchanged
1763,2022-09-01,AFG,3,3,0.79999999999999993,0.71847808361053467,0.73358350992202759,0.72000002861022949,0.73000001907348633,0.34999999999999998,0.40882205963134766,0.39819073677062988,0.40999999642372131,0.40000000596046448,0.10000000000000001,0.10099131613969803,0.10099131613969803,0.10000000149011612,0.10000000149011612,0,0.0010670401388779283,0.0010670401388779283,0,0,3,0,unchanged
1766,2022-03-01,AFG,3,3,0.79999999999999993,0.72982102632522583,0.72708034515380859,0.73000001907348633,0.73000001907348633,0.44999999999999996,0.39907702803611755,0.39907702803611755,0.40000000596046448,0.40000000596046448,0.14999999999999999,0.093277968466281891,0.093277968466281891,0.090000003576278687,0.090000003576278687,0,0.0010670401388779283,0.0010670401388779283,0,0,3,0,unchanged
1766,2022-09-01,AFG,3,3,0.79999999999999993,0.78430235385894775,0.7855755090713501,0.77999997138977051,0.79000002145767212,0.40000000000000002,0.40671274065971375,0.40671274065971375,0.40999999642372131,0.40999999642372131,0.10000000000000001,0.10182084888219833,0.10182084888219833,0.10000000149011612,0.10000000149011612,0,0.0010670401388779283,0.0010670401388779283,0,0,3,0,unchanged
1767,2022-03-01,AFG,3,3,0.79999999999999993,0.75010377168655396,0.73554033041000366,0.75,0.74000000953674316,0.44999999999999996,0.33382293581962585,0.3302159309387207,0.33000001311302185,0.33000001311302185,0.14999999999999999,0.11310983449220657,0.11310983449220657,0.10999999940395355,0.10999999940395355,0,0.0010670401388779283,0.0010670401388779283,0,0,3,0,unchanged
1767,2022-09-01,AFG,3,3,0.75,0.78759044408798218,0.77740371227264404,0.79000002145767212,0.77999997138977051,0.44999999999999996,0.37180227041244507,0.37180227041244507,0.37000000476837158,0.37000000476837158,0.14999999999999999,0.10353325307369232,0.1082778200507164,0.10000000149011612,0.10999999940395355,0,0.0010670401388779283,0.0010670401388779283,0,0,3,0,unchanged
1768,2022-03-01,AFG,4,3,0.89999999999999991,0.71204906702041626,0.68593966960906982,0.70999997854232788,0.68999999761581421,0.55000000000000004,0.34770917892456055,0.3441021740436554,0.34999999403953552,0.34000000357627869,0.20000000000000001,0.097438640892505646,0.097438640892505646,0.10000000149011612,0.10000000149011612,0,0.0010670401388779283,0.0010670401388779283,0,0,3,0,unchanged
1768,2022-09-01,AFG,3,3,0.79999999999999993,0.72848904132843018,0.71809041500091553,0.73000001907348633,0.72000002861022949,0.44999999999999996,0.38731005787849426,0.38731005787849426,0.38999998569488525,0.38999998569488525,0.14999999999999999,0.092639893293380737,0.092639893293380737,0.090000003576278687,0.090000003576278687,0,0.0010670401388779283,0.0010670401388779283,0,0,3,0,unchanged
1769,2022-03-01,AFG,4,3,0.84999999999999998,0.82095742225646973,0.80134880542755127,0.81999999284744263,0.80000001192092896,0.5,0.40470233559608459,0.39210721850395203,0.40000000596046448,0.38999998569488525,0.25,0.11311916261911392,0.11311916261911392,0.10999999940395355,0.10999999940395355,0.02,0.0010670401388779283,0.0010670401388779283,0,0,3,0,unchanged
1769,2022-09-01,AFG,4,3,0.80000000000000004,0.82288217544555664,0.81501370668411255,0.81999999284744263,0.81999999284744263,0.55000000000000004,0.43130847811698914,0.43130847811698914,0.43000000715255737,0.43000000715255737,0.20000000000000001,0.10893453657627106,0.10893453657627106,0.10999999940395355,0.10999999940395355,0,0.0010670401388779283,0.0010670401388779283,0,0,3,0,unchanged
1770,2022-07-01,PAK,3,3,0.60000000000000009,0.73945915699005127,0.74883157014846802,0.74000000953674316,0.75,0.29999999999999999,0.40561604499816895,0.40561604499816895,0.40999999642372131,0.40999999642372131,0.050000000000000003,0.088390834629535675,0.088390834629535675,0.090000003576278687,0.090000003576278687,0,0.0010670401388779283,0.0010670401388779283,0,0,3,0,unchanged
1771,2022-07-01,PAK,3,3,0.60000000000000009,0.75617069005966187,0.75288498401641846,0.75999999046325684,0.75,0.25,0.39915964007377625,0.40356025099754333,0.40000000596046448,0.40000000596046448,0.050000000000000003,0.077211357653141022,0.077211357653141022,0.079999998211860657,0.079999998211860657,0,0.0010670401388779283,0.0010670401388779283,0,0,3,0,unchanged
1772,2022-03-01,AFG,3,3,0.79999999999999993,0.70761573314666748,0.70982497930526733,0.70999997854232788,0.70999997854232788,0.5,0.31662937998771667,0.31662937998771667,0.31999999284744263,0.31999999284744263,0.14999999999999999,0.091670431196689606,0.091670431196689606,0.090000003576278687,0.090000003576278687,0,0.0010670401388779283,0.0010670401388779283,0,0,3,0,unchanged
1772,2022-07-01,AFG,3,3,0.65000000000000002,0.76582920551300049,0.77375072240829468,0.76999998092651367,0.76999998092651367,0.30000000000000004,0.35103878378868103,0.35103878378868103,0.34999999403953552,0.34999999403953552,0.10000000000000001,0.084933154284954071,0.084933154284954071,0.079999998211860657,0.079999998211860657,0,0.0010670401388779283,0.0010670401388779283,0,0,3,0,unchanged
1772,2022-09-01,AFG,3,3,0.79999999999999993,0.71380680799484253,0.71212083101272583,0.70999997854232788,0.70999997854232788,0.40000000000000002,0.38518661260604858,0.38518661260604858,0.38999998569488525,0.38999998569488525,0.10000000000000001,0.10021331161260605,0.10021331161260605,0.10000000149011612,0.10000000149011612,0,0.0010670401388779283,0.0010670401388779283,0,0,3,0,unchanged
1773,2022-03-01,AFG,4,3,0.80000000000000004,0.7159801721572876,0.70583337545394897,0.72000002861022949,0.70999997854232788,0.45000000000000001,0.30680415034294128,0.30680415034294128,0.31000000238418579,0.31000000238418579,0.20000000000000001,0.091670431196689606,0.091670431196689606,0.090000003576278687,0.090000003576278687,0,0.0010670401388779283,0.0010670401388779283,0,0,3,0,unchanged
1773,2022-07-01,AFG,3,3,0.65000000000000002,0.7574007511138916,0.75939971208572388,0.75999999046325684,0.75999999046325684,0.30000000000000004,0.33543235063552856,0.33737260103225708,0.34000000357627869,0.34000000357627869,0.10000000000000001,0.084933154284954071,0.084933154284954071,0.079999998211860657,0.079999998211860657,0,0.0010670401388779283,0.0010670401388779283,0,0,3,0,unchanged
1773,2022-09-01,AFG,3,3,0.75,0.71506595611572266,0.72121971845626831,0.72000002861022949,0.72000002861022949,0.34999999999999998,0.38170036673545837,0.38364061713218689,0.37999999523162842,0.37999999523162842,0.10000000000000001,0.10021331161260605,0.10021331161260605,0.10000000149011612,0.10000000149011612,0,0.0010670401388779283,0.0010670401388779283,0,0,3,0,unchanged
1774,2022-03-01,AFG,4,3,0.84999999999999987,0.76885920763015747,0.76003038883209229,0.76999998092651367,0.75999999046325684,0.5,0.34302356839179993,0.34302356839179993,0.34000000357627869,0.34000000357627869,0.20000000000000001,0.10715276747941971,0.11193060129880905,0.10999999940395355,0.10999999940395355,0,0.0010670401388779283,0.0010670401388779283,0,0,3,0,unchanged
1774,2022-09-01,AFG,3,3,0.69999999999999996,0.79849767684936523,0.80644387006759644,0.80000001192092896,0.81000000238418579,0.34999999999999998,0.39971685409545898,0.40411746501922607,0.40000000596046448,0.40000000596046448,0.10000000000000001,0.1023540198802948,0.1023540198802948,0.10000000149011612,0.10000000149011612,0,0.0010670401388779283,0.0010670401388779283,0,0,3,0,unchanged
1776,2022-03-01,AFG,4,3,0.85000000000000009,0.72548282146453857,0.72571641206741333,0.73000001907348633,0.73000001907348633,0.45000000000000001,0.31969639658927917,0.31969639658927917,0.31999999284744263,0.31999999284744263,0.20000000000000001,0.096259407699108124,0.096259407699108124,0.10000000149011612,0.10000000149011612,0,0.0010670401388779283,0.0010670401388779283,0,0,3,0,unchanged
1776,2022-09-01,AFG,3,3,0.70000000000000007,0.72781205177307129,0.73540174961090088,0.73000001907348633,0.74000000953674316,0.40000000000000002,0.3500378429889679,0.35443845391273499,0.34999999403953552,0.34999999403953552,0.14999999999999999,0.091460660099983215,0.091460660099983215,0.090000003576278687,0.090000003576278687,0,0.0010670401388779283,0.0010670401388779283,0,0,3,0,unchanged
1777,2022-03-01,AFG,4,3,0.85000000000000009,0.76445043087005615,0.76020115613937378,0.75999999046325684,0.75999999046325684,0.45000000000000001,0.34425386786460876,0.34425386786460876,0.34000000357627869,0.34000000357627869,0.20000000000000001,0.10712158679962158,0.10712158679962158,0.10999999940395355,0.10999999940395355,0,0.0010670401388779283,0.0010670401388779283,0,0,3,0,unchanged
1777,2022-09-01,AFG,3,3,0.79999999999999993,0.73202550411224365,0.75054293870925903,0.73000001907348633,0.75,0.44999999999999996,0.35264816880226135,0.35704877972602844,0.34999999403953552,0.36000001430511475,0.14999999999999999,0.10293696820735931,0.10293696820735931,0.10000000149011612,0.10000000149011612,0,0.0010670401388779283,0.0010670401388779283,0,0,3,0,unchanged
1778,2022-03-01,AFG,3,3,0.84999999999999998,0.73362118005752563,0.71722835302352905,0.73000001907348633,0.72000002861022949,0.44999999999999996,0.34050279855728149,0.34050279855728149,0.34000000357627869,0.34000000357627869,0.14999999999999999,0.098485752940177917,0.098485752940177917,0.10000000149011612,0.10000000149011612,0,0.0010670401388779283,0.0010670401388779283,0,0,3,0,unchanged
1779,2022-03-01,AFG,4,3,0.84999999999999987,0.75934618711471558,0.75840801000595093,0.75999999046325684,0.75999999046325684,0.55000000000000004,0.34697255492210388,0.35137316584587097,0.34999999403953552,0.34999999403953552,0.20000000000000001,0.11226362735033035,0.11226362735033035,0.10999999940395355,0.10999999940395355,0,0.0010670401388779283,0.0010670401388779283,0,0,3,0,unchanged
1781,2022-07-01,PAK,3,3,0.65000000000000002,0.75026822090148926,0.75498276948928833,0.75,0.75,0.30000000000000004,0.40826442837715149,0.40826442837715149,0.40999999642372131,0.40999999642372131,0.10000000000000001,0.071452312171459198,0.071452312171459198,0.070000000298023224,0.070000000298023224,0,0.0010670401388779283,0.0010670401388779283,0,0,3,0,unchanged
1782,2022-03-01,AFG,4,3,0.84999999999999987,0.7156682014465332,0.71607029438018799,0.72000002861022949,0.72000002861022949,0.55000000000000004,0.33058264851570129,0.31547859311103821,0.33000001311302185,0.31999999284744263,0.20000000000000001,0.091731123626232147,0.095070540904998779,0.090000003576278687,0.10000000149011612,0,0.0010670401388779283,0.0010670401388779283,0,0,3,0,unchanged
1782,2022-09-01,AFG,3,3,0.74999999999999989,0.7132079005241394,0.72167623043060303,0.70999997854232788,0.72000002861022949,0.40000000000000002,0.35415279865264893,0.35415279865264893,0.34999999403953552,0.34999999403953552,0.10000000000000001,0.094315730035305023,0.094315730035305023,0.090000003576278687,0.090000003576278687,0,0.0010670401388779283,0.0010670401388779283,0,0,3,0,unchanged
1783,2022-03-01,AFG,3,3,0.90000000000000002,0.72871303558349609,0.72973620891571045,0.73000001907348633,0.73000001907348633,0.5,0.33058264851570129,0.31547859311103821,0.33000001311302185,0.31999999284744263,0.14999999999999999,0.091731123626232147,0.095070540904998779,0.090000003576278687,0.10000000149011612,0,0.0010670401388779283,0.0010670401388779283,0,0,3,0,unchanged
1783,2022-09-01,AFG,3,3,0.79999999999999993,0.68140381574630737,0.69098258018493652,0.68000000715255737,0.68999999761581421,0.44999999999999996,0.35415279865264893,0.35415279865264893,0.34999999403953552,0.34999999403953552,0.14999999999999999,0.094315730035305023,0.094315730035305023,0.090000003576278687,0.090000003576278687,0,0.0010670401388779283,0.0010670401388779283,0,0,3,0,unchanged
1784,2022-07-01,PAK,3,3,0.75,0.75813162326812744,0.76163673400878906,0.75999999046325684,0.75999999046325684,0.40000000000000002,0.39989674091339111,0.39989674091339111,0.40000000596046448,0.40000000596046448,0.14999999999999999,0.071452312171459198,0.071452312171459198,0.070000000298023224,0.070000000298023224,0,0.0010670401388779283,0.0010670401388779283,0,0,3,0,unchanged
1785,2022-03-01,AFG,3,3,0.79999999999999993,0.72019726037979126,0.71638554334640503,0.72000002861022949,0.72000002861022949,0.5,0.33924922347068787,0.34118947386741638,0.34000000357627869,0.34000000357627869,0.14999999999999999,0.10423035174608231,0.10423035174608231,0.10000000149011612,0.10000000149011612,0,0.0010670401388779283,0.0010670401388779283,0,0,3,0,unchanged
1785,2022-07-01,AFG,3,3,0.65000000000000002,0.73778408765792847,0.73906135559082031,0.74000000953674316,0.74000000953674316,0.30000000000000004,0.3402436375617981,0.34464424848556519,0.34000000357627869,0.34000000357627869,0.10000000000000001,0.092798851430416107,0.092798851430416107,0.090000003576278687,0.090000003576278687,0,0.0010670401388779283,0.0010670401388779283,0,0,3,0,unchanged
1785,2022-09-01,AFG,3,3,0.75,0.72419047355651855,0.73075652122497559,0.72000002861022949,0.73000001907348633,0.44999999999999996,0.35884258151054382,0.35884258151054382,0.36000001430511475,0.36000001430511475,0.14999999999999999,0.11277323216199875,0.11277323216199875,0.10999999940395355,0.10999999940395355,0,0.0010670401388779283,0.0010670401388779283,0,0,3,0,unchanged
1786,2022-09-01,AFG,3,3,0.90000000000000002,0.7581939697265625,0.75414407253265381,0.75999999046325684,0.75,0.39999999999999997,0.36396348476409912,0.36396348476409912,0.36000001430511475,0.36000001430511475,0.050000000000000003,0.10421619564294815,0.10421619564294815,0.10000000149011612,0.10000000149011612,0,0.0010670401388779283,0.0010670401388779283,0,0,3,0,unchanged
1787,2022-07-01,PAK,3,3,0.59999999999999998,0.68897587060928345,0.69498401880264282,0.68999999761581421,0.68999999761581421,0.30000000000000004,0.35415366291999817,0.35855427384376526,0.34999999403953552,0.36000001430511475,0.10000000000000001,0.060564454644918442,0.060564454644918442,0.059999998658895493,0.059999998658895493,0,0.0010670401388779283,0.0010670401388779283,0,0,3,0,unchanged
1788,2022-07-01,PAK,2,3,0.65000000000000002,0.72604060173034668,0.72597825527191162,0.73000001907348633,0.73000001907348633,0.15000000000000002,0.35218527913093567,0.35218527913093567,0.34999999403953552,0.34999999403953552,0.050000000000000003,0.059964727610349655,0.059964727610349655,0.059999998658895493,0.059999998658895493,0,0.0010670401388779283,0.0010670401388779283,0,0,3,0,unchanged
1789,2022-09-01,AFG,3,3,0.75,0.7183072566986084,0.70999830961227417,0.72000002861022949,0.70999997854232788,0.40000000000000002,0.34417271614074707,0.34417271614074707,0.34000000357627869,0.34000000357627869,0.14999999999999999,0.096272967755794525,0.096272967755794525,0.10000000149011612,0.10000000149011612,0,0.0010670401388779283,0.0010670401388779283,0,0,3,0,unchanged
1791,2022-03-01,AFG,3,3,0.79999999999999993,0.74643898010253906,0.72942805290222168,0.75,0.73000001907348633,0.40000000000000002,0.32877823710441589,0.32877823710441589,0.33000001311302185,0.33000001311302185,0.10000000000000001,0.1201213002204895,0.1201213002204895,0.11999999731779099,0.11999999731779099,0,0.0010670401388779283,0.0010670401388779283,0,0,3,0,unchanged
1791,2022-09-01,AFG,3,3,0.65000000000000013,0.69511145353317261,0.70792025327682495,0.69999998807907104,0.70999997854232788,0.25,0.39426639676094055,0.39426639676094055,0.38999998569488525,0.38999998569488525,0.050000000000000003,0.10855332016944885,0.10855332016944885,0.10999999940395355,0.10999999940395355,0,0.0010670401388779283,0.0010670401388779283,0,0,3,0,unchanged
1792,2022-07-01,PAK,3,3,0.59999999999999998,0.71499031782150269,0.71585345268249512,0.70999997854232788,0.72000002861022949,0.30000000000000004,0.3391343355178833,0.34353494644165039,0.34000000357627869,0.34000000357627869,0.10000000000000001,0.060564454644918442,0.060564454644918442,0.059999998658895493,0.059999998658895493,0,0.0010670401388779283,0.0010670401388779283,0,0,3,0,unchanged
1793,2022-03-01,AFG,4,3,0.84999999999999987,0.70288640260696411,0.70650482177734375,0.69999998807907104,0.70999997854232788,0.5,0.27776011824607849,0.27776011824607849,0.2800000011920929,0.2800000011920929,0.20000000000000001,0.088546320796012878,0.088546320796012878,0.090000003576278687,0.090000003576278687,0,0.0010670401388779283,0.0010670401388779283,0,0,3,0,unchanged
1793,2022-09-01,AFG,3,3,0.80000000000000004,0.73230916261672974,0.73169362545013428,0.73000001907348633,0.73000001907348633,0.39999999999999997,0.32231864333152771,0.3267192542552948,0.31999999284744263,0.33000001311302185,0.050000000000000003,0.091130927205085754,0.091130927205085754,0.090000003576278687,0.090000003576278687,0,0.0010670401388779283,0.0010670401388779283,0,0,3,0,unchanged
1794,2022-07-01,PAK,2,3,0.5,0.68974542617797852,0.70039868354797363,0.68999999761581421,0.69999998807907104,0.14999999999999999,0.33003300428390503,0.33443361520767212,0.33000001311302185,0.33000001311302185,0,0.088047415018081665,0.088047415018081665,0.090000003576278687,0.090000003576278687,0,0.0010670401388779283,0.0010670401388779283,0,0,3,0,unchanged
1795,2022-03-01,AFG,3,3,0.75000000000000011,0.67477691173553467,0.66804486513137817,0.67000001668930054,0.67000001668930054,0.34999999999999998,0.31264683604240417,0.31264683604240417,0.31000000238418579,0.31000000238418579,0.14999999999999999,0.096162214875221252,0.096162214875221252,0.10000000149011612,0.10000000149011612,0,0.0010670401388779283,0.0010670401388779283,0,0,3,0,unchanged
1796,2022-03-01,AFG,3,3,0.80000000000000004,0.75691443681716919,0.7475016713142395,0.75999999046325684,0.75,0.40000000000000002,0.35292026400566101,0.35576912760734558,0.34999999403953552,0.36000001430511475,0.14999999999999999,0.098334133625030518,0.11378886550664902,0.10000000149011612,0.10999999940395355,0,0.0010670401388779283,0.0010670401388779283,0,0,3,0,unchanged
1797,2022-03-01,AFG,3,3,0.80000000000000004,0.75549763441085815,0.74644362926483154,0.75999999046325684,0.75,0.40000000000000002,0.35292026400566101,0.35576912760734558,0.34999999403953552,0.36000001430511475,0.14999999999999999,0.098334133625030518,0.11378886550664902,0.10000000149011612,0.10999999940395355,0,0.0010670401388779283,0.0010670401388779283,0,0,3,0,unchanged
1798,2022-03-01,AFG,3,3,0.84999999999999998,0.65953397750854492,0.65691059827804565,0.6600000262260437,0.6600000262260437,0.40000000000000002,0.29256072640419006,0.29256072640419006,0.28999999165534973,0.28999999165534973,0.10000000000000001,0.091731123626232147,0.091731123626232147,0.090000003576278687,0.090000003576278687,0,0.0010670401388779283,0.0010670401388779283,0,0,3,0,unchanged
1799,2022-03-01,AFG,3,3,0.90000000000000002,0.68831551074981689,0.6783832311630249,0.68999999761581421,0.68000000715255737,0.5,0.30843791365623474,0.30843791365623474,0.31000000238418579,0.31000000238418579,0.14999999999999999,0.088546320796012878,0.088546320796012878,0.090000003576278687,0.090000003576278687,0,0.0010670401388779283,0.0010670401388779283,0,0,3,0,unchanged
1799,2022-09-01,AFG,3,3,0.84999999999999998,0.72406411170959473,0.73036015033721924,0.72000002861022949,0.73000001907348633,0.44999999999999996,0.34048941731452942,0.34048941731452942,0.34000000357627869,0.34000000357627869,0.14999999999999999,0.08436170220375061,0.08436170220375061,0.079999998211860657,0.079999998211860657,0,0.0010670401388779283,0.0010670401388779283,0,0,3,0,unchanged
1800,2022-03-01,AFG,3,3,0.84999999999999998,0.65420091152191162,0.65236103534698486,0.64999997615814209,0.64999997615814209,0.40000000000000002,0.28210917115211487,0.278399258852005,0.2800000011920929,0.2800000011920929,0.10000000000000001,0.091731123626232147,0.095070540904998779,0.090000003576278687,0.10000000149011612,0,0.0010670401388779283,0.0010670401388779283,0,0,3,0,unchanged
1800,2022-09-01,AFG,3,3,0.79999999999999993,0.64899778366088867,0.6595618724822998,0.64999997615814209,0.6600000262260437,0.34999999999999998,0.29056099057197571,0.33628386259078979,0.28999999165534973,0.34000000357627869,0.10000000000000001,0.094315730035305023,0.094315730035305023,0.090000003576278687,0.090000003576278687,0,0.0010670401388779283,0.0010670401388779283,0,0,3,0,unchanged
1802,2022-03-01,AFG,3,3,0.79999999999999993,0.73334741592407227,0.72571974992752075,0.73000001907348633,0.73000001907348633,0.44999999999999996,0.34561493992805481,0.34190502762794495,0.34999999403953552,0.34000000357627869,0.14999999999999999,0.10151893645524979,0.11697366833686829,0.10000000149011612,0.11999999731779099,0,0.0010670401388779283,0.0010670401388779283,0,0,3,0,unchanged
1802,2022-09-01,AFG,3,3,0.70000000000000007,0.75101399421691895,0.75782960653305054,0.75,0.75999999046325684,0.29999999999999999,0.37004357576370239,0.37004357576370239,0.37000000476837158,0.37000000476837158,0.050000000000000003,0.1040702760219574,0.1040702760219574,0.10000000149011612,0.10000000149011612,0,0.0010670401388779283,0.0010670401388779283,0,0,3,0,unchanged
1803,2022-03-01,AFG,3,3,0.79999999999999993,0.73309618234634399,0.7255866527557373,0.73000001907348633,0.73000001907348633,0.44999999999999996,0.34561493992805481,0.34190502762794495,0.34999999403953552,0.34000000357627869,0.14999999999999999,0.10151893645524979,0.11697366833686829,0.10000000149011612,0.11999999731779099,0,0.0010670401388779283,0.0010670401388779283,0,0,3,0,unchanged
1803,2022-09-01,AFG,3,3,0.70000000000000007,0.74820184707641602,0.75822091102600098,0.75,0.75999999046325684,0.29999999999999999,0.35209354758262634,0.37004357576370239,0.34999999403953552,0.37000000476837158,0.050000000000000003,0.1040702760219574,0.1040702760219574,0.10000000149011612,0.10000000149011612,0,0.0010670401388779283,0.0010670401388779283,0,0,3,0,unchanged
1804,2022-03-01,AFG,3,3,0.75000000000000011,0.68134582042694092,0.66112875938415527,0.68000000715255737,0.6600000262260437,0.34999999999999998,0.2952302098274231,0.2952302098274231,0.30000001192092896,0.30000001192092896,0.14999999999999999,0.093688361346721649,0.093688361346721649,0.090000003576278687,0.090000003576278687,0,0.0010670401388779283,0.0010670401388779283,0,0,3,0,unchanged
1804,2022-07-01,AFG,3,3,0.74999999999999989,0.63112741708755493,0.63443988561630249,0.62999999523162842,0.62999999523162842,0.40000000000000002,0.23317572474479675,0.22690300643444061,0.23000000417232513,0.23000000417232513,0.10000000000000001,0.080992810428142548,0.080992810428142548,0.079999998211860657,0.079999998211860657,0,0.0010670401388779283,0.0010670401388779283,0,0,3,0,unchanged
1804,2022-09-01,AFG,3,3,0.75,0.68777018785476685,0.69771254062652588,0.68999999761581421,0.69999998807907104,0.34999999999999998,0.30506673455238342,0.28770279884338379,0.31000000238418579,0.28999999165534973,0.050000000000000003,0.096272967755794525,0.096272967755794525,0.10000000149011612,0.10000000149011612,0,0.0010670401388779283,0.0010670401388779283,0,0,3,0,unchanged
1806,2022-03-01,AFG,3,3,0.84999999999999998,0.67400294542312622,0.67767965793609619,0.67000001668930054,0.68000000715255737,0.40000000000000002,0.29678705334663391,0.29678705334663391,0.30000001192092896,0.30000001192092896,0.14999999999999999,0.093688361346721649,0.093688361346721649,0.090000003576278687,0.090000003576278687,0,0.0010670401388779283,0.0010670401388779283,0,0,3,0,unchanged
1806,2022-09-01,AFG,3,3,0.75,0.64843833446502686,0.64810061454772949,0.64999997615814209,0.64999997615814209,0.34999999999999998,0.2880987823009491,0.2880987823009491,0.28999999165534973,0.28999999165534973,0.10000000000000001,0.096272967755794525,0.096272967755794525,0.10000000149011612,0.10000000149011612,0,0.0010670401388779283,0.0010670401388779283,0,0,3,0,unchanged
1808,2022-07-01,PAK,3,3,0.69999999999999996,0.72335147857666016,0.72937309741973877,0.72000002861022949,0.73000001907348633,0.40000000000000002,0.36378321051597595,0.36378321051597595,0.36000001430511475,0.36000001430511475,0.10000000000000001,0.062195491045713425,0.062195491045713425,0.059999998658895493,0.059999998658895493,0,0.0010670401388779283,0.0010670401388779283,0,0,3,0,unchanged
1809,2022-07-01,PAK,3,3,0.60000000000000009,0.6845320463180542,0.68801409006118774,0.68000000715255737,0.68999999761581421,0.29999999999999999,0.34420010447502136,0.34860071539878845,0.34000000357627869,0.34999999403953552,0.050000000000000003,0.073404543101787567,0.073404543101787567,0.070000000298023224,0.070000000298023224,0,0.0010670401388779283,0.0010670401388779283,0,0,3,0,unchanged
1810,2022-03-01,AFG,3,3,0.84999999999999998,0.68371778726577759,0.67834752798080444,0.68000000715255737,0.68000000715255737,0.40000000000000002,0.27746286988258362,0.27746286988258362,0.2800000011920929,0.2800000011920929,0.14999999999999999,0.088546320796012878,0.088546320796012878,0.090000003576278687,0.090000003576278687,0,0.0010670401388779283,0.0010670401388779283,0,0,3,0,unchanged
1810,2022-09-01,AFG,3,3,0.75,0.67052620649337769,0.66725164651870728,0.67000001668930054,0.67000001668930054,0.34999999999999998,0.29224589467048645,0.29224589467048645,0.28999999165534973,0.28999999165534973,0.10000000000000001,0.091130927205085754,0.091130927205085754,0.090000003576278687,0.090000003576278687,0,0.0010670401388779283,0.0010670401388779283,0,0,3,0,unchanged
1811,2022-03-01,AFG,3,3,0.79999999999999993,0.74001824855804443,0.73822492361068726,0.74000000953674316,0.74000000953674316,0.5,0.26699593663215637,0.26699593663215637,0.27000001072883606,0.27000001072883606,0.14999999999999999,0.088546320796012878,0.088546320796012878,0.090000003576278687,0.090000003576278687,0,0.0010670401388779283,0.0010670401388779283,0,0,3,0,unchanged
1811,2022-07-01,AFG,3,3,0.74999999999999989,0.61241710186004639,0.60409653186798096,0.61000001430511475,0.60000002384185791,0.40000000000000002,0.22545906901359558,0.22545906901359558,0.23000000417232513,0.23000000417232513,0.10000000000000001,0.075850769877433777,0.075850769877433777,0.079999998211860657,0.079999998211860657,0,0.0010670401388779283,0.0010670401388779283,0,0,3,0,unchanged
1811,2022-09-01,AFG,3,3,0.74999999999999989,0.72291272878646851,0.70576059818267822,0.72000002861022949,0.70999997854232788,0.44999999999999996,0.27882423996925354,0.27882423996925354,0.2800000011920929,0.2800000011920929,0.10000000000000001,0.091130927205085754,0.091130927205085754,0.090000003576278687,0.090000003576278687,0,0.0010670401388779283,0.0010670401388779283,0,0,3,0,unchanged
1813,2022-03-01,AFG,3,3,0.69999999999999996,0.7063940167427063,0.68501466512680054,0.70999997854232788,0.68999999761581421,0.40000000000000002,0.26185193657875061,0.26185193657875061,0.25999999046325684,0.25999999046325684,0.10000000000000001,0.088546320796012878,0.088546320796012878,0.090000003576278687,0.090000003576278687,0,0.0010670401388779283,0.0010670401388779283,0,0,3,0,unchanged
1813,2022-07-01,AFG,3,3,0.74999999999999989,0.66202330589294434,0.66205763816833496,0.6600000262260437,0.6600000262260437,0.40000000000000002,0.22122581303119659,0.22122581303119659,0.2199999988079071,0.2199999988079071,0.10000000000000001,0.075850769877433777,0.075850769877433777,0.079999998211860657,0.079999998211860657,0,0.0010670401388779283,0.0010670401388779283,0,0,3,0,unchanged
1813,2022-09-01,AFG,3,3,0.84999999999999998,0.68656814098358154,0.68658292293548584,0.68999999761581421,0.68999999761581421,0.44999999999999996,0.2842404842376709,0.26687654852867126,0.2800000011920929,0.27000001072883606,0.10000000000000001,0.08436170220375061,0.08436170220375061,0.079999998211860657,0.079999998211860657,0,0.0010670401388779283,0.0010670401388779283,0,0,3,0,unchanged
1814,2022-07-01,PAK,3,3,0.60000000000000009,0.67599594593048096,0.67776602506637573,0.68000000715255737,0.68000000715255737,0.29999999999999999,0.31742385029792786,0.32182446122169495,0.31999999284744263,0.31999999284744263,0.050000000000000003,0.088047415018081665,0.088047415018081665,0.090000003576278687,0.090000003576278687,0,0.0010670401388779283,0.0010670401388779283,0,0,3,0,unchanged
1815,2022-03-01,AFG,3,3,0.84999999999999998,0.5999489426612854,0.59381461143493652,0.60000002384185791,0.5899999737739563,0.40000000000000002,0.27183279395103455,0.27183279395103455,0.27000001072883606,0.27000001072883606,0.14999999999999999,0.10069049894809723,0.10069049894809723,0.10000000149011612,0.10000000149011612,0,0.0010670401388779283,0.0010670401388779283,0,0,3,0,unchanged
1817,2022-03-01,AFG,3,3,0.79999999999999993,0.66705352067947388,0.64532434940338135,0.67000001668930054,0.64999997615814209,0.5,0.25532424449920654,0.25532424449920654,0.25999999046325684,0.25999999046325684,0.14999999999999999,0.093343712389469147,0.093343712389469147,0.090000003576278687,0.090000003576278687,0,0.0010670401388779283,0.0010670401388779283,0,0,3,0,unchanged
1817,2022-07-01,AFG,3,3,0.74999999999999989,0.66539096832275391,0.66472482681274414,0.67000001668930054,0.6600000262260437,0.40000000000000002,0.28028133511543274,0.31119513511657715,0.2800000011920929,0.31000000238418579,0.10000000000000001,0.084858506917953491,0.084858506917953491,0.079999998211860657,0.079999998211860657,0,0.0010670401388779283,0.0010670401388779283,0,0,3,0,unchanged
1817,2022-09-01,AFG,3,3,0.79999999999999993,0.68844097852706909,0.6858372688293457,0.68999999761581421,0.68999999761581421,0.40000000000000002,0.28923937678337097,0.28923937678337097,0.28999999165534973,0.28999999165534973,0.10000000000000001,0.088275857269763947,0.088275857269763947,0.090000003576278687,0.090000003576278687,0,0.0010670401388779283,0.0010670401388779283,0,0,3,0,unchanged
1818,2022-03-01,AFG,3,3,0.79999999999999993,0.65059608221054077,0.63468801975250244,0.64999997615814209,0.62999999523162842,0.34999999999999998,0.27815964818000793,0.27815964818000793,0.2800000011920929,0.2800000011920929,0.10000000000000001,0.097419083118438721,0.097419083118438721,0.10000000149011612,0.10000000149011612,0,0.0010670401388779283,0.0010670401388779283,0,0,3,0,unchanged
1818,2022-07-01,AFG,3,3,0.74999999999999989,0.6996656060218811,0.69492423534393311,0.69999998807907104,0.68999999761581421,0.40000000000000002,0.31091594696044922,0.31091594696044922,0.31000000238418579,0.31000000238418579,0.10000000000000001,0.089202985167503357,0.089202985167503357,0.090000003576278687,0.090000003576278687,0,0.0010670401388779283,0.0010670401388779283,0,0,3,0,unchanged
1818,2022-09-01,AFG,3,3,0.79999999999999993,0.68213760852813721,0.68142551183700562,0.68000000715255737,0.68000000715255737,0.40000000000000002,0.32555970549583435,0.32555970549583435,0.33000001311302185,0.33000001311302185,0.10000000000000001,0.085851110517978668,0.085851110517978668,0.090000003576278687,0.090000003576278687,0,0.0010670401388779283,0.0010670401388779283,0,0,3,0,unchanged
1819,2022-03-01,AFG,4,3,0.89999999999999991,0.63336575031280518,0.63282692432403564,0.62999999523162842,0.62999999523162842,0.55000000000000004,0.27760401368141174,0.29318135976791382,0.2800000011920929,0.28999999165534973,0.20000000000000001,0.11219484359025955,0.11219484359025955,0.10999999940395355,0.10999999940395355,0,0.0010670401388779283,0.0010670401388779283,0,0,3,0,unchanged
1819,2022-09-01,AFG,3,3,0.79999999999999993,0.74459868669509888,0.7458193302154541,0.74000000953674316,0.75,0.40000000000000002,0.39881721138954163,0.41154569387435913,0.40000000596046448,0.40999999642372131,0.10000000000000001,0.11562324315309525,0.11562324315309525,0.11999999731779099,0.11999999731779099,0,0.0010670401388779283,0.0010670401388779283,0,0,3,0,unchanged
1820,2022-03-01,AFG,4,3,0.89999999999999991,0.74063676595687866,0.72029167413711548,0.74000000953674316,0.72000002861022949,0.55000000000000004,0.35958477854728699,0.35958477854728699,0.36000001430511475,0.36000001430511475,0.20000000000000001,0.13148657977581024,0.13148657977581024,0.12999999523162842,0.12999999523162842,0,0.0010670401388779283,0.0010670401388779283,0,0,3,0,unchanged
1820,2022-09-01,AFG,3,3,0.79999999999999993,0.75777971744537354,0.75965511798858643,0.75999999046325684,0.75999999046325684,0.40000000000000002,0.39164334535598755,0.3880363404750824,0.38999998569488525,0.38999998569488525,0.10000000000000001,0.094758957624435425,0.12665458023548126,0.090000003576278687,0.12999999523162842,0,0.0010670401388779283,0.0010670401388779283,0,0,3,0,unchanged
1821,2022-03-01,AFG,4,3,0.89999999999999991,0.72438466548919678,0.69064748287200928,0.72000002861022949,0.68999999761581421,0.55000000000000004,0.36817118525505066,0.36552226543426514,0.37000000476837158,0.37000000476837158,0.20000000000000001,0.11284976452589035,0.12579360604286194,0.10999999940395355,0.12999999523162842,0,0.0010670401388779283,0.0010670401388779283,0,0,3,0,unchanged
1821,2022-09-01,AFG,3,3,0.79999999999999993,0.73510819673538208,0.72038698196411133,0.74000000953674316,0.72000002861022949,0.40000000000000002,0.40149936079978943,0.40149936079978943,0.40000000596046448,0.40000000596046448,0.10000000000000001,0.10801775753498077,0.10801775753498077,0.10999999940395355,0.10999999940395355,0,0.0010670401388779283,0.0010670401388779283,0,0,3,0,unchanged
1822,2022-03-01,AFG,3,3,0.79999999999999993,0.65863001346588135,0.63496524095535278,0.6600000262260437,0.62999999523162842,0.44999999999999996,0.24729108810424805,0.24729108810424805,0.25,0.25,0.14999999999999999,0.090697579085826874,0.090697579085826874,0.090000003576278687,0.090000003576278687,0,0.0010670401388779283,0.0010670401388779283,0,0,3,0,unchanged
1822,2022-07-01,AFG,3,3,0.74999999999999989,0.66533523797988892,0.66428518295288086,0.67000001668930054,0.6600000262260437,0.40000000000000002,0.27443069219589233,0.27006301283836365,0.27000001072883606,0.27000001072883606,0.10000000000000001,0.084858506917953491,0.084858506917953491,0.079999998211860657,0.079999998211860657,0,0.0010670401388779283,0.0010670401388779283,0,0,3,0,unchanged
1822,2022-09-01,AFG,3,3,0.75,0.64731627702713013,0.63085663318634033,0.64999997615814209,0.62999999523162842,0.34999999999999998,0.27667132019996643,0.27230364084243774,0.2800000011920929,0.27000001072883606,0.050000000000000003,0.088275857269763947,0.088275857269763947,0.090000003576278687,0.090000003576278687,0,0.0010670401388779283,0.0010670401388779283,0,0,3,0,unchanged
1824,2022-03-01,AFG,3,3,0.69999999999999996,0.70296269655227661,0.67862588167190552,0.69999998807907104,0.68000000715255737,0.34999999999999998,0.29374015331268311,0.30242043733596802,0.28999999165534973,0.30000001192092896,0.10000000000000001,0.11121965199708939,0.11121965199708939,0.10999999940395355,0.10999999940395355,0,0.0010670401388779283,0.0010670401388779283,0,0,3,0,unchanged
1824,2022-09-01,AFG,3,3,0.75,0.72720187902450562,0.72727042436599731,0.73000001907348633,0.73000001907348633,0.34999999999999998,0.34107297658920288,0.34975326061248779,0.34000000357627869,0.34999999403953552,0.10000000000000001,0.10638763755559921,0.10638763755559921,0.10999999940395355,0.10999999940395355,0,0.0010670401388779283,0.0010670401388779283,0,0,3,0,unchanged
1825,2022-09-01,AFG,3,3,0.75,0.64645445346832275,0.64049279689788818,0.64999997615814209,0.63999998569488525,0.34999999999999998,0.32123994827270508,0.33496245741844177,0.31999999284744263,0.33000001311302185,0.10000000000000001,0.093417897820472717,0.093417897820472717,0.090000003576278687,0.090000003576278687,0,0.0010670401388779283,0.0010670401388779283,0,0,3,0,unchanged
1826,2022-03-01,PAK,3,3,0.90000000000000002,0.59509682655334473,0.60459220409393311,0.60000002384185791,0.60000002384185791,0.5,0.41401785612106323,0.41597509384155273,0.40999999642372131,0.41999998688697815,0.14999999999999999,0.089390307664871216,0.089390307664871216,0.090000003576278687,0.090000003576278687,0,0.0010670401388779283,0.0010670401388779283,0,0,3,0,unchanged
1826,2022-07-01,PAK,3,3,0.60000000000000009,0.67329007387161255,0.67329007387161255,0.67000001668930054,0.67000001668930054,0.29999999999999999,0.30759057402610779,0.31587520241737366,0.31000000238418579,0.31999999284744263,0.050000000000000003,0.082647621631622314,0.082647621631622314,0.079999998211860657,0.079999998211860657,0,0.0010670401388779283,0.0010670401388779283,0,0,3,0,unchanged
1826,2022-09-01,PAK,3,3,0.84999999999999998,0.69456249475479126,0.69456249475479126,0.68999999761581421,0.68999999761581421,0.44999999999999996,0.34956452250480652,0.34956452250480652,0.34999999403953552,0.34999999403953552,0.14999999999999999,0.1001783087849617,0.1001783087849617,0.10000000149011612,0.10000000149011612,0,0.0010670401388779283,0.0010670401388779283,0,0,3,0,unchanged
1827,2022-03-01,PAK,3,3,0.90000000000000002,0.59720295667648315,0.60633379220962524,0.60000002384185791,0.61000001430511475,0.5,0.41610834002494812,0.41806557774543762,0.41999998688697815,0.41999998688697815,0.14999999999999999,0.089390307664871216,0.089390307664871216,0.090000003576278687,0.090000003576278687,0,0.0010670401388779283,0.0010670401388779283,0,0,3,0,unchanged
1827,2022-07-01,PAK,3,3,0.60000000000000009,0.68782848119735718,0.68746393918991089,0.68999999761581421,0.68999999761581421,0.29999999999999999,0.30968105792999268,0.31796568632125854,0.31000000238418579,0.31999999284744263,0.050000000000000003,0.082647621631622314,0.082647621631622314,0.079999998211860657,0.079999998211860657,0,0.0010670401388779283,0.0010670401388779283,0,0,3,0,unchanged
1827,2022-09-01,PAK,3,3,0.84999999999999998,0.72657805681228638,0.72621351480484009,0.73000001907348633,0.73000001907348633,0.44999999999999996,0.36685037612915039,0.36685037612915039,0.37000000476837158,0.37000000476837158,0.14999999999999999,0.1001783087849617,0.1001783087849617,0.10000000149011612,0.10000000149011612,0,0.0010670401388779283,0.0010670401388779283,0,0,3,0,unchanged
1829,2022-03-01,AFG,3,3,0.79999999999999993,0.64919954538345337,0.63972842693328857,0.64999997615814209,0.63999998569488525,0.5,0.25890868902206421,0.26175755262374878,0.25999999046325684,0.25999999046325684,0.14999999999999999,0.093343712389469147,0.093343712389469147,0.090000003576278687,0.090000003576278687,0,0.0010670401388779283,0.0010670401388779283,0,0,3,0,unchanged
1829,2022-09-01,AFG,3,3,0.75,0.66866236925125122,0.6673053503036499,0.67000001668930054,0.67000001668930054,0.34999999999999998,0.29282382130622864,0.30396419763565063,0.28999999165534973,0.30000001192092896,0.10000000000000001,0.088275857269763947,0.088275857269763947,0.090000003576278687,0.090000003576278687,0,0.0010670401388779283,0.0010670401388779283,0,0,3,0,unchanged
1830,2022-03-01,AFG,3,3,0.69999999999999996,0.72298270463943481,0.69018477201461792,0.72000002861022949,0.68999999761581421,0.34999999999999998,0.33376947045326233,0.33376947045326233,0.33000001311302185,0.33000001311302185,0.10000000000000001,0.11882513761520386,0.11882513761520386,0.11999999731779099,0.11999999731779099,0,0.0010670401388779283,0.0010670401388779283,0,0,3,0,unchanged
1830,2022-07-01,AFG,3,3,0.65000000000000002,0.64673137664794922,0.63802921772003174,0.64999997615814209,0.63999998569488525,0.25,0.26460665464401245,0.26460665464401245,0.25999999046325684,0.25999999046325684,0.10000000000000001,0.092474400997161865,0.092474400997161865,0.090000003576278687,0.090000003576278687,0,0.0010670401388779283,0.0010670401388779283,0,0,3,0,unchanged
1830,2022-09-01,AFG,3,3,0.75,0.77400034666061401,0.77290230989456177,0.76999998092651367,0.76999998092651367,0.34999999999999998,0.36043620109558105,0.36911648511886597,0.36000001430511475,0.37000000476837158,0.10000000000000001,0.10924855619668961,0.11399312317371368,0.10999999940395355,0.10999999940395355,0,0.0010670401388779283,0.0010670401388779283,0,0,3,0,unchanged
1831,2022-03-01,AFG,3,3,0.79999999999999993,0.67542493343353271,0.65017342567443848,0.68000000715255737,0.64999997615814209,0.40000000000000002,0.25132668018341064,0.26405519247055054,0.25,0.25999999046325684,0.10000000000000001,0.095520779490470886,0.095520779490470886,0.10000000149011612,0.10000000149011612,0,0.0010670401388779283,0.0010670401388779283,0,0,3,0,unchanged
1831,2022-07-01,AFG,3,3,0.65000000000000013,0.68268746137619019,0.6852988600730896,0.68000000715255737,0.68999999761581421,0.25,0.24223810434341431,0.28588038682937622,0.23999999463558197,0.28999999165534973,0.050000000000000003,0.087304681539535522,0.087304681539535522,0.090000003576278687,0.090000003576278687,0,0.0010670401388779283,0.0010670401388779283,0,0,3,0,unchanged
1831,2022-09-01,AFG,3,3,0.75,0.63972616195678711,0.64046210050582886,0.63999998569488525,0.63999998569488525,0.25,0.28125503659248352,0.28125503659248352,0.2800000011920929,0.2800000011920929,0.050000000000000003,0.083952806890010834,0.083952806890010834,0.079999998211860657,0.079999998211860657,0,0.0010670401388779283,0.0010670401388779283,0,0,3,0,unchanged
1832,2022-03-01,AFG,4,3,0.89999999999999991,0.73639023303985596,0.70617461204528809,0.74000000953674316,0.70999997854232788,0.55000000000000004,0.32269221544265747,0.33137249946594238,0.31999999284744263,0.33000001311302185,0.20000000000000001,0.11666978895664215,0.11666978895664215,0.11999999731779099,0.11999999731779099,0,0.0010670401388779283,0.0010670401388779283,0,0,3,0,unchanged
1832,2022-09-01,AFG,3,3,0.79999999999999993,0.80469954013824463,0.80028897523880005,0.80000001192092896,0.80000001192092896,0.40000000000000002,0.37785747647285461,0.37785747647285461,0.37999999523162842,0.37999999523162842,0.10000000000000001,0.10710901021957397,0.11183777451515198,0.10999999940395355,0.10999999940395355,0,0.0010670401388779283,0.0010670401388779283,0,0,3,0,unchanged
1835,2022-03-01,PAK,3,3,0.79999999999999993,0.66500121355056763,0.66000741720199585,0.67000001668930054,0.6600000262260437,0.40000000000000002,0.35736915469169617,0.35736915469169617,0.36000001430511475,0.36000001430511475,0.10000000000000001,0.088711835443973541,0.088711835443973541,0.090000003576278687,0.090000003576278687,0,0.0010670401388779283,0.0010670401388779283,0,0,3,0,unchanged
1835,2022-07-01,PAK,3,3,0.65000000000000013,0.75430077314376831,0.77138155698776245,0.75,0.76999998092651367,0.25,0.40800747275352478,0.40800747275352478,0.40999999642372131,0.40999999642372131,0.050000000000000003,0.086485639214515686,0.086485639214515686,0.090000003576278687,0.090000003576278687,0,0.0010670401388779283,0.0010670401388779283,0,0,3,0,unchanged
1835,2022-09-01,PAK,3,3,0.75,0.73425787687301636,0.73425787687301636,0.73000001907348633,0.73000001907348633,0.25,0.38444638252258301,0.38444638252258301,0.37999999523162842,0.37999999523162842,0.050000000000000003,0.09215351939201355,0.09215351939201355,0.090000003576278687,0.090000003576278687,0,0.0010670401388779283,0.0010670401388779283,0,0,3,0,unchanged
1836,2022-03-01,PAK,3,3,0.79999999999999993,0.64500802755355835,0.63861370086669922,0.64999997615814209,0.63999998569488525,0.40000000000000002,0.32475724816322327,0.32475724816322327,0.31999999284744263,0.31999999284744263,0.10000000000000001,0.088711835443973541,0.088711835443973541,0.090000003576278687,0.090000003576278687,0,0.0010670401388779283,0.0010670401388779283,0,0,3,0,unchanged
1836,2022-07-01,PAK,3,3,0.65000000000000013,0.72415542602539062,0.74123620986938477,0.72000002861022949,0.74000000953674316,0.25,0.3857744038105011,0.3857744038105011,0.38999998569488525,0.38999998569488525,0.050000000000000003,0.086485639214515686,0.086485639214515686,0.090000003576278687,0.090000003576278687,0,0.0010670401388779283,0.0010670401388779283,0,0,3,0,unchanged
1836,2022-09-01,PAK,3,3,0.75,0.70332854986190796,0.70332854986190796,0.69999998807907104,0.69999998807907104,0.25,0.35183447599411011,0.35183447599411011,0.34999999403953552,0.34999999403953552,0.050000000000000003,0.09215351939201355,0.09215351939201355,0.090000003576278687,0.090000003576278687,0,0.0010670401388779283,0.0010670401388779283,0,0,3,0,unchanged
1838,2022-03-01,AFG,3,3,0.79999999999999993,0.70712894201278687,0.66855919361114502,0.70999997854232788,0.67000001668930054,0.5,0.306174635887146,0.306174635887146,0.31000000238418579,0.31000000238418579,0.14999999999999999,0.10863372683525085,0.10863372683525085,0.10999999940395355,0.10999999940395355,0,0.0010670401388779283,0.0010670401388779283,0,0,3,0,unchanged
1838,2022-09-01,AFG,3,3,0.75,0.7018473744392395,0.69941365718841553,0.69999998807907104,0.69999998807907104,0.34999999999999998,0.34320873022079468,0.34320873022079468,0.34000000357627869,0.34000000357627869,0.10000000000000001,0.10383497923612595,0.10383497923612595,0.10000000149011612,0.10000000149011612,0,0.0010670401388779283,0.0010670401388779283,0,0,3,0,unchanged
1839,2022-07-01,AFG,3,3,0.74999999999999989,0.65160495042800903,0.65119826793670654,0.64999997615814209,0.64999997615814209,0.40000000000000002,0.31679537892341614,0.31964424252510071,0.31999999284744263,0.31999999284744263,0.10000000000000001,0.084858506917953491,0.085687033832073212,0.079999998211860657,0.090000003576278687,0,0.0010670401388779283,0.0010670401388779283,0,0,3,0,unchanged
1841,2022-07-01,AFG,3,3,0.65000000000000013,0.64908742904663086,0.6537327766418457,0.64999997615814209,0.64999997615814209,0.25,0.31254532933235168,0.31539419293403625,0.31000000238418579,0.31999999284744263,0.050000000000000003,0.089563138782978058,0.087917812168598175,0.090000003576278687,0.090000003576278687,0,0.0010670401388779283,0.0010670401388779283,0,0,3,0,unchanged
1843,2022-07-01,AFG,3,3,0.65000000000000013,0.6519087553024292,0.66026574373245239,0.64999997615814209,0.6600000262260437,0.25,0.30542507767677307,0.30827394127845764,0.31000000238418579,0.31000000238418579,0.050000000000000003,0.087089285254478455,0.087917812168598175,0.090000003576278687,0.090000003576278687,0,0.0010670401388779283,0.0010670401388779283,0,0,3,0,unchanged
1844,2022-03-01,AFG,3,3,0.79999999999999993,0.66357249021530151,0.63515686988830566,0.6600000262260437,0.63999998569488525,0.44999999999999996,0.31903770565986633,0.31903770565986633,0.31999999284744263,0.31999999284744263,0.14999999999999999,0.094913028180599213,0.095741555094718933,0.090000003576278687,0.10000000149011612,0,0.0010670401388779283,0.0010670401388779283,0,0,3,0,unchanged
1844,2022-07-01,AFG,3,3,0.74999999999999989,0.65376883745193481,0.65407705307006836,0.64999997615814209,0.64999997615814209,0.40000000000000002,0.32891631126403809,0.33176517486572266,0.33000001311302185,0.33000001311302185,0.10000000000000001,0.086696930229663849,0.087525457143783569,0.090000003576278687,0.090000003576278687,0,0.0010670401388779283,0.0010670401388779283,0,0,3,0,unchanged
1844,2022-09-01,AFG,3,3,0.79999999999999993,0.69178289175033569,0.70190346240997314,0.68999999761581421,0.69999998807907104,0.44999999999999996,0.35578972101211548,0.37242218852043152,0.36000001430511475,0.37000000476837158,0.10000000000000001,0.090114280581474304,0.090114280581474304,0.090000003576278687,0.090000003576278687,0,0.0010670401388779283,0.0010670401388779283,0,0,3,0,unchanged
1845,2022-09-01,PAK,3,3,0.75,0.75743228197097778,0.75748497247695923,0.75999999046325684,0.75999999046325684,0.25,0.40855664014816284,0.40855664014816284,0.40999999642372131,0.40999999642372131,0.050000000000000003,0.095909804105758667,0.095909804105758667,0.10000000149011612,0.10000000149011612,0,0.0010670401388779283,0.0010670401388779283,0,0,3,0,unchanged
1846,2022-09-01,PAK,3,3,0.75,0.75743228197097778,0.75748497247695923,0.75999999046325684,0.75999999046325684,0.25,0.40855664014816284,0.40855664014816284,0.40999999642372131,0.40999999642372131,0.050000000000000003,0.095909804105758667,0.095909804105758667,0.10000000149011612,0.10000000149011612,0,0.0010670401388779283,0.0010670401388779283,0,0,3,0,unchanged
1848,2022-03-01,AFG,3,3,0.79999999999999993,0.73230963945388794,0.69199264049530029,0.73000001907348633,0.68999999761581421,0.5,0.36053144931793213,0.3572230339050293,0.36000001430511475,0.36000001430511475,0.14999999999999999,0.12103163450956345,0.12103163450956345,0.11999999731779099,0.11999999731779099,0,0.0010670401388779283,0.0010670401388779283,0,0,3,0,unchanged
1848,2022-09-01,AFG,3,3,0.75,0.71719735860824585,0.71268081665039062,0.72000002861022949,0.70999997854232788,0.34999999999999998,0.3827301561832428,0.37942174077033997,0.37999999523162842,0.37999999523162842,0.10000000000000001,0.11623289436101913,0.11623289436101913,0.11999999731779099,0.11999999731779099,0,0.0010670401388779283,0.0010670401388779283,0,0,3,0,unchanged
1849,2022-03-01,AFG,4,3,0.80000000000000004,0.63449311256408691,0.63813674449920654,0.62999999523162842,0.63999998569488525,0.40000000000000002,0.30994635820388794,0.30994635820388794,0.31000000238418579,0.31000000238418579,0.20000000000000001,0.10072825849056244,0.11008764803409576,0.10000000149011612,0.10999999940395355,0,0.0010670401388779283,0.0010670401388779283,0,0,3,0,unchanged
1849,2022-07-01,AFG,3,3,0.65000000000000013,0.62524724006652832,0.62488836050033569,0.62999999523162842,0.62000000476837158,0.25,0.31335914134979248,0.31620800495147705,0.31000000238418579,0.31999999284744263,0.050000000000000003,0.090281382203102112,0.087525457143783569,0.090000003576278687,0.090000003576278687,0,0.0010670401388779283,0.0010670401388779283,0,0,3,0,unchanged
1849,2022-09-01,AFG,3,3,0.75,0.71152794361114502,0.7449493408203125,0.70999997854232788,0.74000000953674316,0.44999999999999996,0.34309753775596619,0.35973000526428223,0.34000000357627869,0.36000001430511475,0.14999999999999999,0.092345058917999268,0.092345058917999268,0.090000003576278687,0.090000003576278687,0,0.0010670401388779283,0.0010670401388779283,0,0,3,0,unchanged
1850,2022-03-01,AFG,3,3,0.79999999999999993,0.66370904445648193,0.65877646207809448,0.6600000262260437,0.6600000262260437,0.44999999999999996,0.32455936074256897,0.32455936074256897,0.31999999284744263,0.31999999284744263,0.14999999999999999,0.10518757253885269,0.10243164747953415,0.10999999940395355,0.10000000149011612,0,0.0010670401388779283,0.0010670401388779283,0,0,3,0,unchanged
1850,2022-07-01,AFG,3,3,0.74999999999999989,0.65941590070724487,0.65846818685531616,0.6600000262260437,0.6600000262260437,0.40000000000000002,0.33803880214691162,0.34088766574859619,0.34000000357627869,0.34000000357627869,0.10000000000000001,0.096971474587917328,0.094215549528598785,0.10000000149011612,0.090000003576278687,0,0.0010670401388779283,0.0010670401388779283,0,0,3,0,unchanged
1850,2022-09-01,AFG,3,3,0.79999999999999993,0.70292627811431885,0.73259955644607544,0.69999998807907104,0.73000001907348633,0.44999999999999996,0.36491221189498901,0.38154467940330505,0.36000001430511475,0.37999999523162842,0.10000000000000001,0.09680437296628952,0.09680437296628952,0.10000000149011612,0.10000000149011612,0,0.0010670401388779283,0.0010670401388779283,0,0,3,0,unchanged
1851,2022-07-01,AFG,3,3,0.65000000000000013,0.63931787014007568,0.64344370365142822,0.63999998569488525,0.63999998569488525,0.25,0.32242381572723389,0.32527267932891846,0.31999999284744263,0.33000001311302185,0.050000000000000003,0.1056971400976181,0.10405181348323822,0.10999999940395355,0.10000000149011612,0,0.0010670401388779283,0.0010670401388779283,0,0,3,0,unchanged
1852,2022-03-01,AFG,4,3,0.89999999999999991,0.78794735670089722,0.76731365919113159,0.79000002145767212,0.76999998092651367,0.55000000000000004,0.40197095274925232,0.39866253733634949,0.40000000596046448,0.40000000596046448,0.25,0.1348869651556015,0.1348869651556015,0.12999999523162842,0.12999999523162842,0,0.0010670401388779283,0.0010670401388779283,0,0,3,0,unchanged
1852,2022-09-01,AFG,4,3,0.84999999999999987,0.79259240627288818,0.79203873872756958,0.79000002145767212,0.79000002145767212,0.5,0.43194621801376343,0.4286378026008606,0.43000000715255737,0.43000000715255737,0.20000000000000001,0.130088210105896,0.130088210105896,0.12999999523162842,0.12999999523162842,0,0.0010670401388779283,0.0010670401388779283,0,0,3,0,unchanged
1853,2022-03-01,AFG,3,3,0.79999999999999993,0.63804119825363159,0.63373649120330811,0.63999998569488525,0.62999999523162842,0.44999999999999996,0.32259482145309448,0.32259482145309448,0.31999999284744263,0.31999999284744263,0.14999999999999999,0.10160312056541443,0.10243164747953415,0.10000000149011612,0.10000000149011612,0,0.0010670401388779283,0.0010670401388779283,0,0,3,0,unchanged
1853,2022-07-01,AFG,3,3,0.65000000000000013,0.64044040441513062,0.63987183570861816,0.63999998569488525,0.63999998569488525,0.25,0.33247342705726624,0.33532229065895081,0.33000001311302185,0.34000000357627869,0.050000000000000003,0.093387022614479065,0.094215549528598785,0.090000003576278687,0.090000003576278687,0,0.0010670401388779283,0.0010670401388779283,0,0,3,0,unchanged
1854,2022-09-01,AFG,3,3,0.75,0.72911942005157471,0.73474234342575073,0.73000001907348633,0.73000001907348633,0.44999999999999996,0.37776905298233032,0.39440152049064636,0.37999999523162842,0.38999998569488525,0.14999999999999999,0.10937780886888504,0.10937780886888504,0.10999999940395355,0.10999999940395355,0,0.0010670401388779283,0.0010670401388779283,0,0,3,0,unchanged
1855,2022-03-01,AFG,4,3,0.84999999999999987,0.71953427791595459,0.69733560085296631,0.72000002861022949,0.69999998807907104,0.55000000000000004,0.39407059550285339,0.39076218008995056,0.38999998569488525,0.38999998569488525,0.20000000000000001,0.14993728697299957,0.14993728697299957,0.15000000596046448,0.15000000596046448,0,0.0010670401388779283,0.0010670401388779283,0,0,3,0,unchanged
1855,2022-09-01,AFG,4,3,0.80000000000000004,0.77215033769607544,0.77348661422729492,0.76999998092651367,0.76999998092651367,0.5,0.4180605411529541,0.4180605411529541,0.41999998688697815,0.41999998688697815,0.20000000000000001,0.14036071300506592,0.14510528743267059,0.14000000059604645,0.15000000596046448,0,0.0010670401388779283,0.0010670401388779283,0,0,3,0,unchanged
1856,2022-09-01,AFG,4,3,0.80000000000000004,0.78999853134155273,0.78216862678527832,0.79000002145767212,0.77999997138977051,0.5,0.42148545384407043,0.42406758666038513,0.41999998688697815,0.41999998688697815,0.20000000000000001,0.14220677316188812,0.14220677316188812,0.14000000059604645,0.14000000059604645,0,0.0010670401388779283,0.0010670401388779283,0,0,3,0,unchanged
1857,2022-03-01,AFG,3,3,0.79999999999999993,0.64702498912811279,0.64298021793365479,0.64999997615814209,0.63999998569488525,0.44999999999999996,0.30709770321846008,0.30709770321846008,0.31000000238418579,0.31000000238418579,0.10000000000000001,0.10705605894327164,0.1106405109167099,0.10999999940395355,0.10999999940395355,0,0.0010670401388779283,0.0010670401388779283,0,0,3,0,unchanged
1857,2022-07-01,AFG,3,3,0.65000000000000002,0.63269543647766113,0.63076239824295044,0.62999999523162842,0.62999999523162842,0.25,0.28878441452980042,0.29163327813148499,0.28999999165534973,0.28999999165534973,0.10000000000000001,0.098839960992336273,0.10242441296577454,0.10000000149011612,0.10000000149011612,0,0.0010670401388779283,0.0010670401388779283,0,0,3,0,unchanged
1857,2022-09-01,AFG,3,3,0.75,0.70251196622848511,0.71066367626190186,0.69999998807907104,0.70999997854232788,0.34999999999999998,0.33088693022727966,0.3475193977355957,0.33000001311302185,0.34999999403953552,0.10000000000000001,0.099880285561084747,0.099880285561084747,0.10000000149011612,0.10000000149011612,0,0.0010670401388779283,0.0010670401388779283,0,0,3,0,unchanged
1858,2022-09-01,AFG,4,3,0.80000000000000004,0.77406954765319824,0.78379112482070923,0.76999998092651367,0.77999997138977051,0.5,0.46116411685943604,0.46374624967575073,0.46000000834465027,0.46000000834465027,0.20000000000000001,0.14782103896141052,0.14782103896141052,0.15000000596046448,0.15000000596046448,0,0.0010670401388779283,0.0010670401388779283,0,0,3,0,unchanged
1859,2022-03-01,AFG,3,3,0.79999999999999993,0.65615177154541016,0.66448825597763062,0.6600000262260437,0.6600000262260437,0.44999999999999996,0.32389569282531738,0.33662417531013489,0.31999999284744263,0.34000000357627869,0.10000000000000001,0.10950223356485367,0.11308668553829193,0.10999999940395355,0.10999999940395355,0,0.0010670401388779283,0.0010670401388779283,0,0,3,0,unchanged
1859,2022-07-01,AFG,3,3,0.65000000000000013,0.64796280860900879,0.65363550186157227,0.64999997615814209,0.64999997615814209,0.25,0.34550681710243225,0.34835568070411682,0.34999999403953552,0.34999999403953552,0.050000000000000003,0.10351691395044327,0.10710136592388153,0.10000000149011612,0.10999999940395355,0,0.0010670401388779283,0.0010670401388779283,0,0,3,0,unchanged
1859,2022-09-01,AFG,3,3,0.75,0.67685574293136597,0.71099823713302612,0.68000000715255737,0.70999997854232788,0.34999999999999998,0.36696889996528625,0.3963298499584198,0.37000000476837158,0.40000000596046448,0.10000000000000001,0.10470348596572876,0.10470348596572876,0.10000000149011612,0.10000000149011612,0,0.0010670401388779283,0.0010670401388779283,0,0,3,0,unchanged
1860,2022-03-01,AFG,4,3,0.89999999999999991,0.80007839202880859,0.79470664262771606,0.80000001192092896,0.79000002145767212,0.55000000000000004,0.41202706098556519,0.41202706098556519,0.40999999642372131,0.40999999642372131,0.25,0.15591795742511749,0.15591795742511749,0.15999999642372131,0.15999999642372131,0,0.0010670401388779283,0.0010670401388779283,0,0,3,0,unchanged
1863,2022-03-01,AFG,3,3,0.79999999999999993,0.63564550876617432,0.63145160675048828,0.63999998569488525,0.62999999523162842,0.44999999999999996,0.30028596520423889,0.30028596520423889,0.30000001192092896,0.30000001192092896,0.14999999999999999,0.10705605894327164,0.1106405109167099,0.10999999940395355,0.10999999940395355,0,0.0010670401388779283,0.0010670401388779283,0,0,3,0,unchanged
1864,2022-07-01,AFG,3,3,0.65000000000000013,0.66055262088775635,0.6642271876335144,0.6600000262260437,0.6600000262260437,0.25,0.32218706607818604,0.32503592967987061,0.31999999284744263,0.33000001311302185,0.050000000000000003,0.10107073932886124,0.1046551913022995,0.10000000149011612,0.10000000149011612,0,0.0010670401388779283,0.0010670401388779283,0,0,3,0,unchanged
1864,2022-09-01,AFG,3,3,0.75,0.71036100387573242,0.71663308143615723,0.70999997854232788,0.72000002861022949,0.34999999999999998,0.33240437507629395,0.34903684258460999,0.33000001311302185,0.34999999403953552,0.10000000000000001,0.099880285561084747,0.099880285561084747,0.10000000149011612,0.10000000149011612,0,0.0010670401388779283,0.0010670401388779283,0,0,3,0,unchanged
1865,2022-03-01,PAK,3,3,0.79999999999999993,0.59212523698806763,0.61508554220199585,0.5899999737739563,0.62000000476837158,0.44999999999999996,0.37476375699043274,0.37476375699043274,0.37000000476837158,0.37000000476837158,0.14999999999999999,0.10658709704875946,0.10658709704875946,0.10999999940395355,0.10999999940395355,0,0.0010670401388779283,0.0010670401388779283,0,0,3,0,unchanged
1865,2022-07-01,PAK,3,3,0.65000000000000013,0.72685134410858154,0.72889518737792969,0.73000001907348633,0.73000001907348633,0.25,0.38106021285057068,0.38106021285057068,0.37999999523162842,0.37999999523162842,0.050000000000000003,0.10756645351648331,0.10756645351648331,0.10999999940395355,0.10999999940395355,0,0.0010670401388779283,0.0010670401388779283,0,0,3,0,unchanged
1865,2022-09-01,PAK,3,3,0.79999999999999993,0.76957929134368896,0.76970261335372925,0.76999998092651367,0.76999998092651367,0.44999999999999996,0.41787123680114746,0.41787123680114746,0.41999998688697815,0.41999998688697815,0.10000000000000001,0.1073993518948555,0.1073993518948555,0.10999999940395355,0.10999999940395355,0,0.0010670401388779283,0.0010670401388779283,0,0,3,0,unchanged
1866,2022-03-01,PAK,3,3,0.79999999999999993,0.56725037097930908,0.5902106761932373,0.56999999284744263,0.5899999737739563,0.44999999999999996,0.36474847793579102,0.36474847793579102,0.36000001430511475,0.36000001430511475,0.14999999999999999,0.10658709704875946,0.10658709704875946,0.10999999940395355,0.10999999940395355,0,0.0010670401388779283,0.0010670401388779283,0,0,3,0,unchanged
1866,2022-07-01,PAK,3,3,0.65000000000000013,0.707530677318573,0.70957452058792114,0.70999997854232788,0.70999997854232788,0.25,0.38106021285057068,0.38106021285057068,0.37999999523162842,0.37999999523162842,0.050000000000000003,0.10756645351648331,0.10756645351648331,0.10999999940395355,0.10999999940395355,0,0.0010670401388779283,0.0010670401388779283,0,0,3,0,unchanged
1866,2022-09-01,PAK,3,3,0.79999999999999993,0.75216251611709595,0.75228583812713623,0.75,0.75,0.44999999999999996,0.41787123680114746,0.41787123680114746,0.41999998688697815,0.41999998688697815,0.10000000000000001,0.1073993518948555,0.1073993518948555,0.10999999940395355,0.10999999940395355,0,0.0010670401388779283,0.0010670401388779283,0,0,3,0,unchanged
1867,2022-03-01,AFG,3,3,0.79999999999999993,0.64873009920120239,0.64984208345413208,0.64999997615814209,0.64999997615814209,0.44999999999999996,0.32838454842567444,0.32838454842567444,0.33000001311302185,0.33000001311302185,0.10000000000000001,0.10467903316020966,0.10826348513364792,0.10000000149011612,0.10999999940395355,0,0.0010670401388779283,0.0010670401388779283,0,0,3,0,unchanged
1867,2022-07-01,AFG,3,3,0.65000000000000002,0.64607107639312744,0.64228522777557373,0.64999997615814209,0.63999998569488525,0.25,0.30174773931503296,0.30174773931503296,0.30000001192092896,0.30000001192092896,0.10000000000000001,0.098839960992336273,0.10242441296577454,0.10000000149011612,0.10000000149011612,0,0.0010670401388779283,0.0010670401388779283,0,0,3,0,unchanged
1867,2022-09-01,AFG,3,3,0.75,0.68090575933456421,0.68623852729797363,0.68000000715255737,0.68999999761581421,0.34999999999999998,0.37311142683029175,0.38974389433860779,0.37000000476837158,0.38999998569488525,0.10000000000000001,0.10225731134414673,0.10225731134414673,0.10000000149011612,0.10000000149011612,0,0.0010670401388779283,0.0010670401388779283,0,0,3,0,unchanged
1868,2022-09-01,AFG,4,3,0.84999999999999987,0.8068121075630188,0.80148869752883911,0.81000000238418579,0.80000001192092896,0.5,0.44938969612121582,0.44608128070831299,0.44999998807907104,0.44999998807907104,0.20000000000000001,0.1507260650396347,0.1507260650396347,0.15000000596046448,0.15000000596046448,0,0.0010670401388779283,0.0010670401388779283,0,0,3,0,unchanged
1870,2022-03-01,AFG,3,3,0.79999999999999993,0.65418988466262817,0.66057014465332031,0.64999997615814209,0.6600000262260437,0.44999999999999996,0.32353931665420532,0.32612144947052002,0.31999999284744263,0.33000001311302185,0.10000000000000001,0.11229492723941803,0.11340552568435669,0.10999999940395355,0.10999999940395355,0,0.0010670401388779283,0.0010670401388779283,0,0,3,0,unchanged
1870,2022-07-01,AFG,3,3,0.65000000000000002,0.61516577005386353,0.62566262483596802,0.62000000476837158,0.62999999523162842,0.25,0.3001752495765686,0.3001752495765686,0.30000001192092896,0.30000001192092896,0.10000000000000001,0.10645585507154465,0.10756645351648331,0.10999999940395355,0.10999999940395355,0,0.0010670401388779283,0.0010670401388779283,0,0,3,0,unchanged
1870,2022-09-01,AFG,3,3,0.75,0.69590401649475098,0.69757550954818726,0.69999998807907104,0.69999998807907104,0.34999999999999998,0.36617746949195862,0.36875960230827332,0.37000000476837158,0.37000000476837158,0.10000000000000001,0.1098732054233551,0.1098732054233551,0.10999999940395355,0.10999999940395355,0,0.0010670401388779283,0.0010670401388779283,0,0,3,0,unchanged
1871,2022-09-01,PAK,3,3,0.75,0.76903438568115234,0.76903438568115234,0.76999998092651367,0.76999998092651367,0.34999999999999998,0.41865050792694092,0.41865050792694092,0.41999998688697815,0.41999998688697815,0.10000000000000001,0.10662134736776352,0.10662134736776352,0.10999999940395355,0.10999999940395355,0,0.0010670401388779283,0.0010670401388779283,0,0,3,0,unchanged
1872,2022-09-01,PAK,3,3,0.75,0.76649737358093262,0.76649737358093262,0.76999998092651367,0.76999998092651367,0.34999999999999998,0.41517728567123413,0.41517728567123413,0.41999998688697815,0.41999998688697815,0.10000000000000001,0.10662134736776352,0.10662134736776352,0.10999999940395355,0.10999999940395355,0,0.0010670401388779283,0.0010670401388779283,0,0,3,0,unchanged
1873,2022-03-01,TJK,4,3,0.89999999999999991,0.80367213487625122,0.79815477132797241,0.80000001192092896,0.80000001192092896,0.55000000000000004,0.40512320399284363,0.40512320399284363,0.40999999642372131,0.40999999642372131,0.25,0.15552482008934021,0.15552482008934021,0.15999999642372131,0.15999999642372131,0,0.0010670401388779283,0.0010670401388779283,0,0,3,0,unchanged
1873,2022-09-01,TJK,4,3,0.84999999999999987,0.87731224298477173,0.87522256374359131,0.87999999523162842,0.87999999523162842,0.5,0.48802685737609863,0.4847184419631958,0.49000000953674316,0.47999998927116394,0.20000000000000001,0.1507260650396347,0.1507260650396347,0.15000000596046448,0.15000000596046448,0,0.0010670401388779283,0.0010670401388779283,0,0,3,0,unchanged
1875,2022-03-01,PAK,3,3,0.79999999999999993,0.66724485158920288,0.67322462797164917,0.67000001668930054,0.67000001668930054,0.44999999999999996,0.38078409433364868,0.38078409433364868,0.37999999523162842,0.37999999523162842,0.10000000000000001,0.10580909252166748,0.10580909252166748,0.10999999940395355,0.10999999940395355,0,0.0010670401388779283,0.0010670401388779283,0,0,3,0,unchanged
1875,2022-07-01,PAK,3,3,0.65000000000000002,0.74423331022262573,0.74526381492614746,0.74000000953674316,0.75,0.25,0.38708055019378662,0.38708055019378662,0.38999998569488525,0.38999998569488525,0.10000000000000001,0.10678844898939133,0.10678844898939133,0.10999999940395355,0.10999999940395355,0,0.0010670401388779283,0.0010670401388779283,0,0,3,0,unchanged
1875,2022-09-01,PAK,3,3,0.75,0.73950624465942383,0.73955893516540527,0.74000000953674316,0.74000000953674316,0.34999999999999998,0.42653277516365051,0.42653277516365051,0.43000000715255737,0.43000000715255737,0.10000000000000001,0.10662134736776352,0.10662134736776352,0.10999999940395355,0.10999999940395355,0,0.0010670401388779283,0.0010670401388779283,0,0,3,0,unchanged
1876,2022-03-01,PAK,3,3,0.79999999999999993,0.65336239337921143,0.65986567735671997,0.64999997615814209,0.6600000262260437,0.44999999999999996,0.36016806960105896,0.36016806960105896,0.36000001430511475,0.36000001430511475,0.10000000000000001,0.10580909252166748,0.10580909252166748,0.10999999940395355,0.10999999940395355,0,0.0010670401388779283,0.0010670401388779283,0,0,3,0,unchanged
1876,2022-07-01,PAK,3,3,0.65000000000000002,0.72590816020965576,0.72693866491317749,0.73000001907348633,0.73000001907348633,0.25,0.3664645254611969,0.3664645254611969,0.37000000476837158,0.37000000476837158,0.10000000000000001,0.10678844898939133,0.10678844898939133,0.10999999940395355,0.10999999940395355,0,0.0010670401388779283,0.0010670401388779283,0,0,3,0,unchanged
1876,2022-09-01,PAK,3,3,0.75,0.72610914707183838,0.72616183757781982,0.73000001907348633,0.73000001907348633,0.34999999999999998,0.40591675043106079,0.40591675043106079,0.40999999642372131,0.40999999642372131,0.10000000000000001,0.10662134736776352,0.10662134736776352,0.10999999940395355,0.10999999940395355,0,0.0010670401388779283,0.0010670401388779283,0,0,3,0,unchanged
