area_id,date,country_code_3,source_row_index,fold_id,source_overall_phase,phase2_test,phase2_layer1_pred,phase2_residual_pred,phase2_pred,phase3_test,phase3_layer1_pred,phase3_residual_pred,phase3_pred,phase4_test,phase4_layer1_pred,phase4_residual_pred,phase4_pred,phase5_test,phase5_layer1_pred,phase5_residual_pred,phase5_pred,nonpositive_cumulative_prediction_sum,overall_phase,overall_phase_pred,is_held_out_area
1759,2017-08-01,AFG,4745,area_holdout_10pct_seed0,3,0.700000,0.741529,-0.000098,0.740000,0.450000,0.388995,0.000703,0.390000,0.100000,0.114448,-0.000429,0.110000,0.000000,0.001509,-0.000000,0.000000,False,3,3,True
1759,2018-08-01,AFG,4746,area_holdout_10pct_seed0,3,0.700000,0.803945,0.000175,0.800000,0.400000,0.457816,0.002674,0.460000,0.100000,0.118242,0.001905,0.120000,0.000000,0.001509,-0.000000,0.000000,False,3,3,True
1759,2019-08-01,AFG,4747,area_holdout_10pct_seed0,3,0.900000,0.695179,-0.000742,0.690000,0.550000,0.421565,0.002674,0.420000,0.150000,0.116110,0.001905,0.120000,0.000000,0.001509,-0.000000,0.000000,False,3,3,True
1759,2020-04-01,AFG,4748,area_holdout_10pct_seed0,3,0.800000,0.732349,0.000178,0.730000,0.550000,0.418132,-0.001637,0.420000,0.150000,0.115099,-0.001102,0.110000,0.000000,0.001509,-0.000000,0.000000,False,3,3,True
1759,2020-08-01,AFG,4749,area_holdout_10pct_seed0,3,0.750000,0.709698,0.000234,0.710000,0.400000,0.432083,0.002221,0.430000,0.150000,0.114620,0.001905,0.120000,0.000000,0.001509,-0.000000,0.000000,False,3,3,True
1759,2021-03-01,AFG,4750,area_holdout_10pct_seed0,3,0.750000,0.677965,-0.000316,0.680000,0.400000,0.385377,0.006511,0.390000,0.100000,0.103812,0.001905,0.110000,0.000000,0.001509,-0.000000,0.000000,False,3,3,True
1759,2022-03-01,AFG,4751,area_holdout_10pct_seed0,4,0.850000,0.777987,-0.000747,0.780000,0.500000,0.433110,0.008092,0.440000,0.200000,0.121992,0.001905,0.120000,0.000000,0.001509,-0.000000,0.000000,False,4,3,True
1763,2017-08-01,AFG,4765,area_holdout_10pct_seed0,3,0.710000,0.722457,-0.000279,0.720000,0.260000,0.347452,-0.009311,0.340000,0.070000,0.102401,-0.000429,0.100000,0.000000,0.001509,-0.000000,0.000000,False,3,3,True
1763,2018-08-01,AFG,4766,area_holdout_10pct_seed0,3,0.850000,0.835117,0.000411,0.840000,0.600000,0.448766,0.004918,0.450000,0.150000,0.102401,0.001905,0.100000,0.000000,0.001509,-0.000000,0.000000,False,3,3,True
1763,2019-08-01,AFG,4767,area_holdout_10pct_seed0,2,0.650000,0.670626,0.000367,0.670000,0.150000,0.398186,0.004918,0.400000,0.050000,0.102504,0.001905,0.100000,0.000000,0.001509,-0.000000,0.000000,False,2,3,True
1763,2020-04-01,AFG,4768,area_holdout_10pct_seed0,2,0.800000,0.710705,0.000120,0.710000,0.150000,0.410182,0.000606,0.410000,0.050000,0.101508,-0.001102,0.100000,0.000000,0.001509,-0.000000,0.000000,False,2,3,True
1763,2020-08-01,AFG,4769,area_holdout_10pct_seed0,3,0.800000,0.701978,0.000051,0.700000,0.400000,0.405363,-0.002391,0.400000,0.100000,0.101014,0.001180,0.100000,0.000000,0.001509,-0.000000,0.000000,False,3,3,True
1763,2021-03-01,AFG,4770,area_holdout_10pct_seed0,3,0.650000,0.672733,0.000238,0.670000,0.300000,0.394379,0.001899,0.400000,0.050000,0.091125,0.001180,0.090000,0.000000,0.001509,-0.000000,0.000000,False,3,3,True
1763,2022-03-01,AFG,4771,area_holdout_10pct_seed0,3,0.800000,0.774320,0.000130,0.770000,0.500000,0.438953,0.013298,0.450000,0.150000,0.112443,0.001905,0.110000,0.000000,0.001509,-0.000000,0.000000,False,3,3,True
1763,2022-09-01,AFG,4772,area_holdout_10pct_seed0,3,0.800000,0.765269,0.000228,0.770000,0.350000,0.410558,0.002624,0.410000,0.100000,0.103998,-0.000429,0.100000,0.000000,0.001509,-0.000000,0.000000,False,3,3,True
1786,2019-08-01,AFG,4920,area_holdout_10pct_seed0,3,0.700000,0.704686,0.000576,0.710000,0.400000,0.324779,0.002674,0.330000,0.100000,0.089618,0.001905,0.090000,0.000000,0.001509,-0.000000,0.000000,False,3,3,True
1786,2022-09-01,AFG,4921,area_holdout_10pct_seed0,3,0.900000,0.781152,0.000141,0.780000,0.400000,0.376355,-0.000752,0.380000,0.050000,0.105079,-0.000429,0.100000,0.000000,0.001509,-0.000000,0.000000,False,3,3,True
1793,2017-05-01,AFG,4947,area_holdout_10pct_seed0,3,0.590000,0.612508,-0.000106,0.610000,0.390000,0.319607,-0.012733,0.310000,0.110000,0.087166,0.001905,0.090000,0.000000,0.001509,-0.000000,0.000000,False,3,3,True
1793,2017-08-01,AFG,4948,area_holdout_10pct_seed0,3,0.700000,0.620715,-0.004291,0.620000,0.250000,0.277923,-0.012688,0.270000,0.050000,0.093542,-0.000429,0.090000,0.000000,0.001509,-0.000000,0.000000,False,3,3,True
1793,2017-11-01,AFG,4949,area_holdout_10pct_seed0,3,0.760000,0.774215,-0.000337,0.770000,0.490000,0.462951,0.005967,0.470000,0.040000,0.130685,-0.000429,0.130000,0.000000,0.001509,-0.000000,0.000000,False,3,3,True
1793,2018-08-01,AFG,4950,area_holdout_10pct_seed0,3,0.700000,0.560560,-0.001696,0.560000,0.300000,0.359768,0.015774,0.380000,0.100000,0.093542,0.001905,0.100000,0.000000,0.001509,-0.000000,0.000000,False,3,3,True
1793,2019-08-01,AFG,4951,area_holdout_10pct_seed0,3,0.700000,0.565974,0.000287,0.570000,0.400000,0.289568,-0.000288,0.290000,0.100000,0.079265,0.001905,0.080000,0.000000,0.001509,-0.000000,0.000000,False,3,3,True
1793,2020-04-01,AFG,4952,area_holdout_10pct_seed0,3,0.700000,0.727608,0.000540,0.730000,0.350000,0.363153,-0.001637,0.360000,0.100000,0.097080,-0.001102,0.100000,0.000000,0.001509,-0.000000,0.000000,False,3,3,True
1793,2020-08-01,AFG,4953,area_holdout_10pct_seed0,3,0.700000,0.736010,-0.000289,0.740000,0.400000,0.328119,-0.000741,0.330000,0.150000,0.096609,0.001905,0.100000,0.000000,0.001509,-0.000000,0.000000,False,3,3,True
1793,2021-03-01,AFG,4954,area_holdout_10pct_seed0,3,0.700000,0.730824,-0.001491,0.730000,0.250000,0.332176,0.003549,0.340000,0.050000,0.093465,0.001905,0.100000,0.000000,0.001509,-0.000000,0.000000,False,3,3,True
1793,2022-03-01,AFG,4955,area_holdout_10pct_seed0,4,0.850000,0.821693,0.000388,0.820000,0.500000,0.431510,0.013298,0.440000,0.200000,0.109806,0.001905,0.110000,0.000000,0.001509,-0.000000,0.000000,False,4,3,True
1793,2022-09-01,AFG,4956,area_holdout_10pct_seed0,3,0.800000,0.766079,-0.000116,0.770000,0.400000,0.378763,0.002624,0.380000,0.050000,0.099578,-0.000429,0.100000,0.000000,0.001509,-0.000000,0.000000,False,3,3,True
1815,2017-08-01,AFG,5100,area_holdout_10pct_seed0,2,0.650000,0.619158,-0.000186,0.620000,0.150000,0.284717,-0.009311,0.280000,0.050000,0.091230,-0.000429,0.090000,0.000000,0.001509,-0.000000,0.000000,False,2,3,True
1815,2019-08-01,AFG,5101,area_holdout_10pct_seed0,2,0.600000,0.612805,-0.001485,0.610000,0.150000,0.318637,0.000161,0.320000,0.050000,0.091230,0.001905,0.090000,0.000000,0.001509,-0.000000,0.000000,False,2,3,True
1815,2020-04-01,AFG,5102,area_holdout_10pct_seed0,3,0.750000,0.679995,0.000296,0.680000,0.300000,0.317744,-0.006250,0.310000,0.050000,0.104683,-0.003435,0.100000,0.000000,0.001509,-0.000000,0.000000,False,3,3,True
1815,2020-08-01,AFG,5103,area_holdout_10pct_seed0,2,0.600000,0.662586,0.000048,0.660000,0.150000,0.332870,-0.000741,0.330000,0.050000,0.103851,0.001905,0.110000,0.000000,0.001509,-0.000000,0.000000,False,2,3,True
1815,2021-03-01,AFG,5104,area_holdout_10pct_seed0,3,0.700000,0.687838,0.000207,0.690000,0.300000,0.318991,0.003549,0.320000,0.100000,0.100143,0.001905,0.100000,0.000000,0.001509,-0.000000,0.000000,False,3,3,True
1815,2021-09-01,AFG,5105,area_holdout_10pct_seed0,3,0.550000,0.753292,-0.000257,0.750000,0.250000,0.393902,0.001044,0.390000,0.100000,0.116115,-0.000429,0.120000,0.000000,0.001509,-0.000000,0.000000,False,3,3,True
1815,2022-03-01,AFG,5106,area_holdout_10pct_seed0,3,0.850000,0.794640,0.001050,0.800000,0.400000,0.390196,0.002624,0.390000,0.150000,0.113917,-0.000429,0.110000,0.000000,0.001509,-0.000000,0.000000,False,3,3,True
1829,2017-05-01,AFG,5202,area_holdout_10pct_seed0,2,0.630000,0.653610,0.000623,0.650000,0.130000,0.287841,-0.006138,0.280000,0.030000,0.102150,0.001782,0.100000,0.000000,0.001509,-0.000000,0.000000,False,2,3,True
1829,2017-08-01,AFG,5203,area_holdout_10pct_seed0,3,0.550000,0.562711,0.000573,0.560000,0.220000,0.308875,-0.014982,0.290000,0.020000,0.097669,-0.000429,0.100000,0.000000,0.001509,-0.000000,0.000000,False,3,3,True
1829,2017-11-01,AFG,5204,area_holdout_10pct_seed0,3,0.850000,0.834673,0.000879,0.840000,0.550000,0.425664,0.001708,0.430000,0.100000,0.161857,-0.000429,0.160000,0.000000,0.001509,-0.000000,0.000000,False,3,3,True
1829,2018-08-01,AFG,5205,area_holdout_10pct_seed0,3,0.750000,0.770556,-0.000909,0.770000,0.400000,0.378467,0.015774,0.390000,0.050000,0.099794,0.001905,0.100000,0.000000,0.001509,-0.000000,0.000000,False,3,3,True
1829,2019-08-01,AFG,5206,area_holdout_10pct_seed0,3,0.600000,0.623504,0.000373,0.620000,0.300000,0.313699,0.000161,0.310000,0.050000,0.102986,0.001905,0.100000,0.000000,0.001509,-0.000000,0.000000,False,3,3,True
1829,2020-04-01,AFG,5207,area_holdout_10pct_seed0,3,0.650000,0.635648,-0.000267,0.640000,0.250000,0.331696,-0.007104,0.320000,0.100000,0.111122,-0.003435,0.110000,0.000000,0.001509,-0.000000,0.000000,False,3,3,True
1829,2020-08-01,AFG,5208,area_holdout_10pct_seed0,3,0.750000,0.679269,0.001000,0.680000,0.350000,0.355278,0.000670,0.360000,0.100000,0.102573,0.001905,0.100000,0.000000,0.001509,-0.000000,0.000000,False,3,3,True
1829,2021-03-01,AFG,5209,area_holdout_10pct_seed0,3,0.650000,0.695380,0.000756,0.700000,0.250000,0.361709,0.004960,0.370000,0.050000,0.100231,0.001905,0.100000,0.000000,0.001509,-0.000000,0.000000,False,3,3,True
1829,2021-09-01,AFG,5210,area_holdout_10pct_seed0,3,0.700000,0.789346,0.000716,0.790000,0.250000,0.419242,0.001044,0.420000,0.100000,0.118605,-0.000429,0.120000,0.000000,0.001509,-0.000000,0.000000,False,3,3,True
1829,2022-03-01,AFG,5211,area_holdout_10pct_seed0,3,0.800000,0.816462,0.000447,0.820000,0.500000,0.418481,0.002624,0.420000,0.150000,0.116279,-0.000429,0.120000,0.000000,0.001509,-0.000000,0.000000,False,3,3,True
1829,2022-09-01,AFG,5212,area_holdout_10pct_seed0,3,0.750000,0.763039,0.000083,0.760000,0.350000,0.399904,0.002624,0.400000,0.100000,0.120559,-0.000429,0.120000,0.000000,0.001509,-0.000000,0.000000,False,3,3,True
1851,2022-07-01,AFG,5373,area_holdout_10pct_seed0,3,0.650000,0.661258,-0.001689,0.660000,0.250000,0.372933,0.006761,0.380000,0.050000,0.096740,0.001905,0.100000,0.000000,0.001509,-0.000000,0.000000,False,3,3,True
699,2017-04-01,BDI,1996,area_holdout_10pct_seed0,4,0.750000,0.723465,0.002146,0.730000,0.450000,0.195544,0.014462,0.210000,0.200000,0.041459,0.009249,0.050000,0.000000,0.001509,-0.000000,0.000000,False,4,3,True
699,2017-08-01,BDI,1997,area_holdout_10pct_seed0,2,0.700000,0.713239,-0.000009,0.710000,0.190000,0.169838,0.002759,0.170000,0.070000,0.045156,0.001779,0.050000,0.000000,0.001509,-0.000000,0.000000,False,2,2,True
699,2018-03-01,BDI,1998,area_holdout_10pct_seed0,2,0.550000,0.509922,0.001768,0.510000,0.150000,0.137295,0.001249,0.140000,0.000000,0.033390,-0.001948,0.030000,0.000000,0.001509,-0.000000,0.000000,False,2,2,True
699,2018-07-01,BDI,1999,area_holdout_10pct_seed0,2,0.400000,0.475923,-0.002782,0.470000,0.120000,0.125193,0.001211,0.130000,0.020000,0.035162,-0.001948,0.030000,0.000000,0.001509,-0.000000,0.000000,False,2,2,True
699,2018-08-01,BDI,2000,area_holdout_10pct_seed0,2,0.550000,0.591423,-0.002163,0.590000,0.050000,0.147711,0.001211,0.150000,0.000000,0.037806,-0.001948,0.040000,0.000000,0.001509,-0.000000,0.000000,False,2,2,True
699,2019-07-01,BDI,2001,area_holdout_10pct_seed0,3,0.700000,0.701102,0.001489,0.700000,0.200000,0.229612,-0.001778,0.230000,0.000000,0.037806,-0.004954,0.030000,0.000000,0.001509,-0.000000,0.000000,False,3,3,True
699,2020-05-01,BDI,2002,area_holdout_10pct_seed0,2,0.500000,0.513744,-0.000235,0.510000,0.100000,0.117510,0.000798,0.120000,0.000000,0.034419,-0.001948,0.030000,0.000000,0.001509,-0.000000,0.000000,False,2,2,True
699,2020-07-01,BDI,2003,area_holdout_10pct_seed0,3,0.700000,0.717152,-0.000052,0.720000,0.200000,0.241125,-0.000738,0.240000,0.000000,0.037806,-0.001948,0.040000,0.000000,0.001509,-0.000000,0.000000,False,3,3,True
699,2020-08-01,BDI,2004,area_holdout_10pct_seed0,2,0.350000,0.415942,-0.002483,0.410000,0.050000,0.157105,0.003870,0.160000,0.000000,0.033037,0.000385,0.030000,0.000000,0.001509,-0.000000,0.000000,False,2,2,True
699,2021-02-01,BDI,2005,area_holdout_10pct_seed0,2,0.750000,0.702130,0.001172,0.700000,0.150000,0.198115,0.000116,0.200000,0.000000,0.035413,-0.003336,0.030000,0.000000,0.001509,-0.000000,0.000000,False,2,3,True
699,2021-04-01,BDI,2006,area_holdout_10pct_seed0,3,0.650000,0.621842,0.000781,0.620000,0.200000,0.151837,-0.000738,0.150000,0.050000,0.034419,-0.001948,0.030000,0.000000,0.001509,-0.000000,0.000000,False,3,2,True
699,2021-09-01,BDI,2007,area_holdout_10pct_seed0,2,0.650000,0.624250,0.000142,0.620000,0.100000,0.175600,-0.000738,0.170000,0.000000,0.037806,-0.003336,0.030000,0.000000,0.001509,-0.000000,0.000000,False,2,2,True
699,2022-04-01,BDI,2008,area_holdout_10pct_seed0,2,0.350000,0.353099,-0.000028,0.350000,0.100000,0.144184,0.002804,0.150000,0.000000,0.034419,-0.001948,0.030000,0.000000,0.001509,-0.000000,0.000000,False,2,2,True
699,2022-06-01,BDI,2009,area_holdout_10pct_seed0,2,0.400000,0.445907,-0.000289,0.450000,0.150000,0.166228,0.000442,0.170000,0.000000,0.035813,-0.004954,0.030000,0.000000,0.001509,-0.000000,0.000000,False,2,2,True
699,2022-07-01,BDI,2010,area_holdout_10pct_seed0,2,0.750000,0.722684,0.000335,0.720000,0.150000,0.234818,0.004300,0.240000,0.000000,0.035738,-0.001948,0.030000,0.000000,0.001509,-0.000000,0.000000,False,2,3,True
708,2017-08-01,BDI,2090,area_holdout_10pct_seed0,2,0.640000,0.675878,-0.001447,0.670000,0.160000,0.197116,0.002759,0.200000,0.040000,0.052540,0.001779,0.050000,0.000000,0.001509,-0.000000,0.000000,False,2,3,True
708,2018-03-01,BDI,2091,area_holdout_10pct_seed0,2,0.500000,0.502206,0.001570,0.500000,0.150000,0.193470,0.001211,0.190000,0.000000,0.047922,-0.001948,0.050000,0.000000,0.001509,-0.000000,0.000000,False,2,2,True
708,2018-07-01,BDI,2092,area_holdout_10pct_seed0,2,0.550000,0.548227,0.000044,0.550000,0.190000,0.196079,-0.000285,0.200000,0.050000,0.053198,-0.001948,0.050000,0.000000,0.001509,-0.000000,0.000000,False,2,3,True
708,2018-08-01,BDI,2093,area_holdout_10pct_seed0,2,0.600000,0.599343,0.000365,0.600000,0.050000,0.174966,-0.000285,0.170000,0.000000,0.053534,-0.001948,0.050000,0.000000,0.001509,-0.000000,0.000000,False,2,2,True
708,2019-07-01,BDI,2094,area_holdout_10pct_seed0,3,0.650000,0.649860,-0.000369,0.650000,0.200000,0.254456,-0.004144,0.250000,0.000000,0.049517,-0.004954,0.040000,0.000000,0.001509,-0.000000,0.000000,False,3,3,True
708,2020-05-01,BDI,2095,area_holdout_10pct_seed0,2,0.400000,0.400263,-0.002357,0.400000,0.100000,0.185942,-0.000738,0.190000,0.000000,0.050899,-0.001948,0.050000,0.000000,0.001509,-0.000000,0.000000,False,2,2,True
708,2020-07-01,BDI,2096,area_holdout_10pct_seed0,3,0.750000,0.710919,0.002026,0.710000,0.400000,0.274071,-0.000738,0.270000,0.150000,0.049294,-0.001948,0.050000,0.000000,0.001509,-0.000000,0.000000,False,3,3,True
708,2020-08-01,BDI,2097,area_holdout_10pct_seed0,2,0.500000,0.450189,-0.000177,0.450000,0.100000,0.234219,-0.000621,0.230000,0.000000,0.051419,0.001823,0.050000,0.000000,0.001509,-0.000000,0.000000,False,2,3,True
708,2021-02-01,BDI,2098,area_holdout_10pct_seed0,3,0.650000,0.645072,0.000150,0.650000,0.250000,0.218105,0.000116,0.220000,0.050000,0.047124,-0.003336,0.040000,0.000000,0.001509,-0.000000,0.000000,False,3,3,True
708,2021-04-01,BDI,2099,area_holdout_10pct_seed0,2,0.500000,0.507578,-0.000257,0.510000,0.150000,0.210231,-0.000738,0.210000,0.000000,0.053907,-0.001948,0.050000,0.000000,0.001509,-0.000000,0.000000,False,2,3,True
708,2022-04-01,BDI,2100,area_holdout_10pct_seed0,2,0.450000,0.458740,0.000068,0.460000,0.150000,0.211057,0.002804,0.210000,0.000000,0.050899,-0.001948,0.050000,0.000000,0.001509,-0.000000,0.000000,False,2,3,True
708,2022-06-01,BDI,2101,area_holdout_10pct_seed0,2,0.450000,0.456282,-0.001321,0.450000,0.150000,0.209422,-0.001054,0.210000,0.000000,0.046141,-0.004954,0.040000,0.000000,0.001509,-0.000000,0.000000,False,2,3,True
708,2022-07-01,BDI,2102,area_holdout_10pct_seed0,3,0.750000,0.745905,0.000419,0.750000,0.300000,0.258600,0.002804,0.260000,0.050000,0.046141,-0.001948,0.040000,0.000000,0.001509,-0.000000,0.000000,False,3,3,True
132,2017-02-01,CAF,700,area_holdout_10pct_seed0,2,0.640000,0.704420,-0.000574,0.700000,0.140000,0.324271,0.010170,0.330000,0.050000,0.061620,0.000385,0.060000,0.000000,0.001509,-0.000000,0.000000,False,2,3,True
132,2020-09-01,CAF,701,area_holdout_10pct_seed0,3,0.800000,0.683544,0.000840,0.680000,0.400000,0.355216,0.012778,0.370000,0.050000,0.106091,0.000263,0.110000,0.000000,0.001509,-0.000000,0.000000,False,3,3,True
132,2021-09-01,CAF,702,area_holdout_10pct_seed0,3,0.700000,0.618935,-0.000205,0.620000,0.400000,0.300120,0.002435,0.300000,0.100000,0.114597,0.003009,0.120000,0.000000,0.001509,-0.000000,0.000000,False,3,3,True
205,2021-02-01,CAF,785,area_holdout_10pct_seed0,3,0.600000,0.627940,0.000050,0.630000,0.250000,0.301717,-0.026011,0.280000,0.050000,0.062504,-0.006011,0.060000,0.000000,0.001509,-0.000000,0.000000,False,3,3,True
254,2019-05-01,CAF,850,area_holdout_10pct_seed0,4,0.800000,0.824688,-0.000105,0.820000,0.550000,0.527453,0.001765,0.530000,0.200000,0.138228,-0.003973,0.130000,0.000000,0.001509,-0.000000,0.000000,False,4,3,True
254,2021-09-01,CAF,851,area_holdout_10pct_seed0,3,0.800000,0.769908,-0.000077,0.770000,0.400000,0.426085,0.002749,0.430000,0.100000,0.150719,0.000798,0.150000,0.000000,0.001509,-0.000000,0.000000,False,3,3,True
258,2022-09-01,CAF,854,area_holdout_10pct_seed0,3,0.700000,0.725335,-0.000103,0.730000,0.350000,0.326780,0.002793,0.330000,0.050000,0.077436,0.000798,0.080000,0.000000,0.001509,-0.000000,0.000000,False,3,3,True
274,2019-09-01,CAF,868,area_holdout_10pct_seed0,3,0.700000,0.691125,-0.000034,0.690000,0.300000,0.414484,-0.017542,0.400000,0.050000,0.125743,0.000263,0.130000,0.000000,0.001509,-0.000000,0.000000,False,3,3,True
290,2018-03-01,CAF,905,area_holdout_10pct_seed0,3,0.750000,0.818183,-0.002086,0.820000,0.400000,0.484351,0.003302,0.490000,0.150000,0.155962,-0.002208,0.150000,0.000000,0.001509,-0.000000,0.000000,False,3,3,True
290,2022-09-01,CAF,906,area_holdout_10pct_seed0,3,0.800000,0.786788,-0.000145,0.790000,0.450000,0.487387,0.004329,0.490000,0.100000,0.153905,0.000798,0.150000,0.000000,0.001509,-0.000000,0.000000,False,3,3,True
334,2019-09-01,CAF,966,area_holdout_10pct_seed0,3,0.850000,0.832251,0.000099,0.830000,0.450000,0.446452,-0.005507,0.440000,0.100000,0.121025,0.003220,0.120000,0.000000,0.001509,-0.000000,0.000000,False,3,3,True
334,2021-04-01,CAF,967,area_holdout_10pct_seed0,2,0.500000,0.583077,0.000017,0.580000,0.150000,0.232825,-0.023789,0.210000,0.050000,0.105825,-0.003435,0.100000,0.000000,0.001509,-0.000000,0.000000,False,2,3,True
334,2022-04-01,CAF,968,area_holdout_10pct_seed0,2,0.450000,0.538603,-0.001169,0.540000,0.150000,0.303551,-0.008449,0.300000,0.050000,0.133520,-0.003435,0.130000,0.000000,0.001509,-0.000000,0.000000,False,2,3,True
396,2017-02-01,CAF,1004,area_holdout_10pct_seed0,2,0.650000,0.693563,-0.000445,0.690000,0.150000,0.247323,0.013202,0.260000,0.000000,0.072942,0.000385,0.070000,0.000000,0.001509,-0.000000,0.000000,False,2,3,True
396,2018-03-01,CAF,1005,area_holdout_10pct_seed0,4,0.900000,0.887853,0.000036,0.890000,0.700000,0.499376,0.003302,0.500000,0.350000,0.118995,-0.002208,0.120000,0.000000,0.001509,-0.000000,0.000000,False,4,3,True
127,2021-09-01,COD,696,area_holdout_10pct_seed0,3,0.650000,0.639309,-0.000074,0.640000,0.250000,0.294751,0.000758,0.300000,0.050000,0.077783,-0.003336,0.070000,0.000000,0.001509,-0.000000,0.000000,False,3,3,True
128,2019-07-01,COD,697,area_holdout_10pct_seed0,2,0.750000,0.580899,-0.000187,0.580000,0.050000,0.199613,-0.012837,0.190000,0.000000,0.081953,-0.002024,0.080000,0.000000,0.001509,-0.000000,0.000000,False,2,2,True
128,2020-07-01,COD,698,area_holdout_10pct_seed0,2,0.500000,0.552621,0.000214,0.550000,0.150000,0.260522,0.000676,0.260000,0.000000,0.077249,0.006916,0.080000,0.000000,0.001509,-0.000000,0.000000,False,2,3,True
128,2021-09-01,COD,699,area_holdout_10pct_seed0,3,0.650000,0.675519,-0.000240,0.680000,0.250000,0.275069,0.000758,0.280000,0.050000,0.071586,-0.003336,0.070000,0.000000,0.001509,-0.000000,0.000000,False,3,3,True
161,2022-07-01,COD,718,area_holdout_10pct_seed0,3,0.800000,0.773017,0.000152,0.770000,0.250000,0.187456,-0.003448,0.180000,0.050000,0.055235,-0.000967,0.050000,0.000000,0.001509,-0.000000,0.000000,False,3,2,True
169,2021-02-01,COD,734,area_holdout_10pct_seed0,2,0.600000,0.627872,-0.000347,0.630000,0.150000,0.271042,-0.000738,0.270000,0.000000,0.053656,0.001779,0.060000,0.000000,0.001509,-0.000000,0.000000,False,2,3,True
169,2022-07-01,COD,735,area_holdout_10pct_seed0,3,0.750000,0.688308,0.000241,0.690000,0.250000,0.224036,0.002047,0.230000,0.050000,0.073038,-0.000967,0.070000,0.000000,0.001509,-0.000000,0.000000,False,3,3,True
285,2018-08-01,COD,893,area_holdout_10pct_seed0,4,0.800000,0.800098,0.000204,0.800000,0.600000,0.346590,0.004076,0.350000,0.200000,0.056249,-0.000429,0.060000,0.000000,0.001509,-0.000000,0.000000,False,4,3,True
285,2020-07-01,COD,894,area_holdout_10pct_seed0,3,0.850000,0.849404,0.000284,0.850000,0.450000,0.346709,0.007372,0.350000,0.150000,0.054680,0.011684,0.070000,0.000000,0.001509,-0.000000,0.000000,False,3,3,True
285,2022-07-01,COD,895,area_holdout_10pct_seed0,3,0.700000,0.700049,-0.000055,0.700000,0.400000,0.307521,-0.000129,0.310000,0.050000,0.044792,0.000552,0.050000,0.000000,0.001509,-0.000000,0.000000,False,3,3,True
376,2017-06-01,COD,996,area_holdout_10pct_seed0,3,1.000000,0.999605,0.000004,1.000000,0.230000,0.205615,-0.006091,0.200000,0.080000,0.037766,-0.001948,0.040000,0.000000,0.001509,-0.000000,0.000000,False,3,3,True
444,2021-09-01,COD,1069,area_holdout_10pct_seed0,3,0.650000,0.658741,-0.000136,0.660000,0.250000,0.251675,0.000798,0.250000,0.050000,0.062081,-0.003336,0.060000,0.000000,0.001509,-0.000000,0.000000,False,3,3,True
446,2022-07-01,COD,1071,area_holdout_10pct_seed0,2,0.700000,0.734096,-0.000060,0.730000,0.150000,0.289314,-0.005288,0.280000,0.000000,0.046687,-0.000967,0.050000,0.000000,0.001509,-0.000000,0.000000,False,2,3,True
464,2019-07-01,COD,1101,area_holdout_10pct_seed0,3,0.650000,0.659968,0.000023,0.660000,0.250000,0.277450,-0.023566,0.250000,0.050000,0.063239,-0.002024,0.060000,0.000000,0.001509,-0.000000,0.000000,False,3,3,True
483,2018-08-01,COD,1118,area_holdout_10pct_seed0,3,0.850000,0.847003,0.001650,0.850000,0.550000,0.368506,-0.010209,0.360000,0.100000,0.075773,-0.001948,0.070000,0.000000,0.001509,-0.000000,0.000000,False,3,3,True
483,2020-07-01,COD,1119,area_holdout_10pct_seed0,3,0.700000,0.698001,-0.001784,0.700000,0.350000,0.396759,0.003117,0.400000,0.100000,0.082147,0.006916,0.090000,0.000000,0.001509,-0.000000,0.000000,False,3,3,True
623,2017-06-01,COD,1542,area_holdout_10pct_seed0,3,1.000000,1.001257,-0.000168,1.000000,0.330000,0.214683,-0.000738,0.210000,0.130000,0.042004,-0.001948,0.040000,0.000000,0.001509,-0.000000,0.000000,False,3,3,True
623,2018-08-01,COD,1543,area_holdout_10pct_seed0,4,0.850000,0.828462,0.000120,0.830000,0.650000,0.358938,-0.000738,0.360000,0.300000,0.065210,-0.001948,0.060000,0.000000,0.001509,-0.000000,0.000000,False,4,3,True
623,2019-07-01,COD,1544,area_holdout_10pct_seed0,3,0.800000,0.735967,0.000072,0.740000,0.300000,0.319729,-0.012837,0.310000,0.100000,0.076819,-0.002024,0.070000,0.000000,0.001509,-0.000000,0.000000,False,3,3,True
623,2021-02-01,COD,1545,area_holdout_10pct_seed0,3,0.800000,0.755569,-0.000197,0.760000,0.350000,0.408510,0.001766,0.410000,0.150000,0.073351,0.005550,0.080000,0.000000,0.001509,-0.000000,0.000000,False,3,3,True
623,2022-07-01,COD,1546,area_holdout_10pct_seed0,3,0.900000,0.849877,0.000505,0.850000,0.450000,0.297413,-0.003448,0.290000,0.100000,0.058817,-0.000967,0.060000,0.000000,0.001509,-0.000000,0.000000,False,3,3,True
1215,2021-01-01,DJI,3182,area_holdout_10pct_seed0,2,0.490000,0.533172,0.000371,0.530000,0.150000,0.190019,0.002671,0.190000,0.050000,0.043406,-0.001817,0.040000,0.000000,0.001509,-0.000000,0.000000,False,2,2,True
1215,2022-10-01,DJI,3183,area_holdout_10pct_seed0,2,0.200000,0.586176,0.000332,0.590000,0.050000,0.320323,0.015220,0.340000,0.000000,0.087622,-0.001817,0.090000,0.000000,0.001509,-0.000000,0.000000,False,2,3,True
9,2022-09-01,DOM,3,area_holdout_10pct_seed0,4,0.800000,0.695552,-0.001274,0.690000,0.550000,0.282324,0.005239,0.290000,0.200000,0.051039,-0.001817,0.050000,0.000000,0.001509,-0.000000,0.000000,False,4,3,True
1144,2020-07-01,ETH,2916,area_holdout_10pct_seed0,2,0.500000,0.520894,-0.000215,0.520000,0.150000,0.256759,-0.000909,0.260000,0.000000,0.063373,0.001180,0.060000,0.000000,0.001509,-0.000000,0.000000,False,2,3,True
1144,2020-10-01,ETH,2917,area_holdout_10pct_seed0,2,0.450000,0.520372,-0.000556,0.520000,0.150000,0.158155,-0.007829,0.150000,0.050000,0.079262,-0.000429,0.080000,0.000000,0.001509,-0.000000,0.000000,False,2,2,True
1234,2020-01-01,ETH,3282,area_holdout_10pct_seed0,2,0.290000,0.349670,-0.000091,0.350000,0.060000,0.190358,-0.002041,0.190000,0.000000,0.080576,-0.000429,0.080000,0.000000,0.001509,-0.000000,0.000000,False,2,2,True
1234,2022-10-01,ETH,3283,area_holdout_10pct_seed0,2,0.200000,0.515820,0.000855,0.520000,0.050000,0.239967,0.001024,0.240000,0.000000,0.079152,-0.000429,0.080000,0.000000,0.001509,-0.000000,0.000000,False,2,3,True
1473,2018-01-01,ETH,3802,area_holdout_10pct_seed0,2,0.280000,0.412460,0.000132,0.410000,0.140000,0.220157,-0.004000,0.220000,0.000000,0.079046,-0.003435,0.080000,0.000000,0.001509,-0.000000,0.000000,False,2,3,True
86,2018-12-01,GTM,507,area_holdout_10pct_seed0,2,0.430000,0.429402,0.000298,0.430000,0.160000,0.157729,0.000245,0.160000,0.020000,0.020239,0.000394,0.020000,0.000000,0.001509,-0.000000,0.000000,False,2,2,True
86,2019-10-01,GTM,508,area_holdout_10pct_seed0,2,0.350000,0.368326,-0.001958,0.370000,0.060000,0.117903,-0.005429,0.110000,0.010000,0.020239,-0.001817,0.020000,0.000000,0.001509,-0.000000,0.000000,False,2,2,True
86,2019-12-01,GTM,509,area_holdout_10pct_seed0,2,0.550000,0.539752,0.001126,0.540000,0.080000,0.159624,-0.002053,0.160000,0.010000,0.020239,-0.001817,0.020000,0.000000,0.001509,-0.000000,0.000000,False,2,2,True
86,2020-08-01,GTM,510,area_holdout_10pct_seed0,3,0.550000,0.558673,-0.001163,0.560000,0.250000,0.205497,-0.000076,0.210000,0.050000,0.018456,-0.001817,0.020000,0.000000,0.001509,-0.000000,0.000000,False,3,3,True
86,2020-10-01,GTM,511,area_holdout_10pct_seed0,2,0.500000,0.501206,-0.000309,0.500000,0.100000,0.142191,-0.000076,0.140000,0.010000,0.020239,-0.001817,0.020000,0.000000,0.001509,-0.000000,0.000000,False,2,2,True
86,2020-12-01,GTM,512,area_holdout_10pct_seed0,3,0.550000,0.547647,0.000367,0.550000,0.220000,0.187698,0.001420,0.190000,0.020000,0.020239,-0.001817,0.020000,0.000000,0.001509,-0.000000,0.000000,False,3,2,True
86,2021-05-01,GTM,513,area_holdout_10pct_seed0,3,0.600000,0.607506,-0.000485,0.610000,0.250000,0.203527,0.001420,0.200000,0.020000,0.020239,-0.001817,0.020000,0.000000,0.001509,-0.000000,0.000000,False,3,3,True
86,2021-07-01,GTM,514,area_holdout_10pct_seed0,3,0.660000,0.656755,0.000953,0.660000,0.220000,0.188720,0.001420,0.190000,0.020000,0.020239,-0.001817,0.020000,0.000000,0.001509,-0.000000,0.000000,False,3,2,True
86,2022-03-01,GTM,515,area_holdout_10pct_seed0,2,0.630000,0.624145,0.003224,0.630000,0.150000,0.215148,0.008660,0.220000,0.000000,0.030053,0.000516,0.030000,0.000000,0.001509,-0.000000,0.000000,False,2,3,True
95,2018-02-01,GTM,602,area_holdout_10pct_seed0,2,0.450000,0.447375,0.000375,0.450000,0.070000,0.110676,-0.009026,0.100000,0.000000,0.025491,-0.001817,0.020000,0.000000,0.001509,-0.000000,0.000000,False,2,2,True
95,2019-10-01,GTM,603,area_holdout_10pct_seed0,2,0.350000,0.350245,0.000059,0.350000,0.060000,0.139039,-0.002053,0.140000,0.010000,0.024182,-0.001817,0.020000,0.000000,0.001509,-0.000000,0.000000,False,2,2,True
95,2019-12-01,GTM,604,area_holdout_10pct_seed0,2,0.470000,0.477891,-0.000343,0.480000,0.070000,0.156934,-0.002053,0.150000,0.000000,0.024182,-0.001817,0.020000,0.000000,0.001509,-0.000000,0.000000,False,2,2,True
95,2020-08-01,GTM,605,area_holdout_10pct_seed0,3,0.700000,0.699231,0.000189,0.700000,0.250000,0.212930,-0.000076,0.210000,0.050000,0.022399,-0.001817,0.020000,0.000000,0.001509,-0.000000,0.000000,False,3,3,True
95,2020-10-01,GTM,606,area_holdout_10pct_seed0,2,0.500000,0.502562,-0.000472,0.500000,0.100000,0.154305,-0.000076,0.150000,0.010000,0.024182,-0.001817,0.020000,0.000000,0.001509,-0.000000,0.000000,False,2,2,True
95,2020-11-01,GTM,607,area_holdout_10pct_seed0,3,0.600000,0.599350,0.000651,0.600000,0.230000,0.187148,0.001420,0.190000,0.030000,0.024182,-0.001817,0.020000,0.000000,0.001509,-0.000000,0.000000,False,3,2,True
95,2021-05-01,GTM,608,area_holdout_10pct_seed0,3,0.800000,0.788152,0.006176,0.790000,0.200000,0.213669,0.001420,0.220000,0.000000,0.030357,-0.001817,0.030000,0.000000,0.001509,-0.000000,0.000000,False,3,3,True
98,2018-11-01,GTM,620,area_holdout_10pct_seed0,2,0.450000,0.458475,-0.000650,0.460000,0.180000,0.180002,0.003659,0.180000,0.070000,0.025491,-0.001817,0.020000,0.000000,0.001509,-0.000000,0.000000,False,2,2,True
98,2019-12-01,GTM,621,area_holdout_10pct_seed0,2,0.620000,0.614370,0.001519,0.620000,0.170000,0.190440,0.003659,0.190000,0.020000,0.024182,-0.001817,0.020000,0.000000,0.001509,-0.000000,0.000000,False,2,2,True
98,2020-08-01,GTM,622,area_holdout_10pct_seed0,3,0.750000,0.748241,0.001152,0.750000,0.300000,0.212939,0.005635,0.220000,0.020000,0.022399,-0.001817,0.020000,0.000000,0.001509,-0.000000,0.000000,False,3,3,True
98,2021-05-01,GTM,623,area_holdout_10pct_seed0,3,0.760000,0.758372,0.000766,0.760000,0.260000,0.224079,0.005635,0.230000,0.010000,0.030357,-0.001817,0.030000,0.000000,0.001509,-0.000000,0.000000,False,3,3,True
100,2018-02-01,GTM,633,area_holdout_10pct_seed0,2,0.450000,0.453564,-0.000844,0.450000,0.070000,0.089000,-0.009026,0.080000,0.000000,0.021589,-0.001817,0.020000,0.000000,0.001509,-0.000000,0.000000,False,2,2,True
100,2018-11-01,GTM,634,area_holdout_10pct_seed0,2,0.500000,0.499744,0.000187,0.500000,0.150000,0.138442,-0.004929,0.130000,0.050000,0.021589,-0.001817,0.020000,0.000000,0.001509,-0.000000,0.000000,False,2,2,True
100,2019-10-01,GTM,635,area_holdout_10pct_seed0,2,0.350000,0.353232,-0.000603,0.350000,0.060000,0.125331,-0.002053,0.120000,0.010000,0.021589,-0.001817,0.020000,0.000000,0.001509,-0.000000,0.000000,False,2,2,True
100,2019-12-01,GTM,636,area_holdout_10pct_seed0,2,0.540000,0.538658,0.000113,0.540000,0.120000,0.169026,-0.002053,0.170000,0.010000,0.021589,-0.001817,0.020000,0.000000,0.001509,-0.000000,0.000000,False,2,2,True
100,2020-08-01,GTM,637,area_holdout_10pct_seed0,2,0.550000,0.551434,-0.000292,0.550000,0.170000,0.206037,-0.000076,0.210000,0.020000,0.019806,-0.001817,0.020000,0.000000,0.001509,-0.000000,0.000000,False,2,3,True
100,2020-10-01,GTM,638,area_holdout_10pct_seed0,2,0.500000,0.499032,-0.000203,0.500000,0.100000,0.143307,-0.000076,0.140000,0.010000,0.021589,-0.001817,0.020000,0.000000,0.001509,-0.000000,0.000000,False,2,2,True
100,2020-11-01,GTM,639,area_holdout_10pct_seed0,3,0.600000,0.596417,0.001367,0.600000,0.230000,0.175474,0.001420,0.180000,0.030000,0.021589,-0.001817,0.020000,0.000000,0.001509,-0.000000,0.000000,False,3,2,True
100,2021-11-01,GTM,640,area_holdout_10pct_seed0,2,0.440000,0.442236,-0.000178,0.440000,0.100000,0.134449,-0.000531,0.130000,0.000000,0.021589,-0.001817,0.020000,0.000000,0.001509,-0.000000,0.000000,False,2,2,True
100,2022-03-01,GTM,641,area_holdout_10pct_seed0,2,0.660000,0.656513,0.001506,0.660000,0.160000,0.215856,0.007928,0.220000,0.000000,0.039607,0.000516,0.040000,0.000000,0.001509,-0.000000,0.000000,False,2,3,True
104,2020-08-01,GTM,655,area_holdout_10pct_seed0,3,0.720000,0.712916,0.003128,0.720000,0.270000,0.203204,-0.000076,0.200000,0.020000,0.022399,-0.001817,0.020000,0.000000,0.001509,-0.000000,0.000000,False,3,3,True
41,2018-11-01,HND,83,area_holdout_10pct_seed0,2,0.550000,0.501270,0.000522,0.500000,0.150000,0.170020,0.000908,0.170000,0.020000,0.021589,-0.001817,0.020000,0.000000,0.001509,-0.000000,0.000000,False,2,2,True
41,2018-12-01,HND,84,area_holdout_10pct_seed0,2,0.630000,0.506864,0.000108,0.510000,0.180000,0.159880,0.004081,0.160000,0.030000,0.021589,0.000394,0.020000,0.000000,0.001509,-0.000000,0.000000,False,2,2,True
41,2019-11-01,HND,85,area_holdout_10pct_seed0,2,0.470000,0.554689,-0.000406,0.550000,0.100000,0.185512,-0.004763,0.180000,0.020000,0.021589,-0.001817,0.020000,0.000000,0.001509,-0.000000,0.000000,False,2,2,True
41,2019-12-01,HND,86,area_holdout_10pct_seed0,2,0.450000,0.491631,-0.000387,0.490000,0.150000,0.211553,0.000908,0.210000,0.050000,0.021589,-0.001817,0.020000,0.000000,0.001509,-0.000000,0.000000,False,2,3,True
41,2020-11-01,HND,87,area_holdout_10pct_seed0,2,0.350000,0.425379,-0.001256,0.420000,0.050000,0.166630,-0.002469,0.160000,0.000000,0.021589,-0.001817,0.020000,0.000000,0.001509,-0.000000,0.000000,False,2,2,True
41,2020-12-01,HND,88,area_holdout_10pct_seed0,3,0.700000,0.655793,0.000310,0.660000,0.350000,0.216259,-0.002469,0.210000,0.050000,0.021589,-0.001817,0.020000,0.000000,0.001509,-0.000000,0.000000,False,3,3,True
41,2021-05-01,HND,89,area_holdout_10pct_seed0,3,0.700000,0.697999,0.000785,0.700000,0.200000,0.196519,-0.002469,0.190000,0.000000,0.021589,-0.001817,0.020000,0.000000,0.001509,-0.000000,0.000000,False,3,2,True
41,2021-07-01,HND,90,area_holdout_10pct_seed0,3,0.700000,0.672094,-0.000183,0.670000,0.200000,0.177190,0.000908,0.180000,0.030000,0.021589,-0.001817,0.020000,0.000000,0.001509,-0.000000,0.000000,False,3,2,True
41,2021-12-01,HND,91,area_holdout_10pct_seed0,3,0.700000,0.622493,-0.000575,0.620000,0.280000,0.228024,0.008619,0.240000,0.030000,0.021589,0.000516,0.020000,0.000000,0.001509,-0.000000,0.000000,False,3,3,True
41,2022-03-01,HND,92,area_holdout_10pct_seed0,3,0.700000,0.700079,-0.000356,0.700000,0.290000,0.258839,0.013162,0.270000,0.040000,0.044112,0.000516,0.040000,0.000000,0.001509,-0.000000,0.000000,False,3,3,True
44,2018-02-01,HND,114,area_holdout_10pct_seed0,2,0.590000,0.588775,0.001817,0.590000,0.000000,0.097468,-0.008901,0.090000,0.000000,0.026890,-0.001817,0.030000,0.000000,0.001509,-0.000000,0.000000,False,2,2,True
44,2018-12-01,HND,115,area_holdout_10pct_seed0,2,0.490000,0.496356,0.000302,0.500000,0.190000,0.208825,0.000663,0.210000,0.040000,0.026890,0.000516,0.030000,0.000000,0.001509,-0.000000,0.000000,False,2,3,True
44,2020-08-01,HND,116,area_holdout_10pct_seed0,3,0.630000,0.629015,0.000255,0.630000,0.290000,0.199813,0.000968,0.200000,0.030000,0.025106,-0.001817,0.020000,0.000000,0.001509,-0.000000,0.000000,False,3,3,True
44,2020-10-01,HND,117,area_holdout_10pct_seed0,2,0.200000,0.210995,-0.001687,0.210000,0.050000,0.105723,-0.006005,0.100000,0.000000,0.026890,-0.001817,0.030000,0.000000,0.001509,-0.000000,0.000000,False,2,2,True
44,2020-11-01,HND,118,area_holdout_10pct_seed0,2,0.350000,0.356254,-0.000609,0.360000,0.050000,0.156878,-0.003873,0.150000,0.000000,0.026890,-0.001817,0.030000,0.000000,0.001509,-0.000000,0.000000,False,2,2,True
44,2020-12-01,HND,119,area_holdout_10pct_seed0,3,0.720000,0.718124,0.001048,0.720000,0.300000,0.238589,-0.001908,0.240000,0.030000,0.026890,-0.001817,0.030000,0.000000,0.001509,-0.000000,0.000000,False,3,3,True
44,2021-05-01,HND,120,area_holdout_10pct_seed0,3,0.650000,0.651858,-0.000356,0.650000,0.310000,0.202534,-0.001908,0.200000,0.030000,0.027631,-0.001817,0.030000,0.000000,0.001509,-0.000000,0.000000,False,3,3,True
44,2021-11-01,HND,121,area_holdout_10pct_seed0,2,0.230000,0.230323,-0.000088,0.230000,0.060000,0.108950,-0.004625,0.100000,0.000000,0.026890,-0.001817,0.030000,0.000000,0.001509,-0.000000,0.000000,False,2,2,True
55,2018-02-01,HND,213,area_holdout_10pct_seed0,2,0.450000,0.498158,-0.001178,0.500000,0.000000,0.123009,-0.011777,0.110000,0.000000,0.030792,-0.001817,0.030000,0.000000,0.001509,-0.000000,0.000000,False,2,2,True
55,2018-11-01,HND,214,area_holdout_10pct_seed0,2,0.200000,0.240016,-0.003980,0.240000,0.100000,0.150706,-0.011777,0.140000,0.020000,0.030792,-0.001817,0.030000,0.000000,0.001509,-0.000000,0.000000,False,1,2,True
55,2018-12-01,HND,215,area_holdout_10pct_seed0,2,0.400000,0.436306,-0.003814,0.430000,0.150000,0.206283,0.002075,0.210000,0.050000,0.029483,0.000516,0.030000,0.000000,0.001509,-0.000000,0.000000,False,2,3,True
55,2019-10-01,HND,216,area_holdout_10pct_seed0,2,0.310000,0.320995,-0.000273,0.320000,0.110000,0.147366,-0.004804,0.140000,0.010000,0.029483,-0.001817,0.030000,0.000000,0.001509,-0.000000,0.000000,False,2,2,True
55,2019-11-01,HND,217,area_holdout_10pct_seed0,3,0.500000,0.506497,0.000554,0.510000,0.220000,0.208589,-0.004804,0.200000,0.040000,0.029483,-0.001817,0.030000,0.000000,0.001509,-0.000000,0.000000,False,3,3,True
55,2019-12-01,HND,218,area_holdout_10pct_seed0,3,0.600000,0.585947,0.004915,0.590000,0.260000,0.188982,-0.004804,0.180000,0.060000,0.029483,-0.001817,0.030000,0.000000,0.001509,-0.000000,0.000000,False,3,2,True
55,2020-10-01,HND,219,area_holdout_10pct_seed0,2,0.400000,0.406495,-0.000583,0.410000,0.150000,0.150211,0.000968,0.150000,0.020000,0.029483,-0.001817,0.030000,0.000000,0.001509,-0.000000,0.000000,False,2,2,True
55,2020-11-01,HND,220,area_holdout_10pct_seed0,2,0.400000,0.419564,-0.003154,0.420000,0.050000,0.167744,-0.002408,0.170000,0.000000,0.029483,-0.001817,0.030000,0.000000,0.001509,-0.000000,0.000000,False,2,2,True
55,2020-12-01,HND,221,area_holdout_10pct_seed0,3,0.600000,0.603364,-0.000757,0.600000,0.250000,0.236009,-0.002408,0.230000,0.030000,0.029483,-0.001817,0.030000,0.000000,0.001509,-0.000000,0.000000,False,3,3,True
55,2021-05-01,HND,222,area_holdout_10pct_seed0,3,0.650000,0.657021,-0.000447,0.660000,0.310000,0.205842,-0.000443,0.210000,0.030000,0.029483,-0.001817,0.030000,0.000000,0.001509,-0.000000,0.000000,False,3,3,True
55,2021-07-01,HND,223,area_holdout_10pct_seed0,2,0.600000,0.604586,-0.000215,0.600000,0.100000,0.162129,-0.000528,0.160000,0.000000,0.028441,-0.001817,0.030000,0.000000,0.001509,-0.000000,0.000000,False,2,2,True
55,2021-11-01,HND,224,area_holdout_10pct_seed0,2,0.390000,0.393498,-0.000191,0.390000,0.090000,0.148676,0.000968,0.150000,0.010000,0.029483,-0.001817,0.030000,0.000000,0.001509,-0.000000,0.000000,False,2,2,True
55,2021-12-01,HND,225,area_holdout_10pct_seed0,3,0.600000,0.608343,-0.001016,0.610000,0.240000,0.242685,0.005896,0.250000,0.020000,0.029483,0.000516,0.030000,0.000000,0.001509,-0.000000,0.000000,False,3,3,True
55,2022-03-01,HND,226,area_holdout_10pct_seed0,3,0.650000,0.650184,-0.000134,0.650000,0.250000,0.251793,0.007476,0.260000,0.030000,0.046133,0.000516,0.050000,0.000000,0.001509,-0.000000,0.000000,False,3,3,True
18,2021-09-01,HTI,24,area_holdout_10pct_seed0,3,0.750000,0.749984,0.000076,0.750000,0.500000,0.397164,0.013065,0.410000,0.150000,0.057079,0.010485,0.070000,0.000000,0.001509,-0.000000,0.000000,False,3,3,True
22,2022-09-01,HTI,33,area_holdout_10pct_seed0,3,0.750000,0.751826,-0.000031,0.750000,0.450000,0.342301,0.014439,0.360000,0.150000,0.066233,-0.001817,0.060000,0.000000,0.001509,-0.000000,0.000000,False,3,3,True
22,2022-10-01,HTI,34,area_holdout_10pct_seed0,3,0.650000,0.651412,-0.000069,0.650000,0.220000,0.253635,0.007466,0.260000,0.010000,0.056204,-0.001817,0.050000,0.000000,0.001509,-0.000000,0.000000,False,3,3,True
995,2018-10-01,KEN,2767,area_holdout_10pct_seed0,2,0.490000,0.489623,0.000674,0.490000,0.100000,0.135029,-0.005020,0.130000,0.000000,0.034906,0.001782,0.040000,0.000000,0.001509,-0.000000,0.000000,False,2,2,True
995,2020-06-01,KEN,2768,area_holdout_10pct_seed0,2,0.500000,0.515852,0.000782,0.520000,0.150000,0.147284,-0.005732,0.140000,0.000000,0.031690,-0.001948,0.030000,0.000000,0.001509,-0.000000,0.000000,False,2,2,True
995,2022-02-01,KEN,2769,area_holdout_10pct_seed0,2,0.200000,0.250667,-0.005323,0.250000,0.050000,0.185350,-0.008801,0.180000,0.000000,0.051317,-0.001948,0.050000,0.000000,0.001509,-0.000000,0.000000,False,2,2,True
995,2022-06-01,KEN,2770,area_holdout_10pct_seed0,2,0.500000,0.547149,-0.001979,0.550000,0.150000,0.215224,0.000043,0.220000,0.000000,0.056191,-0.001003,0.060000,0.000000,0.001509,-0.000000,0.000000,False,2,3,True
1060,2021-07-01,KEN,2850,area_holdout_10pct_seed0,2,0.550000,0.541528,-0.000422,0.540000,0.150000,0.180595,0.000882,0.180000,0.050000,0.028439,-0.001817,0.030000,0.000000,0.001509,-0.000000,0.000000,False,2,2,True
1060,2022-02-01,KEN,2851,area_holdout_10pct_seed0,3,0.750000,0.745500,0.000467,0.750000,0.350000,0.263699,-0.000344,0.260000,0.100000,0.043828,-0.000429,0.040000,0.000000,0.001509,-0.000000,0.000000,False,3,3,True
1060,2022-07-01,KEN,2852,area_holdout_10pct_seed0,3,0.850000,0.817795,0.003119,0.820000,0.450000,0.300522,0.001825,0.300000,0.150000,0.043828,0.000516,0.040000,0.000000,0.001509,-0.000000,0.000000,False,3,3,True
1160,2017-07-01,KEN,2956,area_holdout_10pct_seed0,2,0.310000,0.312569,-0.000065,0.310000,0.150000,0.242931,-0.006586,0.240000,0.000000,0.049160,-0.001948,0.050000,0.000000,0.001509,-0.000000,0.000000,False,2,3,True
1160,2018-01-01,KEN,2957,area_holdout_10pct_seed0,2,0.210000,0.187108,0.001049,0.190000,0.090000,0.095975,-0.004952,0.090000,0.000000,0.026322,-0.000590,0.030000,0.000000,0.001509,-0.000000,0.000000,False,2,1,True
1160,2019-01-01,KEN,2958,area_holdout_10pct_seed0,1,0.150000,0.178838,-0.004701,0.170000,0.010000,0.162443,-0.000717,0.160000,0.000000,0.026322,-0.001817,0.020000,0.000000,0.001509,-0.000000,0.000000,False,1,1,True
1160,2019-07-01,KEN,2959,area_holdout_10pct_seed0,3,0.750000,0.740780,0.002346,0.740000,0.350000,0.219671,0.002748,0.220000,0.050000,0.031007,-0.006011,0.020000,0.000000,0.001509,-0.000000,0.000000,False,3,3,True
1160,2020-01-01,KEN,2960,area_holdout_10pct_seed0,2,0.210000,0.219473,-0.000397,0.220000,0.040000,0.130458,-0.017334,0.110000,0.000000,0.026322,-0.002208,0.020000,0.000000,0.001509,-0.000000,0.000000,False,2,2,True
1160,2020-02-01,KEN,2961,area_holdout_10pct_seed0,2,0.450000,0.455287,-0.000593,0.450000,0.100000,0.138448,-0.011182,0.130000,0.000000,0.026322,0.000798,0.030000,0.000000,0.001509,-0.000000,0.000000,False,2,2,True
1160,2020-07-01,KEN,2962,area_holdout_10pct_seed0,1,0.190000,0.205182,-0.000327,0.200000,0.070000,0.117895,-0.002313,0.120000,0.000000,0.030163,0.000385,0.030000,0.000000,0.001509,-0.000000,0.000000,False,1,2,True
1160,2020-08-01,KEN,2963,area_holdout_10pct_seed0,2,0.500000,0.499729,-0.000043,0.500000,0.100000,0.186817,-0.016028,0.170000,0.000000,0.031007,-0.001948,0.030000,0.000000,0.001509,-0.000000,0.000000,False,2,2,True
1160,2021-01-01,KEN,2964,area_holdout_10pct_seed0,2,0.270000,0.283975,0.000308,0.280000,0.100000,0.107950,0.003171,0.110000,0.000000,0.026322,-0.001948,0.020000,0.000000,0.001509,-0.000000,0.000000,False,2,2,True
1160,2021-02-01,KEN,2965,area_holdout_10pct_seed0,2,0.600000,0.595091,0.000232,0.600000,0.150000,0.139344,-0.005624,0.130000,0.050000,0.028106,-0.001948,0.030000,0.000000,0.001509,-0.000000,0.000000,False,2,2,True
1160,2021-07-01,KEN,2966,area_holdout_10pct_seed0,3,0.650000,0.622176,0.000017,0.620000,0.200000,0.203685,-0.005624,0.200000,0.050000,0.030082,-0.003336,0.030000,0.000000,0.001509,-0.000000,0.000000,False,3,3,True
1160,2022-01-01,KEN,2967,area_holdout_10pct_seed0,3,0.470000,0.468576,-0.000289,0.470000,0.230000,0.238897,-0.009283,0.230000,0.040000,0.049665,-0.004954,0.040000,0.000000,0.001509,-0.000000,0.000000,False,3,3,True
1160,2022-02-01,KEN,2968,area_holdout_10pct_seed0,3,0.550000,0.523754,-0.000556,0.520000,0.250000,0.231922,-0.002471,0.230000,0.050000,0.049623,0.005959,0.060000,0.000000,0.001509,-0.000000,0.000000,False,3,3,True
1160,2022-05-01,KEN,2969,area_holdout_10pct_seed0,3,0.670000,0.644835,0.001710,0.650000,0.410000,0.283733,0.002286,0.290000,0.130000,0.080452,0.004571,0.090000,0.000000,0.001509,-0.000000,0.000000,False,3,3,True
1160,2022-07-01,KEN,2970,area_holdout_10pct_seed0,3,0.700000,0.635614,0.000331,0.640000,0.450000,0.289866,0.005249,0.300000,0.150000,0.075932,0.004571,0.080000,0.000000,0.001509,-0.000000,0.000000,False,3,3,True
1160,2022-10-01,KEN,2971,area_holdout_10pct_seed0,1,0.150000,0.172484,-0.000510,0.170000,0.050000,0.143711,-0.009599,0.130000,0.000000,0.078497,-0.003336,0.080000,0.000000,0.001509,-0.000000,0.000000,False,1,1,True
1008,2022-09-01,LBN,2791,area_holdout_10pct_seed0,3,0.750000,0.838291,0.000382,0.840000,0.300000,0.356913,0.002554,0.360000,0.050000,0.060372,-0.001817,0.060000,0.000000,0.001509,-0.000000,0.000000,False,3,3,True
1017,2022-09-01,LBN,2807,area_holdout_10pct_seed0,3,0.800000,0.813991,0.000503,0.810000,0.350000,0.341745,0.002554,0.340000,0.050000,0.060835,-0.001817,0.060000,0.000000,0.001509,-0.000000,0.000000,False,3,3,True
529,2020-07-01,LSO,1184,area_holdout_10pct_seed0,3,0.700000,0.483442,-0.000428,0.480000,0.350000,0.218183,-0.004004,0.210000,0.050000,0.043651,-0.001817,0.040000,0.000000,0.001509,-0.000000,0.000000,False,3,3,True
529,2020-09-01,LSO,1185,area_holdout_10pct_seed0,3,0.450000,0.469566,-0.000002,0.470000,0.200000,0.246413,-0.002053,0.240000,0.050000,0.042999,-0.001817,0.040000,0.000000,0.001509,-0.000000,0.000000,False,3,3,True
1582,2021-11-01,MDG,4188,area_holdout_10pct_seed0,4,0.900000,0.887841,-0.000068,0.890000,0.700000,0.522880,-0.001514,0.520000,0.250000,0.085565,0.005566,0.090000,0.000000,0.001509,-0.000000,0.000000,False,4,3,True
1582,2022-04-01,MDG,4189,area_holdout_10pct_seed0,3,0.850000,0.830460,0.001074,0.830000,0.450000,0.368531,0.000648,0.370000,0.050000,0.061482,-0.000429,0.060000,0.000000,0.001509,-0.000000,0.000000,False,3,3,True
1582,2022-11-01,MDG,4190,area_holdout_10pct_seed0,3,0.900000,0.844942,0.000661,0.850000,0.500000,0.408888,0.000648,0.410000,0.050000,0.057601,-0.000429,0.060000,0.000000,0.001509,-0.000000,0.000000,False,3,3,True
1614,2020-10-01,MDG,4301,area_holdout_10pct_seed0,4,0.850000,0.838154,0.000610,0.840000,0.650000,0.491530,-0.003007,0.490000,0.200000,0.049238,-0.003435,0.050000,0.000000,0.001509,-0.000000,0.000000,False,4,3,True
1614,2021-04-01,MDG,4302,area_holdout_10pct_seed0,4,0.950000,0.941700,0.001067,0.940000,0.750000,0.563405,0.018279,0.580000,0.300000,0.061981,0.026725,0.090000,0.050000,0.001509,-0.000000,0.000000,False,4,3,True
1614,2021-11-01,MDG,4303,area_holdout_10pct_seed0,4,0.950000,0.923685,0.000338,0.920000,0.750000,0.566125,-0.004891,0.560000,0.250000,0.081981,0.005566,0.090000,0.000000,0.001509,-0.000000,0.000000,False,4,3,True
1654,2017-03-01,MDG,4411,area_holdout_10pct_seed0,3,0.680000,0.681732,0.000242,0.680000,0.390000,0.368419,0.007956,0.380000,0.100000,0.038605,0.000516,0.040000,0.000000,0.001509,-0.000000,0.000000,False,3,3,True
1654,2017-08-01,MDG,4412,area_holdout_10pct_seed0,3,0.840000,0.831512,0.001129,0.830000,0.600000,0.365503,0.006511,0.370000,0.100000,0.040730,0.000516,0.040000,0.000000,0.001509,-0.000000,0.000000,False,3,3,True
1654,2019-07-01,MDG,4413,area_holdout_10pct_seed0,2,0.450000,0.451723,-0.000520,0.450000,0.150000,0.148804,-0.007579,0.140000,0.000000,0.032389,-0.000429,0.030000,0.000000,0.001509,-0.000000,0.000000,False,2,2,True
1669,2020-10-01,MDG,4461,area_holdout_10pct_seed0,2,0.550000,0.550716,-0.000234,0.550000,0.100000,0.261557,-0.003007,0.260000,0.000000,0.047889,-0.003435,0.040000,0.000000,0.001509,-0.000000,0.000000,False,2,3,True
1669,2022-08-01,MDG,4462,area_holdout_10pct_seed0,3,0.700000,0.700584,-0.000088,0.700000,0.250000,0.256687,0.012085,0.270000,0.000000,0.048342,0.000394,0.050000,0.000000,0.001509,-0.000000,0.000000,False,3,3,True
840,2019-06-01,MOZ,2471,area_holdout_10pct_seed0,3,0.700000,0.697850,0.000547,0.700000,0.250000,0.219837,-0.006302,0.210000,0.050000,0.036598,-0.000429,0.040000,0.000000,0.001509,-0.000000,0.000000,False,3,3,True
925,2019-06-01,MOZ,2632,area_holdout_10pct_seed0,3,0.400000,0.406176,-0.002257,0.400000,0.200000,0.237550,-0.004351,0.230000,0.050000,0.037948,-0.000429,0.040000,0.000000,0.001509,-0.000000,0.000000,False,3,3,True
925,2020-02-01,MOZ,2633,area_holdout_10pct_seed0,3,0.700000,0.700459,0.000154,0.700000,0.500000,0.391514,-0.000528,0.390000,0.100000,0.033739,-0.001817,0.030000,0.000000,0.001509,-0.000000,0.000000,False,3,3,True
932,2019-04-01,MOZ,2657,area_holdout_10pct_seed0,3,0.850000,0.843687,0.000310,0.840000,0.650000,0.413115,-0.006302,0.410000,0.100000,0.032389,-0.000429,0.030000,0.000000,0.001509,-0.000000,0.000000,False,3,3,True
932,2020-10-01,MOZ,2658,area_holdout_10pct_seed0,2,0.800000,0.795784,0.000845,0.800000,0.150000,0.194427,-0.003404,0.190000,0.000000,0.031545,-0.001817,0.030000,0.000000,0.001509,-0.000000,0.000000,False,2,2,True
1045,2018-09-01,MOZ,2827,area_holdout_10pct_seed0,1,0.190000,0.278121,-0.000165,0.280000,0.070000,0.132080,-0.007974,0.120000,0.020000,0.027910,-0.000429,0.030000,0.000000,0.001509,-0.000000,0.000000,False,1,2,True
1045,2021-11-01,MOZ,2828,area_holdout_10pct_seed0,1,0.150000,0.567343,0.000076,0.570000,0.050000,0.181463,-0.002479,0.180000,0.000000,0.031348,-0.001817,0.030000,0.000000,0.001509,-0.000000,0.000000,False,1,2,True
1064,2021-11-01,MOZ,2859,area_holdout_10pct_seed0,2,0.500000,0.511397,-0.000074,0.510000,0.100000,0.212829,-0.002479,0.210000,0.000000,0.028718,-0.001817,0.030000,0.000000,0.001509,-0.000000,0.000000,False,2,3,True
1009,2018-04-01,MWI,2792,area_holdout_10pct_seed0,2,0.350000,0.372936,0.000720,0.370000,0.120000,0.182692,-0.011287,0.170000,0.010000,0.043325,0.005566,0.050000,0.000000,0.001509,-0.000000,0.000000,False,2,2,True
1780,2018-10-01,PAK,4882,area_holdout_10pct_seed0,3,0.800000,0.793173,0.000285,0.790000,0.550000,0.472848,0.026711,0.500000,0.150000,0.094392,0.006935,0.100000,0.000000,0.001509,-0.000000,0.000000,False,3,3,True
1780,2021-10-01,PAK,4883,area_holdout_10pct_seed0,2,0.500000,0.556448,0.000101,0.560000,0.150000,0.315829,-0.006646,0.310000,0.050000,0.079693,-0.001826,0.080000,0.000000,0.001509,-0.000000,0.000000,False,2,3,True
1784,2019-08-01,PAK,4908,area_holdout_10pct_seed0,3,0.700000,0.669620,-0.000066,0.670000,0.350000,0.329003,-0.003577,0.330000,0.100000,0.086117,0.001905,0.090000,0.000000,0.001509,-0.000000,0.000000,False,3,3,True
1784,2022-07-01,PAK,4909,area_holdout_10pct_seed0,3,0.750000,0.646364,-0.000143,0.650000,0.400000,0.277470,-0.000071,0.280000,0.150000,0.090612,-0.001102,0.090000,0.000000,0.001509,-0.000000,0.000000,False,3,3,True
1861,2018-08-01,PAK,5449,area_holdout_10pct_seed0,3,0.800000,0.788926,0.000020,0.790000,0.500000,0.389143,0.009394,0.400000,0.100000,0.079298,0.009268,0.090000,0.000000,0.001509,-0.000000,0.000000,False,3,3,True
1866,2017-08-01,PAK,5480,area_holdout_10pct_seed0,3,0.500000,0.502790,-0.002458,0.500000,0.300000,0.353977,-0.005545,0.350000,0.050000,0.098471,0.006935,0.110000,0.000000,0.001509,-0.000000,0.000000,False,3,3,True
1866,2018-08-01,PAK,5481,area_holdout_10pct_seed0,3,0.800000,0.798275,0.001230,0.800000,0.500000,0.425368,0.009394,0.430000,0.100000,0.079298,0.009268,0.090000,0.000000,0.001509,-0.000000,0.000000,False,3,3,True
1866,2019-08-01,PAK,5482,area_holdout_10pct_seed0,3,0.700000,0.699165,0.000530,0.700000,0.400000,0.309293,-0.008333,0.300000,0.100000,0.075716,0.001905,0.080000,0.000000,0.001509,-0.000000,0.000000,False,3,3,True
1866,2019-11-01,PAK,5483,area_holdout_10pct_seed0,3,0.400000,0.406991,-0.001189,0.410000,0.200000,0.289501,-0.009081,0.280000,0.050000,0.083649,-0.003435,0.080000,0.000000,0.001509,-0.000000,0.000000,False,3,3,True
1866,2020-04-01,PAK,5484,area_holdout_10pct_seed0,3,0.750000,0.749253,0.000154,0.750000,0.450000,0.354945,-0.005222,0.350000,0.150000,0.079298,-0.000429,0.080000,0.000000,0.001509,-0.000000,0.000000,False,3,3,True
1866,2021-03-01,PAK,5485,area_holdout_10pct_seed0,3,0.700000,0.702616,-0.000089,0.700000,0.350000,0.361291,-0.000688,0.360000,0.100000,0.087232,0.001905,0.090000,0.000000,0.001509,-0.000000,0.000000,False,3,3,True
1866,2021-09-01,PAK,5486,area_holdout_10pct_seed0,3,0.850000,0.845342,0.000363,0.850000,0.450000,0.385697,-0.003642,0.380000,0.150000,0.087232,-0.001817,0.090000,0.000000,0.001509,-0.000000,0.000000,False,3,3,True
1866,2022-03-01,PAK,5487,area_holdout_10pct_seed0,3,0.800000,0.797304,0.000229,0.800000,0.450000,0.405591,-0.001680,0.400000,0.150000,0.113904,-0.000429,0.110000,0.000000,0.001509,-0.000000,0.000000,False,3,3,True
1866,2022-07-01,PAK,5488,area_holdout_10pct_seed0,3,0.650000,0.646477,-0.000860,0.650000,0.250000,0.362157,-0.002584,0.360000,0.050000,0.096775,-0.001102,0.100000,0.000000,0.001509,-0.000000,0.000000,False,3,3,True
1866,2022-09-01,PAK,5489,area_holdout_10pct_seed0,3,0.800000,0.795953,0.000316,0.800000,0.450000,0.379525,-0.011190,0.370000,0.100000,0.101010,-0.003435,0.100000,0.000000,0.001509,-0.000000,0.000000,False,3,3,True
825,2022-04-01,SDN,2461,area_holdout_10pct_seed0,3,0.700000,0.676961,-0.000057,0.680000,0.300000,0.478644,-0.007592,0.470000,0.100000,0.182630,-0.013824,0.170000,0.000000,0.001509,-0.000000,0.000000,False,3,3,True
47,2018-02-01,SLV,137,area_holdout_10pct_seed0,2,0.590000,0.505186,0.001422,0.510000,0.000000,0.085973,-0.004132,0.080000,0.000000,0.030857,-0.000429,0.030000,0.000000,0.001509,-0.000000,0.000000,False,2,2,True
47,2018-11-01,SLV,138,area_holdout_10pct_seed0,2,0.350000,0.390166,-0.001884,0.390000,0.150000,0.101454,-0.004132,0.100000,0.000000,0.030857,-0.000429,0.030000,0.000000,0.001509,-0.000000,0.000000,False,2,2,True
47,2018-12-01,SLV,139,area_holdout_10pct_seed0,2,0.380000,0.530912,-0.001039,0.530000,0.150000,0.170728,0.007123,0.180000,0.000000,0.027439,0.001905,0.030000,0.000000,0.001509,-0.000000,0.000000,False,2,2,True
47,2019-10-01,SLV,140,area_holdout_10pct_seed0,2,0.200000,0.204506,-0.000258,0.200000,0.050000,0.097585,-0.011559,0.090000,0.000000,0.027439,-0.001817,0.030000,0.000000,0.001509,-0.000000,0.000000,False,2,2,True
47,2019-11-01,SLV,141,area_holdout_10pct_seed0,3,0.550000,0.554633,-0.000344,0.550000,0.300000,0.152471,-0.007462,0.150000,0.050000,0.027439,-0.000429,0.030000,0.000000,0.001509,-0.000000,0.000000,False,3,2,True
47,2019-12-01,SLV,142,area_holdout_10pct_seed0,3,0.600000,0.567820,0.000166,0.570000,0.260000,0.151870,-0.007462,0.140000,0.060000,0.027439,-0.001817,0.030000,0.000000,0.001509,-0.000000,0.000000,False,3,2,True
47,2020-08-01,SLV,143,area_holdout_10pct_seed0,3,0.630000,0.610806,-0.000053,0.610000,0.290000,0.182319,-0.004585,0.180000,0.030000,0.030156,-0.001817,0.030000,0.000000,0.001509,-0.000000,0.000000,False,3,2,True
47,2020-11-01,SLV,144,area_holdout_10pct_seed0,2,0.350000,0.343150,-0.000034,0.340000,0.100000,0.130063,-0.004004,0.130000,0.000000,0.028784,-0.001817,0.030000,0.000000,0.001509,-0.000000,0.000000,False,2,2,True
47,2020-12-01,SLV,145,area_holdout_10pct_seed0,3,0.700000,0.687932,-0.000224,0.690000,0.350000,0.180926,-0.004004,0.180000,0.050000,0.020239,-0.001817,0.020000,0.000000,0.001509,-0.000000,0.000000,False,3,2,True
47,2021-05-01,SLV,146,area_holdout_10pct_seed0,3,0.650000,0.659252,-0.000799,0.660000,0.310000,0.160173,-0.004004,0.160000,0.030000,0.029541,-0.001817,0.030000,0.000000,0.001509,-0.000000,0.000000,False,3,2,True
47,2021-07-01,SLV,147,area_holdout_10pct_seed0,2,0.720000,0.611399,-0.000917,0.610000,0.180000,0.156016,-0.004004,0.150000,0.020000,0.018456,-0.001817,0.020000,0.000000,0.001509,-0.000000,0.000000,False,2,2,True
47,2021-11-01,SLV,148,area_holdout_10pct_seed0,2,0.230000,0.253859,0.000136,0.250000,0.060000,0.097449,-0.008101,0.090000,0.000000,0.034496,-0.001817,0.030000,0.000000,0.001509,-0.000000,0.000000,False,2,2,True
47,2021-12-01,SLV,149,area_holdout_10pct_seed0,3,0.630000,0.681993,0.000584,0.680000,0.230000,0.178460,0.001463,0.180000,0.030000,0.032371,0.000516,0.030000,0.000000,0.001509,-0.000000,0.000000,False,3,2,True
47,2022-03-01,SLV,150,area_holdout_10pct_seed0,3,0.650000,0.621951,0.000136,0.620000,0.250000,0.180808,0.002707,0.180000,0.030000,0.031535,-0.001817,0.030000,0.000000,0.001509,-0.000000,0.000000,False,3,2,True
60,2018-02-01,SLV,278,area_holdout_10pct_seed0,1,0.110000,0.137781,-0.000809,0.140000,0.000000,0.054429,-0.011105,0.040000,0.000000,0.030857,-0.000429,0.030000,0.000000,0.001509,-0.000000,0.000000,False,1,1,True
60,2018-11-01,SLV,279,area_holdout_10pct_seed0,2,0.360000,0.444323,0.000298,0.440000,0.110000,0.069910,-0.011105,0.060000,0.030000,0.030857,-0.000429,0.030000,0.000000,0.001509,-0.000000,0.000000,False,2,2,True
60,2018-12-01,SLV,280,area_holdout_10pct_seed0,2,0.430000,0.441920,0.000872,0.440000,0.160000,0.154367,0.001335,0.160000,0.020000,0.027439,0.001905,0.030000,0.000000,0.001509,-0.000000,0.000000,False,2,2,True
60,2019-10-01,SLV,281,area_holdout_10pct_seed0,2,0.200000,0.201743,0.000366,0.200000,0.050000,0.091957,-0.013524,0.080000,0.000000,0.027439,-0.001817,0.030000,0.000000,0.001509,-0.000000,0.000000,False,2,2,True
60,2019-11-01,SLV,282,area_holdout_10pct_seed0,2,0.500000,0.509587,0.000505,0.510000,0.130000,0.124105,-0.009427,0.110000,0.030000,0.027439,-0.000429,0.030000,0.000000,0.001509,-0.000000,0.000000,False,2,2,True
60,2019-12-01,SLV,283,area_holdout_10pct_seed0,2,0.380000,0.438191,-0.001174,0.440000,0.080000,0.136339,-0.007462,0.130000,0.030000,0.027439,-0.001817,0.030000,0.000000,0.001509,-0.000000,0.000000,False,2,2,True
60,2020-08-01,SLV,284,area_holdout_10pct_seed0,3,0.580000,0.589646,-0.000425,0.590000,0.200000,0.176691,-0.007462,0.170000,0.020000,0.030156,-0.001817,0.030000,0.000000,0.001509,-0.000000,0.000000,False,2,2,True
60,2020-11-01,SLV,285,area_holdout_10pct_seed0,2,0.400000,0.348367,0.000105,0.350000,0.050000,0.130432,-0.005415,0.130000,0.000000,0.028784,-0.001817,0.030000,0.000000,0.001509,-0.000000,0.000000,False,2,2,True
60,2020-12-01,SLV,286,area_holdout_10pct_seed0,3,0.550000,0.562318,-0.000303,0.560000,0.220000,0.176448,-0.005415,0.170000,0.020000,0.020239,-0.001817,0.020000,0.000000,0.001509,-0.000000,0.000000,False,3,2,True
60,2021-05-01,SLV,287,area_holdout_10pct_seed0,2,0.800000,0.802252,0.000749,0.800000,0.180000,0.159756,-0.004004,0.160000,0.000000,0.029541,-0.001817,0.030000,0.000000,0.001509,-0.000000,0.000000,False,2,2,True
60,2021-11-01,SLV,288,area_holdout_10pct_seed0,2,0.230000,0.234985,-0.000220,0.230000,0.060000,0.089446,-0.008101,0.080000,0.000000,0.033014,-0.001817,0.030000,0.000000,0.001509,-0.000000,0.000000,False,2,2,True
60,2022-03-01,SLV,289,area_holdout_10pct_seed0,2,0.450000,0.538027,-0.001632,0.540000,0.150000,0.172839,0.012526,0.190000,0.000000,0.030053,0.000516,0.030000,0.000000,0.001509,-0.000000,0.000000,False,2,2,True
1189,2017-07-01,SOM,3052,area_holdout_10pct_seed0,3,0.350000,0.343423,0.000369,0.340000,0.230000,0.273814,-0.001079,0.270000,0.010000,0.073645,-0.001817,0.070000,0.000000,0.001509,-0.000000,0.000000,False,3,3,True
1189,2019-01-01,SOM,3053,area_holdout_10pct_seed0,1,0.040000,0.230717,-0.000204,0.230000,0.000000,0.140268,-0.005986,0.130000,0.000000,0.032089,-0.001817,0.030000,0.000000,0.001509,-0.000000,0.000000,False,1,2,True
1189,2020-02-01,SOM,3054,area_holdout_10pct_seed0,2,0.500000,0.489410,0.000765,0.490000,0.150000,0.202603,-0.003246,0.200000,0.050000,0.028588,-0.001817,0.030000,0.000000,0.001509,-0.000000,0.000000,False,2,3,True
1189,2020-08-01,SOM,3055,area_holdout_10pct_seed0,2,0.600000,0.567286,0.000809,0.570000,0.150000,0.159464,0.001873,0.160000,0.050000,0.029329,-0.001817,0.030000,0.000000,0.001509,-0.000000,0.000000,False,2,2,True
1189,2021-01-01,SOM,3056,area_holdout_10pct_seed0,2,0.430000,0.401563,-0.000266,0.400000,0.150000,0.145797,0.005635,0.150000,0.020000,0.028588,-0.001817,0.030000,0.000000,0.001509,-0.000000,0.000000,False,2,2,True
1189,2021-02-01,SOM,3057,area_holdout_10pct_seed0,3,0.600000,0.527142,0.000761,0.530000,0.200000,0.231367,0.005635,0.240000,0.050000,0.028588,-0.001817,0.030000,0.000000,0.001509,-0.000000,0.000000,False,3,3,True
1189,2022-01-01,SOM,3058,area_holdout_10pct_seed0,2,0.400000,0.437823,-0.000607,0.440000,0.130000,0.240313,0.002918,0.240000,0.000000,0.072829,-0.001817,0.070000,0.000000,0.001509,-0.000000,0.000000,False,2,3,True
1189,2022-02-01,SOM,3059,area_holdout_10pct_seed0,3,0.700000,0.654797,0.001300,0.660000,0.350000,0.304846,0.019494,0.320000,0.100000,0.076128,0.006090,0.080000,0.000000,0.001509,-0.000000,0.000000,False,3,3,True
1189,2022-10-01,SOM,3060,area_holdout_10pct_seed0,2,0.350000,0.484926,0.001646,0.490000,0.150000,0.325856,0.008995,0.330000,0.000000,0.077982,-0.001817,0.080000,0.000000,0.001509,-0.000000,0.000000,False,2,3,True
1203,2019-01-01,SOM,3134,area_holdout_10pct_seed0,3,0.670000,0.482325,0.001202,0.480000,0.270000,0.142068,-0.003585,0.140000,0.070000,0.036668,-0.001817,0.030000,0.000000,0.001509,-0.000000,0.000000,False,3,2,True
1203,2020-08-01,SOM,3135,area_holdout_10pct_seed0,2,0.600000,0.569508,0.001011,0.570000,0.150000,0.165455,-0.005718,0.160000,0.050000,0.031859,-0.001817,0.030000,0.000000,0.001509,-0.000000,0.000000,False,2,2,True
1203,2021-05-01,SOM,3136,area_holdout_10pct_seed0,3,0.800000,0.732355,0.000875,0.730000,0.400000,0.220808,0.003163,0.220000,0.050000,0.031988,-0.001817,0.030000,0.000000,0.001509,-0.000000,0.000000,False,3,3,True
1203,2021-07-01,SOM,3137,area_holdout_10pct_seed0,2,0.460000,0.442589,0.000769,0.440000,0.150000,0.170101,0.003163,0.170000,0.010000,0.031859,-0.001817,0.030000,0.000000,0.001509,-0.000000,0.000000,False,2,2,True
1203,2022-02-01,SOM,3138,area_holdout_10pct_seed0,3,0.700000,0.646267,0.004096,0.650000,0.350000,0.310890,0.017022,0.330000,0.100000,0.074592,0.000516,0.080000,0.000000,0.001509,-0.000000,0.000000,False,3,3,True
1203,2022-10-01,SOM,3139,area_holdout_10pct_seed0,3,0.550000,0.526196,0.000495,0.530000,0.350000,0.331761,0.006523,0.340000,0.100000,0.079075,-0.001817,0.080000,0.000000,0.001509,-0.000000,0.000000,False,3,3,True
1231,2017-07-01,SOM,3267,area_holdout_10pct_seed0,3,0.520000,0.475385,0.000796,0.480000,0.390000,0.248625,0.002259,0.250000,0.160000,0.066907,-0.001817,0.070000,0.000000,0.001509,-0.000000,0.000000,False,3,3,True
1231,2018-01-01,SOM,3268,area_holdout_10pct_seed0,2,0.300000,0.298030,0.000583,0.300000,0.090000,0.112262,0.002259,0.110000,0.000000,0.019320,-0.001817,0.020000,0.000000,0.001509,-0.000000,0.000000,False,2,2,True
1231,2019-01-01,SOM,3269,area_holdout_10pct_seed0,2,0.220000,0.213585,-0.001038,0.210000,0.070000,0.091727,-0.005986,0.090000,0.000000,0.019320,-0.001817,0.020000,0.000000,0.001509,-0.000000,0.000000,False,2,2,True
1231,2019-07-01,SOM,3270,area_holdout_10pct_seed0,3,0.420000,0.387360,0.000933,0.390000,0.200000,0.103336,-0.005986,0.100000,0.040000,0.023264,-0.001817,0.020000,0.000000,0.001509,-0.000000,0.000000,False,3,2,True
1231,2020-01-01,SOM,3271,area_holdout_10pct_seed0,2,0.260000,0.290675,-0.001082,0.290000,0.080000,0.090898,-0.005986,0.080000,0.010000,0.018579,-0.001817,0.020000,0.000000,0.001509,-0.000000,0.000000,False,2,2,True
1231,2020-07-01,SOM,3272,area_holdout_10pct_seed0,2,0.330000,0.297829,0.000183,0.300000,0.120000,0.121276,0.010309,0.130000,0.020000,0.023264,0.000516,0.020000,0.000000,0.001509,-0.000000,0.000000,False,2,2,True
1231,2021-01-01,SOM,3273,area_holdout_10pct_seed0,2,0.410000,0.343292,0.000078,0.340000,0.130000,0.095475,0.002259,0.100000,0.010000,0.018579,-0.001817,0.020000,0.000000,0.001509,-0.000000,0.000000,False,2,2,True
1231,2021-07-01,SOM,3274,area_holdout_10pct_seed0,3,0.410000,0.433642,-0.001115,0.430000,0.210000,0.150374,0.005635,0.160000,0.040000,0.032440,-0.001817,0.030000,0.000000,0.001509,-0.000000,0.000000,False,3,2,True
1231,2022-01-01,SOM,3275,area_holdout_10pct_seed0,2,0.390000,0.391939,-0.000437,0.390000,0.180000,0.133544,0.002918,0.140000,0.010000,0.038056,-0.001817,0.040000,0.000000,0.001509,-0.000000,0.000000,False,2,2,True
1231,2022-05-01,SOM,3276,area_holdout_10pct_seed0,4,0.760000,0.703777,0.000197,0.700000,0.520000,0.294754,0.011775,0.310000,0.210000,0.059343,0.006090,0.070000,0.030000,0.001509,-0.000000,0.000000,False,4,3,True
1231,2022-10-01,SOM,3277,area_holdout_10pct_seed0,3,0.600000,0.668333,-0.000001,0.670000,0.400000,0.346384,0.008995,0.360000,0.150000,0.064191,-0.001817,0.060000,0.050000,0.001509,-0.000000,0.000000,False,3,3,True
1249,2019-07-01,SOM,3310,area_holdout_10pct_seed0,2,0.440000,0.456931,0.000231,0.460000,0.040000,0.141240,0.002221,0.140000,0.010000,0.029507,0.000516,0.030000,0.000000,0.001509,-0.000000,0.000000,False,2,2,True
1249,2020-01-01,SOM,3311,area_holdout_10pct_seed0,2,0.290000,0.305529,0.000482,0.310000,0.060000,0.139267,-0.006623,0.130000,0.000000,0.029507,-0.001817,0.030000,0.000000,0.001509,-0.000000,0.000000,False,2,2,True
1249,2022-01-01,SOM,3312,area_holdout_10pct_seed0,2,0.300000,0.364962,-0.000220,0.360000,0.080000,0.253914,-0.003437,0.250000,0.010000,0.058060,-0.001817,0.060000,0.000000,0.001509,-0.000000,0.000000,False,2,3,True
1249,2022-03-01,SOM,3313,area_holdout_10pct_seed0,3,0.800000,0.619748,0.002219,0.620000,0.400000,0.270408,0.003244,0.270000,0.050000,0.060480,0.006970,0.070000,0.000000,0.001509,-0.000000,0.000000,False,3,3,True
1249,2022-05-01,SOM,3314,area_holdout_10pct_seed0,3,0.470000,0.524759,-0.002789,0.520000,0.200000,0.303599,-0.005731,0.300000,0.030000,0.059969,-0.001817,0.060000,0.000000,0.001509,-0.000000,0.000000,False,3,3,True
1429,2017-07-01,SOM,3688,area_holdout_10pct_seed0,2,0.310000,0.310110,-0.000166,0.310000,0.120000,0.135034,0.002259,0.140000,0.000000,0.039909,-0.001817,0.040000,0.000000,0.001509,-0.000000,0.000000,False,2,2,True
1429,2018-01-01,SOM,3689,area_holdout_10pct_seed0,2,0.230000,0.231825,-0.000489,0.230000,0.090000,0.112450,0.002259,0.110000,0.000000,0.017970,-0.001817,0.020000,0.000000,0.001509,-0.000000,0.000000,False,2,2,True
1429,2019-01-01,SOM,3690,area_holdout_10pct_seed0,1,0.120000,0.119489,0.000050,0.120000,0.030000,0.083152,-0.007204,0.080000,0.000000,0.019013,-0.001817,0.020000,0.000000,0.001509,-0.000000,0.000000,False,1,1,True
1429,2019-07-01,SOM,3691,area_holdout_10pct_seed0,2,0.330000,0.332140,-0.001050,0.330000,0.070000,0.094644,-0.005986,0.090000,0.020000,0.021914,-0.001817,0.020000,0.000000,0.001509,-0.000000,0.000000,False,2,2,True
1429,2020-01-01,SOM,3692,area_holdout_10pct_seed0,2,0.250000,0.248331,0.000475,0.250000,0.020000,0.069928,-0.007450,0.060000,0.000000,0.017229,-0.001817,0.020000,0.000000,0.001509,-0.000000,0.000000,False,2,2,True
1429,2020-07-01,SOM,3693,area_holdout_10pct_seed0,2,0.210000,0.211829,-0.000622,0.210000,0.060000,0.092926,0.002858,0.100000,0.000000,0.021914,0.000394,0.020000,0.000000,0.001509,-0.000000,0.000000,False,2,2,True
1429,2021-01-01,SOM,3694,area_holdout_10pct_seed0,2,0.280000,0.278862,0.000096,0.280000,0.080000,0.093621,-0.001957,0.090000,0.000000,0.017229,-0.001817,0.020000,0.000000,0.001509,-0.000000,0.000000,False,2,2,True
1429,2021-07-01,SOM,3695,area_holdout_10pct_seed0,2,0.390000,0.387962,0.000584,0.390000,0.190000,0.120244,0.002759,0.120000,0.030000,0.021914,-0.001817,0.020000,0.000000,0.001509,-0.000000,0.000000,False,2,2,True
1429,2022-01-01,SOM,3696,area_holdout_10pct_seed0,2,0.270000,0.272635,-0.000905,0.270000,0.080000,0.125336,0.002918,0.130000,0.010000,0.033389,-0.001817,0.030000,0.000000,0.001509,-0.000000,0.000000,False,2,2,True
1429,2022-05-01,SOM,3697,area_holdout_10pct_seed0,3,0.460000,0.461021,-0.000598,0.460000,0.230000,0.206196,0.009675,0.220000,0.030000,0.040494,-0.000208,0.040000,0.000000,0.001509,-0.000000,0.000000,False,3,3,True
1429,2022-07-01,SOM,3698,area_holdout_10pct_seed0,1,0.150000,0.152570,-0.000095,0.150000,0.050000,0.152503,-0.002079,0.150000,0.000000,0.046393,0.006970,0.050000,0.000000,0.001509,-0.000000,0.000000,False,1,1,True
1429,2022-10-01,SOM,3699,area_holdout_10pct_seed0,1,0.150000,0.151229,-0.000251,0.150000,0.050000,0.120847,-0.005949,0.110000,0.000000,0.044101,-0.001817,0.040000,0.000000,0.001509,-0.000000,0.000000,False,1,1,True
1458,2019-01-01,SOM,3757,area_holdout_10pct_seed0,2,0.220000,0.272816,0.000709,0.270000,0.050000,0.115564,-0.001113,0.110000,0.000000,0.028330,-0.001817,0.030000,0.000000,0.001509,-0.000000,0.000000,False,2,2,True
1458,2020-07-01,SOM,3758,area_holdout_10pct_seed0,2,0.230000,0.318984,-0.001488,0.320000,0.100000,0.125535,0.001423,0.130000,0.020000,0.029182,0.000394,0.030000,0.000000,0.001509,-0.000000,0.000000,False,2,2,True
1458,2021-01-01,SOM,3759,area_holdout_10pct_seed0,2,0.280000,0.369499,-0.000052,0.370000,0.090000,0.145053,-0.004251,0.140000,0.000000,0.024497,-0.001817,0.020000,0.000000,0.001509,-0.000000,0.000000,False,2,2,True
1561,2017-07-01,SOM,4063,area_holdout_10pct_seed0,2,0.250000,0.334491,-0.004703,0.330000,0.070000,0.191971,-0.003453,0.190000,0.000000,0.049699,-0.001817,0.050000,0.000000,0.001509,-0.000000,0.000000,False,2,2,True
1561,2018-01-01,SOM,4064,area_holdout_10pct_seed0,1,0.110000,0.122629,-0.002354,0.120000,0.000000,0.078357,-0.005404,0.070000,0.000000,0.017229,-0.001817,0.020000,0.000000,0.001509,-0.000000,0.000000,False,1,1,True
1561,2019-01-01,SOM,4065,area_holdout_10pct_seed0,1,0.070000,0.101557,-0.004318,0.100000,0.010000,0.076577,-0.005986,0.070000,0.000000,0.019013,-0.001817,0.020000,0.000000,0.001509,-0.000000,0.000000,False,1,1,True
1561,2019-07-01,SOM,4066,area_holdout_10pct_seed0,2,0.370000,0.365232,-0.000171,0.370000,0.040000,0.084541,-0.005986,0.080000,0.010000,0.021914,-0.001817,0.020000,0.000000,0.001509,-0.000000,0.000000,False,2,2,True
1561,2020-01-01,SOM,4067,area_holdout_10pct_seed0,2,0.230000,0.173461,-0.000159,0.170000,0.040000,0.066962,-0.005986,0.060000,0.010000,0.017229,-0.001817,0.020000,0.000000,0.001509,-0.000000,0.000000,False,2,1,True
1561,2020-07-01,SOM,4068,area_holdout_10pct_seed0,2,0.280000,0.251782,0.000386,0.250000,0.100000,0.083264,0.002858,0.090000,0.020000,0.021914,0.000516,0.020000,0.000000,0.001509,-0.000000,0.000000,False,2,2,True
1561,2021-01-01,SOM,4069,area_holdout_10pct_seed0,2,0.360000,0.312524,0.000180,0.310000,0.130000,0.087422,-0.003453,0.080000,0.010000,0.017229,-0.001817,0.020000,0.000000,0.001509,-0.000000,0.000000,False,2,2,True
1561,2021-07-01,SOM,4070,area_holdout_10pct_seed0,2,0.430000,0.395825,-0.000104,0.400000,0.150000,0.116484,0.001291,0.120000,0.010000,0.021914,-0.001817,0.020000,0.000000,0.001509,-0.000000,0.000000,False,2,2,True
1561,2022-01-01,SOM,4071,area_holdout_10pct_seed0,2,0.290000,0.289459,-0.000172,0.290000,0.100000,0.125438,0.001436,0.130000,0.010000,0.035240,-0.001817,0.030000,0.000000,0.001509,-0.000000,0.000000,False,2,2,True
1561,2022-05-01,SOM,4072,area_holdout_10pct_seed0,3,0.550000,0.525645,-0.001278,0.520000,0.310000,0.270210,0.001436,0.270000,0.080000,0.057660,-0.001817,0.060000,0.000000,0.001509,-0.000000,0.000000,False,3,3,True
1561,2022-07-01,SOM,4073,area_holdout_10pct_seed0,3,0.600000,0.553431,0.000079,0.550000,0.400000,0.275549,0.014473,0.290000,0.050000,0.059827,0.012544,0.070000,0.000000,0.001509,-0.000000,0.000000,False,3,3,True
1561,2022-10-01,SOM,4074,area_holdout_10pct_seed0,2,0.300000,0.489713,0.000622,0.490000,0.100000,0.283954,0.005233,0.290000,0.000000,0.054991,-0.001817,0.050000,0.000000,0.001509,-0.000000,0.000000,False,2,3,True
1571,2017-07-01,SOM,4133,area_holdout_10pct_seed0,2,0.280000,0.357084,0.000492,0.360000,0.140000,0.252157,-0.003453,0.250000,0.000000,0.056666,-0.001817,0.050000,0.000000,0.001509,-0.000000,0.000000,False,2,3,True
1571,2018-01-01,SOM,4134,area_holdout_10pct_seed0,1,0.120000,0.221090,-0.000581,0.220000,0.000000,0.102845,-0.005404,0.100000,0.000000,0.018579,-0.001817,0.020000,0.000000,0.001509,-0.000000,0.000000,False,1,2,True
1571,2019-01-01,SOM,4135,area_holdout_10pct_seed0,1,0.170000,0.228270,-0.000134,0.230000,0.020000,0.103030,-0.005404,0.100000,0.000000,0.020362,-0.001817,0.020000,0.000000,0.001509,-0.000000,0.000000,False,1,2,True
1571,2019-07-01,SOM,4136,area_holdout_10pct_seed0,2,0.380000,0.366300,0.000107,0.370000,0.070000,0.094853,-0.002609,0.090000,0.010000,0.023264,-0.001817,0.020000,0.000000,0.001509,-0.000000,0.000000,False,2,2,True
1571,2020-01-01,SOM,4137,area_holdout_10pct_seed0,2,0.210000,0.261945,-0.000130,0.260000,0.030000,0.081352,-0.002609,0.080000,0.010000,0.018579,-0.001817,0.020000,0.000000,0.001509,-0.000000,0.000000,False,2,2,True
1571,2020-07-01,SOM,4138,area_holdout_10pct_seed0,2,0.260000,0.305235,-0.000375,0.300000,0.080000,0.107240,0.003440,0.110000,0.010000,0.023264,0.000516,0.020000,0.000000,0.001509,-0.000000,0.000000,False,2,2,True
1571,2021-01-01,SOM,4139,area_holdout_10pct_seed0,2,0.370000,0.359015,-0.000657,0.360000,0.130000,0.102407,-0.005404,0.100000,0.010000,0.018579,-0.001817,0.020000,0.000000,0.001509,-0.000000,0.000000,False,2,2,True
1571,2021-07-01,SOM,4140,area_holdout_10pct_seed0,2,0.260000,0.388876,-0.000223,0.390000,0.080000,0.120379,0.001291,0.120000,0.000000,0.020369,-0.001817,0.020000,0.000000,0.001509,-0.000000,0.000000,False,2,2,True
1571,2022-01-01,SOM,4141,area_holdout_10pct_seed0,2,0.270000,0.344942,-0.000283,0.340000,0.090000,0.173392,0.001436,0.170000,0.010000,0.039301,-0.001817,0.040000,0.000000,0.001509,-0.000000,0.000000,False,2,2,True
1571,2022-05-01,SOM,4142,area_holdout_10pct_seed0,3,0.460000,0.537533,-0.000153,0.540000,0.230000,0.326421,0.001436,0.330000,0.030000,0.078876,-0.001817,0.080000,0.000000,0.001509,-0.000000,0.000000,False,3,3,True
1571,2022-07-01,SOM,4143,area_holdout_10pct_seed0,3,0.650000,0.574133,-0.002372,0.570000,0.450000,0.400637,0.010454,0.410000,0.100000,0.119192,0.006970,0.130000,0.000000,0.001509,-0.000000,0.000000,False,3,3,True
1571,2022-10-01,SOM,4144,area_holdout_10pct_seed0,3,0.650000,0.497120,-0.000246,0.500000,0.450000,0.324287,0.005233,0.330000,0.100000,0.087814,-0.001817,0.090000,0.000000,0.001509,-0.000000,0.000000,False,3,3,True
1589,2022-01-01,SOM,4211,area_holdout_10pct_seed0,2,0.270000,0.267481,0.000088,0.270000,0.090000,0.113733,0.001436,0.120000,0.010000,0.033057,-0.001817,0.030000,0.000000,0.001509,-0.000000,0.000000,False,2,2,True
1608,2020-01-01,SOM,4278,area_holdout_10pct_seed0,3,0.560000,0.497194,0.000313,0.500000,0.210000,0.138214,-0.002609,0.140000,0.030000,0.026088,-0.001817,0.020000,0.000000,0.001509,-0.000000,0.000000,False,3,2,True
1608,2020-07-01,SOM,4279,area_holdout_10pct_seed0,2,0.380000,0.378089,0.000041,0.380000,0.090000,0.127026,0.006409,0.130000,0.000000,0.030773,0.000516,0.030000,0.000000,0.001509,-0.000000,0.000000,False,2,2,True
1608,2020-10-01,SOM,4280,area_holdout_10pct_seed0,3,0.450000,0.481785,0.000124,0.480000,0.200000,0.223054,-0.005404,0.220000,0.050000,0.034914,-0.001817,0.030000,0.000000,0.001509,-0.000000,0.000000,False,3,3,True
1608,2021-01-01,SOM,4281,area_holdout_10pct_seed0,2,0.460000,0.394596,-0.000093,0.390000,0.130000,0.145950,-0.003908,0.140000,0.000000,0.026088,-0.001817,0.020000,0.000000,0.001509,-0.000000,0.000000,False,2,2,True
1608,2021-07-01,SOM,4282,area_holdout_10pct_seed0,2,0.450000,0.399894,0.000177,0.400000,0.140000,0.155903,0.005635,0.160000,0.010000,0.030773,-0.001817,0.030000,0.000000,0.001509,-0.000000,0.000000,False,2,2,True
1608,2022-01-01,SOM,4283,area_holdout_10pct_seed0,3,0.430000,0.419094,-0.000160,0.420000,0.220000,0.222245,0.002918,0.230000,0.020000,0.059846,-0.001817,0.060000,0.000000,0.001509,-0.000000,0.000000,False,3,3,True
1608,2022-05-01,SOM,4284,area_holdout_10pct_seed0,3,0.610000,0.642413,-0.001363,0.640000,0.370000,0.394096,0.005058,0.400000,0.080000,0.098648,-0.001817,0.100000,0.000000,0.001509,-0.000000,0.000000,False,3,3,True
1608,2022-07-01,SOM,4285,area_holdout_10pct_seed0,3,0.700000,0.629804,0.000334,0.630000,0.500000,0.372895,-0.002629,0.370000,0.100000,0.100273,0.012544,0.110000,0.000000,0.001509,-0.000000,0.000000,False,3,3,True
1608,2022-10-01,SOM,4286,area_holdout_10pct_seed0,3,0.650000,0.625771,0.001646,0.630000,0.450000,0.356326,0.003150,0.360000,0.100000,0.097122,-0.001817,0.100000,0.000000,0.001509,-0.000000,0.000000,False,3,3,True
1638,2017-07-01,SOM,4371,area_holdout_10pct_seed0,3,0.470000,0.526752,-0.000130,0.530000,0.330000,0.304885,0.006318,0.310000,0.100000,0.076417,-0.001817,0.070000,0.000000,0.001509,-0.000000,0.000000,False,3,3,True
1638,2020-10-01,SOM,4372,area_holdout_10pct_seed0,3,0.450000,0.442540,-0.000133,0.440000,0.200000,0.203717,-0.002027,0.200000,0.050000,0.032284,-0.001817,0.030000,0.000000,0.001509,-0.000000,0.000000,False,3,3,True
1638,2021-01-01,SOM,4373,area_holdout_10pct_seed0,2,0.390000,0.423711,-0.000588,0.420000,0.100000,0.146465,0.008548,0.160000,0.000000,0.026088,-0.001817,0.020000,0.000000,0.001509,-0.000000,0.000000,False,2,2,True
1638,2021-05-01,SOM,4374,area_holdout_10pct_seed0,3,0.600000,0.573083,0.000115,0.570000,0.350000,0.244409,0.005635,0.250000,0.100000,0.032284,-0.001817,0.030000,0.000000,0.001509,-0.000000,0.000000,False,3,3,True
1638,2022-01-01,SOM,4375,area_holdout_10pct_seed0,3,0.430000,0.424276,-0.000094,0.420000,0.220000,0.219892,0.002918,0.220000,0.020000,0.061618,-0.001817,0.060000,0.000000,0.001509,-0.000000,0.000000,False,3,3,True
1638,2022-05-01,SOM,4376,area_holdout_10pct_seed0,3,0.610000,0.605363,0.000097,0.610000,0.370000,0.356508,0.005058,0.360000,0.080000,0.096783,-0.001817,0.090000,0.000000,0.001509,-0.000000,0.000000,False,3,3,True
1640,2017-07-01,SOM,4381,area_holdout_10pct_seed0,3,0.540000,0.682751,0.000836,0.680000,0.370000,0.384551,-0.001576,0.380000,0.130000,0.078326,-0.001817,0.080000,0.000000,0.001509,-0.000000,0.000000,False,3,3,True
1640,2018-01-01,SOM,4382,area_holdout_10pct_seed0,2,0.330000,0.362688,-0.000318,0.360000,0.180000,0.171151,-0.003908,0.170000,0.000000,0.027397,-0.001817,0.030000,0.000000,0.001509,-0.000000,0.000000,False,2,2,True
1640,2019-07-01,SOM,4383,area_holdout_10pct_seed0,2,0.420000,0.427412,-0.000678,0.430000,0.100000,0.118596,0.002485,0.120000,0.010000,0.032082,0.000516,0.030000,0.000000,0.001509,-0.000000,0.000000,False,2,2,True
1640,2020-01-01,SOM,4384,area_holdout_10pct_seed0,3,0.580000,0.510689,-0.000057,0.510000,0.220000,0.106933,-0.005986,0.100000,0.040000,0.026088,-0.001817,0.020000,0.000000,0.001509,-0.000000,0.000000,False,3,2,True
1640,2020-07-01,SOM,4385,area_holdout_10pct_seed0,2,0.340000,0.313020,-0.000083,0.310000,0.090000,0.124027,0.006409,0.130000,0.000000,0.030773,0.000394,0.030000,0.000000,0.001509,-0.000000,0.000000,False,2,2,True
1640,2021-01-01,SOM,4386,area_holdout_10pct_seed0,2,0.380000,0.384907,0.000055,0.380000,0.100000,0.126648,0.005171,0.130000,0.000000,0.026088,-0.001817,0.020000,0.000000,0.001509,-0.000000,0.000000,False,2,2,True
1640,2021-07-01,SOM,4387,area_holdout_10pct_seed0,2,0.450000,0.397711,0.000453,0.400000,0.140000,0.145751,0.005635,0.150000,0.010000,0.030773,-0.001817,0.030000,0.000000,0.001509,-0.000000,0.000000,False,2,2,True
1640,2022-01-01,SOM,4388,area_holdout_10pct_seed0,3,0.430000,0.451507,-0.000412,0.450000,0.220000,0.228294,0.002918,0.230000,0.020000,0.065784,-0.001817,0.060000,0.000000,0.001509,-0.000000,0.000000,False,3,3,True
1640,2022-05-01,SOM,4389,area_holdout_10pct_seed0,3,0.610000,0.662970,-0.002202,0.660000,0.370000,0.375279,0.005058,0.380000,0.080000,0.118779,-0.001817,0.120000,0.000000,0.001509,-0.000000,0.000000,False,3,3,True
1640,2022-10-01,SOM,4390,area_holdout_10pct_seed0,3,0.750000,0.706502,-0.000841,0.710000,0.550000,0.419694,0.008995,0.430000,0.150000,0.110705,-0.001817,0.110000,0.050000,0.001509,-0.000000,0.000000,False,3,3,True
1681,2020-07-01,SOM,4512,area_holdout_10pct_seed0,2,0.400000,0.381179,0.000096,0.380000,0.120000,0.133204,0.002221,0.140000,0.010000,0.030773,0.000516,0.030000,0.000000,0.001509,-0.000000,0.000000,False,2,2,True
1681,2021-01-01,SOM,4513,area_holdout_10pct_seed0,2,0.440000,0.442265,0.000183,0.440000,0.140000,0.172178,-0.001504,0.170000,0.010000,0.026088,-0.001817,0.020000,0.000000,0.001509,-0.000000,0.000000,False,2,2,True
1681,2021-07-01,SOM,4514,area_holdout_10pct_seed0,2,0.350000,0.363073,-0.000640,0.360000,0.140000,0.159158,-0.000267,0.160000,0.010000,0.030773,-0.001817,0.030000,0.000000,0.001509,-0.000000,0.000000,False,2,2,True
1681,2022-10-01,SOM,4515,area_holdout_10pct_seed0,3,0.700000,0.646884,0.000168,0.650000,0.500000,0.434530,0.005444,0.440000,0.100000,0.100709,-0.001817,0.100000,0.000000,0.001509,-0.000000,0.000000,False,3,3,True
1727,2017-07-01,SOM,4634,area_holdout_10pct_seed0,2,0.360000,0.452007,0.001101,0.450000,0.020000,0.274304,-0.003246,0.270000,0.000000,0.077420,-0.001817,0.080000,0.000000,0.001509,-0.000000,0.000000,False,2,3,True
1727,2018-01-01,SOM,4635,area_holdout_10pct_seed0,2,0.300000,0.390370,-0.000399,0.390000,0.010000,0.188423,-0.003246,0.190000,0.000000,0.035295,-0.001817,0.030000,0.000000,0.001509,-0.000000,0.000000,False,2,2,True
1727,2018-07-01,SOM,4636,area_holdout_10pct_seed0,3,0.540000,0.514693,0.000744,0.520000,0.260000,0.181843,0.003633,0.190000,0.070000,0.039980,0.000516,0.040000,0.000000,0.001509,-0.000000,0.000000,False,3,2,True
1727,2019-01-01,SOM,4637,area_holdout_10pct_seed0,2,0.490000,0.477136,0.000514,0.480000,0.130000,0.166501,-0.003246,0.160000,0.010000,0.037079,-0.001817,0.040000,0.000000,0.001509,-0.000000,0.000000,False,2,2,True
1727,2019-07-01,SOM,4638,area_holdout_10pct_seed0,2,0.350000,0.390353,0.000076,0.390000,0.060000,0.151285,0.003633,0.150000,0.010000,0.039980,0.000516,0.040000,0.000000,0.001509,-0.000000,0.000000,False,2,2,True
1727,2020-01-01,SOM,4639,area_holdout_10pct_seed0,2,0.350000,0.376549,0.000435,0.380000,0.100000,0.157792,-0.003246,0.150000,0.010000,0.033986,-0.001817,0.030000,0.000000,0.001509,-0.000000,0.000000,False,2,2,True
1727,2020-07-01,SOM,4640,area_holdout_10pct_seed0,2,0.380000,0.383823,0.000592,0.380000,0.150000,0.160816,0.003633,0.160000,0.040000,0.038671,0.000516,0.040000,0.000000,0.001509,-0.000000,0.000000,False,2,2,True
1727,2021-01-01,SOM,4641,area_holdout_10pct_seed0,3,0.500000,0.483723,0.000100,0.480000,0.230000,0.195206,0.005635,0.200000,0.010000,0.033986,-0.001817,0.030000,0.000000,0.001509,-0.000000,0.000000,False,3,3,True
1727,2022-01-01,SOM,4642,area_holdout_10pct_seed0,2,0.320000,0.391795,-0.000432,0.390000,0.140000,0.239495,-0.000061,0.240000,0.040000,0.073214,-0.001817,0.070000,0.000000,0.001509,-0.000000,0.000000,False,2,3,True
1727,2022-05-01,SOM,4643,area_holdout_10pct_seed0,3,0.470000,0.600313,-0.000098,0.600000,0.240000,0.340665,0.001436,0.340000,0.060000,0.078932,-0.001817,0.080000,0.000000,0.001509,-0.000000,0.000000,False,3,3,True
1727,2022-07-01,SOM,4644,area_holdout_10pct_seed0,3,0.500000,0.580024,-0.000042,0.580000,0.300000,0.399559,0.012250,0.410000,0.050000,0.083296,0.006970,0.090000,0.000000,0.001509,-0.000000,0.000000,False,3,3,True
1727,2022-10-01,SOM,4645,area_holdout_10pct_seed0,3,0.500000,0.593060,0.000353,0.590000,0.300000,0.337168,0.003150,0.340000,0.050000,0.083589,-0.001817,0.080000,0.000000,0.001509,-0.000000,0.000000,False,3,3,True
1739,2019-01-01,SOM,4694,area_holdout_10pct_seed0,2,0.470000,0.464952,-0.000122,0.460000,0.090000,0.134849,-0.005485,0.130000,0.000000,0.027397,-0.001817,0.030000,0.000000,0.001509,-0.000000,0.000000,False,2,2,True
1739,2020-07-01,SOM,4695,area_holdout_10pct_seed0,2,0.430000,0.423534,0.000350,0.420000,0.180000,0.123057,-0.000073,0.120000,0.060000,0.030773,0.000394,0.030000,0.000000,0.001509,-0.000000,0.000000,False,2,2,True
1739,2021-07-01,SOM,4696,area_holdout_10pct_seed0,2,0.360000,0.358513,-0.000149,0.360000,0.150000,0.157425,-0.000267,0.160000,0.010000,0.030773,-0.001817,0.030000,0.000000,0.001509,-0.000000,0.000000,False,2,2,True
1739,2022-01-01,SOM,4697,area_holdout_10pct_seed0,2,0.320000,0.327959,-0.000632,0.330000,0.140000,0.195415,-0.000061,0.200000,0.040000,0.063543,-0.001817,0.060000,0.000000,0.001509,-0.000000,0.000000,False,2,3,True
1739,2022-07-01,SOM,4698,area_holdout_10pct_seed0,3,0.500000,0.533899,-0.000314,0.530000,0.300000,0.342701,0.012250,0.350000,0.050000,0.076401,0.006970,0.080000,0.000000,0.001509,-0.000000,0.000000,False,3,3,True
496,2019-05-01,SSD,1131,area_holdout_10pct_seed0,4,0.900000,0.899036,0.000645,0.900000,0.650000,0.465632,0.007801,0.470000,0.250000,0.068303,0.006839,0.080000,0.000000,0.001509,-0.000000,0.000000,False,4,3,True
496,2019-08-01,SSD,1132,area_holdout_10pct_seed0,2,0.650000,0.656029,-0.002919,0.650000,0.150000,0.341388,-0.019007,0.320000,0.050000,0.091513,-0.001948,0.090000,0.000000,0.001509,-0.000000,0.000000,False,2,3,True
496,2020-01-01,SSD,1133,area_holdout_10pct_seed0,2,0.600000,0.602060,-0.000661,0.600000,0.150000,0.221143,-0.027481,0.190000,0.000000,0.077268,-0.004954,0.070000,0.000000,0.001509,-0.000000,0.000000,False,2,2,True
496,2022-02-01,SSD,1134,area_holdout_10pct_seed0,4,0.950000,0.945236,0.003705,0.950000,0.850000,0.515901,0.042544,0.560000,0.500000,0.202083,0.017614,0.220000,0.050000,0.001509,-0.000000,0.000000,False,4,4,True
496,2022-10-01,SSD,1135,area_holdout_10pct_seed0,3,0.850000,0.848786,0.000565,0.850000,0.400000,0.425218,-0.003293,0.420000,0.100000,0.098043,-0.000967,0.100000,0.000000,0.001509,-0.000000,0.000000,False,3,3,True
583,2017-09-01,SSD,1341,area_holdout_10pct_seed0,4,0.900000,0.900069,0.000096,0.900000,0.500000,0.557914,0.014374,0.570000,0.250000,0.172209,0.051506,0.220000,0.000000,0.001509,-0.000000,0.000000,False,4,4,True
583,2019-06-01,SSD,1342,area_holdout_10pct_seed0,2,0.500000,0.501213,-0.000845,0.500000,0.150000,0.277943,-0.020862,0.260000,0.030000,0.116222,-0.003435,0.110000,0.000000,0.001509,-0.000000,0.000000,False,2,3,True
683,2019-08-01,SSD,1943,area_holdout_10pct_seed0,4,0.890000,0.871930,0.000157,0.870000,0.740000,0.589722,0.014731,0.600000,0.350000,0.146621,-0.000429,0.150000,0.000000,0.001509,-0.000000,0.000000,False,4,3,True
683,2022-02-01,SSD,1944,area_holdout_10pct_seed0,4,0.950000,0.944317,0.000630,0.940000,0.850000,0.759249,0.016378,0.780000,0.500000,0.351006,0.019133,0.370000,0.050000,0.001509,-0.000000,0.000000,False,4,4,True
691,2017-09-01,SSD,1974,area_holdout_10pct_seed0,3,1.000000,0.992232,0.003025,1.000000,0.810000,0.648284,0.020976,0.670000,0.110000,0.195055,0.029920,0.220000,0.000000,0.001509,-0.000000,0.000000,False,3,4,True
691,2019-01-01,SSD,1975,area_holdout_10pct_seed0,4,0.950000,0.947846,0.000354,0.950000,0.750000,0.647099,0.016705,0.660000,0.200000,0.147171,0.000479,0.150000,0.000000,0.001509,-0.000000,0.000000,False,4,3,True
691,2020-01-01,SSD,1976,area_holdout_10pct_seed0,3,0.900000,0.871240,0.000090,0.870000,0.550000,0.547243,-0.009475,0.540000,0.150000,0.134762,-0.003435,0.130000,0.000000,0.001509,-0.000000,0.000000,False,3,3,True
691,2022-02-01,SSD,1977,area_holdout_10pct_seed0,3,0.850000,0.863050,-0.002448,0.860000,0.550000,0.686506,0.016378,0.700000,0.150000,0.226772,0.019133,0.250000,0.000000,0.001509,-0.000000,0.000000,False,3,4,True
698,2017-09-01,SSD,1992,area_holdout_10pct_seed0,3,0.850000,0.852388,-0.000182,0.850000,0.450000,0.478872,0.005276,0.480000,0.150000,0.139070,0.029920,0.170000,0.000000,0.001509,-0.000000,0.000000,False,3,3,True
698,2018-01-01,SSD,1993,area_holdout_10pct_seed0,3,0.940000,0.933582,0.004001,0.940000,0.520000,0.385719,-0.004584,0.380000,0.010000,0.056058,-0.005623,0.050000,0.000000,0.001509,-0.000000,0.000000,False,3,3,True
698,2018-08-01,SSD,1994,area_holdout_10pct_seed0,2,0.550000,0.555631,-0.003393,0.550000,0.100000,0.309910,0.008007,0.320000,0.000000,0.066438,-0.001708,0.060000,0.000000,0.001509,-0.000000,0.000000,False,2,3,True
698,2020-07-01,SSD,1995,area_holdout_10pct_seed0,3,0.650000,0.650101,0.000119,0.650000,0.350000,0.298410,0.005485,0.300000,0.050000,0.074334,-0.003435,0.070000,0.000000,0.001509,-0.000000,0.000000,False,3,3,True
711,2017-01-01,SSD,2105,area_holdout_10pct_seed0,3,0.650000,0.645201,0.002387,0.650000,0.350000,0.286245,-0.028764,0.260000,0.050000,0.066400,-0.016719,0.050000,0.000000,0.001509,-0.000000,0.000000,False,3,3,True
711,2017-05-01,SSD,2106,area_holdout_10pct_seed0,3,0.690000,0.693722,-0.002190,0.690000,0.350000,0.406415,-0.017093,0.390000,0.050000,0.099303,-0.012261,0.090000,0.000000,0.001509,-0.000000,0.000000,False,3,3,True
711,2017-09-01,SSD,2107,area_holdout_10pct_seed0,4,0.900000,0.905833,-0.004002,0.900000,0.700000,0.593095,0.027612,0.620000,0.200000,0.196642,0.022044,0.220000,0.000000,0.001509,-0.000000,0.000000,False,4,4,True
711,2017-11-01,SSD,2108,area_holdout_10pct_seed0,1,0.180000,0.182924,-0.002126,0.180000,0.050000,0.151477,-0.016074,0.140000,0.000000,0.057559,-0.007174,0.050000,0.000000,0.001509,-0.000000,0.000000,False,1,1,True
711,2018-01-01,SSD,2109,area_holdout_10pct_seed0,3,0.950000,0.947552,0.000790,0.950000,0.450000,0.433797,0.005596,0.440000,0.000000,0.063158,-0.000243,0.060000,0.000000,0.001509,-0.000000,0.000000,False,3,3,True
711,2018-09-01,SSD,2110,area_holdout_10pct_seed0,5,1.000000,0.990844,0.005922,1.000000,0.900000,0.582846,0.004149,0.590000,0.600000,0.177554,0.029677,0.210000,0.300000,0.001509,-0.000000,0.000000,False,5,4,True
711,2019-01-01,SSD,2111,area_holdout_10pct_seed0,3,0.900000,0.900031,0.000066,0.900000,0.450000,0.459150,0.006362,0.470000,0.050000,0.072393,0.000479,0.070000,0.000000,0.001509,-0.000000,0.000000,False,3,3,True
711,2019-07-01,SSD,2112,area_holdout_10pct_seed0,3,0.750000,0.749852,0.000023,0.750000,0.250000,0.368328,0.011842,0.380000,0.050000,0.078617,-0.003435,0.080000,0.000000,0.001509,-0.000000,0.000000,False,3,3,True
711,2019-08-01,SSD,2113,area_holdout_10pct_seed0,3,0.650000,0.656286,-0.004268,0.650000,0.200000,0.337993,0.024233,0.360000,0.000000,0.070434,-0.001538,0.070000,0.000000,0.001509,-0.000000,0.000000,False,3,3,True
711,2020-01-01,SSD,2114,area_holdout_10pct_seed0,3,0.900000,0.896158,0.002060,0.900000,0.450000,0.291100,-0.012327,0.280000,0.100000,0.063914,-0.003435,0.060000,0.000000,0.001509,-0.000000,0.000000,False,3,3,True
711,2020-06-01,SSD,2115,area_holdout_10pct_seed0,3,0.700000,0.701082,-0.000365,0.700000,0.250000,0.266290,0.011028,0.280000,0.000000,0.070506,0.003342,0.070000,0.000000,0.001509,-0.000000,0.000000,False,3,3,True
711,2021-02-01,SSD,2116,area_holdout_10pct_seed0,3,0.750000,0.750205,-0.000300,0.750000,0.400000,0.408471,0.018165,0.430000,0.100000,0.074327,0.007771,0.080000,0.000000,0.001509,-0.000000,0.000000,False,3,3,True
711,2021-09-01,SSD,2117,area_holdout_10pct_seed0,3,0.750000,0.748921,0.000241,0.750000,0.400000,0.348378,0.004700,0.350000,0.050000,0.093317,-0.000429,0.090000,0.000000,0.001509,-0.000000,0.000000,False,3,3,True
711,2022-02-01,SSD,2118,area_holdout_10pct_seed0,3,0.800000,0.801010,-0.000330,0.800000,0.450000,0.427639,0.007608,0.440000,0.050000,0.073028,-0.000429,0.070000,0.000000,0.001509,-0.000000,0.000000,False,3,3,True
711,2022-07-01,SSD,2119,area_holdout_10pct_seed0,3,0.750000,0.749552,-0.000055,0.750000,0.250000,0.256880,0.000463,0.260000,0.050000,0.067526,-0.003435,0.060000,0.000000,0.001509,-0.000000,0.000000,False,3,3,True
769,2017-09-01,SSD,2296,area_holdout_10pct_seed0,4,0.950000,0.932807,0.005512,0.940000,0.550000,0.509193,0.019480,0.530000,0.200000,0.150160,0.029920,0.180000,0.000000,0.001509,-0.000000,0.000000,False,4,3,True
769,2020-01-01,SSD,2297,area_holdout_10pct_seed0,3,0.850000,0.852874,-0.000005,0.850000,0.600000,0.492704,-0.006599,0.490000,0.150000,0.120313,-0.003435,0.120000,0.000000,0.001509,-0.000000,0.000000,False,3,3,True
769,2022-02-01,SSD,2298,area_holdout_10pct_seed0,4,0.900000,0.897201,0.000335,0.900000,0.750000,0.591609,0.009066,0.600000,0.350000,0.215586,0.012679,0.230000,0.000000,0.001509,-0.000000,0.000000,False,4,4,True
800,2017-09-01,SSD,2397,area_holdout_10pct_seed0,4,0.880000,0.884167,-0.000945,0.880000,0.590000,0.534716,-0.002877,0.530000,0.220000,0.181839,0.029920,0.210000,0.000000,0.001509,-0.000000,0.000000,False,4,4,True
800,2018-01-01,SSD,2398,area_holdout_10pct_seed0,3,0.930000,0.931901,0.000249,0.930000,0.560000,0.426161,-0.016543,0.410000,0.120000,0.109692,-0.005623,0.100000,0.000000,0.001509,-0.000000,0.000000,False,3,3,True
800,2022-10-01,SSD,2399,area_holdout_10pct_seed0,4,0.950000,0.948479,0.000661,0.950000,0.600000,0.534842,0.002360,0.540000,0.200000,0.196285,0.018653,0.210000,0.000000,0.001509,-0.000000,0.000000,False,4,4,True
882,2017-01-01,SSD,2549,area_holdout_10pct_seed0,2,0.600000,0.613939,-0.010563,0.600000,0.050000,0.463071,-0.004570,0.460000,0.000000,0.102248,-0.011632,0.090000,0.000000,0.001509,-0.000000,0.000000,False,2,3,True
882,2017-05-01,SSD,2550,area_holdout_10pct_seed0,3,0.890000,0.887151,0.001325,0.890000,0.590000,0.626440,-0.004646,0.620000,0.140000,0.130060,-0.007174,0.120000,0.000000,0.001509,-0.000000,0.000000,False,3,3,True
882,2018-01-01,SSD,2551,area_holdout_10pct_seed0,3,0.900000,0.900848,0.000490,0.900000,0.740000,0.622857,0.002778,0.630000,0.120000,0.087975,0.005422,0.090000,0.000000,0.001509,-0.000000,0.000000,False,3,3,True
882,2019-08-01,SSD,2552,area_holdout_10pct_seed0,3,0.950000,0.938619,0.003018,0.940000,0.700000,0.624881,0.015315,0.640000,0.150000,0.139023,-0.001538,0.140000,0.000000,0.001509,-0.000000,0.000000,False,3,3,True
882,2022-02-01,SSD,2553,area_holdout_10pct_seed0,4,0.900000,0.898618,0.000883,0.900000,0.650000,0.678884,0.009628,0.690000,0.300000,0.210158,0.001905,0.210000,0.000000,0.001509,-0.000000,0.000000,False,4,4,True
899,2022-03-01,SSD,2591,area_holdout_10pct_seed0,3,0.700000,0.704354,-0.001726,0.700000,0.350000,0.373825,-0.003890,0.370000,0.050000,0.085654,-0.003435,0.080000,0.000000,0.001509,-0.000000,0.000000,False,3,3,True
899,2022-06-01,SSD,2592,area_holdout_10pct_seed0,2,0.600000,0.602015,-0.001119,0.600000,0.150000,0.322836,-0.002354,0.320000,0.000000,0.080534,-0.003435,0.080000,0.000000,0.001509,-0.000000,0.000000,False,2,3,True
899,2022-10-01,SSD,2593,area_holdout_10pct_seed0,3,0.800000,0.796697,0.001947,0.800000,0.500000,0.461524,0.001489,0.460000,0.150000,0.084575,-0.002617,0.080000,0.000000,0.001509,-0.000000,0.000000,False,3,3,True
905,2017-05-01,SSD,2606,area_holdout_10pct_seed0,4,0.950000,0.938269,0.005068,0.940000,0.750000,0.540994,-0.016178,0.520000,0.200000,0.123778,-0.007174,0.120000,0.000000,0.001509,-0.000000,0.000000,False,4,3,True
905,2018-09-01,SSD,2607,area_holdout_10pct_seed0,4,0.950000,0.952914,0.000049,0.950000,0.850000,0.703902,0.008355,0.710000,0.450000,0.232478,0.011417,0.240000,0.000000,0.001509,-0.000000,0.000000,False,4,4,True
905,2019-01-01,SSD,2608,area_holdout_10pct_seed0,4,0.950000,0.946844,0.001963,0.950000,0.650000,0.559184,0.023678,0.580000,0.250000,0.155943,0.005566,0.160000,0.050000,0.001509,-0.000000,0.000000,False,4,3,True
905,2020-10-01,SSD,2609,area_holdout_10pct_seed0,5,0.950000,0.946482,0.001600,0.950000,0.850000,0.606952,0.013247,0.620000,0.600000,0.158046,0.014209,0.170000,0.200000,0.001509,-0.000000,0.000000,False,5,3,True
931,2017-05-01,SSD,2651,area_holdout_10pct_seed0,3,0.790000,0.856740,0.000319,0.860000,0.250000,0.533450,-0.007522,0.530000,0.100000,0.131649,-0.012261,0.120000,0.000000,0.001509,-0.000000,0.000000,False,3,3,True
931,2019-08-01,SSD,2652,area_holdout_10pct_seed0,4,0.850000,0.851614,-0.000657,0.850000,0.650000,0.589624,0.013152,0.600000,0.300000,0.153589,-0.001538,0.150000,0.000000,0.001509,-0.000000,0.000000,False,4,3,True
931,2020-01-01,SSD,2653,area_holdout_10pct_seed0,4,0.800000,0.801592,-0.000780,0.800000,0.550000,0.587035,-0.011512,0.580000,0.200000,0.139631,-0.003435,0.140000,0.000000,0.001509,-0.000000,0.000000,False,4,3,True
931,2020-10-01,SSD,2654,area_holdout_10pct_seed0,4,0.850000,0.850698,-0.000331,0.850000,0.650000,0.568399,0.017666,0.590000,0.200000,0.157381,0.006333,0.160000,0.000000,0.001509,-0.000000,0.000000,False,4,3,True
931,2022-02-01,SSD,2655,area_holdout_10pct_seed0,4,0.900000,0.896011,0.001583,0.900000,0.700000,0.610501,0.014559,0.630000,0.300000,0.177835,0.001905,0.180000,0.000000,0.001509,-0.000000,0.000000,False,4,3,True
931,2022-10-01,SSD,2656,area_holdout_10pct_seed0,3,0.850000,0.850577,-0.000249,0.850000,0.600000,0.631257,0.019149,0.650000,0.100000,0.178918,0.009340,0.190000,0.000000,0.001509,-0.000000,0.000000,False,3,3,True
770,2022-06-01,SWZ,2299,area_holdout_10pct_seed0,2,0.400000,0.408504,-0.001511,0.410000,0.100000,0.168080,-0.006100,0.160000,0.000000,0.038008,-0.000429,0.040000,0.000000,0.001509,-0.000000,0.000000,False,2,2,True
770,2022-10-01,SWZ,2300,area_holdout_10pct_seed0,2,0.600000,0.611006,-0.000152,0.610000,0.100000,0.164569,-0.006100,0.160000,0.000000,0.042905,-0.000429,0.040000,0.000000,0.001509,-0.000000,0.000000,False,2,2,True
776,2018-06-01,SWZ,2310,area_holdout_10pct_seed0,2,0.380000,0.379072,-0.000533,0.380000,0.140000,0.197142,-0.001010,0.200000,0.020000,0.049473,0.001782,0.050000,0.000000,0.001509,-0.000000,0.000000,False,2,3,True
776,2020-06-01,SWZ,2311,area_holdout_10pct_seed0,3,0.750000,0.726636,0.004040,0.730000,0.450000,0.258131,-0.002506,0.260000,0.050000,0.039900,0.001782,0.040000,0.000000,0.001509,-0.000000,0.000000,False,3,3,True
1873,2017-08-01,TJK,5536,area_holdout_10pct_seed0,3,0.690000,0.706774,-0.001300,0.710000,0.350000,0.332288,-0.014982,0.320000,0.050000,0.112855,-0.000429,0.110000,0.000000,0.001509,-0.000000,0.000000,False,3,3,True
1873,2017-11-01,TJK,5537,area_holdout_10pct_seed0,4,0.950000,0.866663,-0.000811,0.870000,0.450000,0.378520,-0.002673,0.380000,0.300000,0.190122,-0.000429,0.190000,0.000000,0.001509,-0.000000,0.000000,False,4,3,True
1873,2018-08-01,TJK,5538,area_holdout_10pct_seed0,3,0.900000,0.794559,0.000423,0.790000,0.600000,0.379816,0.009256,0.390000,0.180000,0.129061,0.001905,0.130000,0.000000,0.001509,-0.000000,0.000000,False,3,3,True
1873,2019-08-01,TJK,5539,area_holdout_10pct_seed0,3,0.800000,0.703913,0.000073,0.700000,0.600000,0.328423,-0.000292,0.330000,0.150000,0.128545,0.001905,0.130000,0.000000,0.001509,-0.000000,0.000000,False,3,3,True
1873,2020-04-01,TJK,5540,area_holdout_10pct_seed0,4,0.850000,0.739004,0.000320,0.740000,0.550000,0.372625,-0.003246,0.370000,0.300000,0.138850,-0.001817,0.140000,0.000000,0.001509,-0.000000,0.000000,False,4,3,True
1873,2020-08-01,TJK,5541,area_holdout_10pct_seed0,4,0.800000,0.758985,0.000171,0.760000,0.450000,0.372096,-0.000292,0.370000,0.200000,0.115634,0.001905,0.120000,0.000000,0.001509,-0.000000,0.000000,False,4,3,True
1873,2021-03-01,TJK,5542,area_holdout_10pct_seed0,4,0.900000,0.777400,0.000143,0.780000,0.650000,0.376319,-0.000292,0.380000,0.300000,0.113459,0.000516,0.110000,0.000000,0.001509,-0.000000,0.000000,False,4,3,True
1873,2021-09-01,TJK,5543,area_holdout_10pct_seed0,4,0.900000,0.805382,0.000620,0.810000,0.550000,0.410842,-0.003246,0.410000,0.250000,0.135152,-0.000429,0.130000,0.000000,0.001509,-0.000000,0.000000,False,4,3,True
1873,2022-03-01,TJK,5544,area_holdout_10pct_seed0,4,0.900000,0.785269,0.000715,0.790000,0.550000,0.362875,-0.001666,0.360000,0.250000,0.126788,-0.000429,0.130000,0.000000,0.001509,-0.000000,0.000000,False,4,3,True
1873,2022-09-01,TJK,5545,area_holdout_10pct_seed0,4,0.850000,0.774983,0.000316,0.780000,0.500000,0.417724,-0.001666,0.420000,0.200000,0.133245,-0.000429,0.130000,0.000000,0.001509,-0.000000,0.000000,False,4,3,True
1057,2022-07-01,TZA,2846,area_holdout_10pct_seed0,2,0.350000,0.557034,0.001545,0.560000,0.050000,0.211889,0.001390,0.210000,0.000000,0.044993,-0.002621,0.040000,0.000000,0.001509,-0.000000,0.000000,False,2,3,True
752,2020-07-01,UGA,2241,area_holdout_10pct_seed0,3,0.700000,0.700022,-0.000053,0.700000,0.300000,0.277780,-0.003686,0.270000,0.050000,0.052833,0.002317,0.060000,0.000000,0.001509,-0.000000,0.000000,False,3,3,True
752,2022-10-01,UGA,2242,area_holdout_10pct_seed0,3,0.800000,0.799309,0.000226,0.800000,0.300000,0.358017,0.004964,0.360000,0.050000,0.060672,-0.000429,0.060000,0.000000,0.001509,-0.000000,0.000000,False,3,3,True
796,2019-01-01,UGA,2383,area_holdout_10pct_seed0,3,0.900000,0.897517,0.001186,0.900000,0.500000,0.428411,-0.000963,0.430000,0.050000,0.075987,0.002317,0.080000,0.000000,0.001509,-0.000000,0.000000,False,3,3,True
796,2021-02-01,UGA,2384,area_holdout_10pct_seed0,3,0.700000,0.698423,0.000511,0.700000,0.300000,0.275719,-0.004591,0.270000,0.050000,0.056657,-0.001102,0.060000,0.000000,0.001509,-0.000000,0.000000,False,3,3,True
796,2021-09-01,UGA,2385,area_holdout_10pct_seed0,3,0.600000,0.598372,0.000630,0.600000,0.200000,0.265653,-0.003686,0.260000,0.050000,0.060943,-0.001817,0.060000,0.000000,0.001509,-0.000000,0.000000,False,3,3,True
796,2022-06-01,UGA,2386,area_holdout_10pct_seed0,3,0.600000,0.600155,-0.000258,0.600000,0.350000,0.309824,0.005340,0.320000,0.050000,0.067573,-0.000429,0.070000,0.000000,0.001509,-0.000000,0.000000,False,3,3,True
848,2018-10-01,UGA,2507,area_holdout_10pct_seed0,2,0.350000,0.383077,-0.000625,0.380000,0.050000,0.146389,0.001184,0.150000,0.000000,0.052377,-0.000689,0.050000,0.000000,0.001509,-0.000000,0.000000,False,2,2,True
941,2017-11-01,UGA,2690,area_holdout_10pct_seed0,1,0.140000,0.142338,-0.001372,0.140000,0.030000,0.087055,-0.011574,0.080000,0.000000,0.029987,-0.001948,0.030000,0.000000,0.001509,-0.000000,0.000000,False,1,1,True
941,2021-07-01,UGA,2691,area_holdout_10pct_seed0,1,0.150000,0.151914,-0.001423,0.150000,0.050000,0.185538,-0.007005,0.180000,0.000000,0.037803,-0.001948,0.040000,0.000000,0.001509,-0.000000,0.000000,False,1,1,True
941,2022-03-01,UGA,2692,area_holdout_10pct_seed0,3,0.800000,0.800458,-0.000130,0.800000,0.500000,0.331150,0.015619,0.350000,0.100000,0.067818,-0.004954,0.060000,0.000000,0.001509,-0.000000,0.000000,False,3,3,True
1237,2018-12-01,YEM,3287,area_holdout_10pct_seed0,4,0.900000,0.830724,-0.001361,0.830000,0.700000,0.541197,0.008808,0.550000,0.420000,0.178178,0.004528,0.180000,0.020000,0.001509,-0.000000,0.000000,False,4,3,True
1237,2019-07-01,YEM,3288,area_holdout_10pct_seed0,4,0.900000,0.769907,-0.000148,0.770000,0.650000,0.482313,0.010520,0.490000,0.300000,0.120734,0.004528,0.130000,0.000000,0.001509,-0.000000,0.000000,False,4,3,True
1237,2020-10-01,YEM,3289,area_holdout_10pct_seed0,4,0.900000,0.782428,0.000324,0.780000,0.600000,0.434357,0.012125,0.450000,0.200000,0.131099,0.001782,0.130000,0.000000,0.001509,-0.000000,0.000000,False,4,3,True
1265,2019-07-01,YEM,3357,area_holdout_10pct_seed0,3,0.800000,0.869575,-0.000628,0.870000,0.500000,0.590002,0.006780,0.600000,0.150000,0.137677,0.004651,0.140000,0.000000,0.001509,-0.000000,0.000000,False,3,3,True
1272,2018-12-01,YEM,3362,area_holdout_10pct_seed0,4,0.900000,0.864297,-0.000200,0.860000,0.750000,0.601611,0.012181,0.610000,0.350000,0.174994,0.004528,0.180000,0.050000,0.001509,-0.000000,0.000000,False,4,3,True
1279,2018-12-01,YEM,3376,area_holdout_10pct_seed0,3,0.850000,0.821438,-0.000913,0.820000,0.550000,0.557274,0.009992,0.570000,0.170000,0.179527,0.004651,0.180000,0.000000,0.001509,-0.000000,0.000000,False,3,3,True
1280,2018-12-01,YEM,3377,area_holdout_10pct_seed0,3,0.790000,0.843790,0.000424,0.840000,0.490000,0.522330,0.008808,0.530000,0.190000,0.186901,0.004528,0.190000,0.020000,0.001509,-0.000000,0.000000,False,3,3,True
1280,2019-07-01,YEM,3378,area_holdout_10pct_seed0,3,0.700000,0.754574,-0.000261,0.750000,0.350000,0.449992,0.010520,0.460000,0.000000,0.112704,0.004528,0.120000,0.000000,0.001509,-0.000000,0.000000,False,3,3,True
1280,2020-02-01,YEM,3379,area_holdout_10pct_seed0,3,0.750000,0.745510,-0.000294,0.750000,0.300000,0.346597,-0.001512,0.350000,0.100000,0.074682,-0.000429,0.070000,0.000000,0.001509,-0.000000,0.000000,False,3,3,True
1280,2020-10-01,YEM,3380,area_holdout_10pct_seed0,3,0.800000,0.796021,-0.000544,0.800000,0.400000,0.527006,0.004159,0.530000,0.150000,0.149750,-0.000429,0.150000,0.000000,0.001509,-0.000000,0.000000,False,3,3,True
1306,2018-12-01,YEM,3422,area_holdout_10pct_seed0,3,0.790000,0.836501,-0.000450,0.840000,0.520000,0.527378,0.008808,0.540000,0.170000,0.158129,0.004528,0.160000,0.000000,0.001509,-0.000000,0.000000,False,3,3,True
1493,2018-12-01,YEM,3864,area_holdout_10pct_seed0,3,0.870000,0.770432,-0.000097,0.770000,0.510000,0.495943,-0.005945,0.490000,0.150000,0.146751,0.004528,0.150000,0.000000,0.001509,-0.000000,0.000000,False,3,3,True
1493,2019-07-01,YEM,3865,area_holdout_10pct_seed0,3,0.700000,0.744045,-0.000724,0.740000,0.300000,0.427434,0.000872,0.430000,0.000000,0.087662,0.004528,0.090000,0.000000,0.001509,-0.000000,0.000000,False,3,3,True
1514,2019-07-01,YEM,3905,area_holdout_10pct_seed0,3,0.800000,0.809982,0.000353,0.810000,0.450000,0.459013,0.010211,0.470000,0.150000,0.121168,0.004528,0.130000,0.000000,0.001509,-0.000000,0.000000,False,3,3,True
1514,2020-02-01,YEM,3906,area_holdout_10pct_seed0,3,0.750000,0.714347,-0.001576,0.710000,0.250000,0.256988,0.002972,0.260000,0.100000,0.078314,-0.000429,0.080000,0.000000,0.001509,-0.000000,0.000000,False,3,3,True
1514,2020-10-01,YEM,3907,area_holdout_10pct_seed0,3,0.800000,0.702396,-0.000544,0.700000,0.400000,0.374372,0.006348,0.380000,0.100000,0.120988,-0.000429,0.120000,0.000000,0.001509,-0.000000,0.000000,False,3,3,True
1586,2018-12-01,YEM,4200,area_holdout_10pct_seed0,2,0.700000,0.785221,0.000977,0.790000,0.200000,0.499418,0.008589,0.510000,0.100000,0.159585,0.010225,0.170000,0.000000,0.001509,-0.000000,0.000000,False,3,3,True
1586,2019-07-01,YEM,4201,area_holdout_10pct_seed0,3,0.700000,0.753622,-0.000365,0.750000,0.320000,0.396742,0.020645,0.420000,0.000000,0.119604,0.010102,0.130000,0.000000,0.001509,-0.000000,0.000000,False,3,3,True
1586,2020-10-01,YEM,4202,area_holdout_10pct_seed0,4,0.900000,0.834570,-0.001010,0.830000,0.700000,0.470972,0.007829,0.480000,0.200000,0.142028,-0.000429,0.140000,0.000000,0.001509,-0.000000,0.000000,False,4,3,True
1586,2022-01-01,YEM,4203,area_holdout_10pct_seed0,3,0.820000,0.781294,0.000031,0.780000,0.550000,0.469320,0.002624,0.470000,0.180000,0.111856,0.008428,0.120000,0.000000,0.001509,-0.000000,0.000000,False,3,3,True
1592,2019-07-01,YEM,4220,area_holdout_10pct_seed0,3,0.700000,0.752913,-0.000958,0.750000,0.320000,0.383470,-0.004234,0.380000,0.000000,0.085053,0.004528,0.090000,0.000000,0.001509,-0.000000,0.000000,False,3,3,True
1592,2020-02-01,YEM,4221,area_holdout_10pct_seed0,3,0.750000,0.805182,-0.000246,0.800000,0.350000,0.370713,0.003150,0.370000,0.100000,0.082106,-0.000429,0.080000,0.000000,0.001509,-0.000000,0.000000,False,3,3,True
1592,2020-10-01,YEM,4222,area_holdout_10pct_seed0,3,0.850000,0.834393,-0.000250,0.830000,0.500000,0.417528,0.002918,0.420000,0.150000,0.125749,-0.000429,0.130000,0.000000,0.001509,-0.000000,0.000000,False,3,3,True
1592,2022-01-01,YEM,4223,area_holdout_10pct_seed0,3,0.820000,0.797804,-0.000392,0.800000,0.550000,0.477593,0.002624,0.480000,0.180000,0.106456,0.008428,0.110000,0.000000,0.001509,-0.000000,0.000000,False,3,3,True
1593,2019-07-01,YEM,4224,area_holdout_10pct_seed0,3,0.700000,0.719246,-0.000132,0.720000,0.300000,0.401658,0.010520,0.410000,0.000000,0.085115,0.004528,0.090000,0.000000,0.001509,-0.000000,0.000000,False,3,3,True
1593,2020-02-01,YEM,4225,area_holdout_10pct_seed0,3,0.900000,0.779758,-0.000217,0.780000,0.550000,0.359153,0.003150,0.360000,0.150000,0.071277,-0.000429,0.070000,0.000000,0.001509,-0.000000,0.000000,False,3,3,True
1617,2020-10-01,YEM,4308,area_holdout_10pct_seed0,3,0.800000,0.827767,0.000293,0.830000,0.450000,0.464763,0.013262,0.480000,0.100000,0.115486,-0.000429,0.120000,0.000000,0.001509,-0.000000,0.000000,False,3,3,True
1648,2019-07-01,YEM,4398,area_holdout_10pct_seed0,3,0.700000,0.710159,-0.000046,0.710000,0.320000,0.365506,-0.004234,0.360000,0.000000,0.085115,0.004528,0.090000,0.000000,0.001509,-0.000000,0.000000,False,3,3,True
1648,2020-02-01,YEM,4399,area_holdout_10pct_seed0,3,0.700000,0.753533,-0.001268,0.750000,0.350000,0.333435,0.003150,0.340000,0.050000,0.071277,-0.000429,0.070000,0.000000,0.001509,-0.000000,0.000000,False,3,3,True
1648,2020-10-01,YEM,4400,area_holdout_10pct_seed0,3,0.800000,0.806291,-0.000722,0.810000,0.450000,0.416098,0.013262,0.430000,0.100000,0.116591,-0.000429,0.120000,0.000000,0.001509,-0.000000,0.000000,False,3,3,True
1648,2022-01-01,YEM,4401,area_holdout_10pct_seed0,3,0.820000,0.807019,0.000260,0.810000,0.550000,0.429322,0.002624,0.430000,0.180000,0.112859,0.008428,0.120000,0.000000,0.001509,-0.000000,0.000000,False,3,3,True
1672,2020-02-01,YEM,4476,area_holdout_10pct_seed0,3,0.700000,0.756630,-0.000292,0.760000,0.250000,0.332600,0.008821,0.340000,0.050000,0.076454,-0.000429,0.080000,0.000000,0.001509,-0.000000,0.000000,False,3,3,True
1672,2022-01-01,YEM,4477,area_holdout_10pct_seed0,3,0.820000,0.797606,-0.000258,0.800000,0.550000,0.413932,0.002624,0.420000,0.180000,0.116264,0.008428,0.120000,0.000000,0.001509,-0.000000,0.000000,False,3,3,True
531,2020-09-01,ZAF,1186,area_holdout_10pct_seed0,2,0.350000,0.350237,-0.000094,0.350000,0.150000,0.163100,-0.005222,0.160000,0.050000,0.025269,-0.000429,0.020000,0.000000,0.001509,-0.000000,0.000000,False,2,2,True
739,2017-07-01,ZAF,2237,area_holdout_10pct_seed0,2,0.400000,0.387165,-0.000077,0.390000,0.050000,0.131999,0.000976,0.130000,0.000000,0.049062,0.001782,0.050000,0.000000,0.001509,-0.000000,0.000000,False,2,2,True
517,2018-05-01,ZMB,1169,area_holdout_10pct_seed0,1,0.190000,0.491884,-0.000797,0.490000,0.050000,0.234064,-0.002506,0.230000,0.020000,0.062055,0.000516,0.060000,0.000000,0.001509,-0.000000,0.000000,False,1,3,True
603,2018-05-01,ZMB,1439,area_holdout_10pct_seed0,2,0.480000,0.505180,-0.001066,0.500000,0.130000,0.236976,-0.004289,0.230000,0.050000,0.056768,-0.001003,0.060000,0.000000,0.001509,-0.000000,0.000000,False,2,3,True
855,2018-09-01,ZWE,2519,area_holdout_10pct_seed0,2,0.310000,0.311334,-0.000045,0.310000,0.060000,0.109778,-0.003246,0.110000,0.030000,0.034670,-0.001817,0.030000,0.000000,0.001509,-0.000000,0.000000,False,2,2,True
