area_id,date,country_code_3,source_row_index,fold_id,source_overall_phase,phase2_test,phase2_layer1_pred,phase2_residual_pred,phase2_pred,phase3_test,phase3_layer1_pred,phase3_residual_pred,phase3_pred,phase4_test,phase4_layer1_pred,phase4_residual_pred,phase4_pred,phase5_test,phase5_layer1_pred,phase5_residual_pred,phase5_pred,nonpositive_cumulative_prediction_sum,overall_phase,overall_phase_pred
2,2022-10-01,DOM,0,1,2,0.5,0.58946508169174194,-0.00071842799661681056,0.5899999737739563,0.15000000000000002,0.24816945195198059,0.0010984705295413733,0.25,0.01,0.082014285027980804,-0.0027875411324203014,0.079999998211860657,0,0.0010606431169435382,1.0913936421275139e-10,0,False,2,3
5,2022-10-01,DOM,1,0,2,0.55000000000000004,0.65405523777008057,1.612059713806957e-05,0.64999997615814209,0.17999999999999999,0.34812530875205994,-0.0013190170284360647,0.34999999403953552,0.02,0.079637922346591949,-0.00099128542933613062,0.079999998211860657,0,0.0010221295524388552,9.0949470177292824e-12,0,False,2,3
9,2022-09-01,DOM,1,3,4,0.80000000000000004,0.63906538486480713,-0.00065163476392626762,0.63999998569488525,0.55000000000000004,0.27841740846633911,0.0028481879271566868,0.2800000011920929,0.20000000000000001,0.076729461550712585,-0.0025611994788050652,0.070000000298023224,0,0.00089907192159444094,-6.5483618527650833e-11,0,False,4,3
10,2022-09-01,HTI,1,1,4,0.84999999999999998,0.62269139289855957,0.00038145345752127469,0.62000000476837158,0.59999999999999998,0.30654177069664001,0.0043443967588245869,0.31000000238418579,0.25,0.080255985260009766,-0.0027875411324203014,0.079999998211860657,0,0.0010606431169435382,1.0913936421275139e-10,0,False,4,3
10,2022-10-01,HTI,2,1,3,0.65000000000000002,0.4780382513999939,-2.7008039978682064e-05,0.47999998927116394,0.22,0.27846026420593262,0.0043443967588245869,0.2800000011920929,0.01,0.080110833048820496,-0.0027875411324203014,0.079999998211860657,0,0.0010606431169435382,1.0913936421275139e-10,0,False,3,3
11,2022-09-01,HTI,3,2,4,0.84999999999999998,0.65031647682189941,-8.0809579230844975e-05,0.64999997615814209,0.59999999999999998,0.27904036641120911,0.0047959745861589909,0.2800000011920929,0.25,0.09016716480255127,-0.0011322528589516878,0.090000003576278687,0,0.0011075058719143271,-1.3824319466948509e-10,0,False,4,3
11,2022-10-01,HTI,4,2,3,0.65000000000000002,0.53597009181976318,-0.00022954745509196073,0.54000002145767212,0.22,0.21729956567287445,0.0047959745861589909,0.2199999988079071,0.01,0.069935694336891174,-0.0011322528589516878,0.070000000298023224,0,0.0011075058719143271,-1.3824319466948509e-10,0,False,3,3
12,2022-09-01,HTI,5,2,4,0.84999999999999998,0.65035790205001831,-8.0809579230844975e-05,0.64999997615814209,0.59999999999999998,0.27904036641120911,0.0047959745861589909,0.2800000011920929,0.25,0.09016716480255127,-0.0011322528589516878,0.090000003576278687,0,0.0011075058719143271,-1.3824319466948509e-10,0,False,4,3
12,2022-10-01,HTI,6,2,3,0.65000000000000002,0.53582102060317993,-0.00022954745509196073,0.54000002145767212,0.22,0.21729956567287445,0.0047959745861589909,0.2199999988079071,0.01,0.069935694336891174,-0.0011322528589516878,0.070000000298023224,0,0.0011075058719143271,-1.3824319466948509e-10,0,False,3,3
13,2022-09-01,HTI,9,1,3,0.75,0.60305458307266235,0.00019542167137842625,0.60000002384185791,0.5,0.25959676504135132,0.0043443967588245869,0.25999999046325684,0.14999999999999999,0.078873604536056519,-0.0027875411324203014,0.079999998211860657,0,0.0010606431169435382,1.0913936421275139e-10,0,False,3,3
16,2022-10-01,HTI,8,2,2,0.59999999999999998,0.48242461681365967,0.00032709757215343416,0.47999998927116394,0.14999999999999999,0.21539565920829773,0.0047959745861589909,0.2199999988079071,0,0.073564052581787109,-0.0011322528589516878,0.070000000298023224,0,0.0011075058719143271,-1.3824319466948509e-10,0,False,2,3
19,2022-10-01,HTI,15,0,3,0.65000000000000002,0.59956437349319458,-8.1387384852860123e-05,0.60000002384185791,0.22,0.22680193185806274,-0.010101318359375,0.2199999988079071,0.01,0.082922674715518951,-0.00099128542933613062,0.079999998211860657,0,0.0010221295524388552,9.0949470177292824e-12,0,False,3,3
20,2022-10-01,HTI,16,4,3,0.65000000000000002,0.50795811414718628,0.00021495690452866256,0.50999999046325684,0.22,0.17799791693687439,0.0042045153677463531,0.18000000715255737,0.01,0.072250545024871826,-0.0023152376525104046,0.070000000298023224,0,0.0011559246340766549,-7.7761797001585364e-11,0,False,3,2
21,2022-09-01,HTI,18,0,3,0.75,0.66145259141921997,0.00036473223008215427,0.6600000262260437,0.44999999999999996,0.3300805389881134,0.0052112750709056854,0.34000000357627869,0.14999999999999999,0.081284530460834503,-0.00099128542933613062,0.079999998211860657,0,0.0010221295524388552,9.0949470177292824e-12,0,False,3,3
21,2022-10-01,HTI,19,0,3,0.65000000000000002,0.58755612373352051,5.8950201491825283e-05,0.5899999737739563,0.22,0.23675668239593506,0.0040774121880531311,0.23999999463558197,0.01,0.081367425620555878,-0.00099128542933613062,0.079999998211860657,0,0.0010221295524388552,9.0949470177292824e-12,0,False,3,3
22,2022-09-01,HTI,17,4,3,0.75,0.64218032360076904,-5.2766423323191702e-05,0.63999998569488525,0.44999999999999996,0.19996686279773712,0.0094344941899180412,0.20999999344348907,0.14999999999999999,0.071356415748596191,-0.0023152376525104046,0.070000000298023224,0,0.0011559246340766549,-7.7761797001585364e-11,0,False,3,3
22,2022-10-01,HTI,18,4,3,0.65000000000000002,0.47734147310256958,0.00011848660506075248,0.47999998927116394,0.22,0.16093850135803223,0.0042045153677463531,0.17000000178813934,0.01,0.067465253174304962,-0.0023152376525104046,0.070000000298023224,0,0.0011559246340766549,-7.7761797001585364e-11,0,False,3,2
38,2022-03-01,HND,41,1,3,0.69999999999999996,0.54446321725845337,0.00021505355834960938,0.54000002145767212,0.28999999999999998,0.22795769572257996,0.0065647624433040619,0.23000000417232513,0.040000000000000001,0.07316599041223526,-0.0011651141103357077,0.070000000298023224,0,0.0010606431169435382,1.0913936421275139e-10,0,False,3,3
41,2022-03-01,HND,66,3,3,0.69999999999999996,0.57182180881500244,-0.00015395483933389187,0.56999999284744263,0.28999999999999998,0.24103365838527679,0.010679067112505436,0.25,0.040000000000000001,0.052761562168598175,-0.0025611994788050652,0.05000000074505806,0,0.00089907192159444094,-6.5483618527650833e-11,0,False,3,3
42,2022-03-01,HND,76,0,3,0.69999999999999996,0.6064954400062561,0.00033572374377399683,0.61000001430511475,0.28999999999999998,0.23115488886833191,0.004644966684281826,0.23999999463558197,0.040000000000000001,0.078497022390365601,-0.00099128542933613062,0.079999998211860657,0,0.0010221295524388552,9.0949470177292824e-12,0,False,3,3
45,2022-03-01,SLV,95,1,3,0.65000000000000002,0.48303318023681641,0.00058679125504568219,0.47999998927116394,0.25,0.21882255375385284,0.0010984705295413733,0.2199999988079071,0.029999999999999999,0.057357631623744965,-0.0027875411324203014,0.05000000074505806,0,0.0010606431169435382,1.0913936421275139e-10,0,False,3,3
47,2022-03-01,SLV,113,2,3,0.65000000000000002,0.51812201738357544,0.00016614943160675466,0.51999998092651367,0.25,0.19199343025684357,0.0037891236133873463,0.20000000298023224,0.029999999999999999,0.043936926871538162,-0.0011322528589516878,0.039999999105930328,0,0.0011075058719143271,-1.3824319466948509e-10,0,False,3,3
48,2022-03-01,HND,120,0,3,0.69999999999999996,0.61620903015136719,0.00023006609990261495,0.62000000476837158,0.28999999999999998,0.24975962936878204,0.0056831957772374153,0.25999999046325684,0.040000000000000001,0.068471081554889679,0.0022153202444314957,0.070000000298023224,0,0.0010221295524388552,9.0949470177292824e-12,0,False,3,3
49,2022-03-01,HND,121,0,3,0.69999999999999996,0.61297416687011719,0.00023006609990261495,0.61000001430511475,0.28999999999999998,0.2486388087272644,0.0056831957772374153,0.25,0.040000000000000001,0.061619307845830917,0.0022153202444314957,0.059999998658895493,0,0.0010221295524388552,9.0949470177292824e-12,0,False,3,3
50,2022-03-01,SLV,150,4,3,0.65000000000000002,0.52501511573791504,0.00028754997765645385,0.52999997138977051,0.25,0.17847828567028046,-0.0019073238363489509,0.18000000715255737,0.029999999999999999,0.049183987081050873,-0.0023152376525104046,0.05000000074505806,0,0.0011559246340766549,-7.7761797001585364e-11,0,False,3,2
51,2022-03-01,HND,147,2,3,0.65000000000000002,0.5712464451789856,0.00046267901780083776,0.56999999284744263,0.25,0.22636763751506805,0.0010587964206933975,0.23000000417232513,0.029999999999999999,0.048357393592596054,-0.0011322528589516878,0.05000000074505806,0,0.0011075058719143271,-1.3824319466948509e-10,0,False,3,3
52,2022-03-01,HND,141,0,3,0.65000000000000002,0.63336896896362305,0.00041297110146842897,0.62999999523162842,0.25,0.23112457990646362,0.0014861407689750195,0.23000000417232513,0.029999999999999999,0.063668899238109589,0.0022153202444314957,0.070000000298023224,0,0.0010221295524388552,9.0949470177292824e-12,0,False,3,3
54,2022-03-01,SLV,159,2,3,0.65000000000000002,0.5204663872718811,-0.0001471555297030136,0.51999998092651367,0.25,0.20826302468776703,0.0037891236133873463,0.20999999344348907,0.029999999999999999,0.043936926871538162,-0.0011322528589516878,0.039999999105930328,0,0.0011075058719143271,-1.3824319466948509e-10,0,False,3,3
55,2022-03-01,HND,174,4,3,0.65000000000000002,0.58014500141143799,-0.0001503969106124714,0.57999998331069946,0.25,0.22001555562019348,0.0090970993041992188,0.23000000417232513,0.029999999999999999,0.059734869748353958,-0.0023152376525104046,0.059999998658895493,0,0.0011559246340766549,-7.7761797001585364e-11,0,False,3,3
56,2022-03-01,HND,191,3,3,0.65000000000000002,0.55903071165084839,3.1376355764223263e-05,0.56000000238418579,0.25,0.23551300168037415,0.010679067112505436,0.25,0.029999999999999999,0.05897923931479454,-0.0025611994788050652,0.059999998658895493,0,0.00089907192159444094,-6.5483618527650833e-11,0,False,3,3
57,2022-03-01,SLV,188,4,2,0.44999999999999996,0.52415364980697632,0.00014403395471163094,0.51999998092651367,0.14999999999999999,0.22230283915996552,-0.0001333125401288271,0.2199999988079071,0,0.049183987081050873,-0.0023152376525104046,0.05000000074505806,0,0.0011559246340766549,-7.7761797001585364e-11,0,False,2,3
58,2022-03-01,GTM,206,1,3,0.69999999999999996,0.5622556209564209,0.00040696520591154695,0.56000000238418579,0.28999999999999998,0.25263866782188416,0.0078480048105120659,0.25999999046325684,0.040000000000000001,0.078754521906375885,-0.0011651141103357077,0.079999998211860657,0,0.0010606431169435382,1.0913936421275139e-10,0,False,3,3
59,2022-03-01,GTM,214,3,3,0.69999999999999996,0.62218022346496582,0.00014214428665582091,0.62000000476837158,0.28999999999999998,0.21945604681968689,0.010679067112505436,0.23000000417232513,0.040000000000000001,0.054337292909622192,-0.001065922318957746,0.05000000074505806,0,0.00089907192159444094,-6.5483618527650833e-11,0,False,3,3
60,2022-03-01,SLV,213,4,2,0.44999999999999996,0.55366826057434082,0.00038594900979660451,0.55000001192092896,0.14999999999999999,0.22491872310638428,0.004267275333404541,0.23000000417232513,0,0.049183987081050873,-0.0023152376525104046,0.05000000074505806,0,0.0011559246340766549,-7.7761797001585364e-11,0,False,2,3
63,2022-03-01,SLV,236,3,3,0.65000000000000002,0.51136326789855957,0.00060092017520219088,0.50999999046325684,0.25,0.19889622926712036,0.0033944346942007542,0.20000000298023224,0.029999999999999999,0.054656006395816803,-0.0025611994788050652,0.05000000074505806,0,0.00089907192159444094,-6.5483618527650833e-11,0,False,3,3
65,2022-03-01,SLV,249,2,2,0.44999999999999996,0.49244424700737,3.4946197047247551e-07,0.49000000953674316,0.14999999999999999,0.19408932328224182,-0.0045067085884511471,0.18999999761581421,0,0.043936926871538162,-0.0011322528589516878,0.039999999105930328,0,0.0011075058719143271,-1.3824319466948509e-10,0,False,2,2
66,2022-03-01,SLV,256,0,2,0.44999999999999996,0.5253034234046936,0.00041399538167752326,0.52999997138977051,0.14999999999999999,0.22645856440067291,0.0048153232783079147,0.23000000417232513,0,0.068471081554889679,0.0022153202444314957,0.070000000298023224,0,0.0010221295524388552,9.0949470177292824e-12,0,False,2,3
67,2022-03-01,GTM,260,4,3,0.65000000000000002,0.59479904174804688,-0.00010399652092019096,0.5899999737739563,0.25,0.20304456353187561,0.0033505030442029238,0.20999999344348907,0.029999999999999999,0.049183987081050873,-0.0023152376525104046,0.05000000074505806,0,0.0011559246340766549,-7.7761797001585364e-11,0,False,3,3
68,2022-03-01,GTM,278,3,3,0.65000000000000002,0.57855600118637085,3.9114180253818631e-05,0.57999998331069946,0.25,0.22851085662841797,0.0054809008724987507,0.23000000417232513,0.029999999999999999,0.056653350591659546,-0.001065922318957746,0.059999998658895493,0,0.00089907192159444094,-6.5483618527650833e-11,0,False,3,3
69,2022-03-01,GTM,275,0,3,0.65000000000000002,0.61665254831314087,0.00028365207253955305,0.62000000476837158,0.25,0.21663033962249756,0.0014861407689750195,0.2199999988079071,0.029999999999999999,0.063668899238109589,0.0022153202444314957,0.070000000298023224,0,0.0010221295524388552,9.0949470177292824e-12,0,False,3,3
70,2022-03-01,GTM,288,3,3,0.65000000000000002,0.6134377121925354,0.00016705793677829206,0.61000001430511475,0.25,0.1942933201789856,0.010679067112505436,0.20000000298023224,0.02,0.053244095295667648,-0.001065922318957746,0.05000000074505806,0,0.00089907192159444094,-6.5483618527650833e-11,0,False,3,3
71,2022-03-01,GTM,288,4,3,0.65000000000000002,0.55191141366958618,4.6964240027591586e-05,0.55000001192092896,0.25,0.23001286387443542,0.0090970993041992188,0.23999999463558197,0.02,0.053749699145555496,-0.0023152376525104046,0.05000000074505806,0,0.0011559246340766549,-7.7761797001585364e-11,0,False,3,3
72,2022-03-01,SLV,294,0,2,0.44999999999999996,0.55247712135314941,0.00032157337409444153,0.55000001192092896,0.14999999999999999,0.21153630316257477,0.0017265800852328539,0.20999999344348907,0,0.063798166811466217,0.0022153202444314957,0.070000000298023224,0,0.0010221295524388552,9.0949470177292824e-12,0,False,2,3
73,2022-03-01,SLV,322,2,2,0.44999999999999996,0.4964023232460022,-0.0003930702805519104,0.5,0.14999999999999999,0.17324265837669373,-0.0045067085884511471,0.17000000178813934,0,0.043936926871538162,-0.0011322528589516878,0.039999999105930328,0,0.0011075058719143271,-1.3824319466948509e-10,0,False,2,2
74,2022-03-01,GTM,323,2,2,0.44999999999999996,0.51661175489425659,4.9856149416882545e-05,0.51999998092651367,0.14999999999999999,0.20698454976081848,0.0010587964206933975,0.20999999344348907,0,0.046177107840776443,-0.0011322528589516878,0.05000000074505806,0,0.0011075058719143271,-1.3824319466948509e-10,0,False,2,3
75,2022-03-01,GTM,325,3,2,0.44999999999999996,0.5669405460357666,5.6582270190119743e-05,0.56999999284744263,0.14999999999999999,0.23635880649089813,0.010679067112505436,0.25,0,0.052761562168598175,-0.0025611994788050652,0.05000000074505806,0,0.00089907192159444094,-6.5483618527650833e-11,0,False,2,3
76,2022-03-01,GTM,324,4,2,0.44999999999999996,0.55655080080032349,-6.6586420871317387e-05,0.56000000238418579,0.14999999999999999,0.22031432390213013,0.012277628295123577,0.23000000417232513,0,0.052074484527111053,-0.0023152376525104046,0.05000000074505806,0,0.0011559246340766549,-7.7761797001585364e-11,0,False,2,3
77,2022-03-01,SLV,325,4,2,0.44999999999999996,0.55591154098510742,-0.00044374438584782183,0.56000000238418579,0.14999999999999999,0.21979062259197235,0.004267275333404541,0.2199999988079071,0,0.055533178150653839,-0.0023152376525104046,0.05000000074505806,0,0.0011559246340766549,-7.7761797001585364e-11,0,False,2,3
78,2022-03-01,GTM,326,4,2,0.5,0.58387571573257446,-0.0001385770010529086,0.57999998331069946,0.15000000000000002,0.23047681152820587,0.0090970993041992188,0.23999999463558197,0.01,0.049183987081050873,-0.0023152376525104046,0.05000000074505806,0,0.0011559246340766549,-7.7761797001585364e-11,0,False,2,3
79,2022-03-01,GTM,354,3,2,0.5,0.62185418605804443,-1.1312007700325921e-05,0.62000000476837158,0.15000000000000002,0.19795125722885132,0.010679067112505436,0.20999999344348907,0.01,0.0534215047955513,-0.001065922318957746,0.05000000074505806,0,0.00089907192159444094,-6.5483618527650833e-11,0,False,2,3
80,2022-03-01,GTM,352,0,3,0.75,0.62331724166870117,0.00032034007017500699,0.62000000476837158,0.28999999999999998,0.2860831618309021,0.012605199590325356,0.30000001192092896,0.040000000000000001,0.094781413674354553,0.0022153202444314957,0.10000000149011612,0,0.0010221295524388552,9.0949470177292824e-12,0,False,3,3
81,2022-03-01,GTM,392,1,3,0.75,0.48627856373786926,0.00056596280774101615,0.49000000953674316,0.28999999999999998,0.25646963715553284,0.0065647624433040619,0.25999999046325684,0.040000000000000001,0.096446506679058075,-0.0011651141103357077,0.10000000149011612,0,0.0010606431169435382,1.0913936421275139e-10,0,False,3,3
82,2022-03-01,GTM,336,4,2,0.55000000000000004,0.60395961999893188,0.00011870089656440541,0.60000002384185791,0.16999999999999998,0.23873722553253174,0.0090970993041992188,0.25,0.02,0.053749699145555496,-0.00035615620436146855,0.05000000074505806,0,0.0011559246340766549,-7.7761797001585364e-11,0,False,2,3
83,2022-03-01,GTM,361,0,2,0.55000000000000004,0.63451886177062988,0.00032057592761702836,0.62999999523162842,0.16999999999999998,0.22604820132255554,0.0098413946107029915,0.23999999463558197,0.02,0.064636722207069397,0.0022153202444314957,0.070000000298023224,0,0.0010221295524388552,9.0949470177292824e-12,0,False,2,3
86,2022-03-01,GTM,382,0,2,0.63,0.62235277891159058,0.00048230972606688738,0.62000000476837158,0.14999999999999999,0.21489162743091583,0.012605199590325356,0.23000000417232513,0,0.063798166811466217,0.0022153202444314957,0.070000000298023224,0,0.0010221295524388552,9.0949470177292824e-12,0,False,2,3
87,2022-03-01,GTM,383,0,2,0.63,0.62355494499206543,0.00048230972606688738,0.62000000476837158,0.14999999999999999,0.21489162743091583,0.012605199590325356,0.23000000417232513,0,0.063798166811466217,0.0022153202444314957,0.070000000298023224,0,0.0010221295524388552,9.0949470177292824e-12,0,False,2,3
90,2022-03-01,GTM,431,2,2,0.63,0.57999801635742188,5.9817208239110187e-05,0.57999998331069946,0.18000000000000002,0.20857198536396027,0.0047959745861589909,0.20999999344348907,0.01,0.043936926871538162,-0.0011322528589516878,0.039999999105930328,0,0.0011075058719143271,-1.3824319466948509e-10,0,False,2,3
91,2022-03-01,GTM,410,0,2,0.63,0.52361887693405151,-0.00027583228074945509,0.51999998092651367,0.18000000000000002,0.2141469419002533,0.0090383701026439667,0.2199999988079071,0.01,0.063470117747783661,0.0022153202444314957,0.070000000298023224,0,0.0010221295524388552,9.0949470177292824e-12,0,False,2,3
92,2022-03-01,GTM,420,4,2,0.63,0.55774879455566406,-7.2819937486201525e-05,0.56000000238418579,0.18000000000000002,0.17371828854084015,0.0046965093351900578,0.18000000715255737,0.01,0.046383615583181381,-0.0023152376525104046,0.039999999105930328,0,0.0011559246340766549,-7.7761797001585364e-11,0,False,2,2
93,2022-03-01,GTM,460,2,2,0.64000000000000001,0.55639016628265381,-3.7727797462139279e-05,0.56000000238418579,0.17999999999999999,0.2204892635345459,0.0065831788815557957,0.23000000417232513,0.02,0.043936926871538162,-0.0011322528589516878,0.039999999105930328,0,0.0011075058719143271,-1.3824319466948509e-10,0,False,2,3
94,2022-03-01,GTM,434,0,2,0.64000000000000001,0.59055948257446289,0.0002394761104369536,0.5899999737739563,0.17999999999999999,0.19220040738582611,0.0098413946107029915,0.20000000298023224,0.02,0.07446211576461792,0.0022153202444314957,0.079999998211860657,0,0.0010221295524388552,9.0949470177292824e-12,0,False,2,3
99,2022-03-01,GTM,492,2,2,0.66000000000000003,0.62444162368774414,0.00025320734130218625,0.62000000476837158,0.16,0.2500012218952179,0.0065831788815557957,0.25999999046325684,0,0.048357393592596054,-0.0011322528589516878,0.05000000074505806,0,0.0011075058719143271,-1.3824319466948509e-10,0,False,2,3
100,2022-03-01,GTM,469,4,2,0.66000000000000003,0.57832491397857666,0.00014517000818159431,0.57999998331069946,0.16,0.2511361837387085,0.012277628295123577,0.25999999046325684,0,0.05078577995300293,-0.0023152376525104046,0.05000000074505806,0,0.0011559246340766549,-7.7761797001585364e-11,0,False,2,3
109,2022-03-01,GTM,496,4,3,0.70000000000000007,0.59356153011322021,0.00017772187129594386,0.5899999737739563,0.25,0.23994036018848419,0.01071563083678484,0.25,0.02,0.059298906475305557,-0.0023152376525104046,0.059999998658895493,0,0.0011559246340766549,-7.7761797001585364e-11,0,False,3,3
110,2022-03-01,GTM,531,2,3,0.70000000000000007,0.60523998737335205,-0.00014850276056677103,0.61000001430511475,0.25,0.20640768110752106,0.0065831788815557957,0.20999999344348907,0.02,0.054177220910787582,-0.0011322528589516878,0.05000000074505806,0,0.0011075058719143271,-1.3824319466948509e-10,0,False,3,3
111,2022-03-01,GTM,532,2,2,0.60000000000000009,0.57331132888793945,0.00042830352322198451,0.56999999284744263,0.15000000000000002,0.21437206864356995,0.0065831788815557957,0.2199999988079071,0.01,0.043936926871538162,-0.0011322528589516878,0.039999999105930328,0,0.0011075058719143271,-1.3824319466948509e-10,0,False,2,3
112,2022-03-01,GTM,554,3,2,0.60000000000000009,0.60550570487976074,3.7059828173369169e-05,0.61000001430511475,0.15000000000000002,0.19554740190505981,0.010679067112505436,0.20999999344348907,0.01,0.055169079452753067,-0.0025611994788050652,0.05000000074505806,0,0.00089907192159444094,-6.5483618527650833e-11,0,False,2,3
113,2022-03-01,GTM,513,0,3,0.60000000000000009,0.58125859498977661,0.00019631604664027691,0.57999998331069946,0.23000000000000001,0.28759253025054932,0.010375871323049068,0.30000001192092896,0.029999999999999999,0.064821474254131317,0.0022153202444314957,0.070000000298023224,0,0.0010221295524388552,9.0949470177292824e-12,0,False,3,3
114,2022-03-01,GTM,539,2,3,0.60000000000000009,0.63197588920593262,-8.9177046902477741e-05,0.62999999523162842,0.23000000000000001,0.23449945449829102,0.0065831788815557957,0.23999999463558197,0.029999999999999999,0.056417401880025864,-0.0011322528589516878,0.059999998658895493,0,0.0011075058719143271,-1.3824319466948509e-10,0,False,3,3
136,2022-07-01,COD,529,0,2,0.59999999999999998,0.71936559677124023,0.00010266921162838116,0.72000002861022949,0.14999999999999999,0.25027042627334595,-0.0053726788610219955,0.23999999463558197,0,0.064720548689365387,0.0022144066169857979,0.070000000298023224,0,0.0010221295524388552,9.0949470177292824e-12,0,False,2,3
160,2022-07-01,COD,562,2,3,0.80000000000000004,0.59940242767333984,7.2112029556592461e-06,0.60000002384185791,0.25,0.33120784163475037,0.0045861131511628628,0.34000000357627869,0.050000000000000003,0.053163941949605942,0.0020786446984857321,0.059999998658895493,0,0.0011075058719143271,-1.3824319466948509e-10,0,False,3,3
161,2022-07-01,COD,621,1,3,0.80000000000000004,0.64503586292266846,-9.9834927823394537e-05,0.63999998569488525,0.25,0.2308667004108429,-0.0054005770944058895,0.23000000417232513,0.050000000000000003,0.060760512948036194,-0.00069213658571243286,0.059999998658895493,0,0.0010606431169435382,1.0913936421275139e-10,0,False,3,3
165,2022-09-01,CAF,586,3,4,0.85000000000000009,0.81438016891479492,-0.00010517568443901837,0.81000000238418579,0.60000000000000009,0.42636841535568237,0.0069775651209056377,0.43000000715255737,0.20000000000000001,0.14879022538661957,0.0018267134437337518,0.15000000596046448,0,0.00089907192159444094,-6.5483618527650833e-11,0,False,4,3
169,2022-07-01,COD,636,1,3,0.75,0.6547510027885437,0.00018639443442225456,0.64999997615814209,0.25,0.25128838419914246,-0.0054005770944058895,0.25,0.050000000000000003,0.075096920132637024,-0.00069213658571243286,0.070000000298023224,0,0.0010606431169435382,1.0913936421275139e-10,0,False,3,3
174,2022-09-01,CAF,598,3,3,0.84999999999999998,0.83502912521362305,1.1923250895051751e-05,0.8399999737739563,0.55000000000000004,0.4998282790184021,0.0069775651209056377,0.50999999046325684,0.14999999999999999,0.14784374833106995,0.0018267134437337518,0.15000000596046448,0,0.00089907192159444094,-6.5483618527650833e-11,0,False,3,3
175,2022-09-01,CAF,558,4,3,0.84999999999999998,0.81001418828964233,-1.5338544471887872e-05,0.81000000238418579,0.55000000000000004,0.43645122647285461,0.0091423504054546356,0.44999998807907104,0.14999999999999999,0.14842326939105988,0.0038320112507790327,0.15000000596046448,0,0.0011559246340766549,-7.7761797001585364e-11,0,False,3,3
177,2022-09-01,CAF,652,1,3,0.84999999999999998,0.82193177938461304,0.00015491399972233921,0.81999999284744263,0.55000000000000004,0.47123897075653076,-0.0010677585378289223,0.4699999988079071,0.14999999999999999,0.1443769633769989,0.0036956232506781816,0.15000000596046448,0,0.0010606431169435382,1.0913936421275139e-10,0,False,3,3
189,2022-07-01,COD,583,4,3,0.75000000000000011,0.67425191402435303,5.899862662772648e-05,0.67000001668930054,0.20000000000000001,0.2162216454744339,-0.0074750576168298721,0.20999999344348907,0.050000000000000003,0.068233370780944824,0.0049020168371498585,0.070000000298023224,0,0.0011559246340766549,-7.7761797001585364e-11,0,False,3,3
190,2022-07-01,COD,630,3,3,0.75000000000000011,0.6678624153137207,-7.3233735747635365e-05,0.67000001668930054,0.20000000000000001,0.19940690696239471,0.0013378637377172709,0.20000000298023224,0.050000000000000003,0.065055280923843384,0.0018267134437337518,0.070000000298023224,0,0.00089907192159444094,-6.5483618527650833e-11,0,False,3,3
216,2022-09-01,CAF,636,2,3,0.79999999999999993,0.68124663829803467,0.00053470482816919684,0.68000000715255737,0.44999999999999996,0.28041523694992065,0.0016189385205507278,0.2800000011920929,0.14999999999999999,0.08437434583902359,0.0072858263738453388,0.090000003576278687,0,0.0011075058719143271,-1.3824319466948509e-10,0,False,3,3
229,2022-09-01,CAF,622,0,3,0.75,0.66092616319656372,9.4090617494657636e-05,0.6600000262260437,0.40000000000000002,0.29362794756889343,9.8697048088070005e-05,0.28999999165534973,0.14999999999999999,0.062562130391597748,0.0031610601581633091,0.070000000298023224,0,0.0010221295524388552,9.0949470177292824e-12,0,False,3,3
230,2022-07-01,COD,623,0,3,0.55000000000000004,0.69777202606201172,-0.0001633269275771454,0.69999998807907104,0.20000000000000001,0.28738823533058167,-0.0053726788610219955,0.2800000011920929,0,0.076900042593479156,0.0022144066169857979,0.079999998211860657,0,0.0010221295524388552,9.0949470177292824e-12,0,False,3,3
234,2022-07-01,CAF,630,0,3,0.75,0.7046324610710144,-0.00010087862756336108,0.69999998807907104,0.29999999999999999,0.31266236305236816,-0.014995574951171875,0.30000001192092896,0.050000000000000003,0.094173058867454529,-0.0054497397504746914,0.090000003576278687,0,0.0010221295524388552,9.0949470177292824e-12,0,False,3,3
234,2022-09-01,CAF,631,0,3,0.55000000000000004,0.73349279165267944,9.0081397502217442e-05,0.73000001907348633,0.20000000000000001,0.25378143787384033,9.8697048088070005e-05,0.25,0,0.059110742062330246,0.0031610601581633091,0.059999998658895493,0,0.0010221295524388552,9.0949470177292824e-12,0,False,3,3
237,2022-07-01,CAF,709,1,3,0.75,0.72175586223602295,-0.00046164297964423895,0.72000002861022949,0.29999999999999999,0.28573650121688843,-0.022412881255149841,0.25999999046325684,0.050000000000000003,0.073469996452331543,-0.0056427773088216782,0.070000000298023224,0,0.0010606431169435382,1.0913936421275139e-10,0,False,3,3
237,2022-09-01,CAF,710,1,3,0.55000000000000004,0.68916404247283936,9.739075721881818e-06,0.68999999761581421,0.20000000000000001,0.2995859682559967,-0.0010677585378289223,0.30000001192092896,0,0.070165030658245087,0.0036956232506781816,0.070000000298023224,0,0.0010606431169435382,1.0913936421275139e-10,0,False,3,3
239,2022-07-01,CAF,678,3,3,0.75,0.7206159234046936,4.0445098420605063e-05,0.72000002861022949,0.29999999999999999,0.30776491761207581,-0.015967587009072304,0.28999999165534973,0.050000000000000003,0.082417301833629608,-0.0042834966443479061,0.079999998211860657,0,0.00089907192159444094,-6.5483618527650833e-11,0,False,3,3
239,2022-09-01,CAF,679,3,3,0.55000000000000004,0.67867833375930786,0.00023991137277334929,0.68000000715255737,0.20000000000000001,0.24617184698581696,0.001698826439678669,0.25,0,0.079704388976097107,0.0018267134437337518,0.079999998211860657,0,0.00089907192159444094,-6.5483618527650833e-11,0,False,3,3
242,2022-07-01,COD,639,4,2,0.5,0.64529252052307129,-2.4359509552596137e-05,0.64999997615814209,0.14999999999999999,0.21314698457717896,0.001150828436948359,0.20999999344348907,0,0.066055677831172943,0.0049020168371498585,0.070000000298023224,0,0.0011559246340766549,-7.7761797001585364e-11,0,False,2,3
251,2022-09-01,CAF,673,2,3,0.69999999999999996,0.74458044767379761,0.00066892174072563648,0.75,0.34999999999999998,0.27513018250465393,0.0016189385205507278,0.2800000011920929,0.050000000000000003,0.082835093140602112,0.0072858263738453388,0.090000003576278687,0,0.0011075058719143271,-1.3824319466948509e-10,0,False,3,3
258,2022-09-01,CAF,648,4,3,0.69999999999999996,0.74467217922210693,0.0012314774794504046,0.75,0.34999999999999998,0.34158840775489807,0.0091423504054546356,0.34999999403953552,0.050000000000000003,0.088621698319911957,0.0038320112507790327,0.090000003576278687,0,0.0011559246340766549,-7.7761797001585364e-11,0,False,3,3
263,2022-07-01,COD,687,2,3,0.65000000000000002,0.6349824070930481,-0.00010013993596658111,0.62999999523162842,0.20000000000000001,0.32839131355285645,0.0045861131511628628,0.33000001311302185,0,0.051022585481405258,0.0020786446984857321,0.05000000074505806,0,0.0011075058719143271,-1.3824319466948509e-10,0,False,3,3
264,2022-07-01,COD,656,4,3,0.65000000000000002,0.67024081945419312,3.658594869193621e-05,0.67000001668930054,0.20000000000000001,0.28194394707679749,0.01191960833966732,0.28999999165534973,0,0.075527094304561615,0.018294520676136017,0.090000003576278687,0,0.0011559246340766549,-7.7761797001585364e-11,0,False,3,3
280,2022-09-01,CAF,673,0,3,0.79999999999999993,0.81893306970596313,-0.00017810308781918138,0.81999999284744263,0.44999999999999996,0.42807817459106445,-0.0035759501624852419,0.41999998688697815,0.10000000000000001,0.13704487681388855,0.0031610601581633091,0.14000000059604645,0,0.0010221295524388552,9.0949470177292824e-12,0,False,3,3
282,2022-07-01,CAF,666,4,3,0.5,0.72489142417907715,0.00021880357235204428,0.73000001907348633,0.20000000000000001,0.36454898118972778,-0.020475279539823532,0.34000000357627869,0,0.065987847745418549,-0.0042457501403987408,0.059999998658895493,0,0.0011559246340766549,-7.7761797001585364e-11,0,False,3,3
282,2022-09-01,CAF,667,4,3,0.74999999999999989,0.71229475736618042,-4.4932705350220203e-05,0.70999997854232788,0.44999999999999996,0.32967537641525269,0.0014529821928590536,0.33000001311302185,0.10000000000000001,0.10371537506580353,0.0038320112507790327,0.10999999940395355,0,0.0011559246340766549,-7.7761797001585364e-11,0,False,3,3
283,2022-07-01,CAF,668,4,3,0.5,0.72020882368087769,0.00021880357235204428,0.72000002861022949,0.20000000000000001,0.38304680585861206,-0.020475279539823532,0.36000001430511475,0,0.072337038815021515,-0.0042457501403987408,0.070000000298023224,0,0.0011559246340766549,-7.7761797001585364e-11,0,False,3,3
283,2022-09-01,CAF,669,4,3,0.74999999999999989,0.70984494686126709,-1.5601841369061731e-05,0.70999997854232788,0.44999999999999996,0.34325170516967773,0.0014529821928590536,0.34000000357627869,0.10000000000000001,0.071641705930233002,0.0038320112507790327,0.079999998211860657,0,0.0011559246340766549,-7.7761797001585364e-11,0,False,3,3
284,2022-07-01,COD,716,3,3,0.69999999999999996,0.67404496669769287,1.5280675143003464e-05,0.67000001668930054,0.39999999999999997,0.3020588755607605,0.0040160263888537884,0.31000000238418579,0.050000000000000003,0.062419019639492035,0.0018267134437337518,0.059999998658895493,0,0.00089907192159444094,-6.5483618527650833e-11,0,False,3,3
285,2022-07-01,COD,757,1,3,0.69999999999999996,0.66520887613296509,4.5137317101762164e-06,0.67000001668930054,0.39999999999999997,0.29633736610412598,0.0087979566305875778,0.31000000238418579,0.050000000000000003,0.055123291909694672,-0.00069213658571243286,0.05000000074505806,0,0.0010606431169435382,1.0913936421275139e-10,0,False,3,3
286,2022-09-01,CAF,758,1,3,0.74999999999999989,0.74741631746292114,7.5843890954274684e-05,0.75,0.44999999999999996,0.35527899861335754,-0.0010677585378289223,0.34999999403953552,0.10000000000000001,0.078063398599624634,0.0036956232506781816,0.079999998211860657,0,0.0010606431169435382,1.0913936421275139e-10,0,False,3,3
290,2022-09-01,CAF,682,4,3,0.79999999999999993,0.77653747797012329,-0.00021703825041186064,0.77999997138977051,0.44999999999999996,0.37875738739967346,-0.0040196776390075684,0.37000000476837158,0.10000000000000001,0.14692424237728119,0.0038320112507790327,0.15000000596046448,0,0.0011559246340766549,-7.7761797001585364e-11,0,False,3,3
291,2022-07-01,CAF,761,1,3,0.5,0.78272265195846558,-0.00052021542796865106,0.77999997138977051,0.20000000000000001,0.35796529054641724,-0.022412881255149841,0.34000000357627869,0,0.073096662759780884,-0.0056427773088216782,0.070000000298023224,0,0.0010606431169435382,1.0913936421275139e-10,0,False,3,3
291,2022-09-01,CAF,762,1,3,0.74999999999999989,0.76045578718185425,-0.00015835634258110076,0.75999999046325684,0.44999999999999996,0.35752716660499573,-0.013893419876694679,0.34000000357627869,0.10000000000000001,0.078063398599624634,0.0036956232506781816,0.079999998211860657,0,0.0010606431169435382,1.0913936421275139e-10,0,False,3,3
296,2022-07-01,COD,730,2,3,0.84999999999999998,0.64163017272949219,-9.7265918157063425e-05,0.63999998569488525,0.34999999999999998,0.28950661420822144,0.0056726871989667416,0.30000001192092896,0,0.058877799659967422,0.0020786446984857321,0.059999998658895493,0,0.0011075058719143271,-1.3824319466948509e-10,0,False,3,3
305,2022-07-01,CAF,706,4,3,0.5,0.718758225440979,1.3193877748562954e-05,0.72000002861022949,0.20000000000000001,0.36341205239295959,-0.010056749917566776,0.34999999403953552,0,0.074980162084102631,-0.0042457501403987408,0.070000000298023224,0,0.0011559246340766549,-7.7761797001585364e-11,0,False,3,3
314,2022-07-01,CAF,709,4,3,0.70000000000000007,0.72064739465713501,-6.3795167079661041e-05,0.72000002861022949,0.29999999999999999,0.32906410098075867,-0.008282739669084549,0.31999999284744263,0.050000000000000003,0.078316040337085724,-0.0042457501403987408,0.070000000298023224,0,0.0011559246340766549,-7.7761797001585364e-11,0,False,3,3
319,2022-09-01,CAF,786,1,3,0.79999999999999993,0.79828560352325439,-0.00047499936772510409,0.80000001192092896,0.44999999999999996,0.45438486337661743,-0.016852792352437973,0.43999999761581421,0.10000000000000001,0.12414899468421936,0.0036956232506781816,0.12999999523162842,0,0.0010606431169435382,1.0913936421275139e-10,0,False,3,3
322,2022-09-01,CAF,787,1,3,0.79999999999999993,0.80931097269058228,-0.00045766329276375473,0.81000000238418579,0.44999999999999996,0.41653826832771301,-0.016852792352437973,0.40000000596046448,0.10000000000000001,0.1271732896566391,0.0036956232506781816,0.12999999523162842,0,0.0010606431169435382,1.0913936421275139e-10,0,False,3,3
323,2022-09-01,CAF,721,4,3,0.79999999999999993,0.78725737333297729,-1.7736108929966576e-05,0.79000002145767212,0.44999999999999996,0.42404192686080933,0.002448144368827343,0.43000000715255737,0.10000000000000001,0.12557415664196014,0.0038320112507790327,0.12999999523162842,0,0.0011559246340766549,-7.7761797001585364e-11,0,False,3,3
334,2022-04-01,CAF,730,4,2,0.45000000000000001,0.75526911020278931,0.00059822038747370243,0.75999999046325684,0.15000000000000002,0.39550203084945679,0.013494702056050301,0.40999999642372131,0.050000000000000003,0.12434383481740952,-0.00077617750503122807,0.11999999731779099,0,0.0011559246340766549,-7.7761797001585364e-11,0,False,2,3
335,2022-04-01,CAF,773,2,2,0.45000000000000001,0.72897189855575562,0.00037267032894305885,0.73000001907348633,0.15000000000000002,0.33190187811851501,-0.0078069916926324368,0.31999999284744263,0.050000000000000003,0.11432342231273651,0.0020786446984857321,0.11999999731779099,0,0.0011075058719143271,-1.3824319466948509e-10,0,False,2,3
347,2022-09-01,CAF,761,0,4,0.89999999999999991,0.81182223558425903,-0.00015359566896222532,0.81000000238418579,0.55000000000000004,0.37915781140327454,0.0063404287211596966,0.38999998569488525,0.20000000000000001,0.12902465462684631,0.0031610601581633091,0.12999999523162842,0,0.0010221295524388552,9.0949470177292824e-12,0,False,4,3
370,2022-07-01,COD,818,1,3,0.69999999999999996,0.63176578283309937,-0.00036633558920584619,0.62999999523162842,0.29999999999999999,0.25638580322265625,-0.018226243555545807,0.23999999463558197,0,0.053449437022209167,-0.00069213658571243286,0.05000000074505806,0,0.0010606431169435382,1.0913936421275139e-10,0,False,3,3
374,2022-07-01,COD,772,0,3,0.69999999999999996,0.60439604520797729,-3.1252628104994074e-05,0.60000002384185791,0.29999999999999999,0.28666827082633972,-0.0042245602235198021,0.2800000011920929,0,0.068914003670215607,0.0022144066169857979,0.070000000298023224,0,0.0010221295524388552,9.0949470177292824e-12,0,False,3,3
391,2022-07-01,COD,809,3,3,0.75,0.6394839882850647,0.0001787482324289158,0.63999998569488525,0.25,0.32032912969589233,-0.0080922516062855721,0.31000000238418579,0.050000000000000003,0.078113816678524017,0.0018267134437337518,0.079999998211860657,0,0.00089907192159444094,-6.5483618527650833e-11,0,False,3,3
409,2022-07-01,COD,806,2,2,0.59999999999999998,0.68834578990936279,-1.9923314539482817e-05,0.68999999761581421,0.14999999999999999,0.31336745619773865,0.004122129175812006,0.31999999284744263,0,0.056620676070451736,0.0020786446984857321,0.059999998658895493,0,0.0011075058719143271,-1.3824319466948509e-10,0,False,2,3
410,2022-07-01,COD,807,2,2,0.59999999999999998,0.68619686365127563,-1.9923314539482817e-05,0.68999999761581421,0.14999999999999999,0.31336745619773865,0.004122129175812006,0.31999999284744263,0,0.056620676070451736,0.0020786446984857321,0.059999998658895493,0,0.0011075058719143271,-1.3824319466948509e-10,0,False,2,3
413,2022-07-01,COD,836,1,2,0.59999999999999998,0.67139822244644165,0.00010424834181321785,0.67000001668930054,0.14999999999999999,0.28178703784942627,-0.012976488098502159,0.27000001072883606,0,0.058095887303352356,-0.00069213658571243286,0.059999998658895493,0,0.0010606431169435382,1.0913936421275139e-10,0,False,2,3
417,2022-07-01,COD,838,1,3,0.65000000000000002,0.79271644353866577,-0.0005782836233265698,0.79000002145767212,0.20000000000000001,0.35561594367027283,-0.01468830369412899,0.34000000357627869,0.050000000000000003,0.069502934813499451,0.00093029043637216091,0.070000000298023224,0,0.0010606431169435382,1.0913936421275139e-10,0,False,3,3
420,2022-07-01,COD,839,1,2,0.65000000000000002,0.69981402158737183,-0.00044099759543314576,0.69999998807907104,0.14999999999999999,0.27854412794113159,-0.022258911281824112,0.25999999046325684,0,0.055142588913440704,0.00093029043637216091,0.059999998658895493,0,0.0010606431169435382,1.0913936421275139e-10,0,False,2,3
435,2022-10-01,CAF,778,4,3,0.84999999999999998,0.66037720441818237,-8.3910461398772895e-05,0.6600000262260437,0.40000000000000002,0.34097474813461304,-0.011007947847247124,0.33000001311302185,0.10000000000000001,0.10398861020803452,0.0038320112507790327,0.10999999940395355,0,0.0011559246340766549,-7.7761797001585364e-11,0,False,3,3
436,2022-10-01,CAF,839,3,3,0.84999999999999998,0.71787041425704956,-0.00018421288405079395,0.72000002861022949,0.40000000000000002,0.32570108771324158,-0.012885468080639839,0.31000000238418579,0.10000000000000001,0.094664923846721649,0.0018267134437337518,0.10000000149011612,0,0.00089907192159444094,-6.5483618527650833e-11,0,False,3,3
441,2022-10-01,CAF,847,2,3,0.84999999999999998,0.6942756175994873,0.00012042695743730292,0.68999999761581421,0.40000000000000002,0.33021488785743713,-0.0061713880859315395,0.31999999284744263,0.10000000000000001,0.095511257648468018,0.0072858263738453388,0.10000000149011612,0,0.0011075058719143271,-1.3824319466948509e-10,0,False,3,3
443,2022-07-01,COD,882,1,3,0.75,0.67974931001663208,-0.0019053331343457103,0.68000000715255737,0.29999999999999999,0.33406504988670349,-0.019174221903085709,0.31000000238418579,0.050000000000000003,0.058095887303352356,-0.00069213658571243286,0.059999998658895493,0,0.0010606431169435382,1.0913936421275139e-10,0,False,3,3
446,2022-07-01,COD,861,3,2,0.70000000000000007,0.68566548824310303,-0.00072066404391080141,0.68000000715255737,0.14999999999999999,0.35260549187660217,-0.013246431946754456,0.34000000357627869,0,0.058444660156965256,0.0018267134437337518,0.059999998658895493,0,0.00089907192159444094,-6.5483618527650833e-11,0,False,2,3
451,2022-07-01,COD,810,4,3,0.70000000000000007,0.71634596586227417,2.7169398890691809e-06,0.72000002861022949,0.20000000000000001,0.30075281858444214,-0.0058306343853473663,0.28999999165534973,0.050000000000000003,0.069202899932861328,0.0049020168371498585,0.070000000298023224,0,0.0011559246340766549,-7.7761797001585364e-11,0,False,3,3
452,2022-07-01,COD,856,2,3,0.70000000000000007,0.65875720977783203,6.2406393226410728e-06,0.6600000262260437,0.20000000000000001,0.31795558333396912,0.00098881556186825037,0.31999999284744263,0.050000000000000003,0.070823341608047485,0.0020786446984857321,0.070000000298023224,0,0.0011075058719143271,-1.3824319466948509e-10,0,False,3,3
459,2022-07-01,COD,880,3,3,0.75,0.72587192058563232,-0.00049875822151079774,0.73000001907348633,0.29999999999999999,0.3628430962562561,-0.0066190357320010662,0.36000001430511475,0.050000000000000003,0.058444660156965256,0.0018267134437337518,0.059999998658895493,0,0.00089907192159444094,-6.5483618527650833e-11,0,False,3,3
471,2022-07-01,COD,912,1,2,0.75,0.6478651762008667,-0.0001999373926082626,0.64999997615814209,0.10000000000000001,0.25419485569000244,-0.012642494402825832,0.23999999463558197,0,0.059315040707588196,-0.00069213658571243286,0.059999998658895493,0,0.0010606431169435382,1.0913936421275139e-10,0,False,2,3
472,2022-07-01,COD,834,4,2,0.75,0.63747036457061768,0.00019880710169672966,0.63999998569488525,0.10000000000000001,0.29744043946266174,-0.012350990436971188,0.28999999165534973,0,0.068708844482898712,0.0049020168371498585,0.070000000298023224,0,0.0011559246340766549,-7.7761797001585364e-11,0,False,2,3
492,2022-07-01,COD,893,2,3,0.70000000000000007,0.66148817539215088,-0.0004613661440089345,0.6600000262260437,0.25,0.27840471267700195,-0.0027339719235897064,0.2800000011920929,0.050000000000000003,0.06069352850317955,0.0020786446984857321,0.059999998658895493,0,0.0011075058719143271,-1.3824319466948509e-10,0,False,3,3
494,2022-07-01,COD,907,3,3,0.70000000000000007,0.6529344916343689,-0.00034043219056911767,0.64999997615814209,0.25,0.32441309094429016,-0.010956268757581711,0.31000000238418579,0.050000000000000003,0.068141661584377289,0.0033219908364117146,0.070000000298023224,0,0.00089907192159444094,-6.5483618527650833e-11,0,False,3,3
495,2022-02-01,SSD,887,0,4,0.94999999999999996,0.7272878885269165,-0.00029753276612609625,0.73000001907348633,0.85000000000000009,0.43254116177558899,-0.010607692413032055,0.41999998688697815,0.5,0.097854427993297577,-0.0016476084711030126,0.10000000149011612,0.050000000000000003,0.0010221295524388552,9.0949470177292824e-12,0,False,4,3
495,2022-10-01,SSD,888,0,3,0.84999999999999998,0.69547754526138306,-0.0001840821496443823,0.69999998807907104,0.40000000000000002,0.33889001607894897,-0.0096504781395196915,0.33000001311302185,0.10000000000000001,0.098472565412521362,-0.0028775772079825401,0.10000000149011612,0,0.0010221295524388552,9.0949470177292824e-12,0,False,3,3
496,2022-02-01,SSD,856,4,4,0.94999999999999996,0.72268217802047729,0.00017305633809883147,0.72000002861022949,0.85000000000000009,0.37507417798042297,-0.0060675125569105148,0.37000000476837158,0.5,0.15116016566753387,0.001182905281893909,0.15000000596046448,0.050000000000000003,0.0011559246340766549,-7.7761797001585364e-11,0,False,4,3
496,2022-10-01,SSD,857,4,3,0.84999999999999998,0.74682706594467163,-0.00034811437944881618,0.75,0.40000000000000002,0.36572122573852539,-0.015039155259728432,0.34999999403953552,0.10000000000000001,0.12270525097846985,0.0049020168371498585,0.12999999523162842,0,0.0011559246340766549,-7.7761797001585364e-11,0,False,3,3
512,2022-10-01,SSD,924,2,4,0.89999999999999991,0.80181312561035156,-0.00050508120330050588,0.80000001192092896,0.64999999999999991,0.53310310840606689,-0.0043113180436193943,0.52999997138977051,0.29999999999999999,0.12789307534694672,0.0020786446984857321,0.12999999523162842,0,0.0011075058719143271,-1.3824319466948509e-10,0,False,4,3
513,2022-10-01,SSD,941,3,4,0.89999999999999991,0.82772678136825562,8.0980636994354427e-05,0.82999998331069946,0.64999999999999991,0.43818974494934082,-0.008048265241086483,0.43000000715255737,0.29999999999999999,0.12128984183073044,0.0018267134437337518,0.11999999731779099,0,0.00089907192159444094,-6.5483618527650833e-11,0,False,4,3
518,2022-07-01,COD,930,2,3,0.79999999999999993,0.7253386378288269,-7.6719072239939123e-05,0.73000001907348633,0.40000000000000002,0.26790609955787659,0.0045861131511628628,0.27000001072883606,0.10000000000000001,0.050620168447494507,0.0020786446984857321,0.05000000074505806,0,0.0011075058719143271,-1.3824319466948509e-10,0,False,3,3
519,2022-07-01,COD,928,0,3,0.79999999999999993,0.72513562440872192,5.2140721891191788e-06,0.73000001907348633,0.40000000000000002,0.29028153419494629,-0.0074549033306539059,0.2800000011920929,0.10000000000000001,0.063153967261314392,0.0022144066169857979,0.070000000298023224,0,0.0010221295524388552,9.0949470177292824e-12,0,False,3,3
520,2022-02-01,SSD,898,4,3,0.84999999999999998,0.74875801801681519,4.2390907765366137e-05,0.75,0.59999999999999998,0.49004000425338745,-0.011322901584208012,0.47999998927116394,0.14999999999999999,0.15296867489814758,0.001182905281893909,0.15000000596046448,0,0.0011559246340766549,-7.7761797001585364e-11,0,False,3,3
521,2022-02-01,SSD,951,3,3,0.84999999999999998,0.79666858911514282,-0.00035388904507271945,0.80000001192092896,0.59999999999999998,0.42981356382369995,0.0012215090682730079,0.43000000715255737,0.14999999999999999,0.092408612370491028,0.00093390350230038166,0.090000003576278687,0,0.00089907192159444094,-6.5483618527650833e-11,0,False,3,3
534,2022-02-01,COD,904,4,3,0.69999999999999996,0.64064323902130127,-0.00018880462448578328,0.63999998569488525,0.25,0.30671146512031555,-0.0021678144112229347,0.30000001192092896,0,0.073150217533111572,0.0023058671504259109,0.079999998211860657,0,0.0011559246340766549,-7.7761797001585364e-11,0,False,3,3
534,2022-10-01,COD,905,4,2,0.55000000000000004,0.6761816143989563,-0.00021404716244433075,0.68000000715255737,0.14999999999999999,0.29384550452232361,-0.01865990087389946,0.2800000011920929,0,0.09259304404258728,-0.0059015830047428608,0.090000003576278687,0,0.0011559246340766549,-7.7761797001585364e-11,0,False,2,3
537,2022-02-01,COD,908,4,3,0.69999999999999996,0.60877841711044312,-0.00018880462448578328,0.61000001430511475,0.25,0.30786269903182983,-0.0021678144112229347,0.31000000238418579,0,0.09402330219745636,0.0023058671504259109,0.10000000149011612,0,0.0011559246340766549,-7.7761797001585364e-11,0,False,3,3
537,2022-10-01,COD,909,4,2,0.55000000000000004,0.66275256872177124,-0.00024252693401649594,0.6600000262260437,0.14999999999999999,0.30098333954811096,-0.01865990087389946,0.2800000011920929,0,0.077636569738388062,-0.0059015830047428608,0.070000000298023224,0,0.0011559246340766549,-7.7761797001585364e-11,0,False,2,3
547,2022-07-01,COD,1005,1,3,0.84999999999999998,0.74148339033126831,0.00013338855933398008,0.74000000953674316,0.40000000000000002,0.32122057676315308,-5.5893411627039313e-05,0.31999999284744263,0.10000000000000001,0.051675163209438324,-0.00069213658571243286,0.05000000074505806,0,0.0010606431169435382,1.0913936421275139e-10,0,False,3,3
555,2022-07-01,COD,1002,3,3,0.69999999999999996,0.64392435550689697,-0.00013855117140337825,0.63999998569488525,0.34999999999999998,0.31288990378379822,0.0072676180861890316,0.31999999284744263,0.10000000000000001,0.055511463433504105,0.0018267134437337518,0.059999998658895493,0,0.00089907192159444094,-6.5483618527650833e-11,0,False,3,3
564,2022-04-01,COD,1038,1,2,0.39999999999999997,0.59827101230621338,0.00043682477553375065,0.60000002384185791,0.050000000000000003,0.25439804792404175,-0.012777015566825867,0.23999999463558197,0,0.049388088285923004,-0.0051523204892873764,0.039999999105930328,0,0.0010606431169435382,1.0913936421275139e-10,0,False,2,3
564,2022-06-01,COD,1039,1,2,0.75,0.68697977066040039,0.00030819044332019985,0.68999999761581421,0.15000000000000002,0.26924654841423035,-0.0054005770944058895,0.25999999046325684,0.050000000000000003,0.052511267364025116,-0.00069213658571243286,0.05000000074505806,0,0.0010606431169435382,1.0913936421275139e-10,0,False,2,3
564,2022-07-01,COD,1040,1,3,0.80000000000000004,0.6761355996131897,0.000162166339578107,0.68000000715255737,0.25,0.29315385222434998,-0.0054005770944058895,0.28999999165534973,0.050000000000000003,0.056327812373638153,-0.00069213658571243286,0.059999998658895493,0,0.0010606431169435382,1.0913936421275139e-10,0,False,3,3
565,2022-04-01,COD,1011,2,2,0.39999999999999997,0.57756894826889038,5.7543773436918855e-05,0.57999998331069946,0.050000000000000003,0.25414177775382996,-0.014453727751970291,0.23999999463558197,0,0.045842275023460388,-0.0048171207308769226,0.039999999105930328,0,0.0011075058719143271,-1.3824319466948509e-10,0,False,2,3
565,2022-06-01,COD,1012,2,2,0.75,0.66887462139129639,-5.6556578783784062e-05,0.67000001668930054,0.15000000000000002,0.2523251473903656,-0.0012431570794433355,0.25,0.050000000000000003,0.046456031501293182,0.0020786446984857321,0.05000000074505806,0,0.0011075058719143271,-1.3824319466948509e-10,0,False,2,3
565,2022-07-01,COD,1013,2,3,0.80000000000000004,0.67008531093597412,1.449190449420712e-06,0.67000001668930054,0.25,0.30693918466567993,0.0045861131511628628,0.31000000238418579,0.050000000000000003,0.050620168447494507,0.0020786446984857321,0.05000000074505806,0,0.0011075058719143271,-1.3824319466948509e-10,0,False,3,3
568,2022-10-01,SSD,1035,3,4,0.85000000000000009,0.81711858510971069,-0.00063268467783927917,0.81999999284744263,0.64999999999999991,0.39163810014724731,-0.010382416658103466,0.37999999523162842,0.29999999999999999,0.10667107254266739,0.0018267134437337518,0.10999999940395355,0,0.00089907192159444094,-6.5483618527650833e-11,0,False,4,3
570,2022-02-01,COD,1017,2,3,0.69999999999999996,0.73527067899703979,-0.00050513033056631684,0.73000001907348633,0.25,0.37952959537506104,-0.0080484906211495399,0.37000000476837158,0,0.071104258298873901,0.0020786446984857321,0.070000000298023224,0,0.0011075058719143271,-1.3824319466948509e-10,0,False,3,3
571,2022-02-01,COD,1049,3,3,0.69999999999999996,0.70213830471038818,-6.4289451984222978e-05,0.69999998807907104,0.25,0.36322769522666931,-0.0024358383379876614,0.36000001430511475,0,0.063019491732120514,0.0033219908364117146,0.070000000298023224,0,0.00089907192159444094,-6.5483618527650833e-11,0,False,3,3
577,2022-10-01,SSD,1013,4,2,0.55000000000000004,0.74158561229705811,-0.00027905259048566222,0.74000000953674316,0.14999999999999999,0.35274273157119751,-0.013168353587388992,0.34000000357627869,0,0.084945239126682281,0.0049020168371498585,0.090000003576278687,0,0.0011559246340766549,-7.7761797001585364e-11,0,False,2,3
578,2022-10-01,SSD,1094,1,2,0.55000000000000004,0.76024395227432251,-0.00069112598430365324,0.75999999046325684,0.14999999999999999,0.36857530474662781,-0.023683059960603714,0.34000000357627869,0,0.08107844740152359,-0.00069213658571243286,0.079999998211860657,0,0.0010606431169435382,1.0913936421275139e-10,0,False,2,3
586,2022-02-01,COD,1061,2,3,0.69999999999999996,0.69027799367904663,-0.00044812343548983335,0.68999999761581421,0.25,0.35844174027442932,-0.0080484906211495399,0.34999999403953552,0,0.063439205288887024,0.0020786446984857321,0.070000000298023224,0,0.0011075058719143271,-1.3824319466948509e-10,0,False,3,3
586,2022-07-01,COD,1062,2,3,0.75,0.63371986150741577,-8.9331042545381933e-05,0.62999999523162842,0.29999999999999999,0.29087913036346436,-0.0045211766846477985,0.28999999165534973,0.050000000000000003,0.05961015447974205,0.0020786446984857321,0.059999998658895493,0,0.0011075058719143271,-1.3824319466948509e-10,0,False,3,3
586,2022-10-01,COD,1063,2,2,0.55000000000000004,0.6641882061958313,-0.0002010898751905188,0.6600000262260437,0.14999999999999999,0.33067730069160461,-0.024075765162706375,0.31000000238418579,0,0.066572725772857666,-0.0048171207308769226,0.059999998658895493,0,0.0011075058719143271,-1.3824319466948509e-10,0,False,2,3
587,2022-04-01,COD,1115,1,2,0.30000000000000004,0.57168292999267578,-0.00021044844470452517,0.56999999284744263,0.10000000000000001,0.26618418097496033,-0.0074323266744613647,0.25999999046325684,0,0.051061943173408508,-0.0051523204892873764,0.05000000074505806,0,0.0010606431169435382,1.0913936421275139e-10,0,False,2,3
587,2022-06-01,COD,1116,1,1,0.15000000000000002,0.62783437967300415,-0.00022525449458044022,0.62999999523162842,0.050000000000000003,0.2435021698474884,-5.5893411627039313e-05,0.23999999463558197,0,0.047613814473152161,-0.00069213658571243286,0.05000000074505806,0,0.0010606431169435382,1.0913936421275139e-10,0,False,1,3
587,2022-07-01,COD,1117,1,3,0.80000000000000004,0.62691938877105713,0.00010189685417572036,0.62999999523162842,0.29999999999999999,0.29129889607429504,-5.5893411627039313e-05,0.28999999165534973,0.050000000000000003,0.048849530518054962,-0.00069213658571243286,0.05000000074505806,0,0.0010606431169435382,1.0913936421275139e-10,0,False,3,3
591,2022-04-01,COD,1058,4,2,0.30000000000000004,0.52448511123657227,3.7150701245991513e-05,0.51999998092651367,0.10000000000000001,0.17388321459293365,-0.025185905396938324,0.15000000596046448,0,0.051809266209602356,-0.0059015830047428608,0.05000000074505806,0,0.0011559246340766549,-7.7761797001585364e-11,0,False,2,2
591,2022-07-01,COD,1059,4,3,0.80000000000000004,0.58289527893066406,-6.9682741013821214e-05,0.57999998331069946,0.29999999999999999,0.21348018944263458,-0.0060500865802168846,0.20999999344348907,0.050000000000000003,0.051775217056274414,0.0049020168371498585,0.059999998658895493,0,0.0011559246340766549,-7.7761797001585364e-11,0,False,3,3
592,2022-04-01,COD,1131,1,2,0.30000000000000004,0.57188332080841064,-3.1911236874293536e-05,0.56999999284744263,0.10000000000000001,0.21922329068183899,-0.012777015566825867,0.20999999344348907,0,0.05367809534072876,-0.0051523204892873764,0.05000000074505806,0,0.0010606431169435382,1.0913936421275139e-10,0,False,2,3
592,2022-07-01,COD,1132,1,3,0.80000000000000004,0.56565397977828979,6.6857515776064247e-05,0.56999999284744263,0.29999999999999999,0.25069704651832581,-0.0054005770944058895,0.25,0.050000000000000003,0.049388088285923004,-0.00069213658571243286,0.05000000074505806,0,0.0010606431169435382,1.0913936421275139e-10,0,False,3,3
598,2022-07-01,COD,1110,2,3,0.69999999999999996,0.65061932802200317,-0.00010691987699829042,0.64999997615814209,0.34999999999999998,0.22015142440795898,0.0056726871989667416,0.23000000417232513,0.10000000000000001,0.063141629099845886,0.0020786446984857321,0.070000000298023224,0,0.0011075058719143271,-1.3824319466948509e-10,0,False,3,3
602,2022-04-01,COD,1147,3,2,0.39999999999999997,0.49627208709716797,-6.4065330661833286e-05,0.5,0.050000000000000003,0.21227593719959259,-0.013536154292523861,0.20000000298023224,0,0.048422768712043762,-0.0042834966443479061,0.039999999105930328,0,0.00089907192159444094,-6.5483618527650833e-11,0,False,2,3
602,2022-06-01,COD,1148,3,2,0.75,0.6487959623336792,-0.00015201343921944499,0.64999997615814209,0.15000000000000002,0.21106483042240143,0.0013378637377172709,0.20999999344348907,0.050000000000000003,0.054319240152835846,0.0066064842976629734,0.059999998658895493,0,0.00089907192159444094,-6.5483618527650833e-11,0,False,2,3
602,2022-07-01,COD,1149,3,3,0.80000000000000004,0.64198583364486694,0.00029084127163514495,0.63999998569488525,0.39999999999999997,0.30080321431159973,0.0013378637377172709,0.30000001192092896,0.050000000000000003,0.053883682936429977,0.0018267134437337518,0.059999998658895493,0,0.00089907192159444094,-6.5483618527650833e-11,0,False,3,3
605,2022-10-01,SSD,1104,4,4,0.80000000000000004,0.79808831214904785,-0.00041122909169644117,0.80000001192092896,0.55000000000000004,0.51039701700210571,-0.017708506435155869,0.49000000953674316,0.29999999999999999,0.12061849236488342,0.0049020168371498585,0.12999999523162842,0,0.0011559246340766549,-7.7761797001585364e-11,0,False,4,3
606,2022-10-01,SSD,1105,4,4,0.80000000000000004,0.79652827978134155,-0.00041122909169644117,0.80000001192092896,0.55000000000000004,0.50796955823898315,-0.017708506435155869,0.49000000953674316,0.29999999999999999,0.12061849236488342,0.0049020168371498585,0.12999999523162842,0,0.0011559246340766549,-7.7761797001585364e-11,0,False,4,3
607,2022-07-01,COD,1106,4,3,0.69999999999999996,0.69045305252075195,-0.00019606322166509926,0.68999999761581421,0.34999999999999998,0.28519970178604126,0.0045993365347385406,0.28999999165534973,0.10000000000000001,0.051775217056274414,0.0049020168371498585,0.059999998658895493,0,0.0011559246340766549,-7.7761797001585364e-11,0,False,3,3
608,2022-07-01,COD,1137,2,3,0.84999999999999998,0.63574087619781494,8.5580802988260984e-05,0.63999998569488525,0.40000000000000002,0.32303154468536377,-0.0053499029017984867,0.31999999284744263,0.10000000000000001,0.062651596963405609,0.0020786446984857321,0.059999998658895493,0,0.0011075058719143271,-1.3824319466948509e-10,0,False,3,3
609,2022-07-01,COD,1113,4,3,0.84999999999999998,0.60317069292068481,9.8348602477926761e-05,0.60000002384185791,0.40000000000000002,0.31331801414489746,-0.00018083141185343266,0.31000000238418579,0.10000000000000001,0.060864374041557312,0.0049020168371498585,0.070000000298023224,0,0.0011559246340766549,-7.7761797001585364e-11,0,False,3,3
611,2022-06-01,COD,1114,4,2,0.30000000000000004,0.59880173206329346,0.00029024001560173929,0.60000002384185791,0.10000000000000001,0.28852522373199463,-0.001575260073877871,0.28999999165534973,0,0.077167488634586334,0.0049020168371498585,0.079999998211860657,0,0.0011559246340766549,-7.7761797001585364e-11,0,False,2,3
611,2022-07-01,COD,1115,4,3,0.69999999999999996,0.63590157032012939,-0.0002424203121336177,0.63999998569488525,0.34999999999999998,0.25131779909133911,0.0045993365347385406,0.25999999046325684,0.10000000000000001,0.051775217056274414,0.0049020168371498585,0.059999998658895493,0,0.0011559246340766549,-7.7761797001585364e-11,0,False,3,3
613,2022-04-01,COD,1153,2,2,0.34999999999999998,0.6064765453338623,-0.00027457697433419526,0.61000001430511475,0.10000000000000001,0.27131453156471252,-0.0053886766545474529,0.27000001072883606,0,0.051125939935445786,-0.0048171207308769226,0.05000000074505806,0,0.0011075058719143271,-1.3824319466948509e-10,0,False,2,3
613,2022-06-01,COD,1154,2,2,0.40000000000000002,0.56685340404510498,7.5618045229930431e-05,0.56999999284744263,0.14999999999999999,0.25787749886512756,-0.00015658300253562629,0.25999999046325684,0,0.046393055468797684,0.0020786446984857321,0.05000000074505806,0,0.0011075058719143271,-1.3824319466948509e-10,0,False,2,3
613,2022-07-01,COD,1155,2,3,0.84999999999999998,0.63248348236083984,7.1725866291671991e-05,0.62999999523162842,0.5,0.25398880243301392,0.0056726871989667416,0.25999999046325684,0.14999999999999999,0.044135931879281998,0.0020786446984857321,0.05000000074505806,0,0.0011075058719143271,-1.3824319466948509e-10,0,False,3,3
614,2022-07-01,COD,1156,2,3,0.90000000000000002,0.70471179485321045,-0.00019320761202834547,0.69999998807907104,0.44999999999999996,0.32143574953079224,0.0045861131511628628,0.33000001311302185,0.10000000000000001,0.058781947940587997,0.0020786446984857321,0.059999998658895493,0,0.0011075058719143271,-1.3824319466948509e-10,0,False,3,3
615,2022-04-01,COD,1205,0,2,0.39999999999999997,0.5985986590385437,-0.00025840065791271627,0.60000002384185791,0.050000000000000003,0.2108481228351593,-0.020166540518403053,0.18999999761581421,0,0.048049785196781158,-0.0025919033214449883,0.05000000074505806,0,0.0010221295524388552,9.0949470177292824e-12,0,False,2,2
615,2022-06-01,COD,1206,0,2,0.75,0.63676869869232178,-0.00022189754236023873,0.63999998569488525,0.15000000000000002,0.21898557245731354,0.001681372057646513,0.2199999988079071,0.050000000000000003,0.050705365836620331,0.0022144066169857979,0.05000000074505806,0,0.0010221295524388552,9.0949470177292824e-12,0,False,2,3
615,2022-07-01,COD,1207,0,3,0.80000000000000004,0.6237761378288269,-0.00011559387348825112,0.62000000476837158,0.39999999999999997,0.26780319213867188,-0.0043381871655583382,0.25999999046325684,0.050000000000000003,0.052318692207336426,0.0022144066169857979,0.05000000074505806,0,0.0010221295524388552,9.0949470177292824e-12,0,False,3,3
616,2022-04-01,COD,1212,3,2,0.30000000000000004,0.5348237156867981,-4.2298146581742913e-05,0.52999997138977051,0.10000000000000001,0.20362229645252228,-0.013536154292523861,0.18999999761581421,0,0.05045679584145546,-0.0042834966443479061,0.05000000074505806,0,0.00089907192159444094,-6.5483618527650833e-11,0,False,2,2
618,2022-04-01,COD,1214,0,2,0.34999999999999998,0.57454037666320801,2.939044134109281e-05,0.56999999284744263,0.10000000000000001,0.22757987678050995,-0.017970690503716469,0.20999999344348907,0,0.062696300446987152,-0.0025919033214449883,0.059999998658895493,0,0.0010221295524388552,9.0949470177292824e-12,0,False,2,3
618,2022-06-01,COD,1215,0,2,0.40000000000000002,0.5169413685798645,0.00012881026486866176,0.51999998092651367,0.14999999999999999,0.22422213852405548,0.0038772234693169594,0.23000000417232513,0,0.056957148015499115,0.0022144066169857979,0.059999998658895493,0,0.0010221295524388552,9.0949470177292824e-12,0,False,2,3
618,2022-07-01,COD,1216,0,3,0.84999999999999998,0.61532330513000488,0.00011877620272571221,0.62000000476837158,0.5,0.24041555821895599,-0.0010155315976589918,0.23999999463558197,0.14999999999999999,0.053459238260984421,0.0038059325888752937,0.059999998658895493,0,0.0010221295524388552,9.0949470177292824e-12,0,False,3,3
623,2022-07-01,COD,1192,2,3,0.90000000000000002,0.67231118679046631,-9.5216950285248458e-05,0.67000001668930054,0.44999999999999996,0.36058324575424194,0.0045861131511628628,0.37000000476837158,0.10000000000000001,0.05660165473818779,0.0020786446984857321,0.059999998658895493,0,0.0011075058719143271,-1.3824319466948509e-10,0,False,3,3
625,2022-04-01,COD,1225,0,2,0.30000000000000004,0.48462197184562683,-0.00032143836142495275,0.47999998927116394,0.10000000000000001,0.18792861700057983,-0.020166540518403053,0.17000000178813934,0,0.046097703278064728,-0.0025919033214449883,0.039999999105930328,0,0.0010221295524388552,9.0949470177292824e-12,0,False,2,2
625,2022-06-01,COD,1226,0,1,0.15000000000000002,0.56677466630935669,-0.00023214351676870137,0.56999999284744263,0.050000000000000003,0.21564000844955444,0.001681372057646513,0.2199999988079071,0,0.0487532839179039,0.0022144066169857979,0.05000000074505806,0,0.0010221295524388552,9.0949470177292824e-12,0,False,1,3
625,2022-07-01,COD,1227,0,3,0.75,0.63672477006912231,-0.00022924196673557162,0.63999998569488525,0.29999999999999999,0.27248334884643555,-0.0043381871655583382,0.27000001072883606,0.050000000000000003,0.050360463559627533,0.0022144066169857979,0.05000000074505806,0,0.0010221295524388552,9.0949470177292824e-12,0,False,3,3
626,2022-04-01,COD,1206,2,2,0.30000000000000004,0.48900493979454041,-0.00026566474116407335,0.49000000953674316,0.10000000000000001,0.21625977754592896,-0.014453727751970291,0.20000000298023224,0,0.041341885924339294,-0.0048171207308769226,0.039999999105930328,0,0.0011075058719143271,-1.3824319466948509e-10,0,False,2,3
626,2022-06-01,COD,1207,2,1,0.15000000000000002,0.59750241041183472,-0.00022988981800153852,0.60000002384185791,0.050000000000000003,0.20439080893993378,-0.0012431570794433355,0.20000000298023224,0,0.040521688759326935,0.0020786446984857321,0.039999999105930328,0,0.0011075058719143271,-1.3824319466948509e-10,0,False,1,3
626,2022-07-01,COD,1208,2,3,0.75,0.61059165000915527,-0.0002238292945548892,0.61000001430511475,0.29999999999999999,0.24179503321647644,0.0045861131511628628,0.25,0.050000000000000003,0.046119779348373413,0.0020786446984857321,0.05000000074505806,0,0.0011075058719143271,-1.3824319466948509e-10,0,False,3,3
630,2022-06-01,ZMB,1281,1,2,0.59999999999999998,0.50337302684783936,0.00031695087091065943,0.5,0.14999999999999999,0.26437720656394958,-0.0071219452656805515,0.25999999046325684,0,0.04378344863653183,-0.0027875411324203014,0.039999999105930328,0,0.0010606431169435382,1.0913936421275139e-10,0,False,2,3
633,2022-06-01,ZMB,1245,0,2,0.59999999999999998,0.55990892648696899,-7.1210008172784001e-05,0.56000000238418579,0.14999999999999999,0.17431879043579102,-0.0013026995584368706,0.17000000178813934,0,0.042185921221971512,-0.00099128542933613062,0.039999999105930328,0,0.0010221295524388552,9.0949470177292824e-12,0,False,2,2
634,2022-04-01,COD,1213,2,2,0.34999999999999998,0.60237687826156616,6.6616572439670563e-05,0.60000002384185791,0.10000000000000001,0.25184354186058044,-0.014453727751970291,0.23999999463558197,0,0.045254573225975037,-0.0048171207308769226,0.039999999105930328,0,0.0011075058719143271,-1.3824319466948509e-10,0,False,2,3
634,2022-06-01,COD,1214,2,2,0.40000000000000002,0.56614547967910767,0.00015084304322954267,0.56999999284744263,0.14999999999999999,0.22041323781013489,-0.00015658300253562629,0.2199999988079071,0,0.041955642402172089,0.0020786446984857321,0.039999999105930328,0,0.0011075058719143271,-1.3824319466948509e-10,0,False,2,3
634,2022-07-01,COD,1215,2,2,0.65000000000000002,0.66393035650253296,0.00017418543575331569,0.6600000262260437,0.15000000000000002,0.22960089147090912,0.01055888831615448,0.23999999463558197,0.050000000000000003,0.046119779348373413,0.0020786446984857321,0.05000000074505806,0,0.0011075058719143271,-1.3824319466948509e-10,0,False,2,3
637,2022-02-01,SSD,1222,2,4,0.94999999999999996,0.83161258697509766,-0.00014472556358668953,0.82999998331069946,0.65000000000000002,0.31820070743560791,-0.0080484906211495399,0.31000000238418579,0.20000000000000001,0.11617550253868103,-0.0011322528589516878,0.11999999731779099,0,0.0011075058719143271,-1.3824319466948509e-10,0,False,4,3
637,2022-10-01,SSD,1223,2,4,0.84999999999999987,0.77304923534393311,-0.00016027763194870204,0.76999998092651367,0.55000000000000004,0.43451660871505737,-0.0098356958478689194,0.41999998688697815,0.20000000000000001,0.12141311168670654,0.0020786446984857321,0.11999999731779099,0,0.0011075058719143271,-1.3824319466948509e-10,0,False,4,3
638,2022-02-01,SSD,1273,0,4,0.94999999999999996,0.77283084392547607,0.00043961417395621538,0.76999998092651367,0.65000000000000002,0.41356572508811951,-0.0034773715306073427,0.40999999642372131,0.20000000000000001,0.12704214453697205,-0.0016476084711030126,0.12999999523162842,0,0.0010221295524388552,9.0949470177292824e-12,0,False,4,3
638,2022-10-01,SSD,1274,0,4,0.84999999999999987,0.80569559335708618,0.00034286093432456255,0.81000000238418579,0.55000000000000004,0.40869972109794617,-0.0055342074483633041,0.40000000596046448,0.20000000000000001,0.13985827565193176,-0.0028775772079825401,0.14000000059604645,0,0.0010221295524388552,9.0949470177292824e-12,0,False,4,3
639,2022-02-01,SSD,1299,3,4,0.85000000000000009,0.72765767574310303,-0.00015272453310899436,0.73000001907348633,0.64999999999999991,0.41419360041618347,-0.0053665400482714176,0.40999999642372131,0.29999999999999999,0.093607418239116669,-0.00082974007818847895,0.090000003576278687,0,0.00089907192159444094,-6.5483618527650833e-11,0,False,4,3
640,2022-02-01,SSD,1238,2,4,0.85000000000000009,0.69995802640914917,7.5166004535276443e-05,0.69999998807907104,0.64999999999999991,0.3344247043132782,-0.0098356958478689194,0.31999999284744263,0.29999999999999999,0.11766001582145691,-0.0011322528589516878,0.11999999731779099,0,0.0011075058719143271,-1.3824319466948509e-10,0,False,4,3
642,2022-10-01,SSD,1307,3,4,0.80000000000000004,0.82675021886825562,-0.00039799936348572373,0.82999998331069946,0.55000000000000004,0.50040382146835327,-0.010382416658103466,0.49000000953674316,0.25,0.12865810096263885,0.0018267134437337518,0.12999999523162842,0,0.00089907192159444094,-6.5483618527650833e-11,0,False,4,3
643,2022-10-01,SSD,1249,4,4,0.80000000000000004,0.8272673487663269,-0.00012827212049160153,0.82999998331069946,0.55000000000000004,0.52905833721160889,-0.014240503311157227,0.50999999046325684,0.25,0.18096062541007996,0.0049020168371498585,0.18999999761581421,0,0.0011559246340766549,-7.7761797001585364e-11,0,False,4,3
644,2022-06-01,COD,1290,0,2,0.30000000000000004,0.62084680795669556,2.7746384148485959e-05,0.62000000476837158,0.10000000000000001,0.26878246665000916,0.006242845207452774,0.2800000011920929,0,0.064489662647247314,0.0022144066169857979,0.070000000298023224,0,0.0010221295524388552,9.0949470177292824e-12,0,False,2,3
644,2022-07-01,COD,1291,0,2,0.65000000000000002,0.57248800992965698,0.00017377780750393867,0.56999999284744263,0.15000000000000002,0.3054024875164032,0.0073125828057527542,0.31000000238418579,0.050000000000000003,0.055528290569782257,0.0054210158996284008,0.059999998658895493,0,0.0010221295524388552,9.0949470177292824e-12,0,False,2,3
645,2022-06-01,COD,1338,1,2,0.30000000000000004,0.66544300317764282,-0.00046252866741269827,0.6600000262260437,0.10000000000000001,0.29338446259498596,-0.0059527349658310413,0.28999999165534973,0,0.056708171963691711,-0.00069213658571243286,0.059999998658895493,0,0.0010606431169435382,1.0913936421275139e-10,0,False,2,3
645,2022-07-01,COD,1339,1,2,0.65000000000000002,0.60378140211105347,-5.8979883760912344e-05,0.60000002384185791,0.15000000000000002,0.30079922080039978,-0.0011262621264904737,0.30000001192092896,0.050000000000000003,0.050195634365081787,0.00093029043637216091,0.05000000074505806,0,0.0010606431169435382,1.0913936421275139e-10,0,False,2,3
646,2022-04-01,COD,1340,1,2,0.34999999999999998,0.6347343921661377,-0.00027161298203282058,0.62999999523162842,0.10000000000000001,0.22488564252853394,-0.012777015566825867,0.20999999344348907,0,0.0877046138048172,-0.0051523204892873764,0.079999998211860657,0,0.0010606431169435382,1.0913936421275139e-10,0,False,2,3
646,2022-07-01,COD,1341,1,3,0.79999999999999993,0.61145585775375366,-0.00022094491578172892,0.61000001430511475,0.44999999999999996,0.24573498964309692,-0.0054005770944058895,0.23999999463558197,0.10000000000000001,0.065288223326206207,0.00093029043637216091,0.070000000298023224,0,0.0010606431169435382,1.0913936421275139e-10,0,False,3,3
647,2022-04-01,COD,1342,1,2,0.34999999999999998,0.63434767723083496,-0.00027161298203282058,0.62999999523162842,0.10000000000000001,0.22750842571258545,-0.012777015566825867,0.20999999344348907,0,0.0877046138048172,-0.0051523204892873764,0.079999998211860657,0,0.0010606431169435382,1.0913936421275139e-10,0,False,2,3
647,2022-07-01,COD,1343,1,3,0.79999999999999993,0.61252260208129883,-0.00022094491578172892,0.61000001430511475,0.44999999999999996,0.24835777282714844,-0.0054005770944058895,0.23999999463558197,0.10000000000000001,0.065288223326206207,0.00093029043637216091,0.070000000298023224,0,0.0010606431169435382,1.0913936421275139e-10,0,False,3,3
649,2022-04-01,COD,1279,4,2,0.34999999999999998,0.61944735050201416,-0.00031793036032468081,0.62000000476837158,0.10000000000000001,0.20124006271362305,-0.018505357205867767,0.18000000715255737,0,0.083377018570899963,-0.0059015830047428608,0.079999998211860657,0,0.0011559246340766549,-7.7761797001585364e-11,0,False,2,2
649,2022-06-01,COD,1280,4,2,0.34999999999999998,0.60028117895126343,-0.00022811717644799501,0.60000002384185791,0.14999999999999999,0.24425169825553894,0.0077433204278349876,0.25,0,0.079976066946983337,0.0049020168371498585,0.079999998211860657,0,0.0011559246340766549,-7.7761797001585364e-11,0,False,2,3
649,2022-07-01,COD,1281,4,3,0.65000000000000002,0.56779509782791138,-6.3362538639921695e-05,0.56999999284744263,0.29999999999999999,0.23793201148509979,0.013917920179665089,0.25,0.050000000000000003,0.046398773789405823,0.0049020168371498585,0.05000000074505806,0,0.0011559246340766549,-7.7761797001585364e-11,0,False,3,3
650,2022-04-01,COD,1334,0,2,0.34999999999999998,0.62855666875839233,-0.00025012355763465166,0.62999999523162842,0.10000000000000001,0.22563029825687408,-0.017970690503716469,0.20999999344348907,0,0.056806217879056931,-0.0025919033214449883,0.05000000074505806,0,0.0010221295524388552,9.0949470177292824e-12,0,False,2,3
650,2022-06-01,COD,1335,0,2,0.34999999999999998,0.61337357759475708,-0.0002235970605397597,0.61000001430511475,0.14999999999999999,0.26538375020027161,0.0038772234693169594,0.27000001072883606,0,0.056836545467376709,0.0062950616702437401,0.059999998658895493,0,0.0010221295524388552,9.0949470177292824e-12,0,False,2,3
650,2022-07-01,COD,1336,0,3,0.65000000000000002,0.57686936855316162,0.00014255409769248217,0.57999998331069946,0.29999999999999999,0.25594893097877502,0.0032177746761590242,0.25999999046325684,0.050000000000000003,0.053576208651065826,0.0095016602426767349,0.059999998658895493,0,0.0010221295524388552,9.0949470177292824e-12,0,False,3,3
651,2022-04-01,BDI,1372,3,2,0.30000000000000004,0.51761132478713989,6.5235588408540934e-05,0.51999998092651367,0.10000000000000001,0.15208601951599121,0.00064151664264500141,0.15000000596046448,0,0.041228089481592178,-0.00082974007818847895,0.039999999105930328,0,0.00089907192159444094,-6.5483618527650833e-11,0,False,2,2
651,2022-06-01,BDI,1373,3,1,0.15000000000000002,0.60316455364227295,-7.5672825914807618e-05,0.60000002384185791,0.050000000000000003,0.18399684131145477,0.00064151664264500141,0.18000000715255737,0,0.043346256017684937,-0.00082974007818847895,0.039999999105930328,0,0.00089907192159444094,-6.5483618527650833e-11,0,False,1,2
651,2022-07-01,BDI,1374,3,3,0.75,0.63012105226516724,-0.00025816223933361471,0.62999999523162842,0.29999999999999999,0.24538402259349823,0.0013378637377172709,0.25,0.050000000000000003,0.046251188963651657,-0.00082974007818847895,0.05000000074505806,0,0.00089907192159444094,-6.5483618527650833e-11,0,False,3,3
652,2022-04-01,BDI,1313,4,2,0.30000000000000004,0.46910390257835388,-1.9644821804831736e-05,0.4699999988079071,0.10000000000000001,0.17337119579315186,-0.0038268077187240124,0.17000000178813934,0,0.040983259677886963,-0.00077617750503122807,0.039999999105930328,0,0.0011559246340766549,-7.7761797001585364e-11,0,False,2,2
652,2022-06-01,BDI,1314,4,1,0.15000000000000002,0.60462003946304321,0.00024643310462124646,0.60000002384185791,0.050000000000000003,0.19437064230442047,-0.0020812219008803368,0.18999999761581421,0,0.040527548640966415,-0.00077617750503122807,0.039999999105930328,0,0.0011559246340766549,-7.7761797001585364e-11,0,False,1,2
652,2022-07-01,BDI,1315,4,3,0.75,0.62807857990264893,0.00013649914762936532,0.62999999523162842,0.29999999999999999,0.20601032674312592,-0.0052235685288906097,0.20000000298023224,0.050000000000000003,0.043327920138835907,0.0018199739279225469,0.05000000074505806,0,0.0011559246340766549,-7.7761797001585364e-11,0,False,3,3
654,2022-06-01,COD,1407,1,2,0.29999999999999999,0.6777614951133728,0.00035619374830275774,0.68000000715255737,0.14999999999999999,0.32543966174125671,-0.0037215217016637325,0.31999999284744263,0,0.073424316942691803,-0.00069213658571243286,0.070000000298023224,0,0.0010606431169435382,1.0913936421275139e-10,0,False,2,3
654,2022-07-01,COD,1408,1,3,0.80000000000000004,0.68147444725036621,0.00041579108801670372,0.68000000715255737,0.34999999999999998,0.30461135506629944,-0.0037215217016637325,0.30000001192092896,0.050000000000000003,0.070136316120624542,-0.00069213658571243286,0.070000000298023224,0,0.0010606431169435382,1.0913936421275139e-10,0,False,3,3
655,2022-06-01,COD,1409,1,2,0.30000000000000004,0.65311694145202637,-0.00035410077543929219,0.64999997615814209,0.10000000000000001,0.31020855903625488,0.0016231650952249765,0.31000000238418579,0,0.055708393454551697,-0.00069213658571243286,0.059999998658895493,0,0.0010606431169435382,1.0913936421275139e-10,0,False,2,3
655,2022-07-01,COD,1410,1,3,0.75,0.65323168039321899,0.00010932422446785495,0.64999997615814209,0.34999999999999998,0.28513059020042419,0.0051664034835994244,0.28999999165534973,0.10000000000000001,0.050195634365081787,0.00093029043637216091,0.05000000074505806,0,0.0010606431169435382,1.0913936421275139e-10,0,False,3,3
658,2022-06-01,COD,1334,4,2,0.30000000000000004,0.59360373020172119,0.00019907034584321082,0.5899999737739563,0.10000000000000001,0.2388346791267395,-0.0022964919917285442,0.23999999463558197,0,0.087426736950874329,0.0049020168371498585,0.090000003576278687,0,0.0011559246340766549,-7.7761797001585364e-11,0,False,2,3
658,2022-07-01,COD,1335,4,3,0.79999999999999993,0.6111568808555603,4.4820699258707464e-06,0.61000001430511475,0.44999999999999996,0.22965222597122192,0.003878109622746706,0.23000000417232513,0.14999999999999999,0.052799805998802185,0.0049020168371498585,0.059999998658895493,0,0.0011559246340766549,-7.7761797001585364e-11,0,False,3,3
661,2022-06-01,COD,1423,1,2,0.30000000000000004,0.67985355854034424,-0.00079556601122021675,0.68000000715255737,0.10000000000000001,0.33457919955253601,0.0016231650952249765,0.34000000357627869,0,0.055708393454551697,-0.00069213658571243286,0.059999998658895493,0,0.0010606431169435382,1.0913936421275139e-10,0,False,2,3
661,2022-07-01,COD,1424,1,3,0.79999999999999993,0.56762278079986572,0.00024794478667899966,0.56999999284744263,0.44999999999999996,0.35226362943649292,0.0051664034835994244,0.36000001430511475,0.14999999999999999,0.045549184083938599,0.00093029043637216091,0.05000000074505806,0,0.0010606431169435382,1.0913936421275139e-10,0,False,3,3
668,2022-02-01,SSD,1361,4,2,0.5,0.73895621299743652,-0.00021924647444393486,0.74000000953674316,0.14999999999999999,0.37250840663909912,-0.010001815855503082,0.36000001430511475,0,0.10202823579311371,-0.00077617750503122807,0.10000000149011612,0,0.0011559246340766549,-7.7761797001585364e-11,0,False,2,3
668,2022-07-01,SSD,1362,4,3,0.75,0.72874408960342407,-0.00022060507035348564,0.73000001907348633,0.25,0.327391117811203,-0.0058427685871720314,0.31999999284744263,0.050000000000000003,0.06338239461183548,-0.00077617750503122807,0.059999998658895493,0,0.0011559246340766549,-7.7761797001585364e-11,0,False,3,3
669,2022-02-01,SSD,1363,4,2,0.5,0.7390715479850769,-0.00021924647444393486,0.74000000953674316,0.14999999999999999,0.37250840663909912,-0.010001815855503082,0.36000001430511475,0,0.10202823579311371,-0.00077617750503122807,0.10000000149011612,0,0.0011559246340766549,-7.7761797001585364e-11,0,False,2,3
669,2022-07-01,SSD,1364,4,3,0.75,0.72928011417388916,-0.00022060507035348564,0.73000001907348633,0.25,0.327391117811203,-0.0058427685871720314,0.31999999284744263,0.050000000000000003,0.06338239461183548,-0.00077617750503122807,0.059999998658895493,0,0.0011559246340766549,-7.7761797001585364e-11,0,False,3,3
670,2022-02-01,SSD,1365,4,4,0.90000000000000002,0.7606390118598938,-0.00035472784657031298,0.75999999046325684,0.65000000000000002,0.43460604548454285,-0.018786774948239326,0.41999998688697815,0.25,0.12550505995750427,0.001182905281893909,0.12999999523162842,0,0.0011559246340766549,-7.7761797001585364e-11,0,False,4,3
671,2022-02-01,SSD,1398,2,4,0.90000000000000002,0.75292402505874634,-0.00029024880495853722,0.75,0.65000000000000002,0.3166784942150116,-0.015406333841383457,0.30000001192092896,0.25,0.15425498783588409,-0.0011322528589516878,0.15000000596046448,0,0.0011075058719143271,-1.3824319466948509e-10,0,False,4,3
672,2022-02-01,SSD,1452,1,3,0.79999999999999993,0.79539066553115845,7.9829987953417003e-05,0.80000001192092896,0.44999999999999996,0.36709246039390564,-0.00067556800786405802,0.37000000476837158,0.14999999999999999,0.13668487966060638,-0.0002239362511318177,0.14000000059604645,0,0.0010606431169435382,1.0913936421275139e-10,0,False,3,3
672,2022-10-01,SSD,1453,1,3,0.80000000000000004,0.81919598579406738,-0.00019155480549670756,0.81999999284744263,0.55000000000000004,0.46403145790100098,-0.01833837479352951,0.44999998807907104,0.14999999999999999,0.15107095241546631,-0.0067257499322295189,0.14000000059604645,0,0.0010606431169435382,1.0913936421275139e-10,0,False,3,3
673,2022-02-01,SSD,1440,0,3,0.79999999999999993,0.73581612110137939,-0.00048291234998032451,0.74000000953674316,0.44999999999999996,0.41690993309020996,-0.0041664699092507362,0.40999999642372131,0.14999999999999999,0.12723830342292786,0.0034443764016032219,0.12999999523162842,0,0.0010221295524388552,9.0949470177292824e-12,0,False,3,3
673,2022-10-01,SSD,1441,0,3,0.80000000000000004,0.8032417893409729,-0.00022253811766859144,0.80000001192092896,0.55000000000000004,0.48908334970474243,-0.0036059354897588491,0.49000000953674316,0.14999999999999999,0.14561262726783752,0.001203073188662529,0.15000000596046448,0,0.0010221295524388552,9.0949470177292824e-12,0,False,3,3
674,2022-07-01,BDI,1463,1,3,0.80000000000000004,0.68989938497543335,-6.6652573877945542e-05,0.68999999761581421,0.39999999999999997,0.21526587009429932,-0.0020596780814230442,0.20999999344348907,0.050000000000000003,0.044994235038757324,-0.001846362603828311,0.039999999105930328,0,0.0010606431169435382,1.0913936421275139e-10,0,False,3,3
675,2022-07-01,BDI,1482,3,3,0.80000000000000004,0.65905988216400146,0.00016216935182455927,0.6600000262260437,0.39999999999999997,0.22263580560684204,0.0013378637377172709,0.2199999988079071,0.050000000000000003,0.043346256017684937,-0.00082974007818847895,0.039999999105930328,0,0.00089907192159444094,-6.5483618527650833e-11,0,False,3,3
676,2022-04-01,BDI,1460,0,2,0.40000000000000002,0.5746147632598877,-6.1780658143106848e-05,0.56999999284744263,0.10000000000000001,0.13795261085033417,-0.0049215750768780708,0.12999999523162842,0,0.032665181905031204,0.00023777072783559561,0.029999999329447746,0,0.0010221295524388552,9.0949470177292824e-12,0,False,2,2
676,2022-06-01,BDI,1461,0,2,0.40000000000000002,0.63867616653442383,-6.1916798586025834e-05,0.63999998569488525,0.10000000000000001,0.15174563229084015,-0.0049215750768780708,0.15000000596046448,0,0.038420341908931732,0.00023777072783559561,0.039999999105930328,0,0.0010221295524388552,9.0949470177292824e-12,0,False,2,2
676,2022-07-01,BDI,1462,0,3,0.75,0.67245233058929443,-2.4775757992756553e-05,0.67000001668930054,0.29999999999999999,0.19926391541957855,-0.0028393508400768042,0.20000000298023224,0.050000000000000003,0.040259934961795807,0.00023777072783559561,0.039999999105930328,0,0.0010221295524388552,9.0949470177292824e-12,0,False,3,3
677,2022-04-01,BDI,1449,2,2,0.40000000000000002,0.59107905626296997,8.2770144217647612e-05,0.5899999737739563,0.10000000000000001,0.1662648618221283,-0.00072840845678001642,0.17000000178813934,0,0.039101704955101013,-0.0011322528589516878,0.039999999105930328,0,0.0011075058719143271,-1.3824319466948509e-10,0,False,2,2
677,2022-06-01,BDI,1450,2,2,0.40000000000000002,0.64383262395858765,-8.0876292486209422e-05,0.63999998569488525,0.10000000000000001,0.21719291806221008,-0.00072840845678001642,0.2199999988079071,0,0.034735843539237976,-0.0011322528589516878,0.029999999329447746,0,0.0011075058719143271,-1.3824319466948509e-10,0,False,2,3
677,2022-07-01,BDI,1451,2,3,0.75,0.67263174057006836,-0.00010214261419605464,0.67000001668930054,0.29999999999999999,0.23184265196323395,-0.00072840845678001642,0.23000000417232513,0.050000000000000003,0.038899976760149002,-0.0011322528589516878,0.039999999105930328,0,0.0011075058719143271,-1.3824319466948509e-10,0,False,3,3
678,2022-02-01,SSD,1431,4,4,0.94999999999999996,0.83011490106582642,-9.5096795121207833e-05,0.82999998331069946,0.80000000000000004,0.54575026035308838,-0.0018842745339497924,0.54000002145767212,0.34999999999999998,0.14967755973339081,0.001182905281893909,0.15000000596046448,0,0.0011559246340766549,-7.7761797001585364e-11,0,False,4,3
678,2022-04-01,SSD,1432,4,2,0.39999999999999997,0.79697918891906738,9.6688490884844214e-06,0.80000001192092896,0.15000000000000002,0.52541631460189819,0.0036662437487393618,0.52999997138977051,0.050000000000000003,0.14156024158000946,-0.00077617750503122807,0.14000000059604645,0,0.0011559246340766549,-7.7761797001585364e-11,0,False,2,3
679,2022-02-01,SSD,1481,0,4,0.94999999999999996,0.80257314443588257,-8.1971003965009004e-05,0.80000001192092896,0.80000000000000004,0.51642417907714844,0.0025437900330871344,0.51999998092651367,0.34999999999999998,0.12662290036678314,0.0034443764016032219,0.12999999523162842,0,0.0010221295524388552,9.0949470177292824e-12,0,False,4,3
679,2022-04-01,SSD,1482,0,2,0.39999999999999997,0.79838448762893677,-7.9481520515400916e-05,0.80000001192092896,0.15000000000000002,0.54074490070343018,0.0064251278527081013,0.55000001192092896,0.050000000000000003,0.11837992817163467,0.00023777072783559561,0.11999999731779099,0,0.0010221295524388552,9.0949470177292824e-12,0,False,2,3
680,2022-02-01,COD,1483,0,3,0.80000000000000004,0.66582578420639038,0.00016963748203124851,0.67000001668930054,0.45000000000000001,0.34598878026008606,0.0016554172616451979,0.34999999403953552,0.050000000000000003,0.065600551664829254,0.0022144066169857979,0.070000000298023224,0,0.0010221295524388552,9.0949470177292824e-12,0,False,3,3
680,2022-07-01,COD,1484,0,3,0.75,0.65317541360855103,4.4301457819528878e-05,0.64999997615814209,0.25,0.33186283707618713,0.001895032124593854,0.33000001311302185,0.050000000000000003,0.06200721487402916,0.0022144066169857979,0.059999998658895493,0,0.0010221295524388552,9.0949470177292824e-12,0,False,3,3
680,2022-10-01,COD,1485,0,3,0.80000000000000004,0.63196384906768799,4.1019637137651443e-05,0.62999999523162842,0.34999999999999998,0.29092782735824585,-0.013806018978357315,0.2800000011920929,0.050000000000000003,0.064039483666419983,-0.0025919033214449883,0.059999998658895493,0,0.0010221295524388552,9.0949470177292824e-12,0,False,3,3
681,2022-06-01,COD,1462,2,2,0.29999999999999999,0.64082390069961548,0.00026140149566344917,0.63999998569488525,0.14999999999999999,0.35245659947395325,0.0053678001277148724,0.36000001430511475,0,0.063580811023712158,0.0020786446984857321,0.070000000298023224,0,0.0011075058719143271,-1.3824319466948509e-10,0,False,2,3
681,2022-07-01,COD,1463,2,3,0.80000000000000004,0.59932452440261841,-1.4163015293888748e-05,0.60000002384185791,0.34999999999999998,0.32420587539672852,0.011197071522474289,0.34000000357627869,0.050000000000000003,0.061102043837308884,0.0020786446984857321,0.059999998658895493,0,0.0011075058719143271,-1.3824319466948509e-10,0,False,3,3
682,2022-02-01,SSD,1495,0,4,0.94999999999999996,0.7626802921295166,6.9585308665409684e-05,0.75999999046325684,0.85000000000000009,0.54475706815719604,0.0071673020720481873,0.55000001192092896,0.5,0.13812389969825745,-0.0016476084711030126,0.14000000059604645,0.050000000000000003,0.0010221295524388552,9.0949470177292824e-12,0,False,4,3
683,2022-02-01,SSD,1449,4,4,0.94999999999999996,0.82478564977645874,-0.00027274701278656721,0.81999999284744263,0.85000000000000009,0.50424337387084961,-0.010917402803897858,0.49000000953674316,0.5,0.15533557534217834,0.001182905281893909,0.15999999642372131,0.050000000000000003,0.0011559246340766549,-7.7761797001585364e-11,0,False,4,3
684,2022-06-01,COD,1466,2,2,0.29999999999999999,0.63623917102813721,0.00026140149566344917,0.63999998569488525,0.14999999999999999,0.34277123212814331,0.0053678001277148724,0.34999999403953552,0,0.063580811023712158,0.0020786446984857321,0.070000000298023224,0,0.0011075058719143271,-1.3824319466948509e-10,0,False,2,3
684,2022-07-01,COD,1467,2,3,0.80000000000000004,0.60021555423736572,-1.4163015293888748e-05,0.60000002384185791,0.34999999999999998,0.31452050805091858,0.011197071522474289,0.33000001311302185,0.050000000000000003,0.061102043837308884,0.0020786446984857321,0.059999998658895493,0,0.0011075058719143271,-1.3824319466948509e-10,0,False,3,3
685,2022-02-01,COD,1541,3,3,0.80000000000000004,0.72569882869720459,-0.00023854791652411222,0.73000001907348633,0.45000000000000001,0.37936335802078247,0.0094352932646870613,0.38999998569488525,0.050000000000000003,0.058034569025039673,0.0018267134437337518,0.059999998658895493,0,0.00089907192159444094,-6.5483618527650833e-11,0,False,3,3
685,2022-07-01,COD,1542,3,3,0.75,0.71251761913299561,-0.00034712007618509233,0.70999997854232788,0.25,0.32505625486373901,0.0025977399200201035,0.33000001311302185,0.050000000000000003,0.072757802903652191,0.0018267134437337518,0.070000000298023224,0,0.00089907192159444094,-6.5483618527650833e-11,0,False,3,3
691,2022-02-01,SSD,1547,1,3,0.84999999999999998,0.8465457558631897,5.1445772442093585e-06,0.85000002384185791,0.55000000000000004,0.54918348789215088,-0.0025838569272309542,0.55000001192092896,0.14999999999999999,0.16594697535037994,0.004756757989525795,0.17000000178813934,0,0.0010606431169435382,1.0913936421275139e-10,0,False,3,3
692,2022-02-01,SSD,1478,4,3,0.84999999999999998,0.84062910079956055,-0.00019135404727421701,0.8399999737739563,0.55000000000000004,0.53951370716094971,0.0086655374616384506,0.55000001192092896,0.14999999999999999,0.1270042210817337,0.001182905281893909,0.12999999523162842,0,0.0011559246340766549,-7.7761797001585364e-11,0,False,3,3
699,2022-04-01,BDI,1542,0,2,0.34999999999999998,0.54286760091781616,-0.0001365474599879235,0.54000002145767212,0.10000000000000001,0.16049523651599884,-0.0028393508400768042,0.15999999642372131,0,0.034734234213829041,0.00023777072783559561,0.029999999329447746,0,0.0010221295524388552,9.0949470177292824e-12,0,False,2,2
699,2022-06-01,BDI,1543,0,2,0.40000000000000002,0.69183599948883057,-5.6957254855660722e-05,0.68999999761581421,0.14999999999999999,0.17396679520606995,0.0013577016070485115,0.18000000715255737,0,0.040489394217729568,0.00023777072783559561,0.039999999105930328,0,0.0010221295524388552,9.0949470177292824e-12,0,False,2,2
699,2022-07-01,BDI,1544,0,2,0.75,0.65777754783630371,-5.3063795348862186e-05,0.6600000262260437,0.14999999999999999,0.22474682331085205,0.0013577016070485115,0.23000000417232513,0,0.040376905351877213,0.00023777072783559561,0.039999999105930328,0,0.0010221295524388552,9.0949470177292824e-12,0,False,2,3
700,2022-04-01,BDI,1505,4,2,0.34999999999999998,0.50354260206222534,6.6515704020275734e-06,0.5,0.10000000000000001,0.21749559044837952,-0.0012024296447634697,0.2199999988079071,0,0.049547158181667328,-0.00077617750503122807,0.05000000074505806,0,0.0011559246340766549,-7.7761797001585364e-11,0,False,2,3
700,2022-07-01,BDI,1506,4,2,0.75,0.66564911603927612,2.846580719051417e-05,0.67000001668930054,0.14999999999999999,0.21511733531951904,0.0045441635884344578,0.2199999988079071,0,0.037569418549537659,0.0018199739279225469,0.039999999105930328,0,0.0011559246340766549,-7.7761797001585364e-11,0,False,2,3
701,2022-02-01,SSD,1601,3,4,0.94999999999999996,0.8427625298500061,-0.00032669786014594138,0.8399999737739563,0.80000000000000004,0.47637784481048584,-0.0051312497816979885,0.4699999988079071,0.5,0.13343840837478638,0.00073249451816082001,0.12999999523162842,0.050000000000000003,0.00089907192159444094,-6.5483618527650833e-11,0,False,4,3
702,2022-02-01,SSD,1560,0,4,0.94999999999999996,0.84086418151855469,0.00012743505067192018,0.8399999737739563,0.80000000000000004,0.57550632953643799,0.0036442775744944811,0.57999998331069946,0.5,0.11770838499069214,0.0034443764016032219,0.11999999731779099,0.050000000000000003,0.0010221295524388552,9.0949470177292824e-12,0,False,4,3
703,2022-04-01,BDI,1595,1,2,0.30000000000000004,0.56613588333129883,4.4534470362123102e-05,0.56999999284744263,0.10000000000000001,0.13090747594833374,-0.0009166571544483304,0.12999999523162842,0,0.041111715137958527,-0.001846362603828311,0.039999999105930328,0,0.0010606431169435382,1.0913936421275139e-10,0,False,2,2
703,2022-06-01,BDI,1596,1,2,0.34999999999999998,0.62311452627182007,-0.0002314346784260124,0.62000000476837158,0.10000000000000001,0.14893543720245361,-0.0009166571544483304,0.15000000596046448,0,0.036232128739356995,-0.001846362603828311,0.029999999329447746,0,0.0010606431169435382,1.0913936421275139e-10,0,False,2,2
703,2022-07-01,BDI,1597,1,3,0.75,0.66643542051315308,0.00020152787328697741,0.67000001668930054,0.29999999999999999,0.23355434834957123,-0.0020596780814230442,0.23000000417232513,0.050000000000000003,0.050777807831764221,-0.001846362603828311,0.05000000074505806,0,0.0010606431169435382,1.0913936421275139e-10,0,False,3,3
704,2022-04-01,BDI,1618,3,2,0.30000000000000004,0.56906485557556152,0.00016121799126267433,0.56999999284744263,0.10000000000000001,0.15212333202362061,0.00064151664264500141,0.15000000596046448,0,0.038846902549266815,-0.00082974007818847895,0.039999999105930328,0,0.00089907192159444094,-6.5483618527650833e-11,0,False,2,2
704,2022-06-01,BDI,1619,3,2,0.34999999999999998,0.65964096784591675,0.00016776996199041605,0.6600000262260437,0.10000000000000001,0.18804863095283508,0.00064151664264500141,0.18999999761581421,0,0.03887784481048584,-0.00082974007818847895,0.039999999105930328,0,0.00089907192159444094,-6.5483618527650833e-11,0,False,2,2
704,2022-07-01,BDI,1620,3,3,0.75,0.64783710241317749,-0.00019569821597542614,0.64999997615814209,0.29999999999999999,0.24759359657764435,0.0013378637377172709,0.25,0.050000000000000003,0.046251188963651657,-0.00082974007818847895,0.05000000074505806,0,0.00089907192159444094,-6.5483618527650833e-11,0,False,3,3
705,2022-10-01,ZAF,1560,2,2,0.59999999999999998,0.55455446243286133,0.00073040218558162451,0.56000000238418579,0.10000000000000001,0.22157518565654755,-0.0045514381490647793,0.2199999988079071,0,0.060191880911588669,-0.0011322528589516878,0.059999998658895493,0,0.0011075058719143271,-1.3824319466948509e-10,0,False,2,3
706,2022-06-01,COD,1541,4,2,0.29999999999999999,0.64341354370117188,7.9895635280990973e-06,0.63999998569488525,0.14999999999999999,0.27225512266159058,0.01202879473567009,0.2800000011920929,0,0.084256604313850403,0.0064663435332477093,0.090000003576278687,0,0.0011559246340766549,-7.7761797001585364e-11,0,False,2,3
706,2022-07-01,COD,1542,4,3,0.75,0.59951192140579224,-0.00017491749895270914,0.60000002384185791,0.34999999999999998,0.27705559134483337,0.01202879473567009,0.28999999165534973,0.050000000000000003,0.079316243529319763,0.0064663435332477093,0.090000003576278687,0,0.0011559246340766549,-7.7761797001585364e-11,0,False,3,3
707,2022-04-01,BDI,1620,1,2,0.44999999999999996,0.56751126050949097,-0.00018470961367711425,0.56999999284744263,0.14999999999999999,0.18808767199516296,-0.0009166571544483304,0.18999999761581421,0,0.044397898018360138,-0.001846362603828311,0.039999999105930328,0,0.0010606431169435382,1.0913936421275139e-10,0,False,2,2
707,2022-06-01,BDI,1621,1,2,0.44999999999999996,0.60937303304672241,-0.00015821131819393486,0.61000001430511475,0.14999999999999999,0.18590395152568817,-0.0009166571544483304,0.18000000715255737,0,0.039518296718597412,-0.001846362603828311,0.039999999105930328,0,0.0010606431169435382,1.0913936421275139e-10,0,False,2,2
707,2022-07-01,BDI,1622,1,3,0.75,0.68864697217941284,-0.00075053417822346091,0.68999999761581421,0.29999999999999999,0.19611324369907379,-0.0020596780814230442,0.18999999761581421,0.050000000000000003,0.050777807831764221,-0.001846362603828311,0.05000000074505806,0,0.0010606431169435382,1.0913936421275139e-10,0,False,3,2
708,2022-04-01,BDI,1623,1,2,0.44999999999999996,0.56699883937835693,-0.00018470961367711425,0.56999999284744263,0.14999999999999999,0.18631230294704437,-0.0009166571544483304,0.18999999761581421,0,0.044397898018360138,-0.001846362603828311,0.039999999105930328,0,0.0010606431169435382,1.0913936421275139e-10,0,False,2,2
708,2022-06-01,BDI,1624,1,2,0.44999999999999996,0.61551046371459961,-0.00015821131819393486,0.62000000476837158,0.14999999999999999,0.18412858247756958,-0.0009166571544483304,0.18000000715255737,0,0.039518296718597412,-0.001846362603828311,0.039999999105930328,0,0.0010606431169435382,1.0913936421275139e-10,0,False,2,2
708,2022-07-01,BDI,1625,1,3,0.75,0.68908512592315674,-0.00075053417822346091,0.68999999761581421,0.29999999999999999,0.20319283008575439,-0.0020596780814230442,0.20000000298023224,0.050000000000000003,0.050777807831764221,-0.001846362603828311,0.05000000074505806,0,0.0010606431169435382,1.0913936421275139e-10,0,False,3,3
711,2022-02-01,SSD,1652,3,3,0.80000000000000004,0.6776995062828064,-0.00040414810064248741,0.68000000715255737,0.45000000000000001,0.36242517828941345,0.0045015052892267704,0.37000000476837158,0.050000000000000003,0.065938800573348999,-0.00082974007818847895,0.070000000298023224,0,0.00089907192159444094,-6.5483618527650833e-11,0,False,3,3
711,2022-07-01,SSD,1653,3,3,0.75,0.65796321630477905,-0.00015698658535256982,0.6600000262260437,0.25,0.29816314578056335,0.0074715525843203068,0.31000000238418579,0.050000000000000003,0.085325233638286591,4.3304542487021536e-05,0.090000003576278687,0,0.00089907192159444094,-6.5483618527650833e-11,0,False,3,3
712,2022-02-01,SSD,1641,1,3,0.80000000000000004,0.75985777378082275,-0.00069910235470160842,0.75999999046325684,0.45000000000000001,0.38379505276679993,0.0010034916922450066,0.37999999523162842,0.050000000000000003,0.06946101039648056,-0.001846362603828311,0.070000000298023224,0,0.0010606431169435382,1.0913936421275139e-10,0,False,3,3
712,2022-07-01,SSD,1642,1,3,0.75,0.67609560489654541,-0.00025727256434038281,0.68000000715255737,0.25,0.33166128396987915,0.0027661868371069431,0.33000001311302185,0.050000000000000003,0.061319366097450256,-0.001846362603828311,0.059999998658895493,0,0.0010606431169435382,1.0913936421275139e-10,0,False,3,3
716,2022-02-01,COD,1672,3,3,0.80000000000000004,0.70631891489028931,-8.9693290647119284e-05,0.70999997854232788,0.45000000000000001,0.34449067711830139,0.0065712728537619114,0.34999999403953552,0.050000000000000003,0.058034569025039673,0.0059940139763057232,0.059999998658895493,0,0.00089907192159444094,-6.5483618527650833e-11,0,False,3,3
716,2022-06-01,COD,1673,3,3,0.60000000000000009,0.75207602977752686,-0.00056900654453784227,0.75,0.20000000000000001,0.38849875330924988,0.0049318890087306499,0.38999998569488525,0,0.081406570971012115,0.0066064842976629734,0.090000003576278687,0,0.00089907192159444094,-6.5483618527650833e-11,0,False,3,3
717,2022-02-01,COD,1674,3,3,0.80000000000000004,0.70753645896911621,-8.9693290647119284e-05,0.70999997854232788,0.45000000000000001,0.31166607141494751,0.0065712728537619114,0.31999999284744263,0.050000000000000003,0.058034569025039673,0.0059940139763057232,0.059999998658895493,0,0.00089907192159444094,-6.5483618527650833e-11,0,False,3,3
717,2022-06-01,COD,1675,3,3,0.60000000000000009,0.75288057327270508,-0.00056900654453784227,0.75,0.20000000000000001,0.40056231617927551,0.0049318890087306499,0.40999999642372131,0,0.081406570971012115,0.0066064842976629734,0.090000003576278687,0,0.00089907192159444094,-6.5483618527650833e-11,0,False,3,3
723,2022-02-01,SSD,1680,3,4,0.99999999999999989,0.83428043127059937,-5.9261863498250023e-05,0.82999998331069946,0.84999999999999998,0.51433694362640381,-0.0051312497816979885,0.50999999046325684,0.5,0.12416680157184601,0.00066553801298141479,0.11999999731779099,0.080000000000000002,0.00089907192159444094,-6.5483618527650833e-11,0,False,4,3
724,2022-02-01,SSD,1681,3,4,0.99999999999999989,0.842429518699646,-5.9261863498250023e-05,0.8399999737739563,0.84999999999999998,0.44885706901550293,-0.0051312497816979885,0.43999999761581421,0.5,0.12416680157184601,0.00066553801298141479,0.11999999731779099,0.080000000000000002,0.00089907192159444094,-6.5483618527650833e-11,0,False,4,3
726,2022-02-01,COD,1682,3,3,0.80000000000000004,0.58220332860946655,0.00026927568251267076,0.57999998331069946,0.45000000000000001,0.30989009141921997,0.0065712728537619114,0.31999999284744263,0.050000000000000003,0.049943868070840836,0.0074892914853990078,0.059999998658895493,0,0.00089907192159444094,-6.5483618527650833e-11,0,False,3,3
727,2022-06-01,ZAF,1646,2,2,0.5,0.47144520282745361,-0.00012570939725264907,0.4699999988079071,0.10000000000000001,0.22787325084209442,-0.0025227325968444347,0.23000000417232513,0,0.062511995434761047,-0.0022998405620455742,0.059999998658895493,0,0.0011075058719143271,-1.3824319466948509e-10,0,False,2,3
727,2022-07-01,ZAF,1647,2,2,0.44999999999999996,0.52667665481567383,-8.2887170719914138e-05,0.52999997138977051,0.14999999999999999,0.21258857846260071,-0.0045514381490647793,0.20999999344348907,0,0.062511995434761047,-0.0011322528589516878,0.059999998658895493,0,0.0011075058719143271,-1.3824319466948509e-10,0,False,2,3
732,2022-06-01,SSD,1654,2,3,0.5,0.72920793294906616,0.00047424304648302495,0.73000001907348633,0.20000000000000001,0.27947720885276794,0.0058825486339628696,0.28999999165534973,0,0.049069084227085114,-0.0011322528589516878,0.05000000074505806,0,0.0011075058719143271,-1.3824319466948509e-10,0,False,3,3
732,2022-10-01,SSD,1655,2,3,0.80000000000000004,0.69276231527328491,-0.0002637362340465188,0.68999999761581421,0.29999999999999999,0.33513060212135315,0.010768745094537735,0.34999999403953552,0.050000000000000003,0.073365926742553711,0.0020786446984857321,0.079999998211860657,0,0.0011075058719143271,-1.3824319466948509e-10,0,False,3,3
733,2022-06-01,SSD,1704,3,3,0.5,0.71801042556762695,-0.00015424056618940085,0.72000002861022949,0.20000000000000001,0.26891368627548218,0.011769444681704044,0.2800000011920929,0,0.055531907826662064,-0.00082974007818847895,0.05000000074505806,0,0.00089907192159444094,-6.5483618527650833e-11,0,False,3,3
733,2022-10-01,SSD,1705,3,3,0.80000000000000004,0.65804338455200195,9.7788115454022773e-06,0.6600000262260437,0.29999999999999999,0.36702513694763184,0.010051059536635876,0.37999999523162842,0.050000000000000003,0.063117146492004395,0.018892565742135048,0.079999998211860657,0,0.00089907192159444094,-6.5483618527650833e-11,0,False,3,3
735,2022-02-01,SSD,1708,1,3,0.90000000000000002,0.7728542685508728,0.0003228125860914588,0.76999998092651367,0.55000000000000004,0.38125461339950562,0.0010034916922450066,0.37999999523162842,0.050000000000000003,0.070299245417118073,-0.001846362603828311,0.070000000298023224,0,0.0010606431169435382,1.0913936421275139e-10,0,False,3,3
735,2022-10-01,SSD,1709,1,3,0.80000000000000004,0.78222209215164185,0.00039441543049179018,0.77999997138977051,0.34999999999999998,0.36165240406990051,0.0016231650952249765,0.36000001430511475,0.050000000000000003,0.087249226868152618,-0.00069213658571243286,0.090000003576278687,0,0.0010606431169435382,1.0913936421275139e-10,0,False,3,3
736,2022-02-01,SSD,1719,3,3,0.90000000000000002,0.70170313119888306,-0.00034809554927051067,0.69999998807907104,0.55000000000000004,0.32507002353668213,0.0045015052892267704,0.33000001311302185,0.050000000000000003,0.065278865396976471,-0.00082974007818847895,0.059999998658895493,0,0.00089907192159444094,-6.5483618527650833e-11,0,False,3,3
736,2022-10-01,SSD,1720,3,3,0.80000000000000004,0.76014113426208496,2.7674841476255096e-06,0.75999999046325684,0.34999999999999998,0.35786068439483643,0.0081678982824087143,0.37000000476837158,0.050000000000000003,0.075522869825363159,0.0018267134437337518,0.079999998211860657,0,0.00089907192159444094,-6.5483618527650833e-11,0,False,3,3
748,2022-02-01,SSD,1724,1,4,0.95000000000000007,0.85387629270553589,-0.0002653818519320339,0.85000002384185791,0.85000000000000009,0.47074472904205322,-0.015409527346491814,0.46000000834465027,0.40000000000000002,0.15227331221103668,0.004756757989525795,0.15999999642372131,0,0.0010606431169435382,1.0913936421275139e-10,0,False,4,3
749,2022-02-01,SSD,1725,1,4,0.95000000000000007,0.85382348299026489,-0.0002653818519320339,0.85000002384185791,0.85000000000000009,0.45617499947547913,-0.015409527346491814,0.43999999761581421,0.40000000000000002,0.15642622113227844,0.004756757989525795,0.15999999642372131,0,0.0010606431169435382,1.0913936421275139e-10,0,False,4,3
752,2022-10-01,UGA,1678,4,3,0.80000000000000004,0.71693956851959229,2.4464561647619121e-05,0.72000002861022949,0.29999999999999999,0.29328691959381104,0.002248099073767662,0.30000001192092896,0.050000000000000003,0.04530927911400795,-0.00077617750503122807,0.039999999105930328,0,0.0011559246340766549,-7.7761797001585364e-11,0,False,3,3
753,2022-10-01,UGA,1679,4,3,0.80000000000000004,0.71693956851959229,2.4464561647619121e-05,0.72000002861022949,0.29999999999999999,0.2966199517250061,0.002248099073767662,0.30000001192092896,0.050000000000000003,0.04530927911400795,-0.00077617750503122807,0.039999999105930328,0,0.0011559246340766549,-7.7761797001585364e-11,0,False,3,3
759,2022-06-01,SWZ,1753,3,2,0.44999999999999996,0.55507320165634155,7.5999560067430139e-05,0.56000000238418579,0.10000000000000001,0.22945350408554077,-0.005095332395285368,0.2199999988079071,0,0.060023039579391479,-0.00082974007818847895,0.059999998658895493,0,0.00089907192159444094,-6.5483618527650833e-11,0,False,2,3
759,2022-10-01,SWZ,1754,3,2,0.59999999999999998,0.56263434886932373,9.4574119430035353e-05,0.56000000238418579,0.10000000000000001,0.15738901495933533,-0.005095332395285368,0.15000000596046448,0,0.063380904495716095,-0.00082974007818847895,0.059999998658895493,0,0.00089907192159444094,-6.5483618527650833e-11,0,False,2,2
760,2022-02-01,SSD,1757,1,3,0.84999999999999998,0.76234501600265503,0.0001640279806451872,0.75999999046325684,0.5,0.39914229512214661,0.0010034916922450066,0.40000000596046448,0.10000000000000001,0.078659020364284515,-0.001846362603828311,0.079999998211860657,0,0.0010606431169435382,1.0913936421275139e-10,0,False,3,3
761,2022-06-01,SWZ,1758,1,2,0.44999999999999996,0.57287555932998657,-0.00024479904095642269,0.56999999284744263,0.10000000000000001,0.25017040967941284,-0.002083036582916975,0.25,0,0.055867165327072144,-0.001846362603828311,0.05000000074505806,0,0.0010606431169435382,1.0913936421275139e-10,0,False,2,3
761,2022-10-01,SWZ,1759,1,2,0.59999999999999998,0.61065387725830078,-3.3772078040783526e-06,0.61000001430511475,0.10000000000000001,0.2081165611743927,0.0028078989125788212,0.20999999344348907,0,0.05577724426984787,-0.001846362603828311,0.05000000074505806,0,0.0010606431169435382,1.0913936421275139e-10,0,False,2,3
762,2022-02-01,SSD,1760,1,3,0.84999999999999998,0.76229709386825562,0.0001640279806451872,0.75999999046325684,0.5,0.39914229512214661,0.0010034916922450066,0.40000000596046448,0.10000000000000001,0.081197522580623627,-0.001846362603828311,0.079999998211860657,0,0.0010606431169435382,1.0913936421275139e-10,0,False,3,3
768,2022-02-01,SSD,1768,3,4,0.90000000000000002,0.78673636913299561,-0.00063715962460264564,0.79000002145767212,0.75,0.41194957494735718,-0.003932673018425703,0.40999999642372131,0.34999999999999998,0.097609765827655792,-0.00082974007818847895,0.10000000149011612,0,0.00089907192159444094,-6.5483618527650833e-11,0,False,4,3
769,2022-02-01,SSD,1777,0,4,0.90000000000000002,0.8073800802230835,-0.00028441048925742507,0.81000000238418579,0.75,0.46618854999542236,0.0045774057507514954,0.4699999988079071,0.34999999999999998,0.10685402154922485,0.0034443764016032219,0.10999999940395355,0,0.0010221295524388552,9.0949470177292824e-12,0,False,4,3
770,2022-06-01,SWZ,1771,3,2,0.40000000000000002,0.54970043897628784,-7.2160066338256001e-05,0.55000001192092896,0.10000000000000001,0.20038369297981262,-0.012176654301583767,0.18999999761581421,0,0.057844012975692749,-0.00082974007818847895,0.059999998658895493,0,0.00089907192159444094,-6.5483618527650833e-11,0,False,2,2
770,2022-10-01,SWZ,1772,3,2,0.59999999999999998,0.56355667114257812,-0.00020729232346639037,0.56000000238418579,0.10000000000000001,0.15917348861694336,-0.012176654301583767,0.15000000596046448,0,0.061201948672533035,-0.00082974007818847895,0.059999998658895493,0,0.00089907192159444094,-6.5483618527650833e-11,0,False,2,2
773,2022-06-01,SWZ,1773,1,2,0.40000000000000002,0.609779953956604,-7.7747245086356997e-05,0.61000001430511475,0.10000000000000001,0.24655580520629883,-0.0037620977964252234,0.23999999463558197,0,0.055044174194335938,-0.001846362603828311,0.05000000074505806,0,0.0010606431169435382,1.0913936421275139e-10,0,False,2,3
773,2022-10-01,SWZ,1774,1,2,0.59999999999999998,0.63257235288619995,-0.00018205873493570834,0.62999999523162842,0.10000000000000001,0.23179127275943756,0.0011288383975625038,0.23000000417232513,0,0.053238749504089355,-0.001846362603828311,0.05000000074505806,0,0.0010606431169435382,1.0913936421275139e-10,0,False,2,3
779,2022-02-01,SSD,1789,0,4,0.95000000000000007,0.85573852062225342,-0.00018436599930282682,0.86000001430511475,0.85000000000000009,0.4872143566608429,0.009712832048535347,0.5,0.45000000000000001,0.11612445116043091,0.0034443764016032219,0.11999999731779099,0.050000000000000003,0.0010221295524388552,9.0949470177292824e-12,0,False,4,3
779,2022-10-01,SSD,1790,0,4,0.90000000000000002,0.86593818664550781,4.3508433009264991e-05,0.87000000476837158,0.75,0.57325977087020874,0.0020665673073381186,0.57999998331069946,0.45000000000000001,0.14293637871742249,0.018152056261897087,0.15999999642372131,0.050000000000000003,0.0010221295524388552,9.0949470177292824e-12,0,False,4,3
780,2022-02-01,SSD,1754,2,4,0.95000000000000007,0.84200942516326904,-0.00013527559349313378,0.8399999737739563,0.85000000000000009,0.44733080267906189,-0.011516905389726162,0.43999999761581421,0.45000000000000001,0.12757834792137146,-0.0011322528589516878,0.12999999523162842,0.050000000000000003,0.0011075058719143271,-1.3824319466948509e-10,0,False,4,3
780,2022-10-01,SSD,1755,2,4,0.90000000000000002,0.861522376537323,-0.00030939915450289845,0.86000001430511475,0.75,0.56399077177047729,-0.011516905389726162,0.55000001192092896,0.45000000000000001,0.16019594669342041,0.0020786446984857321,0.15999999642372131,0.050000000000000003,0.0011075058719143271,-1.3824319466948509e-10,0,False,4,3
781,2022-10-01,SSD,1756,2,5,1,0.83641433715820312,-0.00031859424780122936,0.8399999737739563,0.89999999999999991,0.489146888256073,-0.011516905389726162,0.47999998927116394,0.59999999999999998,0.15732276439666748,0.0020786446984857321,0.15999999642372131,0.29999999999999999,0.0011075058719143271,-1.3824319466948509e-10,0,False,5,3
782,2022-10-01,SSD,1788,1,5,1,0.85578173398971558,0.00026875641196966171,0.86000001430511475,0.89999999999999991,0.52196770906448364,-0.001964186318218708,0.51999998092651367,0.59999999999999998,0.162152498960495,0.012104175984859467,0.17000000178813934,0.29999999999999999,0.0010606431169435382,1.0913936421275139e-10,0,False,5,3
783,2022-10-01,SSD,1798,0,3,0.80000000000000004,0.71271514892578125,8.9758010290097445e-05,0.70999997854232788,0.39999999999999997,0.33797082304954529,0.0090344706550240517,0.34999999403953552,0.050000000000000003,0.06806221604347229,0.0022144066169857979,0.070000000298023224,0,0.0010221295524388552,9.0949470177292824e-12,0,False,3,3
784,2022-10-01,SSD,1801,3,3,0.80000000000000004,0.74316668510437012,-0.00032887249835766852,0.74000000953674316,0.39999999999999997,0.3949982225894928,0.012465790845453739,0.40999999642372131,0.050000000000000003,0.071182422339916229,0.0018267134437337518,0.070000000298023224,0,0.00089907192159444094,-6.5483618527650833e-11,0,False,3,3
785,2022-06-01,SSD,1806,0,3,0.60000000000000009,0.73994958400726318,-0.00029296550201252103,0.74000000953674316,0.25,0.3541511595249176,0.005221896804869175,0.36000001430511475,0.050000000000000003,0.067967645823955536,0.00023777072783559561,0.070000000298023224,0,0.0010221295524388552,9.0949470177292824e-12,0,False,3,3
785,2022-10-01,SSD,1807,0,3,0.84999999999999998,0.71626728773117065,3.6016674130223691e-05,0.72000002861022949,0.44999999999999996,0.37647649645805359,0.0059457272291183472,0.37999999523162842,0.10000000000000001,0.073971211910247803,0.0022144066169857979,0.079999998211860657,0,0.0010221295524388552,9.0949470177292824e-12,0,False,3,3
786,2022-06-01,SSD,1808,0,3,0.60000000000000009,0.73996478319168091,-0.00029296550201252103,0.74000000953674316,0.25,0.3541511595249176,0.005221896804869175,0.36000001430511475,0.050000000000000003,0.067967645823955536,0.00023777072783559561,0.070000000298023224,0,0.0010221295524388552,9.0949470177292824e-12,0,False,3,3
786,2022-10-01,SSD,1809,0,3,0.84999999999999998,0.71641230583190918,3.6016674130223691e-05,0.72000002861022949,0.44999999999999996,0.37647649645805359,0.0059457272291183472,0.37999999523162842,0.10000000000000001,0.073971211910247803,0.0022144066169857979,0.079999998211860657,0,0.0010221295524388552,9.0949470177292824e-12,0,False,3,3
789,2022-10-01,SSD,1784,4,4,0.90000000000000002,0.77042430639266968,-6.4922746787487995e-06,0.76999998092651367,0.65000000000000002,0.426706463098526,0.002019795123487711,0.43000000715255737,0.25,0.10943864285945892,0.0049020168371498585,0.10999999940395355,0,0.0011559246340766549,-7.7761797001585364e-11,0,False,4,3
793,2022-02-01,SDN,1814,0,3,0.74999999999999989,0.67303836345672607,0.00021588153322227299,0.67000001668930054,0.40000000000000002,0.37177300453186035,0.0063313636928796768,0.37999999523162842,0.10000000000000001,0.10154559463262558,0.0054210158996284008,0.10999999940395355,0,0.0010221295524388552,9.0949470177292824e-12,0,False,3,3
794,2022-10-01,SWZ,1815,0,2,0.59999999999999998,0.61944311857223511,6.7165659856982529e-05,0.62000000476837158,0.10000000000000001,0.22373977303504944,-0.0022739716805517673,0.2199999988079071,0,0.064885325729846954,0.00023777072783559561,0.070000000298023224,0,0.0010221295524388552,9.0949470177292824e-12,0,False,2,3
796,2022-06-01,UGA,1817,0,3,0.60000000000000009,0.67625778913497925,0.00037218385841697454,0.68000000715255737,0.34999999999999998,0.25754836201667786,-0.00018019841809291393,0.25999999046325684,0.050000000000000003,0.06021929532289505,0.00023777072783559561,0.059999998658895493,0,0.0010221295524388552,9.0949470177292824e-12,0,False,3,3
797,2022-06-01,UGA,1792,4,3,0.60000000000000009,0.68242871761322021,-2.4846958694979548e-05,0.68000000715255737,0.34999999999999998,0.30038982629776001,0.0016050064004957676,0.30000001192092896,0.050000000000000003,0.063582554459571838,-0.00077617750503122807,0.059999998658895493,0,0.0011559246340766549,-7.7761797001585364e-11,0,False,3,3
798,2022-06-01,SWZ,1821,0,3,0.55000000000000004,0.62729078531265259,-0.00028081529308110476,0.62999999523162842,0.25,0.21614313125610352,-0.0053627155721187592,0.20999999344348907,0.050000000000000003,0.055094100534915924,0.00023777072783559561,0.059999998658895493,0,0.0010221295524388552,9.0949470177292824e-12,0,False,3,3
799,2022-06-01,SWZ,1822,0,3,0.55000000000000004,0.63029152154922485,-0.00028081529308110476,0.62999999523162842,0.25,0.21614313125610352,-0.0053627155721187592,0.20999999344348907,0.050000000000000003,0.055094100534915924,0.00023777072783559561,0.059999998658895493,0,0.0010221295524388552,9.0949470177292824e-12,0,False,3,3
800,2022-10-01,SSD,1842,3,4,0.94999999999999996,0.83320868015289307,-6.764819408999756e-05,0.82999998331069946,0.60000000000000009,0.51357895135879517,0.017077846452593803,0.52999997138977051,0.20000000000000001,0.12698462605476379,0.0075562498532235622,0.12999999523162842,0,0.00089907192159444094,-6.5483618527650833e-11,0,False,4,3
801,2022-10-01,SSD,1845,1,4,0.94999999999999996,0.80835443735122681,0.00025845551863312721,0.81000000238418579,0.60000000000000009,0.5540197491645813,-0.015362028032541275,0.54000002145767212,0.20000000000000001,0.16029302775859833,0.012104175984859467,0.17000000178813934,0,0.0010606431169435382,1.0913936421275139e-10,0,False,4,3
806,2022-02-01,SSD,1817,2,3,0.84999999999999998,0.78825265169143677,-0.00021566551004070789,0.79000002145767212,0.65000000000000002,0.42849361896514893,0.0058825486339628696,0.43000000715255737,0.14999999999999999,0.098074890673160553,-0.0011322528589516878,0.10000000149011612,0,0.0011075058719143271,-1.3824319466948509e-10,0,False,3,3
806,2022-10-01,SSD,1818,2,3,0.84999999999999998,0.83182448148727417,-0.00050714408280327916,0.82999998331069946,0.5,0.5121808648109436,0.0058825486339628696,0.51999998092651367,0.10000000000000001,0.097702749073505402,0.0020786446984857321,0.10000000149011612,0,0.0011075058719143271,-1.3824319466948509e-10,0,False,3,3
807,2022-02-01,SSD,1851,3,3,0.84999999999999998,0.79199492931365967,-0.00014388907584361732,0.79000002145767212,0.65000000000000002,0.50677031278610229,0.0026837810873985291,0.50999999046325684,0.14999999999999999,0.13835066556930542,-0.00082974007818847895,0.14000000059604645,0,0.00089907192159444094,-6.5483618527650833e-11,0,False,3,3
807,2022-10-01,SSD,1852,3,3,0.84999999999999998,0.78039240837097168,0.00019284551672171801,0.77999997138977051,0.5,0.53238123655319214,0.013870234601199627,0.55000001192092896,0.10000000000000001,0.15814299881458282,0.0059940139763057232,0.15999999642372131,0,0.00089907192159444094,-6.5483618527650833e-11,0,False,3,3
815,2022-02-01,SSD,1853,3,4,0.90000000000000002,0.84364193677902222,-0.00013121619122102857,0.8399999737739563,0.75,0.46368902921676636,0.0080765057355165482,0.4699999988079071,0.29999999999999999,0.13371722400188446,-0.00082974007818847895,0.12999999523162842,0.050000000000000003,0.00089907192159444094,-6.5483618527650833e-11,0,False,4,3
815,2022-10-01,SSD,1854,3,4,0.90000000000000013,0.84072494506835938,0.00054218142759054899,0.8399999737739563,0.69999999999999996,0.53484445810317993,0.016160400584340096,0.55000001192092896,0.29999999999999999,0.16967020928859711,0.0077576572075486183,0.18000000715255737,0,0.00089907192159444094,-6.5483618527650833e-11,0,False,4,3
816,2022-02-01,SSD,1816,4,4,0.90000000000000002,0.8262360692024231,-0.00018503666797187179,0.82999998331069946,0.75,0.4593823254108429,0.0028441357426345348,0.46000000834465027,0.29999999999999999,0.1183985099196434,-0.00077617750503122807,0.11999999731779099,0.050000000000000003,0.0011559246340766549,-7.7761797001585364e-11,0,False,4,3
816,2022-10-01,SSD,1817,4,4,0.90000000000000013,0.84179306030273438,8.5892366769257933e-05,0.8399999737739563,0.69999999999999996,0.47333097457885742,0.012046863324940205,0.49000000953674316,0.29999999999999999,0.13034158945083618,0.0084254276007413864,0.14000000059604645,0,0.0011559246340766549,-7.7761797001585364e-11,0,False,4,3
817,2022-02-01,SSD,1818,4,4,0.90000000000000002,0.86674124002456665,-8.7077860371209681e-05,0.87000000476837158,0.75,0.56896215677261353,0.00077690242324024439,0.56999999284744263,0.25,0.13837637007236481,0.001182905281893909,0.14000000059604645,0,0.0011559246340766549,-7.7761797001585364e-11,0,False,4,3
817,2022-10-01,SSD,1819,4,4,0.90000000000000002,0.82158136367797852,-9.6945659606717527e-05,0.81999999284744263,0.75,0.53480851650238037,0.0055790389887988567,0.54000002145767212,0.40000000000000002,0.14035865664482117,0.0084254276007413864,0.15000000596046448,0,0.0011559246340766549,-7.7761797001585364e-11,0,False,4,3
818,2022-02-01,SSD,1863,3,4,0.90000000000000002,0.82995295524597168,0.00013220154505688697,0.82999998331069946,0.75,0.48744857311248779,-0.00022422164329327643,0.49000000953674316,0.25,0.13439834117889404,0.00093390350230038166,0.14000000059604645,0,0.00089907192159444094,-6.5483618527650833e-11,0,False,4,3
818,2022-10-01,SSD,1864,3,4,0.90000000000000002,0.83297669887542725,0.001034822198562324,0.82999998331069946,0.75,0.54245340824127197,0.016160400584340096,0.56000000238418579,0.40000000000000002,0.15347830951213837,0.0077576572075486183,0.15999999642372131,0,0.00089907192159444094,-6.5483618527650833e-11,0,False,4,3
820,2022-02-01,SSD,1865,3,3,0.55000000000000004,0.67220574617385864,-0.0002622163447085768,0.67000001668930054,0.20000000000000001,0.32032117247581482,0.0064652436412870884,0.33000001311302185,0,0.065596640110015869,-0.00082974007818847895,0.059999998658895493,0,0.00089907192159444094,-6.5483618527650833e-11,0,False,3,3
820,2022-03-01,SSD,1866,3,3,0.69999999999999996,0.67130869626998901,-0.00021619316248688847,0.67000001668930054,0.34999999999999998,0.2970832884311676,0.0085257953032851219,0.31000000238418579,0.050000000000000003,0.060807820409536362,0.00066553801298141479,0.059999998658895493,0,0.00089907192159444094,-6.5483618527650833e-11,0,False,3,3
820,2022-06-01,SSD,1867,3,3,0.60000000000000009,0.68752342462539673,-0.00047297001583501697,0.68999999761581421,0.29999999999999999,0.21493275463581085,0.011046555824577808,0.23000000417232513,0.050000000000000003,0.067920312285423279,-0.00082974007818847895,0.070000000298023224,0,0.00089907192159444094,-6.5483618527650833e-11,0,False,3,3
821,2022-02-01,SSD,1831,4,3,0.55000000000000004,0.6859288215637207,-0.00024024464073590934,0.68999999761581421,0.20000000000000001,0.381609708070755,-0.00068323378218337893,0.37999999523162842,0,0.076681926846504211,-0.00077617750503122807,0.079999998211860657,0,0.0011559246340766549,-7.7761797001585364e-11,0,False,3,3
821,2022-03-01,SSD,1832,4,3,0.69999999999999996,0.699485182762146,6.7887667682953179e-05,0.69999998807907104,0.34999999999999998,0.34033632278442383,-0.0039702728390693665,0.34000000357627869,0.050000000000000003,0.067868851125240326,0.001182905281893909,0.070000000298023224,0,0.0011559246340766549,-7.7761797001585364e-11,0,False,3,3
821,2022-06-01,SSD,1833,4,3,0.60000000000000009,0.71385318040847778,0.0001432085846317932,0.70999997854232788,0.29999999999999999,0.38463348150253296,-0.00033793074544519186,0.37999999523162842,0.050000000000000003,0.073482997715473175,-0.00077617750503122807,0.070000000298023224,0,0.0011559246340766549,-7.7761797001585364e-11,0,False,3,3
825,2022-04-01,SDN,1867,0,3,0.70000000000000007,0.6605684757232666,3.0757211789023131e-05,0.6600000262260437,0.30000000000000004,0.47869756817817688,0.00094005523715168238,0.47999998927116394,0.10000000000000001,0.11183525621891022,0.0062950616702437401,0.11999999731779099,0,0.0010221295524388552,9.0949470177292824e-12,0,False,3,3
828,2022-04-01,SDN,1853,2,3,0.45000000000000001,0.77597302198410034,0.00014150314382277429,0.77999997138977051,0.20000000000000001,0.37881210446357727,-0.0027373931370675564,0.37999999523162842,0.050000000000000003,0.10906717926263809,0.0020786446984857321,0.10999999940395355,0,0.0011075058719143271,-1.3824319466948509e-10,0,False,3,3
829,2022-04-01,SDN,1888,1,3,0.45000000000000001,0.72776538133621216,0.00020492071053013206,0.73000001907348633,0.20000000000000001,0.43855512142181396,0.0075147124007344246,0.44999998807907104,0.050000000000000003,0.16290275752544403,0.019182104617357254,0.18000000715255737,0,0.0010606431169435382,1.0913936421275139e-10,0,False,3,3
837,2022-06-01,UGA,1857,2,3,0.70000000000000007,0.58582139015197754,-3.3900375910889124e-06,0.5899999737739563,0.25,0.18896181881427765,-0.00072840845678001642,0.18999999761581421,0.050000000000000003,0.042445644736289978,0.0020786446984857321,0.039999999105930328,0,0.0011075058719143271,-1.3824319466948509e-10,0,False,3,2
842,2022-02-01,SSD,1842,4,3,0.74999999999999989,0.69271165132522583,-6.7376211518421769e-05,0.68999999761581421,0.40000000000000002,0.35293585062026978,-0.0039702728390693665,0.34999999403953552,0.10000000000000001,0.083215273916721344,-0.00077617750503122807,0.079999998211860657,0,0.0011559246340766549,-7.7761797001585364e-11,0,False,3,3
842,2022-03-01,SSD,1843,4,3,0.69999999999999996,0.69828987121582031,0.0010797397699207067,0.69999998807907104,0.34999999999999998,0.32931613922119141,-0.0039702728390693665,0.33000001311302185,0.050000000000000003,0.076830148696899414,-0.00077617750503122807,0.079999998211860657,0,0.0011559246340766549,-7.7761797001585364e-11,0,False,3,3
842,2022-06-01,SSD,1844,4,3,0.60000000000000009,0.72922658920288086,-2.3708612388873007e-06,0.73000001907348633,0.29999999999999999,0.36690172553062439,-0.0036249696277081966,0.36000001430511475,0.050000000000000003,0.07201094925403595,-0.00077617750503122807,0.070000000298023224,0,0.0011559246340766549,-7.7761797001585364e-11,0,False,3,3
842,2022-10-01,SSD,1845,4,3,0.69999999999999996,0.75303524732589722,0.00020941636466886848,0.75,0.34999999999999998,0.33335715532302856,0.002248099073767662,0.34000000357627869,0.10000000000000001,0.065231114625930786,0.0049020168371498585,0.070000000298023224,0,0.0011559246340766549,-7.7761797001585364e-11,0,False,3,3
843,2022-02-01,SSD,1902,1,3,0.74999999999999989,0.74412441253662109,0.00031717156525701284,0.74000000953674316,0.40000000000000002,0.38125225901603699,-0.020454788580536842,0.36000001430511475,0.10000000000000001,0.067325733602046967,-0.001846362603828311,0.070000000298023224,0,0.0010606431169435382,1.0913936421275139e-10,0,False,3,3
843,2022-03-01,SSD,1903,1,3,0.69999999999999996,0.72620552778244019,4.0340779378311709e-05,0.73000001907348633,0.34999999999999998,0.31221634149551392,-0.020454788580536842,0.28999999165534973,0.050000000000000003,0.064080081880092621,-0.001846362603828311,0.059999998658895493,0,0.0010606431169435382,1.0913936421275139e-10,0,False,3,3
843,2022-06-01,SSD,1904,1,3,0.60000000000000009,0.69533765316009521,0.00035987392766401172,0.69999998807907104,0.29999999999999999,0.27985814213752747,-0.012659631669521332,0.27000001072883606,0.050000000000000003,0.056938212364912033,-0.001846362603828311,0.059999998658895493,0,0.0010606431169435382,1.0913936421275139e-10,0,False,3,3
843,2022-10-01,SSD,1905,1,3,0.69999999999999996,0.72296357154846191,0.0010679945116862655,0.72000002861022949,0.34999999999999998,0.28541979193687439,-0.0079857269302010536,0.2800000011920929,0.10000000000000001,0.070909783244132996,-0.00069213658571243286,0.070000000298023224,0,0.0010606431169435382,1.0913936421275139e-10,0,False,3,3
844,2022-10-01,SSD,1900,3,3,0.79999999999999993,0.72880405187606812,-0.00020709735690616071,0.73000001907348633,0.5,0.48725226521492004,0.0034421724267303944,0.49000000953674316,0.10000000000000001,0.12199843674898148,0.0035903565585613251,0.12999999523162842,0,0.00089907192159444094,-6.5483618527650833e-11,0,False,3,3
845,2022-10-01,SSD,1907,1,3,0.79999999999999993,0.72732770442962646,2.2964421077631414e-05,0.73000001907348633,0.5,0.48703715205192566,-0.001964186318218708,0.49000000953674316,0.10000000000000001,0.13865856826305389,0.0059109851717948914,0.14000000059604645,0,0.0010606431169435382,1.0913936421275139e-10,0,False,3,3
852,2022-06-01,UGA,1866,4,3,0.70000000000000007,0.61422097682952881,-3.8889116694917902e-05,0.61000001430511475,0.25,0.16636939346790314,-0.0074871955439448357,0.15999999642372131,0.050000000000000003,0.052919529378414154,-0.00077617750503122807,0.05000000074505806,0,0.0011559246340766549,-7.7761797001585364e-11,0,False,3,2
857,2022-03-01,UGA,1896,2,3,0.69999999999999996,0.66790169477462769,0.00010707128240028396,0.67000001668930054,0.34999999999999998,0.28942739963531494,-0.00072840845678001642,0.28999999165534973,0.050000000000000003,0.055054079741239548,0.0020786446984857321,0.059999998658895493,0,0.0011075058719143271,-1.3824319466948509e-10,0,False,3,3
858,2022-03-01,UGA,1914,0,3,0.69999999999999996,0.67949748039245605,-0.00011734636791516095,0.68000000715255737,0.34999999999999998,0.30197799205780029,-0.028928289189934731,0.27000001072883606,0.050000000000000003,0.052305012941360474,0.00023777072783559561,0.05000000074505806,0,0.0010221295524388552,9.0949470177292824e-12,0,False,3,3
882,2022-02-01,SSD,1938,0,4,0.89999999999999991,0.77129286527633667,9.9709628557320684e-05,0.76999998092651367,0.64999999999999991,0.48124825954437256,0.011438645422458649,0.49000000953674316,0.29999999999999999,0.11016726493835449,0.0034443764016032219,0.10999999940395355,0,0.0010221295524388552,9.0949470177292824e-12,0,False,4,3
883,2022-02-01,SSD,1905,4,4,0.89999999999999991,0.78554999828338623,0.00015444663586094975,0.79000002145767212,0.64999999999999991,0.49721801280975342,0.0037945799995213747,0.5,0.29999999999999999,0.13882043957710266,-0.00077617750503122807,0.14000000059604645,0,0.0011559246340766549,-7.7761797001585364e-11,0,False,4,3
893,2022-02-01,SSD,1960,3,3,0.79999999999999993,0.70476365089416504,-0.00018031043873634189,0.69999998807907104,0.5,0.37637561559677124,-0.003762402106076479,0.37000000476837158,0.14999999999999999,0.070846118032932281,-0.00082974007818847895,0.070000000298023224,0,0.00089907192159444094,-6.5483618527650833e-11,0,False,3,3
893,2022-10-01,SSD,1961,3,3,0.90000000000000002,0.65833252668380737,-0.00017699826275929809,0.6600000262260437,0.55000000000000004,0.35303902626037598,0.0022381427697837353,0.36000001430511475,0.14999999999999999,0.065133929252624512,0.0018267134437337518,0.070000000298023224,0,0.00089907192159444094,-6.5483618527650833e-11,0,False,3,3
894,2022-02-01,SSD,1918,4,3,0.79999999999999993,0.68338775634765625,1.9874776626238599e-05,0.68000000715255737,0.5,0.40300604701042175,-0.0048490650951862335,0.40000000596046448,0.14999999999999999,0.095956377685070038,-0.00077617750503122807,0.10000000149011612,0,0.0011559246340766549,-7.7761797001585364e-11,0,False,3,3
894,2022-10-01,SSD,1919,4,3,0.90000000000000002,0.7254098653793335,4.221461495035328e-05,0.73000001907348633,0.55000000000000004,0.39352491497993469,0.0013693065848201513,0.38999998569488525,0.14999999999999999,0.07598557323217392,0.0049020168371498585,0.079999998211860657,0,0.0011559246340766549,-7.7761797001585364e-11,0,False,3,3
896,2022-04-01,SSD,1949,2,4,0.75,0.70767790079116821,-0.00029258002177812159,0.70999997854232788,0.45000000000000001,0.38149479031562805,-0.00072840845678001642,0.37999999523162842,0.20000000000000001,0.13847480714321136,-0.0011322528589516878,0.14000000059604645,0,0.0011075058719143271,-1.3824319466948509e-10,0,False,4,3
897,2022-04-01,SSD,1924,4,4,0.75,0.67933255434036255,0.00016336588305421174,0.68000000715255737,0.45000000000000001,0.49259278178215027,-0.0032000117935240269,0.49000000953674316,0.20000000000000001,0.14449852705001831,-0.00077617750503122807,0.14000000059604645,0,0.0011559246340766549,-7.7761797001585364e-11,0,False,4,3
898,2022-03-01,SSD,1966,0,3,0.69999999999999996,0.69799822568893433,0.00016035576118156314,0.69999998807907104,0.34999999999999998,0.29684963822364807,-0.022931830957531929,0.27000001072883606,0.050000000000000003,0.08293943852186203,0.00023777072783559561,0.079999998211860657,0,0.0010221295524388552,9.0949470177292824e-12,0,False,3,3
898,2022-06-01,SSD,1967,0,2,0.59999999999999998,0.71464234590530396,0.00033288382110185921,0.70999997854232788,0.14999999999999999,0.36877685785293579,-0.0084174508228898048,0.36000001430511475,0,0.085914373397827148,0.00023777072783559561,0.090000003576278687,0,0.0010221295524388552,9.0949470177292824e-12,0,False,2,3
898,2022-10-01,SSD,1968,0,3,0.79999999999999993,0.69406718015670776,0.00027580419555306435,0.68999999761581421,0.5,0.40317857265472412,-0.0028620022349059582,0.40000000596046448,0.14999999999999999,0.10614719241857529,0.00070811540354043245,0.10999999940395355,0,0.0010221295524388552,9.0949470177292824e-12,0,False,3,3
899,2022-03-01,SSD,1969,0,3,0.69999999999999996,0.69799822568893433,0.00016035576118156314,0.69999998807907104,0.34999999999999998,0.29684963822364807,-0.022931830957531929,0.27000001072883606,0.050000000000000003,0.08293943852186203,0.00023777072783559561,0.079999998211860657,0,0.0010221295524388552,9.0949470177292824e-12,0,False,3,3
899,2022-06-01,SSD,1970,0,2,0.59999999999999998,0.71464234590530396,0.00033288382110185921,0.70999997854232788,0.14999999999999999,0.36877685785293579,-0.0084174508228898048,0.36000001430511475,0,0.085914373397827148,0.00023777072783559561,0.090000003576278687,0,0.0010221295524388552,9.0949470177292824e-12,0,False,2,3
899,2022-10-01,SSD,1971,0,3,0.79999999999999993,0.69406718015670776,0.00027580419555306435,0.68999999761581421,0.5,0.40317857265472412,-0.0028620022349059582,0.40000000596046448,0.14999999999999999,0.10614719241857529,0.00070811540354043245,0.10999999940395355,0,0.0010221295524388552,9.0949470177292824e-12,0,False,3,3
901,2022-02-01,SSD,1926,4,4,0.80000000000000004,0.79335558414459229,-0.00038304724148474634,0.79000002145767212,0.5,0.44251343607902527,-0.0052385469898581505,0.43999999761581421,0.20000000000000001,0.10324914753437042,0.001182905281893909,0.10000000149011612,0,0.0011559246340766549,-7.7761797001585364e-11,0,False,4,3
902,2022-02-01,SSD,1954,2,4,0.80000000000000004,0.77609813213348389,-3.4220374800497666e-05,0.77999997138977051,0.5,0.41821008920669556,-0.0052124657668173313,0.40999999642372131,0.20000000000000001,0.11926914006471634,-0.0011322528589516878,0.11999999731779099,0,0.0011075058719143271,-1.3824319466948509e-10,0,False,4,3
913,2022-02-01,SSD,1968,2,3,0.79999999999999993,0.71655958890914917,-0.00013677417882718146,0.72000002861022949,0.44999999999999996,0.34404319524765015,-0.002876772079616785,0.34000000357627869,0.14999999999999999,0.077255852520465851,-0.0011322528589516878,0.079999998211860657,0,0.0011075058719143271,-1.3824319466948509e-10,0,False,3,3
914,2022-02-01,SSD,2001,1,3,0.79999999999999993,0.76910048723220825,0.00024959669099189341,0.76999998092651367,0.44999999999999996,0.38092431426048279,-0.020454788580536842,0.36000001430511475,0.14999999999999999,0.075292445719242096,-0.001846362603828311,0.070000000298023224,0,0.0010606431169435382,1.0913936421275139e-10,0,False,3,3
915,2022-10-01,MWI,1972,2,2,0.5,0.59909319877624512,-0.00017259566811844707,0.60000002384185791,0.10000000000000001,0.22573243081569672,0.0037891236133873463,0.23000000417232513,0,0.057406920939683914,-0.0011322528589516878,0.059999998658895493,0,0.0011075058719143271,-1.3824319466948509e-10,0,False,2,3
916,2022-03-01,UGA,1995,0,3,0.79999999999999993,0.5747947096824646,-4.4814230932388455e-05,0.56999999284744263,0.5,0.2016146183013916,-0.0028393508400768042,0.20000000298023224,0.10000000000000001,0.046666085720062256,0.00023777072783559561,0.05000000074505806,0,0.0010221295524388552,9.0949470177292824e-12,0,False,3,3
917,2022-02-01,UGA,1948,4,3,0.80000000000000004,0.64042752981185913,-0.00016576837515458465,0.63999998569488525,0.55000000000000004,0.20614723861217499,-0.0010915056336671114,0.20999999344348907,0.14999999999999999,0.051189728081226349,-0.00077617750503122807,0.05000000074505806,0,0.0011559246340766549,-7.7761797001585364e-11,0,False,3,3
917,2022-06-01,UGA,1949,4,2,0.55000000000000004,0.67916405200958252,-0.00012825078738387674,0.68000000715255737,0.14999999999999999,0.20172940194606781,0.00075464195106178522,0.20000000298023224,0,0.051973022520542145,-0.00077617750503122807,0.05000000074505806,0,0.0011559246340766549,-7.7761797001585364e-11,0,False,2,3
918,2022-02-01,UGA,1997,3,3,0.80000000000000004,0.62435370683670044,-0.00016716575191821903,0.62000000476837158,0.55000000000000004,0.24657362699508667,-0.0026782425120472908,0.23999999463558197,0.14999999999999999,0.053902413696050644,-0.00082974007818847895,0.05000000074505806,0,0.00089907192159444094,-6.5483618527650833e-11,0,False,3,3
918,2022-06-01,UGA,1998,3,2,0.55000000000000004,0.69921272993087769,-7.2934933996293694e-05,0.69999998807907104,0.14999999999999999,0.22533831000328064,-0.00026351338601671159,0.23000000417232513,0,0.059973143041133881,0.0018267134437337518,0.059999998658895493,0,0.00089907192159444094,-6.5483618527650833e-11,0,False,2,3
919,2022-03-01,UGA,1951,4,3,0.79999999999999993,0.54135710000991821,-0.00052113982383161783,0.54000002145767212,0.5,0.21422956883907318,-0.0071455482393503189,0.20999999344348907,0.10000000000000001,0.047307305037975311,-0.00077617750503122807,0.05000000074505806,0,0.0011559246340766549,-7.7761797001585364e-11,0,False,3,3
921,2022-10-01,MWI,1999,3,2,0.30000000000000004,0.54471957683563232,6.3503059209324419e-05,0.54000002145767212,0.029999999999999999,0.24429973959922791,-0.0023499778471887112,0.23999999463558197,0,0.060616128146648407,-0.0025611994788050652,0.059999998658895493,0,0.00089907192159444094,-6.5483618527650833e-11,0,False,2,3
929,2022-10-01,UGA,2012,3,3,0.79999999999999993,0.66398119926452637,-1.0970708899549209e-05,0.6600000262260437,0.5,0.34366035461425781,0.0049346522428095341,0.34999999403953552,0.14999999999999999,0.055935181677341461,-0.00082974007818847895,0.059999998658895493,0,0.00089907192159444094,-6.5483618527650833e-11,0,False,3,3
930,2022-02-01,SSD,1966,4,4,0.90000000000000013,0.78520452976226807,0.00023886153940111399,0.79000002145767212,0.69999999999999996,0.52231109142303467,0.0034386760089546442,0.52999997138977051,0.29999999999999999,0.10324914753437042,-0.00077617750503122807,0.10000000149011612,0,0.0011559246340766549,-7.7761797001585364e-11,0,False,4,3
930,2022-10-01,SSD,1967,4,3,0.84999999999999998,0.79820162057876587,0.0010298141278326511,0.80000001192092896,0.59999999999999998,0.58098012208938599,0.0013117827475070953,0.57999998331069946,0.10000000000000001,0.122483991086483,0.0068611013703048229,0.12999999523162842,0,0.0011559246340766549,-7.7761797001585364e-11,0,False,3,3
931,2022-02-01,SSD,1968,4,4,0.90000000000000013,0.78521597385406494,0.00023886153940111399,0.79000002145767212,0.69999999999999996,0.52231109142303467,0.0034386760089546442,0.52999997138977051,0.29999999999999999,0.10324914753437042,-0.00077617750503122807,0.10000000149011612,0,0.0011559246340766549,-7.7761797001585364e-11,0,False,4,3
931,2022-10-01,SSD,1969,4,3,0.84999999999999998,0.79842227697372437,0.0010298141278326511,0.80000001192092896,0.59999999999999998,0.56596869230270386,0.0013117827475070953,0.56999999284744263,0.10000000000000001,0.122483991086483,0.0068611013703048229,0.12999999523162842,0,0.0011559246340766549,-7.7761797001585364e-11,0,False,3,3
937,2022-02-01,UGA,2033,1,3,0.80000000000000004,0.69509559869766235,-0.00016218671225942671,0.68999999761581421,0.55000000000000004,0.270525723695755,0.0018329531885683537,0.27000001072883606,0.14999999999999999,0.052232224494218826,-0.001846362603828311,0.05000000074505806,0,0.0010606431169435382,1.0913936421275139e-10,0,False,3,3
937,2022-03-01,UGA,2034,1,3,0.80000000000000004,0.63617825508117676,-4.3159274355275556e-05,0.63999998569488525,0.5,0.22111645340919495,0.0018329531885683537,0.2199999988079071,0.050000000000000003,0.056009117513895035,-0.001846362603828311,0.05000000074505806,0,0.0010606431169435382,1.0913936421275139e-10,0,False,3,3
937,2022-06-01,UGA,2035,1,3,0.75,0.62611144781112671,0.00018272148736286908,0.62999999523162842,0.29999999999999999,0.26328861713409424,0.0018329531885683537,0.27000001072883606,0.050000000000000003,0.053686924278736115,-0.001846362603828311,0.05000000074505806,0,0.0010606431169435382,1.0913936421275139e-10,0,False,3,3
937,2022-07-01,UGA,2036,1,3,0.90000000000000002,0.58845210075378418,-0.00050529703730717301,0.5899999737739563,0.5,0.28532001376152039,0.0037026929203420877,0.28999999165534973,0.14999999999999999,0.057624727487564087,-0.0002239362511318177,0.059999998658895493,0,0.0010606431169435382,1.0913936421275139e-10,0,False,3,3
937,2022-10-01,UGA,2037,1,3,0.79999999999999993,0.69007265567779541,0.00018214804003946483,0.68999999761581421,0.5,0.28924170136451721,0.0035120127722620964,0.28999999165534973,0.14999999999999999,0.051425784826278687,-0.001846362603828311,0.05000000074505806,0,0.0010606431169435382,1.0913936421275139e-10,0,False,3,3
938,2022-02-01,UGA,2038,1,3,0.80000000000000004,0.70388472080230713,-0.00016218671225942671,0.69999998807907104,0.55000000000000004,0.26143565773963928,0.0018329531885683537,0.25999999046325684,0.14999999999999999,0.052232224494218826,-0.001846362603828311,0.05000000074505806,0,0.0010606431169435382,1.0913936421275139e-10,0,False,3,3
938,2022-03-01,UGA,2039,1,3,0.80000000000000004,0.66169095039367676,-4.3159274355275556e-05,0.6600000262260437,0.5,0.21202638745307922,0.0018329531885683537,0.20999999344348907,0.050000000000000003,0.056009117513895035,-0.001846362603828311,0.05000000074505806,0,0.0010606431169435382,1.0913936421275139e-10,0,False,3,3
938,2022-06-01,UGA,2040,1,3,0.75,0.64716273546218872,0.00018272148736286908,0.64999997615814209,0.29999999999999999,0.26510453224182129,0.0018329531885683537,0.27000001072883606,0.050000000000000003,0.049956530332565308,-0.001846362603828311,0.05000000074505806,0,0.0010606431169435382,1.0913936421275139e-10,0,False,3,3
938,2022-07-01,UGA,2041,1,3,0.90000000000000002,0.62644767761230469,-0.00050529703730717301,0.62999999523162842,0.5,0.26926490664482117,0.0037026929203420877,0.27000001072883606,0.14999999999999999,0.053894326090812683,-0.0002239362511318177,0.05000000074505806,0,0.0010606431169435382,1.0913936421275139e-10,0,False,3,3
938,2022-10-01,UGA,2042,1,3,0.79999999999999993,0.69286710023880005,0.00018214804003946483,0.68999999761581421,0.5,0.27794817090034485,0.0035120127722620964,0.2800000011920929,0.14999999999999999,0.047695387154817581,-0.001846362603828311,0.05000000074505806,0,0.0010606431169435382,1.0913936421275139e-10,0,False,3,3
941,2022-03-01,UGA,2043,3,3,0.79999999999999993,0.60471439361572266,-0.00028907787054777145,0.60000002384185791,0.5,0.20491001009941101,-0.0026782425120472908,0.20000000298023224,0.10000000000000001,0.0488247349858284,0.0018267134437337518,0.05000000074505806,0,0.00089907192159444094,-6.5483618527650833e-11,0,False,3,3
942,2022-03-01,UGA,1995,4,3,0.79999999999999993,0.44165945053100586,-4.5656062866328284e-05,0.43999999761581421,0.5,0.19630800187587738,-0.0071455482393503189,0.18999999761581421,0.10000000000000001,0.054789647459983826,-0.00077617750503122807,0.05000000074505806,0,0.0011559246340766549,-7.7761797001585364e-11,0,False,3,2
948,2022-02-01,UGA,2049,3,3,0.79999999999999993,0.61526256799697876,-8.3886086940765381e-05,0.62000000476837158,0.5,0.27799785137176514,-0.00026351338601671159,0.2800000011920929,0.14999999999999999,0.085095956921577454,-0.00082974007818847895,0.079999998211860657,0,0.00089907192159444094,-6.5483618527650833e-11,0,False,3,3
948,2022-03-01,UGA,2050,3,3,0.79999999999999993,0.63586223125457764,-0.00068691221531480551,0.63999998569488525,0.5,0.3115190863609314,-0.00026351338601671159,0.31000000238418579,0.10000000000000001,0.057754252105951309,0.0018267134437337518,0.059999998658895493,0,0.00089907192159444094,-6.5483618527650833e-11,0,False,3,3
951,2022-02-01,UGA,2056,1,2,0.20000000000000001,0.62868195772171021,7.9742465459275991e-05,0.62999999523162842,0.050000000000000003,0.18503960967063904,-0.0035117354709655046,0.18000000715255737,0,0.066431745886802673,-0.001846362603828311,0.059999998658895493,0,0.0010606431169435382,1.0913936421275139e-10,0,False,2,2
951,2022-03-01,UGA,2057,1,3,0.79999999999999993,0.62557590007781982,-9.0278961579315364e-05,0.62999999523162842,0.5,0.20910772681236267,-0.0035117354709655046,0.20999999344348907,0.10000000000000001,0.065963782370090485,-0.001846362603828311,0.059999998658895493,0,0.0010606431169435382,1.0913936421275139e-10,0,False,3,3
951,2022-06-01,UGA,2058,1,3,0.75,0.61261463165283203,-0.00042447930900380015,0.61000001430511475,0.34999999999999998,0.24643376469612122,-0.0054200217127799988,0.23999999463558197,0.050000000000000003,0.0595707967877388,0.004756757989525795,0.059999998658895493,0,0.0010606431169435382,1.0913936421275139e-10,0,False,3,3
951,2022-07-01,UGA,2059,1,2,0.20000000000000001,0.55961138010025024,-0.00041963157127611339,0.56000000238418579,0.050000000000000003,0.26485052704811096,3.15002107527107e-05,0.25999999046325684,0,0.065331138670444489,-0.0002239362511318177,0.070000000298023224,0,0.0010606431169435382,1.0913936421275139e-10,0,False,2,3
952,2022-02-01,UGA,2060,1,2,0.20000000000000001,0.62931156158447266,7.9742465459275991e-05,0.62999999523162842,0.050000000000000003,0.18715500831604004,-0.0035117354709655046,0.18000000715255737,0,0.066431745886802673,-0.001846362603828311,0.059999998658895493,0,0.0010606431169435382,1.0913936421275139e-10,0,False,2,2
952,2022-03-01,UGA,2061,1,3,0.79999999999999993,0.63972222805023193,-9.0278961579315364e-05,0.63999998569488525,0.5,0.20591944456100464,-0.0035117354709655046,0.20000000298023224,0.10000000000000001,0.065963782370090485,-0.001846362603828311,0.059999998658895493,0,0.0010606431169435382,1.0913936421275139e-10,0,False,3,3
952,2022-06-01,UGA,2062,1,3,0.75,0.62322866916656494,-0.00042447930900380015,0.62000000476837158,0.34999999999999998,0.24324548244476318,-0.0054200217127799988,0.23999999463558197,0.050000000000000003,0.0595707967877388,0.004756757989525795,0.059999998658895493,0,0.0010606431169435382,1.0913936421275139e-10,0,False,3,3
952,2022-07-01,UGA,2063,1,2,0.20000000000000001,0.57131677865982056,-0.00041963157127611339,0.56999999284744263,0.050000000000000003,0.26166224479675293,3.15002107527107e-05,0.25999999046325684,0,0.065331138670444489,-0.0002239362511318177,0.070000000298023224,0,0.0010606431169435382,1.0913936421275139e-10,0,False,2,3
957,2022-07-01,KEN,2066,3,2,0.25,0.47867387533187866,7.1138638304546475e-05,0.47999998927116394,0.050000000000000003,0.17949408292770386,-0.0023499778471887112,0.18000000715255737,0,0.048250269144773483,-0.0025611994788050652,0.05000000074505806,0,0.00089907192159444094,-6.5483618527650833e-11,0,False,2,2
965,2022-02-01,UGA,2068,0,2,0.20000000000000001,0.45518076419830322,-0.00021166926308069378,0.44999998807907104,0.050000000000000003,0.18739469349384308,0.00018339647795073688,0.18999999761581421,0,0.045493181794881821,0.00023777072783559561,0.05000000074505806,0,0.0010221295524388552,9.0949470177292824e-12,0,False,2,2
965,2022-06-01,UGA,2069,0,2,0.59999999999999998,0.55523169040679932,-0.00016153593605849892,0.56000000238418579,0.14999999999999999,0.20925556123256683,0.0072726961225271225,0.2199999988079071,0,0.061110615730285645,0.0034443764016032219,0.059999998658895493,0,0.0010221295524388552,9.0949470177292824e-12,0,False,2,3
966,2022-02-01,UGA,2069,3,2,0.20000000000000001,0.47071227431297302,0.00026247440837323666,0.4699999988079071,0.050000000000000003,0.16034835577011108,-0.00026351338601671159,0.15999999642372131,0,0.047165617346763611,-0.00082974007818847895,0.05000000074505806,0,0.00089907192159444094,-6.5483618527650833e-11,0,False,2,2
966,2022-06-01,UGA,2070,3,2,0.59999999999999998,0.56136620044708252,0.00032967072911560535,0.56000000238418579,0.14999999999999999,0.21507780253887177,0.0020266494248062372,0.2199999988079071,0,0.054221004247665405,0.0033219908364117146,0.059999998658895493,0,0.00089907192159444094,-6.5483618527650833e-11,0,False,2,3
968,2022-02-01,UGA,2071,1,3,0.74999999999999989,0.67917346954345703,-0.00012431629875209183,0.68000000715255737,0.40000000000000002,0.1945851743221283,-0.0035117354709655046,0.18999999761581421,0.10000000000000001,0.056409452110528946,-0.001846362603828311,0.05000000074505806,0,0.0010606431169435382,1.0913936421275139e-10,0,False,3,2
968,2022-03-01,UGA,2072,1,3,0.79999999999999993,0.64561629295349121,-0.00030522077577188611,0.64999997615814209,0.5,0.24690422415733337,-0.0035117354709655046,0.23999999463558197,0.14999999999999999,0.066863492131233215,-0.001846362603828311,0.070000000298023224,0,0.0010606431169435382,1.0913936421275139e-10,0,False,3,3
968,2022-06-01,UGA,2073,1,3,0.69999999999999996,0.65368634462356567,-0.00056082860101014376,0.64999997615814209,0.34999999999999998,0.23072861135005951,-0.0054200217127799988,0.23000000417232513,0.10000000000000001,0.0595707967877388,0.004756757989525795,0.059999998658895493,0,0.0010606431169435382,1.0913936421275139e-10,0,False,3,3
968,2022-07-01,UGA,2074,1,3,0.90000000000000002,0.5333172082901001,-0.0001690057833911851,0.52999997138977051,0.5,0.25230512022972107,-0.0016419949242845178,0.25,0.14999999999999999,0.058640483766794205,-0.0002239362511318177,0.059999998658895493,0,0.0010606431169435382,1.0913936421275139e-10,0,False,3,3
969,2022-02-01,UGA,2050,2,3,0.74999999999999989,0.50738924741744995,0.0002091292553814128,0.50999999046325684,0.40000000000000002,0.18389245867729187,-0.00072840845678001642,0.18000000715255737,0.10000000000000001,0.046631086617708206,-0.0011322528589516878,0.05000000074505806,0,0.0011075058719143271,-1.3824319466948509e-10,0,False,3,2
969,2022-03-01,UGA,2051,2,3,0.79999999999999993,0.62360936403274536,0.00021154491696506739,0.62000000476837158,0.5,0.18217276036739349,-0.00072840845678001642,0.18000000715255737,0.14999999999999999,0.057545091956853867,0.0020786446984857321,0.059999998658895493,0,0.0011075058719143271,-1.3824319466948509e-10,0,False,3,2
969,2022-06-01,UGA,2052,2,3,0.69999999999999996,0.63034248352050781,0.00016511004650965333,0.62999999523162842,0.34999999999999998,0.19517704844474792,0.0010587964206933975,0.20000000298023224,0.10000000000000001,0.055012915283441544,0.0020786446984857321,0.059999998658895493,0,0.0011075058719143271,-1.3824319466948509e-10,0,False,3,3
969,2022-07-01,UGA,2053,2,3,0.90000000000000002,0.6353379487991333,0.00027551673701964319,0.63999998569488525,0.5,0.27101105451583862,0.0010587964206933975,0.27000001072883606,0.14999999999999999,0.049186214804649353,0.0020786446984857321,0.05000000074505806,0,0.0011075058719143271,-1.3824319466948509e-10,0,False,3,3
971,2022-03-01,SSD,2026,4,3,0.79999999999999993,0.77267724275588989,3.4827411582227796e-05,0.76999998092651367,0.5,0.41252267360687256,-0.0033076126128435135,0.40999999642372131,0.10000000000000001,0.067729726433753967,-0.00077617750503122807,0.070000000298023224,0,0.0011559246340766549,-7.7761797001585364e-11,0,False,3,3
971,2022-06-01,SSD,2027,4,3,0.75,0.73623299598693848,0.00017392796871718019,0.74000000953674316,0.34999999999999998,0.41686272621154785,-0.002962309867143631,0.40999999642372131,0.050000000000000003,0.092084601521492004,-0.00077617750503122807,0.090000003576278687,0,0.0011559246340766549,-7.7761797001585364e-11,0,False,3,3
972,2022-03-01,SSD,2080,1,3,0.79999999999999993,0.77249252796173096,8.8155618868768215e-05,0.76999998092651367,0.5,0.29873219132423401,-0.00067556800786405802,0.30000001192092896,0.10000000000000001,0.075284287333488464,-0.001846362603828311,0.070000000298023224,0,0.0010606431169435382,1.0913936421275139e-10,0,False,3,3
972,2022-06-01,SSD,2081,1,3,0.75,0.76130092144012451,5.6900873460108414e-05,0.75999999046325684,0.34999999999999998,0.33778303861618042,0.0010871279519051313,0.34000000357627869,0.050000000000000003,0.09075261652469635,-0.001846362603828311,0.090000003576278687,0,0.0010606431169435382,1.0913936421275139e-10,0,False,3,3
983,2022-06-01,MOZ,2033,4,3,0.59999999999999998,0.51177442073822021,-2.9778497264487669e-05,0.50999999046325684,0.25,0.25975534319877625,-0.0096688028424978256,0.25,0,0.065249018371105194,-0.00077617750503122807,0.059999998658895493,0,0.0011559246340766549,-7.7761797001585364e-11,0,False,3,3
984,2022-06-01,MOZ,2061,2,3,0.59999999999999998,0.53729712963104248,-0.00019047196838073432,0.54000002145767212,0.25,0.27394801378250122,0.0037891236133873463,0.2800000011920929,0,0.061282679438591003,-0.0011322528589516878,0.059999998658895493,0,0.0011075058719143271,-1.3824319466948509e-10,0,False,3,3
985,2022-06-01,MOZ,2084,3,3,0.59999999999999998,0.57119530439376831,-0.00024086197663564235,0.56999999284744263,0.25,0.22193314135074615,-0.0023499778471887112,0.2199999988079071,0,0.065767988562583923,-0.00082974007818847895,0.059999998658895493,0,0.00089907192159444094,-6.5483618527650833e-11,0,False,3,3
994,2022-02-01,KEN,2085,1,2,0.20000000000000001,0.55539250373840332,-6.7378765379544348e-05,0.56000000238418579,0.050000000000000003,0.19667050242424011,-0.0061806063167750835,0.18999999761581421,0,0.065722361207008362,-0.001846362603828311,0.059999998658895493,0,0.0010606431169435382,1.0913936421275139e-10,0,False,2,2
994,2022-06-01,KEN,2086,1,2,0.5,0.51606488227844238,-0.00031766761094331741,0.51999998092651367,0.14999999999999999,0.22531217336654663,-8.19276028778404e-05,0.23000000417232513,0,0.064316242933273315,-0.0011651141103357077,0.059999998658895493,0,0.0010606431169435382,1.0913936421275139e-10,0,False,2,3
995,2022-02-01,KEN,2087,1,2,0.20000000000000001,0.56948107481002808,-6.7378765379544348e-05,0.56999999284744263,0.050000000000000003,0.20462431013584137,-0.0061806063167750835,0.20000000298023224,0,0.065722361207008362,-0.001846362603828311,0.059999998658895493,0,0.0010606431169435382,1.0913936421275139e-10,0,False,2,3
995,2022-06-01,KEN,2088,1,2,0.5,0.52764314413070679,-0.00031766761094331741,0.52999997138977051,0.14999999999999999,0.222651407122612,-8.19276028778404e-05,0.2199999988079071,0,0.068046651780605316,-0.0011651141103357077,0.070000000298023224,0,0.0010606431169435382,1.0913936421275139e-10,0,False,2,3
997,2022-09-01,LBN,2092,1,3,0.84999999999999998,0.58104091882705688,0.00011700722097884864,0.57999998331069946,0.44999999999999996,0.23127903044223785,-0.0013062935322523117,0.23000000417232513,0.10000000000000001,0.09887164831161499,-0.0027875411324203014,0.10000000149011612,0,0.0010606431169435382,1.0913936421275139e-10,0,False,3,3
1001,2022-09-01,LBN,2093,0,3,0.85000000000000009,0.58368641138076782,0.00020966804004274309,0.57999998331069946,0.39999999999999997,0.25969806313514709,0.0055159013718366623,0.27000001072883606,0.050000000000000003,0.1160404235124588,-0.00099128542933613062,0.11999999731779099,0,0.0010221295524388552,9.0949470177292824e-12,0,False,3,3
1003,2022-02-01,KEN,2043,4,3,0.74999999999999989,0.64829844236373901,-0.00013124372344464064,0.64999997615814209,0.40000000000000002,0.28305399417877197,0.0033307562116533518,0.28999999165534973,0.10000000000000001,0.064502492547035217,-0.00077617750503122807,0.059999998658895493,0,0.0011559246340766549,-7.7761797001585364e-11,0,False,3,3
1003,2022-03-01,KEN,2044,4,3,0.79999999999999993,0.62661635875701904,4.9832360673462972e-05,0.62999999523162842,0.5,0.32534143328666687,-0.0026990931946784258,0.31999999284744263,0.14999999999999999,0.062860026955604553,-0.00077617750503122807,0.059999998658895493,0,0.0011559246340766549,-7.7761797001585364e-11,0,False,3,3
1003,2022-07-01,KEN,2045,4,3,0.90000000000000002,0.60996729135513306,-0.00065853929845616221,0.61000001430511475,0.5,0.28193566203117371,-0.0001333125401288271,0.2800000011920929,0.14999999999999999,0.066625736653804779,-0.0023152376525104046,0.059999998658895493,0,0.0011559246340766549,-7.7761797001585364e-11,0,False,3,3
1005,2022-02-01,KEN,2075,2,3,0.74999999999999989,0.57388132810592651,0.00050999206723645329,0.56999999284744263,0.40000000000000002,0.25537526607513428,-0.0062939128838479519,0.25,0.10000000000000001,0.061035674065351486,-0.0011322528589516878,0.059999998658895493,0,0.0011075058719143271,-1.3824319466948509e-10,0,False,3,3
1005,2022-03-01,KEN,2076,2,3,0.79999999999999993,0.62896949052810669,0.00032302524778060615,0.62999999523162842,0.5,0.24816493690013885,0.0037891236133873463,0.25,0.14999999999999999,0.066447801887989044,-0.0011322528589516878,0.070000000298023224,0,0.0011075058719143271,-1.3824319466948509e-10,0,False,3,3
1005,2022-07-01,KEN,2077,2,3,0.90000000000000002,0.63684076070785522,-0.00049867265624925494,0.63999998569488525,0.5,0.27652212977409363,-0.0045067085884511471,0.27000001072883606,0.14999999999999999,0.062160477042198181,-0.0011322528589516878,0.059999998658895493,0,0.0011075058719143271,-1.3824319466948509e-10,0,False,3,3
1008,2022-09-01,LBN,2102,1,3,0.75,0.60915213823318481,0.00046990436385385692,0.61000001430511475,0.29999999999999999,0.24448759853839874,0.0037041998002678156,0.25,0.050000000000000003,0.10937800258398056,-0.0027875411324203014,0.10999999940395355,0,0.0010606431169435382,1.0913936421275139e-10,0,False,3,3
1011,2022-02-01,KEN,2104,1,3,0.69999999999999996,0.47112008929252625,-0.00029438277124427259,0.4699999988079071,0.34999999999999998,0.18679425120353699,-0.0061806063167750835,0.18000000715255737,0.050000000000000003,0.071631491184234619,-0.001846362603828311,0.070000000298023224,0,0.0010606431169435382,1.0913936421275139e-10,0,False,3,2
1011,2022-03-01,KEN,2105,1,3,0.60000000000000009,0.53437715768814087,-0.0014496835647150874,0.52999997138977051,0.29999999999999999,0.18689908087253571,-0.0061806063167750835,0.18000000715255737,0.050000000000000003,0.069694176316261292,-0.001846362603828311,0.070000000298023224,0,0.0010606431169435382,1.0913936421275139e-10,0,False,3,2
1011,2022-06-01,KEN,2106,1,2,0.5,0.47514504194259644,0.00016080525529105216,0.47999998927116394,0.14999999999999999,0.20445910096168518,-8.19276028778404e-05,0.20000000298023224,0,0.074670985341072083,-0.0011651141103357077,0.070000000298023224,0,0.0010606431169435382,1.0913936421275139e-10,0,False,2,3
1011,2022-07-01,KEN,2107,1,3,0.69999999999999996,0.41714462637901306,0.00013434013817459345,0.41999998688697815,0.39999999999999997,0.21949248015880585,-0.0013651696499437094,0.2199999988079071,0.050000000000000003,0.060869511216878891,-0.0011651141103357077,0.059999998658895493,0,0.0010606431169435382,1.0913936421275139e-10,0,False,3,3
1016,2022-09-01,LBN,2111,0,3,0.85000000000000009,0.57365399599075317,0.00022100169735495001,0.56999999284744263,0.39999999999999997,0.31660091876983643,0.0055159013718366623,0.31999999284744263,0.050000000000000003,0.14815795421600342,-0.00099128542933613062,0.15000000596046448,0,0.0010221295524388552,9.0949470177292824e-12,0,False,3,3
1017,2022-09-01,LBN,2114,1,3,0.80000000000000004,0.65320068597793579,0.00031391356606036425,0.64999997615814209,0.34999999999999998,0.25298097729682922,0.0022756967227905989,0.25999999046325684,0.050000000000000003,0.11428084224462509,-0.0027875411324203014,0.10999999940395355,0,0.0010606431169435382,1.0913936421275139e-10,0,False,3,3
1020,2022-09-01,LBN,2089,2,3,0.84999999999999998,0.61607515811920166,6.6050371970050037e-05,0.62000000476837158,0.44999999999999996,0.26461943984031677,0.0047959745861589909,0.27000001072883606,0.10000000000000001,0.11263483762741089,-0.0011322528589516878,0.10999999940395355,0,0.0011075058719143271,-1.3824319466948509e-10,0,False,3,3
1023,2022-09-01,LBN,2060,4,2,0.70000000000000007,0.63088458776473999,0.00021251683938317001,0.62999999523162842,0.14999999999999999,0.28351634740829468,0.0041600847616791725,0.28999999165534973,0,0.10346395522356033,-0.0023152376525104046,0.10000000149011612,0,0.0011559246340766549,-7.7761797001585364e-11,0,False,2,3
1032,2022-02-01,KEN,2093,2,3,0.69999999999999996,0.29948839545249939,0.00015146174700930715,0.30000001192092896,0.34999999999999998,0.14853008091449738,-0.014813009649515152,0.12999999523162842,0.050000000000000003,0.051387306302785873,-0.0011322528589516878,0.05000000074505806,0,0.0011075058719143271,-1.3824319466948509e-10,0,False,3,2
1032,2022-03-01,KEN,2094,2,3,0.60000000000000009,0.44438624382019043,0.00024364667478948832,0.43999999761581421,0.29999999999999999,0.18427805602550507,-0.014813009649515152,0.17000000178813934,0.050000000000000003,0.062301315367221832,-0.0011322528589516878,0.059999998658895493,0,0.0011075058719143271,-1.3824319466948509e-10,0,False,3,2
1032,2022-06-01,KEN,2095,2,2,0.5,0.51913344860076904,9.8785552836488932e-05,0.51999998092651367,0.14999999999999999,0.19946573674678802,-0.013025804422795773,0.18999999761581421,0,0.058693323284387589,-0.0011322528589516878,0.059999998658895493,0,0.0011075058719143271,-1.3824319466948509e-10,0,False,2,2
1033,2022-02-01,KEN,2066,4,3,0.69999999999999996,0.35447192192077637,-0.00018254852329846472,0.34999999403953552,0.34999999999999998,0.18083851039409637,-0.0087379049509763718,0.17000000178813934,0.050000000000000003,0.049266383051872253,-0.00077617750503122807,0.05000000074505806,0,0.0011559246340766549,-7.7761797001585364e-11,0,False,3,2
1033,2022-03-01,KEN,2067,4,3,0.60000000000000009,0.43477943539619446,0.00015985136269591749,0.43000000715255737,0.29999999999999999,0.27050316333770752,-0.0097546055912971497,0.25999999046325684,0.050000000000000003,0.053869590163230896,-0.00077617750503122807,0.05000000074505806,0,0.0011559246340766549,-7.7761797001585364e-11,0,False,3,3
1033,2022-06-01,KEN,2068,4,2,0.5,0.56837940216064453,-0.00046413851669058204,0.56999999284744263,0.14999999999999999,0.2471175342798233,0.0019548414275050163,0.25,0,0.055435765534639359,-0.0023152376525104046,0.05000000074505806,0,0.0011559246340766549,-7.7761797001585364e-11,0,False,2,3
1038,2022-09-01,LBN,2070,4,3,0.90000000000000002,0.63736242055892944,0.00051513419020920992,0.63999998569488525,0.55000000000000004,0.26278933882713318,0.006103025283664465,0.27000001072883606,0.10000000000000001,0.10666586458683014,-0.0023152376525104046,0.10000000149011612,0,0.0011559246340766549,-7.7761797001585364e-11,0,False,3,3
1039,2022-09-01,LBN,2120,0,3,0.90000000000000002,0.60653692483901978,-8.1328507803846151e-05,0.61000001430511475,0.5,0.28813466429710388,0.0055159013718366623,0.28999999165534973,0.10000000000000001,0.13345909118652344,-0.00099128542933613062,0.12999999523162842,0,0.0010221295524388552,9.0949470177292824e-12,0,False,3,3
1046,2022-02-01,KEN,2122,3,2,0.59999999999999998,0.50132226943969727,-0.00021624370128847659,0.5,0.10000000000000001,0.19863240420818329,-0.0023499778471887112,0.20000000298023224,0,0.058024339377880096,-0.00082974007818847895,0.059999998658895493,0,0.00089907192159444094,-6.5483618527650833e-11,0,False,2,3
1046,2022-07-01,KEN,2123,3,3,0.70000000000000007,0.48528814315795898,-0.0002267957606818527,0.49000000953674316,0.25,0.19107206165790558,-5.9814716223627329e-05,0.18999999761581421,0.050000000000000003,0.052955713123083115,-0.0025611994788050652,0.05000000074505806,0,0.00089907192159444094,-6.5483618527650833e-11,0,False,3,2
1047,2022-02-01,KEN,2124,3,2,0.59999999999999998,0.48482325673103333,-0.00021624370128847659,0.47999998927116394,0.10000000000000001,0.19863240420818329,-0.0023499778471887112,0.20000000298023224,0,0.055845312774181366,-0.00082974007818847895,0.059999998658895493,0,0.00089907192159444094,-6.5483618527650833e-11,0,False,2,3
1047,2022-07-01,KEN,2125,3,3,0.70000000000000007,0.46271759271621704,-0.0002267957606818527,0.46000000834465027,0.25,0.19107206165790558,-5.9814716223627329e-05,0.18999999761581421,0.050000000000000003,0.050776690244674683,-0.0025611994788050652,0.05000000074505806,0,0.00089907192159444094,-6.5483618527650833e-11,0,False,3,2
1048,2022-07-01,KEN,2078,4,2,0.59999999999999998,0.50872635841369629,-3.0761995731154457e-05,0.50999999046325684,0.14999999999999999,0.17623724043369293,0.004267275333404541,0.18000000715255737,0,0.045994922518730164,-0.0023152376525104046,0.039999999105930328,0,0.0011559246340766549,-7.7761797001585364e-11,0,False,2,2
1048,2022-10-01,KEN,2079,4,3,0.60000000000000009,0.45050644874572754,-2.7135047275805846e-05,0.44999998807907104,0.25,0.16527655720710754,0.00069692451506853104,0.17000000178813934,0.050000000000000003,0.051645945757627487,-0.0023152376525104046,0.05000000074505806,0,0.0011559246340766549,-7.7761797001585364e-11,0,False,3,2
1049,2022-10-01,KEN,2106,2,3,0.60000000000000009,0.42133218050003052,-0.0004688040935434401,0.41999998688697815,0.25,0.14000725746154785,-0.00076953216921538115,0.14000000059604645,0.050000000000000003,0.067490845918655396,-0.0011322528589516878,0.070000000298023224,0,0.0011075058719143271,-1.3824319466948509e-10,0,False,3,2
1050,2022-10-01,KEN,2130,1,3,0.60000000000000009,0.56978827714920044,0.0001142865075962618,0.56999999284744263,0.25,0.20040340721607208,-0.0019461031770333648,0.20000000298023224,0.050000000000000003,0.067527972161769867,-0.0027875411324203014,0.059999998658895493,0,0.0010606431169435382,1.0913936421275139e-10,0,False,3,3
1057,2022-07-01,TZA,2112,2,2,0.34999999999999998,0.44589513540267944,0.00011667353828670457,0.44999998807907104,0.050000000000000003,0.16794736683368683,-0.0045067085884511471,0.15999999642372131,0,0.044434376060962677,0.0020786446984857321,0.05000000074505806,0,0.0011075058719143271,-1.3824319466948509e-10,0,False,2,2
1059,2022-02-01,KEN,2113,2,3,0.75,0.4167083203792572,5.4154628742253408e-05,0.41999998688697815,0.34999999999999998,0.1981201171875,0.0037891236133873463,0.20000000298023224,0.10000000000000001,0.063553653657436371,-0.0011322528589516878,0.059999998658895493,0,0.0011075058719143271,-1.3824319466948509e-10,0,False,3,3
1059,2022-07-01,KEN,2114,2,3,0.84999999999999998,0.43887409567832947,5.0325619668001309e-05,0.43999999761581421,0.44999999999999996,0.14940935373306274,-0.0045067085884511471,0.14000000059604645,0.14999999999999999,0.05455365777015686,-0.0011322528589516878,0.05000000074505806,0,0.0011075058719143271,-1.3824319466948509e-10,0,False,3,2
1060,2022-02-01,KEN,2115,2,3,0.75,0.43406954407691956,5.4154628742253408e-05,0.43000000715255737,0.34999999999999998,0.19205057621002197,0.0037891236133873463,0.20000000298023224,0.10000000000000001,0.063553653657436371,-0.0011322528589516878,0.059999998658895493,0,0.0011075058719143271,-1.3824319466948509e-10,0,False,3,3
1060,2022-07-01,KEN,2116,2,3,0.84999999999999998,0.44913893938064575,1.58461625687778e-05,0.44999998807907104,0.44999999999999996,0.1575186550617218,-0.0045067085884511471,0.15000000596046448,0.14999999999999999,0.05455365777015686,-0.0011322528589516878,0.05000000074505806,0,0.0011075058719143271,-1.3824319466948509e-10,0,False,3,2
1061,2022-07-01,KEN,2117,2,2,0.49999999999999994,0.34566143155097961,0.00030425045406445861,0.34999999403953552,0.15000000000000002,0.16522197425365448,-0.0045067085884511471,0.15999999642372131,0.050000000000000003,0.058830831199884415,-0.0011322528589516878,0.059999998658895493,0,0.0011075058719143271,-1.3824319466948509e-10,0,False,2,2
1068,2022-02-01,KEN,2095,4,3,0.90000000000000002,0.56235778331756592,-3.1855626730248332e-05,0.56000000238418579,0.5,0.25272554159164429,0.00036168971564620733,0.25,0.14999999999999999,0.066820628941059113,-0.00077617750503122807,0.070000000298023224,0,0.0011559246340766549,-7.7761797001585364e-11,0,False,3,3
1068,2022-07-01,KEN,2096,4,3,0.90000000000000002,0.59107637405395508,-2.8453387130866759e-05,0.5899999737739563,0.44999999999999996,0.25161346793174744,0.004267275333404541,0.25999999046325684,0.10000000000000001,0.069331921637058258,-0.0023152376525104046,0.070000000298023224,0,0.0011559246340766549,-7.7761797001585364e-11,0,False,3,3
1071,2022-02-01,KEN,2146,0,3,0.90000000000000002,0.64966994524002075,0.00021209137048572302,0.64999997615814209,0.5,0.28424862027168274,0.00014523061690852046,0.2800000011920929,0.14999999999999999,0.058544322848320007,0.0034443764016032219,0.059999998658895493,0,0.0010221295524388552,9.0949470177292824e-12,0,False,3,3
1071,2022-07-01,KEN,2147,0,3,0.90000000000000002,0.61724996566772461,-0.00027905404567718506,0.62000000476837158,0.44999999999999996,0.21136222779750824,0.0017265800852328539,0.20999999344348907,0.10000000000000001,0.053492017090320587,0.0022153202444314957,0.059999998658895493,0,0.0010221295524388552,9.0949470177292824e-12,0,False,3,3
1097,2022-02-01,KEN,2154,0,3,0.45000000000000001,0.48223564028739929,-0.00010719838610384613,0.47999998927116394,0.20000000000000001,0.26437368988990784,-0.0053627155721187592,0.25999999046325684,0.050000000000000003,0.052533112466335297,0.00023777072783559561,0.05000000074505806,0,0.0010221295524388552,9.0949470177292824e-12,0,False,3,3
1099,2022-02-01,KEN,2155,0,3,0.45000000000000001,0.4806850254535675,-0.00010719838610384613,0.47999998927116394,0.20000000000000001,0.26437368988990784,-0.0053627155721187592,0.25999999046325684,0.050000000000000003,0.052533112466335297,0.00023777072783559561,0.05000000074505806,0,0.0010221295524388552,9.0949470177292824e-12,0,False,3,3
1102,2022-02-01,KEN,2158,1,3,0.75,0.66871631145477295,0.00013626381405629218,0.67000001668930054,0.29999999999999999,0.27674347162246704,0.00059257925022393465,0.2800000011920929,0.050000000000000003,0.078425437211990356,-0.001846362603828311,0.079999998211860657,0,0.0010606431169435382,1.0913936421275139e-10,0,False,3,3
1102,2022-07-01,KEN,2159,1,3,0.79999999999999993,0.44720223546028137,3.4121367207262665e-05,0.44999998807907104,0.5,0.24260601401329041,0.0049285651184618473,0.25,0.14999999999999999,0.058041945099830627,-0.0011651141103357077,0.059999998658895493,0,0.0010606431169435382,1.0913936421275139e-10,0,False,3,3
1103,2022-02-01,KEN,2155,3,3,0.75,0.67698919773101807,8.1046409832197241e-06,0.68000000715255737,0.29999999999999999,0.30431732535362244,-0.0023499778471887112,0.30000001192092896,0.050000000000000003,0.067791558802127838,-0.00082974007818847895,0.070000000298023224,0,0.00089907192159444094,-6.5483618527650833e-11,0,False,3,3
1103,2022-07-01,KEN,2156,3,3,0.79999999999999993,0.66253137588500977,8.7988613813649863e-05,0.6600000262260437,0.5,0.25267300009727478,-5.9814716223627329e-05,0.25,0.14999999999999999,0.057960640639066696,-0.001065922318957746,0.059999998658895493,0,0.00089907192159444094,-6.5483618527650833e-11,0,False,3,3
1107,2022-10-01,MOZ,2157,3,2,0.65000000000000002,0.56649923324584961,-0.00013158345245756209,0.56999999284744263,0.15000000000000002,0.16271205246448517,-0.0023499778471887112,0.15999999642372131,0.050000000000000003,0.055421452969312668,-0.0025611994788050652,0.05000000074505806,0,0.00089907192159444094,-6.5483618527650833e-11,0,False,2,2
1112,2022-10-01,MOZ,2162,1,2,0.34999999999999998,0.52274560928344727,0.00052404467714950442,0.51999998092651367,0.050000000000000003,0.21697406470775604,-0.0013264140579849482,0.2199999988079071,0,0.057503946125507355,-0.0027875411324203014,0.05000000074505806,0,0.0010606431169435382,1.0913936421275139e-10,0,False,2,3
1113,2022-10-01,MOZ,2160,0,2,0.34999999999999998,0.49043849110603333,-1.0067558832815848e-05,0.49000000953674316,0.050000000000000003,0.18844883143901825,-0.0043254457414150238,0.18000000715255737,0,0.05358026921749115,-0.00099128542933613062,0.05000000074505806,0,0.0010221295524388552,9.0949470177292824e-12,0,False,2,2
1114,2022-10-01,MOZ,2138,2,2,0.34999999999999998,0.52537262439727783,-1.8768623704090714e-05,0.52999997138977051,0.050000000000000003,0.23413452506065369,0.0037891236133873463,0.23999999463558197,0,0.050604365766048431,-0.0011322528589516878,0.05000000074505806,0,0.0011075058719143271,-1.3824319466948509e-10,0,False,2,3
1124,2022-10-01,MOZ,2144,2,2,0.65000000000000002,0.42499348521232605,-6.4233536249957979e-05,0.41999998688697815,0.14999999999999999,0.18810795247554779,-0.0062939128838479519,0.18000000715255737,0,0.052924461662769318,-0.0011322528589516878,0.05000000074505806,0,0.0011075058719143271,-1.3824319466948509e-10,0,False,2,2
1128,2022-10-01,MOZ,2172,1,2,0.65000000000000002,0.53335005044937134,1.6951065845205449e-05,0.52999997138977051,0.14999999999999999,0.15472519397735596,-0.0013264140579849482,0.15000000596046448,0,0.052829690277576447,-0.0027875411324203014,0.05000000074505806,0,0.0010606431169435382,1.0913936421275139e-10,0,False,2,2
1131,2022-10-01,MOZ,2169,3,3,0.80000000000000004,0.57774800062179565,0.00037016687565483153,0.57999998331069946,0.39999999999999997,0.20973345637321472,-0.0023499778471887112,0.20999999344348907,0.050000000000000003,0.057834595441818237,-0.0025611994788050652,0.059999998658895493,0,0.00089907192159444094,-6.5483618527650833e-11,0,False,3,3
1145,2022-10-01,MOZ,2161,2,3,0.65000000000000002,0.49621084332466125,-0.000156422596774064,0.5,0.20000000000000001,0.23314903676509857,0.0037891236133873463,0.23999999463558197,0.050000000000000003,0.050744175910949707,-0.0011322528589516878,0.05000000074505806,0,0.0011075058719143271,-1.3824319466948509e-10,0,False,3,3
1146,2022-10-01,MOZ,2177,3,3,0.65000000000000002,0.55662363767623901,0.00015804352005943656,0.56000000238418579,0.20000000000000001,0.1948775053024292,-0.0023499778471887112,0.18999999761581421,0.050000000000000003,0.055421452969312668,-0.0025611994788050652,0.05000000074505806,0,0.00089907192159444094,-6.5483618527650833e-11,0,False,3,2
1148,2022-10-01,MOZ,2163,2,3,0.84999999999999998,0.50208455324172974,-3.5009026760235429e-05,0.5,0.5,0.22872748970985413,0.0037891236133873463,0.23000000417232513,0.14999999999999999,0.053383931517601013,-0.0011322528589516878,0.05000000074505806,0,0.0011075058719143271,-1.3824319466948509e-10,0,False,3,3
1150,2022-10-01,MOZ,2186,0,3,0.84999999999999998,0.53381723165512085,-3.4131175198126584e-05,0.52999997138977051,0.5,0.24231001734733582,-0.0043254457414150238,0.23999999463558197,0.14999999999999999,0.052512485533952713,-0.00099128542933613062,0.05000000074505806,0,0.0010221295524388552,9.0949470177292824e-12,0,False,3,3
1151,2022-10-01,MOZ,2188,1,3,0.80000000000000004,0.61851447820663452,0.0002035836223512888,0.62000000476837158,0.39999999999999997,0.27524405717849731,-0.0077280444093048573,0.27000001072883606,0.050000000000000003,0.051991187036037445,-0.0027875411324203014,0.05000000074505806,0,0.0010606431169435382,1.0913936421275139e-10,0,False,3,3
1152,2022-10-01,MOZ,2180,3,3,0.80000000000000004,0.65635597705841064,0.00013653129281010479,0.6600000262260437,0.39999999999999997,0.26102718710899353,-0.0023499778471887112,0.25999999046325684,0.050000000000000003,0.054621659219264984,-0.0025611994788050652,0.05000000074505806,0,0.00089907192159444094,-6.5483618527650833e-11,0,False,3,3
1154,2022-10-01,MOZ,2168,2,3,0.80000000000000004,0.51611995697021484,1.0027022199210478e-06,0.51999998092651367,0.39999999999999997,0.16852410137653351,0.0037891236133873463,0.17000000178813934,0.050000000000000003,0.052731037139892578,-0.0011322528589516878,0.05000000074505806,0,0.0011075058719143271,-1.3824319466948509e-10,0,False,3,2
1157,2022-02-01,KEN,2171,2,3,0.85000000000000009,0.54375886917114258,-0.00019813929975498468,0.54000002145767212,0.34999999999999998,0.25267681479454041,-0.0045067085884511471,0.25,0.050000000000000003,0.061447855085134506,-0.0011322528589516878,0.059999998658895493,0,0.0011075058719143271,-1.3824319466948509e-10,0,False,3,3
1157,2022-07-01,KEN,2172,2,3,0.90000000000000002,0.58725070953369141,7.8456534538418055e-05,0.5899999737739563,0.44999999999999996,0.21806719899177551,-0.0045067085884511471,0.20999999344348907,0.10000000000000001,0.054720178246498108,-0.0011322528589516878,0.05000000074505806,0,0.0011075058719143271,-1.3824319466948509e-10,0,False,3,3
1157,2022-10-01,KEN,2173,2,2,0.25,0.49823468923568726,-0.00015732391329947859,0.5,0.10000000000000001,0.33106151223182678,-0.0064969570375978947,0.31999999284744263,0,0.0750255286693573,-0.0061956765130162239,0.070000000298023224,0,0.0011075058719143271,-1.3824319466948509e-10,0,False,2,3
1158,2022-02-01,KEN,2203,1,3,0.85000000000000009,0.68083870410919189,-9.8079792223870754e-05,0.68000000715255737,0.34999999999999998,0.26526275277137756,0.0079032015055418015,0.27000001072883606,0.050000000000000003,0.081781640648841858,-0.0002239362511318177,0.079999998211860657,0,0.0010606431169435382,1.0913936421275139e-10,0,False,3,3
1158,2022-07-01,KEN,2204,1,3,0.90000000000000002,0.56098043918609619,2.876106373150833e-05,0.56000000238418579,0.44999999999999996,0.25844499468803406,0.0074127102270722389,0.27000001072883606,0.10000000000000001,0.076268881559371948,-0.0011651141103357077,0.079999998211860657,0,0.0010606431169435382,1.0913936421275139e-10,0,False,3,3
1158,2022-10-01,KEN,2205,1,2,0.25,0.6117546558380127,7.7138713095337152e-05,0.61000001430511475,0.10000000000000001,0.30425357818603516,-0.0082752443850040436,0.30000001192092896,0,0.077611200511455536,-0.0098088104277849197,0.070000000298023224,0,0.0010606431169435382,1.0913936421275139e-10,0,False,2,3
1160,2022-01-01,KEN,2200,3,3,0.46999999999999997,0.54583138227462769,-0.00033291097497567534,0.55000001192092896,0.23000000000000001,0.20177656412124634,-0.0023499778471887112,0.20000000298023224,0.040000000000000001,0.065261512994766235,-0.00082974007818847895,0.059999998658895493,0,0.00089907192159444094,-6.5483618527650833e-11,0,False,3,3
1160,2022-02-01,KEN,2201,3,3,0.55000000000000004,0.56996273994445801,5.3361385653261095e-05,0.56999999284744263,0.25,0.20089870691299438,-0.0023499778471887112,0.20000000298023224,0.050000000000000003,0.064540892839431763,-0.00082974007818847895,0.059999998658895493,0,0.00089907192159444094,-6.5483618527650833e-11,0,False,3,3
1160,2022-05-01,KEN,2202,3,3,0.67000000000000004,0.54153048992156982,-0.00021236480097286403,0.54000002145767212,0.41000000000000003,0.21157258749008179,-0.0023499778471887112,0.20999999344348907,0.13,0.056147739291191101,-0.0025611994788050652,0.05000000074505806,0,0.00089907192159444094,-6.5483618527650833e-11,0,False,3,3
1160,2022-07-01,KEN,2203,3,3,0.70000000000000007,0.50451940298080444,-1.429865642421646e-05,0.5,0.44999999999999996,0.19145853817462921,-5.9814716223627329e-05,0.18999999761581421,0.14999999999999999,0.045283619314432144,-0.0025611994788050652,0.039999999105930328,0,0.00089907192159444094,-6.5483618527650833e-11,0,False,3,2
1160,2022-10-01,KEN,2204,3,1,0.15000000000000002,0.54436218738555908,2.498040339560248e-05,0.54000002145767212,0.050000000000000003,0.21619199216365814,-0.019260233268141747,0.20000000298023224,0,0.065866164863109589,-0.0092115122824907303,0.059999998658895493,0,0.00089907192159444094,-6.5483618527650833e-11,0,False,1,3
1161,2022-01-01,KEN,2221,0,3,0.46999999999999997,0.49300885200500488,-0.00025668845046311617,0.49000000953674316,0.23000000000000001,0.16159708797931671,-0.0026139512192457914,0.15999999642372131,0.040000000000000001,0.056679245084524155,0.00023777072783559561,0.059999998658895493,0,0.0010221295524388552,9.0949470177292824e-12,0,False,3,2
1161,2022-02-01,KEN,2222,0,3,0.55000000000000004,0.57325702905654907,-0.00020159140694886446,0.56999999284744263,0.25,0.20481343567371368,0.0019534730818122625,0.20999999344348907,0.050000000000000003,0.056252133101224899,0.0034443764016032219,0.059999998658895493,0,0.0010221295524388552,9.0949470177292824e-12,0,False,3,3
1161,2022-05-01,KEN,2223,0,3,0.67000000000000004,0.51773381233215332,9.5297909865621477e-05,0.51999998092651367,0.41000000000000003,0.16235034167766571,0.0036826606374233961,0.17000000178813934,0.13,0.053271271288394928,0.0022153202444314957,0.059999998658895493,0,0.0010221295524388552,9.0949470177292824e-12,0,False,3,2
1161,2022-07-01,KEN,2224,0,3,0.70000000000000007,0.49138611555099487,0.00041959082591347396,0.49000000953674316,0.44999999999999996,0.17902721464633942,0.0065575717017054558,0.18999999761581421,0.14999999999999999,0.048317734152078629,0.0022153202444314957,0.05000000074505806,0,0.0010221295524388552,9.0949470177292824e-12,0,False,3,2
1161,2022-10-01,KEN,2225,0,1,0.15000000000000002,0.52584218978881836,-0.00011144315067213029,0.52999997138977051,0.050000000000000003,0.17626367509365082,-0.022697927430272102,0.15000000596046448,0,0.070528402924537659,-0.010616512037813663,0.059999998658895493,0,0.0010221295524388552,9.0949470177292824e-12,0,False,1,2
1173,2022-01-01,KEN,2180,4,2,0.40000000000000002,0.63328242301940918,6.3548104662913829e-05,0.62999999523162842,0.13,0.29273650050163269,-0.0038394429720938206,0.28999999165534973,0,0.051825251430273056,-0.00077617750503122807,0.05000000074505806,0,0.0011559246340766549,-7.7761797001585364e-11,0,False,2,3
1173,2022-02-01,KEN,2181,4,3,0.69999999999999996,0.63678824901580811,0.00014614607789553702,0.63999998569488525,0.34999999999999998,0.30662563443183899,0.0054775052703917027,0.31000000238418579,0.10000000000000001,0.054316986352205276,-0.00077617750503122807,0.05000000074505806,0,0.0011559246340766549,-7.7761797001585364e-11,0,False,3,3
1173,2022-07-01,KEN,2182,4,3,0.75,0.58200603723526001,5.4066011216491461e-05,0.57999998331069946,0.44999999999999996,0.29285275936126709,0.005613280925899744,0.30000001192092896,0.14999999999999999,0.048983320593833923,-0.0023152376525104046,0.05000000074505806,0,0.0011559246340766549,-7.7761797001585364e-11,0,False,3,3
1173,2022-10-01,KEN,2183,4,2,0.25,0.57686471939086914,-0.00045333665912039578,0.57999998331069946,0.10000000000000001,0.26559486985206604,-0.0039863795973360538,0.25999999046325684,0,0.067394658923149109,-0.0067774965427815914,0.059999998658895493,0,0.0011559246340766549,-7.7761797001585364e-11,0,False,2,3
1182,2022-01-01,SOM,2222,2,3,0.46999999999999997,0.34000369906425476,-2.7919202693738043e-05,0.34000000357627869,0.23000000000000001,0.15942053496837616,-0.00072840845678001642,0.15999999642372131,0.040000000000000001,0.043783742934465408,-0.0011322528589516878,0.039999999105930328,0,0.0011075058719143271,-1.3824319466948509e-10,0,False,3,2
1182,2022-05-01,SOM,2223,2,3,0.67000000000000004,0.37691116333007812,-0.00022584525868296623,0.37999999523162842,0.41000000000000003,0.17606331408023834,0.0010587964206933975,0.18000000715255737,0.13,0.04825403168797493,-0.0011322528589516878,0.05000000074505806,0,0.0011075058719143271,-1.3824319466948509e-10,0,False,3,2
1182,2022-10-01,SOM,2224,2,1,0.15000000000000002,0.39458629488945007,0.00056811183458194137,0.40000000596046448,0.050000000000000003,0.17289580404758453,0.0047959745861589909,0.18000000715255737,0,0.054159577935934067,-0.0011322528589516878,0.05000000074505806,0,0.0011075058719143271,-1.3824319466948509e-10,0,False,1,2
1183,2022-01-01,SOM,2256,1,2,0.40000000000000002,0.47746416926383972,0.00026554649230092764,0.47999998927116394,0.13,0.20321714878082275,0.0074715805239975452,0.20999999344348907,0,0.051400989294052124,-0.0027875411324203014,0.05000000074505806,0,0.0010606431169435382,1.0913936421275139e-10,0,False,2,3
1183,2022-02-01,SOM,2257,1,3,0.69999999999999996,0.44919818639755249,0.00033561754389666021,0.44999998807907104,0.34999999999999998,0.18420830368995667,0.011014816351234913,0.20000000298023224,0.10000000000000001,0.051400989294052124,-0.0011651141103357077,0.05000000074505806,0,0.0010606431169435382,1.0913936421275139e-10,0,False,3,3
1184,2022-01-01,SOM,2230,2,2,0.40000000000000002,0.43069404363632202,-0.00074283406138420105,0.43000000715255737,0.13,0.20233914256095886,0.0047959745861589909,0.20999999344348907,0,0.052381817251443863,-0.0011322528589516878,0.05000000074505806,0,0.0011075058719143271,-1.3824319466948509e-10,0,False,2,3
1184,2022-02-01,SOM,2231,2,3,0.69999999999999996,0.46098122000694275,-0.00096001022029668093,0.46000000834465027,0.34999999999999998,0.17972798645496368,0.0065831788815557957,0.18999999761581421,0.10000000000000001,0.052381817251443863,-0.0011322528589516878,0.05000000074505806,0,0.0011075058719143271,-1.3824319466948509e-10,0,False,3,2
1188,2022-01-01,SOM,2266,0,2,0.40000000000000002,0.43533110618591309,0.00022487759997602552,0.43999999761581421,0.13,0.16785582900047302,0.0012043474707752466,0.17000000178813934,0,0.043266713619232178,-0.00099128542933613062,0.039999999105930328,0,0.0010221295524388552,9.0949470177292824e-12,0,False,2,2
1188,2022-02-01,SOM,2267,0,3,0.69999999999999996,0.43189424276351929,-3.3303778764093295e-05,0.43000000715255737,0.34999999999999998,0.16660526394844055,0.0086466837674379349,0.18000000715255737,0.10000000000000001,0.04582652822136879,0.0022153202444314957,0.05000000074505806,0,0.0010221295524388552,9.0949470177292824e-12,0,False,3,2
1188,2022-05-01,SOM,2268,0,3,0.73999999999999999,0.42180636525154114,-0.00021605350775644183,0.41999998688697815,0.44,0.18383350968360901,0.0074814921244978905,0.18999999761581421,0.13,0.046892277896404266,0.0022153202444314957,0.05000000074505806,0,0.0010221295524388552,9.0949470177292824e-12,0,False,3,2
1188,2022-07-01,SOM,2269,0,3,0.5,0.39077043533325195,-0.00032930035376921296,0.38999998569488525,0.29999999999999999,0.16634942591190338,-0.01390515174716711,0.15000000596046448,0.050000000000000003,0.059070706367492676,-0.0023179212585091591,0.059999998658895493,0,0.0010221295524388552,9.0949470177292824e-12,0,False,3,2
1189,2022-01-01,SOM,2265,3,2,0.40000000000000002,0.5555991530418396,-0.00026717764558270574,0.56000000238418579,0.13,0.28664928674697876,0.0058396835811436176,0.28999999165534973,0,0.056838363409042358,-0.0025611994788050652,0.05000000074505806,0,0.00089907192159444094,-6.5483618527650833e-11,0,False,2,3
1189,2022-02-01,SOM,2266,3,3,0.69999999999999996,0.53011107444763184,-0.00023616287217009813,0.52999997138977051,0.34999999999999998,0.2527431845664978,0.0081298435106873512,0.25999999046325684,0.10000000000000001,0.056838363409042358,-0.0025611994788050652,0.05000000074505806,0,0.00089907192159444094,-6.5483618527650833e-11,0,False,3,3
1189,2022-10-01,SOM,2267,3,2,0.34999999999999998,0.57537364959716797,-3.6586377973435447e-05,0.57999998331069946,0.14999999999999999,0.26082062721252441,0.0058396835811436176,0.27000001072883606,0,0.062436141073703766,-0.0025611994788050652,0.059999998658895493,0,0.00089907192159444094,-6.5483618527650833e-11,0,False,2,3
1190,2022-01-01,SOM,2249,2,3,0.46999999999999997,0.29830560088157654,-0.00025784509489312768,0.30000001192092896,0.23000000000000001,0.17548070847988129,0.0074397469870746136,0.18000000715255737,0.040000000000000001,0.039871055632829666,-0.0011322528589516878,0.039999999105930328,0,0.0011075058719143271,-1.3824319466948509e-10,0,False,3,2
1190,2022-05-01,SOM,2250,2,3,0.67000000000000004,0.35513058304786682,-0.00015650028944946826,0.34999999403953552,0.41000000000000003,0.17950810492038727,0.00034720756229944527,0.18000000715255737,0.13,0.044341344386339188,-0.0011322528589516878,0.039999999105930328,0,0.0011075058719143271,-1.3824319466948509e-10,0,False,3,2
1190,2022-07-01,SOM,2251,2,2,0.35000000000000003,0.37966111302375793,0.0002272579149575904,0.37999999523162842,0.15000000000000002,0.17590515315532684,-0.0088486308231949806,0.17000000178813934,0.050000000000000003,0.073214486241340637,-0.0061956765130162239,0.070000000298023224,0,0.0011075058719143271,-1.3824319466948509e-10,0,False,2,2
1190,2022-10-01,SOM,2252,2,2,0.35000000000000003,0.39444023370742798,-8.167748455889523e-05,0.38999998569488525,0.15000000000000002,0.19463436305522919,-0.00093145394930616021,0.18999999761581421,0.050000000000000003,0.076683782041072845,-0.0061956765130162239,0.070000000298023224,0,0.0011075058719143271,-1.3824319466948509e-10,0,False,2,2
1192,2022-10-01,ETH,2253,2,2,0.25,0.62155014276504517,5.9389098169049248e-05,0.62000000476837158,0.10000000000000001,0.3189486563205719,-0.014311891049146652,0.30000001192092896,0,0.097426332533359528,-0.002984778955578804,0.090000003576278687,0,0.0011075058719143271,-1.3824319466948509e-10,0,False,2,3
1195,2022-01-01,SOM,2296,1,3,0.46999999999999997,0.34708040952682495,-0.00020670893718488514,0.34999999403953552,0.23000000000000001,0.1811182051897049,0.0005966366152279079,0.18000000715255737,0.040000000000000001,0.058563236147165298,-0.0027875411324203014,0.059999998658895493,0,0.0010606431169435382,1.0913936421275139e-10,0,False,3,2
1195,2022-05-01,SOM,2297,1,3,0.67000000000000004,0.33712470531463623,0.00049677497008815408,0.34000000357627869,0.41000000000000003,0.15638710558414459,0.0024663768708705902,0.15999999642372131,0.13,0.06062786653637886,-0.0011651141103357077,0.059999998658895493,0,0.0010606431169435382,1.0913936421275139e-10,0,False,3,2
1195,2022-07-01,SOM,2298,1,2,0.35000000000000003,0.38606271147727966,0.00087322114268317819,0.38999998569488525,0.15000000000000002,0.19425369799137115,-0.0064474884420633316,0.18999999761581421,0.050000000000000003,0.051807980984449387,0.0038155787624418736,0.059999998658895493,0,0.0010606431169435382,1.0913936421275139e-10,0,False,2,2
1195,2022-10-01,SOM,2299,1,2,0.35000000000000003,0.40181055665016174,6.0767873947042972e-05,0.40000000596046448,0.15000000000000002,0.17268989980220795,-0.0064419186674058437,0.17000000178813934,0.050000000000000003,0.073467567563056946,-0.0027875411324203014,0.070000000298023224,0,0.0010606431169435382,1.0913936421275139e-10,0,False,2,2
1196,2022-01-01,SOM,2253,4,2,0.40000000000000002,0.51181542873382568,-0.00045170084922574461,0.50999999046325684,0.13,0.20099613070487976,0.0029606795869767666,0.20000000298023224,0,0.048837132751941681,-0.0023152376525104046,0.05000000074505806,0,0.0011559246340766549,-7.7761797001585364e-11,0,False,2,3
1196,2022-02-01,SOM,2254,4,3,0.69999999999999996,0.51003897190093994,-0.00010728847701102495,0.50999999046325684,0.34999999999999998,0.18673932552337646,0.012277628295123577,0.20000000298023224,0.10000000000000001,0.048837132751941681,-0.0023152376525104046,0.05000000074505806,0,0.0011559246340766549,-7.7761797001585364e-11,0,False,3,3
1196,2022-05-01,SOM,2255,4,3,0.73999999999999999,0.54428970813751221,4.529218131210655e-05,0.54000002145767212,0.44,0.19335892796516418,0.007877035066485405,0.20000000298023224,0.13,0.051852293312549591,-0.0023152376525104046,0.05000000074505806,0,0.0011559246340766549,-7.7761797001585364e-11,0,False,3,3
1196,2022-07-01,SOM,2256,4,3,0.5,0.47541439533233643,-0.00019603803229983896,0.47999998927116394,0.29999999999999999,0.22178062796592712,-0.014677319675683975,0.20999999344348907,0.050000000000000003,0.066718801856040955,-0.0046369540505111217,0.059999998658895493,0,0.0011559246340766549,-7.7761797001585364e-11,0,False,3,3
1196,2022-10-01,SOM,2257,4,2,0.34999999999999998,0.50134456157684326,8.4923893155064434e-05,0.5,0.14999999999999999,0.27157670259475708,-0.0022947108373045921,0.27000001072883606,0,0.056324988603591919,-0.0023152376525104046,0.05000000074505806,0,0.0011559246340766549,-7.7761797001585364e-11,0,False,2,3
1197,2022-01-01,SOM,2276,2,2,0.40000000000000002,0.44760006666183472,-6.2204589994507842e-06,0.44999998807907104,0.13,0.23659653961658478,0.0047959745861589909,0.23999999463558197,0,0.042191158980131149,-0.0011322528589516878,0.039999999105930328,0,0.0011075058719143271,-1.3824319466948509e-10,0,False,2,3
1197,2022-02-01,SOM,2277,2,3,0.69999999999999996,0.45773687958717346,-3.0420495022553951e-05,0.46000000834465027,0.34999999999999998,0.22101777791976929,0.0065831788815557957,0.23000000417232513,0.10000000000000001,0.042191158980131149,-0.0011322528589516878,0.039999999105930328,0,0.0011075058719143271,-1.3824319466948509e-10,0,False,3,3
1197,2022-05-01,SOM,2278,2,3,0.73999999999999999,0.49498307704925537,6.3944549765437841e-05,0.5,0.44,0.21897891163825989,0.0047959745861589909,0.2199999988079071,0.13,0.046661447733640671,-0.0011322528589516878,0.05000000074505806,0,0.0011075058719143271,-1.3824319466948509e-10,0,False,3,3
1197,2022-07-01,SOM,2279,2,3,0.5,0.42552182078361511,1.8996279322891496e-05,0.43000000715255737,0.29999999999999999,0.25584480166435242,-0.0030336696654558182,0.25,0.050000000000000003,0.07908303290605545,-0.0061956765130162239,0.070000000298023224,0,0.0011075058719143271,-1.3824319466948509e-10,0,False,3,3
1197,2022-10-01,SOM,2280,2,2,0.34999999999999998,0.41753029823303223,-8.7271519078058191e-06,0.41999998688697815,0.14999999999999999,0.31517916917800903,0.00090655020903795958,0.31999999284744263,0,0.062138967216014862,-0.0011322528589516878,0.059999998658895493,0,0.0011075058719143271,-1.3824319466948509e-10,0,False,2,3
1200,2022-10-01,SOM,2275,4,3,0.65000000000000002,0.35561156272888184,-0.00019889729446731508,0.36000001430511475,0.44999999999999996,0.15219569206237793,-0.011161250993609428,0.14000000059604645,0.14999999999999999,0.057347390800714493,-0.0067774965427815914,0.05000000074505806,0,0.0011559246340766549,-7.7761797001585364e-11,0,False,3,2
1203,2022-02-01,SOM,2276,4,3,0.69999999999999996,0.57955998182296753,1.8415872546029277e-05,0.57999998331069946,0.34999999999999998,0.28596338629722595,0.012277628295123577,0.30000001192092896,0.10000000000000001,0.062585152685642242,-0.0023152376525104046,0.059999998658895493,0,0.0011559246340766549,-7.7761797001585364e-11,0,False,3,3
1203,2022-10-01,SOM,2277,4,3,0.55000000000000004,0.53523671627044678,-0.00049581594066694379,0.52999997138977051,0.34999999999999998,0.29275575280189514,0.010846107266843319,0.30000001192092896,0.10000000000000001,0.070564061403274536,-0.0023152376525104046,0.070000000298023224,0,0.0011559246340766549,-7.7761797001585364e-11,0,False,3,3
1204,2022-02-01,SOM,2325,3,3,0.69999999999999996,0.5591813325881958,-0.00075669022044166923,0.56000000238418579,0.34999999999999998,0.23845238983631134,0.0081298435106873512,0.25,0.10000000000000001,0.060013465583324432,-0.0025611994788050652,0.059999998658895493,0,0.00089907192159444094,-6.5483618527650833e-11,0,False,3,3
1204,2022-10-01,SOM,2326,3,3,0.55000000000000004,0.47726148366928101,0.0004207073652651161,0.47999998927116394,0.34999999999999998,0.29468521475791931,-0.026172058656811714,0.27000001072883606,0.050000000000000003,0.0841221883893013,-0.0092115122824907303,0.070000000298023224,0,0.00089907192159444094,-6.5483618527650833e-11,0,False,3,3
1207,2022-01-01,SOM,2282,4,2,0.40000000000000002,0.36503133177757263,-0.00050929613644257188,0.36000001430511475,0.13,0.18531233072280884,0.010846107266843319,0.20000000298023224,0,0.042486507445573807,-0.0023152376525104046,0.039999999105930328,0,0.0011559246340766549,-7.7761797001585364e-11,0,False,2,3
1207,2022-05-01,SOM,2283,4,3,0.73999999999999999,0.43281063437461853,-0.00044844465446658432,0.43000000715255737,0.44,0.16770243644714355,0.012277628295123577,0.18000000715255737,0.13,0.045501668006181717,-0.0023152376525104046,0.039999999105930328,0,0.0011559246340766549,-7.7761797001585364e-11,0,False,3,2
1207,2022-07-01,SOM,2284,4,3,0.55000000000000004,0.38791114091873169,-0.00029245892073959112,0.38999998569488525,0.34999999999999998,0.16757546365261078,-0.0094219325110316277,0.15999999642372131,0.050000000000000003,0.057124920189380646,-0.0046369540505111217,0.05000000074505806,0,0.0011559246340766549,-7.7761797001585364e-11,0,False,3,2
1210,2022-07-01,ETH,2334,3,2,0.30000000000000004,0.51766288280487061,0.00077523046638816595,0.51999998092651367,0.10000000000000001,0.35177400708198547,-0.0014497000956907868,0.34999999403953552,0,0.076881542801856995,4.3304542487021536e-05,0.079999998211860657,0,0.00089907192159444094,-6.5483618527650833e-11,0,False,2,3
1211,2022-01-01,SOM,2304,2,2,0.40000000000000002,0.44250935316085815,-0.00025927784736268222,0.43999999761581421,0.13,0.26475730538368225,0.0016626585274934769,0.27000001072883606,0,0.052381817251443863,-0.0011322528589516878,0.05000000074505806,0,0.0011075058719143271,-1.3824319466948509e-10,0,False,2,3
1211,2022-05-01,SOM,2305,2,3,0.73999999999999999,0.49543434381484985,-4.312860983191058e-05,0.5,0.44,0.25709855556488037,0.0016626585274934769,0.25999999046325684,0.13,0.052381817251443863,-0.0011322528589516878,0.05000000074505806,0,0.0011075058719143271,-1.3824319466948509e-10,0,False,3,3
1211,2022-07-01,SOM,2306,2,3,0.39999999999999997,0.42347246408462524,-0.00034341108403168619,0.41999998688697815,0.20000000000000001,0.27101880311965942,-0.0061669847927987576,0.25999999046325684,0.050000000000000003,0.082173734903335571,-0.0061956765130162239,0.079999998211860657,0,0.0011075058719143271,-1.3824319466948509e-10,0,False,3,3
1212,2022-10-01,SOM,2344,3,2,0.34999999999999998,0.4081910252571106,-0.00030140631133690476,0.40999999642372131,0.14999999999999999,0.17589721083641052,-0.026172058656811714,0.15000000596046448,0,0.055797629058361053,-0.0092115122824907303,0.05000000074505806,0,0.00089907192159444094,-6.5483618527650833e-11,0,False,2,2
1214,2022-05-01,SOM,2298,4,3,0.73999999999999999,0.55286288261413574,0.00044243937009014189,0.55000001192092896,0.44,0.31022921204566956,0.010846107266843319,0.31999999284744263,0.13,0.056234486401081085,-0.0023152376525104046,0.05000000074505806,0,0.0011559246340766549,-7.7761797001585364e-11,0,False,3,3
1214,2022-07-01,SOM,2299,4,3,0.55000000000000004,0.45063400268554688,-0.00041172883356921375,0.44999998807907104,0.34999999999999998,0.30559319257736206,0.005934098269790411,0.31000000238418579,0.050000000000000003,0.077717520296573639,-0.00035615620436146855,0.079999998211860657,0,0.0011559246340766549,-7.7761797001585364e-11,0,False,3,3
1214,2022-10-01,SOM,2300,4,3,0.55000000000000004,0.45482712984085083,-0.00011675518180709332,0.44999998807907104,0.34999999999999998,0.35650098323822021,0.00090741168241947889,0.36000001430511475,0.050000000000000003,0.080636769533157349,-0.0067774965427815914,0.070000000298023224,0,0.0011559246340766549,-7.7761797001585364e-11,0,False,3,3
1215,2022-10-01,DJI,2363,1,2,0.20000000000000001,0.62155753374099731,-0.0020856068003922701,0.62000000476837158,0.050000000000000003,0.32502275705337524,0.0085603035986423492,0.33000001311302185,0,0.091382697224617004,-0.0027875411324203014,0.090000003576278687,0,0.0010606431169435382,1.0913936421275139e-10,0,False,2,3
1216,2022-01-01,SOM,2364,1,3,0.44,0.38378986716270447,0.00039382564136758447,0.37999999523162842,0.21000000000000002,0.19357199966907501,0.0005966366152279079,0.18999999761581421,0.040000000000000001,0.047167975455522537,-0.0027875411324203014,0.039999999105930328,0,0.0010606431169435382,1.0913936421275139e-10,0,False,3,2
1216,2022-10-01,SOM,2365,1,2,0.34999999999999998,0.40053683519363403,0.00030935704126022756,0.40000000596046448,0.14999999999999999,0.21495100855827332,-0.019839763641357422,0.20000000298023224,0,0.060743082314729691,-0.0098088104277849197,0.05000000074505806,0,0.0010606431169435382,1.0913936421275139e-10,0,False,2,3
1217,2022-01-01,SOM,2369,0,3,0.44,0.4041120707988739,0.00022898930183146149,0.40000000596046448,0.21000000000000002,0.15032507479190826,-0.00039964052848517895,0.15000000596046448,0.040000000000000001,0.044551581144332886,-0.00099128542933613062,0.039999999105930328,0,0.0010221295524388552,9.0949470177292824e-12,0,False,3,2
1217,2022-10-01,SOM,2370,0,2,0.34999999999999998,0.46029993891716003,-1.5571857147733681e-05,0.46000000834465027,0.14999999999999999,0.23771081864833832,-0.030216189101338387,0.20999999344348907,0,0.053260758519172668,-0.010616512037813663,0.039999999105930328,0,0.0010221295524388552,9.0949470177292824e-12,0,False,2,3
1220,2022-01-01,SOM,2371,3,3,0.46999999999999997,0.44793140888214111,7.0145862991921604e-05,0.44999998807907104,0.23000000000000001,0.16780252754688263,0.00064151664264500141,0.17000000178813934,0.040000000000000001,0.044766254723072052,-0.0025611994788050652,0.039999999105930328,0,0.00089907192159444094,-6.5483618527650833e-11,0,False,3,2
1220,2022-05-01,SOM,2372,3,3,0.67000000000000004,0.49127137660980225,0.00030794841586612165,0.49000000953674316,0.41000000000000003,0.13633698225021362,0.00064151664264500141,0.14000000059604645,0.13,0.044766254723072052,-0.0025611994788050652,0.039999999105930328,0,0.00089907192159444094,-6.5483618527650833e-11,0,False,3,2
1220,2022-07-01,SOM,2373,3,2,0.34999999999999998,0.4542701244354248,0.00046307742013595998,0.44999998807907104,0.14999999999999999,0.13396100699901581,-0.029080061241984367,0.10000000149011612,0,0.056944422423839569,-0.007649274542927742,0.05000000074505806,0,0.00089907192159444094,-6.5483618527650833e-11,0,False,2,2
1220,2022-10-01,SOM,2374,3,2,0.34999999999999998,0.46033275127410889,-2.0189676433801651e-05,0.46000000834465027,0.14999999999999999,0.21685346961021423,-0.026172058656811714,0.18999999761581421,0,0.055797629058361053,-0.0092115122824907303,0.05000000074505806,0,0.00089907192159444094,-6.5483618527650833e-11,0,False,2,2
1222,2022-05-01,SOM,2375,3,3,0.73999999999999999,0.52303338050842285,5.8417881518835202e-05,0.51999998092651367,0.44,0.24929071962833405,0.0058396835811436176,0.25999999046325684,0.13,0.058054469525814056,-0.0025611994788050652,0.059999998658895493,0,0.00089907192159444094,-6.5483618527650833e-11,0,False,3,3
1222,2022-07-01,SOM,2376,3,3,0.5,0.45244383811950684,0.00032622320577502251,0.44999998807907104,0.29999999999999999,0.32641088962554932,-0.0091568855568766594,0.31999999284744263,0.050000000000000003,0.081883445382118225,-0.00099896558094769716,0.079999998211860657,0,0.00089907192159444094,-6.5483618527650833e-11,0,False,3,3
1222,2022-10-01,SOM,2377,3,2,0.34999999999999998,0.47437557578086853,0.00021024918532930315,0.4699999988079071,0.14999999999999999,0.30855762958526611,-0.0090323174372315407,0.30000001192092896,0,0.082163184881210327,-0.0025611994788050652,0.079999998211860657,0,0.00089907192159444094,-6.5483618527650833e-11,0,False,2,3
1223,2022-01-01,SOM,2334,4,3,0.46999999999999997,0.44577142596244812,0.00012286839773878455,0.44999998807907104,0.23000000000000001,0.1088445857167244,-0.0027859157416969538,0.10999999940395355,0.040000000000000001,0.061533868312835693,-0.0023152376525104046,0.059999998658895493,0,0.0011559246340766549,-7.7761797001585364e-11,0,False,3,2
1223,2022-07-01,SOM,2335,4,2,0.34999999999999998,0.37168768048286438,-0.00041580054676160216,0.37000000476837158,0.14999999999999999,0.17508301138877869,0.0065310318022966385,0.18000000715255737,0,0.039532721042633057,-0.00035615620436146855,0.039999999105930328,0,0.0011559246340766549,-7.7761797001585364e-11,0,False,2,2
1223,2022-10-01,SOM,2336,4,2,0.34999999999999998,0.44939842820167542,-0.00011800661741290241,0.44999998807907104,0.14999999999999999,0.18730853497982025,0.0029606795869767666,0.18999999761581421,0,0.041521370410919189,-0.0023152376525104046,0.039999999105930328,0,0.0011559246340766549,-7.7761797001585364e-11,0,False,2,2
1226,2022-01-01,SOM,2405,1,3,0.46999999999999997,0.45783397555351257,-0.00020789913833141327,0.46000000834465027,0.23000000000000001,0.17576168477535248,-0.0023627332411706448,0.17000000178813934,0.040000000000000001,0.058563236147165298,-0.0027875411324203014,0.059999998658895493,0,0.0010606431169435382,1.0913936421275139e-10,0,False,3,2
1226,2022-07-01,SOM,2406,1,3,0.40000000000000002,0.47414392232894897,0.00074562500230967999,0.4699999988079071,0.20000000000000001,0.19353334605693817,-0.0094068599864840508,0.18000000715255737,0,0.049108985811471939,-0.0032056844793260098,0.05000000074505806,0,0.0010606431169435382,1.0913936421275139e-10,0,False,3,2
1226,2022-10-01,SOM,2407,1,2,0.29999999999999999,0.46689549088478088,0.00062427681405097246,0.4699999988079071,0.14999999999999999,0.17264531552791595,0.00059956958284601569,0.17000000178813934,0,0.064397700130939484,-0.0027875411324203014,0.059999998658895493,0,0.0010606431169435382,1.0913936421275139e-10,0,False,2,2
1227,2022-01-01,SOM,2410,0,2,0.39000000000000001,0.43076547980308533,-0.0006395249511115253,0.43000000715255737,0.18000000000000002,0.20155002176761627,0.0012043474707752466,0.20000000298023224,0.01,0.043266713619232178,-0.00099128542933613062,0.039999999105930328,0,0.0010221295524388552,9.0949470177292824e-12,0,False,2,3
1228,2022-01-01,SOM,2411,0,2,0.39000000000000001,0.45514562726020813,-0.00053998274961486459,0.44999998807907104,0.18000000000000002,0.20155002176761627,0.0012043474707752466,0.20000000298023224,0.01,0.043266713619232178,-0.00099128542933613062,0.039999999105930328,0,0.0010221295524388552,9.0949470177292824e-12,0,False,2,3
1228,2022-05-01,SOM,2412,0,4,0.76000000000000001,0.52241379022598267,-0.00022857560543343425,0.51999998092651367,0.52000000000000002,0.22853204607963562,0.0044133788906037807,0.23000000417232513,0.20999999999999999,0.044662002474069595,0.00060024089179933071,0.05000000074505806,0.029999999999999999,0.0010221295524388552,9.0949470177292824e-12,0,False,4,3
1231,2022-01-01,SOM,2362,4,2,0.39000000000000001,0.41119247674942017,0.00016365171177312732,0.40999999642372131,0.18000000000000002,0.17832054197788239,0.0029606795869767666,0.18000000715255737,0.01,0.045678026974201202,-0.0023152376525104046,0.039999999105930328,0,0.0011559246340766549,-7.7761797001585364e-11,0,False,2,2
1231,2022-05-01,SOM,2363,4,4,0.76000000000000001,0.4421524703502655,1.8913626263383776e-05,0.43999999761581421,0.52000000000000002,0.19071251153945923,0.007877035066485405,0.20000000298023224,0.20999999999999999,0.045501668006181717,-0.0023152376525104046,0.039999999105930328,0.029999999999999999,0.0011559246340766549,-7.7761797001585364e-11,0,False,4,3
1231,2022-10-01,SOM,2364,4,3,0.60000000000000009,0.4412330687046051,-6.4893400121945888e-05,0.43999999761581421,0.39999999999999997,0.19577673077583313,0.0029606795869767666,0.20000000298023224,0.15000000000000002,0.046152081340551376,-0.0023152376525104046,0.039999999105930328,0.050000000000000003,0.0011559246340766549,-7.7761797001585364e-11,0,False,3,3
1234,2022-10-01,ETH,2369,4,2,0.20000000000000001,0.60942584276199341,-1.9164739569532685e-05,0.61000001430511475,0.050000000000000003,0.32021915912628174,-0.0026400345377624035,0.31999999284744263,0,0.08347456157207489,-0.00077617750503122807,0.079999998211860657,0,0.0011559246340766549,-7.7761797001585364e-11,0,False,2,3
1238,2022-01-01,SOM,2432,0,3,0.45000000000000001,0.52180689573287964,-0.00054146425100043416,0.51999998092651367,0.21000000000000002,0.26130053400993347,0.01443838607519865,0.2800000011920929,0.050000000000000003,0.054582811892032623,-0.00099128542933613062,0.05000000074505806,0,0.0010221295524388552,9.0949470177292824e-12,0,False,3,3
1238,2022-07-01,SOM,2433,0,2,0.30000000000000004,0.4679887592792511,0.00024108654179144651,0.4699999988079071,0.10000000000000001,0.31689637899398804,0.026184311136603355,0.34000000357627869,0,0.066069208085536957,-0.0028766649775207043,0.059999998658895493,0,0.0010221295524388552,9.0949470177292824e-12,0,False,2,3
1238,2022-10-01,SOM,2434,0,2,0.30000000000000004,0.46183401346206665,0.0002393018949078396,0.46000000834465027,0.10000000000000001,0.31689637899398804,-0.010976497083902359,0.31000000238418579,0,0.066153690218925476,-0.010616512037813663,0.059999998658895493,0,0.0010221295524388552,9.0949470177292824e-12,0,False,2,3
1241,2022-01-01,SOM,2442,1,3,0.44,0.38592812418937683,0.00019490194972604513,0.38999998569488525,0.21000000000000002,0.22465357184410095,0.0005966366152279079,0.23000000417232513,0.040000000000000001,0.060892172157764435,-0.0027875411324203014,0.059999998658895493,0,0.0010606431169435382,1.0913936421275139e-10,0,False,3,3
1241,2022-10-01,SOM,2443,1,2,0.39999999999999997,0.41860944032669067,-0.00046645061229355633,0.41999998688697815,0.15000000000000002,0.14926223456859589,-0.0064419186674058437,0.14000000059604645,0.050000000000000003,0.073467567563056946,-0.0098088104277849197,0.059999998658895493,0,0.0010606431169435382,1.0913936421275139e-10,0,False,2,2
1243,2022-05-01,SOM,2446,0,4,0.76000000000000001,0.44640171527862549,0.00016146979760378599,0.44999998807907104,0.52000000000000002,0.23326565325260162,0.0012043474707752466,0.23000000417232513,0.20999999999999999,0.046892277896404266,-0.00099128542933613062,0.05000000074505806,0.029999999999999999,0.0010221295524388552,9.0949470177292824e-12,0,False,4,3
1249,2022-01-01,SOM,2450,0,2,0.30000000000000004,0.43967488408088684,4.1453302401350811e-05,0.43999999761581421,0.080000000000000002,0.24275015294551849,-0.002692247973755002,0.23999999463558197,0.01,0.072512164711952209,-0.00099128542933613062,0.070000000298023224,0,0.0010221295524388552,9.0949470177292824e-12,0,False,2,3
1249,2022-03-01,SOM,2451,0,3,0.80000000000000004,0.471793532371521,-0.00024906895123422146,0.4699999988079071,0.39999999999999997,0.22841313481330872,-0.017801754176616669,0.20999999344348907,0.050000000000000003,0.085821725428104401,-0.007409906480461359,0.079999998211860657,0,0.0010221295524388552,9.0949470177292824e-12,0,False,3,3
1249,2022-05-01,SOM,2452,0,3,0.47000000000000008,0.42914748191833496,-0.00025747192557901144,0.43000000715255737,0.20000000000000001,0.24275015294551849,-0.001692252466455102,0.23999999463558197,0.029999999999999999,0.072512164711952209,-0.00099128542933613062,0.070000000298023224,0,0.0010221295524388552,9.0949470177292824e-12,0,False,3,3
1252,2022-01-01,SOM,2448,3,2,0.30000000000000004,0.46342089772224426,2.0736688384204172e-05,0.46000000834465027,0.080000000000000002,0.26743122935295105,0.0058396835811436176,0.27000001072883606,0.01,0.077394664287567139,-0.0025611994788050652,0.070000000298023224,0,0.00089907192159444094,-6.5483618527650833e-11,0,False,2,3
1252,2022-03-01,SOM,2449,3,3,0.80000000000000004,0.46341010928153992,-0.00012450893700588495,0.46000000834465027,0.39999999999999997,0.30419003963470459,-0.013978573493659496,0.28999999165534973,0.050000000000000003,0.077796801924705505,-0.007649274542927742,0.070000000298023224,0,0.00089907192159444094,-6.5483618527650833e-11,0,False,3,3
1252,2022-05-01,SOM,2450,3,3,0.47000000000000008,0.48576706647872925,-0.00032485314295627177,0.49000000953674316,0.20000000000000001,0.26743122935295105,0.00064151664264500141,0.27000001072883606,0.029999999999999999,0.077394664287567139,-0.0025611994788050652,0.070000000298023224,0,0.00089907192159444094,-6.5483618527650833e-11,0,False,3,3
1254,2022-01-01,SOM,2452,3,3,0.45000000000000001,0.55600112676620483,-4.3608775740722194e-05,0.56000000238418579,0.21000000000000002,0.26572304964065552,0.0058396835811436176,0.27000001072883606,0.050000000000000003,0.077857673168182373,-0.0025611994788050652,0.079999998211860657,0,0.00089907192159444094,-6.5483618527650833e-11,0,False,3,3
1254,2022-05-01,SOM,2453,3,3,0.70000000000000007,0.57970553636550903,9.5888841315172613e-05,0.57999998331069946,0.47999999999999998,0.28102284669876099,0.0058396835811436176,0.28999999165534973,0.18000000000000002,0.077857673168182373,-0.0025611994788050652,0.079999998211860657,0.01,0.00089907192159444094,-6.5483618527650833e-11,0,False,3,3
1254,2022-07-01,SOM,2454,3,3,0.55000000000000004,0.50562858581542969,2.3588640033267438e-05,0.50999999046325684,0.34999999999999998,0.32702210545539856,0.0034249541349709034,0.33000001311302185,0.10000000000000001,0.080506213009357452,-0.00079755636397749186,0.079999998211860657,0,0.00089907192159444094,-6.5483618527650833e-11,0,False,3,3
1254,2022-10-01,SOM,2455,3,3,0.55000000000000004,0.50094497203826904,0.00017819655477069318,0.5,0.34999999999999998,0.32702210545539856,0.0058396835811436176,0.33000001311302185,0.10000000000000001,0.083719141781330109,-0.0025611994788050652,0.079999998211860657,0,0.00089907192159444094,-6.5483618527650833e-11,0,False,3,3
1255,2022-10-01,SOM,2462,0,2,0.34999999999999998,0.39208239316940308,-3.7450099625857547e-05,0.38999998569488525,0.14999999999999999,0.15970554947853088,-0.025005551055073738,0.12999999523162842,0,0.052879348397254944,-0.010616512037813663,0.039999999105930328,0,0.0010221295524388552,9.0949470177292824e-12,0,False,2,2
1256,2022-10-01,ETH,2405,4,3,0.55000000000000004,0.6185920238494873,-0.00071772758383303881,0.62000000476837158,0.34999999999999998,0.33404761552810669,-0.0026400345377624035,0.33000001311302185,0.10000000000000001,0.079155221581459045,-0.00077617750503122807,0.079999998211860657,0,0.0011559246340766549,-7.7761797001585364e-11,0,False,3,3
1257,2022-05-01,SOM,2464,0,3,0.70000000000000007,0.47156065702438354,-0.0012532464461401105,0.4699999988079071,0.47999999999999998,0.28154784440994263,0.010492029599845409,0.28999999165534973,0.18000000000000002,0.054582811892032623,-0.00099128542933613062,0.05000000074505806,0.01,0.0010221295524388552,9.0949470177292824e-12,0,False,3,3
1257,2022-10-01,SOM,2465,0,3,0.55000000000000004,0.42910921573638916,4.5472639612853527e-05,0.43000000715255737,0.34999999999999998,0.25734555721282959,0.0073275743052363396,0.25999999046325684,0.10000000000000001,0.058110449463129044,-0.00099128542933613062,0.059999998658895493,0,0.0010221295524388552,9.0949470177292824e-12,0,False,3,3
1276,2022-01-01,SOM,2430,4,3,0.45000000000000001,0.52316129207611084,-9.2282258265186101e-05,0.51999998092651367,0.21000000000000002,0.2686692476272583,0.010846107266843319,0.2800000011920929,0.050000000000000003,0.062585152685642242,-0.0023152376525104046,0.059999998658895493,0,0.0011559246340766549,-7.7761797001585364e-11,0,False,3,3
1276,2022-05-01,SOM,2431,4,3,0.70000000000000007,0.56210821866989136,0.00025178576470352709,0.56000000238418579,0.47999999999999998,0.24822543561458588,0.010846107266843319,0.25999999046325684,0.18000000000000002,0.059743188321590424,-0.0023152376525104046,0.059999998658895493,0.01,0.0011559246340766549,-7.7761797001585364e-11,0,False,3,3
1276,2022-07-01,SOM,2432,4,4,0.55000000000000004,0.55031114816665649,0.00010125531844096258,0.55000001192092896,0.34999999999999998,0.30353125929832458,-0.0094219325110316277,0.28999999165534973,0.10000000000000001,0.081682056188583374,-0.0046369540505111217,0.079999998211860657,0,0.0011559246340766549,-7.7761797001585364e-11,0,False,3,3
1276,2022-10-01,SOM,2433,4,3,0.55000000000000004,0.51889145374298096,-0.00038967950968071818,0.51999998092651367,0.34999999999999998,0.30924776196479797,0.0061628022231161594,0.31999999284744263,0.10000000000000001,0.08408762514591217,-0.0067774965427815914,0.079999998211860657,0,0.0011559246340766549,-7.7761797001585364e-11,0,False,3,3
1284,2022-01-01,SOM,2466,2,3,0.45000000000000001,0.48853254318237305,-0.00036224763607606292,0.49000000953674316,0.21000000000000002,0.29971137642860413,0.0047959745861589909,0.30000001192092896,0.050000000000000003,0.053079631179571152,-0.0011322528589516878,0.05000000074505806,0,0.0011075058719143271,-1.3824319466948509e-10,0,False,3,3
1284,2022-05-01,SOM,2467,2,3,0.70000000000000007,0.58474695682525635,9.2298432718962431e-05,0.57999998331069946,0.47999999999999998,0.27989405393600464,0.0047959745861589909,0.2800000011920929,0.18000000000000002,0.050343189388513565,-0.0011322528589516878,0.05000000074505806,0.01,0.0011075058719143271,-1.3824319466948509e-10,0,False,3,3
1284,2022-07-01,SOM,2468,2,4,0.84999999999999998,0.45711356401443481,-4.726375118480064e-05,0.46000000834465027,0.65000000000000002,0.30494090914726257,0.00085575098637491465,0.31000000238418579,0.34999999999999998,0.08287154883146286,-0.0061956765130162239,0.079999998211860657,0.10000000000000001,0.0011075058719143271,-1.3824319466948509e-10,0,False,4,3
1284,2022-10-01,SOM,2469,2,4,0.84999999999999998,0.51180422306060791,0.00036108979838900268,0.50999999046325684,0.65000000000000002,0.32299008965492249,-0.00093145394930616021,0.31999999284744263,0.34999999999999998,0.075492419302463531,-0.0061956765130162239,0.070000000298023224,0.10000000000000001,0.0011075058719143271,-1.3824319466948509e-10,0,False,4,3
1293,2022-01-01,SOM,2514,1,2,0.39000000000000001,0.51059544086456299,-0.00037010206142440438,0.50999999046325684,0.18000000000000002,0.23573096096515656,0.0074715805239975452,0.23999999463558197,0.01,0.040156319737434387,-0.0027875411324203014,0.039999999105930328,0,0.0010606431169435382,1.0913936421275139e-10,0,False,2,3
1293,2022-05-01,SOM,2515,1,4,0.76000000000000001,0.53086811304092407,0.00037096239975653589,0.52999997138977051,0.52000000000000002,0.20960608124732971,0.0074715805239975452,0.2199999988079071,0.20999999999999999,0.042220950126647949,-0.0027875411324203014,0.039999999105930328,0.029999999999999999,0.0010606431169435382,1.0913936421275139e-10,0,False,4,3
1293,2022-07-01,SOM,2516,1,4,1,0.5169408917427063,0.00066677993163466454,0.51999998092651367,0.95000000000000007,0.20233409106731415,0.012298061512410641,0.20999999344348907,0.5,0.04490724578499794,0.0038155787624418736,0.05000000074505806,0.14999999999999999,0.0010606431169435382,1.0913936421275139e-10,0,False,4,3
1293,2022-10-01,SOM,2517,1,4,1,0.52533632516860962,-1.7541855413583107e-05,0.52999997138977051,0.95000000000000007,0.25391015410423279,0.0087548214942216873,0.25999999046325684,0.5,0.056598227471113205,-0.0027875411324203014,0.05000000074505806,0.14999999999999999,0.0010606431169435382,1.0913936421275139e-10,0,False,4,3
1298,2022-03-01,YEM,2522,1,2,0.59999999999999998,0.67219913005828857,-0.00025688845198601484,0.67000001668930054,0.14999999999999999,0.36104899644851685,0.00060733768623322248,0.36000001430511475,0,0.11329791694879532,0.012104175984859467,0.12999999523162842,0,0.0010606431169435382,1.0913936421275139e-10,0,False,2,3
1308,2022-01-01,SOM,2528,1,2,0.39000000000000001,0.38979741930961609,2.0831783331232145e-05,0.38999998569488525,0.18000000000000002,0.22887729108333588,0.0022756967227905989,0.23000000417232513,0.01,0.041538700461387634,-0.0027875411324203014,0.039999999105930328,0,0.0010606431169435382,1.0913936421275139e-10,0,False,2,3
1308,2022-05-01,SOM,2529,1,4,0.76000000000000001,0.42825707793235779,-0.00013121769006829709,0.43000000715255737,0.52000000000000002,0.20057819783687592,0.0022756967227905989,0.20000000298023224,0.20999999999999999,0.041538700461387634,-0.0027875411324203014,0.039999999105930328,0.029999999999999999,0.0010606431169435382,1.0913936421275139e-10,0,False,4,3
1308,2022-07-01,SOM,2530,1,4,0.99999999999999989,0.43070042133331299,0.00047087148413993418,0.43000000715255737,0.90000000000000002,0.19558796286582947,0.0071021802723407745,0.20000000298023224,0.40000000000000002,0.049462053924798965,0.0038155787624418736,0.05000000074505806,0.10000000000000001,0.0010606431169435382,1.0913936421275139e-10,0,False,4,3
1308,2022-10-01,SOM,2531,1,4,0.99999999999999989,0.519065260887146,6.3164312450680882e-05,0.51999998092651367,0.90000000000000002,0.25393348932266235,0.00355893699452281,0.25999999046325684,0.40000000000000002,0.06109614297747612,-0.0027875411324203014,0.059999998658895493,0.10000000000000001,0.0010606431169435382,1.0913936421275139e-10,0,False,4,3
1309,2022-01-01,SOM,2542,0,2,0.39000000000000001,0.46506869792938232,-0.00030902033904567361,0.46000000834465027,0.18000000000000002,0.20330524444580078,0.0012043474707752466,0.20000000298023224,0.01,0.043266713619232178,-0.00099128542933613062,0.039999999105930328,0,0.0010221295524388552,9.0949470177292824e-12,0,False,2,3
1309,2022-05-01,SOM,2543,0,4,0.76000000000000001,0.48288857936859131,0.00016247724124696106,0.47999998927116394,0.52000000000000002,0.21166403591632843,0.0032865728717297316,0.20999999344348907,0.20999999999999999,0.043266713619232178,-0.00099128542933613062,0.039999999105930328,0.029999999999999999,0.0010221295524388552,9.0949470177292824e-12,0,False,4,3
1309,2022-07-01,SOM,2544,0,4,0.99999999999999989,0.46452036499977112,-0.00030274037271738052,0.46000000834465027,0.90000000000000002,0.21459895372390747,0.010375871323049068,0.2199999988079071,0.40000000000000002,0.046914692968130112,-0.0028766649775207043,0.039999999105930328,0.10000000000000001,0.0010221295524388552,9.0949470177292824e-12,0,False,4,3
1309,2022-10-01,SOM,2545,0,4,0.99999999999999989,0.49585992097854614,5.7326524256495759e-05,0.5,0.90000000000000002,0.2905997633934021,0.0012043474707752466,0.28999999165534973,0.40000000000000002,0.04854617640376091,-0.0060832686722278595,0.039999999105930328,0.10000000000000001,0.0010221295524388552,9.0949470177292824e-12,0,False,4,3
1324,2022-01-01,SOM,2553,0,2,0.39000000000000001,0.46879532933235168,-0.00060424098046496511,0.4699999988079071,0.18000000000000002,0.18053089082241058,0.0012043474707752466,0.18000000715255737,0.01,0.043266713619232178,-0.00099128542933613062,0.039999999105930328,0,0.0010221295524388552,9.0949470177292824e-12,0,False,2,2
1324,2022-05-01,SOM,2554,0,4,0.76000000000000001,0.46372181177139282,-3.0334180337376893e-05,0.46000000834465027,0.52000000000000002,0.20411962270736694,0.0012043474707752466,0.20999999344348907,0.20999999999999999,0.046892277896404266,-0.00099128542933613062,0.05000000074505806,0.029999999999999999,0.0010221295524388552,9.0949470177292824e-12,0,False,4,3
1324,2022-07-01,SOM,2555,0,4,1,0.48500314354896545,-0.00051481684204190969,0.47999998927116394,0.95000000000000007,0.23971490561962128,-0.01390515174716711,0.23000000417232513,0.5,0.061031658202409744,-0.007409906480461359,0.05000000074505806,0.14999999999999999,0.0010221295524388552,9.0949470177292824e-12,0,False,4,3
1324,2022-10-01,SOM,2556,0,4,1,0.48866230249404907,0.00029119561077095568,0.49000000953674316,0.95000000000000007,0.26930418610572815,-0.0043146209791302681,0.25999999046325684,0.5,0.06223234161734581,-0.00099128542933613062,0.059999998658895493,0.14999999999999999,0.0010221295524388552,9.0949470177292824e-12,0,False,4,3
1326,2022-05-01,ETH,2555,1,3,0.70000000000000007,0.42980319261550903,-0.00023668425274081528,0.43000000715255737,0.47999999999999998,0.2570490837097168,0.0017811472062021494,0.25999999046325684,0.18000000000000002,0.074258863925933838,-0.001846362603828311,0.070000000298023224,0.01,0.0010606431169435382,1.0913936421275139e-10,0,False,3,3
1326,2022-07-01,ETH,2556,1,3,0.44999999999999996,0.62574511766433716,-0.0020442251116037369,0.62000000476837158,0.25,0.27167731523513794,0.0097363926470279694,0.2800000011920929,0.10000000000000001,0.095540843904018402,0.004756757989525795,0.10000000149011612,0,0.0010606431169435382,1.0913936421275139e-10,0,False,3,3
1327,2022-07-01,ETH,2557,1,3,0.44999999999999996,0.62166720628738403,-0.0019836865831166506,0.62000000476837158,0.25,0.26447319984436035,0.0014447073917835951,0.27000001072883606,0.10000000000000001,0.095540843904018402,0.004756757989525795,0.10000000149011612,0,0.0010606431169435382,1.0913936421275139e-10,0,False,3,3
1329,2022-03-01,YEM,2567,3,2,0.59999999999999998,0.65589076280593872,0.00014842078962828964,0.6600000262260437,0.14999999999999999,0.36667641997337341,0.0081298435106873512,0.37000000476837158,0,0.13418222963809967,0.0075562498532235622,0.14000000059604645,0,0.00089907192159444094,-6.5483618527650833e-11,0,False,2,3
1351,2022-01-01,SOM,2574,1,2,0.27000000000000002,0.34761872887611389,-0.00012633531878236681,0.34999999403953552,0.080000000000000002,0.17608428001403809,0.0022756967227905989,0.18000000715255737,0.01,0.055262889713048935,-0.0027875411324203014,0.05000000074505806,0,0.0010606431169435382,1.0913936421275139e-10,0,False,2,2
1351,2022-05-01,SOM,2575,1,3,0.46000000000000008,0.40687701106071472,0.00023574920487590134,0.40999999642372131,0.23000000000000001,0.14160159230232239,0.0041454401798546314,0.15000000596046448,0.029999999999999999,0.055262889713048935,-0.0011651141103357077,0.05000000074505806,0,0.0010606431169435382,1.0913936421275139e-10,0,False,3,2
1351,2022-07-01,SOM,2576,1,1,0.15000000000000002,0.35255089402198792,0.00037858760333620012,0.34999999403953552,0.050000000000000003,0.16788043081760406,-0.0047684237360954285,0.15999999642372131,0,0.054144777357578278,0.0038155787624418736,0.059999998658895493,0,0.0010606431169435382,1.0913936421275139e-10,0,False,1,2
1351,2022-10-01,SOM,2577,1,1,0.15000000000000002,0.39456215500831604,-0.00018014652596320957,0.38999998569488525,0.050000000000000003,0.16777659952640533,-0.0064419186674058437,0.15999999642372131,0,0.073467567563056946,-0.0027875411324203014,0.070000000298023224,0,0.0010606431169435382,1.0913936421275139e-10,0,False,1,2
1354,2022-01-01,SOM,2553,2,2,0.27000000000000002,0.30839008092880249,-0.00019762353622354567,0.31000000238418579,0.080000000000000002,0.15723438560962677,0.0047959745861589909,0.15999999642372131,0.01,0.035706926137208939,-0.0011322528589516878,0.029999999329447746,0,0.0011075058719143271,-1.3824319466948509e-10,0,False,2,2
1354,2022-05-01,SOM,2554,2,3,0.46000000000000008,0.3197808563709259,-8.8770408183336258e-05,0.31999999284744263,0.23000000000000001,0.1634039580821991,0.0047959745861589909,0.17000000178813934,0.029999999999999999,0.04017721489071846,-0.0011322528589516878,0.039999999105930328,0,0.0011075058719143271,-1.3824319466948509e-10,0,False,3,2
1354,2022-07-01,SOM,2555,2,1,0.15000000000000002,0.34179320931434631,-0.00014305062359198928,0.34000000357627869,0.050000000000000003,0.17138315737247467,0.00085575098637491465,0.17000000178813934,0,0.076453357934951782,-0.0061956765130162239,0.070000000298023224,0,0.0011075058719143271,-1.3824319466948509e-10,0,False,1,2
1354,2022-10-01,SOM,2556,2,1,0.15000000000000002,0.37673798203468323,-0.00012906666961498559,0.37999999523162842,0.050000000000000003,0.24163034558296204,-0.00093145394930616021,0.23999999463558197,0,0.076683782041072845,-0.0061956765130162239,0.070000000298023224,0,0.0011075058719143271,-1.3824319466948509e-10,0,False,1,3
1357,2022-01-01,SOM,2533,4,3,0.45000000000000001,0.47465750575065613,-7.6142809120938182e-05,0.4699999988079071,0.21000000000000002,0.27273201942443848,0.010846107266843319,0.2800000011920929,0.050000000000000003,0.056447684764862061,-0.0023152376525104046,0.05000000074505806,0,0.0011559246340766549,-7.7761797001585364e-11,0,False,3,3
1357,2022-05-01,SOM,2534,4,3,0.70000000000000007,0.52921092510223389,0.00015447181067429483,0.52999997138977051,0.47999999999999998,0.2435944527387619,0.010846107266843319,0.25,0.18000000000000002,0.059462845325469971,-0.0023152376525104046,0.059999998658895493,0.01,0.0011559246340766549,-7.7761797001585364e-11,0,False,3,3
1357,2022-07-01,SOM,2535,4,3,0.84999999999999998,0.55201566219329834,0.00019957828044425696,0.55000001192092896,0.65000000000000002,0.30420643091201782,-0.0094219325110316277,0.28999999165534973,0.34999999999999998,0.075194373726844788,-0.0046369540505111217,0.070000000298023224,0.10000000000000001,0.0011559246340766549,-7.7761797001585364e-11,0,False,4,3
1357,2022-10-01,SOM,2536,4,3,0.55000000000000004,0.56256133317947388,-0.00018786087457556278,0.56000000238418579,0.34999999999999998,0.36105337738990784,0.0061628022231161594,0.37000000476837158,0.10000000000000001,0.10073181986808777,-0.0067774965427815914,0.090000003576278687,0,0.0011559246340766549,-7.7761797001585364e-11,0,False,3,3
1358,2022-03-01,YEM,2537,4,2,0.59999999999999998,0.63492262363433838,-6.1313832702580839e-05,0.62999999523162842,0.14999999999999999,0.41086137294769287,0.0010765527840703726,0.40999999642372131,0,0.12651875615119934,0.0058292741887271404,0.12999999523162842,0,0.0011559246340766549,-7.7761797001585364e-11,0,False,2,3
1361,2022-01-01,SOM,2594,1,3,0.45000000000000001,0.47727447748184204,6.9093039201106876e-05,0.47999998927116394,0.21000000000000002,0.27298486232757568,0.0074715805239975452,0.2800000011920929,0.050000000000000003,0.056713160127401352,-0.0027875411324203014,0.05000000074505806,0,0.0010606431169435382,1.0913936421275139e-10,0,False,3,3
1361,2022-05-01,SOM,2595,1,3,0.70000000000000007,0.5385705828666687,0.00025023845955729485,0.54000002145767212,0.47999999999999998,0.28217947483062744,0.0074715805239975452,0.28999999165534973,0.18000000000000002,0.059152219444513321,-0.0027875411324203014,0.059999998658895493,0.01,0.0010606431169435382,1.0913936421275139e-10,0,False,3,3
1361,2022-07-01,SOM,2596,1,3,0.84999999999999998,0.54346275329589844,0.00015311141032725573,0.54000002145767212,0.65000000000000002,0.28210750222206116,0.0058283936232328415,0.28999999165534973,0.34999999999999998,0.078985452651977539,0.0038155787624418736,0.079999998211860657,0.10000000000000001,0.0010606431169435382,1.0913936421275139e-10,0,False,4,3
1361,2022-10-01,SOM,2597,1,3,0.55000000000000004,0.53540700674057007,-0.00042206604848615825,0.52999997138977051,0.34999999999999998,0.27822983264923096,-0.001246035797521472,0.2800000011920929,0.10000000000000001,0.078619919717311859,-0.0027875411324203014,0.079999998211860657,0,0.0010606431169435382,1.0913936421275139e-10,0,False,3,3
1366,2022-03-01,YEM,2579,2,2,0.59999999999999998,0.64074230194091797,1.0301201655238401e-05,0.63999998569488525,0.14999999999999999,0.32954242825508118,0.0050889435224235058,0.33000001311302185,0,0.13815157115459442,0.0020786446984857321,0.14000000059604645,0,0.0011075058719143271,-1.3824319466948509e-10,0,False,2,3
1367,2022-01-01,SOM,2602,1,3,0.45000000000000001,0.4668002724647522,0.00030456716194748878,0.4699999988079071,0.21000000000000002,0.29071220755577087,0.0022756967227905989,0.28999999165534973,0.050000000000000003,0.057429052889347076,-0.0027875411324203014,0.05000000074505806,0,0.0010606431169435382,1.0913936421275139e-10,0,False,3,3
1367,2022-05-01,SOM,2603,1,3,0.70000000000000007,0.54176968336105347,0.00035749818198382854,0.54000002145767212,0.47999999999999998,0.27830547094345093,0.0022756967227905989,0.2800000011920929,0.18000000000000002,0.05531330406665802,-0.0027875411324203014,0.05000000074505806,0.01,0.0010606431169435382,1.0913936421275139e-10,0,False,3,3
1367,2022-07-01,SOM,2604,1,3,0.84999999999999998,0.5456194281578064,-0.00018572452245280147,0.55000001192092896,0.65000000000000002,0.2746661901473999,0.0006325049907900393,0.2800000011920929,0.34999999999999998,0.079701349139213562,0.0038155787624418736,0.079999998211860657,0.10000000000000001,0.0010606431169435382,1.0913936421275139e-10,0,False,4,3
1367,2022-10-01,SOM,2605,1,3,0.55000000000000004,0.5342334508895874,5.5992601119214669e-05,0.52999997138977051,0.34999999999999998,0.31344780325889587,-0.0064419186674058437,0.31000000238418579,0.10000000000000001,0.07478100061416626,-0.0027875411324203014,0.070000000298023224,0,0.0010606431169435382,1.0913936421275139e-10,0,False,3,3
1368,2022-01-01,SOM,2606,1,3,0.45000000000000001,0.45585060119628906,0.00030456716194748878,0.46000000834465027,0.21000000000000002,0.28185722231864929,0.0022756967227905989,0.2800000011920929,0.050000000000000003,0.057429052889347076,-0.0027875411324203014,0.05000000074505806,0,0.0010606431169435382,1.0913936421275139e-10,0,False,3,3
1368,2022-05-01,SOM,2607,1,3,0.70000000000000007,0.53295987844467163,0.00035749818198382854,0.52999997138977051,0.47999999999999998,0.26945048570632935,0.0022756967227905989,0.27000001072883606,0.18000000000000002,0.05531330406665802,-0.0027875411324203014,0.05000000074505806,0.01,0.0010606431169435382,1.0913936421275139e-10,0,False,3,3
1368,2022-07-01,SOM,2608,1,3,0.84999999999999998,0.52583962678909302,-0.00018572452245280147,0.52999997138977051,0.65000000000000002,0.2746661901473999,0.0006325049907900393,0.2800000011920929,0.34999999999999998,0.079701349139213562,0.0038155787624418736,0.079999998211860657,0.10000000000000001,0.0010606431169435382,1.0913936421275139e-10,0,False,4,3
1368,2022-10-01,SOM,2609,1,3,0.55000000000000004,0.52301317453384399,5.5992601119214669e-05,0.51999998092651367,0.34999999999999998,0.31344780325889587,-0.0064419186674058437,0.31000000238418579,0.10000000000000001,0.07478100061416626,-0.0027875411324203014,0.070000000298023224,0,0.0010606431169435382,1.0913936421275139e-10,0,False,3,3
1374,2022-03-01,YEM,2604,2,2,0.59999999999999998,0.63044357299804688,1.5631390851922333e-05,0.62999999523162842,0.14999999999999999,0.32508298754692078,0.0050889435224235058,0.33000001311302185,0,0.13597129285335541,0.0020786446984857321,0.14000000059604645,0,0.0011075058719143271,-1.3824319466948509e-10,0,False,2,3
1375,2022-03-01,YEM,2618,1,2,0.59999999999999998,0.64445614814758301,1.2636971405299846e-05,0.63999998569488525,0.14999999999999999,0.34898346662521362,0.00060733768623322248,0.34999999403953552,0,0.12341630458831787,0.012104175984859467,0.14000000059604645,0,0.0010606431169435382,1.0913936421275139e-10,0,False,2,3
1375,2022-07-01,YEM,2619,1,3,0.39999999999999997,0.71138948202133179,1.7828995623858646e-05,0.70999997854232788,0.20000000000000001,0.50603818893432617,-0.016654133796691895,0.49000000953674316,0.050000000000000003,0.16880844533443451,-0.0022645066492259502,0.17000000178813934,0,0.0010606431169435382,1.0913936421275139e-10,0,False,3,3
1376,2022-05-01,SOM,2641,3,4,0.76000000000000001,0.56425309181213379,-0.00022721975983586162,0.56000000238418579,0.52000000000000002,0.22533652186393738,0.0058396835811436176,0.23000000417232513,0.20999999999999999,0.044925540685653687,-0.0025611994788050652,0.039999999105930328,0.029999999999999999,0.00089907192159444094,-6.5483618527650833e-11,0,False,4,3
1378,2022-05-01,SOM,2622,1,3,0.70000000000000007,0.4749724268913269,2.7309388315188698e-05,0.4699999988079071,0.47999999999999998,0.33276012539863586,0.0022756967227905989,0.34000000357627869,0.18000000000000002,0.06020011380314827,-0.0027875411324203014,0.059999998658895493,0.01,0.0010606431169435382,1.0913936421275139e-10,0,False,3,3
1378,2022-07-01,SOM,2623,1,2,0.30000000000000004,0.38849782943725586,-0.00048496836097911,0.38999998569488525,0.10000000000000001,0.23392428457736969,0.0048220218159258366,0.23999999463558197,0,0.064072638750076294,0.0038155787624418736,0.070000000298023224,0,0.0010606431169435382,1.0913936421275139e-10,0,False,2,3
1379,2022-05-01,SOM,2624,1,3,0.70000000000000007,0.47493964433670044,5.5098433222156018e-05,0.4699999988079071,0.47999999999999998,0.32957184314727783,0.0022756967227905989,0.33000001311302185,0.18000000000000002,0.06020011380314827,-0.0027875411324203014,0.059999998658895493,0.01,0.0010606431169435382,1.0913936421275139e-10,0,False,3,3
1379,2022-07-01,SOM,2625,1,2,0.30000000000000004,0.38819703459739685,-0.00048496836097911,0.38999998569488525,0.10000000000000001,0.21507425606250763,0.0048220218159258366,0.2199999988079071,0,0.064072638750076294,0.0038155787624418736,0.070000000298023224,0,0.0010606431169435382,1.0913936421275139e-10,0,False,2,3
1380,2022-01-01,SOM,2648,3,2,0.39000000000000001,0.48908326029777527,-0.00028375769034028053,0.49000000953674316,0.18000000000000002,0.21077354252338409,0.0058396835811436176,0.2199999988079071,0.01,0.04349900409579277,-0.0025611994788050652,0.039999999105930328,0,0.00089907192159444094,-6.5483618527650833e-11,0,False,2,3
1380,2022-05-01,SOM,2649,3,4,0.76000000000000001,0.57109349966049194,0.00023618714476469904,0.56999999284744263,0.52000000000000002,0.20826913416385651,0.0058396835811436176,0.20999999344348907,0.20999999999999999,0.044925540685653687,-0.0025611994788050652,0.039999999105930328,0.029999999999999999,0.00089907192159444094,-6.5483618527650833e-11,0,False,4,3
1380,2022-07-01,SOM,2650,3,4,0.99999999999999989,0.51844751834869385,0.00031865588971413672,0.51999998092651367,0.90000000000000002,0.20952188968658447,0.0081298435106873512,0.2199999988079071,0.40000000000000002,0.050243616104125977,-0.00099896558094769716,0.05000000074505806,0.10000000000000001,0.00089907192159444094,-6.5483618527650833e-11,0,False,4,3
1381,2022-03-01,YEM,2619,2,2,0.59999999999999998,0.62831997871398926,-1.141588745667832e-05,0.62999999523162842,0.14999999999999999,0.32508298754692078,0.0050889435224235058,0.33000001311302185,0,0.13597129285335541,0.0020786446984857321,0.14000000059604645,0,0.0011075058719143271,-1.3824319466948509e-10,0,False,2,3
1382,2022-03-01,YEM,2597,4,2,0.59999999999999998,0.67501789331436157,-6.4843559812288731e-05,0.67000001668930054,0.14999999999999999,0.39150130748748779,0.0010765527840703726,0.38999998569488525,0,0.11979550123214722,0.0058292741887271404,0.12999999523162842,0,0.0011559246340766549,-7.7761797001585364e-11,0,False,2,3
1383,2022-05-01,SOM,2639,1,3,0.70000000000000007,0.47832411527633667,0.00077928102109581232,0.47999998927116394,0.47999999999999998,0.26059401035308838,0.0022756967227905989,0.25999999046325684,0.18000000000000002,0.059152219444513321,-0.0027875411324203014,0.059999998658895493,0.01,0.0010606431169435382,1.0913936421275139e-10,0,False,3,3
1384,2022-03-01,YEM,2640,1,2,0.59999999999999998,0.63836580514907837,-0.00025527543039061129,0.63999998569488525,0.14999999999999999,0.32202243804931641,0.022319503128528595,0.34000000357627869,0,0.10156823694705963,0.012104175984859467,0.10999999940395355,0,0.0010606431169435382,1.0913936421275139e-10,0,False,2,3
1390,2022-03-01,YEM,2648,1,2,0.59999999999999998,0.66667693853378296,-0.00033187904045917094,0.67000001668930054,0.14999999999999999,0.38974210619926453,0.00085789710283279419,0.38999998569488525,0,0.10866155475378036,0.012104175984859467,0.11999999731779099,0,0.0010606431169435382,1.0913936421275139e-10,0,False,2,3
1397,2022-05-01,SOM,2676,0,3,0.56000000000000005,0.50135761499404907,5.07246186316479e-05,0.5,0.27999999999999997,0.27728584408760071,0.0034336766693741083,0.2800000011920929,0.040000000000000001,0.067174531519412994,-0.00099128542933613062,0.070000000298023224,0,0.0010221295524388552,9.0949470177292824e-12,0,False,3,3
1397,2022-07-01,SOM,2677,0,3,0.55000000000000004,0.49202421307563782,-0.0004560047818813473,0.49000000953674316,0.34999999999999998,0.28412827849388123,-0.01167581882327795,0.27000001072883606,0.10000000000000001,0.12022347748279572,-0.0023179212585091591,0.11999999731779099,0,0.0010221295524388552,9.0949470177292824e-12,0,False,3,3
1400,2022-03-01,YEM,2681,0,2,0.59999999999999998,0.68377232551574707,0.00021768023725599051,0.68000000715255737,0.14999999999999999,0.35418269038200378,0.0053030792623758316,0.36000001430511475,0,0.13323447108268738,0.018152056261897087,0.15000000596046448,0,0.0010221295524388552,9.0949470177292824e-12,0,False,2,3
1420,2022-03-01,YEM,2713,3,2,0.59999999999999998,0.6638486385345459,0.00015322415856644511,0.6600000262260437,0.14999999999999999,0.39044138789176941,0.0081298435106873512,0.40000000596046448,0,0.13584817945957184,0.0075562498532235622,0.14000000059604645,0,0.00089907192159444094,-6.5483618527650833e-11,0,False,2,3
1422,2022-05-01,SOM,2658,4,3,0.56000000000000005,0.5584375262260437,-0.00052358093671500683,0.56000000238418579,0.27999999999999997,0.22328421473503113,0.010846107266843319,0.23000000417232513,0.040000000000000001,0.065999127924442291,-0.0023152376525104046,0.059999998658895493,0,0.0011559246340766549,-7.7761797001585364e-11,0,False,3,3
1422,2022-07-01,SOM,2659,4,3,0.55000000000000004,0.58605241775512695,-3.1685900466982275e-05,0.5899999737739563,0.34999999999999998,0.25019639730453491,-0.0025932686403393745,0.25,0.10000000000000001,0.074463993310928345,-0.0046369540505111217,0.070000000298023224,0,0.0011559246340766549,-7.7761797001585364e-11,0,False,3,3
1429,2022-01-01,SOM,2665,4,2,0.27000000000000002,0.30951306223869324,-6.1543280025944114e-05,0.31000000238418579,0.080000000000000002,0.15358923375606537,0.0029606795869767666,0.15999999642372131,0.01,0.039686135947704315,-0.0023152376525104046,0.039999999105930328,0,0.0011559246340766549,-7.7761797001585364e-11,0,False,2,2
1429,2022-05-01,SOM,2666,4,3,0.46000000000000008,0.39130005240440369,-9.2671005404554307e-05,0.38999998569488525,0.23000000000000001,0.16287906467914581,0.013360547833144665,0.18000000715255737,0.029999999999999999,0.039686135947704315,-0.0023152376525104046,0.039999999105930328,0,0.0011559246340766549,-7.7761797001585364e-11,0,False,3,2
1429,2022-07-01,SOM,2667,4,1,0.15000000000000002,0.35392284393310547,-0.00056156521895900369,0.34999999403953552,0.050000000000000003,0.17762933671474457,-0.022546686232089996,0.15999999642372131,0,0.060140080749988556,-0.0046369540505111217,0.059999998658895493,0,0.0011559246340766549,-7.7761797001585364e-11,0,False,1,2
1429,2022-10-01,SOM,2668,4,1,0.15000000000000002,0.37057211995124817,-0.00044914905447512865,0.37000000476837158,0.050000000000000003,0.25084695219993591,-0.014847388491034508,0.23999999463558197,0,0.049974363297224045,-0.0067774965427815914,0.039999999105930328,0,0.0011559246340766549,-7.7761797001585364e-11,0,False,1,3
1430,2022-01-01,SOM,2711,1,2,0.27000000000000002,0.38489946722984314,3.319398092571646e-05,0.37999999523162842,0.080000000000000002,0.19460515677928925,0.0022756967227905989,0.20000000298023224,0.01,0.041538700461387634,-0.0027875411324203014,0.039999999105930328,0,0.0010606431169435382,1.0913936421275139e-10,0,False,2,3
1430,2022-05-01,SOM,2712,1,3,0.46000000000000008,0.43897002935409546,-7.484244997613132e-05,0.43999999761581421,0.23000000000000001,0.15964381396770477,0.0022756967227905989,0.15999999642372131,0.029999999999999999,0.041538700461387634,-0.0027875411324203014,0.039999999105930328,0,0.0010606431169435382,1.0913936421275139e-10,0,False,3,2
1430,2022-07-01,SOM,2713,1,1,0.15000000000000002,0.33273130655288696,0.00013920843775849789,0.33000001311302185,0.050000000000000003,0.16207496821880341,-0.018166270107030869,0.14000000059604645,0,0.053786564618349075,-0.0032056844793260098,0.05000000074505806,0,0.0010606431169435382,1.0913936421275139e-10,0,False,1,2
1430,2022-10-01,SOM,2714,1,1,0.15000000000000002,0.46765196323394775,0.00038175654481165111,0.4699999988079071,0.050000000000000003,0.18768790364265442,-0.019839763641357422,0.17000000178813934,0,0.07016608864068985,-0.0098088104277849197,0.059999998658895493,0,0.0010606431169435382,1.0913936421275139e-10,0,False,1,2
1443,2022-01-01,SOM,2716,2,2,0.27000000000000002,0.30865287780761719,8.9883345935959369e-05,0.31000000238418579,0.080000000000000002,0.15787416696548462,0.0047959745861589909,0.15999999642372131,0.01,0.035706926137208939,-0.0011322528589516878,0.029999999329447746,0,0.0011075058719143271,-1.3824319466948509e-10,0,False,2,2
1443,2022-05-01,SOM,2717,2,3,0.46000000000000008,0.36601167917251587,3.5396067687543109e-05,0.37000000476837158,0.23000000000000001,0.17109298706054688,0.0047959745861589909,0.18000000715255737,0.029999999999999999,0.04017721489071846,-0.0011322528589516878,0.039999999105930328,0,0.0011075058719143271,-1.3824319466948509e-10,0,False,3,2
1443,2022-07-01,SOM,2718,2,1,0.15000000000000002,0.35000810027122498,-4.0634604374645278e-05,0.34999999403953552,0.050000000000000003,0.16346971690654755,-0.0030336696654558182,0.15999999642372131,0,0.072915591299533844,-0.0061956765130162239,0.070000000298023224,0,0.0011075058719143271,-1.3824319466948509e-10,0,False,1,2
1443,2022-10-01,SOM,2719,2,1,0.15000000000000002,0.3692169189453125,3.1201907404465601e-05,0.37000000476837158,0.050000000000000003,0.18866567313671112,-0.00093145394930616021,0.18999999761581421,0,0.066966786980628967,-0.0061956765130162239,0.059999998658895493,0,0.0011075058719143271,-1.3824319466948509e-10,0,False,1,2
1446,2022-03-01,YEM,2760,3,2,0.59999999999999998,0.67898446321487427,0.00053711992222815752,0.68000000715255737,0.14999999999999999,0.35272663831710815,0.0081298435106873512,0.36000001430511475,0,0.12130752950906754,0.0075562498532235622,0.12999999523162842,0,0.00089907192159444094,-6.5483618527650833e-11,0,False,2,3
1448,2022-11-01,MDG,2735,1,3,0.79999999999999993,0.55551421642303467,8.3757251559291035e-05,0.56000000238418579,0.55000000000000004,0.32420060038566589,0.0005966366152279079,0.31999999284744263,0.10000000000000001,0.050954930484294891,-0.001846362603828311,0.05000000074505806,0,0.0010606431169435382,1.0913936421275139e-10,0,False,3,3
1449,2022-11-01,MDG,2763,0,3,0.79999999999999993,0.53009557723999023,3.0873339710524306e-05,0.52999997138977051,0.55000000000000004,0.26191633939743042,-0.00061002420261502266,0.25999999046325684,0.10000000000000001,0.056584641337394714,0.00023777072783559561,0.059999998658895493,0,0.0010221295524388552,9.0949470177292824e-12,0,False,3,3
1454,2022-03-01,YEM,2769,3,2,0.59999999999999998,0.63196021318435669,0.00020608803606592119,0.62999999523162842,0.14999999999999999,0.37806558609008789,0.0081298435106873512,0.38999998569488525,0,0.12371627241373062,0.0075562498532235622,0.12999999523162842,0,0.00089907192159444094,-6.5483618527650833e-11,0,False,2,3
1461,2022-05-01,SOM,2782,3,3,0.56000000000000005,0.49626246094703674,-3.5767818189924583e-05,0.5,0.27999999999999997,0.26638251543045044,0.0058396835811436176,0.27000001072883606,0.040000000000000001,0.068556815385818481,-0.0025611994788050652,0.070000000298023224,0,0.00089907192159444094,-6.5483618527650833e-11,0,False,3,3
1461,2022-07-01,SOM,2783,3,2,0.35000000000000003,0.59361428022384644,-0.00026336574228480458,0.5899999737739563,0.15000000000000002,0.3261856734752655,0.0081298435106873512,0.33000001311302185,0.050000000000000003,0.081576399505138397,-0.00099896558094769716,0.079999998211860657,0,0.00089907192159444094,-6.5483618527650833e-11,0,False,2,3
1462,2022-05-01,SOM,2764,1,3,0.56000000000000005,0.45689353346824646,-0.00015889346832409501,0.46000000834465027,0.27999999999999997,0.26004630327224731,0.0074715805239975452,0.27000001072883606,0.040000000000000001,0.063694916665554047,-0.0027875411324203014,0.059999998658895493,0,0.0010606431169435382,1.0913936421275139e-10,0,False,3,3
1462,2022-07-01,SOM,2765,1,2,0.35000000000000003,0.51436698436737061,-2.6057317882077768e-05,0.50999999046325684,0.15000000000000002,0.28642037510871887,-0.0010997743811458349,0.28999999165534973,0.050000000000000003,0.069843687117099762,0.0038155787624418736,0.070000000298023224,0,0.0010606431169435382,1.0913936421275139e-10,0,False,2,3
1466,2022-01-01,SOM,2801,0,2,0.27000000000000002,0.37652891874313354,-0.00025585520779713988,0.37999999523162842,0.080000000000000002,0.13327687978744507,0.0012043474707752466,0.12999999523162842,0.01,0.037913665175437927,-0.00099128542933613062,0.039999999105930328,0,0.0010221295524388552,9.0949470177292824e-12,0,False,2,2
1466,2022-05-01,SOM,2802,0,3,0.46000000000000008,0.39835065603256226,5.2653271268354729e-05,0.40000000596046448,0.23000000000000001,0.15642139315605164,0.0012043474707752466,0.15999999642372131,0.029999999999999999,0.037913665175437927,-0.00099128542933613062,0.039999999105930328,0,0.0010221295524388552,9.0949470177292824e-12,0,False,3,2
1466,2022-07-01,SOM,2803,0,3,0.60000000000000009,0.36735495924949646,-0.00019107150728814304,0.37000000476837158,0.39999999999999997,0.17745065689086914,0.010375871323049068,0.18999999761581421,0.050000000000000003,0.044684823602437973,0.0022153202444314957,0.05000000074505806,0,0.0010221295524388552,9.0949470177292824e-12,0,False,3,2
1466,2022-10-01,SOM,2804,0,2,0.34999999999999998,0.41753411293029785,0.00024060977739281952,0.41999998688697815,0.14999999999999999,0.15057685971260071,0.0012043474707752466,0.15000000596046448,0,0.045603867620229721,-0.00099128542933613062,0.039999999105930328,0,0.0010221295524388552,9.0949470177292824e-12,0,False,2,2
1475,2022-01-01,SOM,2817,0,2,0.27000000000000002,0.38811677694320679,-3.7800145946675912e-05,0.38999998569488525,0.080000000000000002,0.14371435344219208,0.0012043474707752466,0.14000000059604645,0.01,0.037913665175437927,-0.00099128542933613062,0.039999999105930328,0,0.0010221295524388552,9.0949470177292824e-12,0,False,2,2
1475,2022-05-01,SOM,2818,0,3,0.46000000000000008,0.4006410539150238,2.2501739294966683e-05,0.40000000596046448,0.23000000000000001,0.15642139315605164,-0.0007245223387144506,0.15999999642372131,0.029999999999999999,0.044352799654006958,-0.00099128542933613062,0.039999999105930328,0,0.0010221295524388552,9.0949470177292824e-12,0,False,3,2
1475,2022-07-01,SOM,2819,0,3,0.60000000000000009,0.3970353901386261,0.00018562364857643843,0.40000000596046448,0.39999999999999997,0.10930392891168594,0.010375871323049068,0.11999999731779099,0.050000000000000003,0.046914692968130112,0.0022153202444314957,0.05000000074505806,0,0.0010221295524388552,9.0949470177292824e-12,0,False,3,2
1475,2022-10-01,SOM,2820,0,2,0.34999999999999998,0.41644385457038879,-0.00013100048818159848,0.41999998688697815,0.14999999999999999,0.13366459310054779,0.0012043474707752466,0.12999999523162842,0,0.045603867620229721,-0.00099128542933613062,0.039999999105930328,0,0.0010221295524388552,9.0949470177292824e-12,0,False,2,2
1480,2022-01-01,SOM,2774,4,2,0.27000000000000002,0.37440046668052673,8.6582585936412215e-05,0.37000000476837158,0.080000000000000002,0.18416215479373932,0.0029606795869767666,0.18999999761581421,0.01,0.034668877720832825,-0.0023152376525104046,0.029999999329447746,0,0.0011559246340766549,-7.7761797001585364e-11,0,False,2,2
1480,2022-05-01,SOM,2775,4,3,0.46000000000000008,0.40371987223625183,-0.00020680004672612995,0.40000000596046448,0.23000000000000001,0.15409921109676361,0.0029606795869767666,0.15999999642372131,0.029999999999999999,0.034668877720832825,-0.0023152376525104046,0.029999999329447746,0,0.0011559246340766549,-7.7761797001585364e-11,0,False,3,2
1480,2022-07-01,SOM,2776,4,1,0.15000000000000002,0.35372763872146606,0.00027077377308160067,0.34999999403953552,0.050000000000000003,0.20683453977108002,-0.0094219325110316277,0.20000000298023224,0,0.051850628107786179,-0.0046369540505111217,0.05000000074505806,0,0.0011559246340766549,-7.7761797001585364e-11,0,False,1,3
1481,2022-01-01,SOM,2807,2,2,0.27000000000000002,0.30825150012969971,-7.0237172167253448e-07,0.31000000238418579,0.080000000000000002,0.14597706496715546,0.0047959745861589909,0.15000000596046448,0.01,0.033526632934808731,-0.0011322528589516878,0.029999999329447746,0,0.0011075058719143271,-1.3824319466948509e-10,0,False,2,2
1481,2022-05-01,SOM,2808,2,3,0.46000000000000008,0.37673914432525635,-1.4439258393394994e-06,0.37999999523162842,0.23000000000000001,0.15328018367290497,0.0047959745861589909,0.15999999642372131,0.029999999999999999,0.037996921688318253,-0.0011322528589516878,0.039999999105930328,0,0.0011075058719143271,-1.3824319466948509e-10,0,False,3,2
1481,2022-07-01,SOM,2809,2,1,0.15000000000000002,0.35783812403678894,-3.8803755160188302e-06,0.36000001430511475,0.050000000000000003,0.12768501043319702,0.00085575098637491465,0.12999999523162842,0,0.068404518067836761,-0.0061956765130162239,0.059999998658895493,0,0.0011075058719143271,-1.3824319466948509e-10,0,False,1,2
1481,2022-10-01,SOM,2810,2,1,0.15000000000000002,0.37900587916374207,0.00012916802370455116,0.37999999523162842,0.050000000000000003,0.21494515240192413,-0.00093145394930616021,0.20999999344348907,0,0.06478649377822876,-0.0061956765130162239,0.059999998658895493,0,0.0011075058719143271,-1.3824319466948509e-10,0,False,1,3
1495,2022-01-01,SOM,2801,4,2,0.27000000000000002,0.33925491571426392,-0.00046365457819774747,0.34000000357627869,0.089999999999999997,0.17682163417339325,0.010846107266843319,0.18999999761581421,0.01,0.033546272665262222,-0.0023152376525104046,0.029999999329447746,0,0.0011559246340766549,-7.7761797001585364e-11,0,False,2,2
1495,2022-10-01,SOM,2802,4,1,0.15000000000000002,0.34442457556724548,-0.00056429050164297223,0.34000000357627869,0.050000000000000003,0.17608758807182312,0.010846107266843319,0.18999999761581421,0,0.040012218058109283,-0.0023152376525104046,0.039999999105930328,0,0.0011559246340766549,-7.7761797001585364e-11,0,False,1,2
1503,2022-01-01,SOM,2876,3,2,0.27000000000000002,0.40820658206939697,-0.00013638960081152618,0.40999999642372131,0.089999999999999997,0.21215453743934631,0.0058396835811436176,0.2199999988079071,0.01,0.040297836065292358,-0.0025611994788050652,0.039999999105930328,0,0.00089907192159444094,-6.5483618527650833e-11,0,False,2,3
1503,2022-10-01,SOM,2877,3,2,0.34999999999999998,0.44231849908828735,-0.00073214416624978185,0.43999999761581421,0.14999999999999999,0.17286950349807739,0.0058396835811436176,0.18000000715255737,0,0.047950930893421173,-0.0025611994788050652,0.05000000074505806,0,0.00089907192159444094,-6.5483618527650833e-11,0,False,2,2
1506,2022-01-01,YEM,2862,1,3,0.82000000000000006,0.55750089883804321,-0.00027371119358576834,0.56000000238418579,0.55000000000000004,0.31797623634338379,0.0025156298652291298,0.31999999284744263,0.17999999999999999,0.096326515078544617,0.0055010635405778885,0.10000000149011612,0,0.0010606431169435382,1.0913936421275139e-10,0,False,3,3
1510,2022-01-01,YEM,2891,0,3,0.82000000000000006,0.6008870005607605,0.00031404744368046522,0.60000002384185791,0.55000000000000004,0.32995855808258057,-0.0080382898449897766,0.31999999284744263,0.17999999999999999,0.085017204284667969,0.014945459552109241,0.10000000149011612,0,0.0010221295524388552,9.0949470177292824e-12,0,False,3,3
1515,2022-01-01,YEM,2832,4,3,0.82000000000000006,0.56737303733825684,-3.4766417229548097e-05,0.56999999284744263,0.55000000000000004,0.31053096055984497,-0.0036749918945133686,0.31000000238418579,0.17999999999999999,0.099135361611843109,0.0038701931480318308,0.10000000149011612,0,0.0011559246340766549,-7.7761797001585364e-11,0,False,3,3
1518,2022-01-01,SOM,2872,2,2,0.27000000000000002,0.357126384973526,4.7408200771315023e-05,0.36000001430511475,0.089999999999999997,0.13676145672798157,0.0047959745861589909,0.14000000059604645,0.01,0.033526632934808731,-0.0011322528589516878,0.029999999329447746,0,0.0011075058719143271,-1.3824319466948509e-10,0,False,2,2
1518,2022-05-01,SOM,2873,2,3,0.46000000000000008,0.37782308459281921,1.6109484931803308e-05,0.37999999523162842,0.23000000000000001,0.16781392693519592,0.0047959745861589909,0.17000000178813934,0.029999999999999999,0.03692111000418663,-0.0011322528589516878,0.039999999105930328,0,0.0011075058719143271,-1.3824319466948509e-10,0,False,3,2
1518,2022-07-01,SOM,2874,2,3,0.60000000000000009,0.37796008586883545,-1.7220663721673191e-05,0.37999999523162842,0.39999999999999997,0.12710908055305481,0.0065831788815557957,0.12999999523162842,0.050000000000000003,0.047987755388021469,-0.0011322528589516878,0.05000000074505806,0,0.0011075058719143271,-1.3824319466948509e-10,0,False,3,2
1518,2022-10-01,SOM,2875,2,2,0.34999999999999998,0.37771323323249817,2.8676460715360008e-05,0.37999999523162842,0.14999999999999999,0.18363319337368011,0.0047959745861589909,0.18999999761581421,0,0.053010907024145126,-0.0011322528589516878,0.05000000074505806,0,0.0011075058719143271,-1.3824319466948509e-10,0,False,2,2
1519,2022-01-01,YEM,2848,4,3,0.82000000000000006,0.66327953338623047,4.1829196561593562e-05,0.6600000262260437,0.55000000000000004,0.30292752385139465,-0.0010889623081311584,0.30000001192092896,0.17999999999999999,0.11138753592967987,0.0038701931480318308,0.11999999731779099,0,0.0011559246340766549,-7.7761797001585364e-11,0,False,3,3
1520,2022-01-01,YEM,2914,0,3,0.82000000000000006,0.61741012334823608,-0.00053967250278219581,0.62000000476837158,0.55000000000000004,0.35420787334442139,-0.0080382898449897766,0.34999999403953552,0.17999999999999999,0.086179770529270172,0.014945459552109241,0.10000000149011612,0,0.0010221295524388552,9.0949470177292824e-12,0,False,3,3
1522,2022-01-01,SOM,2915,0,2,0.27000000000000002,0.35828521847724915,5.9032522585766856e-06,0.36000001430511475,0.089999999999999997,0.1170138418674469,-0.0007245223387144506,0.11999999731779099,0.01,0.044352799654006958,-0.00099128542933613062,0.039999999105930328,0,0.0010221295524388552,9.0949470177292824e-12,0,False,2,2
1522,2022-05-01,SOM,2916,0,3,0.46000000000000008,0.38498228788375854,-7.3691167926881462e-05,0.37999999523162842,0.23000000000000001,0.14015844464302063,-0.0007245223387144506,0.14000000059604645,0.029999999999999999,0.037913665175437927,-0.00099128542933613062,0.039999999105930328,0,0.0010221295524388552,9.0949470177292824e-12,0,False,3,2
1522,2022-07-01,SOM,2917,0,2,0.34999999999999998,0.35608860850334167,-0.00011706641089404002,0.36000001430511475,0.14999999999999999,0.11340093612670898,0.010375871323049068,0.11999999731779099,0,0.046914692968130112,0.0022153202444314957,0.05000000074505806,0,0.0010221295524388552,9.0949470177292824e-12,0,False,2,2
1522,2022-10-01,SOM,2918,0,2,0.34999999999999998,0.39983087778091431,-2.6099793103639968e-05,0.40000000596046448,0.14999999999999999,0.13623777031898499,0.0012043474707752466,0.14000000059604645,0,0.04236077144742012,-0.00099128542933613062,0.039999999105930328,0,0.0010221295524388552,9.0949470177292824e-12,0,False,2,2
1528,2022-01-01,SOM,2924,0,2,0.33999999999999997,0.46167430281639099,-0.00028221288812346756,0.46000000834465027,0.14999999999999999,0.21955324709415436,0.0012043474707752466,0.2199999988079071,0.029999999999999999,0.049298107624053955,-0.00099128542933613062,0.05000000074505806,0,0.0010221295524388552,9.0949470177292824e-12,0,False,2,3
1528,2022-05-01,SOM,2925,0,3,0.57999999999999996,0.48694440722465515,-4.7908861233736388e-06,0.49000000953674316,0.32999999999999996,0.22395673394203186,0.0032865728717297316,0.23000000417232513,0.089999999999999997,0.051528383046388626,-0.00099128542933613062,0.05000000074505806,0,0.0010221295524388552,9.0949470177292824e-12,0,False,3,3
1528,2022-07-01,SOM,2926,0,3,0.45000000000000001,0.48998546600341797,-0.00023053573386278003,0.49000000953674316,0.25,0.26328450441360474,-0.01390515174716711,0.25,0.050000000000000003,0.0621798075735569,-0.007409906480461359,0.05000000074505806,0,0.0010221295524388552,9.0949470177292824e-12,0,False,3,3
1528,2022-10-01,SOM,2927,0,3,0.45000000000000001,0.47869300842285156,-0.00021959336299914867,0.47999998927116394,0.25,0.26894423365592957,-0.023076681420207024,0.25,0.050000000000000003,0.06078450009226799,-0.010616512037813663,0.05000000074505806,0,0.0010221295524388552,9.0949470177292824e-12,0,False,3,3
1534,2022-01-01,YEM,2918,1,3,0.82000000000000006,0.58440321683883667,-0.00045648080413229764,0.57999998331069946,0.55000000000000004,0.28104570508003235,0.0041946922428905964,0.28999999165534973,0.17999999999999999,0.09197409451007843,0.0055010635405778885,0.10000000149011612,0,0.0010606431169435382,1.0913936421275139e-10,0,False,3,3
1536,2022-01-01,YEM,2943,3,3,0.82000000000000006,0.59528166055679321,8.6168067355174571e-05,0.60000002384185791,0.55000000000000004,0.31191015243530273,0.00064151664264500141,0.31000000238418579,0.17999999999999999,0.10369502753019333,0.0059940139763057232,0.10999999940395355,0,0.00089907192159444094,-6.5483618527650833e-11,0,False,3,3
1540,2022-01-01,SOM,2942,0,2,0.33999999999999997,0.45863762497901917,-0.00033845176221802831,0.46000000834465027,0.14999999999999999,0.20168979465961456,0.0012043474707752466,0.20000000298023224,0.029999999999999999,0.049298107624053955,-0.00099128542933613062,0.05000000074505806,0,0.0010221295524388552,9.0949470177292824e-12,0,False,2,3
1540,2022-05-01,SOM,2943,0,3,0.57999999999999996,0.45233744382858276,0.00036355300107970834,0.44999998807907104,0.32999999999999996,0.23053759336471558,0.0032865728717297316,0.23000000417232513,0.089999999999999997,0.051528383046388626,-0.00099128542933613062,0.05000000074505806,0,0.0010221295524388552,9.0949470177292824e-12,0,False,3,3
1540,2022-07-01,SOM,2944,0,3,0.39999999999999997,0.49570578336715698,0.0005664773634634912,0.5,0.20000000000000001,0.23889122903347015,0.010375871323049068,0.25,0.050000000000000003,0.051661219447851181,0.0022153202444314957,0.05000000074505806,0,0.0010221295524388552,9.0949470177292824e-12,0,False,3,3
1540,2022-10-01,SOM,2945,0,3,0.45000000000000001,0.51374220848083496,-0.00041916669579222798,0.50999999046325684,0.25,0.24981683492660522,0.0012043474707752466,0.25,0.050000000000000003,0.050265930593013763,-0.00099128542933613062,0.05000000074505806,0,0.0010221295524388552,9.0949470177292824e-12,0,False,3,3
1541,2022-01-01,YEM,2923,2,3,0.82000000000000006,0.50345093011856079,-0.00021273826132528484,0.5,0.55000000000000004,0.29381540417671204,0.0047959745861589909,0.30000001192092896,0.17999999999999999,0.086761809885501862,0.0020786446984857321,0.090000003576278687,0,0.0011075058719143271,-1.3824319466948509e-10,0,False,3,3
1542,2022-01-01,YEM,2924,2,3,0.82000000000000006,0.52318704128265381,-0.00030874114600010216,0.51999998092651367,0.55000000000000004,0.30253288149833679,0.0047959745861589909,0.31000000238418579,0.17999999999999999,0.086761809885501862,0.0020786446984857321,0.090000003576278687,0,0.0011075058719143271,-1.3824319466948509e-10,0,False,3,3
1551,2022-01-01,SOM,2909,4,2,0.27000000000000002,0.38373053073883057,0.0001825732906581834,0.37999999523162842,0.089999999999999997,0.13391919434070587,0.0029606795869767666,0.14000000059604645,0.01,0.031778380274772644,-0.0023152376525104046,0.029999999329447746,0,0.0011559246340766549,-7.7761797001585364e-11,0,False,2,2
1551,2022-05-01,SOM,2910,4,3,0.46000000000000008,0.42532479763031006,0.00021593438577838242,0.43000000715255737,0.23000000000000001,0.14285333454608917,0.0029606795869767666,0.15000000596046448,0.029999999999999999,0.031778380274772644,-0.0023152376525104046,0.029999999329447746,0,0.0011559246340766549,-7.7761797001585364e-11,0,False,3,2
1551,2022-07-01,SOM,2911,4,3,0.44999999999999996,0.38617712259292603,0.00030619761673733592,0.38999998569488525,0.25,0.14363206923007965,0.012277628295123577,0.15999999642372131,0.10000000000000001,0.031778380274772644,-0.0023152376525104046,0.029999999329447746,0,0.0011559246340766549,-7.7761797001585364e-11,0,False,3,2
1551,2022-10-01,SOM,2912,4,2,0.25,0.35360461473464966,0.00025100397760979831,0.34999999403953552,0.050000000000000003,0.18304240703582764,0.0029606795869767666,0.18999999761581421,0,0.035752590745687485,-0.0023152376525104046,0.029999999329447746,0,0.0011559246340766549,-7.7761797001585364e-11,0,False,2,2
1553,2022-01-01,SOM,2961,1,2,0.27000000000000002,0.44525101780891418,1.108465494326083e-05,0.44999998807907104,0.089999999999999997,0.17401871085166931,0.0022756967227905989,0.18000000715255737,0.01,0.044623792171478271,-0.0027875411324203014,0.039999999105930328,0,0.0010606431169435382,1.0913936421275139e-10,0,False,2,2
1553,2022-05-01,SOM,2962,1,3,0.46000000000000008,0.45104905962944031,6.703212875436293e-06,0.44999998807907104,0.23000000000000001,0.14533345401287079,0.0022756967227905989,0.15000000596046448,0.029999999999999999,0.044623792171478271,-0.0027875411324203014,0.039999999105930328,0,0.0010606431169435382,1.0913936421275139e-10,0,False,3,2
1553,2022-07-01,SOM,2963,1,3,0.60000000000000009,0.3737913966178894,0.00031824939651414752,0.37000000476837158,0.39999999999999997,0.14441788196563721,0.0071021802723407745,0.15000000596046448,0.050000000000000003,0.048159990459680557,0.0038155787624418736,0.05000000074505806,0,0.0010606431169435382,1.0913936421275139e-10,0,False,3,2
1553,2022-10-01,SOM,2964,1,2,0.30000000000000004,0.41902855038642883,0.00027093224343843758,0.41999998688697815,0.10000000000000001,0.11775685846805573,0.00355893699452281,0.11999999731779099,0,0.049351807683706284,-0.0027875411324203014,0.05000000074505806,0,0.0010606431169435382,1.0913936421275139e-10,0,False,2,2
1558,2022-01-01,SOM,2923,4,2,0.33999999999999997,0.4503304660320282,0.00019590414012782276,0.44999998807907104,0.14999999999999999,0.30010777711868286,0.016015131026506424,0.31999999284744263,0.029999999999999999,0.0542030930519104,-0.0023152376525104046,0.05000000074505806,0,0.0011559246340766549,-7.7761797001585364e-11,0,False,2,3
1558,2022-05-01,SOM,2924,4,3,0.57999999999999996,0.50813490152359009,-0.00014986969472374767,0.50999999046325684,0.32999999999999996,0.27134174108505249,0.010846107266843319,0.2800000011920929,0.089999999999999997,0.060585465282201767,-0.0023152376525104046,0.059999998658895493,0,0.0011559246340766549,-7.7761797001585364e-11,0,False,3,3
1558,2022-07-01,SOM,2925,4,4,0.69999999999999996,0.49334412813186646,-0.0001217834505951032,0.49000000953674316,0.5,0.3327503502368927,-0.014677319675683975,0.31999999284744263,0.20000000000000001,0.079682379961013794,-0.0046369540505111217,0.079999998211860657,0,0.0011559246340766549,-7.7761797001585364e-11,0,False,4,3
1558,2022-10-01,SOM,2926,4,3,0.65000000000000002,0.48865598440170288,-0.00040714358328841627,0.49000000953674316,0.44999999999999996,0.34778133034706116,0.00090741168241947889,0.34999999403953552,0.14999999999999999,0.079858742654323578,-0.0067774965427815914,0.070000000298023224,0,0.0011559246340766549,-7.7761797001585364e-11,0,False,3,3
1559,2022-01-01,SOM,2987,0,2,0.33999999999999997,0.46713241934776306,0.00030661639175377786,0.4699999988079071,0.14999999999999999,0.21704889833927155,0.0057262862101197243,0.2199999988079071,0.029999999999999999,0.049298107624053955,-0.00099128542933613062,0.05000000074505806,0,0.0010221295524388552,9.0949470177292824e-12,0,False,2,3
1559,2022-05-01,SOM,2988,0,3,0.57999999999999996,0.4614206850528717,0.00043373298831284046,0.46000000834465027,0.32999999999999996,0.23488806188106537,0.0032865728717297316,0.23999999463558197,0.089999999999999997,0.049298107624053955,-0.00099128542933613062,0.05000000074505806,0,0.0010221295524388552,9.0949470177292824e-12,0,False,3,3
1559,2022-07-01,SOM,2989,0,4,0.69999999999999996,0.46732699871063232,0.00011603083112277091,0.4699999988079071,0.5,0.24370579421520233,-0.018668787553906441,0.23000000417232513,0.20000000000000001,0.066894382238388062,-0.007409906480461359,0.059999998658895493,0,0.0010221295524388552,9.0949470177292824e-12,0,False,4,3
1559,2022-10-01,SOM,2990,0,3,0.65000000000000002,0.45044434070587158,0.00055691320449113846,0.44999998807907104,0.44999999999999996,0.24407394230365753,-0.032809250056743622,0.20999999344348907,0.14999999999999999,0.065499089658260345,-0.010616512037813663,0.05000000074505806,0,0.0010221295524388552,9.0949470177292824e-12,0,False,3,3
1561,2022-01-01,SOM,3007,3,2,0.29000000000000004,0.36865827441215515,0.00014659346197731793,0.37000000476837158,0.099999999999999992,0.20520702004432678,0.0058396835811436176,0.20999999344348907,0.01,0.041833057999610901,-0.0025611994788050652,0.039999999105930328,0,0.00089907192159444094,-6.5483618527650833e-11,0,False,2,3
1561,2022-05-01,SOM,3008,3,3,0.54999999999999993,0.43902948498725891,0.00013057634350843728,0.43999999761581421,0.31,0.21011282503604889,0.0058396835811436176,0.2199999988079071,0.080000000000000002,0.048199772834777832,-0.0025611994788050652,0.05000000074505806,0,0.00089907192159444094,-6.5483618527650833e-11,0,False,3,3
1561,2022-07-01,SOM,3009,3,3,0.60000000000000009,0.44628310203552246,-0.00020564690930768847,0.44999998807907104,0.39999999999999997,0.17476992309093475,0.0081298435106873512,0.18000000715255737,0.050000000000000003,0.046164527535438538,-0.00099896558094769716,0.05000000074505806,0,0.00089907192159444094,-6.5483618527650833e-11,0,False,3,2
1561,2022-10-01,SOM,3010,3,2,0.30000000000000004,0.42086556553840637,-0.00076196633744984865,0.41999998688697815,0.10000000000000001,0.21711656451225281,0.0058396835811436176,0.2199999988079071,0,0.047950930893421173,-0.0025611994788050652,0.05000000074505806,0,0.00089907192159444094,-6.5483618527650833e-11,0,False,2,3
1562,2022-05-01,SOM,3011,3,3,0.57999999999999996,0.5786130428314209,0.0002793191815726459,0.57999998331069946,0.32999999999999996,0.21967214345932007,0.0058396835811436176,0.23000000417232513,0.089999999999999997,0.050509139895439148,-0.0025611994788050652,0.05000000074505806,0,0.00089907192159444094,-6.5483618527650833e-11,0,False,3,3
1562,2022-07-01,SOM,3012,3,3,0.45000000000000001,0.55584985017776489,0.00024919564020819962,0.56000000238418579,0.25,0.27954152226448059,-0.023881899192929268,0.25999999046325684,0.050000000000000003,0.067041531205177307,-0.007649274542927742,0.059999998658895493,0,0.00089907192159444094,-6.5483618527650833e-11,0,False,3,3
1562,2022-10-01,SOM,3013,3,3,0.45000000000000001,0.49022319912910461,5.6079617934301496e-05,0.49000000953674316,0.25,0.30808725953102112,-0.026172058656811714,0.2800000011920929,0.050000000000000003,0.062194794416427612,-0.0092115122824907303,0.05000000074505806,0,0.00089907192159444094,-6.5483618527650833e-11,0,False,3,3
1563,2022-07-01,SOM,2990,2,3,0.45000000000000001,0.46946531534194946,-0.00024984736228361726,0.4699999988079071,0.25,0.27914571762084961,-0.0030336696654558182,0.2800000011920929,0.050000000000000003,0.069852299988269806,-0.0061956765130162239,0.059999998658895493,0,0.0011075058719143271,-1.3824319466948509e-10,0,False,3,3
1563,2022-10-01,SOM,2991,2,3,0.45000000000000001,0.36688968539237976,-0.00028204478439874947,0.37000000476837158,0.25,0.34244242310523987,-0.0048208744265139103,0.34000000357627869,0.050000000000000003,0.068099379539489746,-0.0061956765130162239,0.059999998658895493,0,0.0011075058719143271,-1.3824319466948509e-10,0,False,3,3
1566,2022-01-01,SOM,3025,3,2,0.29000000000000004,0.45065605640411377,-5.3365267376648262e-05,0.44999998807907104,0.099999999999999992,0.2115994393825531,0.0058396835811436176,0.2199999988079071,0.01,0.04349900409579277,-0.0025611994788050652,0.039999999105930328,0,0.00089907192159444094,-6.5483618527650833e-11,0,False,2,3
1566,2022-05-01,SOM,3026,3,3,0.54999999999999993,0.49660104513168335,-2.5173294488922693e-05,0.5,0.31,0.22268964350223541,0.0058396835811436176,0.23000000417232513,0.080000000000000002,0.049865718930959702,-0.0025611994788050652,0.05000000074505806,0,0.00089907192159444094,-6.5483618527650833e-11,0,False,3,3
1566,2022-07-01,SOM,3027,3,3,0.65000000000000002,0.45547661185264587,-0.00013338759890757501,0.46000000834465027,0.44999999999999996,0.18301635980606079,0.0081298435106873512,0.18999999761581421,0.10000000000000001,0.047830473631620407,-0.00079755636397749186,0.05000000074505806,0,0.00089907192159444094,-6.5483618527650833e-11,0,False,3,2
1566,2022-10-01,SOM,3028,3,3,0.65000000000000002,0.45720008015632629,-0.00036663442733697593,0.46000000834465027,0.44999999999999996,0.22712841629981995,0.0058396835811436176,0.23000000417232513,0.10000000000000001,0.049616876989603043,-0.0025611994788050652,0.05000000074505806,0,0.00089907192159444094,-6.5483618527650833e-11,0,False,3,3
1567,2022-01-01,YEM,3020,1,3,0.82000000000000006,0.53798484802246094,9.3687747721560299e-05,0.54000002145767212,0.55000000000000004,0.28468921780586243,0.0041946922428905964,0.28999999165534973,0.17999999999999999,0.09197409451007843,0.0055010635405778885,0.10000000149011612,0,0.0010606431169435382,1.0913936421275139e-10,0,False,3,3
1568,2022-01-01,YEM,3007,2,3,0.82000000000000006,0.55419921875,-0.00023000565124675632,0.55000001192092896,0.55000000000000004,0.2870592474937439,0.0047959745861589909,0.28999999165534973,0.17999999999999999,0.086761809885501862,0.0020786446984857321,0.090000003576278687,0,0.0011075058719143271,-1.3824319466948509e-10,0,False,3,3
1569,2022-05-01,SOM,3031,3,3,0.54999999999999993,0.56343919038772583,-0.00010268529149470851,0.56000000238418579,0.31,0.21262307465076447,0.0058396835811436176,0.2199999988079071,0.080000000000000002,0.04349900409579277,-0.0025611994788050652,0.039999999105930328,0,0.00089907192159444094,-6.5483618527650833e-11,0,False,3,3
1569,2022-10-01,SOM,3032,3,3,0.45000000000000001,0.49885508418083191,-0.00053256395040079951,0.5,0.25,0.23930163681507111,-0.016268733888864517,0.2199999988079071,0.050000000000000003,0.057463575154542923,-0.0092115122824907303,0.05000000074505806,0,0.00089907192159444094,-6.5483618527650833e-11,0,False,3,3
1570,2022-05-01,SOM,3015,2,3,0.54999999999999993,0.48540130257606506,5.4931679187575355e-05,0.49000000953674316,0.31,0.2646731436252594,0.0047959745861589909,0.27000001072883606,0.080000000000000002,0.043265532702207565,-0.0011322528589516878,0.039999999105930328,0,0.0011075058719143271,-1.3824319466948509e-10,0,False,3,3
1570,2022-10-01,SOM,3016,2,3,0.45000000000000001,0.43080642819404602,-0.00025006840587593615,0.43000000715255737,0.25,0.33298474550247192,-0.00093145394930616021,0.33000001311302185,0.050000000000000003,0.069509007036685944,-0.0061956765130162239,0.059999998658895493,0,0.0011075058719143271,-1.3824319466948509e-10,0,False,3,3
1571,2022-01-01,SOM,3035,1,2,0.27000000000000002,0.44333690404891968,-0.00050018093315884471,0.43999999761581421,0.089999999999999997,0.17233563959598541,0.0022756967227905989,0.17000000178813934,0.01,0.045446783304214478,-0.0027875411324203014,0.039999999105930328,0,0.0010606431169435382,1.0913936421275139e-10,0,False,2,2
1571,2022-05-01,SOM,3036,1,3,0.46000000000000008,0.44273450970649719,-0.00048410016461275518,0.43999999761581421,0.23000000000000001,0.1604815274477005,0.0022756967227905989,0.15999999642372131,0.029999999999999999,0.045446783304214478,-0.0027875411324203014,0.039999999105930328,0,0.0010606431169435382,1.0913936421275139e-10,0,False,3,2
1571,2022-07-01,SOM,3037,1,3,0.65000000000000002,0.4257674515247345,0.00027682245126925409,0.43000000715255737,0.44999999999999996,0.19338583946228027,0.0071021802723407745,0.20000000298023224,0.10000000000000001,0.053851105272769928,0.0038155787624418736,0.059999998658895493,0,0.0010606431169435382,1.0913936421275139e-10,0,False,3,3
1571,2022-10-01,SOM,3038,1,3,0.65000000000000002,0.44033297896385193,0.00021544915216509253,0.43999999761581421,0.44999999999999996,0.17166437208652496,0.00355893699452281,0.18000000715255737,0.10000000000000001,0.064004525542259216,-0.0027875411324203014,0.059999998658895493,0,0.0010606431169435382,1.0913936421275139e-10,0,False,3,2
1573,2022-01-01,YEM,2998,4,3,0.82000000000000006,0.53786790370941162,-0.00010360099986428395,0.54000002145767212,0.55000000000000004,0.32107073068618774,-0.0010889623081311584,0.31999999284744263,0.17999999999999999,0.095029935240745544,0.0038701931480318308,0.10000000149011612,0,0.0011559246340766549,-7.7761797001585364e-11,0,False,3,3
1574,2022-01-01,SOM,3055,0,2,0.33000000000000002,0.46945232152938843,-0.00012111532123526558,0.4699999988079071,0.13999999999999999,0.2088441401720047,-0.0072082178667187691,0.20000000298023224,0.02,0.065166905522346497,-0.00099128542933613062,0.059999998658895493,0,0.0010221295524388552,9.0949470177292824e-12,0,False,2,3
1574,2022-10-01,SOM,3056,0,3,0.75000000000000011,0.57473647594451904,4.8578449423075654e-06,0.56999999284744263,0.55000000000000004,0.23312069475650787,0.0012585199438035488,0.23000000417232513,0.14999999999999999,0.067677944898605347,-0.00099128542933613062,0.070000000298023224,0,0.0010221295524388552,9.0949470177292824e-12,0,False,3,3
1575,2022-01-01,SOM,3047,1,2,0.33000000000000002,0.49850636720657349,-0.00021147042571101338,0.5,0.13999999999999999,0.2544538676738739,0.0070757674984633923,0.25999999046325684,0.02,0.068548873066902161,-0.0027875411324203014,0.070000000298023224,0,0.0010606431169435382,1.0913936421275139e-10,0,False,2,3
1575,2022-10-01,SOM,3048,1,3,0.75000000000000011,0.54068553447723389,-0.00027692437288351357,0.54000002145767212,0.55000000000000004,0.31732049584388733,0.0074715805239975452,0.31999999284744263,0.14999999999999999,0.068814262747764587,-0.0027875411324203014,0.070000000298023224,0,0.0010606431169435382,1.0913936421275139e-10,0,False,3,3
1576,2022-01-01,YEM,3038,2,3,0.82000000000000006,0.568409264087677,-0.00034670173772610724,0.56999999284744263,0.55000000000000004,0.29206719994544983,0.0047959745861589909,0.30000001192092896,0.17999999999999999,0.086761809885501862,0.0020786446984857321,0.090000003576278687,0,0.0011075058719143271,-1.3824319466948509e-10,0,False,3,3
1578,2022-01-01,SOM,3067,0,2,0.33999999999999997,0.53568488359451294,-0.00062780064763501287,0.54000002145767212,0.14999999999999999,0.24422098696231842,0.0012043474707752466,0.25,0.029999999999999999,0.049298107624053955,-0.00099128542933613062,0.05000000074505806,0,0.0010221295524388552,9.0949470177292824e-12,0,False,2,3
1578,2022-05-01,SOM,3068,0,3,0.57999999999999996,0.52262663841247559,0.0001385607902193442,0.51999998092651367,0.32999999999999996,0.21797071397304535,0.0032865728717297316,0.2199999988079071,0.089999999999999997,0.051528383046388626,-0.00099128542933613062,0.05000000074505806,0,0.0010221295524388552,9.0949470177292824e-12,0,False,3,3
1578,2022-07-01,SOM,3069,0,3,0.70000000000000007,0.52403891086578369,0.00078457518247887492,0.51999998092651367,0.5,0.25621536374092102,-0.01390515174716711,0.23999999463558197,0.10000000000000001,0.072661072015762329,-0.007409906480461359,0.070000000298023224,0,0.0010221295524388552,9.0949470177292824e-12,0,False,3,3
1578,2022-10-01,SOM,3070,0,3,0.70000000000000007,0.50211721658706665,6.3905979914125055e-05,0.5,0.5,0.28582087159156799,-0.023076681420207024,0.25999999046325684,0.10000000000000001,0.06078450009226799,-0.0055245268158614635,0.059999998658895493,0,0.0010221295524388552,9.0949470177292824e-12,0,False,3,3
1580,2022-04-01,MDG,3075,3,3,0.85000000000000009,0.60284239053726196,0.0001881192292785272,0.60000002384185791,0.45000000000000001,0.31814762949943542,0.00064151664264500141,0.31999999284744263,0.050000000000000003,0.061173584312200546,-0.00082974007818847895,0.059999998658895493,0,0.00089907192159444094,-6.5483618527650833e-11,0,False,3,3
1580,2022-11-01,MDG,3076,3,3,0.90000000000000013,0.55459380149841309,0.00013010925613343716,0.55000001192092896,0.5,0.28872132301330566,0.00064151664264500141,0.28999999165534973,0.050000000000000003,0.05454041063785553,-0.00082974007818847895,0.05000000074505806,0,0.00089907192159444094,-6.5483618527650833e-11,0,False,3,3
1581,2022-04-01,MDG,3077,3,3,0.85000000000000009,0.60532748699188232,0.00012391686323098838,0.61000001430511475,0.45000000000000001,0.33767363429069519,0.00064151664264500141,0.34000000357627869,0.050000000000000003,0.061173584312200546,-0.00082974007818847895,0.059999998658895493,0,0.00089907192159444094,-6.5483618527650833e-11,0,False,3,3
1581,2022-11-01,MDG,3078,3,3,0.90000000000000013,0.55641078948974609,-8.3000632002949715e-05,0.56000000238418579,0.5,0.29927507042884827,0.00064151664264500141,0.30000001192092896,0.050000000000000003,0.05454041063785553,-0.00082974007818847895,0.05000000074505806,0,0.00089907192159444094,-6.5483618527650833e-11,0,False,3,3
1582,2022-04-01,MDG,3074,0,3,0.85000000000000009,0.75582402944564819,5.3697716793976724e-05,0.75999999046325684,0.45000000000000001,0.28189003467559814,-0.00061002420261502266,0.2800000011920929,0.050000000000000003,0.066725477576255798,0.00023777072783559561,0.070000000298023224,0,0.0010221295524388552,9.0949470177292824e-12,0,False,3,3
1582,2022-11-01,MDG,3075,0,3,0.90000000000000013,0.57186293601989746,3.0873339710524306e-05,0.56999999284744263,0.5,0.2497493177652359,-0.00061002420261502266,0.25,0.050000000000000003,0.05670161172747612,0.00023777072783559561,0.059999998658895493,0,0.0010221295524388552,9.0949470177292824e-12,0,False,3,3
1584,2022-01-01,YEM,3084,3,3,0.82000000000000006,0.55870461463928223,-0.00010029179247794673,0.56000000238418579,0.55000000000000004,0.2835724949836731,0.0058396835811436176,0.28999999165534973,0.17999999999999999,0.10039781033992767,0.0059940139763057232,0.10999999940395355,0,0.00089907192159444094,-6.5483618527650833e-11,0,False,3,3
1586,2022-01-01,YEM,3084,0,3,0.82000000000000006,0.61086916923522949,-0.00014695193385705352,0.61000001430511475,0.55000000000000004,0.33843377232551575,-0.0080382898449897766,0.33000001311302185,0.17999999999999999,0.10241667181253433,0.014945459552109241,0.11999999731779099,0,0.0010221295524388552,9.0949470177292824e-12,0,False,3,3
1588,2022-05-01,SOM,3086,0,3,0.54999999999999993,0.42100155353546143,-4.5401913666864857e-05,0.41999998688697815,0.31,0.1841198056936264,0.0013577016070485115,0.18999999761581421,0.080000000000000002,0.043266713619232178,-0.00099128542933613062,0.039999999105930328,0,0.0010221295524388552,9.0949470177292824e-12,0,False,3,2
1589,2022-01-01,SOM,3096,3,2,0.27000000000000002,0.38065353035926819,0.00021457554248627275,0.37999999523162842,0.089999999999999997,0.16422517597675323,0.0058396835811436176,0.17000000178813934,0.01,0.040297836065292358,-0.0025611994788050652,0.039999999105930328,0,0.00089907192159444094,-6.5483618527650833e-11,0,False,2,2
1590,2022-04-01,MDG,3087,0,2,0.70000000000000007,0.61263746023178101,-7.8370918345171958e-05,0.61000001430511475,0.14999999999999999,0.35696515440940857,-0.00061002420261502266,0.36000001430511475,0,0.072407886385917664,0.00023777072783559561,0.070000000298023224,0,0.0010221295524388552,9.0949470177292824e-12,0,False,2,3
1591,2022-04-01,MDG,3100,3,2,0.70000000000000007,0.60178053379058838,0.00010180789831792936,0.60000002384185791,0.14999999999999999,0.34688478708267212,0.00064151664264500141,0.34999999403953552,0,0.061173584312200546,-0.00082974007818847895,0.059999998658895493,0,0.00089907192159444094,-6.5483618527650833e-11,0,False,2,3
1592,2022-01-01,YEM,3049,4,3,0.82000000000000006,0.623435378074646,-0.00034928167588077486,0.62000000476837158,0.55000000000000004,0.32855319976806641,-0.0036749918945133686,0.31999999284744263,0.17999999999999999,0.098096013069152832,0.0038701931480318308,0.10000000149011612,0,0.0011559246340766549,-7.7761797001585364e-11,0,False,3,3
1594,2022-01-01,YEM,3094,1,3,0.82000000000000006,0.58750826120376587,9.0878293121932074e-06,0.5899999737739563,0.55000000000000004,0.27565884590148926,0.0041946922428905964,0.2800000011920929,0.17999999999999999,0.089138567447662354,0.0055010635405778885,0.090000003576278687,0,0.0010606431169435382,1.0913936421275139e-10,0,False,3,3
1595,2022-01-01,SOM,3053,4,2,0.29000000000000004,0.34453806281089783,0.00010343047324568033,0.34000000357627869,0.099999999999999992,0.21880277991294861,0.0029606795869767666,0.2199999988079071,0.01,0.042486507445573807,-0.0023152376525104046,0.039999999105930328,0,0.0011559246340766549,-7.7761797001585364e-11,0,False,2,3
1595,2022-05-01,SOM,3054,4,3,0.54999999999999993,0.41926923394203186,-3.8374957512132823e-05,0.41999998688697815,0.31,0.19709208607673645,0.013360547833144665,0.20999999344348907,0.080000000000000002,0.045501668006181717,-0.0023152376525104046,0.039999999105930328,0,0.0011559246340766549,-7.7761797001585364e-11,0,False,3,3
1595,2022-07-01,SOM,3055,4,3,0.59999999999999998,0.32397860288619995,-0.00051678705494850874,0.31999999284744263,0.40000000000000002,0.2187524139881134,-0.022546686232089996,0.20000000298023224,0.10000000000000001,0.060140080749988556,-0.0046369540505111217,0.059999998658895493,0,0.0011559246340766549,-7.7761797001585364e-11,0,False,3,3
1595,2022-10-01,SOM,3056,4,3,0.59999999999999998,0.38304871320724487,-0.00082344695692881942,0.37999999523162842,0.40000000000000002,0.28406694531440735,-0.014847388491034508,0.27000001072883606,0.10000000000000001,0.049974363297224045,-0.0067774965427815914,0.039999999105930328,0,0.0011559246340766549,-7.7761797001585364e-11,0,False,3,3
1596,2022-01-01,SOM,3103,1,2,0.29000000000000004,0.46322482824325562,-0.00070076307747513056,0.46000000834465027,0.099999999999999992,0.21894867718219757,0.0022756967227905989,0.2199999988079071,0.01,0.067325353622436523,-0.0027875411324203014,0.059999998658895493,0,0.0010606431169435382,1.0913936421275139e-10,0,False,2,3
1596,2022-05-01,SOM,3104,1,3,0.54999999999999993,0.47058966755867004,-7.7022436016704887e-05,0.4699999988079071,0.31,0.18965129554271698,0.0022756967227905989,0.18999999761581421,0.080000000000000002,0.067325353622436523,-0.0027875411324203014,0.059999998658895493,0,0.0010606431169435382,1.0913936421275139e-10,0,False,3,2
1596,2022-07-01,SOM,3105,1,3,0.59999999999999998,0.3817712664604187,-0.00026804339722730219,0.37999999523162842,0.40000000000000002,0.22327949106693268,-0.018166270107030869,0.20999999344348907,0.10000000000000001,0.062921062111854553,-0.0032056844793260098,0.059999998658895493,0,0.0010606431169435382,1.0913936421275139e-10,0,False,3,3
1596,2022-10-01,SOM,3106,1,3,0.59999999999999998,0.47237971425056458,-0.00012397651153150946,0.4699999988079071,0.40000000000000002,0.23809754848480225,-0.019839763641357422,0.2199999988079071,0.10000000000000001,0.087798371911048889,-0.0098088104277849197,0.079999998211860657,0,0.0010606431169435382,1.0913936421275139e-10,0,False,3,3
1600,2022-01-01,SOM,3100,2,3,0.43000000000000005,0.49167197942733765,-0.0010391735704615712,0.49000000953674316,0.22,0.31893721222877502,0.0047959745861589909,0.31999999284744263,0.02,0.05171535536646843,-0.0011322528589516878,0.05000000074505806,0,0.0011075058719143271,-1.3824319466948509e-10,0,False,3,3
1600,2022-05-01,SOM,3101,2,3,0.60999999999999999,0.51259058713912964,-0.0011175366817042232,0.50999999046325684,0.37,0.32688987255096436,0.0047959745861589909,0.33000001311302185,0.080000000000000002,0.055109810084104538,-0.0011322528589516878,0.05000000074505806,0,0.0011075058719143271,-1.3824319466948509e-10,0,False,3,3
1600,2022-07-01,SOM,3102,2,3,0.70000000000000007,0.55056720972061157,-0.00069898908259347081,0.55000001192092896,0.5,0.29689851403236389,0.00085575098637491465,0.30000001192092896,0.10000000000000001,0.074765995144844055,-0.0061956765130162239,0.070000000298023224,0,0.0011075058719143271,-1.3824319466948509e-10,0,False,3,3
1600,2022-10-01,SOM,3103,2,3,0.65000000000000002,0.51101541519165039,-6.654028402408585e-05,0.50999999046325684,0.44999999999999996,0.32362964749336243,0.0047959745861589909,0.33000001311302185,0.10000000000000001,0.057023834437131882,-0.0011322528589516878,0.059999998658895493,0,0.0011075058719143271,-1.3824319466948509e-10,0,False,3,3
1603,2022-01-01,YEM,3115,1,3,0.82000000000000006,0.55785810947418213,-2.902616688515991e-05,0.56000000238418579,0.55000000000000004,0.26706790924072266,0.0041946922428905964,0.27000001072883606,0.17999999999999999,0.089138567447662354,0.0055010635405778885,0.090000003576278687,0,0.0010606431169435382,1.0913936421275139e-10,0,False,3,3
1604,2022-07-01,SOM,3132,3,3,0.70000000000000007,0.53474521636962891,0.00016813300317153335,0.52999997138977051,0.5,0.27779340744018555,-0.023881899192929268,0.25,0.10000000000000001,0.069070518016815186,-0.007649274542927742,0.059999998658895493,0,0.00089907192159444094,-6.5483618527650833e-11,0,False,3,3
1605,2022-07-01,SOM,3122,0,3,0.59999999999999998,0.4436497688293457,4.51143023383338e-05,0.43999999761581421,0.40000000000000002,0.1810452789068222,-0.018668787553906441,0.15999999642372131,0.10000000000000001,0.057433251291513443,-0.007409906480461359,0.05000000074505806,0,0.0010221295524388552,9.0949470177292824e-12,0,False,3,2
1605,2022-10-01,SOM,3123,0,3,0.59999999999999998,0.51245224475860596,4.6062250476097688e-05,0.50999999046325684,0.40000000000000002,0.19779711961746216,-0.027840306982398033,0.17000000178813934,0.10000000000000001,0.056122444570064545,-0.010616512037813663,0.05000000074505806,0,0.0010221295524388552,9.0949470177292824e-12,0,False,3,2
1608,2022-01-01,SOM,3142,3,3,0.43000000000000005,0.5113600492477417,-0.0004549242730718106,0.50999999046325684,0.22,0.22464290261268616,0.0058396835811436176,0.23000000417232513,0.02,0.059543345123529434,-0.0025611994788050652,0.059999998658895493,0,0.00089907192159444094,-6.5483618527650833e-11,0,False,3,3
1608,2022-05-01,SOM,3143,3,3,0.60999999999999999,0.55911099910736084,-0.00033125944901257753,0.56000000238418579,0.37,0.2543472945690155,0.0058396835811436176,0.25999999046325684,0.080000000000000002,0.059543345123529434,-0.0025611994788050652,0.059999998658895493,0,0.00089907192159444094,-6.5483618527650833e-11,0,False,3,3
1608,2022-07-01,SOM,3144,3,3,0.70000000000000007,0.53941100835800171,0.00040084737702272832,0.54000002145767212,0.5,0.27664202451705933,-0.023881899192929268,0.25,0.10000000000000001,0.069070518016815186,-0.007649274542927742,0.059999998658895493,0,0.00089907192159444094,-6.5483618527650833e-11,0,False,3,3
1608,2022-10-01,SOM,3145,3,3,0.65000000000000002,0.52289772033691406,0.00014749428373761475,0.51999998092651367,0.44999999999999996,0.31059470772743225,-0.026172058656811714,0.2800000011920929,0.10000000000000001,0.064223743975162506,-0.0092115122824907303,0.059999998658895493,0,0.00089907192159444094,-6.5483618527650833e-11,0,False,3,3
1609,2022-07-01,SOM,3132,0,3,0.59999999999999998,0.43011882901191711,-1.1879896192112938e-05,0.43000000715255737,0.40000000000000002,0.15243598818778992,-0.018668787553906441,0.12999999523162842,0.10000000000000001,0.057433251291513443,-0.007409906480461359,0.05000000074505806,0,0.0010221295524388552,9.0949470177292824e-12,0,False,3,2
1609,2022-10-01,SOM,3133,0,3,0.59999999999999998,0.49604612588882446,-3.3436372177675366e-05,0.5,0.40000000000000002,0.16918782889842987,-0.027840306982398033,0.14000000059604645,0.10000000000000001,0.056122444570064545,-0.010616512037813663,0.05000000074505806,0,0.0010221295524388552,9.0949470177292824e-12,0,False,3,2
1622,2022-01-01,SOM,3156,0,3,0.37,0.45952045917510986,-7.924350029497873e-06,0.46000000834465027,0.20999999999999999,0.23617666959762573,-0.0034883248154073954,0.23000000417232513,0.059999999999999998,0.070960775017738342,-0.00099128542933613062,0.070000000298023224,0,0.0010221295524388552,9.0949470177292824e-12,0,False,3,3
1622,2022-10-01,SOM,3157,0,3,0.75000000000000011,0.50907623767852783,3.7998117477400228e-05,0.50999999046325684,0.55000000000000004,0.20099705457687378,0.0057757780887186527,0.20999999344348907,0.14999999999999999,0.072186946868896484,-0.00099128542933613062,0.070000000298023224,0,0.0010221295524388552,9.0949470177292824e-12,0,False,3,3
1623,2022-01-01,SOM,3149,2,3,0.37,0.46807050704956055,-0.00018479360733181238,0.4699999988079071,0.20999999999999999,0.25815692543983459,0.0047959745861589909,0.25999999046325684,0.059999999999999998,0.072951816022396088,-0.0011322528589516878,0.070000000298023224,0,0.0011075058719143271,-1.3824319466948509e-10,0,False,3,3
1623,2022-10-01,SOM,3150,2,3,0.75000000000000011,0.5191504955291748,-0.00019416408031247556,0.51999998092651367,0.55000000000000004,0.26723402738571167,0.024078536778688431,0.28999999165534973,0.14999999999999999,0.075102955102920532,-0.0011322528589516878,0.070000000298023224,0,0.0011075058719143271,-1.3824319466948509e-10,0,False,3,3
1624,2022-01-01,SOM,3160,0,3,0.43000000000000005,0.53737956285476685,-0.0001002565331873484,0.54000002145767212,0.22,0.23679599165916443,0.0012043474707752466,0.23999999463558197,0.02,0.048013240098953247,-0.00099128542933613062,0.05000000074505806,0,0.0010221295524388552,9.0949470177292824e-12,0,False,3,3
1624,2022-05-01,SOM,3161,0,3,0.60999999999999999,0.51202315092086792,3.9532187656732276e-05,0.50999999046325684,0.37,0.25245046615600586,0.0032865728717297316,0.25999999046325684,0.080000000000000002,0.050243515521287918,-0.00099128542933613062,0.05000000074505806,0,0.0010221295524388552,9.0949470177292824e-12,0,False,3,3
1624,2022-07-01,SOM,3162,0,3,0.75000000000000011,0.54039567708969116,3.0089218853390776e-05,0.54000002145767212,0.55000000000000004,0.22829587757587433,0.010375871323049068,0.23999999463558197,0.15000000000000002,0.062142509967088699,0.0022153202444314957,0.059999998658895493,0.050000000000000003,0.0010221295524388552,9.0949470177292824e-12,0,False,3,3
1624,2022-10-01,SOM,3163,0,3,0.70000000000000007,0.50322204828262329,-0.00018168686074204743,0.5,0.5,0.22270449995994568,-0.023076681420207024,0.20000000298023224,0.14999999999999999,0.06078450009226799,-0.010616512037813663,0.05000000074505806,0,0.0010221295524388552,9.0949470177292824e-12,0,False,3,3
1629,2022-01-01,SOM,3176,0,3,0.43000000000000005,0.50712054967880249,6.7846973252017051e-05,0.50999999046325684,0.22,0.22920964658260345,0.0012043474707752466,0.23000000417232513,0.02,0.048013240098953247,-0.00099128542933613062,0.05000000074505806,0,0.0010221295524388552,9.0949470177292824e-12,0,False,3,3
1629,2022-05-01,SOM,3177,0,3,0.60999999999999999,0.5431092381477356,-0.00025418982841074467,0.54000002145767212,0.37,0.23205390572547913,0.0032865728717297316,0.23999999463558197,0.080000000000000002,0.048013240098953247,-0.00099128542933613062,0.05000000074505806,0,0.0010221295524388552,9.0949470177292824e-12,0,False,3,3
1629,2022-07-01,SOM,3178,0,4,0.80000000000000016,0.55982697010040283,-0.00050438533071428537,0.56000000238418579,0.60000000000000009,0.23864215612411499,-0.01390515174716711,0.2199999988079071,0.20000000000000001,0.072661072015762329,-0.0023179212585091591,0.070000000298023224,0.050000000000000003,0.0010221295524388552,9.0949470177292824e-12,0,False,4,3
1629,2022-10-01,SOM,3179,0,3,0.75000000000000011,0.51441335678100586,-7.6234420703258365e-05,0.50999999046325684,0.55000000000000004,0.2317596822977066,-0.023076681420207024,0.20999999344348907,0.15000000000000002,0.06078450009226799,-0.0055245268158614635,0.059999998658895493,0.050000000000000003,0.0010221295524388552,9.0949470177292824e-12,0,False,3,3
1633,2022-01-01,YEM,3179,2,3,0.82000000000000006,0.59147065877914429,-0.00016014698485378176,0.5899999737739563,0.55000000000000004,0.29267218708992004,-0.00072840845678001642,0.28999999165534973,0.17999999999999999,0.086761809885501862,0.0020786446984857321,0.090000003576278687,0,0.0011075058719143271,-1.3824319466948509e-10,0,False,3,3
1635,2022-07-01,SOM,3186,0,4,0.80000000000000016,0.49259656667709351,-7.6319622166920453e-05,0.49000000953674316,0.60000000000000009,0.21919882297515869,-0.0078765638172626495,0.20999999344348907,0.20000000000000001,0.059949927031993866,-0.0023179212585091591,0.059999998658895493,0.050000000000000003,0.0010221295524388552,9.0949470177292824e-12,0,False,4,3
1638,2022-01-01,SOM,3190,0,3,0.43000000000000005,0.53529167175292969,-4.8399379011243582e-05,0.54000002145767212,0.22,0.27172103524208069,0.0012043474707752466,0.27000001072883606,0.02,0.054044470191001892,-0.00099128542933613062,0.05000000074505806,0,0.0010221295524388552,9.0949470177292824e-12,0,False,3,3
1638,2022-05-01,SOM,3191,0,3,0.60999999999999999,0.46989303827285767,-1.418146348441951e-05,0.4699999988079071,0.37,0.21582986414432526,0.0032865728717297316,0.2199999988079071,0.080000000000000002,0.056533094495534897,-0.00099128542933613062,0.059999998658895493,0,0.0010221295524388552,9.0949470177292824e-12,0,False,3,3
1640,2022-01-01,SOM,3196,0,3,0.43000000000000005,0.5412784218788147,-8.3156708569731563e-05,0.54000002145767212,0.22,0.23184430599212646,0.0012043474707752466,0.23000000417232513,0.02,0.048013240098953247,-0.00099128542933613062,0.05000000074505806,0,0.0010221295524388552,9.0949470177292824e-12,0,False,3,3
1640,2022-05-01,SOM,3197,0,3,0.60999999999999999,0.54972344636917114,7.130191534088226e-06,0.55000001192092896,0.37,0.23468856513500214,0.0032865728717297316,0.23999999463558197,0.080000000000000002,0.050243515521287918,-0.00099128542933613062,0.05000000074505806,0,0.0010221295524388552,9.0949470177292824e-12,0,False,3,3
1640,2022-10-01,SOM,3198,0,3,0.75000000000000011,0.54855477809906006,0.00058414164232090116,0.55000001192092896,0.55000000000000004,0.24722835421562195,0.0012043474707752466,0.25,0.15000000000000002,0.050265930593013763,-0.00099128542933613062,0.05000000074505806,0.050000000000000003,0.0010221295524388552,9.0949470177292824e-12,0,False,3,3
1646,2022-01-01,SOM,3199,0,3,0.43000000000000005,0.50748491287231445,-3.0003602660144679e-05,0.50999999046325684,0.22,0.2668476402759552,0.0012043474707752466,0.27000001072883606,0.02,0.054044470191001892,-0.00099128542933613062,0.05000000074505806,0,0.0010221295524388552,9.0949470177292824e-12,0,False,3,3
1646,2022-05-01,SOM,3200,0,3,0.60999999999999999,0.4785744845867157,2.5405166525160894e-05,0.47999998927116394,0.37,0.24628579616546631,0.0032865728717297316,0.25,0.080000000000000002,0.056533094495534897,-0.00099128542933613062,0.059999998658895493,0,0.0010221295524388552,9.0949470177292824e-12,0,False,3,3
1648,2022-01-01,YEM,3218,1,3,0.82000000000000006,0.57179898023605347,-0.00018562983314041048,0.56999999284744263,0.55000000000000004,0.29138526320457458,0.0025156298652291298,0.28999999165534973,0.17999999999999999,0.089138567447662354,0.0055010635405778885,0.090000003576278687,0,0.0010606431169435382,1.0913936421275139e-10,0,False,3,3
1650,2022-05-01,SOM,3207,2,3,0.76000000000000001,0.54648959636688232,-0.00031863164622336626,0.55000001192092896,0.43000000000000005,0.32131630182266235,0.0047959745861589909,0.33000001311302185,0.10000000000000001,0.075618796050548553,-0.0011322528589516878,0.070000000298023224,0,0.0011075058719143271,-1.3824319466948509e-10,0,False,3,3
1650,2022-07-01,SOM,3208,2,3,0.70000000000000007,0.59315979480743408,-0.00035351363476365805,0.5899999737739563,0.5,0.33601227402687073,0.0065831788815557957,0.34000000357627869,0.10000000000000001,0.07823605090379715,-0.0011322528589516878,0.079999998211860657,0,0.0011075058719143271,-1.3824319466948509e-10,0,False,3,3
1650,2022-10-01,SOM,3209,2,3,0.70000000000000007,0.56512254476547241,-0.00019451338448561728,0.56000000238418579,0.5,0.32107308506965637,0.0047959745861589909,0.33000001311302185,0.10000000000000001,0.077210396528244019,-0.0011322528589516878,0.079999998211860657,0,0.0011075058719143271,-1.3824319466948509e-10,0,False,3,3
1652,2022-01-01,SOM,3242,3,3,0.54000000000000004,0.55593359470367432,0.00019328948110342026,0.56000000238418579,0.22,0.23892807960510254,0.0058396835811436176,0.23999999463558197,0.02,0.05803394690155983,-0.0025611994788050652,0.059999998658895493,0,0.00089907192159444094,-6.5483618527650833e-11,0,False,3,3
1659,2022-08-01,MDG,3218,2,3,0.75,0.55372405052185059,-5.2117611630819738e-05,0.55000001192092896,0.34999999999999998,0.19070246815681458,0.0010587964206933975,0.18999999761581421,0.050000000000000003,0.056759193539619446,-0.0011322528589516878,0.059999998658895493,0,0.0011075058719143271,-1.3824319466948509e-10,0,False,3,2
1660,2022-08-01,MDG,3217,0,3,0.75,0.51797336339950562,0.00029896388878114522,0.51999998092651367,0.34999999999999998,0.25479975342750549,0.017214277759194374,0.27000001072883606,0.050000000000000003,0.046858955174684525,0.0034443764016032219,0.05000000074505806,0,0.0010221295524388552,9.0949470177292824e-12,0,False,3,3
1663,2022-01-01,SOM,3193,4,3,0.37,0.56337946653366089,-0.00024123318144120276,0.56000000238418579,0.20999999999999999,0.26282921433448792,0.0066279317252337933,0.27000001072883606,0.059999999999999998,0.062772944569587708,-0.0023152376525104046,0.059999998658895493,0,0.0011559246340766549,-7.7761797001585364e-11,0,False,3,3
1663,2022-05-01,SOM,3194,4,3,0.65000000000000002,0.5565035343170166,-0.00011823542445199564,0.56000000238418579,0.41999999999999998,0.27970373630523682,0.0066279317252337933,0.28999999165534973,0.11,0.071826756000518799,-0.0023152376525104046,0.070000000298023224,0,0.0011559246340766549,-7.7761797001585364e-11,0,False,3,3
1663,2022-07-01,SOM,3195,4,3,0.55000000000000004,0.64299285411834717,-0.00031700899126008153,0.63999998569488525,0.34999999999999998,0.28614577651023865,-0.014677319675683975,0.27000001072883606,0.10000000000000001,0.076262108981609344,-0.0046369540505111217,0.070000000298023224,0,0.0011559246340766549,-7.7761797001585364e-11,0,False,3,3
1663,2022-10-01,SOM,3196,4,3,0.55000000000000004,0.52196455001831055,0.00011113224900327623,0.51999998092651367,0.34999999999999998,0.31964674592018127,-0.00057039689272642136,0.31999999284744263,0.10000000000000001,0.076713182032108307,-0.0023152376525104046,0.070000000298023224,0,0.0011559246340766549,-7.7761797001585364e-11,0,False,3,3
1664,2022-01-01,SOM,3227,0,3,0.37,0.51066768169403076,0.0003306075232103467,0.50999999046325684,0.20999999999999999,0.26742789149284363,0.0037974142469465733,0.27000001072883606,0.059999999999999998,0.068441443145275116,-0.00099128542933613062,0.070000000298023224,0,0.0010221295524388552,9.0949470177292824e-12,0,False,3,3
1664,2022-05-01,SOM,3228,0,3,0.65000000000000002,0.50109827518463135,0.00015511768287979066,0.5,0.41999999999999998,0.23752342164516449,0.0032865728717297316,0.23999999463558197,0.11,0.06869979202747345,-0.00099128542933613062,0.070000000298023224,0,0.0010221295524388552,9.0949470177292824e-12,0,False,3,3
1664,2022-07-01,SOM,3229,0,3,0.55000000000000004,0.57944649457931519,-0.00022988709679339081,0.57999998331069946,0.34999999999999998,0.2538851797580719,-0.018668787553906441,0.23999999463558197,0.10000000000000001,0.084997981786727905,-0.007409906480461359,0.079999998211860657,0,0.0010221295524388552,9.0949470177292824e-12,0,False,3,3
1664,2022-10-01,SOM,3230,0,3,0.55000000000000004,0.55724102258682251,-0.0010904013179242611,0.56000000238418579,0.34999999999999998,0.24490217864513397,-0.015173483639955521,0.23000000417232513,0.10000000000000001,0.066424518823623657,-0.00099128542933613062,0.070000000298023224,0,0.0010221295524388552,9.0949470177292824e-12,0,False,3,3
1665,2022-08-01,MDG,3204,4,2,0.75,0.48714578151702881,0.00018621888011693954,0.49000000953674316,0.14999999999999999,0.22376430034637451,0.006458895280957222,0.23000000417232513,0,0.039082221686840057,0.001182905281893909,0.039999999105930328,0,0.0011559246340766549,-7.7761797001585364e-11,0,False,2,3
1666,2022-08-01,MDG,3248,1,2,0.75,0.5568729043006897,5.7505981203576084e-06,0.56000000238418579,0.14999999999999999,0.22229604423046112,0.010824046097695827,0.23000000417232513,0,0.057000257074832916,0.004756757989525795,0.059999998658895493,0,0.0010606431169435382,1.0913936421275139e-10,0,False,2,3
1667,2022-01-01,SOM,3233,0,3,0.37,0.47654905915260315,0.00043375545646995306,0.47999998927116394,0.20999999999999999,0.26779651641845703,-0.0034883248154073954,0.25999999046325684,0.059999999999999998,0.070960775017738342,-0.00099128542933613062,0.070000000298023224,0,0.0010221295524388552,9.0949470177292824e-12,0,False,3,3
1667,2022-05-01,SOM,3234,0,3,0.65000000000000002,0.48880979418754578,0.00022877930314280093,0.49000000953674316,0.41999999999999998,0.21272210776805878,0.0043238424696028233,0.2199999988079071,0.11,0.073449403047561646,-0.00099128542933613062,0.070000000298023224,0,0.0010221295524388552,9.0949470177292824e-12,0,False,3,3
1667,2022-07-01,SOM,3235,0,3,0.55000000000000004,0.53970623016357422,-3.8883867091499269e-05,0.54000002145767212,0.34999999999999998,0.25939193367958069,0.0076120644807815552,0.27000001072883606,0.10000000000000001,0.09506651759147644,0.0022153202444314957,0.10000000149011612,0,0.0010221295524388552,9.0949470177292824e-12,0,False,3,3
1667,2022-10-01,SOM,3236,0,3,0.55000000000000004,0.5298805832862854,-0.00092934793792665005,0.52999997138977051,0.34999999999999998,0.25187826156616211,0.0043238424696028233,0.25999999046325684,0.10000000000000001,0.068943850696086884,-0.00099128542933613062,0.070000000298023224,0,0.0010221295524388552,9.0949470177292824e-12,0,False,3,3
1668,2022-08-01,MDG,3213,4,3,0.69999999999999996,0.54852485656738281,0.00017126549209933728,0.55000001192092896,0.25,0.22908808290958405,0.006458895280957222,0.23999999463558197,0,0.041989382356405258,0.001182905281893909,0.039999999105930328,0,0.0011559246340766549,-7.7761797001585364e-11,0,False,3,3
1669,2022-08-01,MDG,3238,0,3,0.69999999999999996,0.52216947078704834,0.0002128222695318982,0.51999998092651367,0.25,0.24592825770378113,0.017214277759194374,0.25999999046325684,0,0.046858955174684525,0.0034443764016032219,0.05000000074505806,0,0.0010221295524388552,9.0949470177292824e-12,0,False,3,3
1670,2022-08-01,MDG,3277,3,3,0.69999999999999996,0.53696334362030029,6.5432577684987336e-05,0.54000002145767212,0.25,0.23145967721939087,0.005795696284621954,0.23999999463558197,0,0.049948245286941528,0.00093390350230038166,0.05000000074505806,0,0.00089907192159444094,-6.5483618527650833e-11,0,False,3,3
1671,2022-01-01,SOM,3240,0,3,0.37,0.50067883729934692,0.00014665648632217199,0.5,0.20999999999999999,0.27512258291244507,-0.0034883248154073954,0.27000001072883606,0.059999999999999998,0.070960775017738342,-0.00099128542933613062,0.070000000298023224,0,0.0010221295524388552,9.0949470177292824e-12,0,False,3,3
1671,2022-05-01,SOM,3241,0,3,0.65000000000000002,0.48977753520011902,1.4882851246511564e-05,0.49000000953674316,0.41999999999999998,0.21819432079792023,0.0043238424696028233,0.2199999988079071,0.11,0.073449403047561646,-0.00099128542933613062,0.070000000298023224,0,0.0010221295524388552,9.0949470177292824e-12,0,False,3,3
1671,2022-07-01,SOM,3242,0,3,0.55000000000000004,0.51637727022171021,-0.00027936993865296245,0.51999998092651367,0.34999999999999998,0.25899198651313782,0.0076120644807815552,0.27000001072883606,0.10000000000000001,0.09506651759147644,0.0022153202444314957,0.10000000149011612,0,0.0010221295524388552,9.0949470177292824e-12,0,False,3,3
1671,2022-10-01,SOM,3243,0,3,0.55000000000000004,0.54478377103805542,-0.001460301224142313,0.54000002145767212,0.34999999999999998,0.2290944904088974,0.0043238424696028233,0.23000000417232513,0.10000000000000001,0.068943850696086884,-0.00099128542933613062,0.070000000298023224,0,0.0010221295524388552,9.0949470177292824e-12,0,False,3,3
1672,2022-01-01,YEM,3266,1,3,0.82000000000000006,0.50801032781600952,-0.00016061085625551641,0.50999999046325684,0.55000000000000004,0.30358567833900452,0.0025156298652291298,0.31000000238418579,0.17999999999999999,0.089138567447662354,0.0055010635405778885,0.090000003576278687,0,0.0010606431169435382,1.0913936421275139e-10,0,False,3,3
1673,2022-10-01,SOM,3286,3,3,0.55000000000000004,0.55331462621688843,0.0016325939213857055,0.55000001192092896,0.34999999999999998,0.31021878123283386,-0.0037294221110641956,0.31000000238418579,0.10000000000000001,0.0637059286236763,-0.0025611994788050652,0.059999998658895493,0,0.00089907192159444094,-6.5483618527650833e-11,0,False,3,3
1674,2022-10-01,SOM,3261,2,3,0.55000000000000004,0.54167866706848145,0.00013335584662854671,0.54000002145767212,0.34999999999999998,0.36647433042526245,0.024078536778688431,0.38999998569488525,0.10000000000000001,0.064261406660079956,-0.0011322528589516878,0.059999998658895493,0,0.0011075058719143271,-1.3824319466948509e-10,0,False,3,3
1675,2022-01-01,SOM,3262,2,3,0.54000000000000004,0.50866854190826416,-0.00064310821471735835,0.50999999046325684,0.22,0.31922683119773865,0.0047959745861589909,0.31999999284744263,0.02,0.072839796543121338,-0.0011322528589516878,0.070000000298023224,0,0.0011075058719143271,-1.3824319466948509e-10,0,False,3,3
1675,2022-05-01,SOM,3263,2,3,0.76000000000000001,0.54714715480804443,-0.00036569524672813714,0.55000001192092896,0.43000000000000005,0.32256039977073669,0.0047959745861589909,0.33000001311302185,0.10000000000000001,0.071706116199493408,-0.0011322528589516878,0.070000000298023224,0,0.0011075058719143271,-1.3824319466948509e-10,0,False,3,3
1675,2022-07-01,SOM,3264,2,3,0.70000000000000007,0.63340896368026733,-0.00018976733554154634,0.62999999523162842,0.5,0.35193678736686707,0.00085575098637491465,0.34999999403953552,0.10000000000000001,0.079666376113891602,-0.0061956765130162239,0.070000000298023224,0,0.0011075058719143271,-1.3824319466948509e-10,0,False,3,3
1675,2022-10-01,SOM,3265,2,3,0.70000000000000007,0.54381245374679565,-7.2642746090423316e-05,0.54000002145767212,0.5,0.32138174772262573,0.0047959745861589909,0.33000001311302185,0.10000000000000001,0.077210396528244019,-0.0011322528589516878,0.079999998211860657,0,0.0011075058719143271,-1.3824319466948509e-10,0,False,3,3
1681,2022-10-01,SOM,3273,0,3,0.70000000000000007,0.5323415994644165,-0.00015621194324921817,0.52999997138977051,0.5,0.2297862321138382,0.0012043474707752466,0.23000000417232513,0.10000000000000001,0.072186946868896484,-0.00099128542933613062,0.070000000298023224,0,0.0010221295524388552,9.0949470177292824e-12,0,False,3,3
1683,2022-10-01,SOM,3312,3,3,0.55000000000000004,0.56097698211669922,0.0022020572796463966,0.56000000238418579,0.34999999999999998,0.33475461602210999,0.0015417966060340405,0.34000000357627869,0.10000000000000001,0.0637059286236763,-0.0025611994788050652,0.059999998658895493,0,0.00089907192159444094,-6.5483618527650833e-11,0,False,3,3
1686,2022-08-01,MDG,3282,0,3,0.75,0.51578575372695923,0.00029896388878114522,0.51999998092651367,0.34999999999999998,0.23033954203128815,0.014450473710894585,0.23999999463558197,0.050000000000000003,0.046858955174684525,0.0034443764016032219,0.05000000074505806,0,0.0010221295524388552,9.0949470177292824e-12,0,False,3,3
1687,2022-08-01,MDG,3306,1,3,0.75,0.5781550407409668,-0.00051625515334308147,0.57999998331069946,0.34999999999999998,0.20117674767971039,0.010824046097695827,0.20999999344348907,0.050000000000000003,0.061406966298818588,0.004756757989525795,0.070000000298023224,0,0.0010606431169435382,1.0913936421275139e-10,0,False,3,3
1691,2022-01-01,SOM,3309,1,3,0.54000000000000004,0.64442598819732666,5.0926129915751517e-05,0.63999998569488525,0.22,0.30567622184753418,0.0037041998002678156,0.31000000238418579,0.02,0.076841570436954498,-0.0027875411324203014,0.070000000298023224,0,0.0010606431169435382,1.0913936421275139e-10,0,False,3,3
1691,2022-05-01,SOM,3310,1,3,0.76000000000000001,0.55091816186904907,4.8282541683875024e-05,0.55000001192092896,0.43000000000000005,0.26558485627174377,0.0037041998002678156,0.27000001072883606,0.10000000000000001,0.07890620082616806,-0.0027875411324203014,0.079999998211860657,0,0.0010606431169435382,1.0913936421275139e-10,0,False,3,3
1691,2022-07-01,SOM,3311,1,3,0.70000000000000007,0.58313196897506714,0.00033010085462592542,0.57999998331069946,0.5,0.22217486798763275,-0.00333992182277143,0.2199999988079071,0.10000000000000001,0.088141873478889465,-0.0032056844793260098,0.079999998211860657,0,0.0010606431169435382,1.0913936421275139e-10,0,False,3,3
1691,2022-10-01,SOM,3312,1,3,0.70000000000000007,0.58476591110229492,6.9123307184781879e-05,0.57999998331069946,0.5,0.27570277452468872,0.0049874424003064632,0.2800000011920929,0.10000000000000001,0.086678177118301392,-0.0027875411324203014,0.079999998211860657,0,0.0010606431169435382,1.0913936421275139e-10,0,False,3,3
1692,2022-10-01,SOM,3292,0,3,0.55000000000000004,0.56276059150695801,9.0070912847295403e-05,0.56000000238418579,0.34999999999999998,0.19572165608406067,0.029936188831925392,0.23000000417232513,0.10000000000000001,0.066424518823623657,-0.00099128542933613062,0.070000000298023224,0,0.0010221295524388552,9.0949470177292824e-12,0,False,3,3
1695,2022-01-01,SOM,3295,0,3,0.54000000000000004,0.53749895095825195,3.8537884393008426e-05,0.54000002145767212,0.22,0.2137182354927063,0.012209058739244938,0.23000000417232513,0.02,0.055130552500486374,-0.00099128542933613062,0.05000000074505806,0,0.0010221295524388552,9.0949470177292824e-12,0,False,3,3
1695,2022-05-01,SOM,3296,0,3,0.76000000000000001,0.56345754861831665,-6.1310174714890309e-06,0.56000000238418579,0.43000000000000005,0.23520824313163757,0.014291283674538136,0.25,0.10000000000000001,0.055388901382684708,-0.00099128542933613062,0.05000000074505806,0,0.0010221295524388552,9.0949470177292824e-12,0,False,3,3
1695,2022-07-01,SOM,3297,0,3,0.75000000000000011,0.56724303960800171,-0.00032072392059490085,0.56999999284744263,0.55000000000000004,0.24134387075901031,0.016404451802372932,0.25999999046325684,0.15000000000000002,0.079350598156452179,-0.0028766649775207043,0.079999998211860657,0.050000000000000003,0.0010221295524388552,9.0949470177292824e-12,0,False,3,3
1695,2022-10-01,SOM,3298,0,3,0.75000000000000011,0.50283139944076538,-0.00021611567353829741,0.5,0.55000000000000004,0.22560811042785645,0.012209058739244938,0.23999999463558197,0.15000000000000002,0.056555505841970444,-0.0060832686722278595,0.05000000074505806,0.050000000000000003,0.0010221295524388552,9.0949470177292824e-12,0,False,3,3
1696,2022-01-01,SOM,3327,1,3,0.54000000000000004,0.54322046041488647,0.00043370440835133195,0.54000002145767212,0.22,0.26303291320800781,0.023699186742305756,0.28999999165534973,0.02,0.076841570436954498,-0.0027875411324203014,0.070000000298023224,0,0.0010606431169435382,1.0913936421275139e-10,0,False,3,3
1696,2022-05-01,SOM,3328,1,3,0.76000000000000001,0.53655368089675903,3.9029942854540423e-05,0.54000002145767212,0.43000000000000005,0.30429443717002869,0.023699186742305756,0.33000001311302185,0.10000000000000001,0.076841570436954498,-0.0027875411324203014,0.070000000298023224,0,0.0010606431169435382,1.0913936421275139e-10,0,False,3,3
1696,2022-07-01,SOM,3329,1,3,0.75000000000000011,0.59218394756317139,3.8503545511048287e-05,0.5899999737739563,0.55000000000000004,0.2670477032661438,0.028525665402412415,0.30000001192092896,0.15000000000000002,0.097721867263317108,0.0038155787624418736,0.10000000149011612,0.050000000000000003,0.0010606431169435382,1.0913936421275139e-10,0,False,3,3
1696,2022-10-01,SOM,3330,1,3,0.75000000000000011,0.52226024866104126,4.4069918658351526e-05,0.51999998092651367,0.55000000000000004,0.32990971207618713,0.024982426315546036,0.34999999403953552,0.15000000000000002,0.099095173180103302,-0.0027875411324203014,0.10000000149011612,0.050000000000000003,0.0010606431169435382,1.0913936421275139e-10,0,False,3,3
1698,2022-05-01,SOM,3331,1,3,0.76000000000000001,0.55103552341461182,-0.00022508320398628712,0.55000001192092896,0.43000000000000005,0.27073612809181213,0.0074715805239975452,0.2800000011920929,0.10000000000000001,0.05518689751625061,-0.0027875411324203014,0.05000000074505806,0,0.0010606431169435382,1.0913936421275139e-10,0,False,3,3
1698,2022-10-01,SOM,3332,1,3,0.75000000000000011,0.5455629825592041,-0.00015304514090530574,0.55000001192092896,0.55000000000000004,0.24633853137493134,0.0087548214942216873,0.25999999046325684,0.15000000000000002,0.065735518932342529,-0.0027875411324203014,0.059999998658895493,0.050000000000000003,0.0010606431169435382,1.0913936421275139e-10,0,False,3,3
1702,2022-10-01,SOM,3321,2,3,0.70000000000000007,0.54892903566360474,4.6216002374421805e-05,0.55000001192092896,0.5,0.32381042838096619,0.0047959745861589909,0.33000001311302185,0.10000000000000001,0.077210396528244019,-0.0011322528589516878,0.079999998211860657,0,0.0011075058719143271,-1.3824319466948509e-10,0,False,3,3
1712,2022-01-01,SOM,3342,1,3,0.47000000000000003,0.50606709718704224,0.00018628587713465095,0.50999999046325684,0.20000000000000001,0.29546824097633362,0.0074715805239975452,0.30000001192092896,0.050000000000000003,0.083215631544589996,-0.0027875411324203014,0.079999998211860657,0,0.0010606431169435382,1.0913936421275139e-10,0,False,3,3
1712,2022-05-01,SOM,3343,1,3,0.67999999999999994,0.45591869950294495,8.5759485955350101e-05,0.46000000834465027,0.39000000000000001,0.27939313650131226,0.0074715805239975452,0.28999999165534973,0.10000000000000001,0.08038010448217392,-0.0027875411324203014,0.079999998211860657,0,0.0010606431169435382,1.0913936421275139e-10,0,False,3,3
1712,2022-10-01,SOM,3344,1,3,0.55000000000000004,0.44808569550514221,-0.00047027456457726657,0.44999998807907104,0.34999999999999998,0.25978919863700867,0.0074715805239975452,0.27000001072883606,0.10000000000000001,0.085855178534984589,-0.0027875411324203014,0.079999998211860657,0,0.0010606431169435382,1.0913936421275139e-10,0,False,3,3
1715,2022-01-01,SOM,3336,2,3,0.47000000000000003,0.47095361351966858,-0.00023274144041351974,0.4699999988079071,0.20000000000000001,0.32072389125823975,0.0047959745861589909,0.33000001311302185,0.050000000000000003,0.072951816022396088,-0.0011322528589516878,0.070000000298023224,0,0.0011075058719143271,-1.3824319466948509e-10,0,False,3,3
1715,2022-05-01,SOM,3337,2,3,0.67999999999999994,0.50719141960144043,-0.00034910981776192784,0.50999999046325684,0.39000000000000001,0.30355873703956604,0.0047959745861589909,0.31000000238418579,0.10000000000000001,0.071818135678768158,-0.0011322528589516878,0.070000000298023224,0,0.0011075058719143271,-1.3824319466948509e-10,0,False,3,3
1715,2022-10-01,SOM,3338,2,3,0.55000000000000004,0.48921099305152893,-0.00031926634255796671,0.49000000953674316,0.34999999999999998,0.32597047090530396,0.0047959745861589909,0.33000001311302185,0.10000000000000001,0.077210396528244019,-0.0011322528589516878,0.079999998211860657,0,0.0011075058719143271,-1.3824319466948509e-10,0,False,3,3
1718,2022-01-01,SOM,3335,0,3,0.47000000000000003,0.47460594773292542,-0.00011340213677613065,0.4699999988079071,0.20000000000000001,0.21484026312828064,-0.0007245223387144506,0.20999999344348907,0.050000000000000003,0.070960775017738342,-0.00099128542933613062,0.070000000298023224,0,0.0010221295524388552,9.0949470177292824e-12,0,False,3,3
1718,2022-05-01,SOM,3336,0,3,0.67999999999999994,0.51793414354324341,3.6930749047314748e-05,0.51999998092651367,0.39000000000000001,0.20204707980155945,0.0032865728717297316,0.20999999344348907,0.10000000000000001,0.071219123899936676,-0.00099128542933613062,0.070000000298023224,0,0.0010221295524388552,9.0949470177292824e-12,0,False,3,3
1718,2022-10-01,SOM,3337,0,3,0.70000000000000007,0.48509684205055237,-0.000687946449033916,0.47999998927116394,0.5,0.23664157092571259,-0.0093276286497712135,0.23000000417232513,0.10000000000000001,0.072186946868896484,-0.00099128542933613062,0.070000000298023224,0,0.0010221295524388552,9.0949470177292824e-12,0,False,3,3
1719,2022-01-01,SOM,3345,2,3,0.47000000000000003,0.4805656373500824,-1.0242306416330393e-05,0.47999998927116394,0.20000000000000001,0.29629689455032349,0.0047959745861589909,0.30000001192092896,0.050000000000000003,0.072951816022396088,-0.0011322528589516878,0.070000000298023224,0,0.0011075058719143271,-1.3824319466948509e-10,0,False,3,3
1719,2022-05-01,SOM,3346,2,3,0.67999999999999994,0.49021774530410767,-2.3684875486651435e-05,0.49000000953674316,0.39000000000000001,0.28409773111343384,0.0047959745861589909,0.28999999165534973,0.10000000000000001,0.074274115264415741,-0.0011322528589516878,0.070000000298023224,0,0.0011075058719143271,-1.3824319466948509e-10,0,False,3,3
1719,2022-10-01,SOM,3347,2,3,0.70000000000000007,0.40453141927719116,-8.6812062363605946e-05,0.40000000596046448,0.5,0.30935448408126831,0.054767206311225891,0.36000001430511475,0.10000000000000001,0.07259853184223175,-0.0011322528589516878,0.070000000298023224,0,0.0011075058719143271,-1.3824319466948509e-10,0,False,3,3
1721,2022-10-01,SOM,3337,4,3,0.59999999999999998,0.50174885988235474,-0.0001025444726110436,0.5,0.40000000000000002,0.26341107487678528,0.00090741168241947889,0.25999999046325684,0.10000000000000001,0.10190039128065109,-0.0067774965427815914,0.10000000149011612,0,0.0011559246340766549,-7.7761797001585364e-11,0,False,3,3
1727,2022-01-01,SOM,3351,0,2,0.32000000000000001,0.50598341226577759,-0.00011186136543983594,0.50999999046325684,0.14000000000000001,0.27708128094673157,0.0085660433396697044,0.28999999165534973,0.040000000000000001,0.07182949036359787,-0.00099128542933613062,0.070000000298023224,0,0.0010221295524388552,9.0949470177292824e-12,0,False,2,3
1727,2022-05-01,SOM,3352,0,3,0.47000000000000003,0.50502097606658936,-0.00017892027972266078,0.5,0.23999999999999999,0.227828249335289,0.012209058739244938,0.23999999463558197,0.059999999999999998,0.072087839245796204,-0.00099128542933613062,0.070000000298023224,0,0.0010221295524388552,9.0949470177292824e-12,0,False,3,3
1727,2022-07-01,SOM,3353,0,3,0.5,0.53465718030929565,8.1017147749662399e-05,0.52999997138977051,0.29999999999999999,0.23868793249130249,-0.0078765638172626495,0.23000000417232513,0.050000000000000003,0.089670896530151367,-0.007409906480461359,0.079999998211860657,0,0.0010221295524388552,9.0949470177292824e-12,0,False,3,3
1727,2022-10-01,SOM,3354,0,3,0.5,0.52117335796356201,5.2925282943760976e-05,0.51999998092651367,0.29999999999999999,0.22613152861595154,0.013209055177867413,0.23999999463558197,0.050000000000000003,0.073372706770896912,-0.00099128542933613062,0.070000000298023224,0,0.0010221295524388552,9.0949470177292824e-12,0,False,3,3
1728,2022-01-01,SOM,3363,2,2,0.32000000000000001,0.47690927982330322,-0.00021440598357003182,0.47999998927116394,0.14000000000000001,0.31338849663734436,-4.1501334635540843e-05,0.31000000238418579,0.040000000000000001,0.072245977818965912,-0.0011322528589516878,0.070000000298023224,0,0.0011075058719143271,-1.3824319466948509e-10,0,False,2,3
1728,2022-05-01,SOM,3364,2,3,0.47000000000000003,0.5253337025642395,-0.00023132516071200371,0.52999997138977051,0.23999999999999999,0.28343307971954346,0.0047959745861589909,0.28999999165534973,0.059999999999999998,0.063368991017341614,-0.0011322528589516878,0.059999998658895493,0,0.0011075058719143271,-1.3824319466948509e-10,0,False,3,3
1728,2022-07-01,SOM,3365,2,3,0.5,0.51816684007644653,-0.00047645517042838037,0.51999998092651367,0.29999999999999999,0.29090198874473572,0.00085575098637491465,0.28999999165534973,0.050000000000000003,0.063776485621929169,-0.0061956765130162239,0.059999998658895493,0,0.0011075058719143271,-1.3824319466948509e-10,0,False,3,3
1728,2022-10-01,SOM,3366,2,3,0.5,0.49461093544960022,-0.00019831450481433421,0.49000000953674316,0.29999999999999999,0.33567690849304199,0.0047959745861589909,0.34000000357627869,0.050000000000000003,0.063368991017341614,-0.0011322528589516878,0.059999998658895493,0,0.0011075058719143271,-1.3824319466948509e-10,0,False,3,3
1729,2022-01-01,SOM,3410,3,2,0.32000000000000001,0.4486413300037384,-0.00032035939511843026,0.44999998807907104,0.14000000000000001,0.2334744930267334,0.0090070022270083427,0.23999999463558197,0.040000000000000001,0.061554126441478729,-0.0025611994788050652,0.059999998658895493,0,0.00089907192159444094,-6.5483618527650833e-11,0,False,2,3
1729,2022-10-01,SOM,3411,3,3,0.55000000000000004,0.55177277326583862,0.0001714897807687521,0.55000001192092896,0.34999999999999998,0.3016020655632019,0.010168143548071384,0.31000000238418579,0.10000000000000001,0.0637059286236763,-0.0025611994788050652,0.059999998658895493,0,0.00089907192159444094,-6.5483618527650833e-11,0,False,3,3
1730,2022-01-01,SOM,3364,0,2,0.32000000000000001,0.50939095020294189,-9.2028210929129273e-05,0.50999999046325684,0.14000000000000001,0.24967624247074127,0.0085660433396697044,0.25999999046325684,0.040000000000000001,0.065166905522346497,-0.00099128542933613062,0.059999998658895493,0,0.0010221295524388552,9.0949470177292824e-12,0,False,2,3
1730,2022-10-01,SOM,3365,0,3,0.55000000000000004,0.56188589334487915,-0.00055195804452523589,0.56000000238418579,0.34999999999999998,0.21076270937919617,0.014291283674538136,0.23000000417232513,0.10000000000000001,0.067677944898605347,-0.00099128542933613062,0.070000000298023224,0,0.0010221295524388552,9.0949470177292824e-12,0,False,3,3
1736,2022-01-01,SOM,3414,3,2,0.32000000000000001,0.54137569665908813,-0.00060155033133924007,0.54000002145767212,0.14000000000000001,0.25672256946563721,0.0090070022270083427,0.27000001072883606,0.040000000000000001,0.05725686252117157,-0.0025611994788050652,0.05000000074505806,0,0.00089907192159444094,-6.5483618527650833e-11,0,False,2,3
1736,2022-05-01,SOM,3415,3,3,0.47000000000000003,0.5444486141204834,-0.00021482926968019456,0.54000002145767212,0.23999999999999999,0.27352392673492432,0.012582872994244099,0.28999999165534973,0.059999999999999998,0.05725686252117157,-0.0025611994788050652,0.05000000074505806,0,0.00089907192159444094,-6.5483618527650833e-11,0,False,3,3
1736,2022-07-01,SOM,3416,3,3,0.55000000000000004,0.56776833534240723,-0.0007485048845410347,0.56999999284744263,0.34999999999999998,0.32764279842376709,-0.0072353803552687168,0.31999999284744263,0.10000000000000001,0.067687526345252991,-0.007649274542927742,0.059999998658895493,0,0.00089907192159444094,-6.5483618527650833e-11,0,False,3,3
1736,2022-10-01,SOM,3417,3,3,0.55000000000000004,0.52697491645812988,0.00037137241452001035,0.52999997138977051,0.34999999999999998,0.28827777504920959,0.0030137719586491585,0.28999999165534973,0.10000000000000001,0.06413838267326355,-0.0025611994788050652,0.059999998658895493,0,0.00089907192159444094,-6.5483618527650833e-11,0,False,3,3
1737,2022-01-01,SOM,3366,4,2,0.32000000000000001,0.52077561616897583,-0.00016631139442324638,0.51999998092651367,0.14000000000000001,0.26032695174217224,0.013419952243566513,0.27000001072883606,0.040000000000000001,0.074488960206508636,-0.0023152376525104046,0.070000000298023224,0,0.0011559246340766549,-7.7761797001585364e-11,0,False,2,3
1737,2022-05-01,SOM,3367,4,3,0.47000000000000003,0.52577346563339233,-0.00027359873638488352,0.52999997138977051,0.23999999999999999,0.24427483975887299,0.016808286309242249,0.25999999046325684,0.059999999999999998,0.077160410583019257,-0.0023152376525104046,0.070000000298023224,0,0.0011559246340766549,-7.7761797001585364e-11,0,False,3,3
1737,2022-07-01,SOM,3368,4,3,0.55000000000000004,0.54227215051651001,-5.9835103456862271e-05,0.54000002145767212,0.34999999999999998,0.2236228734254837,-0.016584513708949089,0.20999999344348907,0.10000000000000001,0.081595763564109802,-0.0046369540505111217,0.079999998211860657,0,0.0011559246340766549,-7.7761797001585364e-11,0,False,3,3
1737,2022-10-01,SOM,3369,4,3,0.55000000000000004,0.5011974573135376,0.00043674511834979057,0.5,0.34999999999999998,0.2650531530380249,0.0017405804246664047,0.27000001072883606,0.10000000000000001,0.085061997175216675,-0.0023152376525104046,0.079999998211860657,0,0.0011559246340766549,-7.7761797001585364e-11,0,False,3,3
1738,2022-01-01,SOM,3370,4,2,0.32000000000000001,0.50251233577728271,-0.00075695989653468132,0.5,0.14000000000000001,0.25714772939682007,0.013419952243566513,0.27000001072883606,0.040000000000000001,0.064684852957725525,-0.0023152376525104046,0.059999998658895493,0,0.0011559246340766549,-7.7761797001585364e-11,0,False,2,3
1738,2022-07-01,SOM,3371,4,3,0.5,0.54485565423965454,8.4099658124614507e-05,0.54000002145767212,0.29999999999999999,0.24908526241779327,0.0033689113333821297,0.25,0.050000000000000003,0.071378044784069061,-0.00035615620436146855,0.070000000298023224,0,0.0011559246340766549,-7.7761797001585364e-11,0,False,3,3
1739,2022-01-01,SOM,3429,3,2,0.32000000000000001,0.52652901411056519,-0.00036417713272385299,0.52999997138977051,0.14000000000000001,0.25925853848457336,0.0090070022270083427,0.27000001072883606,0.040000000000000001,0.061554126441478729,-0.0025611994788050652,0.059999998658895493,0,0.00089907192159444094,-6.5483618527650833e-11,0,False,2,3
1739,2022-07-01,SOM,3430,3,3,0.5,0.54348766803741455,-0.00038654007948935032,0.54000002145767212,0.29999999999999999,0.3259117603302002,0.014873036183416843,0.34000000357627869,0.050000000000000003,0.067255072295665741,-0.00099896558094769716,0.070000000298023224,0,0.00089907192159444094,-6.5483618527650833e-11,0,False,3,3
1740,2022-05-01,SOM,3431,3,3,0.47000000000000003,0.54442125558853149,-1.3975263755128253e-05,0.54000002145767212,0.23999999999999999,0.27793744206428528,0.012582872994244099,0.28999999165534973,0.059999999999999998,0.059373889118432999,-0.0025611994788050652,0.059999998658895493,0,0.00089907192159444094,-6.5483618527650833e-11,0,False,3,3
1743,2022-05-01,SOM,3432,3,3,0.47000000000000003,0.55983966588973999,4.5155418774811551e-05,0.56000000238418579,0.23999999999999999,0.26766502857208252,0.0058396835811436176,0.27000001072883606,0.059999999999999998,0.059373889118432999,-0.0025611994788050652,0.059999998658895493,0,0.00089907192159444094,-6.5483618527650833e-11,0,False,3,3
1756,2022-03-01,AFG,3443,3,3,0.79999999999999993,0.67414385080337524,-8.7519219960086048e-05,0.67000001668930054,0.44999999999999996,0.40290233492851257,0.0029316800646483898,0.40999999642372131,0.14999999999999999,0.12572623789310455,-0.00082974007818847895,0.11999999731779099,0,0.00089907192159444094,-6.5483618527650833e-11,0,False,3,3
1756,2022-09-01,AFG,3444,3,3,0.79999999999999993,0.70263278484344482,6.9709902163594961e-05,0.69999998807907104,0.44999999999999996,0.38180181384086609,0.0058396835811436176,0.38999998569488525,0.10000000000000001,0.12572623789310455,0.0059940139763057232,0.12999999523162842,0,0.00089907192159444094,-6.5483618527650833e-11,0,False,3,3
1757,2022-03-01,AFG,3445,3,3,0.84999999999999998,0.65070772171020508,0.00033395044738426805,0.64999997615814209,0.44999999999999996,0.36289471387863159,0.0029316800646483898,0.37000000476837158,0.14999999999999999,0.11359440535306931,-0.00082974007818847895,0.10999999940395355,0,0.00089907192159444094,-6.5483618527650833e-11,0,False,3,3
1757,2022-09-01,AFG,3446,3,3,0.69999999999999996,0.67093890905380249,9.8771997727453709e-05,0.67000001668930054,0.34999999999999998,0.37138336896896362,0.0058396835811436176,0.37999999523162842,0.050000000000000003,0.11359440535306931,0.0059940139763057232,0.11999999731779099,0,0.00089907192159444094,-6.5483618527650833e-11,0,False,3,3
1758,2022-03-01,AFG,3406,4,3,0.69999999999999996,0.67194449901580811,0.00014562607975676656,0.67000001668930054,0.34999999999999998,0.38432097434997559,0.0051552271470427513,0.38999998569488525,0.10000000000000001,0.10077934712171555,-0.00077617750503122807,0.10000000149011612,0,0.0011559246340766549,-7.7761797001585364e-11,0,False,3,3
1758,2022-09-01,AFG,3407,4,3,0.75,0.68314623832702637,0.00048424565466120839,0.68000000715255737,0.34999999999999998,0.37748521566390991,0.0063097360543906689,0.37999999523162842,0.050000000000000003,0.11283046007156372,-0.00077617750503122807,0.10999999940395355,0,0.0011559246340766549,-7.7761797001585364e-11,0,False,3,3
1759,2022-03-01,AFG,3408,4,4,0.84999999999999987,0.7224457859992981,-0.00033631152473390102,0.72000002861022949,0.5,0.393797367811203,0.0051552271470427513,0.40000000596046448,0.20000000000000001,0.10433430224657059,-0.00077617750503122807,0.10000000149011612,0,0.0011559246340766549,-7.7761797001585364e-11,0,False,4,3
1760,2022-07-01,PAK,3460,3,3,0.65000000000000013,0.70850437879562378,-0.00063675612909719348,0.70999997854232788,0.25,0.34755238890647888,-0.0023499778471887112,0.34999999403953552,0.050000000000000003,0.098433256149291992,0.0059940139763057232,0.10000000149011612,0,0.00089907192159444094,-6.5483618527650833e-11,0,False,3,3
1762,2022-03-01,AFG,3440,2,4,0.84999999999999987,0.73387593030929565,0.00031384202884510159,0.73000001907348633,0.55000000000000004,0.36660954356193542,0.0010587964206933975,0.37000000476837158,0.20000000000000001,0.094802089035511017,-0.0011322528589516878,0.090000003576278687,0,0.0011075058719143271,-1.3824319466948509e-10,0,False,4,3
1762,2022-09-01,AFG,3441,2,3,0.84999999999999998,0.75896883010864258,0.00042352828313596547,0.75999999046325684,0.5,0.41173967719078064,0.0047959745861589909,0.41999998688697815,0.14999999999999999,0.10798727720975876,0.0020786446984857321,0.10999999940395355,0,0.0011075058719143271,-1.3824319466948509e-10,0,False,3,3
1763,2022-03-01,AFG,3419,4,3,0.79999999999999993,0.70165634155273438,1.0881416528718546e-05,0.69999998807907104,0.5,0.42201688885688782,0.0051552271470427513,0.43000000715255737,0.14999999999999999,0.10966465622186661,-0.00077617750503122807,0.10999999940395355,0,0.0011559246340766549,-7.7761797001585364e-11,0,False,3,3
1763,2022-09-01,AFG,3420,4,3,0.79999999999999993,0.69697636365890503,-2.4065479010459967e-05,0.69999998807907104,0.34999999999999998,0.40203404426574707,-0.0004944623215124011,0.40000000596046448,0.10000000000000001,0.10623603314161301,-0.00077617750503122807,0.10999999940395355,0,0.0011559246340766549,-7.7761797001585364e-11,0,False,3,3
1766,2022-03-01,AFG,3424,4,3,0.79999999999999993,0.73672395944595337,0.00032491007004864514,0.74000000953674316,0.44999999999999996,0.40778812766075134,0.0051552271470427513,0.40999999642372131,0.14999999999999999,0.11144867539405823,0.0013643655693158507,0.10999999940395355,0,0.0011559246340766549,-7.7761797001585364e-11,0,False,3,3
1766,2022-09-01,AFG,3425,4,3,0.79999999999999993,0.77135252952575684,-0.00020247358770575374,0.76999998092651367,0.40000000000000002,0.41783708333969116,-0.0024374043568968773,0.41999998688697815,0.10000000000000001,0.11408530175685883,-0.00077617750503122807,0.10999999940395355,0,0.0011559246340766549,-7.7761797001585364e-11,0,False,3,3
1767,2022-03-01,AFG,3483,3,3,0.79999999999999993,0.73040008544921875,0.0003249230794608593,0.73000001907348633,0.44999999999999996,0.35956242680549622,0.0029316800646483898,0.36000001430511475,0.14999999999999999,0.098730050027370453,0.00066553801298141479,0.10000000149011612,0,0.00089907192159444094,-6.5483618527650833e-11,0,False,3,3
1767,2022-09-01,AFG,3484,3,3,0.75,0.78597348928451538,-0.0004740772710647434,0.79000002145767212,0.44999999999999996,0.39066359400749207,0.0058396835811436176,0.40000000596046448,0.14999999999999999,0.093764379620552063,0.0059940139763057232,0.10000000149011612,0,0.00089907192159444094,-6.5483618527650833e-11,0,False,3,3
1768,2022-03-01,AFG,3485,3,4,0.89999999999999991,0.63741099834442139,0.00042201729957014322,0.63999998569488525,0.55000000000000004,0.32434877753257751,0.0029316800646483898,0.33000001311302185,0.20000000000000001,0.087997488677501678,-0.00082974007818847895,0.090000003576278687,0,0.00089907192159444094,-6.5483618527650833e-11,0,False,4,3
1768,2022-09-01,AFG,3486,3,3,0.79999999999999993,0.69206124544143677,0.00045630033127963543,0.68999999761581421,0.44999999999999996,0.32560208439826965,0.0058396835811436176,0.33000001311302185,0.14999999999999999,0.087997488677501678,0.0059940139763057232,0.090000003576278687,0,0.00089907192159444094,-6.5483618527650833e-11,0,False,3,3
1769,2022-03-01,AFG,3495,1,4,0.84999999999999998,0.70908921957015991,-0.00023622873413842171,0.70999997854232788,0.5,0.3203100860118866,0.0098262475803494453,0.33000001311302185,0.25,0.094330839812755585,-0.0002239362511318177,0.090000003576278687,0.02,0.0010606431169435382,1.0913936421275139e-10,0,False,4,3
1769,2022-09-01,AFG,3496,1,4,0.80000000000000004,0.71295672655105591,-0.00030340717057697475,0.70999997854232788,0.55000000000000004,0.32051566243171692,0.0062830173410475254,0.33000001311302185,0.20000000000000001,0.10274366289377213,-0.001846362603828311,0.10000000149011612,0,0.0010606431169435382,1.0913936421275139e-10,0,False,4,3
1770,2022-07-01,PAK,3445,4,3,0.60000000000000009,0.69195055961608887,-0.0001622401614440605,0.68999999761581421,0.29999999999999999,0.39857998490333557,-0.0059387460350990295,0.38999998569488525,0.050000000000000003,0.11803741753101349,-0.00077617750503122807,0.11999999731779099,0,0.0011559246340766549,-7.7761797001585364e-11,0,False,3,3
1771,2022-07-01,PAK,3446,4,3,0.60000000000000009,0.7104608416557312,-0.00013439894246403128,0.70999997854232788,0.25,0.39511850476264954,0.0034172793384641409,0.40000000596046448,0.050000000000000003,0.12137329578399658,-0.00077617750503122807,0.11999999731779099,0,0.0011559246340766549,-7.7761797001585364e-11,0,False,3,3
1772,2022-03-01,AFG,3482,0,3,0.79999999999999993,0.72616976499557495,0.00095213385066017509,0.73000001907348633,0.5,0.31666740775108337,0.0025207593571394682,0.31999999284744263,0.14999999999999999,0.098000094294548035,0.0034443764016032219,0.10000000149011612,0,0.0010221295524388552,9.0949470177292824e-12,0,False,3,3
1772,2022-07-01,AFG,3483,0,3,0.65000000000000002,0.76863420009613037,0.00082926586037501693,0.76999998092651367,0.30000000000000004,0.39360201358795166,0.0025207593571394682,0.40000000596046448,0.10000000000000001,0.087848372757434845,0.0034443764016032219,0.090000003576278687,0,0.0010221295524388552,9.0949470177292824e-12,0,False,3,3
1772,2022-09-01,AFG,3484,0,3,0.79999999999999993,0.76838678121566772,0.00020383436640258878,0.76999998092651367,0.40000000000000002,0.40872979164123535,-0.0049215750768780708,0.40000000596046448,0.10000000000000001,0.096952550113201141,0.00023777072783559561,0.10000000149011612,0,0.0010221295524388552,9.0949470177292824e-12,0,False,3,3
1773,2022-03-01,AFG,3485,0,4,0.80000000000000004,0.74754738807678223,0.00039309318526647985,0.75,0.45000000000000001,0.36153087019920349,0.0042499476112425327,0.37000000476837158,0.20000000000000001,0.10257743299007416,0.0034443764016032219,0.10999999940395355,0,0.0010221295524388552,9.0949470177292824e-12,0,False,4,3
1773,2022-07-01,AFG,3486,0,3,0.65000000000000002,0.79438060522079468,0.00066393218003213406,0.80000001192092896,0.30000000000000004,0.40592354536056519,0.0025207593571394682,0.40999999642372131,0.10000000000000001,0.088916152715682983,0.0034443764016032219,0.090000003576278687,0,0.0010221295524388552,9.0949470177292824e-12,0,False,3,3
1773,2022-09-01,AFG,3487,0,3,0.75,0.80047357082366943,-1.6735288227209821e-05,0.80000001192092896,0.34999999999999998,0.4100373387336731,-0.0049215750768780708,0.40999999642372131,0.10000000000000001,0.10152988880872726,0.00023777072783559561,0.10000000149011612,0,0.0010221295524388552,9.0949470177292824e-12,0,False,3,3
1774,2022-03-01,AFG,3499,2,4,0.84999999999999987,0.75853288173675537,0.00050732586532831192,0.75999999046325684,0.5,0.33437186479568481,0.0010587964206933975,0.34000000357627869,0.20000000000000001,0.10758665949106216,-0.0011322528589516878,0.10999999940395355,0,0.0011075058719143271,-1.3824319466948509e-10,0,False,4,3
1774,2022-09-01,AFG,3500,2,3,0.69999999999999996,0.78220349550247192,0.00011786797404056415,0.77999997138977051,0.34999999999999998,0.35095691680908203,-0.00072840845678001642,0.34999999403953552,0.10000000000000001,0.11074619740247726,0.0020786446984857321,0.10999999940395355,0,0.0011075058719143271,-1.3824319466948509e-10,0,False,3,3
1776,2022-03-01,AFG,3526,3,4,0.85000000000000009,0.6328313946723938,0.00063432764727622271,0.62999999523162842,0.45000000000000001,0.31020766496658325,0.005795696284621954,0.31999999284744263,0.20000000000000001,0.087197370827198029,-0.00082974007818847895,0.090000003576278687,0,0.00089907192159444094,-6.5483618527650833e-11,0,False,4,3
1776,2022-09-01,AFG,3527,3,3,0.70000000000000007,0.70681720972061157,0.00011374543828424066,0.70999997854232788,0.40000000000000002,0.28863084316253662,0.00064151664264500141,0.28999999165534973,0.14999999999999999,0.087197370827198029,0.0059940139763057232,0.090000003576278687,0,0.00089907192159444094,-6.5483618527650833e-11,0,False,3,3
1777,2022-03-01,AFG,3480,4,4,0.85000000000000009,0.65151005983352661,0.00016725723980925977,0.64999997615814209,0.45000000000000001,0.34642770886421204,0.0051552271470427513,0.34999999403953552,0.20000000000000001,0.091309115290641785,-0.00077617750503122807,0.090000003576278687,0,0.0011559246340766549,-7.7761797001585364e-11,0,False,4,3
1777,2022-09-01,AFG,3481,4,3,0.79999999999999993,0.68997025489807129,-0.00013398738519754261,0.68999999761581421,0.44999999999999996,0.34359323978424072,-0.0041617169044911861,0.34000000357627869,0.14999999999999999,0.087880492210388184,-0.00077617750503122807,0.090000003576278687,0,0.0011559246340766549,-7.7761797001585364e-11,0,False,3,3
1778,2022-03-01,AFG,3534,3,3,0.84999999999999998,0.69479489326477051,0.0010290490463376045,0.69999998807907104,0.44999999999999996,0.39046838879585266,0.0029316800646483898,0.38999998569488525,0.14999999999999999,0.10737207531929016,-0.00082974007818847895,0.10999999940395355,0,0.00089907192159444094,-6.5483618527650833e-11,0,False,3,3
1779,2022-03-01,AFG,3488,4,4,0.84999999999999987,0.67738038301467896,-0.00022058445028960705,0.68000000715255737,0.55000000000000004,0.36431592702865601,0.0051552271470427513,0.37000000476837158,0.20000000000000001,0.082600310444831848,-0.00077617750503122807,0.079999998211860657,0,0.0011559246340766549,-7.7761797001585364e-11,0,False,4,3
1781,2022-07-01,PAK,3531,2,3,0.65000000000000002,0.77550381422042847,0.00023380365746561438,0.77999997138977051,0.30000000000000004,0.33407604694366455,-0.0027642333880066872,0.33000001311302185,0.10000000000000001,0.08017963171005249,0.0020786446984857321,0.079999998211860657,0,0.0011075058719143271,-1.3824319466948509e-10,0,False,3,3
1782,2022-03-01,AFG,3549,3,4,0.84999999999999987,0.61634820699691772,-7.0687834522686899e-05,0.62000000476837158,0.55000000000000004,0.30898115038871765,0.0035055340267717838,0.31000000238418579,0.20000000000000001,0.082785755395889282,-0.00082974007818847895,0.079999998211860657,0,0.00089907192159444094,-6.5483618527650833e-11,0,False,4,3
1782,2022-09-01,AFG,3550,3,3,0.74999999999999989,0.63306671380996704,-8.8610904640518129e-06,0.62999999523162842,0.40000000000000002,0.30296093225479126,0.00064151664264500141,0.30000001192092896,0.10000000000000001,0.082785755395889282,0.0059940139763057232,0.090000003576278687,0,0.00089907192159444094,-6.5483618527650833e-11,0,False,3,3
1783,2022-03-01,AFG,3551,3,3,0.90000000000000002,0.64857995510101318,0.00017014329205267131,0.64999997615814209,0.5,0.2903352677822113,0.0035055340267717838,0.28999999165534973,0.14999999999999999,0.081757143139839172,-0.00082974007818847895,0.079999998211860657,0,0.00089907192159444094,-6.5483618527650833e-11,0,False,3,3
1783,2022-09-01,AFG,3552,3,3,0.79999999999999993,0.64306825399398804,0.00048726389650255442,0.63999998569488525,0.44999999999999996,0.27292251586914062,0.00064151664264500141,0.27000001072883606,0.14999999999999999,0.081757143139839172,0.0059940139763057232,0.090000003576278687,0,0.00089907192159444094,-6.5483618527650833e-11,0,False,3,3
1784,2022-07-01,PAK,3553,3,3,0.75,0.73448264598846436,-6.5492611611261964e-05,0.73000001907348633,0.40000000000000002,0.32903701066970825,-5.9814716223627329e-05,0.33000001311302185,0.14999999999999999,0.087250404059886932,0.0059940139763057232,0.090000003576278687,0,0.00089907192159444094,-6.5483618527650833e-11,0,False,3,3
1785,2022-03-01,AFG,3554,3,3,0.79999999999999993,0.70532578229904175,0.00044529291335493326,0.70999997854232788,0.5,0.40252983570098877,0.0029316800646483898,0.40999999642372131,0.14999999999999999,0.10602490603923798,-0.00082974007818847895,0.10999999940395355,0,0.00089907192159444094,-6.5483618527650833e-11,0,False,3,3
1785,2022-07-01,AFG,3555,3,3,0.65000000000000002,0.73598098754882812,0.00051129190251231194,0.74000000953674316,0.30000000000000004,0.38830780982971191,0.0029316800646483898,0.38999998569488525,0.10000000000000001,0.10153588652610779,0.0059940139763057232,0.10999999940395355,0,0.00089907192159444094,-6.5483618527650833e-11,0,False,3,3
1785,2022-09-01,AFG,3556,3,3,0.75,0.7285955548286438,0.00016285314632114023,0.73000001907348633,0.44999999999999996,0.37101203203201294,0.00064151664264500141,0.37000000476837158,0.14999999999999999,0.10602490603923798,0.0059940139763057232,0.10999999940395355,0,0.00089907192159444094,-6.5483618527650833e-11,0,False,3,3
1786,2022-09-01,AFG,3557,3,3,0.90000000000000002,0.7309151291847229,-0.00012875552056357265,0.73000001907348633,0.39999999999999997,0.30977410078048706,0.00064151664264500141,0.31000000238418579,0.050000000000000003,0.092234194278717041,0.0059940139763057232,0.10000000149011612,0,0.00089907192159444094,-6.5483618527650833e-11,0,False,3,3
1787,2022-07-01,PAK,3558,3,3,0.59999999999999998,0.66961097717285156,0.00020102575945202261,0.67000001668930054,0.30000000000000004,0.35572275519371033,-5.9814716223627329e-05,0.36000001430511475,0.10000000000000001,0.079628422856330872,0.0074892914853990078,0.090000003576278687,0,0.00089907192159444094,-6.5483618527650833e-11,0,False,3,3
1788,2022-07-01,PAK,3554,0,2,0.65000000000000002,0.73146629333496094,-0.00015667351544834673,0.73000001907348633,0.15000000000000002,0.35642614960670471,-0.0057306671515107155,0.34999999403953552,0.050000000000000003,0.076155565679073334,0.00023777072783559561,0.079999998211860657,0,0.0010221295524388552,9.0949470177292824e-12,0,False,2,3
1789,2022-09-01,AFG,3557,2,3,0.75,0.74970358610153198,-0.00014754360017832369,0.75,0.40000000000000002,0.4108116626739502,-0.00072840845678001642,0.40999999642372131,0.14999999999999999,0.10322444885969162,0.0020786446984857321,0.10999999940395355,0,0.0011075058719143271,-1.3824319466948509e-10,0,False,3,3
1791,2022-03-01,AFG,3564,0,3,0.79999999999999993,0.75620037317276001,0.00022811350936535746,0.75999999046325684,0.40000000000000002,0.42360755801200867,0.0047500878572463989,0.43000000715255737,0.10000000000000001,0.11015813797712326,0.0034443764016032219,0.10999999940395355,0,0.0010221295524388552,9.0949470177292824e-12,0,False,3,3
1791,2022-09-01,AFG,3565,0,3,0.65000000000000013,0.77261638641357422,2.7109246730105951e-05,0.76999998092651367,0.25,0.42159891128540039,-0.002692247973755002,0.41999998688697815,0.050000000000000003,0.11015813797712326,0.00023777072783559561,0.10999999940395355,0,0.0010221295524388552,9.0949470177292824e-12,0,False,3,3
1792,2022-07-01,PAK,3566,0,3,0.59999999999999998,0.72915178537368774,-1.5453344531124458e-05,0.73000001907348633,0.30000000000000004,0.33949491381645203,0.0034408548381179571,0.34000000357627869,0.10000000000000001,0.087920218706130981,0.0034443764016032219,0.090000003576278687,0,0.0010221295524388552,9.0949470177292824e-12,0,False,3,3
1793,2022-03-01,AFG,3568,2,4,0.84999999999999987,0.67743194103240967,0.00061863026348873973,0.68000000715255737,0.5,0.34419795870780945,0.00034720756229944527,0.34000000357627869,0.20000000000000001,0.088582545518875122,-0.0011322528589516878,0.090000003576278687,0,0.0011075058719143271,-1.3824319466948509e-10,0,False,4,3
1793,2022-09-01,AFG,3569,2,3,0.80000000000000004,0.77752453088760376,-4.9212463636649773e-05,0.77999997138977051,0.39999999999999997,0.41110685467720032,-0.001439997460693121,0.40999999642372131,0.050000000000000003,0.10176773369312286,0.0020786446984857321,0.10000000149011612,0,0.0011075058719143271,-1.3824319466948509e-10,0,False,3,3
1794,2022-07-01,PAK,3570,2,2,0.5,0.72736150026321411,-0.00010622783884173259,0.73000001907348633,0.14999999999999999,0.35709238052368164,-0.0045514381490647793,0.34999999403953552,0,0.091430269181728363,0.0020786446984857321,0.090000003576278687,0,0.0011075058719143271,-1.3824319466948509e-10,0,False,2,3
1795,2022-03-01,AFG,3571,2,3,0.75000000000000011,0.65247374773025513,-0.00048012289335019886,0.64999997615814209,0.34999999999999998,0.33661997318267822,-0.00072840845678001642,0.34000000357627869,0.14999999999999999,0.090039260685443878,-0.0011322528589516878,0.090000003576278687,0,0.0011075058719143271,-1.3824319466948509e-10,0,False,3,3
1796,2022-03-01,AFG,3614,1,3,0.80000000000000004,0.72187882661819458,9.7283031209371984e-05,0.72000002861022949,0.40000000000000002,0.38114830851554871,0.0010871279519051313,0.37999999523162842,0.14999999999999999,0.08793938159942627,-0.001846362603828311,0.090000003576278687,0,0.0010606431169435382,1.0913936421275139e-10,0,False,3,3
1797,2022-03-01,AFG,3557,4,3,0.80000000000000004,0.72868680953979492,-0.00021210963313933462,0.73000001907348633,0.40000000000000002,0.35946708917617798,0.0037237063515931368,0.36000001430511475,0.14999999999999999,0.089668765664100647,-0.00077617750503122807,0.090000003576278687,0,0.0011559246340766549,-7.7761797001585364e-11,0,False,3,3
1798,2022-03-01,AFG,3623,1,3,0.84999999999999998,0.6247941255569458,-0.00045178772415965796,0.62000000476837158,0.40000000000000002,0.3185194730758667,0.0062830173410475254,0.31999999284744263,0.10000000000000001,0.10077216476202011,-0.001846362603828311,0.10000000149011612,0,0.0010606431169435382,1.0913936421275139e-10,0,False,3,3
1799,2022-03-01,AFG,3624,1,3,0.90000000000000002,0.66907531023025513,0.0010442686034366488,0.67000001668930054,0.5,0.35543966293334961,0.006058868020772934,0.36000001430511475,0.14999999999999999,0.089395977556705475,-0.0002239362511318177,0.090000003576278687,0,0.0010606431169435382,1.0913936421275139e-10,0,False,3,3
1799,2022-09-01,AFG,3625,1,3,0.84999999999999998,0.65101832151412964,0.00023366269306279719,0.64999997615814209,0.44999999999999996,0.34661749005317688,0.0025156298652291298,0.34999999403953552,0.14999999999999999,0.089697219431400299,-0.001846362603828311,0.090000003576278687,0,0.0010606431169435382,1.0913936421275139e-10,0,False,3,3
1800,2022-03-01,AFG,3604,2,3,0.84999999999999998,0.68350350856781006,-0.00071119575295597315,0.68000000715255737,0.40000000000000002,0.2992558479309082,-0.00072840845678001642,0.30000001192092896,0.10000000000000001,0.086761102080345154,-0.0011322528589516878,0.090000003576278687,0,0.0011075058719143271,-1.3824319466948509e-10,0,False,3,3
1800,2022-09-01,AFG,3605,2,3,0.79999999999999993,0.74267488718032837,7.125741831259802e-05,0.74000000953674316,0.34999999999999998,0.3340948224067688,-0.00072840845678001642,0.33000001311302185,0.10000000000000001,0.099946290254592896,0.0020786446984857321,0.10000000149011612,0,0.0011075058719143271,-1.3824319466948509e-10,0,False,3,3
1802,2022-03-01,AFG,3606,2,3,0.79999999999999993,0.70701098442077637,-0.00045513347140513361,0.70999997854232788,0.44999999999999996,0.32854592800140381,-0.00072840845678001642,0.33000001311302185,0.14999999999999999,0.090181097388267517,-0.0011322528589516878,0.090000003576278687,0,0.0011075058719143271,-1.3824319466948509e-10,0,False,3,3
1802,2022-09-01,AFG,3607,2,3,0.70000000000000007,0.74857783317565918,-0.0002395953779341653,0.75,0.29999999999999999,0.37873521447181702,-0.00072840845678001642,0.37999999523162842,0.050000000000000003,0.11086031049489975,0.0020786446984857321,0.10999999940395355,0,0.0011075058719143271,-1.3824319466948509e-10,0,False,3,3
1803,2022-03-01,AFG,3642,1,3,0.79999999999999993,0.72013098001480103,-0.00017503701383247972,0.72000002861022949,0.44999999999999996,0.35571962594985962,0.0062830173410475254,0.36000001430511475,0.14999999999999999,0.089321762323379517,-0.001846362603828311,0.090000003576278687,0,0.0010606431169435382,1.0913936421275139e-10,0,False,3,3
1803,2022-09-01,AFG,3643,1,3,0.70000000000000007,0.68077832460403442,-0.00011813070887001231,0.68000000715255737,0.29999999999999999,0.3917691707611084,0.0062830173410475254,0.40000000596046448,0.050000000000000003,0.093637540936470032,-0.001846362603828311,0.090000003576278687,0,0.0010606431169435382,1.0913936421275139e-10,0,False,3,3
1804,2022-03-01,AFG,3616,2,3,0.75000000000000011,0.64167255163192749,-0.00049920304445549846,0.63999998569488525,0.34999999999999998,0.3080107569694519,-0.00072840845678001642,0.31000000238418579,0.14999999999999999,0.090398110449314117,-0.0011322528589516878,0.090000003576278687,0,0.0011075058719143271,-1.3824319466948509e-10,0,False,3,3
1804,2022-07-01,AFG,3617,2,3,0.74999999999999989,0.7218814492225647,9.92766217677854e-06,0.72000002861022949,0.40000000000000002,0.31971478462219238,0.0010587964206933975,0.31999999284744263,0.10000000000000001,0.093319125473499298,0.0020786446984857321,0.10000000149011612,0,0.0011075058719143271,-1.3824319466948509e-10,0,False,3,3
1804,2022-09-01,AFG,3618,2,3,0.75,0.72641170024871826,0.00015722564421594143,0.73000001907348633,0.34999999999999998,0.39734232425689697,-0.00072840845678001642,0.40000000596046448,0.050000000000000003,0.10322444885969162,0.0020786446984857321,0.10999999940395355,0,0.0011075058719143271,-1.3824319466948509e-10,0,False,3,3
1806,2022-03-01,AFG,3619,2,3,0.84999999999999998,0.67026621103286743,-0.00090223533334210515,0.67000001668930054,0.40000000000000002,0.32165569067001343,-0.00072840845678001642,0.31999999284744263,0.14999999999999999,0.090398110449314117,-0.0011322528589516878,0.090000003576278687,0,0.0011075058719143271,-1.3824319466948509e-10,0,False,3,3
1806,2022-09-01,AFG,3620,2,3,0.75,0.69842880964279175,-0.00032320531317964196,0.69999998807907104,0.34999999999999998,0.40499213337898254,-0.00072840845678001642,0.40000000596046448,0.10000000000000001,0.10358329862356186,0.0020786446984857321,0.10999999940395355,0,0.0011075058719143271,-1.3824319466948509e-10,0,False,3,3
1808,2022-07-01,PAK,3621,2,3,0.69999999999999996,0.76125890016555786,-0.00055634271120652556,0.75999999046325684,0.40000000000000002,0.33159893751144409,-0.0045514381490647793,0.33000001311302185,0.10000000000000001,0.077597096562385559,0.0020786446984857321,0.079999998211860657,0,0.0011075058719143271,-1.3824319466948509e-10,0,False,3,3
1809,2022-07-01,PAK,3664,1,3,0.60000000000000009,0.71163809299468994,0.00021251595171634108,0.70999997854232788,0.29999999999999999,0.31507226824760437,0.0075522083789110184,0.31999999284744263,0.050000000000000003,0.082504801452159882,-0.001846362603828311,0.079999998211860657,0,0.0010606431169435382,1.0913936421275139e-10,0,False,3,3
1810,2022-03-01,AFG,3667,3,3,0.84999999999999998,0.61592268943786621,-0.00028585013933479786,0.62000000476837158,0.40000000000000002,0.31371065974235535,0.00064151664264500141,0.31000000238418579,0.14999999999999999,0.082557260990142822,-0.00082974007818847895,0.079999998211860657,0,0.00089907192159444094,-6.5483618527650833e-11,0,False,3,3
1810,2022-09-01,AFG,3668,3,3,0.75,0.62362730503082275,-0.00010438845492899418,0.62000000476837158,0.34999999999999998,0.28773081302642822,0.00064151664264500141,0.28999999165534973,0.10000000000000001,0.082557260990142822,0.0059940139763057232,0.090000003576278687,0,0.00089907192159444094,-6.5483618527650833e-11,0,False,3,3
1811,2022-03-01,AFG,3633,2,3,0.79999999999999993,0.66277295351028442,2.783618401736021e-05,0.6600000262260437,0.5,0.27551835775375366,-0.00072840845678001642,0.27000001072883606,0.14999999999999999,0.086761102080345154,-0.0011322528589516878,0.090000003576278687,0,0.0011075058719143271,-1.3824319466948509e-10,0,False,3,3
1811,2022-07-01,AFG,3634,2,3,0.74999999999999989,0.69498902559280396,0.00022372933744918555,0.69999998807907104,0.40000000000000002,0.28653192520141602,0.0010587964206933975,0.28999999165534973,0.10000000000000001,0.089682117104530334,0.0020786446984857321,0.090000003576278687,0,0.0011075058719143271,-1.3824319466948509e-10,0,False,3,3
1811,2022-09-01,AFG,3635,2,3,0.74999999999999989,0.69172912836074829,-0.00037379530840553343,0.68999999761581421,0.44999999999999996,0.32279512286186218,-0.00072840845678001642,0.31999999284744263,0.10000000000000001,0.099587440490722656,0.0020786446984857321,0.10000000149011612,0,0.0011075058719143271,-1.3824319466948509e-10,0,False,3,3
1813,2022-03-01,AFG,3680,3,3,0.69999999999999996,0.63101983070373535,-0.00018974444537889212,0.62999999523162842,0.40000000000000002,0.27476075291633606,0.00064151664264500141,0.2800000011920929,0.10000000000000001,0.081528648734092712,-0.00082974007818847895,0.079999998211860657,0,0.00089907192159444094,-6.5483618527650833e-11,0,False,3,3
1813,2022-07-01,AFG,3681,3,3,0.74999999999999989,0.65984797477722168,-0.00025325501337647438,0.6600000262260437,0.40000000000000002,0.24319855868816376,0.0023947465233504772,0.25,0.10000000000000001,0.078424155712127686,0.0059940139763057232,0.079999998211860657,0,0.00089907192159444094,-6.5483618527650833e-11,0,False,3,3
1813,2022-09-01,AFG,3682,3,3,0.84999999999999998,0.69137167930603027,5.5385771702276543e-05,0.68999999761581421,0.44999999999999996,0.25528222322463989,0.00064151664264500141,0.25999999046325684,0.10000000000000001,0.081528648734092712,0.0059940139763057232,0.090000003576278687,0,0.00089907192159444094,-6.5483618527650833e-11,0,False,3,3
1814,2022-07-01,PAK,3693,1,3,0.60000000000000009,0.71556574106216431,5.9871719713555649e-05,0.72000002861022949,0.29999999999999999,0.286184161901474,0.0075522083789110184,0.28999999165534973,0.050000000000000003,0.07996629923582077,-0.001846362603828311,0.079999998211860657,0,0.0010606431169435382,1.0913936421275139e-10,0,False,3,3
1815,2022-03-01,AFG,3649,2,3,0.84999999999999998,0.66423249244689941,-0.00023258017608895898,0.6600000262260437,0.40000000000000002,0.34776648879051208,-0.00072840845678001642,0.34999999403953552,0.14999999999999999,0.10034774243831635,-0.0011322528589516878,0.10000000149011612,0,0.0011075058719143271,-1.3824319466948509e-10,0,False,3,3
1817,2022-03-01,AFG,3700,1,3,0.79999999999999993,0.61871302127838135,-0.00084470066940411925,0.62000000476837158,0.5,0.27464312314987183,0.0062830173410475254,0.2800000011920929,0.14999999999999999,0.088903911411762238,-0.001846362603828311,0.090000003576278687,0,0.0010606431169435382,1.0913936421275139e-10,0,False,3,3
1817,2022-07-01,AFG,3701,1,3,0.74999999999999989,0.68868118524551392,0.00019143041572533548,0.68999999761581421,0.40000000000000002,0.34253266453742981,0.0098262475803494453,0.34999999403953552,0.10000000000000001,0.091507628560066223,-0.0002239362511318177,0.090000003576278687,0,0.0010606431169435382,1.0913936421275139e-10,0,False,3,3
1817,2022-09-01,AFG,3702,1,3,0.79999999999999993,0.65535068511962891,-0.00054671010002493858,0.64999997615814209,0.40000000000000002,0.29169225692749023,0.0062830173410475254,0.30000001192092896,0.10000000000000001,0.09239620715379715,-0.001846362603828311,0.090000003576278687,0,0.0010606431169435382,1.0913936421275139e-10,0,False,3,3
1818,2022-03-01,AFG,3670,4,3,0.79999999999999993,0.69208610057830811,0.00031934055732563138,0.68999999761581421,0.34999999999999998,0.33979833126068115,0.0037237063515931368,0.34000000357627869,0.10000000000000001,0.09621690958738327,-0.00077617750503122807,0.10000000149011612,0,0.0011559246340766549,-7.7761797001585364e-11,0,False,3,3
1818,2022-07-01,AFG,3671,4,3,0.74999999999999989,0.73891854286193848,0.00032581874984316528,0.74000000953674316,0.40000000000000002,0.35862189531326294,0.0051552271470427513,0.36000001430511475,0.10000000000000001,0.093152187764644623,-0.00077617750503122807,0.090000003576278687,0,0.0011559246340766549,-7.7761797001585364e-11,0,False,3,3
1818,2022-09-01,AFG,3672,4,3,0.79999999999999993,0.7167360782623291,0.00045131464139558375,0.72000002861022949,0.40000000000000002,0.35070338845252991,0.0037237063515931368,0.34999999403953552,0.10000000000000001,0.095239244401454926,-0.00077617750503122807,0.090000003576278687,0,0.0011559246340766549,-7.7761797001585364e-11,0,False,3,3
1819,2022-03-01,AFG,3673,4,4,0.89999999999999991,0.67502272129058838,0.00019637563673313707,0.68000000715255737,0.55000000000000004,0.40345579385757446,0.0037237063515931368,0.40999999642372131,0.20000000000000001,0.12091988325119019,-0.00077617750503122807,0.11999999731779099,0,0.0011559246340766549,-7.7761797001585364e-11,0,False,4,3
1819,2022-09-01,AFG,3674,4,3,0.79999999999999993,0.76682001352310181,0.00027924036839976907,0.76999998092651367,0.40000000000000002,0.39353799819946289,0.0037237063515931368,0.40000000596046448,0.10000000000000001,0.10938967019319534,-0.00077617750503122807,0.10999999940395355,0,0.0011559246340766549,-7.7761797001585364e-11,0,False,3,3
1820,2022-03-01,AFG,3724,0,4,0.89999999999999991,0.70929163694381714,0.00012725435954052955,0.70999997854232788,0.55000000000000004,0.31581735610961914,0.012834399007260799,0.33000001311302185,0.20000000000000001,0.095066279172897339,0.00023777072783559561,0.10000000149011612,0,0.0010221295524388552,9.0949470177292824e-12,0,False,4,3
1820,2022-09-01,AFG,3725,0,3,0.79999999999999993,0.7272263765335083,-0.00017318132449872792,0.73000001907348633,0.40000000000000002,0.34703543782234192,0.0083124637603759766,0.36000001430511475,0.10000000000000001,0.10209392756223679,0.00023777072783559561,0.10000000149011612,0,0.0010221295524388552,9.0949470177292824e-12,0,False,3,3
1821,2022-03-01,AFG,3726,0,4,0.89999999999999991,0.7249293327331543,-1.2085703019693028e-05,0.72000002861022949,0.55000000000000004,0.35749167203903198,0.0045191748067736626,0.36000001430511475,0.20000000000000001,0.094565056264400482,0.00023777072783559561,0.090000003576278687,0,0.0010221295524388552,9.0949470177292824e-12,0,False,4,3
1821,2022-09-01,AFG,3727,0,3,0.79999999999999993,0.74556326866149902,-0.00021251401631161571,0.75,0.40000000000000002,0.37378960847854614,0.0022838797885924578,0.37999999523162842,0.10000000000000001,0.10159270465373993,0.00023777072783559561,0.10000000149011612,0,0.0010221295524388552,9.0949470177292824e-12,0,False,3,3
1822,2022-03-01,AFG,3728,0,3,0.79999999999999993,0.61357486248016357,0.00010371113603468984,0.61000001430511475,0.44999999999999996,0.26033174991607666,-0.002692247973755002,0.25999999046325684,0.14999999999999999,0.086819812655448914,0.00023777072783559561,0.090000003576278687,0,0.0010221295524388552,9.0949470177292824e-12,0,False,3,3
1822,2022-07-01,AFG,3729,0,3,0.74999999999999989,0.68848425149917603,0.0001363880728604272,0.68999999761581421,0.40000000000000002,0.27161678671836853,0.0047500878572463989,0.2800000011920929,0.10000000000000001,0.086819812655448914,0.0034443764016032219,0.090000003576278687,0,0.0010221295524388552,9.0949470177292824e-12,0,False,3,3
1822,2022-09-01,AFG,3730,0,3,0.75,0.73909437656402588,-0.00044993741903454065,0.74000000953674316,0.34999999999999998,0.29510283470153809,-0.002692247973755002,0.28999999165534973,0.050000000000000003,0.09055781364440918,0.00023777072783559561,0.090000003576278687,0,0.0010221295524388552,9.0949470177292824e-12,0,False,3,3
1824,2022-03-01,AFG,3744,3,3,0.69999999999999996,0.66171503067016602,0.00045735534513369203,0.6600000262260437,0.34999999999999998,0.32747173309326172,0.00064151664264500141,0.33000001311302185,0.10000000000000001,0.1005416065454483,-0.00082974007818847895,0.10000000149011612,0,0.00089907192159444094,-6.5483618527650833e-11,0,False,3,3
1824,2022-09-01,AFG,3745,3,3,0.75,0.67167633771896362,-0.0001064185707946308,0.67000001668930054,0.34999999999999998,0.36513027548789978,0.00064151664264500141,0.37000000476837158,0.10000000000000001,0.1005416065454483,0.0059940139763057232,0.10999999940395355,0,0.00089907192159444094,-6.5483618527650833e-11,0,False,3,3
1825,2022-09-01,AFG,3699,4,3,0.75,0.70816361904144287,0.00016123676323331892,0.70999997854232788,0.34999999999999998,0.2820088267326355,-0.0061706295236945152,0.2800000011920929,0.10000000000000001,0.1063828319311142,-0.00077617750503122807,0.10999999940395355,0,0.0011559246340766549,-7.7761797001585364e-11,0,False,3,3
1826,2022-03-01,PAK,3748,3,3,0.90000000000000002,0.60734575986862183,-0.00028414998087100685,0.61000001430511475,0.5,0.38197997212409973,-0.0055886046029627323,0.37999999523162842,0.14999999999999999,0.10380030423402786,-0.00082974007818847895,0.10000000149011612,0,0.00089907192159444094,-6.5483618527650833e-11,0,False,3,3
1826,2022-07-01,PAK,3749,3,3,0.60000000000000009,0.66018736362457275,-0.00046004570322111249,0.6600000262260437,0.29999999999999999,0.36077702045440674,0.0015624812804162502,0.36000001430511475,0.050000000000000003,0.10243604332208633,0.0059940139763057232,0.10999999940395355,0,0.00089907192159444094,-6.5483618527650833e-11,0,False,3,3
1826,2022-09-01,PAK,3750,3,3,0.84999999999999998,0.65813744068145752,-9.429854981135577e-05,0.6600000262260437,0.44999999999999996,0.36597099900245667,0.0028481879271566868,0.37000000476837158,0.14999999999999999,0.11304154247045517,0.0059940139763057232,0.11999999731779099,0,0.00089907192159444094,-6.5483618527650833e-11,0,False,3,3
1827,2022-03-01,PAK,3713,2,3,0.90000000000000002,0.65903133153915405,0.00012457634147722274,0.6600000262260437,0.5,0.35794219374656677,-0.0027642333880066872,0.36000001430511475,0.14999999999999999,0.092667348682880402,-0.0011322528589516878,0.090000003576278687,0,0.0011075058719143271,-1.3824319466948509e-10,0,False,3,3
1827,2022-07-01,PAK,3714,2,3,0.60000000000000009,0.7122567892074585,0.00020682951435446739,0.70999997854232788,0.29999999999999999,0.39251634478569031,-0.0013657382223755121,0.38999998569488525,0.050000000000000003,0.098974399268627167,0.0020786446984857321,0.10000000149011612,0,0.0011075058719143271,-1.3824319466948509e-10,0,False,3,3
1827,2022-09-01,PAK,3715,2,3,0.84999999999999998,0.75880110263824463,0.00013640891120303422,0.75999999046325684,0.44999999999999996,0.43116700649261475,0.0009729418670758605,0.43000000715255737,0.14999999999999999,0.09919063001871109,0.0020786446984857321,0.10000000149011612,0,0.0011075058719143271,-1.3824319466948509e-10,0,False,3,3
1829,2022-03-01,AFG,3716,4,3,0.79999999999999993,0.66710877418518066,0.00016204093117266893,0.67000001668930054,0.5,0.31187397241592407,0.0037237063515931368,0.31999999284744263,0.14999999999999999,0.089343830943107605,-0.00077617750503122807,0.090000003576278687,0,0.0011559246340766549,-7.7761797001585364e-11,0,False,3,3
1829,2022-09-01,AFG,3717,4,3,0.75,0.70182323455810547,-0.00013021301128901541,0.69999998807907104,0.34999999999999998,0.29615148901939392,0.0037237063515931368,0.30000001192092896,0.10000000000000001,0.1055951863527298,-0.00077617750503122807,0.10000000149011612,0,0.0011559246340766549,-7.7761797001585364e-11,0,False,3,3
1830,2022-03-01,AFG,3718,4,3,0.69999999999999996,0.74222970008850098,0.00072985846782103181,0.74000000953674316,0.34999999999999998,0.39389610290527344,0.0037237063515931368,0.40000000596046448,0.10000000000000001,0.11407531052827835,-0.00077617750503122807,0.10999999940395355,0,0.0011559246340766549,-7.7761797001585364e-11,0,False,3,3
1830,2022-07-01,AFG,3719,4,3,0.65000000000000002,0.70373469591140747,0.00040165800601243973,0.69999998807907104,0.25,0.29997849464416504,0.00075464195106178522,0.30000001192092896,0.10000000000000001,0.089709877967834473,-0.00077617750503122807,0.090000003576278687,0,0.0011559246340766549,-7.7761797001585364e-11,0,False,3,3
1830,2022-09-01,AFG,3720,4,3,0.75,0.77959209680557251,9.7656564321368933e-05,0.77999997138977051,0.34999999999999998,0.4263993501663208,0.0037237063515931368,0.43000000715255737,0.10000000000000001,0.092850737273693085,-0.00077617750503122807,0.090000003576278687,0,0.0011559246340766549,-7.7761797001585364e-11,0,False,3,3
1831,2022-03-01,AFG,3730,2,3,0.79999999999999993,0.66798335313796997,0.00011671147512970492,0.67000001668930054,0.40000000000000002,0.30980792641639709,-0.00072840845678001642,0.31000000238418579,0.10000000000000001,0.09853217750787735,-0.0011322528589516878,0.10000000149011612,0,0.0011075058719143271,-1.3824319466948509e-10,0,False,3,3
1831,2022-07-01,AFG,3731,2,3,0.65000000000000013,0.74792945384979248,-0.00015973085828591138,0.75,0.25,0.32744580507278442,0.0024572922848165035,0.33000001311302185,0.050000000000000003,0.095701061189174652,0.0020786446984857321,0.10000000149011612,0,0.0011075058719143271,-1.3824319466948509e-10,0,False,3,3
1831,2022-09-01,AFG,3732,2,3,0.75,0.72741061449050903,0.00011740627087419853,0.73000001907348633,0.25,0.34451892971992493,0.0047959745861589909,0.34999999403953552,0.050000000000000003,0.099584273993968964,0.0020786446984857321,0.10000000149011612,0,0.0011075058719143271,-1.3824319466948509e-10,0,False,3,3
1832,2022-03-01,AFG,3774,0,4,0.89999999999999991,0.7020297646522522,-6.6005392000079155e-05,0.69999998807907104,0.55000000000000004,0.35288083553314209,0.0018296879716217518,0.34999999403953552,0.20000000000000001,0.095161065459251404,0.00023777072783559561,0.10000000149011612,0,0.0010221295524388552,9.0949470177292824e-12,0,False,4,3
1832,2022-09-01,AFG,3775,0,3,0.79999999999999993,0.74416619539260864,0.00022603773686569184,0.74000000953674316,0.40000000000000002,0.36594977974891663,-0.002692247973755002,0.36000001430511475,0.10000000000000001,0.10218871384859085,0.00023777072783559561,0.10000000149011612,0,0.0010221295524388552,9.0949470177292824e-12,0,False,3,3
1835,2022-03-01,PAK,3750,2,3,0.79999999999999993,0.66161489486694336,-6.9533285568468273e-05,0.6600000262260437,0.40000000000000002,0.36658415198326111,-0.007684753742069006,0.36000001430511475,0.10000000000000001,0.10093482583761215,-0.0011322528589516878,0.10000000149011612,0,0.0011075058719143271,-1.3824319466948509e-10,0,False,3,3
1835,2022-07-01,PAK,3751,2,3,0.65000000000000013,0.79047203063964844,-3.4992347082152264e-06,0.79000002145767212,0.25,0.41904744505882263,-0.0044990559108555317,0.40999999642372131,0.050000000000000003,0.095795951783657074,0.0020786446984857321,0.10000000149011612,0,0.0011075058719143271,-1.3824319466948509e-10,0,False,3,3
1835,2022-09-01,PAK,3752,2,3,0.75,0.78356975317001343,0.0002121499419445172,0.77999997138977051,0.25,0.39342746138572693,-0.0021603759378194809,0.38999998569488525,0.050000000000000003,0.10312258452177048,0.0020786446984857321,0.10999999940395355,0,0.0011075058719143271,-1.3824319466948509e-10,0,False,3,3
1836,2022-03-01,PAK,3811,1,3,0.79999999999999993,0.65308308601379395,0.00066604791209101677,0.64999997615814209,0.40000000000000002,0.32880860567092896,0.0016666676383465528,0.33000001311302185,0.10000000000000001,0.10655910521745682,-0.0002239362511318177,0.10999999940395355,0,0.0010606431169435382,1.0913936421275139e-10,0,False,3,3
1836,2022-07-01,PAK,3812,1,3,0.65000000000000013,0.78753829002380371,0.00024738808861002326,0.79000002145767212,0.25,0.3747539222240448,0.0098151369020342827,0.37999999523162842,0.050000000000000003,0.091277383267879486,-0.0002239362511318177,0.090000003576278687,0,0.0010606431169435382,1.0913936421275139e-10,0,False,3,3
1836,2022-09-01,PAK,3813,1,3,0.75,0.74962705373764038,0.00077857216820120811,0.75,0.25,0.32780244946479797,0.0062719057314097881,0.33000001311302185,0.050000000000000003,0.10065733641386032,-0.001846362603828311,0.10000000149011612,0,0.0010606431169435382,1.0913936421275139e-10,0,False,3,3
1838,2022-03-01,AFG,3823,3,3,0.79999999999999993,0.61976069211959839,-0.00018852943321689963,0.62000000476837158,0.5,0.30423235893249512,0.00064151664264500141,0.30000001192092896,0.14999999999999999,0.098101213574409485,-0.00082974007818847895,0.10000000149011612,0,0.00089907192159444094,-6.5483618527650833e-11,0,False,3,3
1838,2022-09-01,AFG,3824,3,3,0.75,0.709400475025177,-6.5245221776422113e-05,0.70999997854232788,0.34999999999999998,0.32052943110466003,0.0058396835811436176,0.33000001311302185,0.10000000000000001,0.098101213574409485,0.0059940139763057232,0.10000000149011612,0,0.00089907192159444094,-6.5483618527650833e-11,0,False,3,3
1839,2022-07-01,AFG,3812,0,3,0.74999999999999989,0.6291084885597229,5.8904290199279785e-05,0.62999999523162842,0.40000000000000002,0.30306440591812134,0.0089621841907501221,0.31000000238418579,0.10000000000000001,0.086819812655448914,0.0034443764016032219,0.090000003576278687,0,0.0010221295524388552,9.0949470177292824e-12,0,False,3,3
1841,2022-07-01,AFG,3781,4,3,0.65000000000000013,0.66588640213012695,7.6536634878721088e-05,0.67000001668930054,0.25,0.33590647578239441,0.0043529262766242027,0.34000000357627869,0.050000000000000003,0.0947398841381073,-0.00077617750503122807,0.090000003576278687,0,0.0011559246340766549,-7.7761797001585364e-11,0,False,3,3
1843,2022-07-01,AFG,3843,1,3,0.65000000000000013,0.63036620616912842,-0.0001249423366971314,0.62999999523162842,0.25,0.32719099521636963,0.01150530856102705,0.34000000357627869,0.050000000000000003,0.091507628560066223,-0.0002239362511318177,0.090000003576278687,0,0.0010606431169435382,1.0913936421275139e-10,0,False,3,3
1844,2022-03-01,AFG,3854,3,3,0.79999999999999993,0.63187456130981445,-0.00039082075818441808,0.62999999523162842,0.44999999999999996,0.30208462476730347,0.00064151664264500141,0.30000001192092896,0.14999999999999999,0.087997488677501678,-0.00082974007818847895,0.090000003576278687,0,0.00089907192159444094,-6.5483618527650833e-11,0,False,3,3
1844,2022-07-01,AFG,3855,3,3,0.74999999999999989,0.61684685945510864,0.00018085121701005846,0.62000000476837158,0.40000000000000002,0.27537134289741516,0.0040170443244278431,0.2800000011920929,0.10000000000000001,0.084015212953090668,0.0059940139763057232,0.090000003576278687,0,0.00089907192159444094,-6.5483618527650833e-11,0,False,3,3
1844,2022-09-01,AFG,3856,3,3,0.79999999999999993,0.71125739812850952,0.00021546686184592545,0.70999997854232788,0.44999999999999996,0.3070395290851593,0.0058396835811436176,0.31000000238418579,0.10000000000000001,0.087997488677501678,0.0059940139763057232,0.090000003576278687,0,0.00089907192159444094,-6.5483618527650833e-11,0,False,3,3
1845,2022-09-01,PAK,3810,2,3,0.75,0.78068381547927856,-0.00043790144263766706,0.77999997138977051,0.25,0.40423852205276489,0.0009729418670758605,0.40999999642372131,0.050000000000000003,0.10166586935520172,0.0020786446984857321,0.10000000149011612,0,0.0011075058719143271,-1.3824319466948509e-10,0,False,3,3
1846,2022-09-01,PAK,3859,3,3,0.75,0.79716122150421143,0.00015955510025378317,0.80000001192092896,0.25,0.39531630277633667,0.0028481879271566868,0.40000000596046448,0.050000000000000003,0.089853182435035706,0.0059940139763057232,0.10000000149011612,0,0.00089907192159444094,-6.5483618527650833e-11,0,False,3,3
1848,2022-03-01,AFG,3816,2,3,0.79999999999999993,0.77835124731063843,-0.00014636483683716506,0.77999997138977051,0.5,0.38880127668380737,0.0074397469870746136,0.40000000596046448,0.14999999999999999,0.13631345331668854,-0.0011322528589516878,0.14000000059604645,0,0.0011075058719143271,-1.3824319466948509e-10,0,False,3,3
1848,2022-09-01,AFG,3817,2,3,0.75,0.79802495241165161,-0.00012220616918057203,0.80000001192092896,0.34999999999999998,0.41259565949440002,-0.001439997460693121,0.40999999642372131,0.10000000000000001,0.13736554980278015,0.0020786446984857321,0.14000000059604645,0,0.0011075058719143271,-1.3824319466948509e-10,0,False,3,3
1849,2022-03-01,AFG,3856,0,4,0.80000000000000004,0.65318953990936279,0.0002827131247613579,0.64999997615814209,0.40000000000000002,0.30136775970458984,-0.002692247973755002,0.30000001192092896,0.20000000000000001,0.092772677540779114,0.00023777072783559561,0.090000003576278687,0,0.0010221295524388552,9.0949470177292824e-12,0,False,4,3
1849,2022-07-01,AFG,3857,0,3,0.65000000000000013,0.64198380708694458,-0.00015449756756424904,0.63999998569488525,0.25,0.30448108911514282,0.0043580844067037106,0.31000000238418579,0.050000000000000003,0.086819812655448914,0.0034443764016032219,0.090000003576278687,0,0.0010221295524388552,9.0949470177292824e-12,0,False,3,3
1849,2022-09-01,AFG,3858,0,3,0.75,0.73018276691436768,0.00018317060312256217,0.73000001907348633,0.44999999999999996,0.34537845849990845,0.0015048056375235319,0.34999999403953552,0.14999999999999999,0.095950908958911896,0.00023777072783559561,0.10000000149011612,0,0.0010221295524388552,9.0949470177292824e-12,0,False,3,3
1850,2022-03-01,AFG,3877,1,3,0.79999999999999993,0.62359029054641724,-2.9370476113399491e-05,0.62000000476837158,0.44999999999999996,0.27442249655723572,0.0025156298652291298,0.2800000011920929,0.14999999999999999,0.10076618194580078,-0.001846362603828311,0.10000000149011612,0,0.0010606431169435382,1.0913936421275139e-10,0,False,3,3
1850,2022-07-01,AFG,3878,1,3,0.74999999999999989,0.62186914682388306,0.00020356802269816399,0.62000000476837158,0.40000000000000002,0.31614214181900024,0.0077379299327731133,0.31999999284744263,0.10000000000000001,0.10034556686878204,-0.0002239362511318177,0.10000000149011612,0,0.0010606431169435382,1.0913936421275139e-10,0,False,3,3
1850,2022-09-01,AFG,3879,1,3,0.79999999999999993,0.66563707590103149,0.00043153975275345147,0.67000001668930054,0.44999999999999996,0.30871301889419556,0.0041946922428905964,0.31000000238418579,0.10000000000000001,0.10123415291309357,-0.001846362603828311,0.10000000149011612,0,0.0010606431169435382,1.0913936421275139e-10,0,False,3,3
1851,2022-07-01,AFG,3835,4,3,0.65000000000000013,0.63816344738006592,0.00035925072734244168,0.63999998569488525,0.25,0.32159647345542908,0.0043529262766242027,0.33000001311302185,0.050000000000000003,0.10064025223255157,-0.00077617750503122807,0.10000000149011612,0,0.0011559246340766549,-7.7761797001585364e-11,0,False,3,3
1852,2022-03-01,AFG,3888,3,4,0.89999999999999991,0.69416141510009766,-0.00016801922174636275,0.68999999761581421,0.55000000000000004,0.34086158871650696,0.0035055340267717838,0.34000000357627869,0.25,0.10612604022026062,-0.00082974007818847895,0.10999999940395355,0,0.00089907192159444094,-6.5483618527650833e-11,0,False,4,3
1852,2022-09-01,AFG,3889,3,4,0.84999999999999987,0.75453943014144897,-0.0001327594363829121,0.75,0.5,0.36976087093353271,0.00064151664264500141,0.37000000476837158,0.20000000000000001,0.10612604022026062,0.0059940139763057232,0.10999999940395355,0,0.00089907192159444094,-6.5483618527650833e-11,0,False,4,3
1853,2022-03-01,AFG,3885,1,3,0.79999999999999993,0.63650691509246826,-0.00049411487998440862,0.63999998569488525,0.44999999999999996,0.28507897257804871,0.0025156298652291298,0.28999999165534973,0.14999999999999999,0.10076618194580078,-0.001846362603828311,0.10000000149011612,0,0.0010606431169435382,1.0913936421275139e-10,0,False,3,3
1853,2022-07-01,AFG,3886,1,3,0.65000000000000013,0.61076962947845459,8.3684085439017508e-07,0.61000001430511475,0.25,0.30586770176887512,0.006064435001462698,0.31000000238418579,0.050000000000000003,0.098209813237190247,-0.0002239362511318177,0.10000000149011612,0,0.0010606431169435382,1.0913936421275139e-10,0,False,3,3
1854,2022-09-01,AFG,3850,2,3,0.75,0.73257774114608765,0.00056108279386535287,0.73000001907348633,0.44999999999999996,0.37797391414642334,0.0047959745861589909,0.37999999523162842,0.14999999999999999,0.10139983892440796,0.0020786446984857321,0.10000000149011612,0,0.0011075058719143271,-1.3824319466948509e-10,0,False,3,3
1855,2022-03-01,AFG,3905,3,4,0.84999999999999987,0.73185956478118896,0.00099577836226671934,0.73000001907348633,0.55000000000000004,0.38138663768768311,0.0035055340267717838,0.37999999523162842,0.20000000000000001,0.12640699744224548,-0.00082974007818847895,0.12999999523162842,0,0.00089907192159444094,-6.5483618527650833e-11,0,False,4,3
1855,2022-09-01,AFG,3906,3,4,0.80000000000000004,0.78984808921813965,-0.00084133812924847007,0.79000002145767212,0.5,0.38566926121711731,0.00064151664264500141,0.38999998569488525,0.20000000000000001,0.12144123017787933,0.0059940139763057232,0.12999999523162842,0,0.00089907192159444094,-6.5483618527650833e-11,0,False,4,3
1856,2022-09-01,AFG,3860,4,4,0.80000000000000004,0.79830408096313477,0.0003500133752822876,0.80000001192092896,0.5,0.44987788796424866,-0.0035846014507114887,0.44999998807907104,0.20000000000000001,0.15338386595249176,-0.00077617750503122807,0.15000000596046448,0,0.0011559246340766549,-7.7761797001585364e-11,0,False,4,3
1857,2022-03-01,AFG,3861,4,3,0.79999999999999993,0.62746292352676392,-0.00011064749560318887,0.62999999523162842,0.44999999999999996,0.29528343677520752,-0.0004944623215124011,0.28999999165534973,0.10000000000000001,0.099151603877544403,-0.00077617750503122807,0.10000000149011612,0,0.0011559246340766549,-7.7761797001585364e-11,0,False,3,3
1857,2022-07-01,AFG,3862,4,3,0.65000000000000002,0.63644564151763916,0.00014894237392581999,0.63999998569488525,0.25,0.28798466920852661,-4.7659617848694324e-05,0.28999999165534973,0.10000000000000001,0.093286506831645966,-0.00077617750503122807,0.090000003576278687,0,0.0011559246340766549,-7.7761797001585364e-11,0,False,3,3
1857,2022-09-01,AFG,3863,4,3,0.75,0.69607532024383545,0.00034651628811843693,0.69999998807907104,0.34999999999999998,0.32765033841133118,0.0020915656350553036,0.33000001311302185,0.10000000000000001,0.096000716090202332,-0.00077617750503122807,0.10000000149011612,0,0.0011559246340766549,-7.7761797001585364e-11,0,False,3,3
1858,2022-09-01,AFG,3870,2,4,0.80000000000000004,0.77544057369232178,0.00021841406123712659,0.77999997138977051,0.5,0.42041456699371338,0.0016626585274934769,0.41999998688697815,0.20000000000000001,0.15936073660850525,0.0020786446984857321,0.15999999642372131,0,0.0011075058719143271,-1.3824319466948509e-10,0,False,4,3
1859,2022-03-01,AFG,3913,0,3,0.79999999999999993,0.625862717628479,-0.00013943057274445891,0.62999999523162842,0.44999999999999996,0.3066096305847168,-0.002692247973755002,0.30000001192092896,0.10000000000000001,0.10296629369258881,0.00023777072783559561,0.10000000149011612,0,0.0010221295524388552,9.0949470177292824e-12,0,False,3,3
1859,2022-07-01,AFG,3914,0,3,0.65000000000000013,0.67303144931793213,0.00030921550933271646,0.67000001668930054,0.25,0.2932814359664917,0.0089621841907501221,0.30000001192092896,0.050000000000000003,0.10144315659999847,0.0034443764016032219,0.10000000149011612,0,0.0010221295524388552,9.0949470177292824e-12,0,False,3,3
1859,2022-09-01,AFG,3915,0,3,0.75,0.72909963130950928,0.00022568578424397856,0.73000001907348633,0.34999999999999998,0.33924531936645508,0.0015048056375235319,0.34000000357627869,0.10000000000000001,0.10296629369258881,0.00023777072783559561,0.10000000149011612,0,0.0010221295524388552,9.0949470177292824e-12,0,False,3,3
1860,2022-03-01,AFG,3881,2,4,0.89999999999999991,0.80483293533325195,0.00051681936020031571,0.81000000238418579,0.55000000000000004,0.409150630235672,-0.00072840845678001642,0.40999999642372131,0.25,0.14384505152702332,-0.0011322528589516878,0.14000000059604645,0,0.0011075058719143271,-1.3824319466948509e-10,0,False,4,3
1863,2022-03-01,AFG,3884,2,3,0.79999999999999993,0.66175705194473267,0.00078823155490681529,0.6600000262260437,0.44999999999999996,0.32608097791671753,-0.00072840845678001642,0.33000001311302185,0.14999999999999999,0.10957606881856918,-0.0011322528589516878,0.10999999940395355,0,0.0011075058719143271,-1.3824319466948509e-10,0,False,3,3
1864,2022-07-01,AFG,3885,2,3,0.65000000000000013,0.67918246984481812,0.00020049442537128925,0.68000000715255737,0.25,0.35170680284500122,0.0024572922848165035,0.34999999403953552,0.050000000000000003,0.10892524570226669,0.0020786446984857321,0.10999999940395355,0,0.0011075058719143271,-1.3824319466948509e-10,0,False,3,3
1864,2022-09-01,AFG,3886,2,3,0.75,0.74515622854232788,0.00047267720219679177,0.75,0.34999999999999998,0.3638891875743866,0.0047959745861589909,0.37000000476837158,0.10000000000000001,0.10892524570226669,0.0020786446984857321,0.10999999940395355,0,0.0011075058719143271,-1.3824319466948509e-10,0,False,3,3
1865,2022-03-01,PAK,3902,4,3,0.79999999999999993,0.61621463298797607,0.00016213612980209291,0.62000000476837158,0.44999999999999996,0.34667801856994629,-0.00075615360401570797,0.34999999403953552,0.14999999999999999,0.10672938823699951,-0.00077617750503122807,0.10999999940395355,0,0.0011559246340766549,-7.7761797001585364e-11,0,False,3,3
1865,2022-07-01,PAK,3903,4,3,0.65000000000000013,0.71309983730316162,0.00033732940210029483,0.70999997854232788,0.25,0.40024137496948242,0.00036168971564620733,0.40000000596046448,0.050000000000000003,0.11462016403675079,-0.00077617750503122807,0.10999999940395355,0,0.0011559246340766549,-7.7761797001585364e-11,0,False,3,3
1865,2022-09-01,PAK,3904,4,3,0.79999999999999993,0.76257991790771484,0.00012815474474336952,0.75999999046325684,0.44999999999999996,0.4331572949886322,0.0033307562116533518,0.43999999761581421,0.10000000000000001,0.10692784935235977,-0.00077617750503122807,0.10999999940395355,0,0.0011559246340766549,-7.7761797001585364e-11,0,False,3,3
1866,2022-03-01,PAK,3959,1,3,0.79999999999999993,0.55784285068511963,-0.00035173696232959628,0.56000000238418579,0.44999999999999996,0.36499175429344177,0.0083934199064970016,0.37000000476837158,0.14999999999999999,0.097469203174114227,-0.001846362603828311,0.10000000149011612,0,0.0010606431169435382,1.0913936421275139e-10,0,False,3,3
1866,2022-07-01,PAK,3960,1,3,0.65000000000000013,0.7130887508392334,0.00021907014888711274,0.70999997854232788,0.25,0.35088983178138733,0.013189338147640228,0.36000001430511475,0.050000000000000003,0.097979582846164703,-0.0002239362511318177,0.10000000149011612,0,0.0010606431169435382,1.0913936421275139e-10,0,False,3,3
1866,2022-09-01,PAK,3961,1,3,0.79999999999999993,0.79948943853378296,4.4697910198010504e-05,0.80000001192092896,0.44999999999999996,0.37293535470962524,0.011319594457745552,0.37999999523162842,0.10000000000000001,0.10726357251405716,-0.001846362603828311,0.10999999940395355,0,0.0010606431169435382,1.0913936421275139e-10,0,False,3,3
1867,2022-03-01,AFG,3953,0,3,0.79999999999999993,0.61678481101989746,-7.1257898525800556e-05,0.62000000476837158,0.44999999999999996,0.30691355466842651,-0.002692247973755002,0.30000001192092896,0.10000000000000001,0.10029607266187668,0.00023777072783559561,0.10000000149011612,0,0.0010221295524388552,9.0949470177292824e-12,0,False,3,3
1867,2022-07-01,AFG,3954,0,3,0.65000000000000002,0.64245063066482544,0.0002043797867372632,0.63999998569488525,0.25,0.3122144341468811,0.0043580844067037106,0.31999999284744263,0.10000000000000001,0.095718733966350555,0.0034443764016032219,0.10000000149011612,0,0.0010221295524388552,9.0949470177292824e-12,0,False,3,3
1867,2022-09-01,AFG,3955,0,3,0.75,0.75215744972229004,0.0001669673656579107,0.75,0.34999999999999998,0.34489840269088745,0.0015048056375235319,0.34999999403953552,0.10000000000000001,0.10403407365083694,0.00023777072783559561,0.10000000149011612,0,0.0010221295524388552,9.0949470177292824e-12,0,False,3,3
1868,2022-09-01,AFG,3972,1,4,0.84999999999999987,0.75205069780349731,-0.0006304978160187602,0.75,0.5,0.33552515506744385,0.0062830173410475254,0.34000000357627869,0.20000000000000001,0.10541006922721863,-0.001846362603828311,0.10000000149011612,0,0.0010606431169435382,1.0913936421275139e-10,0,False,4,3
1870,2022-03-01,AFG,3967,0,3,0.79999999999999993,0.61838257312774658,-0.00028644193662330508,0.62000000476837158,0.44999999999999996,0.33912533521652222,-0.002692247973755002,0.34000000357627869,0.10000000000000001,0.10039085894823074,0.00023777072783559561,0.10000000149011612,0,0.0010221295524388552,9.0949470177292824e-12,0,False,3,3
1870,2022-07-01,AFG,3968,0,3,0.65000000000000002,0.64606410264968872,-0.00025233894120901823,0.64999997615814209,0.25,0.35127747058868408,0.0043580844067037106,0.36000001430511475,0.10000000000000001,0.096881300210952759,0.0034443764016032219,0.10000000149011612,0,0.0010221295524388552,9.0949470177292824e-12,0,False,3,3
1870,2022-09-01,AFG,3969,0,3,0.75,0.75616061687469482,-0.00013470528938341886,0.75999999046325684,0.34999999999999998,0.34214049577713013,0.0015048056375235319,0.34000000357627869,0.10000000000000001,0.10412885993719101,0.00023777072783559561,0.10000000149011612,0,0.0010221295524388552,9.0949470177292824e-12,0,False,3,3
1871,2022-09-01,PAK,3970,0,3,0.75,0.77076363563537598,8.0529171100351959e-05,0.76999998092651367,0.34999999999999998,0.40970635414123535,0.00040879618609324098,0.40999999642372131,0.10000000000000001,0.12111525982618332,0.00023777072783559561,0.11999999731779099,0,0.0010221295524388552,9.0949470177292824e-12,0,False,3,3
1872,2022-09-01,PAK,4007,3,3,0.75,0.72362011671066284,-0.00031771589419804513,0.72000002861022949,0.34999999999999998,0.36935064196586609,-0.0023499778471887112,0.37000000476837158,0.10000000000000001,0.12892477214336395,0.0059940139763057232,0.12999999523162842,0,0.00089907192159444094,-6.5483618527650833e-11,0,False,3,3
1873,2022-03-01,TJK,3995,1,4,0.89999999999999991,0.63961517810821533,0.00037317248643375933,0.63999998569488525,0.55000000000000004,0.28916344046592712,0.0020251383539289236,0.28999999165534973,0.25,0.10494209825992584,-0.001846362603828311,0.10000000149011612,0,0.0010606431169435382,1.0913936421275139e-10,0,False,4,3
1873,2022-09-01,TJK,3996,1,4,0.84999999999999987,0.7176392674446106,0.00042518161353655159,0.72000002861022949,0.5,0.34245142340660095,0.0020251383539289236,0.34000000357627869,0.20000000000000001,0.10541006922721863,-0.001846362603828311,0.10000000149011612,0,0.0010606431169435382,1.0913936421275139e-10,0,False,4,3
1875,2022-03-01,PAK,3953,2,3,0.79999999999999993,0.67814075946807861,0.00036587839713320136,0.68000000715255737,0.44999999999999996,0.39007982611656189,-0.0045514381490647793,0.38999998569488525,0.10000000000000001,0.12587635219097137,-0.0011322528589516878,0.11999999731779099,0,0.0011075058719143271,-1.3824319466948509e-10,0,False,3,3
1875,2022-07-01,PAK,3954,2,3,0.65000000000000002,0.74478578567504883,0.00072476925561204553,0.75,0.25,0.45508560538291931,-0.0045514381490647793,0.44999998807907104,0.10000000000000001,0.13164648413658142,0.0020786446984857321,0.12999999523162842,0,0.0011075058719143271,-1.3824319466948509e-10,0,False,3,3
1875,2022-09-01,PAK,3955,2,3,0.75,0.78860467672348022,-0.00058867246843874454,0.79000002145767212,0.34999999999999998,0.42418348789215088,-0.0045514381490647793,0.41999998688697815,0.10000000000000001,0.12540461122989655,0.0020786446984857321,0.12999999523162842,0,0.0011075058719143271,-1.3824319466948509e-10,0,False,3,3
1876,2022-03-01,PAK,4012,1,3,0.79999999999999993,0.64613533020019531,0.00033075051032938063,0.64999997615814209,0.44999999999999996,0.39346623420715332,0.0031975358724594116,0.40000000596046448,0.10000000000000001,0.10662321001291275,-0.001846362603828311,0.10000000149011612,0,0.0010606431169435382,1.0913936421275139e-10,0,False,3,3
1876,2022-07-01,PAK,4013,1,3,0.65000000000000002,0.7384188175201416,-0.00020089464669581503,0.74000000953674316,0.25,0.37350022792816162,0.0079934513196349144,0.37999999523162842,0.10000000000000001,0.10215549916028976,-0.0002239362511318177,0.10000000149011612,0,0.0010606431169435382,1.0913936421275139e-10,0,False,3,3
1876,2022-09-01,PAK,4014,1,3,0.75,0.79750293493270874,0.00046729031600989401,0.80000001192092896,0.34999999999999998,0.37226665019989014,0.006123711820691824,0.37999999523162842,0.10000000000000001,0.11637517064809799,-0.001846362603828311,0.10999999940395355,0,0.0010606431169435382,1.0913936421275139e-10,0,False,3,3
