area_id,date,country_code_3,source_row_index,fold_id,source_overall_phase,phase2_test,phase2_pred,phase3_test,phase3_pred,phase4_test,phase4_pred,phase5_test,phase5_pred,nonpositive_cumulative_prediction_sum,overall_phase,overall_phase_pred
2,2022-10-01,DOM,0,1,2,0.5,0.5899999737739563,0.15000000000000002,0.25,0.01,0.079999998211860657,0,0,False,2,3
5,2022-10-01,DOM,1,0,2,0.55000000000000004,0.64999997615814209,0.17999999999999999,0.34999999403953552,0.02,0.079999998211860657,0,0,False,2,3
9,2022-09-01,DOM,1,3,4,0.80000000000000004,0.63999998569488525,0.55000000000000004,0.2800000011920929,0.20000000000000001,0.079999998211860657,0,0,False,4,3
10,2022-09-01,HTI,1,1,4,0.84999999999999998,0.62000000476837158,0.59999999999999998,0.31000000238418579,0.25,0.079999998211860657,0,0,False,4,3
10,2022-10-01,HTI,2,1,3,0.65000000000000002,0.47999998927116394,0.22,0.2800000011920929,0.01,0.079999998211860657,0,0,False,3,3
11,2022-09-01,HTI,3,2,4,0.84999999999999998,0.64999997615814209,0.59999999999999998,0.2800000011920929,0.25,0.090000003576278687,0,0,False,4,3
11,2022-10-01,HTI,4,2,3,0.65000000000000002,0.54000002145767212,0.22,0.2199999988079071,0.01,0.070000000298023224,0,0,False,3,3
12,2022-09-01,HTI,5,2,4,0.84999999999999998,0.64999997615814209,0.59999999999999998,0.2800000011920929,0.25,0.090000003576278687,0,0,False,4,3
12,2022-10-01,HTI,6,2,3,0.65000000000000002,0.54000002145767212,0.22,0.2199999988079071,0.01,0.070000000298023224,0,0,False,3,3
13,2022-09-01,HTI,9,1,3,0.75,0.60000002384185791,0.5,0.25999999046325684,0.14999999999999999,0.079999998211860657,0,0,False,3,3
16,2022-10-01,HTI,8,2,2,0.59999999999999998,0.47999998927116394,0.14999999999999999,0.2199999988079071,0,0.070000000298023224,0,0,False,2,3
19,2022-10-01,HTI,15,0,3,0.65000000000000002,0.60000002384185791,0.22,0.23000000417232513,0.01,0.079999998211860657,0,0,False,3,3
20,2022-10-01,HTI,16,4,3,0.65000000000000002,0.50999999046325684,0.22,0.18000000715255737,0.01,0.070000000298023224,0,0,False,3,2
21,2022-09-01,HTI,18,0,3,0.75,0.6600000262260437,0.44999999999999996,0.33000001311302185,0.14999999999999999,0.079999998211860657,0,0,False,3,3
21,2022-10-01,HTI,19,0,3,0.65000000000000002,0.5899999737739563,0.22,0.23999999463558197,0.01,0.079999998211860657,0,0,False,3,3
22,2022-09-01,HTI,17,4,3,0.75,0.63999998569488525,0.44999999999999996,0.20000000298023224,0.14999999999999999,0.070000000298023224,0,0,False,3,3
22,2022-10-01,HTI,18,4,3,0.65000000000000002,0.47999998927116394,0.22,0.15999999642372131,0.01,0.070000000298023224,0,0,False,3,2
38,2022-03-01,HND,41,1,3,0.69999999999999996,0.54000002145767212,0.28999999999999998,0.23000000417232513,0.040000000000000001,0.070000000298023224,0,0,False,3,3
41,2022-03-01,HND,66,3,3,0.69999999999999996,0.56999999284744263,0.28999999999999998,0.23999999463558197,0.040000000000000001,0.05000000074505806,0,0,False,3,3
42,2022-03-01,HND,76,0,3,0.69999999999999996,0.61000001430511475,0.28999999999999998,0.23000000417232513,0.040000000000000001,0.079999998211860657,0,0,False,3,3
45,2022-03-01,SLV,95,1,3,0.65000000000000002,0.47999998927116394,0.25,0.2199999988079071,0.029999999999999999,0.059999998658895493,0,0,False,3,3
47,2022-03-01,SLV,113,2,3,0.65000000000000002,0.51999998092651367,0.25,0.18999999761581421,0.029999999999999999,0.039999999105930328,0,0,False,3,2
48,2022-03-01,HND,120,0,3,0.69999999999999996,0.62000000476837158,0.28999999999999998,0.25,0.040000000000000001,0.070000000298023224,0,0,False,3,3
49,2022-03-01,HND,121,0,3,0.69999999999999996,0.61000001430511475,0.28999999999999998,0.25,0.040000000000000001,0.059999998658895493,0,0,False,3,3
50,2022-03-01,SLV,150,4,3,0.65000000000000002,0.52999997138977051,0.25,0.18000000715255737,0.029999999999999999,0.05000000074505806,0,0,False,3,2
51,2022-03-01,HND,147,2,3,0.65000000000000002,0.56999999284744263,0.25,0.23000000417232513,0.029999999999999999,0.05000000074505806,0,0,False,3,3
52,2022-03-01,HND,141,0,3,0.65000000000000002,0.62999999523162842,0.25,0.23000000417232513,0.029999999999999999,0.059999998658895493,0,0,False,3,3
54,2022-03-01,SLV,159,2,3,0.65000000000000002,0.51999998092651367,0.25,0.20999999344348907,0.029999999999999999,0.039999999105930328,0,0,False,3,3
55,2022-03-01,HND,174,4,3,0.65000000000000002,0.57999998331069946,0.25,0.2199999988079071,0.029999999999999999,0.059999998658895493,0,0,False,3,3
56,2022-03-01,HND,191,3,3,0.65000000000000002,0.56000000238418579,0.25,0.23999999463558197,0.029999999999999999,0.059999998658895493,0,0,False,3,3
57,2022-03-01,SLV,188,4,2,0.44999999999999996,0.51999998092651367,0.14999999999999999,0.2199999988079071,0,0.05000000074505806,0,0,False,2,3
58,2022-03-01,GTM,206,1,3,0.69999999999999996,0.56000000238418579,0.28999999999999998,0.25,0.040000000000000001,0.079999998211860657,0,0,False,3,3
59,2022-03-01,GTM,214,3,3,0.69999999999999996,0.62000000476837158,0.28999999999999998,0.2199999988079071,0.040000000000000001,0.05000000074505806,0,0,False,3,3
60,2022-03-01,SLV,213,4,2,0.44999999999999996,0.55000001192092896,0.14999999999999999,0.2199999988079071,0,0.05000000074505806,0,0,False,2,3
63,2022-03-01,SLV,236,3,3,0.65000000000000002,0.50999999046325684,0.25,0.20000000298023224,0.029999999999999999,0.05000000074505806,0,0,False,3,3
65,2022-03-01,SLV,249,2,2,0.44999999999999996,0.49000000953674316,0.14999999999999999,0.18999999761581421,0,0.039999999105930328,0,0,False,2,2
66,2022-03-01,SLV,256,0,2,0.44999999999999996,0.52999997138977051,0.14999999999999999,0.23000000417232513,0,0.070000000298023224,0,0,False,2,3
67,2022-03-01,GTM,260,4,3,0.65000000000000002,0.5899999737739563,0.25,0.20000000298023224,0.029999999999999999,0.05000000074505806,0,0,False,3,3
68,2022-03-01,GTM,278,3,3,0.65000000000000002,0.57999998331069946,0.25,0.23000000417232513,0.029999999999999999,0.059999998658895493,0,0,False,3,3
69,2022-03-01,GTM,275,0,3,0.65000000000000002,0.62000000476837158,0.25,0.2199999988079071,0.029999999999999999,0.059999998658895493,0,0,False,3,3
70,2022-03-01,GTM,288,3,3,0.65000000000000002,0.61000001430511475,0.25,0.18999999761581421,0.02,0.05000000074505806,0,0,False,3,2
71,2022-03-01,GTM,288,4,3,0.65000000000000002,0.55000001192092896,0.25,0.23000000417232513,0.02,0.05000000074505806,0,0,False,3,3
72,2022-03-01,SLV,294,0,2,0.44999999999999996,0.55000001192092896,0.14999999999999999,0.20999999344348907,0,0.059999998658895493,0,0,False,2,3
73,2022-03-01,SLV,322,2,2,0.44999999999999996,0.5,0.14999999999999999,0.17000000178813934,0,0.039999999105930328,0,0,False,2,2
74,2022-03-01,GTM,323,2,2,0.44999999999999996,0.51999998092651367,0.14999999999999999,0.20999999344348907,0,0.05000000074505806,0,0,False,2,3
75,2022-03-01,GTM,325,3,2,0.44999999999999996,0.56999999284744263,0.14999999999999999,0.23999999463558197,0,0.05000000074505806,0,0,False,2,3
76,2022-03-01,GTM,324,4,2,0.44999999999999996,0.56000000238418579,0.14999999999999999,0.2199999988079071,0,0.05000000074505806,0,0,False,2,3
77,2022-03-01,SLV,325,4,2,0.44999999999999996,0.56000000238418579,0.14999999999999999,0.2199999988079071,0,0.059999998658895493,0,0,False,2,3
78,2022-03-01,GTM,326,4,2,0.5,0.57999998331069946,0.15000000000000002,0.23000000417232513,0.01,0.05000000074505806,0,0,False,2,3
79,2022-03-01,GTM,354,3,2,0.5,0.62000000476837158,0.15000000000000002,0.20000000298023224,0.01,0.05000000074505806,0,0,False,2,3
80,2022-03-01,GTM,352,0,3,0.75,0.62000000476837158,0.28999999999999998,0.28999999165534973,0.040000000000000001,0.090000003576278687,0,0,False,3,3
81,2022-03-01,GTM,392,1,3,0.75,0.49000000953674316,0.28999999999999998,0.25999999046325684,0.040000000000000001,0.10000000149011612,0,0,False,3,3
82,2022-03-01,GTM,336,4,2,0.55000000000000004,0.60000002384185791,0.16999999999999998,0.23999999463558197,0.02,0.05000000074505806,0,0,False,2,3
83,2022-03-01,GTM,361,0,2,0.55000000000000004,0.62999999523162842,0.16999999999999998,0.23000000417232513,0.02,0.059999998658895493,0,0,False,2,3
86,2022-03-01,GTM,382,0,2,0.63,0.62000000476837158,0.14999999999999999,0.20999999344348907,0,0.059999998658895493,0,0,False,2,3
87,2022-03-01,GTM,383,0,2,0.63,0.62000000476837158,0.14999999999999999,0.20999999344348907,0,0.059999998658895493,0,0,False,2,3
90,2022-03-01,GTM,431,2,2,0.63,0.57999998331069946,0.18000000000000002,0.20999999344348907,0.01,0.039999999105930328,0,0,False,2,3
91,2022-03-01,GTM,410,0,2,0.63,0.51999998092651367,0.18000000000000002,0.20999999344348907,0.01,0.059999998658895493,0,0,False,2,3
92,2022-03-01,GTM,420,4,2,0.63,0.56000000238418579,0.18000000000000002,0.17000000178813934,0.01,0.05000000074505806,0,0,False,2,2
93,2022-03-01,GTM,460,2,2,0.64000000000000001,0.56000000238418579,0.17999999999999999,0.2199999988079071,0.02,0.039999999105930328,0,0,False,2,3
94,2022-03-01,GTM,434,0,2,0.64000000000000001,0.5899999737739563,0.17999999999999999,0.18999999761581421,0.02,0.070000000298023224,0,0,False,2,2
99,2022-03-01,GTM,492,2,2,0.66000000000000003,0.62000000476837158,0.16,0.25,0,0.05000000074505806,0,0,False,2,3
100,2022-03-01,GTM,469,4,2,0.66000000000000003,0.57999998331069946,0.16,0.25,0,0.05000000074505806,0,0,False,2,3
109,2022-03-01,GTM,496,4,3,0.70000000000000007,0.5899999737739563,0.25,0.23999999463558197,0.02,0.059999998658895493,0,0,False,3,3
110,2022-03-01,GTM,531,2,3,0.70000000000000007,0.61000001430511475,0.25,0.20999999344348907,0.02,0.05000000074505806,0,0,False,3,3
111,2022-03-01,GTM,532,2,2,0.60000000000000009,0.56999999284744263,0.15000000000000002,0.20999999344348907,0.01,0.039999999105930328,0,0,False,2,3
112,2022-03-01,GTM,554,3,2,0.60000000000000009,0.61000001430511475,0.15000000000000002,0.20000000298023224,0.01,0.059999998658895493,0,0,False,2,3
113,2022-03-01,GTM,513,0,3,0.60000000000000009,0.57999998331069946,0.23000000000000001,0.28999999165534973,0.029999999999999999,0.059999998658895493,0,0,False,3,3
114,2022-03-01,GTM,539,2,3,0.60000000000000009,0.62999999523162842,0.23000000000000001,0.23000000417232513,0.029999999999999999,0.059999998658895493,0,0,False,3,3
136,2022-07-01,COD,529,0,2,0.59999999999999998,0.72000002861022949,0.14999999999999999,0.25,0,0.059999998658895493,0,0,False,2,3
160,2022-07-01,COD,562,2,3,0.80000000000000004,0.60000002384185791,0.25,0.33000001311302185,0.050000000000000003,0.05000000074505806,0,0,False,3,3
161,2022-07-01,COD,621,1,3,0.80000000000000004,0.64999997615814209,0.25,0.23000000417232513,0.050000000000000003,0.059999998658895493,0,0,False,3,3
165,2022-09-01,CAF,586,3,4,0.85000000000000009,0.81000000238418579,0.60000000000000009,0.43000000715255737,0.20000000000000001,0.15000000596046448,0,0,False,4,3
169,2022-07-01,COD,636,1,3,0.75,0.64999997615814209,0.25,0.25,0.050000000000000003,0.079999998211860657,0,0,False,3,3
174,2022-09-01,CAF,598,3,3,0.84999999999999998,0.8399999737739563,0.55000000000000004,0.5,0.14999999999999999,0.15000000596046448,0,0,False,3,3
175,2022-09-01,CAF,558,4,3,0.84999999999999998,0.81000000238418579,0.55000000000000004,0.43999999761581421,0.14999999999999999,0.15000000596046448,0,0,False,3,3
177,2022-09-01,CAF,652,1,3,0.84999999999999998,0.81999999284744263,0.55000000000000004,0.4699999988079071,0.14999999999999999,0.14000000059604645,0,0,False,3,3
189,2022-07-01,COD,583,4,3,0.75000000000000011,0.67000001668930054,0.20000000000000001,0.2199999988079071,0.050000000000000003,0.070000000298023224,0,0,False,3,3
190,2022-07-01,COD,630,3,3,0.75000000000000011,0.67000001668930054,0.20000000000000001,0.20000000298023224,0.050000000000000003,0.070000000298023224,0,0,False,3,3
216,2022-09-01,CAF,636,2,3,0.79999999999999993,0.68000000715255737,0.44999999999999996,0.2800000011920929,0.14999999999999999,0.079999998211860657,0,0,False,3,3
229,2022-09-01,CAF,622,0,3,0.75,0.6600000262260437,0.40000000000000002,0.28999999165534973,0.14999999999999999,0.059999998658895493,0,0,False,3,3
230,2022-07-01,COD,623,0,3,0.55000000000000004,0.69999998807907104,0.20000000000000001,0.28999999165534973,0,0.079999998211860657,0,0,False,3,3
234,2022-07-01,CAF,630,0,3,0.75,0.69999998807907104,0.29999999999999999,0.31000000238418579,0.050000000000000003,0.090000003576278687,0,0,False,3,3
234,2022-09-01,CAF,631,0,3,0.55000000000000004,0.73000001907348633,0.20000000000000001,0.25,0,0.059999998658895493,0,0,False,3,3
237,2022-07-01,CAF,709,1,3,0.75,0.72000002861022949,0.29999999999999999,0.28999999165534973,0.050000000000000003,0.070000000298023224,0,0,False,3,3
237,2022-09-01,CAF,710,1,3,0.55000000000000004,0.68999999761581421,0.20000000000000001,0.30000001192092896,0,0.070000000298023224,0,0,False,3,3
239,2022-07-01,CAF,678,3,3,0.75,0.72000002861022949,0.29999999999999999,0.31000000238418579,0.050000000000000003,0.079999998211860657,0,0,False,3,3
239,2022-09-01,CAF,679,3,3,0.55000000000000004,0.68000000715255737,0.20000000000000001,0.25,0,0.079999998211860657,0,0,False,3,3
242,2022-07-01,COD,639,4,2,0.5,0.64999997615814209,0.14999999999999999,0.20999999344348907,0,0.070000000298023224,0,0,False,2,3
251,2022-09-01,CAF,673,2,3,0.69999999999999996,0.74000000953674316,0.34999999999999998,0.2800000011920929,0.050000000000000003,0.079999998211860657,0,0,False,3,3
258,2022-09-01,CAF,648,4,3,0.69999999999999996,0.74000000953674316,0.34999999999999998,0.34000000357627869,0.050000000000000003,0.090000003576278687,0,0,False,3,3
263,2022-07-01,COD,687,2,3,0.65000000000000002,0.62999999523162842,0.20000000000000001,0.33000001311302185,0,0.05000000074505806,0,0,False,3,3
264,2022-07-01,COD,656,4,3,0.65000000000000002,0.67000001668930054,0.20000000000000001,0.2800000011920929,0,0.079999998211860657,0,0,False,3,3
280,2022-09-01,CAF,673,0,3,0.79999999999999993,0.81999999284744263,0.44999999999999996,0.43000000715255737,0.10000000000000001,0.14000000059604645,0,0,False,3,3
282,2022-07-01,CAF,666,4,3,0.5,0.72000002861022949,0.20000000000000001,0.36000001430511475,0,0.070000000298023224,0,0,False,3,3
282,2022-09-01,CAF,667,4,3,0.74999999999999989,0.70999997854232788,0.44999999999999996,0.33000001311302185,0.10000000000000001,0.10000000149011612,0,0,False,3,3
283,2022-07-01,CAF,668,4,3,0.5,0.72000002861022949,0.20000000000000001,0.37999999523162842,0,0.070000000298023224,0,0,False,3,3
283,2022-09-01,CAF,669,4,3,0.74999999999999989,0.70999997854232788,0.44999999999999996,0.34000000357627869,0.10000000000000001,0.070000000298023224,0,0,False,3,3
284,2022-07-01,COD,716,3,3,0.69999999999999996,0.67000001668930054,0.39999999999999997,0.30000001192092896,0.050000000000000003,0.059999998658895493,0,0,False,3,3
285,2022-07-01,COD,757,1,3,0.69999999999999996,0.67000001668930054,0.39999999999999997,0.30000001192092896,0.050000000000000003,0.059999998658895493,0,0,False,3,3
286,2022-09-01,CAF,758,1,3,0.74999999999999989,0.75,0.44999999999999996,0.36000001430511475,0.10000000000000001,0.079999998211860657,0,0,False,3,3
290,2022-09-01,CAF,682,4,3,0.79999999999999993,0.77999997138977051,0.44999999999999996,0.37999999523162842,0.10000000000000001,0.15000000596046448,0,0,False,3,3
291,2022-07-01,CAF,761,1,3,0.5,0.77999997138977051,0.20000000000000001,0.36000001430511475,0,0.070000000298023224,0,0,False,3,3
291,2022-09-01,CAF,762,1,3,0.74999999999999989,0.75999999046325684,0.44999999999999996,0.36000001430511475,0.10000000000000001,0.079999998211860657,0,0,False,3,3
296,2022-07-01,COD,730,2,3,0.84999999999999998,0.63999998569488525,0.34999999999999998,0.28999999165534973,0,0.059999998658895493,0,0,False,3,3
305,2022-07-01,CAF,706,4,3,0.5,0.72000002861022949,0.20000000000000001,0.36000001430511475,0,0.070000000298023224,0,0,False,3,3
314,2022-07-01,CAF,709,4,3,0.70000000000000007,0.72000002861022949,0.29999999999999999,0.33000001311302185,0.050000000000000003,0.079999998211860657,0,0,False,3,3
319,2022-09-01,CAF,786,1,3,0.79999999999999993,0.80000001192092896,0.44999999999999996,0.44999998807907104,0.10000000000000001,0.11999999731779099,0,0,False,3,3
322,2022-09-01,CAF,787,1,3,0.79999999999999993,0.81000000238418579,0.44999999999999996,0.41999998688697815,0.10000000000000001,0.12999999523162842,0,0,False,3,3
323,2022-09-01,CAF,721,4,3,0.79999999999999993,0.79000002145767212,0.44999999999999996,0.41999998688697815,0.10000000000000001,0.12999999523162842,0,0,False,3,3
334,2022-04-01,CAF,730,4,2,0.45000000000000001,0.75999999046325684,0.15000000000000002,0.40000000596046448,0.050000000000000003,0.11999999731779099,0,0,False,2,3
335,2022-04-01,CAF,773,2,2,0.45000000000000001,0.73000001907348633,0.15000000000000002,0.33000001311302185,0.050000000000000003,0.10999999940395355,0,0,False,2,3
347,2022-09-01,CAF,761,0,4,0.89999999999999991,0.81000000238418579,0.55000000000000004,0.37999999523162842,0.20000000000000001,0.12999999523162842,0,0,False,4,3
370,2022-07-01,COD,818,1,3,0.69999999999999996,0.62999999523162842,0.29999999999999999,0.25999999046325684,0,0.05000000074505806,0,0,False,3,3
374,2022-07-01,COD,772,0,3,0.69999999999999996,0.60000002384185791,0.29999999999999999,0.28999999165534973,0,0.070000000298023224,0,0,False,3,3
391,2022-07-01,COD,809,3,3,0.75,0.63999998569488525,0.25,0.31999999284744263,0.050000000000000003,0.079999998211860657,0,0,False,3,3
409,2022-07-01,COD,806,2,2,0.59999999999999998,0.68999999761581421,0.14999999999999999,0.31000000238418579,0,0.059999998658895493,0,0,False,2,3
410,2022-07-01,COD,807,2,2,0.59999999999999998,0.68999999761581421,0.14999999999999999,0.31000000238418579,0,0.059999998658895493,0,0,False,2,3
413,2022-07-01,COD,836,1,2,0.59999999999999998,0.67000001668930054,0.14999999999999999,0.2800000011920929,0,0.059999998658895493,0,0,False,2,3
417,2022-07-01,COD,838,1,3,0.65000000000000002,0.79000002145767212,0.20000000000000001,0.36000001430511475,0.050000000000000003,0.070000000298023224,0,0,False,3,3
420,2022-07-01,COD,839,1,2,0.65000000000000002,0.69999998807907104,0.14999999999999999,0.2800000011920929,0,0.059999998658895493,0,0,False,2,3
435,2022-10-01,CAF,778,4,3,0.84999999999999998,0.6600000262260437,0.40000000000000002,0.34000000357627869,0.10000000000000001,0.10000000149011612,0,0,False,3,3
436,2022-10-01,CAF,839,3,3,0.84999999999999998,0.72000002861022949,0.40000000000000002,0.33000001311302185,0.10000000000000001,0.090000003576278687,0,0,False,3,3
441,2022-10-01,CAF,847,2,3,0.84999999999999998,0.68999999761581421,0.40000000000000002,0.33000001311302185,0.10000000000000001,0.10000000149011612,0,0,False,3,3
443,2022-07-01,COD,882,1,3,0.75,0.68000000715255737,0.29999999999999999,0.33000001311302185,0.050000000000000003,0.059999998658895493,0,0,False,3,3
446,2022-07-01,COD,861,3,2,0.70000000000000007,0.68999999761581421,0.14999999999999999,0.34999999403953552,0,0.059999998658895493,0,0,False,2,3
451,2022-07-01,COD,810,4,3,0.70000000000000007,0.72000002861022949,0.20000000000000001,0.30000001192092896,0.050000000000000003,0.070000000298023224,0,0,False,3,3
452,2022-07-01,COD,856,2,3,0.70000000000000007,0.6600000262260437,0.20000000000000001,0.31999999284744263,0.050000000000000003,0.070000000298023224,0,0,False,3,3
459,2022-07-01,COD,880,3,3,0.75,0.73000001907348633,0.29999999999999999,0.36000001430511475,0.050000000000000003,0.059999998658895493,0,0,False,3,3
471,2022-07-01,COD,912,1,2,0.75,0.64999997615814209,0.10000000000000001,0.25,0,0.059999998658895493,0,0,False,2,3
472,2022-07-01,COD,834,4,2,0.75,0.63999998569488525,0.10000000000000001,0.30000001192092896,0,0.070000000298023224,0,0,False,2,3
492,2022-07-01,COD,893,2,3,0.70000000000000007,0.6600000262260437,0.25,0.2800000011920929,0.050000000000000003,0.059999998658895493,0,0,False,3,3
494,2022-07-01,COD,907,3,3,0.70000000000000007,0.64999997615814209,0.25,0.31999999284744263,0.050000000000000003,0.070000000298023224,0,0,False,3,3
495,2022-02-01,SSD,887,0,4,0.94999999999999996,0.73000001907348633,0.85000000000000009,0.43000000715255737,0.5,0.10000000149011612,0.050000000000000003,0,False,4,3
495,2022-10-01,SSD,888,0,3,0.84999999999999998,0.69999998807907104,0.40000000000000002,0.34000000357627869,0.10000000000000001,0.10000000149011612,0,0,False,3,3
496,2022-02-01,SSD,856,4,4,0.94999999999999996,0.72000002861022949,0.85000000000000009,0.37999999523162842,0.5,0.15000000596046448,0.050000000000000003,0,False,4,3
496,2022-10-01,SSD,857,4,3,0.84999999999999998,0.75,0.40000000000000002,0.37000000476837158,0.10000000000000001,0.11999999731779099,0,0,False,3,3
512,2022-10-01,SSD,924,2,4,0.89999999999999991,0.80000001192092896,0.64999999999999991,0.52999997138977051,0.29999999999999999,0.12999999523162842,0,0,False,4,3
513,2022-10-01,SSD,941,3,4,0.89999999999999991,0.82999998331069946,0.64999999999999991,0.43999999761581421,0.29999999999999999,0.11999999731779099,0,0,False,4,3
518,2022-07-01,COD,930,2,3,0.79999999999999993,0.73000001907348633,0.40000000000000002,0.27000001072883606,0.10000000000000001,0.05000000074505806,0,0,False,3,3
519,2022-07-01,COD,928,0,3,0.79999999999999993,0.73000001907348633,0.40000000000000002,0.28999999165534973,0.10000000000000001,0.059999998658895493,0,0,False,3,3
520,2022-02-01,SSD,898,4,3,0.84999999999999998,0.75,0.59999999999999998,0.49000000953674316,0.14999999999999999,0.15000000596046448,0,0,False,3,3
521,2022-02-01,SSD,951,3,3,0.84999999999999998,0.80000001192092896,0.59999999999999998,0.43000000715255737,0.14999999999999999,0.090000003576278687,0,0,False,3,3
534,2022-02-01,COD,904,4,3,0.69999999999999996,0.63999998569488525,0.25,0.31000000238418579,0,0.070000000298023224,0,0,False,3,3
534,2022-10-01,COD,905,4,2,0.55000000000000004,0.68000000715255737,0.14999999999999999,0.28999999165534973,0,0.090000003576278687,0,0,False,2,3
537,2022-02-01,COD,908,4,3,0.69999999999999996,0.61000001430511475,0.25,0.31000000238418579,0,0.090000003576278687,0,0,False,3,3
537,2022-10-01,COD,909,4,2,0.55000000000000004,0.6600000262260437,0.14999999999999999,0.30000001192092896,0,0.079999998211860657,0,0,False,2,3
547,2022-07-01,COD,1005,1,3,0.84999999999999998,0.74000000953674316,0.40000000000000002,0.31999999284744263,0.10000000000000001,0.05000000074505806,0,0,False,3,3
555,2022-07-01,COD,1002,3,3,0.69999999999999996,0.63999998569488525,0.34999999999999998,0.31000000238418579,0.10000000000000001,0.059999998658895493,0,0,False,3,3
564,2022-04-01,COD,1038,1,2,0.39999999999999997,0.60000002384185791,0.050000000000000003,0.25,0,0.05000000074505806,0,0,False,2,3
564,2022-06-01,COD,1039,1,2,0.75,0.68999999761581421,0.15000000000000002,0.27000001072883606,0.050000000000000003,0.05000000074505806,0,0,False,2,3
564,2022-07-01,COD,1040,1,3,0.80000000000000004,0.68000000715255737,0.25,0.28999999165534973,0.050000000000000003,0.059999998658895493,0,0,False,3,3
565,2022-04-01,COD,1011,2,2,0.39999999999999997,0.57999998331069946,0.050000000000000003,0.25,0,0.05000000074505806,0,0,False,2,3
565,2022-06-01,COD,1012,2,2,0.75,0.67000001668930054,0.15000000000000002,0.25,0.050000000000000003,0.05000000074505806,0,0,False,2,3
565,2022-07-01,COD,1013,2,3,0.80000000000000004,0.67000001668930054,0.25,0.31000000238418579,0.050000000000000003,0.05000000074505806,0,0,False,3,3
568,2022-10-01,SSD,1035,3,4,0.85000000000000009,0.81999999284744263,0.64999999999999991,0.38999998569488525,0.29999999999999999,0.10999999940395355,0,0,False,4,3
570,2022-02-01,COD,1017,2,3,0.69999999999999996,0.74000000953674316,0.25,0.37999999523162842,0,0.070000000298023224,0,0,False,3,3
571,2022-02-01,COD,1049,3,3,0.69999999999999996,0.69999998807907104,0.25,0.36000001430511475,0,0.059999998658895493,0,0,False,3,3
577,2022-10-01,SSD,1013,4,2,0.55000000000000004,0.74000000953674316,0.14999999999999999,0.34999999403953552,0,0.079999998211860657,0,0,False,2,3
578,2022-10-01,SSD,1094,1,2,0.55000000000000004,0.75999999046325684,0.14999999999999999,0.37000000476837158,0,0.079999998211860657,0,0,False,2,3
586,2022-02-01,COD,1061,2,3,0.69999999999999996,0.68999999761581421,0.25,0.36000001430511475,0,0.059999998658895493,0,0,False,3,3
586,2022-07-01,COD,1062,2,3,0.75,0.62999999523162842,0.29999999999999999,0.28999999165534973,0.050000000000000003,0.059999998658895493,0,0,False,3,3
586,2022-10-01,COD,1063,2,2,0.55000000000000004,0.6600000262260437,0.14999999999999999,0.33000001311302185,0,0.070000000298023224,0,0,False,2,3
587,2022-04-01,COD,1115,1,2,0.30000000000000004,0.56999999284744263,0.10000000000000001,0.27000001072883606,0,0.05000000074505806,0,0,False,2,3
587,2022-06-01,COD,1116,1,1,0.15000000000000002,0.62999999523162842,0.050000000000000003,0.23999999463558197,0,0.05000000074505806,0,0,False,1,3
587,2022-07-01,COD,1117,1,3,0.80000000000000004,0.62999999523162842,0.29999999999999999,0.28999999165534973,0.050000000000000003,0.05000000074505806,0,0,False,3,3
591,2022-04-01,COD,1058,4,2,0.30000000000000004,0.51999998092651367,0.10000000000000001,0.17000000178813934,0,0.05000000074505806,0,0,False,2,2
591,2022-07-01,COD,1059,4,3,0.80000000000000004,0.57999998331069946,0.29999999999999999,0.20999999344348907,0.050000000000000003,0.05000000074505806,0,0,False,3,3
592,2022-04-01,COD,1131,1,2,0.30000000000000004,0.56999999284744263,0.10000000000000001,0.2199999988079071,0,0.05000000074505806,0,0,False,2,3
592,2022-07-01,COD,1132,1,3,0.80000000000000004,0.56999999284744263,0.29999999999999999,0.25,0.050000000000000003,0.05000000074505806,0,0,False,3,3
598,2022-07-01,COD,1110,2,3,0.69999999999999996,0.64999997615814209,0.34999999999999998,0.2199999988079071,0.10000000000000001,0.059999998658895493,0,0,False,3,3
602,2022-04-01,COD,1147,3,2,0.39999999999999997,0.5,0.050000000000000003,0.20999999344348907,0,0.05000000074505806,0,0,False,2,3
602,2022-06-01,COD,1148,3,2,0.75,0.64999997615814209,0.15000000000000002,0.20999999344348907,0.050000000000000003,0.05000000074505806,0,0,False,2,3
602,2022-07-01,COD,1149,3,3,0.80000000000000004,0.63999998569488525,0.39999999999999997,0.30000001192092896,0.050000000000000003,0.05000000074505806,0,0,False,3,3
605,2022-10-01,SSD,1104,4,4,0.80000000000000004,0.80000001192092896,0.55000000000000004,0.50999999046325684,0.29999999999999999,0.11999999731779099,0,0,False,4,3
606,2022-10-01,SSD,1105,4,4,0.80000000000000004,0.80000001192092896,0.55000000000000004,0.50999999046325684,0.29999999999999999,0.11999999731779099,0,0,False,4,3
607,2022-07-01,COD,1106,4,3,0.69999999999999996,0.68999999761581421,0.34999999999999998,0.28999999165534973,0.10000000000000001,0.05000000074505806,0,0,False,3,3
608,2022-07-01,COD,1137,2,3,0.84999999999999998,0.63999998569488525,0.40000000000000002,0.31999999284744263,0.10000000000000001,0.059999998658895493,0,0,False,3,3
609,2022-07-01,COD,1113,4,3,0.84999999999999998,0.60000002384185791,0.40000000000000002,0.31000000238418579,0.10000000000000001,0.059999998658895493,0,0,False,3,3
611,2022-06-01,COD,1114,4,2,0.30000000000000004,0.60000002384185791,0.10000000000000001,0.28999999165534973,0,0.079999998211860657,0,0,False,2,3
611,2022-07-01,COD,1115,4,3,0.69999999999999996,0.63999998569488525,0.34999999999999998,0.25,0.10000000000000001,0.05000000074505806,0,0,False,3,3
613,2022-04-01,COD,1153,2,2,0.34999999999999998,0.61000001430511475,0.10000000000000001,0.27000001072883606,0,0.05000000074505806,0,0,False,2,3
613,2022-06-01,COD,1154,2,2,0.40000000000000002,0.56999999284744263,0.14999999999999999,0.25999999046325684,0,0.05000000074505806,0,0,False,2,3
613,2022-07-01,COD,1155,2,3,0.84999999999999998,0.62999999523162842,0.5,0.25,0.14999999999999999,0.039999999105930328,0,0,False,3,3
614,2022-07-01,COD,1156,2,3,0.90000000000000002,0.69999998807907104,0.44999999999999996,0.31999999284744263,0.10000000000000001,0.059999998658895493,0,0,False,3,3
615,2022-04-01,COD,1205,0,2,0.39999999999999997,0.60000002384185791,0.050000000000000003,0.20999999344348907,0,0.05000000074505806,0,0,False,2,3
615,2022-06-01,COD,1206,0,2,0.75,0.63999998569488525,0.15000000000000002,0.2199999988079071,0.050000000000000003,0.05000000074505806,0,0,False,2,3
615,2022-07-01,COD,1207,0,3,0.80000000000000004,0.62000000476837158,0.39999999999999997,0.27000001072883606,0.050000000000000003,0.05000000074505806,0,0,False,3,3
616,2022-04-01,COD,1212,3,2,0.30000000000000004,0.52999997138977051,0.10000000000000001,0.20000000298023224,0,0.05000000074505806,0,0,False,2,3
618,2022-04-01,COD,1214,0,2,0.34999999999999998,0.56999999284744263,0.10000000000000001,0.23000000417232513,0,0.059999998658895493,0,0,False,2,3
618,2022-06-01,COD,1215,0,2,0.40000000000000002,0.51999998092651367,0.14999999999999999,0.2199999988079071,0,0.059999998658895493,0,0,False,2,3
618,2022-07-01,COD,1216,0,3,0.84999999999999998,0.62000000476837158,0.5,0.23999999463558197,0.14999999999999999,0.05000000074505806,0,0,False,3,3
623,2022-07-01,COD,1192,2,3,0.90000000000000002,0.67000001668930054,0.44999999999999996,0.36000001430511475,0.10000000000000001,0.059999998658895493,0,0,False,3,3
625,2022-04-01,COD,1225,0,2,0.30000000000000004,0.47999998927116394,0.10000000000000001,0.18999999761581421,0,0.05000000074505806,0,0,False,2,2
625,2022-06-01,COD,1226,0,1,0.15000000000000002,0.56999999284744263,0.050000000000000003,0.2199999988079071,0,0.05000000074505806,0,0,False,1,3
625,2022-07-01,COD,1227,0,3,0.75,0.63999998569488525,0.29999999999999999,0.27000001072883606,0.050000000000000003,0.05000000074505806,0,0,False,3,3
626,2022-04-01,COD,1206,2,2,0.30000000000000004,0.49000000953674316,0.10000000000000001,0.2199999988079071,0,0.039999999105930328,0,0,False,2,3
626,2022-06-01,COD,1207,2,1,0.15000000000000002,0.60000002384185791,0.050000000000000003,0.20000000298023224,0,0.039999999105930328,0,0,False,1,3
626,2022-07-01,COD,1208,2,3,0.75,0.61000001430511475,0.29999999999999999,0.23999999463558197,0.050000000000000003,0.05000000074505806,0,0,False,3,3
630,2022-06-01,ZMB,1281,1,2,0.59999999999999998,0.5,0.14999999999999999,0.25999999046325684,0,0.039999999105930328,0,0,False,2,3
633,2022-06-01,ZMB,1245,0,2,0.59999999999999998,0.56000000238418579,0.14999999999999999,0.17000000178813934,0,0.039999999105930328,0,0,False,2,2
634,2022-04-01,COD,1213,2,2,0.34999999999999998,0.60000002384185791,0.10000000000000001,0.25,0,0.05000000074505806,0,0,False,2,3
634,2022-06-01,COD,1214,2,2,0.40000000000000002,0.56999999284744263,0.14999999999999999,0.2199999988079071,0,0.039999999105930328,0,0,False,2,3
634,2022-07-01,COD,1215,2,2,0.65000000000000002,0.6600000262260437,0.15000000000000002,0.23000000417232513,0.050000000000000003,0.05000000074505806,0,0,False,2,3
637,2022-02-01,SSD,1222,2,4,0.94999999999999996,0.82999998331069946,0.65000000000000002,0.31999999284744263,0.20000000000000001,0.11999999731779099,0,0,False,4,3
637,2022-10-01,SSD,1223,2,4,0.84999999999999987,0.76999998092651367,0.55000000000000004,0.43000000715255737,0.20000000000000001,0.11999999731779099,0,0,False,4,3
638,2022-02-01,SSD,1273,0,4,0.94999999999999996,0.76999998092651367,0.65000000000000002,0.40999999642372131,0.20000000000000001,0.12999999523162842,0,0,False,4,3
638,2022-10-01,SSD,1274,0,4,0.84999999999999987,0.81000000238418579,0.55000000000000004,0.40999999642372131,0.20000000000000001,0.14000000059604645,0,0,False,4,3
639,2022-02-01,SSD,1299,3,4,0.85000000000000009,0.73000001907348633,0.64999999999999991,0.40999999642372131,0.29999999999999999,0.090000003576278687,0,0,False,4,3
640,2022-02-01,SSD,1238,2,4,0.85000000000000009,0.69999998807907104,0.64999999999999991,0.33000001311302185,0.29999999999999999,0.11999999731779099,0,0,False,4,3
642,2022-10-01,SSD,1307,3,4,0.80000000000000004,0.82999998331069946,0.55000000000000004,0.5,0.25,0.12999999523162842,0,0,False,4,3
643,2022-10-01,SSD,1249,4,4,0.80000000000000004,0.82999998331069946,0.55000000000000004,0.52999997138977051,0.25,0.18000000715255737,0,0,False,4,3
644,2022-06-01,COD,1290,0,2,0.30000000000000004,0.62000000476837158,0.10000000000000001,0.27000001072883606,0,0.059999998658895493,0,0,False,2,3
644,2022-07-01,COD,1291,0,2,0.65000000000000002,0.56999999284744263,0.15000000000000002,0.31000000238418579,0.050000000000000003,0.059999998658895493,0,0,False,2,3
645,2022-06-01,COD,1338,1,2,0.30000000000000004,0.67000001668930054,0.10000000000000001,0.28999999165534973,0,0.059999998658895493,0,0,False,2,3
645,2022-07-01,COD,1339,1,2,0.65000000000000002,0.60000002384185791,0.15000000000000002,0.30000001192092896,0.050000000000000003,0.05000000074505806,0,0,False,2,3
646,2022-04-01,COD,1340,1,2,0.34999999999999998,0.62999999523162842,0.10000000000000001,0.2199999988079071,0,0.090000003576278687,0,0,False,2,3
646,2022-07-01,COD,1341,1,3,0.79999999999999993,0.61000001430511475,0.44999999999999996,0.25,0.10000000000000001,0.070000000298023224,0,0,False,3,3
647,2022-04-01,COD,1342,1,2,0.34999999999999998,0.62999999523162842,0.10000000000000001,0.23000000417232513,0,0.090000003576278687,0,0,False,2,3
647,2022-07-01,COD,1343,1,3,0.79999999999999993,0.61000001430511475,0.44999999999999996,0.25,0.10000000000000001,0.070000000298023224,0,0,False,3,3
649,2022-04-01,COD,1279,4,2,0.34999999999999998,0.62000000476837158,0.10000000000000001,0.20000000298023224,0,0.079999998211860657,0,0,False,2,3
649,2022-06-01,COD,1280,4,2,0.34999999999999998,0.60000002384185791,0.14999999999999999,0.23999999463558197,0,0.079999998211860657,0,0,False,2,3
649,2022-07-01,COD,1281,4,3,0.65000000000000002,0.56999999284744263,0.29999999999999999,0.23999999463558197,0.050000000000000003,0.05000000074505806,0,0,False,3,3
650,2022-04-01,COD,1334,0,2,0.34999999999999998,0.62999999523162842,0.10000000000000001,0.23000000417232513,0,0.059999998658895493,0,0,False,2,3
650,2022-06-01,COD,1335,0,2,0.34999999999999998,0.61000001430511475,0.14999999999999999,0.27000001072883606,0,0.059999998658895493,0,0,False,2,3
650,2022-07-01,COD,1336,0,3,0.65000000000000002,0.57999998331069946,0.29999999999999999,0.25999999046325684,0.050000000000000003,0.05000000074505806,0,0,False,3,3
651,2022-04-01,BDI,1372,3,2,0.30000000000000004,0.51999998092651367,0.10000000000000001,0.15000000596046448,0,0.039999999105930328,0,0,False,2,2
651,2022-06-01,BDI,1373,3,1,0.15000000000000002,0.60000002384185791,0.050000000000000003,0.18000000715255737,0,0.039999999105930328,0,0,False,1,2
651,2022-07-01,BDI,1374,3,3,0.75,0.62999999523162842,0.29999999999999999,0.25,0.050000000000000003,0.05000000074505806,0,0,False,3,3
652,2022-04-01,BDI,1313,4,2,0.30000000000000004,0.4699999988079071,0.10000000000000001,0.17000000178813934,0,0.039999999105930328,0,0,False,2,2
652,2022-06-01,BDI,1314,4,1,0.15000000000000002,0.60000002384185791,0.050000000000000003,0.18999999761581421,0,0.039999999105930328,0,0,False,1,2
652,2022-07-01,BDI,1315,4,3,0.75,0.62999999523162842,0.29999999999999999,0.20999999344348907,0.050000000000000003,0.039999999105930328,0,0,False,3,3
654,2022-06-01,COD,1407,1,2,0.29999999999999999,0.68000000715255737,0.14999999999999999,0.33000001311302185,0,0.070000000298023224,0,0,False,2,3
654,2022-07-01,COD,1408,1,3,0.80000000000000004,0.68000000715255737,0.34999999999999998,0.30000001192092896,0.050000000000000003,0.070000000298023224,0,0,False,3,3
655,2022-06-01,COD,1409,1,2,0.30000000000000004,0.64999997615814209,0.10000000000000001,0.31000000238418579,0,0.059999998658895493,0,0,False,2,3
655,2022-07-01,COD,1410,1,3,0.75,0.64999997615814209,0.34999999999999998,0.28999999165534973,0.10000000000000001,0.05000000074505806,0,0,False,3,3
658,2022-06-01,COD,1334,4,2,0.30000000000000004,0.5899999737739563,0.10000000000000001,0.23999999463558197,0,0.090000003576278687,0,0,False,2,3
658,2022-07-01,COD,1335,4,3,0.79999999999999993,0.61000001430511475,0.44999999999999996,0.23000000417232513,0.14999999999999999,0.05000000074505806,0,0,False,3,3
661,2022-06-01,COD,1423,1,2,0.30000000000000004,0.68000000715255737,0.10000000000000001,0.33000001311302185,0,0.059999998658895493,0,0,False,2,3
661,2022-07-01,COD,1424,1,3,0.79999999999999993,0.56999999284744263,0.44999999999999996,0.34999999403953552,0.14999999999999999,0.05000000074505806,0,0,False,3,3
668,2022-02-01,SSD,1361,4,2,0.5,0.74000000953674316,0.14999999999999999,0.37000000476837158,0,0.10000000149011612,0,0,False,2,3
668,2022-07-01,SSD,1362,4,3,0.75,0.73000001907348633,0.25,0.33000001311302185,0.050000000000000003,0.059999998658895493,0,0,False,3,3
669,2022-02-01,SSD,1363,4,2,0.5,0.74000000953674316,0.14999999999999999,0.37000000476837158,0,0.10000000149011612,0,0,False,2,3
669,2022-07-01,SSD,1364,4,3,0.75,0.73000001907348633,0.25,0.33000001311302185,0.050000000000000003,0.059999998658895493,0,0,False,3,3
670,2022-02-01,SSD,1365,4,4,0.90000000000000002,0.75999999046325684,0.65000000000000002,0.43000000715255737,0.25,0.12999999523162842,0,0,False,4,3
671,2022-02-01,SSD,1398,2,4,0.90000000000000002,0.75,0.65000000000000002,0.31999999284744263,0.25,0.15000000596046448,0,0,False,4,3
672,2022-02-01,SSD,1452,1,3,0.79999999999999993,0.80000001192092896,0.44999999999999996,0.37000000476837158,0.14999999999999999,0.14000000059604645,0,0,False,3,3
672,2022-10-01,SSD,1453,1,3,0.80000000000000004,0.81999999284744263,0.55000000000000004,0.46000000834465027,0.14999999999999999,0.15000000596046448,0,0,False,3,3
673,2022-02-01,SSD,1440,0,3,0.79999999999999993,0.74000000953674316,0.44999999999999996,0.41999998688697815,0.14999999999999999,0.12999999523162842,0,0,False,3,3
673,2022-10-01,SSD,1441,0,3,0.80000000000000004,0.80000001192092896,0.55000000000000004,0.49000000953674316,0.14999999999999999,0.15000000596046448,0,0,False,3,3
674,2022-07-01,BDI,1463,1,3,0.80000000000000004,0.68999999761581421,0.39999999999999997,0.2199999988079071,0.050000000000000003,0.039999999105930328,0,0,False,3,3
675,2022-07-01,BDI,1482,3,3,0.80000000000000004,0.6600000262260437,0.39999999999999997,0.2199999988079071,0.050000000000000003,0.039999999105930328,0,0,False,3,3
676,2022-04-01,BDI,1460,0,2,0.40000000000000002,0.56999999284744263,0.10000000000000001,0.14000000059604645,0,0.029999999329447746,0,0,False,2,2
676,2022-06-01,BDI,1461,0,2,0.40000000000000002,0.63999998569488525,0.10000000000000001,0.15000000596046448,0,0.039999999105930328,0,0,False,2,2
676,2022-07-01,BDI,1462,0,3,0.75,0.67000001668930054,0.29999999999999999,0.20000000298023224,0.050000000000000003,0.039999999105930328,0,0,False,3,3
677,2022-04-01,BDI,1449,2,2,0.40000000000000002,0.5899999737739563,0.10000000000000001,0.17000000178813934,0,0.039999999105930328,0,0,False,2,2
677,2022-06-01,BDI,1450,2,2,0.40000000000000002,0.63999998569488525,0.10000000000000001,0.2199999988079071,0,0.029999999329447746,0,0,False,2,3
677,2022-07-01,BDI,1451,2,3,0.75,0.67000001668930054,0.29999999999999999,0.23000000417232513,0.050000000000000003,0.039999999105930328,0,0,False,3,3
678,2022-02-01,SSD,1431,4,4,0.94999999999999996,0.82999998331069946,0.80000000000000004,0.55000001192092896,0.34999999999999998,0.15000000596046448,0,0,False,4,3
678,2022-04-01,SSD,1432,4,2,0.39999999999999997,0.80000001192092896,0.15000000000000002,0.52999997138977051,0.050000000000000003,0.14000000059604645,0,0,False,2,3
679,2022-02-01,SSD,1481,0,4,0.94999999999999996,0.80000001192092896,0.80000000000000004,0.51999998092651367,0.34999999999999998,0.12999999523162842,0,0,False,4,3
679,2022-04-01,SSD,1482,0,2,0.39999999999999997,0.80000001192092896,0.15000000000000002,0.54000002145767212,0.050000000000000003,0.11999999731779099,0,0,False,2,3
680,2022-02-01,COD,1483,0,3,0.80000000000000004,0.67000001668930054,0.45000000000000001,0.34999999403953552,0.050000000000000003,0.070000000298023224,0,0,False,3,3
680,2022-07-01,COD,1484,0,3,0.75,0.64999997615814209,0.25,0.33000001311302185,0.050000000000000003,0.059999998658895493,0,0,False,3,3
680,2022-10-01,COD,1485,0,3,0.80000000000000004,0.62999999523162842,0.34999999999999998,0.28999999165534973,0.050000000000000003,0.059999998658895493,0,0,False,3,3
681,2022-06-01,COD,1462,2,2,0.29999999999999999,0.63999998569488525,0.14999999999999999,0.34999999403953552,0,0.059999998658895493,0,0,False,2,3
681,2022-07-01,COD,1463,2,3,0.80000000000000004,0.60000002384185791,0.34999999999999998,0.31999999284744263,0.050000000000000003,0.059999998658895493,0,0,False,3,3
682,2022-02-01,SSD,1495,0,4,0.94999999999999996,0.75999999046325684,0.85000000000000009,0.54000002145767212,0.5,0.14000000059604645,0.050000000000000003,0,False,4,3
683,2022-02-01,SSD,1449,4,4,0.94999999999999996,0.81999999284744263,0.85000000000000009,0.5,0.5,0.15999999642372131,0.050000000000000003,0,False,4,3
684,2022-06-01,COD,1466,2,2,0.29999999999999999,0.63999998569488525,0.14999999999999999,0.34000000357627869,0,0.059999998658895493,0,0,False,2,3
684,2022-07-01,COD,1467,2,3,0.80000000000000004,0.60000002384185791,0.34999999999999998,0.31000000238418579,0.050000000000000003,0.059999998658895493,0,0,False,3,3
685,2022-02-01,COD,1541,3,3,0.80000000000000004,0.73000001907348633,0.45000000000000001,0.37999999523162842,0.050000000000000003,0.059999998658895493,0,0,False,3,3
685,2022-07-01,COD,1542,3,3,0.75,0.70999997854232788,0.25,0.33000001311302185,0.050000000000000003,0.070000000298023224,0,0,False,3,3
691,2022-02-01,SSD,1547,1,3,0.84999999999999998,0.85000002384185791,0.55000000000000004,0.55000001192092896,0.14999999999999999,0.17000000178813934,0,0,False,3,3
692,2022-02-01,SSD,1478,4,3,0.84999999999999998,0.8399999737739563,0.55000000000000004,0.54000002145767212,0.14999999999999999,0.12999999523162842,0,0,False,3,3
699,2022-04-01,BDI,1542,0,2,0.34999999999999998,0.54000002145767212,0.10000000000000001,0.15999999642372131,0,0.029999999329447746,0,0,False,2,2
699,2022-06-01,BDI,1543,0,2,0.40000000000000002,0.68999999761581421,0.14999999999999999,0.17000000178813934,0,0.039999999105930328,0,0,False,2,2
699,2022-07-01,BDI,1544,0,2,0.75,0.6600000262260437,0.14999999999999999,0.2199999988079071,0,0.039999999105930328,0,0,False,2,3
700,2022-04-01,BDI,1505,4,2,0.34999999999999998,0.5,0.10000000000000001,0.2199999988079071,0,0.05000000074505806,0,0,False,2,3
700,2022-07-01,BDI,1506,4,2,0.75,0.67000001668930054,0.14999999999999999,0.2199999988079071,0,0.039999999105930328,0,0,False,2,3
701,2022-02-01,SSD,1601,3,4,0.94999999999999996,0.8399999737739563,0.80000000000000004,0.47999998927116394,0.5,0.12999999523162842,0.050000000000000003,0,False,4,3
702,2022-02-01,SSD,1560,0,4,0.94999999999999996,0.8399999737739563,0.80000000000000004,0.57999998331069946,0.5,0.11999999731779099,0.050000000000000003,0,False,4,3
703,2022-04-01,BDI,1595,1,2,0.30000000000000004,0.56999999284744263,0.10000000000000001,0.12999999523162842,0,0.039999999105930328,0,0,False,2,2
703,2022-06-01,BDI,1596,1,2,0.34999999999999998,0.62000000476837158,0.10000000000000001,0.15000000596046448,0,0.039999999105930328,0,0,False,2,2
703,2022-07-01,BDI,1597,1,3,0.75,0.67000001668930054,0.29999999999999999,0.23000000417232513,0.050000000000000003,0.05000000074505806,0,0,False,3,3
704,2022-04-01,BDI,1618,3,2,0.30000000000000004,0.56999999284744263,0.10000000000000001,0.15000000596046448,0,0.039999999105930328,0,0,False,2,2
704,2022-06-01,BDI,1619,3,2,0.34999999999999998,0.6600000262260437,0.10000000000000001,0.18999999761581421,0,0.039999999105930328,0,0,False,2,2
704,2022-07-01,BDI,1620,3,3,0.75,0.64999997615814209,0.29999999999999999,0.25,0.050000000000000003,0.05000000074505806,0,0,False,3,3
705,2022-10-01,ZAF,1560,2,2,0.59999999999999998,0.55000001192092896,0.10000000000000001,0.2199999988079071,0,0.059999998658895493,0,0,False,2,3
706,2022-06-01,COD,1541,4,2,0.29999999999999999,0.63999998569488525,0.14999999999999999,0.27000001072883606,0,0.079999998211860657,0,0,False,2,3
706,2022-07-01,COD,1542,4,3,0.75,0.60000002384185791,0.34999999999999998,0.2800000011920929,0.050000000000000003,0.079999998211860657,0,0,False,3,3
707,2022-04-01,BDI,1620,1,2,0.44999999999999996,0.56999999284744263,0.14999999999999999,0.18999999761581421,0,0.039999999105930328,0,0,False,2,2
707,2022-06-01,BDI,1621,1,2,0.44999999999999996,0.61000001430511475,0.14999999999999999,0.18999999761581421,0,0.039999999105930328,0,0,False,2,2
707,2022-07-01,BDI,1622,1,3,0.75,0.68999999761581421,0.29999999999999999,0.20000000298023224,0.050000000000000003,0.05000000074505806,0,0,False,3,3
708,2022-04-01,BDI,1623,1,2,0.44999999999999996,0.56999999284744263,0.14999999999999999,0.18999999761581421,0,0.039999999105930328,0,0,False,2,2
708,2022-06-01,BDI,1624,1,2,0.44999999999999996,0.62000000476837158,0.14999999999999999,0.18000000715255737,0,0.039999999105930328,0,0,False,2,2
708,2022-07-01,BDI,1625,1,3,0.75,0.68999999761581421,0.29999999999999999,0.20000000298023224,0.050000000000000003,0.05000000074505806,0,0,False,3,3
711,2022-02-01,SSD,1652,3,3,0.80000000000000004,0.68000000715255737,0.45000000000000001,0.36000001430511475,0.050000000000000003,0.070000000298023224,0,0,False,3,3
711,2022-07-01,SSD,1653,3,3,0.75,0.6600000262260437,0.25,0.30000001192092896,0.050000000000000003,0.090000003576278687,0,0,False,3,3
712,2022-02-01,SSD,1641,1,3,0.80000000000000004,0.75999999046325684,0.45000000000000001,0.37999999523162842,0.050000000000000003,0.070000000298023224,0,0,False,3,3
712,2022-07-01,SSD,1642,1,3,0.75,0.68000000715255737,0.25,0.33000001311302185,0.050000000000000003,0.059999998658895493,0,0,False,3,3
716,2022-02-01,COD,1672,3,3,0.80000000000000004,0.70999997854232788,0.45000000000000001,0.34000000357627869,0.050000000000000003,0.059999998658895493,0,0,False,3,3
716,2022-06-01,COD,1673,3,3,0.60000000000000009,0.75,0.20000000000000001,0.38999998569488525,0,0.079999998211860657,0,0,False,3,3
717,2022-02-01,COD,1674,3,3,0.80000000000000004,0.70999997854232788,0.45000000000000001,0.31000000238418579,0.050000000000000003,0.059999998658895493,0,0,False,3,3
717,2022-06-01,COD,1675,3,3,0.60000000000000009,0.75,0.20000000000000001,0.40000000596046448,0,0.079999998211860657,0,0,False,3,3
723,2022-02-01,SSD,1680,3,4,0.99999999999999989,0.82999998331069946,0.84999999999999998,0.50999999046325684,0.5,0.11999999731779099,0.080000000000000002,0,False,4,3
724,2022-02-01,SSD,1681,3,4,0.99999999999999989,0.8399999737739563,0.84999999999999998,0.44999998807907104,0.5,0.11999999731779099,0.080000000000000002,0,False,4,3
726,2022-02-01,COD,1682,3,3,0.80000000000000004,0.57999998331069946,0.45000000000000001,0.31000000238418579,0.050000000000000003,0.05000000074505806,0,0,False,3,3
727,2022-06-01,ZAF,1646,2,2,0.5,0.4699999988079071,0.10000000000000001,0.23000000417232513,0,0.059999998658895493,0,0,False,2,3
727,2022-07-01,ZAF,1647,2,2,0.44999999999999996,0.52999997138977051,0.14999999999999999,0.20999999344348907,0,0.059999998658895493,0,0,False,2,3
732,2022-06-01,SSD,1654,2,3,0.5,0.73000001907348633,0.20000000000000001,0.2800000011920929,0,0.05000000074505806,0,0,False,3,3
732,2022-10-01,SSD,1655,2,3,0.80000000000000004,0.68999999761581421,0.29999999999999999,0.34000000357627869,0.050000000000000003,0.070000000298023224,0,0,False,3,3
733,2022-06-01,SSD,1704,3,3,0.5,0.72000002861022949,0.20000000000000001,0.27000001072883606,0,0.059999998658895493,0,0,False,3,3
733,2022-10-01,SSD,1705,3,3,0.80000000000000004,0.6600000262260437,0.29999999999999999,0.37000000476837158,0.050000000000000003,0.059999998658895493,0,0,False,3,3
735,2022-02-01,SSD,1708,1,3,0.90000000000000002,0.76999998092651367,0.55000000000000004,0.37999999523162842,0.050000000000000003,0.070000000298023224,0,0,False,3,3
735,2022-10-01,SSD,1709,1,3,0.80000000000000004,0.77999997138977051,0.34999999999999998,0.36000001430511475,0.050000000000000003,0.090000003576278687,0,0,False,3,3
736,2022-02-01,SSD,1719,3,3,0.90000000000000002,0.69999998807907104,0.55000000000000004,0.33000001311302185,0.050000000000000003,0.070000000298023224,0,0,False,3,3
736,2022-10-01,SSD,1720,3,3,0.80000000000000004,0.75999999046325684,0.34999999999999998,0.36000001430511475,0.050000000000000003,0.079999998211860657,0,0,False,3,3
748,2022-02-01,SSD,1724,1,4,0.95000000000000007,0.85000002384185791,0.85000000000000009,0.4699999988079071,0.40000000000000002,0.15000000596046448,0,0,False,4,3
749,2022-02-01,SSD,1725,1,4,0.95000000000000007,0.85000002384185791,0.85000000000000009,0.46000000834465027,0.40000000000000002,0.15999999642372131,0,0,False,4,3
752,2022-10-01,UGA,1678,4,3,0.80000000000000004,0.72000002861022949,0.29999999999999999,0.28999999165534973,0.050000000000000003,0.05000000074505806,0,0,False,3,3
753,2022-10-01,UGA,1679,4,3,0.80000000000000004,0.72000002861022949,0.29999999999999999,0.30000001192092896,0.050000000000000003,0.05000000074505806,0,0,False,3,3
759,2022-06-01,SWZ,1753,3,2,0.44999999999999996,0.56000000238418579,0.10000000000000001,0.23000000417232513,0,0.059999998658895493,0,0,False,2,3
759,2022-10-01,SWZ,1754,3,2,0.59999999999999998,0.56000000238418579,0.10000000000000001,0.15999999642372131,0,0.059999998658895493,0,0,False,2,2
760,2022-02-01,SSD,1757,1,3,0.84999999999999998,0.75999999046325684,0.5,0.40000000596046448,0.10000000000000001,0.079999998211860657,0,0,False,3,3
761,2022-06-01,SWZ,1758,1,2,0.44999999999999996,0.56999999284744263,0.10000000000000001,0.25,0,0.059999998658895493,0,0,False,2,3
761,2022-10-01,SWZ,1759,1,2,0.59999999999999998,0.61000001430511475,0.10000000000000001,0.20999999344348907,0,0.059999998658895493,0,0,False,2,3
762,2022-02-01,SSD,1760,1,3,0.84999999999999998,0.75999999046325684,0.5,0.40000000596046448,0.10000000000000001,0.079999998211860657,0,0,False,3,3
768,2022-02-01,SSD,1768,3,4,0.90000000000000002,0.79000002145767212,0.75,0.40999999642372131,0.34999999999999998,0.10000000149011612,0,0,False,4,3
769,2022-02-01,SSD,1777,0,4,0.90000000000000002,0.81000000238418579,0.75,0.4699999988079071,0.34999999999999998,0.10999999940395355,0,0,False,4,3
770,2022-06-01,SWZ,1771,3,2,0.40000000000000002,0.55000001192092896,0.10000000000000001,0.20000000298023224,0,0.059999998658895493,0,0,False,2,3
770,2022-10-01,SWZ,1772,3,2,0.59999999999999998,0.56000000238418579,0.10000000000000001,0.15999999642372131,0,0.059999998658895493,0,0,False,2,2
773,2022-06-01,SWZ,1773,1,2,0.40000000000000002,0.61000001430511475,0.10000000000000001,0.25,0,0.059999998658895493,0,0,False,2,3
773,2022-10-01,SWZ,1774,1,2,0.59999999999999998,0.62999999523162842,0.10000000000000001,0.23000000417232513,0,0.05000000074505806,0,0,False,2,3
779,2022-02-01,SSD,1789,0,4,0.95000000000000007,0.86000001430511475,0.85000000000000009,0.49000000953674316,0.45000000000000001,0.11999999731779099,0.050000000000000003,0,False,4,3
779,2022-10-01,SSD,1790,0,4,0.90000000000000002,0.87000000476837158,0.75,0.56999999284744263,0.45000000000000001,0.14000000059604645,0.050000000000000003,0,False,4,3
780,2022-02-01,SSD,1754,2,4,0.95000000000000007,0.8399999737739563,0.85000000000000009,0.44999998807907104,0.45000000000000001,0.12999999523162842,0.050000000000000003,0,False,4,3
780,2022-10-01,SSD,1755,2,4,0.90000000000000002,0.86000001430511475,0.75,0.56000000238418579,0.45000000000000001,0.15999999642372131,0.050000000000000003,0,False,4,3
781,2022-10-01,SSD,1756,2,5,1,0.8399999737739563,0.89999999999999991,0.49000000953674316,0.59999999999999998,0.15999999642372131,0.29999999999999999,0,False,5,3
782,2022-10-01,SSD,1788,1,5,1,0.86000001430511475,0.89999999999999991,0.51999998092651367,0.59999999999999998,0.15999999642372131,0.29999999999999999,0,False,5,3
783,2022-10-01,SSD,1798,0,3,0.80000000000000004,0.70999997854232788,0.39999999999999997,0.34000000357627869,0.050000000000000003,0.070000000298023224,0,0,False,3,3
784,2022-10-01,SSD,1801,3,3,0.80000000000000004,0.74000000953674316,0.39999999999999997,0.38999998569488525,0.050000000000000003,0.070000000298023224,0,0,False,3,3
785,2022-06-01,SSD,1806,0,3,0.60000000000000009,0.74000000953674316,0.25,0.34999999403953552,0.050000000000000003,0.070000000298023224,0,0,False,3,3
785,2022-10-01,SSD,1807,0,3,0.84999999999999998,0.72000002861022949,0.44999999999999996,0.37999999523162842,0.10000000000000001,0.070000000298023224,0,0,False,3,3
786,2022-06-01,SSD,1808,0,3,0.60000000000000009,0.74000000953674316,0.25,0.34999999403953552,0.050000000000000003,0.070000000298023224,0,0,False,3,3
786,2022-10-01,SSD,1809,0,3,0.84999999999999998,0.72000002861022949,0.44999999999999996,0.37999999523162842,0.10000000000000001,0.070000000298023224,0,0,False,3,3
789,2022-10-01,SSD,1784,4,4,0.90000000000000002,0.76999998092651367,0.65000000000000002,0.43000000715255737,0.25,0.10999999940395355,0,0,False,4,3
793,2022-02-01,SDN,1814,0,3,0.74999999999999989,0.67000001668930054,0.40000000000000002,0.37000000476837158,0.10000000000000001,0.10000000149011612,0,0,False,3,3
794,2022-10-01,SWZ,1815,0,2,0.59999999999999998,0.62000000476837158,0.10000000000000001,0.2199999988079071,0,0.059999998658895493,0,0,False,2,3
796,2022-06-01,UGA,1817,0,3,0.60000000000000009,0.68000000715255737,0.34999999999999998,0.25999999046325684,0.050000000000000003,0.059999998658895493,0,0,False,3,3
797,2022-06-01,UGA,1792,4,3,0.60000000000000009,0.68000000715255737,0.34999999999999998,0.30000001192092896,0.050000000000000003,0.059999998658895493,0,0,False,3,3
798,2022-06-01,SWZ,1821,0,3,0.55000000000000004,0.62999999523162842,0.25,0.2199999988079071,0.050000000000000003,0.059999998658895493,0,0,False,3,3
799,2022-06-01,SWZ,1822,0,3,0.55000000000000004,0.62999999523162842,0.25,0.2199999988079071,0.050000000000000003,0.059999998658895493,0,0,False,3,3
800,2022-10-01,SSD,1842,3,4,0.94999999999999996,0.82999998331069946,0.60000000000000009,0.50999999046325684,0.20000000000000001,0.12999999523162842,0,0,False,4,3
801,2022-10-01,SSD,1845,1,4,0.94999999999999996,0.81000000238418579,0.60000000000000009,0.55000001192092896,0.20000000000000001,0.15999999642372131,0,0,False,4,3
806,2022-02-01,SSD,1817,2,3,0.84999999999999998,0.79000002145767212,0.65000000000000002,0.43000000715255737,0.14999999999999999,0.10000000149011612,0,0,False,3,3
806,2022-10-01,SSD,1818,2,3,0.84999999999999998,0.82999998331069946,0.5,0.50999999046325684,0.10000000000000001,0.10000000149011612,0,0,False,3,3
807,2022-02-01,SSD,1851,3,3,0.84999999999999998,0.79000002145767212,0.65000000000000002,0.50999999046325684,0.14999999999999999,0.14000000059604645,0,0,False,3,3
807,2022-10-01,SSD,1852,3,3,0.84999999999999998,0.77999997138977051,0.5,0.52999997138977051,0.10000000000000001,0.15999999642372131,0,0,False,3,3
815,2022-02-01,SSD,1853,3,4,0.90000000000000002,0.8399999737739563,0.75,0.46000000834465027,0.29999999999999999,0.12999999523162842,0.050000000000000003,0,False,4,3
815,2022-10-01,SSD,1854,3,4,0.90000000000000013,0.8399999737739563,0.69999999999999996,0.52999997138977051,0.29999999999999999,0.17000000178813934,0,0,False,4,3
816,2022-02-01,SSD,1816,4,4,0.90000000000000002,0.82999998331069946,0.75,0.46000000834465027,0.29999999999999999,0.11999999731779099,0.050000000000000003,0,False,4,3
816,2022-10-01,SSD,1817,4,4,0.90000000000000013,0.8399999737739563,0.69999999999999996,0.4699999988079071,0.29999999999999999,0.12999999523162842,0,0,False,4,3
817,2022-02-01,SSD,1818,4,4,0.90000000000000002,0.87000000476837158,0.75,0.56999999284744263,0.25,0.14000000059604645,0,0,False,4,3
817,2022-10-01,SSD,1819,4,4,0.90000000000000002,0.81999999284744263,0.75,0.52999997138977051,0.40000000000000002,0.14000000059604645,0,0,False,4,3
818,2022-02-01,SSD,1863,3,4,0.90000000000000002,0.82999998331069946,0.75,0.49000000953674316,0.25,0.12999999523162842,0,0,False,4,3
818,2022-10-01,SSD,1864,3,4,0.90000000000000002,0.82999998331069946,0.75,0.54000002145767212,0.40000000000000002,0.15000000596046448,0,0,False,4,3
820,2022-02-01,SSD,1865,3,3,0.55000000000000004,0.67000001668930054,0.20000000000000001,0.31999999284744263,0,0.070000000298023224,0,0,False,3,3
820,2022-03-01,SSD,1866,3,3,0.69999999999999996,0.67000001668930054,0.34999999999999998,0.30000001192092896,0.050000000000000003,0.059999998658895493,0,0,False,3,3
820,2022-06-01,SSD,1867,3,3,0.60000000000000009,0.68999999761581421,0.29999999999999999,0.20999999344348907,0.050000000000000003,0.070000000298023224,0,0,False,3,3
821,2022-02-01,SSD,1831,4,3,0.55000000000000004,0.68999999761581421,0.20000000000000001,0.37999999523162842,0,0.079999998211860657,0,0,False,3,3
821,2022-03-01,SSD,1832,4,3,0.69999999999999996,0.69999998807907104,0.34999999999999998,0.34000000357627869,0.050000000000000003,0.070000000298023224,0,0,False,3,3
821,2022-06-01,SSD,1833,4,3,0.60000000000000009,0.70999997854232788,0.29999999999999999,0.37999999523162842,0.050000000000000003,0.070000000298023224,0,0,False,3,3
825,2022-04-01,SDN,1867,0,3,0.70000000000000007,0.6600000262260437,0.30000000000000004,0.47999998927116394,0.10000000000000001,0.10999999940395355,0,0,False,3,3
828,2022-04-01,SDN,1853,2,3,0.45000000000000001,0.77999997138977051,0.20000000000000001,0.37999999523162842,0.050000000000000003,0.10999999940395355,0,0,False,3,3
829,2022-04-01,SDN,1888,1,3,0.45000000000000001,0.73000001907348633,0.20000000000000001,0.43999999761581421,0.050000000000000003,0.15999999642372131,0,0,False,3,3
837,2022-06-01,UGA,1857,2,3,0.70000000000000007,0.5899999737739563,0.25,0.18999999761581421,0.050000000000000003,0.039999999105930328,0,0,False,3,2
842,2022-02-01,SSD,1842,4,3,0.74999999999999989,0.68999999761581421,0.40000000000000002,0.34999999403953552,0.10000000000000001,0.079999998211860657,0,0,False,3,3
842,2022-03-01,SSD,1843,4,3,0.69999999999999996,0.69999998807907104,0.34999999999999998,0.33000001311302185,0.050000000000000003,0.079999998211860657,0,0,False,3,3
842,2022-06-01,SSD,1844,4,3,0.60000000000000009,0.73000001907348633,0.29999999999999999,0.37000000476837158,0.050000000000000003,0.070000000298023224,0,0,False,3,3
842,2022-10-01,SSD,1845,4,3,0.69999999999999996,0.75,0.34999999999999998,0.33000001311302185,0.10000000000000001,0.070000000298023224,0,0,False,3,3
843,2022-02-01,SSD,1902,1,3,0.74999999999999989,0.74000000953674316,0.40000000000000002,0.37999999523162842,0.10000000000000001,0.070000000298023224,0,0,False,3,3
843,2022-03-01,SSD,1903,1,3,0.69999999999999996,0.73000001907348633,0.34999999999999998,0.31000000238418579,0.050000000000000003,0.059999998658895493,0,0,False,3,3
843,2022-06-01,SSD,1904,1,3,0.60000000000000009,0.69999998807907104,0.29999999999999999,0.2800000011920929,0.050000000000000003,0.059999998658895493,0,0,False,3,3
843,2022-10-01,SSD,1905,1,3,0.69999999999999996,0.72000002861022949,0.34999999999999998,0.28999999165534973,0.10000000000000001,0.070000000298023224,0,0,False,3,3
844,2022-10-01,SSD,1900,3,3,0.79999999999999993,0.73000001907348633,0.5,0.49000000953674316,0.10000000000000001,0.11999999731779099,0,0,False,3,3
845,2022-10-01,SSD,1907,1,3,0.79999999999999993,0.73000001907348633,0.5,0.49000000953674316,0.10000000000000001,0.14000000059604645,0,0,False,3,3
852,2022-06-01,UGA,1866,4,3,0.70000000000000007,0.61000001430511475,0.25,0.17000000178813934,0.050000000000000003,0.05000000074505806,0,0,False,3,2
857,2022-03-01,UGA,1896,2,3,0.69999999999999996,0.67000001668930054,0.34999999999999998,0.28999999165534973,0.050000000000000003,0.059999998658895493,0,0,False,3,3
858,2022-03-01,UGA,1914,0,3,0.69999999999999996,0.68000000715255737,0.34999999999999998,0.30000001192092896,0.050000000000000003,0.05000000074505806,0,0,False,3,3
882,2022-02-01,SSD,1938,0,4,0.89999999999999991,0.76999998092651367,0.64999999999999991,0.47999998927116394,0.29999999999999999,0.10999999940395355,0,0,False,4,3
883,2022-02-01,SSD,1905,4,4,0.89999999999999991,0.79000002145767212,0.64999999999999991,0.5,0.29999999999999999,0.14000000059604645,0,0,False,4,3
893,2022-02-01,SSD,1960,3,3,0.79999999999999993,0.69999998807907104,0.5,0.37999999523162842,0.14999999999999999,0.070000000298023224,0,0,False,3,3
893,2022-10-01,SSD,1961,3,3,0.90000000000000002,0.6600000262260437,0.55000000000000004,0.34999999403953552,0.14999999999999999,0.070000000298023224,0,0,False,3,3
894,2022-02-01,SSD,1918,4,3,0.79999999999999993,0.68000000715255737,0.5,0.40000000596046448,0.14999999999999999,0.10000000149011612,0,0,False,3,3
894,2022-10-01,SSD,1919,4,3,0.90000000000000002,0.73000001907348633,0.55000000000000004,0.38999998569488525,0.14999999999999999,0.079999998211860657,0,0,False,3,3
896,2022-04-01,SSD,1949,2,4,0.75,0.70999997854232788,0.45000000000000001,0.37999999523162842,0.20000000000000001,0.14000000059604645,0,0,False,4,3
897,2022-04-01,SSD,1924,4,4,0.75,0.68000000715255737,0.45000000000000001,0.49000000953674316,0.20000000000000001,0.14000000059604645,0,0,False,4,3
898,2022-03-01,SSD,1966,0,3,0.69999999999999996,0.69999998807907104,0.34999999999999998,0.30000001192092896,0.050000000000000003,0.079999998211860657,0,0,False,3,3
898,2022-06-01,SSD,1967,0,2,0.59999999999999998,0.70999997854232788,0.14999999999999999,0.37000000476837158,0,0.090000003576278687,0,0,False,2,3
898,2022-10-01,SSD,1968,0,3,0.79999999999999993,0.68999999761581421,0.5,0.40000000596046448,0.14999999999999999,0.10999999940395355,0,0,False,3,3
899,2022-03-01,SSD,1969,0,3,0.69999999999999996,0.69999998807907104,0.34999999999999998,0.30000001192092896,0.050000000000000003,0.079999998211860657,0,0,False,3,3
899,2022-06-01,SSD,1970,0,2,0.59999999999999998,0.70999997854232788,0.14999999999999999,0.37000000476837158,0,0.090000003576278687,0,0,False,2,3
899,2022-10-01,SSD,1971,0,3,0.79999999999999993,0.68999999761581421,0.5,0.40000000596046448,0.14999999999999999,0.10999999940395355,0,0,False,3,3
901,2022-02-01,SSD,1926,4,4,0.80000000000000004,0.79000002145767212,0.5,0.43999999761581421,0.20000000000000001,0.10000000149011612,0,0,False,4,3
902,2022-02-01,SSD,1954,2,4,0.80000000000000004,0.77999997138977051,0.5,0.41999998688697815,0.20000000000000001,0.11999999731779099,0,0,False,4,3
913,2022-02-01,SSD,1968,2,3,0.79999999999999993,0.72000002861022949,0.44999999999999996,0.34000000357627869,0.14999999999999999,0.079999998211860657,0,0,False,3,3
914,2022-02-01,SSD,2001,1,3,0.79999999999999993,0.76999998092651367,0.44999999999999996,0.37999999523162842,0.14999999999999999,0.079999998211860657,0,0,False,3,3
915,2022-10-01,MWI,1972,2,2,0.5,0.60000002384185791,0.10000000000000001,0.23000000417232513,0,0.059999998658895493,0,0,False,2,3
916,2022-03-01,UGA,1995,0,3,0.79999999999999993,0.56999999284744263,0.5,0.20000000298023224,0.10000000000000001,0.05000000074505806,0,0,False,3,3
917,2022-02-01,UGA,1948,4,3,0.80000000000000004,0.63999998569488525,0.55000000000000004,0.20999999344348907,0.14999999999999999,0.05000000074505806,0,0,False,3,3
917,2022-06-01,UGA,1949,4,2,0.55000000000000004,0.68000000715255737,0.14999999999999999,0.20000000298023224,0,0.05000000074505806,0,0,False,2,3
918,2022-02-01,UGA,1997,3,3,0.80000000000000004,0.62000000476837158,0.55000000000000004,0.25,0.14999999999999999,0.05000000074505806,0,0,False,3,3
918,2022-06-01,UGA,1998,3,2,0.55000000000000004,0.69999998807907104,0.14999999999999999,0.23000000417232513,0,0.059999998658895493,0,0,False,2,3
919,2022-03-01,UGA,1951,4,3,0.79999999999999993,0.54000002145767212,0.5,0.20999999344348907,0.10000000000000001,0.05000000074505806,0,0,False,3,3
921,2022-10-01,MWI,1999,3,2,0.30000000000000004,0.54000002145767212,0.029999999999999999,0.23999999463558197,0,0.059999998658895493,0,0,False,2,3
929,2022-10-01,UGA,2012,3,3,0.79999999999999993,0.6600000262260437,0.5,0.34000000357627869,0.14999999999999999,0.059999998658895493,0,0,False,3,3
930,2022-02-01,SSD,1966,4,4,0.90000000000000013,0.79000002145767212,0.69999999999999996,0.51999998092651367,0.29999999999999999,0.10000000149011612,0,0,False,4,3
930,2022-10-01,SSD,1967,4,3,0.84999999999999998,0.80000001192092896,0.59999999999999998,0.57999998331069946,0.10000000000000001,0.11999999731779099,0,0,False,3,3
931,2022-02-01,SSD,1968,4,4,0.90000000000000013,0.79000002145767212,0.69999999999999996,0.51999998092651367,0.29999999999999999,0.10000000149011612,0,0,False,4,3
931,2022-10-01,SSD,1969,4,3,0.84999999999999998,0.80000001192092896,0.59999999999999998,0.56999999284744263,0.10000000000000001,0.11999999731779099,0,0,False,3,3
937,2022-02-01,UGA,2033,1,3,0.80000000000000004,0.69999998807907104,0.55000000000000004,0.27000001072883606,0.14999999999999999,0.05000000074505806,0,0,False,3,3
937,2022-03-01,UGA,2034,1,3,0.80000000000000004,0.63999998569488525,0.5,0.2199999988079071,0.050000000000000003,0.059999998658895493,0,0,False,3,3
937,2022-06-01,UGA,2035,1,3,0.75,0.62999999523162842,0.29999999999999999,0.25999999046325684,0.050000000000000003,0.05000000074505806,0,0,False,3,3
937,2022-07-01,UGA,2036,1,3,0.90000000000000002,0.5899999737739563,0.5,0.28999999165534973,0.14999999999999999,0.059999998658895493,0,0,False,3,3
937,2022-10-01,UGA,2037,1,3,0.79999999999999993,0.68999999761581421,0.5,0.28999999165534973,0.14999999999999999,0.05000000074505806,0,0,False,3,3
938,2022-02-01,UGA,2038,1,3,0.80000000000000004,0.69999998807907104,0.55000000000000004,0.25999999046325684,0.14999999999999999,0.05000000074505806,0,0,False,3,3
938,2022-03-01,UGA,2039,1,3,0.80000000000000004,0.6600000262260437,0.5,0.20999999344348907,0.050000000000000003,0.059999998658895493,0,0,False,3,3
938,2022-06-01,UGA,2040,1,3,0.75,0.64999997615814209,0.29999999999999999,0.27000001072883606,0.050000000000000003,0.05000000074505806,0,0,False,3,3
938,2022-07-01,UGA,2041,1,3,0.90000000000000002,0.62999999523162842,0.5,0.27000001072883606,0.14999999999999999,0.05000000074505806,0,0,False,3,3
938,2022-10-01,UGA,2042,1,3,0.79999999999999993,0.68999999761581421,0.5,0.2800000011920929,0.14999999999999999,0.05000000074505806,0,0,False,3,3
941,2022-03-01,UGA,2043,3,3,0.79999999999999993,0.60000002384185791,0.5,0.20000000298023224,0.10000000000000001,0.05000000074505806,0,0,False,3,3
942,2022-03-01,UGA,1995,4,3,0.79999999999999993,0.43999999761581421,0.5,0.20000000298023224,0.10000000000000001,0.05000000074505806,0,0,False,3,3
948,2022-02-01,UGA,2049,3,3,0.79999999999999993,0.62000000476837158,0.5,0.2800000011920929,0.14999999999999999,0.090000003576278687,0,0,False,3,3
948,2022-03-01,UGA,2050,3,3,0.79999999999999993,0.63999998569488525,0.5,0.31000000238418579,0.10000000000000001,0.059999998658895493,0,0,False,3,3
951,2022-02-01,UGA,2056,1,2,0.20000000000000001,0.62999999523162842,0.050000000000000003,0.18999999761581421,0,0.070000000298023224,0,0,False,2,2
951,2022-03-01,UGA,2057,1,3,0.79999999999999993,0.62999999523162842,0.5,0.20999999344348907,0.10000000000000001,0.070000000298023224,0,0,False,3,3
951,2022-06-01,UGA,2058,1,3,0.75,0.61000001430511475,0.34999999999999998,0.25,0.050000000000000003,0.059999998658895493,0,0,False,3,3
951,2022-07-01,UGA,2059,1,2,0.20000000000000001,0.56000000238418579,0.050000000000000003,0.25999999046325684,0,0.070000000298023224,0,0,False,2,3
952,2022-02-01,UGA,2060,1,2,0.20000000000000001,0.62999999523162842,0.050000000000000003,0.18999999761581421,0,0.070000000298023224,0,0,False,2,2
952,2022-03-01,UGA,2061,1,3,0.79999999999999993,0.63999998569488525,0.5,0.20999999344348907,0.10000000000000001,0.070000000298023224,0,0,False,3,3
952,2022-06-01,UGA,2062,1,3,0.75,0.62000000476837158,0.34999999999999998,0.23999999463558197,0.050000000000000003,0.059999998658895493,0,0,False,3,3
952,2022-07-01,UGA,2063,1,2,0.20000000000000001,0.56999999284744263,0.050000000000000003,0.25999999046325684,0,0.070000000298023224,0,0,False,2,3
957,2022-07-01,KEN,2066,3,2,0.25,0.47999998927116394,0.050000000000000003,0.18000000715255737,0,0.05000000074505806,0,0,False,2,2
965,2022-02-01,UGA,2068,0,2,0.20000000000000001,0.46000000834465027,0.050000000000000003,0.18999999761581421,0,0.05000000074505806,0,0,False,2,2
965,2022-06-01,UGA,2069,0,2,0.59999999999999998,0.56000000238418579,0.14999999999999999,0.20999999344348907,0,0.059999998658895493,0,0,False,2,3
966,2022-02-01,UGA,2069,3,2,0.20000000000000001,0.4699999988079071,0.050000000000000003,0.15999999642372131,0,0.05000000074505806,0,0,False,2,2
966,2022-06-01,UGA,2070,3,2,0.59999999999999998,0.56000000238418579,0.14999999999999999,0.2199999988079071,0,0.05000000074505806,0,0,False,2,3
968,2022-02-01,UGA,2071,1,3,0.74999999999999989,0.68000000715255737,0.40000000000000002,0.18999999761581421,0.10000000000000001,0.059999998658895493,0,0,False,3,2
968,2022-03-01,UGA,2072,1,3,0.79999999999999993,0.64999997615814209,0.5,0.25,0.14999999999999999,0.070000000298023224,0,0,False,3,3
968,2022-06-01,UGA,2073,1,3,0.69999999999999996,0.64999997615814209,0.34999999999999998,0.23000000417232513,0.10000000000000001,0.059999998658895493,0,0,False,3,3
968,2022-07-01,UGA,2074,1,3,0.90000000000000002,0.52999997138977051,0.5,0.25,0.14999999999999999,0.059999998658895493,0,0,False,3,3
969,2022-02-01,UGA,2050,2,3,0.74999999999999989,0.50999999046325684,0.40000000000000002,0.18000000715255737,0.10000000000000001,0.05000000074505806,0,0,False,3,2
969,2022-03-01,UGA,2051,2,3,0.79999999999999993,0.62000000476837158,0.5,0.18000000715255737,0.14999999999999999,0.059999998658895493,0,0,False,3,2
969,2022-06-01,UGA,2052,2,3,0.69999999999999996,0.62999999523162842,0.34999999999999998,0.20000000298023224,0.10000000000000001,0.059999998658895493,0,0,False,3,3
969,2022-07-01,UGA,2053,2,3,0.90000000000000002,0.63999998569488525,0.5,0.27000001072883606,0.14999999999999999,0.05000000074505806,0,0,False,3,3
971,2022-03-01,SSD,2026,4,3,0.79999999999999993,0.76999998092651367,0.5,0.40999999642372131,0.10000000000000001,0.070000000298023224,0,0,False,3,3
971,2022-06-01,SSD,2027,4,3,0.75,0.74000000953674316,0.34999999999999998,0.41999998688697815,0.050000000000000003,0.090000003576278687,0,0,False,3,3
972,2022-03-01,SSD,2080,1,3,0.79999999999999993,0.76999998092651367,0.5,0.30000001192092896,0.10000000000000001,0.079999998211860657,0,0,False,3,3
972,2022-06-01,SSD,2081,1,3,0.75,0.75999999046325684,0.34999999999999998,0.34000000357627869,0.050000000000000003,0.090000003576278687,0,0,False,3,3
983,2022-06-01,MOZ,2033,4,3,0.59999999999999998,0.50999999046325684,0.25,0.25999999046325684,0,0.070000000298023224,0,0,False,3,3
984,2022-06-01,MOZ,2061,2,3,0.59999999999999998,0.54000002145767212,0.25,0.27000001072883606,0,0.059999998658895493,0,0,False,3,3
985,2022-06-01,MOZ,2084,3,3,0.59999999999999998,0.56999999284744263,0.25,0.2199999988079071,0,0.070000000298023224,0,0,False,3,3
994,2022-02-01,KEN,2085,1,2,0.20000000000000001,0.56000000238418579,0.050000000000000003,0.20000000298023224,0,0.070000000298023224,0,0,False,2,3
994,2022-06-01,KEN,2086,1,2,0.5,0.51999998092651367,0.14999999999999999,0.23000000417232513,0,0.059999998658895493,0,0,False,2,3
995,2022-02-01,KEN,2087,1,2,0.20000000000000001,0.56999999284744263,0.050000000000000003,0.20000000298023224,0,0.070000000298023224,0,0,False,2,3
995,2022-06-01,KEN,2088,1,2,0.5,0.52999997138977051,0.14999999999999999,0.2199999988079071,0,0.070000000298023224,0,0,False,2,3
997,2022-09-01,LBN,2092,1,3,0.84999999999999998,0.57999998331069946,0.44999999999999996,0.23000000417232513,0.10000000000000001,0.10000000149011612,0,0,False,3,3
1001,2022-09-01,LBN,2093,0,3,0.85000000000000009,0.57999998331069946,0.39999999999999997,0.25999999046325684,0.050000000000000003,0.11999999731779099,0,0,False,3,3
1003,2022-02-01,KEN,2043,4,3,0.74999999999999989,0.64999997615814209,0.40000000000000002,0.2800000011920929,0.10000000000000001,0.059999998658895493,0,0,False,3,3
1003,2022-03-01,KEN,2044,4,3,0.79999999999999993,0.62999999523162842,0.5,0.33000001311302185,0.14999999999999999,0.059999998658895493,0,0,False,3,3
1003,2022-07-01,KEN,2045,4,3,0.90000000000000002,0.61000001430511475,0.5,0.2800000011920929,0.14999999999999999,0.070000000298023224,0,0,False,3,3
1005,2022-02-01,KEN,2075,2,3,0.74999999999999989,0.56999999284744263,0.40000000000000002,0.25999999046325684,0.10000000000000001,0.059999998658895493,0,0,False,3,3
1005,2022-03-01,KEN,2076,2,3,0.79999999999999993,0.62999999523162842,0.5,0.25,0.14999999999999999,0.070000000298023224,0,0,False,3,3
1005,2022-07-01,KEN,2077,2,3,0.90000000000000002,0.63999998569488525,0.5,0.2800000011920929,0.14999999999999999,0.059999998658895493,0,0,False,3,3
1008,2022-09-01,LBN,2102,1,3,0.75,0.61000001430511475,0.29999999999999999,0.23999999463558197,0.050000000000000003,0.10999999940395355,0,0,False,3,3
1011,2022-02-01,KEN,2104,1,3,0.69999999999999996,0.4699999988079071,0.34999999999999998,0.18999999761581421,0.050000000000000003,0.070000000298023224,0,0,False,3,2
1011,2022-03-01,KEN,2105,1,3,0.60000000000000009,0.52999997138977051,0.29999999999999999,0.18999999761581421,0.050000000000000003,0.070000000298023224,0,0,False,3,2
1011,2022-06-01,KEN,2106,1,2,0.5,0.47999998927116394,0.14999999999999999,0.20000000298023224,0,0.070000000298023224,0,0,False,2,3
1011,2022-07-01,KEN,2107,1,3,0.69999999999999996,0.41999998688697815,0.39999999999999997,0.2199999988079071,0.050000000000000003,0.059999998658895493,0,0,False,3,3
1016,2022-09-01,LBN,2111,0,3,0.85000000000000009,0.56999999284744263,0.39999999999999997,0.31999999284744263,0.050000000000000003,0.15000000596046448,0,0,False,3,3
1017,2022-09-01,LBN,2114,1,3,0.80000000000000004,0.64999997615814209,0.34999999999999998,0.25,0.050000000000000003,0.10999999940395355,0,0,False,3,3
1020,2022-09-01,LBN,2089,2,3,0.84999999999999998,0.62000000476837158,0.44999999999999996,0.25999999046325684,0.10000000000000001,0.10999999940395355,0,0,False,3,3
1023,2022-09-01,LBN,2060,4,2,0.70000000000000007,0.62999999523162842,0.14999999999999999,0.2800000011920929,0,0.10000000149011612,0,0,False,2,3
1032,2022-02-01,KEN,2093,2,3,0.69999999999999996,0.30000001192092896,0.34999999999999998,0.15000000596046448,0.050000000000000003,0.05000000074505806,0,0,False,3,2
1032,2022-03-01,KEN,2094,2,3,0.60000000000000009,0.43999999761581421,0.29999999999999999,0.18000000715255737,0.050000000000000003,0.059999998658895493,0,0,False,3,2
1032,2022-06-01,KEN,2095,2,2,0.5,0.51999998092651367,0.14999999999999999,0.20000000298023224,0,0.059999998658895493,0,0,False,2,3
1033,2022-02-01,KEN,2066,4,3,0.69999999999999996,0.34999999403953552,0.34999999999999998,0.18000000715255737,0.050000000000000003,0.05000000074505806,0,0,False,3,2
1033,2022-03-01,KEN,2067,4,3,0.60000000000000009,0.43000000715255737,0.29999999999999999,0.27000001072883606,0.050000000000000003,0.05000000074505806,0,0,False,3,3
1033,2022-06-01,KEN,2068,4,2,0.5,0.56999999284744263,0.14999999999999999,0.25,0,0.059999998658895493,0,0,False,2,3
1038,2022-09-01,LBN,2070,4,3,0.90000000000000002,0.63999998569488525,0.55000000000000004,0.25999999046325684,0.10000000000000001,0.10999999940395355,0,0,False,3,3
1039,2022-09-01,LBN,2120,0,3,0.90000000000000002,0.61000001430511475,0.5,0.28999999165534973,0.10000000000000001,0.12999999523162842,0,0,False,3,3
1046,2022-02-01,KEN,2122,3,2,0.59999999999999998,0.5,0.10000000000000001,0.20000000298023224,0,0.059999998658895493,0,0,False,2,3
1046,2022-07-01,KEN,2123,3,3,0.70000000000000007,0.49000000953674316,0.25,0.18999999761581421,0.050000000000000003,0.05000000074505806,0,0,False,3,2
1047,2022-02-01,KEN,2124,3,2,0.59999999999999998,0.47999998927116394,0.10000000000000001,0.20000000298023224,0,0.059999998658895493,0,0,False,2,3
1047,2022-07-01,KEN,2125,3,3,0.70000000000000007,0.46000000834465027,0.25,0.18999999761581421,0.050000000000000003,0.05000000074505806,0,0,False,3,2
1048,2022-07-01,KEN,2078,4,2,0.59999999999999998,0.50999999046325684,0.14999999999999999,0.18000000715255737,0,0.05000000074505806,0,0,False,2,2
1048,2022-10-01,KEN,2079,4,3,0.60000000000000009,0.44999998807907104,0.25,0.17000000178813934,0.050000000000000003,0.05000000074505806,0,0,False,3,2
1049,2022-10-01,KEN,2106,2,3,0.60000000000000009,0.41999998688697815,0.25,0.14000000059604645,0.050000000000000003,0.070000000298023224,0,0,False,3,2
1050,2022-10-01,KEN,2130,1,3,0.60000000000000009,0.56999999284744263,0.25,0.20000000298023224,0.050000000000000003,0.070000000298023224,0,0,False,3,3
1057,2022-07-01,TZA,2112,2,2,0.34999999999999998,0.44999998807907104,0.050000000000000003,0.17000000178813934,0,0.039999999105930328,0,0,False,2,2
1059,2022-02-01,KEN,2113,2,3,0.75,0.41999998688697815,0.34999999999999998,0.20000000298023224,0.10000000000000001,0.059999998658895493,0,0,False,3,3
1059,2022-07-01,KEN,2114,2,3,0.84999999999999998,0.43999999761581421,0.44999999999999996,0.15000000596046448,0.14999999999999999,0.05000000074505806,0,0,False,3,2
1060,2022-02-01,KEN,2115,2,3,0.75,0.43000000715255737,0.34999999999999998,0.18999999761581421,0.10000000000000001,0.059999998658895493,0,0,False,3,2
1060,2022-07-01,KEN,2116,2,3,0.84999999999999998,0.44999998807907104,0.44999999999999996,0.15999999642372131,0.14999999999999999,0.05000000074505806,0,0,False,3,2
1061,2022-07-01,KEN,2117,2,2,0.49999999999999994,0.34999999403953552,0.15000000000000002,0.17000000178813934,0.050000000000000003,0.059999998658895493,0,0,False,2,2
1068,2022-02-01,KEN,2095,4,3,0.90000000000000002,0.56000000238418579,0.5,0.25,0.14999999999999999,0.070000000298023224,0,0,False,3,3
1068,2022-07-01,KEN,2096,4,3,0.90000000000000002,0.5899999737739563,0.44999999999999996,0.25,0.10000000000000001,0.070000000298023224,0,0,False,3,3
1071,2022-02-01,KEN,2146,0,3,0.90000000000000002,0.64999997615814209,0.5,0.2800000011920929,0.14999999999999999,0.059999998658895493,0,0,False,3,3
1071,2022-07-01,KEN,2147,0,3,0.90000000000000002,0.62000000476837158,0.44999999999999996,0.20999999344348907,0.10000000000000001,0.05000000074505806,0,0,False,3,3
1097,2022-02-01,KEN,2154,0,3,0.45000000000000001,0.47999998927116394,0.20000000000000001,0.25999999046325684,0.050000000000000003,0.05000000074505806,0,0,False,3,3
1099,2022-02-01,KEN,2155,0,3,0.45000000000000001,0.47999998927116394,0.20000000000000001,0.25999999046325684,0.050000000000000003,0.05000000074505806,0,0,False,3,3
1102,2022-02-01,KEN,2158,1,3,0.75,0.67000001668930054,0.29999999999999999,0.2800000011920929,0.050000000000000003,0.079999998211860657,0,0,False,3,3
1102,2022-07-01,KEN,2159,1,3,0.79999999999999993,0.44999998807907104,0.5,0.23999999463558197,0.14999999999999999,0.059999998658895493,0,0,False,3,3
1103,2022-02-01,KEN,2155,3,3,0.75,0.68000000715255737,0.29999999999999999,0.30000001192092896,0.050000000000000003,0.070000000298023224,0,0,False,3,3
1103,2022-07-01,KEN,2156,3,3,0.79999999999999993,0.6600000262260437,0.5,0.25,0.14999999999999999,0.059999998658895493,0,0,False,3,3
1107,2022-10-01,MOZ,2157,3,2,0.65000000000000002,0.56999999284744263,0.15000000000000002,0.15999999642372131,0.050000000000000003,0.059999998658895493,0,0,False,2,2
1112,2022-10-01,MOZ,2162,1,2,0.34999999999999998,0.51999998092651367,0.050000000000000003,0.2199999988079071,0,0.059999998658895493,0,0,False,2,3
1113,2022-10-01,MOZ,2160,0,2,0.34999999999999998,0.49000000953674316,0.050000000000000003,0.18999999761581421,0,0.05000000074505806,0,0,False,2,2
1114,2022-10-01,MOZ,2138,2,2,0.34999999999999998,0.52999997138977051,0.050000000000000003,0.23000000417232513,0,0.05000000074505806,0,0,False,2,3
1124,2022-10-01,MOZ,2144,2,2,0.65000000000000002,0.41999998688697815,0.14999999999999999,0.18999999761581421,0,0.05000000074505806,0,0,False,2,2
1128,2022-10-01,MOZ,2172,1,2,0.65000000000000002,0.52999997138977051,0.14999999999999999,0.15000000596046448,0,0.05000000074505806,0,0,False,2,2
1131,2022-10-01,MOZ,2169,3,3,0.80000000000000004,0.57999998331069946,0.39999999999999997,0.20999999344348907,0.050000000000000003,0.059999998658895493,0,0,False,3,3
1145,2022-10-01,MOZ,2161,2,3,0.65000000000000002,0.5,0.20000000000000001,0.23000000417232513,0.050000000000000003,0.05000000074505806,0,0,False,3,3
1146,2022-10-01,MOZ,2177,3,3,0.65000000000000002,0.56000000238418579,0.20000000000000001,0.18999999761581421,0.050000000000000003,0.059999998658895493,0,0,False,3,2
1148,2022-10-01,MOZ,2163,2,3,0.84999999999999998,0.5,0.5,0.23000000417232513,0.14999999999999999,0.05000000074505806,0,0,False,3,3
1150,2022-10-01,MOZ,2186,0,3,0.84999999999999998,0.52999997138977051,0.5,0.23999999463558197,0.14999999999999999,0.05000000074505806,0,0,False,3,3
1151,2022-10-01,MOZ,2188,1,3,0.80000000000000004,0.62000000476837158,0.39999999999999997,0.2800000011920929,0.050000000000000003,0.05000000074505806,0,0,False,3,3
1152,2022-10-01,MOZ,2180,3,3,0.80000000000000004,0.6600000262260437,0.39999999999999997,0.25999999046325684,0.050000000000000003,0.05000000074505806,0,0,False,3,3
1154,2022-10-01,MOZ,2168,2,3,0.80000000000000004,0.51999998092651367,0.39999999999999997,0.17000000178813934,0.050000000000000003,0.05000000074505806,0,0,False,3,2
1157,2022-02-01,KEN,2171,2,3,0.85000000000000009,0.54000002145767212,0.34999999999999998,0.25,0.050000000000000003,0.059999998658895493,0,0,False,3,3
1157,2022-07-01,KEN,2172,2,3,0.90000000000000002,0.5899999737739563,0.44999999999999996,0.2199999988079071,0.10000000000000001,0.05000000074505806,0,0,False,3,3
1157,2022-10-01,KEN,2173,2,2,0.25,0.5,0.10000000000000001,0.33000001311302185,0,0.079999998211860657,0,0,False,2,3
1158,2022-02-01,KEN,2203,1,3,0.85000000000000009,0.68000000715255737,0.34999999999999998,0.27000001072883606,0.050000000000000003,0.079999998211860657,0,0,False,3,3
1158,2022-07-01,KEN,2204,1,3,0.90000000000000002,0.56000000238418579,0.44999999999999996,0.25999999046325684,0.10000000000000001,0.079999998211860657,0,0,False,3,3
1158,2022-10-01,KEN,2205,1,2,0.25,0.61000001430511475,0.10000000000000001,0.30000001192092896,0,0.079999998211860657,0,0,False,2,3
1160,2022-01-01,KEN,2200,3,3,0.46999999999999997,0.55000001192092896,0.23000000000000001,0.20000000298023224,0.040000000000000001,0.070000000298023224,0,0,False,3,3
1160,2022-02-01,KEN,2201,3,3,0.55000000000000004,0.56999999284744263,0.25,0.20000000298023224,0.050000000000000003,0.059999998658895493,0,0,False,3,3
1160,2022-05-01,KEN,2202,3,3,0.67000000000000004,0.54000002145767212,0.41000000000000003,0.20999999344348907,0.13,0.059999998658895493,0,0,False,3,3
1160,2022-07-01,KEN,2203,3,3,0.70000000000000007,0.5,0.44999999999999996,0.18999999761581421,0.14999999999999999,0.05000000074505806,0,0,False,3,2
1160,2022-10-01,KEN,2204,3,1,0.15000000000000002,0.54000002145767212,0.050000000000000003,0.2199999988079071,0,0.070000000298023224,0,0,False,1,3
1161,2022-01-01,KEN,2221,0,3,0.46999999999999997,0.49000000953674316,0.23000000000000001,0.15999999642372131,0.040000000000000001,0.059999998658895493,0,0,False,3,2
1161,2022-02-01,KEN,2222,0,3,0.55000000000000004,0.56999999284744263,0.25,0.20000000298023224,0.050000000000000003,0.059999998658895493,0,0,False,3,3
1161,2022-05-01,KEN,2223,0,3,0.67000000000000004,0.51999998092651367,0.41000000000000003,0.15999999642372131,0.13,0.05000000074505806,0,0,False,3,2
1161,2022-07-01,KEN,2224,0,3,0.70000000000000007,0.49000000953674316,0.44999999999999996,0.18000000715255737,0.14999999999999999,0.05000000074505806,0,0,False,3,2
1161,2022-10-01,KEN,2225,0,1,0.15000000000000002,0.52999997138977051,0.050000000000000003,0.18000000715255737,0,0.070000000298023224,0,0,False,1,2
1173,2022-01-01,KEN,2180,4,2,0.40000000000000002,0.62999999523162842,0.13,0.28999999165534973,0,0.05000000074505806,0,0,False,2,3
1173,2022-02-01,KEN,2181,4,3,0.69999999999999996,0.63999998569488525,0.34999999999999998,0.31000000238418579,0.10000000000000001,0.05000000074505806,0,0,False,3,3
1173,2022-07-01,KEN,2182,4,3,0.75,0.57999998331069946,0.44999999999999996,0.28999999165534973,0.14999999999999999,0.05000000074505806,0,0,False,3,3
1173,2022-10-01,KEN,2183,4,2,0.25,0.57999998331069946,0.10000000000000001,0.27000001072883606,0,0.070000000298023224,0,0,False,2,3
1182,2022-01-01,SOM,2222,2,3,0.46999999999999997,0.34000000357627869,0.23000000000000001,0.15999999642372131,0.040000000000000001,0.039999999105930328,0,0,False,3,2
1182,2022-05-01,SOM,2223,2,3,0.67000000000000004,0.37999999523162842,0.41000000000000003,0.18000000715255737,0.13,0.05000000074505806,0,0,False,3,2
1182,2022-10-01,SOM,2224,2,1,0.15000000000000002,0.38999998569488525,0.050000000000000003,0.17000000178813934,0,0.05000000074505806,0,0,False,1,2
1183,2022-01-01,SOM,2256,1,2,0.40000000000000002,0.47999998927116394,0.13,0.20000000298023224,0,0.05000000074505806,0,0,False,2,3
1183,2022-02-01,SOM,2257,1,3,0.69999999999999996,0.44999998807907104,0.34999999999999998,0.18000000715255737,0.10000000000000001,0.05000000074505806,0,0,False,3,2
1184,2022-01-01,SOM,2230,2,2,0.40000000000000002,0.43000000715255737,0.13,0.20000000298023224,0,0.05000000074505806,0,0,False,2,3
1184,2022-02-01,SOM,2231,2,3,0.69999999999999996,0.46000000834465027,0.34999999999999998,0.18000000715255737,0.10000000000000001,0.05000000074505806,0,0,False,3,2
1188,2022-01-01,SOM,2266,0,2,0.40000000000000002,0.43999999761581421,0.13,0.17000000178813934,0,0.039999999105930328,0,0,False,2,2
1188,2022-02-01,SOM,2267,0,3,0.69999999999999996,0.43000000715255737,0.34999999999999998,0.17000000178813934,0.10000000000000001,0.05000000074505806,0,0,False,3,2
1188,2022-05-01,SOM,2268,0,3,0.73999999999999999,0.41999998688697815,0.44,0.18000000715255737,0.13,0.05000000074505806,0,0,False,3,2
1188,2022-07-01,SOM,2269,0,3,0.5,0.38999998569488525,0.29999999999999999,0.17000000178813934,0.050000000000000003,0.059999998658895493,0,0,False,3,2
1189,2022-01-01,SOM,2265,3,2,0.40000000000000002,0.56000000238418579,0.13,0.28999999165534973,0,0.059999998658895493,0,0,False,2,3
1189,2022-02-01,SOM,2266,3,3,0.69999999999999996,0.52999997138977051,0.34999999999999998,0.25,0.10000000000000001,0.059999998658895493,0,0,False,3,3
1189,2022-10-01,SOM,2267,3,2,0.34999999999999998,0.57999998331069946,0.14999999999999999,0.25999999046325684,0,0.059999998658895493,0,0,False,2,3
1190,2022-01-01,SOM,2249,2,3,0.46999999999999997,0.30000001192092896,0.23000000000000001,0.18000000715255737,0.040000000000000001,0.039999999105930328,0,0,False,3,2
1190,2022-05-01,SOM,2250,2,3,0.67000000000000004,0.36000001430511475,0.41000000000000003,0.18000000715255737,0.13,0.039999999105930328,0,0,False,3,2
1190,2022-07-01,SOM,2251,2,2,0.35000000000000003,0.37999999523162842,0.15000000000000002,0.18000000715255737,0.050000000000000003,0.070000000298023224,0,0,False,2,2
1190,2022-10-01,SOM,2252,2,2,0.35000000000000003,0.38999998569488525,0.15000000000000002,0.18999999761581421,0.050000000000000003,0.079999998211860657,0,0,False,2,2
1192,2022-10-01,ETH,2253,2,2,0.25,0.62000000476837158,0.10000000000000001,0.31999999284744263,0,0.10000000149011612,0,0,False,2,3
1195,2022-01-01,SOM,2296,1,3,0.46999999999999997,0.34999999403953552,0.23000000000000001,0.18000000715255737,0.040000000000000001,0.059999998658895493,0,0,False,3,2
1195,2022-05-01,SOM,2297,1,3,0.67000000000000004,0.34000000357627869,0.41000000000000003,0.15999999642372131,0.13,0.059999998658895493,0,0,False,3,2
1195,2022-07-01,SOM,2298,1,2,0.35000000000000003,0.38999998569488525,0.15000000000000002,0.18999999761581421,0.050000000000000003,0.05000000074505806,0,0,False,2,2
1195,2022-10-01,SOM,2299,1,2,0.35000000000000003,0.40000000596046448,0.15000000000000002,0.17000000178813934,0.050000000000000003,0.070000000298023224,0,0,False,2,2
1196,2022-01-01,SOM,2253,4,2,0.40000000000000002,0.50999999046325684,0.13,0.20000000298023224,0,0.05000000074505806,0,0,False,2,3
1196,2022-02-01,SOM,2254,4,3,0.69999999999999996,0.50999999046325684,0.34999999999999998,0.18999999761581421,0.10000000000000001,0.05000000074505806,0,0,False,3,2
1196,2022-05-01,SOM,2255,4,3,0.73999999999999999,0.54000002145767212,0.44,0.18999999761581421,0.13,0.05000000074505806,0,0,False,3,2
1196,2022-07-01,SOM,2256,4,3,0.5,0.47999998927116394,0.29999999999999999,0.2199999988079071,0.050000000000000003,0.070000000298023224,0,0,False,3,3
1196,2022-10-01,SOM,2257,4,2,0.34999999999999998,0.5,0.14999999999999999,0.27000001072883606,0,0.059999998658895493,0,0,False,2,3
1197,2022-01-01,SOM,2276,2,2,0.40000000000000002,0.44999998807907104,0.13,0.23999999463558197,0,0.039999999105930328,0,0,False,2,3
1197,2022-02-01,SOM,2277,2,3,0.69999999999999996,0.46000000834465027,0.34999999999999998,0.2199999988079071,0.10000000000000001,0.039999999105930328,0,0,False,3,3
1197,2022-05-01,SOM,2278,2,3,0.73999999999999999,0.49000000953674316,0.44,0.2199999988079071,0.13,0.05000000074505806,0,0,False,3,3
1197,2022-07-01,SOM,2279,2,3,0.5,0.43000000715255737,0.29999999999999999,0.25999999046325684,0.050000000000000003,0.079999998211860657,0,0,False,3,3
1197,2022-10-01,SOM,2280,2,2,0.34999999999999998,0.41999998688697815,0.14999999999999999,0.31999999284744263,0,0.059999998658895493,0,0,False,2,3
1200,2022-10-01,SOM,2275,4,3,0.65000000000000002,0.36000001430511475,0.44999999999999996,0.15000000596046448,0.14999999999999999,0.059999998658895493,0,0,False,3,2
1203,2022-02-01,SOM,2276,4,3,0.69999999999999996,0.57999998331069946,0.34999999999999998,0.28999999165534973,0.10000000000000001,0.059999998658895493,0,0,False,3,3
1203,2022-10-01,SOM,2277,4,3,0.55000000000000004,0.54000002145767212,0.34999999999999998,0.28999999165534973,0.10000000000000001,0.070000000298023224,0,0,False,3,3
1204,2022-02-01,SOM,2325,3,3,0.69999999999999996,0.56000000238418579,0.34999999999999998,0.23999999463558197,0.10000000000000001,0.059999998658895493,0,0,False,3,3
1204,2022-10-01,SOM,2326,3,3,0.55000000000000004,0.47999998927116394,0.34999999999999998,0.28999999165534973,0.050000000000000003,0.079999998211860657,0,0,False,3,3
1207,2022-01-01,SOM,2282,4,2,0.40000000000000002,0.37000000476837158,0.13,0.18999999761581421,0,0.039999999105930328,0,0,False,2,2
1207,2022-05-01,SOM,2283,4,3,0.73999999999999999,0.43000000715255737,0.44,0.17000000178813934,0.13,0.05000000074505806,0,0,False,3,2
1207,2022-07-01,SOM,2284,4,3,0.55000000000000004,0.38999998569488525,0.34999999999999998,0.17000000178813934,0.050000000000000003,0.059999998658895493,0,0,False,3,2
1210,2022-07-01,ETH,2334,3,2,0.30000000000000004,0.51999998092651367,0.10000000000000001,0.34999999403953552,0,0.079999998211860657,0,0,False,2,3
1211,2022-01-01,SOM,2304,2,2,0.40000000000000002,0.43999999761581421,0.13,0.25999999046325684,0,0.05000000074505806,0,0,False,2,3
1211,2022-05-01,SOM,2305,2,3,0.73999999999999999,0.5,0.44,0.25999999046325684,0.13,0.05000000074505806,0,0,False,3,3
1211,2022-07-01,SOM,2306,2,3,0.39999999999999997,0.41999998688697815,0.20000000000000001,0.27000001072883606,0.050000000000000003,0.079999998211860657,0,0,False,3,3
1212,2022-10-01,SOM,2344,3,2,0.34999999999999998,0.40999999642372131,0.14999999999999999,0.18000000715255737,0,0.059999998658895493,0,0,False,2,2
1214,2022-05-01,SOM,2298,4,3,0.73999999999999999,0.55000001192092896,0.44,0.31000000238418579,0.13,0.059999998658895493,0,0,False,3,3
1214,2022-07-01,SOM,2299,4,3,0.55000000000000004,0.44999998807907104,0.34999999999999998,0.31000000238418579,0.050000000000000003,0.079999998211860657,0,0,False,3,3
1214,2022-10-01,SOM,2300,4,3,0.55000000000000004,0.44999998807907104,0.34999999999999998,0.36000001430511475,0.050000000000000003,0.079999998211860657,0,0,False,3,3
1215,2022-10-01,DJI,2363,1,2,0.20000000000000001,0.62000000476837158,0.050000000000000003,0.33000001311302185,0,0.090000003576278687,0,0,False,2,3
1216,2022-01-01,SOM,2364,1,3,0.44,0.37999999523162842,0.21000000000000002,0.18999999761581421,0.040000000000000001,0.05000000074505806,0,0,False,3,2
1216,2022-10-01,SOM,2365,1,2,0.34999999999999998,0.40000000596046448,0.14999999999999999,0.20999999344348907,0,0.059999998658895493,0,0,False,2,3
1217,2022-01-01,SOM,2369,0,3,0.44,0.40000000596046448,0.21000000000000002,0.15000000596046448,0.040000000000000001,0.039999999105930328,0,0,False,3,2
1217,2022-10-01,SOM,2370,0,2,0.34999999999999998,0.46000000834465027,0.14999999999999999,0.23999999463558197,0,0.05000000074505806,0,0,False,2,3
1220,2022-01-01,SOM,2371,3,3,0.46999999999999997,0.44999998807907104,0.23000000000000001,0.17000000178813934,0.040000000000000001,0.039999999105930328,0,0,False,3,2
1220,2022-05-01,SOM,2372,3,3,0.67000000000000004,0.49000000953674316,0.41000000000000003,0.14000000059604645,0.13,0.039999999105930328,0,0,False,3,2
1220,2022-07-01,SOM,2373,3,2,0.34999999999999998,0.44999998807907104,0.14999999999999999,0.12999999523162842,0,0.059999998658895493,0,0,False,2,2
1220,2022-10-01,SOM,2374,3,2,0.34999999999999998,0.46000000834465027,0.14999999999999999,0.2199999988079071,0,0.059999998658895493,0,0,False,2,3
1222,2022-05-01,SOM,2375,3,3,0.73999999999999999,0.51999998092651367,0.44,0.25,0.13,0.059999998658895493,0,0,False,3,3
1222,2022-07-01,SOM,2376,3,3,0.5,0.44999998807907104,0.29999999999999999,0.33000001311302185,0.050000000000000003,0.079999998211860657,0,0,False,3,3
1222,2022-10-01,SOM,2377,3,2,0.34999999999999998,0.4699999988079071,0.14999999999999999,0.31000000238418579,0,0.079999998211860657,0,0,False,2,3
1223,2022-01-01,SOM,2334,4,3,0.46999999999999997,0.44999998807907104,0.23000000000000001,0.10999999940395355,0.040000000000000001,0.059999998658895493,0,0,False,3,2
1223,2022-07-01,SOM,2335,4,2,0.34999999999999998,0.37000000476837158,0.14999999999999999,0.18000000715255737,0,0.039999999105930328,0,0,False,2,2
1223,2022-10-01,SOM,2336,4,2,0.34999999999999998,0.44999998807907104,0.14999999999999999,0.18999999761581421,0,0.039999999105930328,0,0,False,2,2
1226,2022-01-01,SOM,2405,1,3,0.46999999999999997,0.46000000834465027,0.23000000000000001,0.18000000715255737,0.040000000000000001,0.059999998658895493,0,0,False,3,2
1226,2022-07-01,SOM,2406,1,3,0.40000000000000002,0.4699999988079071,0.20000000000000001,0.18999999761581421,0,0.05000000074505806,0,0,False,3,2
1226,2022-10-01,SOM,2407,1,2,0.29999999999999999,0.4699999988079071,0.14999999999999999,0.17000000178813934,0,0.059999998658895493,0,0,False,2,2
1227,2022-01-01,SOM,2410,0,2,0.39000000000000001,0.43000000715255737,0.18000000000000002,0.20000000298023224,0.01,0.039999999105930328,0,0,False,2,3
1228,2022-01-01,SOM,2411,0,2,0.39000000000000001,0.46000000834465027,0.18000000000000002,0.20000000298023224,0.01,0.039999999105930328,0,0,False,2,3
1228,2022-05-01,SOM,2412,0,4,0.76000000000000001,0.51999998092651367,0.52000000000000002,0.23000000417232513,0.20999999999999999,0.039999999105930328,0.029999999999999999,0,False,4,3
1231,2022-01-01,SOM,2362,4,2,0.39000000000000001,0.40999999642372131,0.18000000000000002,0.18000000715255737,0.01,0.05000000074505806,0,0,False,2,2
1231,2022-05-01,SOM,2363,4,4,0.76000000000000001,0.43999999761581421,0.52000000000000002,0.18999999761581421,0.20999999999999999,0.05000000074505806,0.029999999999999999,0,False,4,2
1231,2022-10-01,SOM,2364,4,3,0.60000000000000009,0.43999999761581421,0.39999999999999997,0.20000000298023224,0.15000000000000002,0.05000000074505806,0.050000000000000003,0,False,3,3
1234,2022-10-01,ETH,2369,4,2,0.20000000000000001,0.61000001430511475,0.050000000000000003,0.31999999284744263,0,0.079999998211860657,0,0,False,2,3
1238,2022-01-01,SOM,2432,0,3,0.45000000000000001,0.51999998092651367,0.21000000000000002,0.25999999046325684,0.050000000000000003,0.05000000074505806,0,0,False,3,3
1238,2022-07-01,SOM,2433,0,2,0.30000000000000004,0.4699999988079071,0.10000000000000001,0.31999999284744263,0,0.070000000298023224,0,0,False,2,3
1238,2022-10-01,SOM,2434,0,2,0.30000000000000004,0.46000000834465027,0.10000000000000001,0.31999999284744263,0,0.070000000298023224,0,0,False,2,3
1241,2022-01-01,SOM,2442,1,3,0.44,0.38999998569488525,0.21000000000000002,0.2199999988079071,0.040000000000000001,0.059999998658895493,0,0,False,3,3
1241,2022-10-01,SOM,2443,1,2,0.39999999999999997,0.41999998688697815,0.15000000000000002,0.15000000596046448,0.050000000000000003,0.070000000298023224,0,0,False,2,2
1243,2022-05-01,SOM,2446,0,4,0.76000000000000001,0.44999998807907104,0.52000000000000002,0.23000000417232513,0.20999999999999999,0.05000000074505806,0.029999999999999999,0,False,4,3
1249,2022-01-01,SOM,2450,0,2,0.30000000000000004,0.43999999761581421,0.080000000000000002,0.23999999463558197,0.01,0.070000000298023224,0,0,False,2,3
1249,2022-03-01,SOM,2451,0,3,0.80000000000000004,0.4699999988079071,0.39999999999999997,0.23000000417232513,0.050000000000000003,0.090000003576278687,0,0,False,3,3
1249,2022-05-01,SOM,2452,0,3,0.47000000000000008,0.43000000715255737,0.20000000000000001,0.23999999463558197,0.029999999999999999,0.070000000298023224,0,0,False,3,3
1252,2022-01-01,SOM,2448,3,2,0.30000000000000004,0.46000000834465027,0.080000000000000002,0.27000001072883606,0.01,0.079999998211860657,0,0,False,2,3
1252,2022-03-01,SOM,2449,3,3,0.80000000000000004,0.46000000834465027,0.39999999999999997,0.30000001192092896,0.050000000000000003,0.079999998211860657,0,0,False,3,3
1252,2022-05-01,SOM,2450,3,3,0.47000000000000008,0.49000000953674316,0.20000000000000001,0.27000001072883606,0.029999999999999999,0.079999998211860657,0,0,False,3,3
1254,2022-01-01,SOM,2452,3,3,0.45000000000000001,0.56000000238418579,0.21000000000000002,0.27000001072883606,0.050000000000000003,0.079999998211860657,0,0,False,3,3
1254,2022-05-01,SOM,2453,3,3,0.70000000000000007,0.57999998331069946,0.47999999999999998,0.2800000011920929,0.18000000000000002,0.079999998211860657,0.01,0,False,3,3
1254,2022-07-01,SOM,2454,3,3,0.55000000000000004,0.50999999046325684,0.34999999999999998,0.33000001311302185,0.10000000000000001,0.079999998211860657,0,0,False,3,3
1254,2022-10-01,SOM,2455,3,3,0.55000000000000004,0.5,0.34999999999999998,0.33000001311302185,0.10000000000000001,0.079999998211860657,0,0,False,3,3
1255,2022-10-01,SOM,2462,0,2,0.34999999999999998,0.38999998569488525,0.14999999999999999,0.15999999642372131,0,0.05000000074505806,0,0,False,2,2
1256,2022-10-01,ETH,2405,4,3,0.55000000000000004,0.62000000476837158,0.34999999999999998,0.33000001311302185,0.10000000000000001,0.079999998211860657,0,0,False,3,3
1257,2022-05-01,SOM,2464,0,3,0.70000000000000007,0.4699999988079071,0.47999999999999998,0.2800000011920929,0.18000000000000002,0.05000000074505806,0.01,0,False,3,3
1257,2022-10-01,SOM,2465,0,3,0.55000000000000004,0.43000000715255737,0.34999999999999998,0.25999999046325684,0.10000000000000001,0.059999998658895493,0,0,False,3,3
1276,2022-01-01,SOM,2430,4,3,0.45000000000000001,0.51999998092651367,0.21000000000000002,0.27000001072883606,0.050000000000000003,0.059999998658895493,0,0,False,3,3
1276,2022-05-01,SOM,2431,4,3,0.70000000000000007,0.56000000238418579,0.47999999999999998,0.25,0.18000000000000002,0.059999998658895493,0.01,0,False,3,3
1276,2022-07-01,SOM,2432,4,4,0.55000000000000004,0.55000001192092896,0.34999999999999998,0.30000001192092896,0.10000000000000001,0.079999998211860657,0,0,False,3,3
1276,2022-10-01,SOM,2433,4,3,0.55000000000000004,0.51999998092651367,0.34999999999999998,0.31000000238418579,0.10000000000000001,0.079999998211860657,0,0,False,3,3
1284,2022-01-01,SOM,2466,2,3,0.45000000000000001,0.49000000953674316,0.21000000000000002,0.30000001192092896,0.050000000000000003,0.05000000074505806,0,0,False,3,3
1284,2022-05-01,SOM,2467,2,3,0.70000000000000007,0.57999998331069946,0.47999999999999998,0.2800000011920929,0.18000000000000002,0.05000000074505806,0.01,0,False,3,3
1284,2022-07-01,SOM,2468,2,4,0.84999999999999998,0.46000000834465027,0.65000000000000002,0.30000001192092896,0.34999999999999998,0.079999998211860657,0.10000000000000001,0,False,4,3
1284,2022-10-01,SOM,2469,2,4,0.84999999999999998,0.50999999046325684,0.65000000000000002,0.31999999284744263,0.34999999999999998,0.079999998211860657,0.10000000000000001,0,False,4,3
1293,2022-01-01,SOM,2514,1,2,0.39000000000000001,0.50999999046325684,0.18000000000000002,0.23999999463558197,0.01,0.039999999105930328,0,0,False,2,3
1293,2022-05-01,SOM,2515,1,4,0.76000000000000001,0.52999997138977051,0.52000000000000002,0.20999999344348907,0.20999999999999999,0.039999999105930328,0.029999999999999999,0,False,4,3
1293,2022-07-01,SOM,2516,1,4,1,0.51999998092651367,0.95000000000000007,0.20000000298023224,0.5,0.039999999105930328,0.14999999999999999,0,False,4,3
1293,2022-10-01,SOM,2517,1,4,1,0.52999997138977051,0.95000000000000007,0.25,0.5,0.059999998658895493,0.14999999999999999,0,False,4,3
1298,2022-03-01,YEM,2522,1,2,0.59999999999999998,0.67000001668930054,0.14999999999999999,0.36000001430511475,0,0.10999999940395355,0,0,False,2,3
1308,2022-01-01,SOM,2528,1,2,0.39000000000000001,0.38999998569488525,0.18000000000000002,0.23000000417232513,0.01,0.039999999105930328,0,0,False,2,3
1308,2022-05-01,SOM,2529,1,4,0.76000000000000001,0.43000000715255737,0.52000000000000002,0.20000000298023224,0.20999999999999999,0.039999999105930328,0.029999999999999999,0,False,4,3
1308,2022-07-01,SOM,2530,1,4,0.99999999999999989,0.43000000715255737,0.90000000000000002,0.20000000298023224,0.40000000000000002,0.05000000074505806,0.10000000000000001,0,False,4,3
1308,2022-10-01,SOM,2531,1,4,0.99999999999999989,0.51999998092651367,0.90000000000000002,0.25,0.40000000000000002,0.059999998658895493,0.10000000000000001,0,False,4,3
1309,2022-01-01,SOM,2542,0,2,0.39000000000000001,0.4699999988079071,0.18000000000000002,0.20000000298023224,0.01,0.039999999105930328,0,0,False,2,3
1309,2022-05-01,SOM,2543,0,4,0.76000000000000001,0.47999998927116394,0.52000000000000002,0.20999999344348907,0.20999999999999999,0.039999999105930328,0.029999999999999999,0,False,4,3
1309,2022-07-01,SOM,2544,0,4,0.99999999999999989,0.46000000834465027,0.90000000000000002,0.20999999344348907,0.40000000000000002,0.05000000074505806,0.10000000000000001,0,False,4,3
1309,2022-10-01,SOM,2545,0,4,0.99999999999999989,0.5,0.90000000000000002,0.28999999165534973,0.40000000000000002,0.05000000074505806,0.10000000000000001,0,False,4,3
1324,2022-01-01,SOM,2553,0,2,0.39000000000000001,0.4699999988079071,0.18000000000000002,0.18000000715255737,0.01,0.039999999105930328,0,0,False,2,2
1324,2022-05-01,SOM,2554,0,4,0.76000000000000001,0.46000000834465027,0.52000000000000002,0.20000000298023224,0.20999999999999999,0.05000000074505806,0.029999999999999999,0,False,4,3
1324,2022-07-01,SOM,2555,0,4,1,0.49000000953674316,0.95000000000000007,0.23999999463558197,0.5,0.059999998658895493,0.14999999999999999,0,False,4,3
1324,2022-10-01,SOM,2556,0,4,1,0.49000000953674316,0.95000000000000007,0.27000001072883606,0.5,0.059999998658895493,0.14999999999999999,0,False,4,3
1326,2022-05-01,ETH,2555,1,3,0.70000000000000007,0.43000000715255737,0.47999999999999998,0.25999999046325684,0.18000000000000002,0.070000000298023224,0.01,0,False,3,3
1326,2022-07-01,ETH,2556,1,3,0.44999999999999996,0.62999999523162842,0.25,0.27000001072883606,0.10000000000000001,0.10000000149011612,0,0,False,3,3
1327,2022-07-01,ETH,2557,1,3,0.44999999999999996,0.62000000476837158,0.25,0.25999999046325684,0.10000000000000001,0.10000000149011612,0,0,False,3,3
1329,2022-03-01,YEM,2567,3,2,0.59999999999999998,0.6600000262260437,0.14999999999999999,0.37000000476837158,0,0.12999999523162842,0,0,False,2,3
1351,2022-01-01,SOM,2574,1,2,0.27000000000000002,0.34999999403953552,0.080000000000000002,0.18000000715255737,0.01,0.059999998658895493,0,0,False,2,2
1351,2022-05-01,SOM,2575,1,3,0.46000000000000008,0.40999999642372131,0.23000000000000001,0.14000000059604645,0.029999999999999999,0.059999998658895493,0,0,False,3,2
1351,2022-07-01,SOM,2576,1,1,0.15000000000000002,0.34999999403953552,0.050000000000000003,0.17000000178813934,0,0.05000000074505806,0,0,False,1,2
1351,2022-10-01,SOM,2577,1,1,0.15000000000000002,0.38999998569488525,0.050000000000000003,0.17000000178813934,0,0.070000000298023224,0,0,False,1,2
1354,2022-01-01,SOM,2553,2,2,0.27000000000000002,0.31000000238418579,0.080000000000000002,0.15999999642372131,0.01,0.039999999105930328,0,0,False,2,2
1354,2022-05-01,SOM,2554,2,3,0.46000000000000008,0.31999999284744263,0.23000000000000001,0.15999999642372131,0.029999999999999999,0.039999999105930328,0,0,False,3,2
1354,2022-07-01,SOM,2555,2,1,0.15000000000000002,0.34000000357627869,0.050000000000000003,0.17000000178813934,0,0.079999998211860657,0,0,False,1,2
1354,2022-10-01,SOM,2556,2,1,0.15000000000000002,0.37999999523162842,0.050000000000000003,0.23999999463558197,0,0.079999998211860657,0,0,False,1,3
1357,2022-01-01,SOM,2533,4,3,0.45000000000000001,0.4699999988079071,0.21000000000000002,0.27000001072883606,0.050000000000000003,0.059999998658895493,0,0,False,3,3
1357,2022-05-01,SOM,2534,4,3,0.70000000000000007,0.52999997138977051,0.47999999999999998,0.23999999463558197,0.18000000000000002,0.059999998658895493,0.01,0,False,3,3
1357,2022-07-01,SOM,2535,4,3,0.84999999999999998,0.55000001192092896,0.65000000000000002,0.30000001192092896,0.34999999999999998,0.079999998211860657,0.10000000000000001,0,False,4,3
1357,2022-10-01,SOM,2536,4,3,0.55000000000000004,0.56000000238418579,0.34999999999999998,0.36000001430511475,0.10000000000000001,0.10000000149011612,0,0,False,3,3
1358,2022-03-01,YEM,2537,4,2,0.59999999999999998,0.62999999523162842,0.14999999999999999,0.40999999642372131,0,0.12999999523162842,0,0,False,2,3
1361,2022-01-01,SOM,2594,1,3,0.45000000000000001,0.47999998927116394,0.21000000000000002,0.27000001072883606,0.050000000000000003,0.059999998658895493,0,0,False,3,3
1361,2022-05-01,SOM,2595,1,3,0.70000000000000007,0.54000002145767212,0.47999999999999998,0.2800000011920929,0.18000000000000002,0.059999998658895493,0.01,0,False,3,3
1361,2022-07-01,SOM,2596,1,3,0.84999999999999998,0.54000002145767212,0.65000000000000002,0.2800000011920929,0.34999999999999998,0.079999998211860657,0.10000000000000001,0,False,4,3
1361,2022-10-01,SOM,2597,1,3,0.55000000000000004,0.54000002145767212,0.34999999999999998,0.2800000011920929,0.10000000000000001,0.079999998211860657,0,0,False,3,3
1366,2022-03-01,YEM,2579,2,2,0.59999999999999998,0.63999998569488525,0.14999999999999999,0.33000001311302185,0,0.14000000059604645,0,0,False,2,3
1367,2022-01-01,SOM,2602,1,3,0.45000000000000001,0.4699999988079071,0.21000000000000002,0.28999999165534973,0.050000000000000003,0.059999998658895493,0,0,False,3,3
1367,2022-05-01,SOM,2603,1,3,0.70000000000000007,0.54000002145767212,0.47999999999999998,0.2800000011920929,0.18000000000000002,0.059999998658895493,0.01,0,False,3,3
1367,2022-07-01,SOM,2604,1,3,0.84999999999999998,0.55000001192092896,0.65000000000000002,0.27000001072883606,0.34999999999999998,0.079999998211860657,0.10000000000000001,0,False,4,3
1367,2022-10-01,SOM,2605,1,3,0.55000000000000004,0.52999997138977051,0.34999999999999998,0.31000000238418579,0.10000000000000001,0.070000000298023224,0,0,False,3,3
1368,2022-01-01,SOM,2606,1,3,0.45000000000000001,0.46000000834465027,0.21000000000000002,0.2800000011920929,0.050000000000000003,0.059999998658895493,0,0,False,3,3
1368,2022-05-01,SOM,2607,1,3,0.70000000000000007,0.52999997138977051,0.47999999999999998,0.27000001072883606,0.18000000000000002,0.059999998658895493,0.01,0,False,3,3
1368,2022-07-01,SOM,2608,1,3,0.84999999999999998,0.52999997138977051,0.65000000000000002,0.27000001072883606,0.34999999999999998,0.079999998211860657,0.10000000000000001,0,False,4,3
1368,2022-10-01,SOM,2609,1,3,0.55000000000000004,0.51999998092651367,0.34999999999999998,0.31000000238418579,0.10000000000000001,0.070000000298023224,0,0,False,3,3
1374,2022-03-01,YEM,2604,2,2,0.59999999999999998,0.62999999523162842,0.14999999999999999,0.33000001311302185,0,0.14000000059604645,0,0,False,2,3
1375,2022-03-01,YEM,2618,1,2,0.59999999999999998,0.63999998569488525,0.14999999999999999,0.34999999403953552,0,0.11999999731779099,0,0,False,2,3
1375,2022-07-01,YEM,2619,1,3,0.39999999999999997,0.70999997854232788,0.20000000000000001,0.50999999046325684,0.050000000000000003,0.17000000178813934,0,0,False,3,3
1376,2022-05-01,SOM,2641,3,4,0.76000000000000001,0.56000000238418579,0.52000000000000002,0.23000000417232513,0.20999999999999999,0.039999999105930328,0.029999999999999999,0,False,4,3
1378,2022-05-01,SOM,2622,1,3,0.70000000000000007,0.4699999988079071,0.47999999999999998,0.33000001311302185,0.18000000000000002,0.059999998658895493,0.01,0,False,3,3
1378,2022-07-01,SOM,2623,1,2,0.30000000000000004,0.38999998569488525,0.10000000000000001,0.23000000417232513,0,0.059999998658895493,0,0,False,2,3
1379,2022-05-01,SOM,2624,1,3,0.70000000000000007,0.4699999988079071,0.47999999999999998,0.33000001311302185,0.18000000000000002,0.059999998658895493,0.01,0,False,3,3
1379,2022-07-01,SOM,2625,1,2,0.30000000000000004,0.38999998569488525,0.10000000000000001,0.2199999988079071,0,0.059999998658895493,0,0,False,2,3
1380,2022-01-01,SOM,2648,3,2,0.39000000000000001,0.49000000953674316,0.18000000000000002,0.20999999344348907,0.01,0.039999999105930328,0,0,False,2,3
1380,2022-05-01,SOM,2649,3,4,0.76000000000000001,0.56999999284744263,0.52000000000000002,0.20999999344348907,0.20999999999999999,0.039999999105930328,0.029999999999999999,0,False,4,3
1380,2022-07-01,SOM,2650,3,4,0.99999999999999989,0.51999998092651367,0.90000000000000002,0.20999999344348907,0.40000000000000002,0.05000000074505806,0.10000000000000001,0,False,4,3
1381,2022-03-01,YEM,2619,2,2,0.59999999999999998,0.62999999523162842,0.14999999999999999,0.33000001311302185,0,0.14000000059604645,0,0,False,2,3
1382,2022-03-01,YEM,2597,4,2,0.59999999999999998,0.68000000715255737,0.14999999999999999,0.38999998569488525,0,0.11999999731779099,0,0,False,2,3
1383,2022-05-01,SOM,2639,1,3,0.70000000000000007,0.47999998927116394,0.47999999999999998,0.25999999046325684,0.18000000000000002,0.059999998658895493,0.01,0,False,3,3
1384,2022-03-01,YEM,2640,1,2,0.59999999999999998,0.63999998569488525,0.14999999999999999,0.31999999284744263,0,0.10000000149011612,0,0,False,2,3
1390,2022-03-01,YEM,2648,1,2,0.59999999999999998,0.67000001668930054,0.14999999999999999,0.38999998569488525,0,0.10999999940395355,0,0,False,2,3
1397,2022-05-01,SOM,2676,0,3,0.56000000000000005,0.5,0.27999999999999997,0.2800000011920929,0.040000000000000001,0.070000000298023224,0,0,False,3,3
1397,2022-07-01,SOM,2677,0,3,0.55000000000000004,0.49000000953674316,0.34999999999999998,0.2800000011920929,0.10000000000000001,0.11999999731779099,0,0,False,3,3
1400,2022-03-01,YEM,2681,0,2,0.59999999999999998,0.68000000715255737,0.14999999999999999,0.34999999403953552,0,0.12999999523162842,0,0,False,2,3
1420,2022-03-01,YEM,2713,3,2,0.59999999999999998,0.6600000262260437,0.14999999999999999,0.38999998569488525,0,0.14000000059604645,0,0,False,2,3
1422,2022-05-01,SOM,2658,4,3,0.56000000000000005,0.56000000238418579,0.27999999999999997,0.2199999988079071,0.040000000000000001,0.070000000298023224,0,0,False,3,3
1422,2022-07-01,SOM,2659,4,3,0.55000000000000004,0.5899999737739563,0.34999999999999998,0.25,0.10000000000000001,0.070000000298023224,0,0,False,3,3
1429,2022-01-01,SOM,2665,4,2,0.27000000000000002,0.31000000238418579,0.080000000000000002,0.15000000596046448,0.01,0.039999999105930328,0,0,False,2,2
1429,2022-05-01,SOM,2666,4,3,0.46000000000000008,0.38999998569488525,0.23000000000000001,0.15999999642372131,0.029999999999999999,0.039999999105930328,0,0,False,3,2
1429,2022-07-01,SOM,2667,4,1,0.15000000000000002,0.34999999403953552,0.050000000000000003,0.18000000715255737,0,0.059999998658895493,0,0,False,1,2
1429,2022-10-01,SOM,2668,4,1,0.15000000000000002,0.37000000476837158,0.050000000000000003,0.25,0,0.05000000074505806,0,0,False,1,3
1430,2022-01-01,SOM,2711,1,2,0.27000000000000002,0.37999999523162842,0.080000000000000002,0.18999999761581421,0.01,0.039999999105930328,0,0,False,2,2
1430,2022-05-01,SOM,2712,1,3,0.46000000000000008,0.43999999761581421,0.23000000000000001,0.15999999642372131,0.029999999999999999,0.039999999105930328,0,0,False,3,2
1430,2022-07-01,SOM,2713,1,1,0.15000000000000002,0.33000001311302185,0.050000000000000003,0.15999999642372131,0,0.05000000074505806,0,0,False,1,2
1430,2022-10-01,SOM,2714,1,1,0.15000000000000002,0.4699999988079071,0.050000000000000003,0.18999999761581421,0,0.070000000298023224,0,0,False,1,2
1443,2022-01-01,SOM,2716,2,2,0.27000000000000002,0.31000000238418579,0.080000000000000002,0.15999999642372131,0.01,0.039999999105930328,0,0,False,2,2
1443,2022-05-01,SOM,2717,2,3,0.46000000000000008,0.37000000476837158,0.23000000000000001,0.17000000178813934,0.029999999999999999,0.039999999105930328,0,0,False,3,2
1443,2022-07-01,SOM,2718,2,1,0.15000000000000002,0.34999999403953552,0.050000000000000003,0.15999999642372131,0,0.070000000298023224,0,0,False,1,2
1443,2022-10-01,SOM,2719,2,1,0.15000000000000002,0.37000000476837158,0.050000000000000003,0.18999999761581421,0,0.070000000298023224,0,0,False,1,2
1446,2022-03-01,YEM,2760,3,2,0.59999999999999998,0.68000000715255737,0.14999999999999999,0.34999999403953552,0,0.11999999731779099,0,0,False,2,3
1448,2022-11-01,MDG,2735,1,3,0.79999999999999993,0.56000000238418579,0.55000000000000004,0.31999999284744263,0.10000000000000001,0.05000000074505806,0,0,False,3,3
1449,2022-11-01,MDG,2763,0,3,0.79999999999999993,0.52999997138977051,0.55000000000000004,0.25999999046325684,0.10000000000000001,0.059999998658895493,0,0,False,3,3
1454,2022-03-01,YEM,2769,3,2,0.59999999999999998,0.62999999523162842,0.14999999999999999,0.37999999523162842,0,0.11999999731779099,0,0,False,2,3
1461,2022-05-01,SOM,2782,3,3,0.56000000000000005,0.5,0.27999999999999997,0.27000001072883606,0.040000000000000001,0.070000000298023224,0,0,False,3,3
1461,2022-07-01,SOM,2783,3,2,0.35000000000000003,0.5899999737739563,0.15000000000000002,0.33000001311302185,0.050000000000000003,0.079999998211860657,0,0,False,2,3
1462,2022-05-01,SOM,2764,1,3,0.56000000000000005,0.46000000834465027,0.27999999999999997,0.25999999046325684,0.040000000000000001,0.059999998658895493,0,0,False,3,3
1462,2022-07-01,SOM,2765,1,2,0.35000000000000003,0.50999999046325684,0.15000000000000002,0.28999999165534973,0.050000000000000003,0.070000000298023224,0,0,False,2,3
1466,2022-01-01,SOM,2801,0,2,0.27000000000000002,0.37999999523162842,0.080000000000000002,0.12999999523162842,0.01,0.039999999105930328,0,0,False,2,2
1466,2022-05-01,SOM,2802,0,3,0.46000000000000008,0.40000000596046448,0.23000000000000001,0.15999999642372131,0.029999999999999999,0.039999999105930328,0,0,False,3,2
1466,2022-07-01,SOM,2803,0,3,0.60000000000000009,0.37000000476837158,0.39999999999999997,0.18000000715255737,0.050000000000000003,0.039999999105930328,0,0,False,3,2
1466,2022-10-01,SOM,2804,0,2,0.34999999999999998,0.41999998688697815,0.14999999999999999,0.15000000596046448,0,0.05000000074505806,0,0,False,2,2
1475,2022-01-01,SOM,2817,0,2,0.27000000000000002,0.38999998569488525,0.080000000000000002,0.14000000059604645,0.01,0.039999999105930328,0,0,False,2,2
1475,2022-05-01,SOM,2818,0,3,0.46000000000000008,0.40000000596046448,0.23000000000000001,0.15999999642372131,0.029999999999999999,0.039999999105930328,0,0,False,3,2
1475,2022-07-01,SOM,2819,0,3,0.60000000000000009,0.40000000596046448,0.39999999999999997,0.10999999940395355,0.050000000000000003,0.05000000074505806,0,0,False,3,2
1475,2022-10-01,SOM,2820,0,2,0.34999999999999998,0.41999998688697815,0.14999999999999999,0.12999999523162842,0,0.05000000074505806,0,0,False,2,2
1480,2022-01-01,SOM,2774,4,2,0.27000000000000002,0.37000000476837158,0.080000000000000002,0.18000000715255737,0.01,0.029999999329447746,0,0,False,2,2
1480,2022-05-01,SOM,2775,4,3,0.46000000000000008,0.40000000596046448,0.23000000000000001,0.15000000596046448,0.029999999999999999,0.029999999329447746,0,0,False,3,2
1480,2022-07-01,SOM,2776,4,1,0.15000000000000002,0.34999999403953552,0.050000000000000003,0.20999999344348907,0,0.05000000074505806,0,0,False,1,3
1481,2022-01-01,SOM,2807,2,2,0.27000000000000002,0.31000000238418579,0.080000000000000002,0.15000000596046448,0.01,0.029999999329447746,0,0,False,2,2
1481,2022-05-01,SOM,2808,2,3,0.46000000000000008,0.37999999523162842,0.23000000000000001,0.15000000596046448,0.029999999999999999,0.039999999105930328,0,0,False,3,2
1481,2022-07-01,SOM,2809,2,1,0.15000000000000002,0.36000001430511475,0.050000000000000003,0.12999999523162842,0,0.070000000298023224,0,0,False,1,2
1481,2022-10-01,SOM,2810,2,1,0.15000000000000002,0.37999999523162842,0.050000000000000003,0.20999999344348907,0,0.059999998658895493,0,0,False,1,3
1495,2022-01-01,SOM,2801,4,2,0.27000000000000002,0.34000000357627869,0.089999999999999997,0.18000000715255737,0.01,0.029999999329447746,0,0,False,2,2
1495,2022-10-01,SOM,2802,4,1,0.15000000000000002,0.34000000357627869,0.050000000000000003,0.18000000715255737,0,0.039999999105930328,0,0,False,1,2
1503,2022-01-01,SOM,2876,3,2,0.27000000000000002,0.40999999642372131,0.089999999999999997,0.20999999344348907,0.01,0.039999999105930328,0,0,False,2,3
1503,2022-10-01,SOM,2877,3,2,0.34999999999999998,0.43999999761581421,0.14999999999999999,0.17000000178813934,0,0.05000000074505806,0,0,False,2,2
1506,2022-01-01,YEM,2862,1,3,0.82000000000000006,0.56000000238418579,0.55000000000000004,0.31999999284744263,0.17999999999999999,0.10000000149011612,0,0,False,3,3
1510,2022-01-01,YEM,2891,0,3,0.82000000000000006,0.60000002384185791,0.55000000000000004,0.33000001311302185,0.17999999999999999,0.090000003576278687,0,0,False,3,3
1515,2022-01-01,YEM,2832,4,3,0.82000000000000006,0.56999999284744263,0.55000000000000004,0.31000000238418579,0.17999999999999999,0.10000000149011612,0,0,False,3,3
1518,2022-01-01,SOM,2872,2,2,0.27000000000000002,0.36000001430511475,0.089999999999999997,0.14000000059604645,0.01,0.029999999329447746,0,0,False,2,2
1518,2022-05-01,SOM,2873,2,3,0.46000000000000008,0.37999999523162842,0.23000000000000001,0.17000000178813934,0.029999999999999999,0.039999999105930328,0,0,False,3,2
1518,2022-07-01,SOM,2874,2,3,0.60000000000000009,0.37999999523162842,0.39999999999999997,0.12999999523162842,0.050000000000000003,0.05000000074505806,0,0,False,3,2
1518,2022-10-01,SOM,2875,2,2,0.34999999999999998,0.37999999523162842,0.14999999999999999,0.18000000715255737,0,0.05000000074505806,0,0,False,2,2
1519,2022-01-01,YEM,2848,4,3,0.82000000000000006,0.6600000262260437,0.55000000000000004,0.30000001192092896,0.17999999999999999,0.10999999940395355,0,0,False,3,3
1520,2022-01-01,YEM,2914,0,3,0.82000000000000006,0.62000000476837158,0.55000000000000004,0.34999999403953552,0.17999999999999999,0.090000003576278687,0,0,False,3,3
1522,2022-01-01,SOM,2915,0,2,0.27000000000000002,0.36000001430511475,0.089999999999999997,0.11999999731779099,0.01,0.039999999105930328,0,0,False,2,2
1522,2022-05-01,SOM,2916,0,3,0.46000000000000008,0.37999999523162842,0.23000000000000001,0.14000000059604645,0.029999999999999999,0.039999999105930328,0,0,False,3,2
1522,2022-07-01,SOM,2917,0,2,0.34999999999999998,0.36000001430511475,0.14999999999999999,0.10999999940395355,0,0.05000000074505806,0,0,False,2,2
1522,2022-10-01,SOM,2918,0,2,0.34999999999999998,0.40000000596046448,0.14999999999999999,0.14000000059604645,0,0.039999999105930328,0,0,False,2,2
1528,2022-01-01,SOM,2924,0,2,0.33999999999999997,0.46000000834465027,0.14999999999999999,0.2199999988079071,0.029999999999999999,0.05000000074505806,0,0,False,2,3
1528,2022-05-01,SOM,2925,0,3,0.57999999999999996,0.49000000953674316,0.32999999999999996,0.2199999988079071,0.089999999999999997,0.05000000074505806,0,0,False,3,3
1528,2022-07-01,SOM,2926,0,3,0.45000000000000001,0.49000000953674316,0.25,0.25999999046325684,0.050000000000000003,0.059999998658895493,0,0,False,3,3
1528,2022-10-01,SOM,2927,0,3,0.45000000000000001,0.47999998927116394,0.25,0.27000001072883606,0.050000000000000003,0.059999998658895493,0,0,False,3,3
1534,2022-01-01,YEM,2918,1,3,0.82000000000000006,0.57999998331069946,0.55000000000000004,0.2800000011920929,0.17999999999999999,0.090000003576278687,0,0,False,3,3
1536,2022-01-01,YEM,2943,3,3,0.82000000000000006,0.60000002384185791,0.55000000000000004,0.31000000238418579,0.17999999999999999,0.10000000149011612,0,0,False,3,3
1540,2022-01-01,SOM,2942,0,2,0.33999999999999997,0.46000000834465027,0.14999999999999999,0.20000000298023224,0.029999999999999999,0.05000000074505806,0,0,False,2,3
1540,2022-05-01,SOM,2943,0,3,0.57999999999999996,0.44999998807907104,0.32999999999999996,0.23000000417232513,0.089999999999999997,0.05000000074505806,0,0,False,3,3
1540,2022-07-01,SOM,2944,0,3,0.39999999999999997,0.5,0.20000000000000001,0.23999999463558197,0.050000000000000003,0.05000000074505806,0,0,False,3,3
1540,2022-10-01,SOM,2945,0,3,0.45000000000000001,0.50999999046325684,0.25,0.25,0.050000000000000003,0.05000000074505806,0,0,False,3,3
1541,2022-01-01,YEM,2923,2,3,0.82000000000000006,0.5,0.55000000000000004,0.28999999165534973,0.17999999999999999,0.090000003576278687,0,0,False,3,3
1542,2022-01-01,YEM,2924,2,3,0.82000000000000006,0.51999998092651367,0.55000000000000004,0.30000001192092896,0.17999999999999999,0.090000003576278687,0,0,False,3,3
1551,2022-01-01,SOM,2909,4,2,0.27000000000000002,0.37999999523162842,0.089999999999999997,0.12999999523162842,0.01,0.029999999329447746,0,0,False,2,2
1551,2022-05-01,SOM,2910,4,3,0.46000000000000008,0.43000000715255737,0.23000000000000001,0.14000000059604645,0.029999999999999999,0.029999999329447746,0,0,False,3,2
1551,2022-07-01,SOM,2911,4,3,0.44999999999999996,0.38999998569488525,0.25,0.14000000059604645,0.10000000000000001,0.029999999329447746,0,0,False,3,2
1551,2022-10-01,SOM,2912,4,2,0.25,0.34999999403953552,0.050000000000000003,0.18000000715255737,0,0.039999999105930328,0,0,False,2,2
1553,2022-01-01,SOM,2961,1,2,0.27000000000000002,0.44999998807907104,0.089999999999999997,0.17000000178813934,0.01,0.039999999105930328,0,0,False,2,2
1553,2022-05-01,SOM,2962,1,3,0.46000000000000008,0.44999998807907104,0.23000000000000001,0.15000000596046448,0.029999999999999999,0.039999999105930328,0,0,False,3,2
1553,2022-07-01,SOM,2963,1,3,0.60000000000000009,0.37000000476837158,0.39999999999999997,0.14000000059604645,0.050000000000000003,0.05000000074505806,0,0,False,3,2
1553,2022-10-01,SOM,2964,1,2,0.30000000000000004,0.41999998688697815,0.10000000000000001,0.11999999731779099,0,0.05000000074505806,0,0,False,2,2
1558,2022-01-01,SOM,2923,4,2,0.33999999999999997,0.44999998807907104,0.14999999999999999,0.30000001192092896,0.029999999999999999,0.05000000074505806,0,0,False,2,3
1558,2022-05-01,SOM,2924,4,3,0.57999999999999996,0.50999999046325684,0.32999999999999996,0.27000001072883606,0.089999999999999997,0.059999998658895493,0,0,False,3,3
1558,2022-07-01,SOM,2925,4,4,0.69999999999999996,0.49000000953674316,0.5,0.33000001311302185,0.20000000000000001,0.079999998211860657,0,0,False,4,3
1558,2022-10-01,SOM,2926,4,3,0.65000000000000002,0.49000000953674316,0.44999999999999996,0.34999999403953552,0.14999999999999999,0.079999998211860657,0,0,False,3,3
1559,2022-01-01,SOM,2987,0,2,0.33999999999999997,0.4699999988079071,0.14999999999999999,0.2199999988079071,0.029999999999999999,0.05000000074505806,0,0,False,2,3
1559,2022-05-01,SOM,2988,0,3,0.57999999999999996,0.46000000834465027,0.32999999999999996,0.23000000417232513,0.089999999999999997,0.05000000074505806,0,0,False,3,3
1559,2022-07-01,SOM,2989,0,4,0.69999999999999996,0.4699999988079071,0.5,0.23999999463558197,0.20000000000000001,0.070000000298023224,0,0,False,4,3
1559,2022-10-01,SOM,2990,0,3,0.65000000000000002,0.44999998807907104,0.44999999999999996,0.23999999463558197,0.14999999999999999,0.070000000298023224,0,0,False,3,3
1561,2022-01-01,SOM,3007,3,2,0.29000000000000004,0.37000000476837158,0.099999999999999992,0.20999999344348907,0.01,0.039999999105930328,0,0,False,2,3
1561,2022-05-01,SOM,3008,3,3,0.54999999999999993,0.43999999761581421,0.31,0.20999999344348907,0.080000000000000002,0.05000000074505806,0,0,False,3,3
1561,2022-07-01,SOM,3009,3,3,0.60000000000000009,0.44999998807907104,0.39999999999999997,0.17000000178813934,0.050000000000000003,0.05000000074505806,0,0,False,3,2
1561,2022-10-01,SOM,3010,3,2,0.30000000000000004,0.41999998688697815,0.10000000000000001,0.2199999988079071,0,0.05000000074505806,0,0,False,2,3
1562,2022-05-01,SOM,3011,3,3,0.57999999999999996,0.57999998331069946,0.32999999999999996,0.2199999988079071,0.089999999999999997,0.05000000074505806,0,0,False,3,3
1562,2022-07-01,SOM,3012,3,3,0.45000000000000001,0.56000000238418579,0.25,0.2800000011920929,0.050000000000000003,0.070000000298023224,0,0,False,3,3
1562,2022-10-01,SOM,3013,3,3,0.45000000000000001,0.49000000953674316,0.25,0.31000000238418579,0.050000000000000003,0.059999998658895493,0,0,False,3,3
1563,2022-07-01,SOM,2990,2,3,0.45000000000000001,0.4699999988079071,0.25,0.2800000011920929,0.050000000000000003,0.070000000298023224,0,0,False,3,3
1563,2022-10-01,SOM,2991,2,3,0.45000000000000001,0.37000000476837158,0.25,0.34000000357627869,0.050000000000000003,0.070000000298023224,0,0,False,3,3
1566,2022-01-01,SOM,3025,3,2,0.29000000000000004,0.44999998807907104,0.099999999999999992,0.20999999344348907,0.01,0.039999999105930328,0,0,False,2,3
1566,2022-05-01,SOM,3026,3,3,0.54999999999999993,0.5,0.31,0.2199999988079071,0.080000000000000002,0.05000000074505806,0,0,False,3,3
1566,2022-07-01,SOM,3027,3,3,0.65000000000000002,0.46000000834465027,0.44999999999999996,0.18000000715255737,0.10000000000000001,0.05000000074505806,0,0,False,3,2
1566,2022-10-01,SOM,3028,3,3,0.65000000000000002,0.46000000834465027,0.44999999999999996,0.23000000417232513,0.10000000000000001,0.05000000074505806,0,0,False,3,3
1567,2022-01-01,YEM,3020,1,3,0.82000000000000006,0.54000002145767212,0.55000000000000004,0.2800000011920929,0.17999999999999999,0.090000003576278687,0,0,False,3,3
1568,2022-01-01,YEM,3007,2,3,0.82000000000000006,0.55000001192092896,0.55000000000000004,0.28999999165534973,0.17999999999999999,0.090000003576278687,0,0,False,3,3
1569,2022-05-01,SOM,3031,3,3,0.54999999999999993,0.56000000238418579,0.31,0.20999999344348907,0.080000000000000002,0.039999999105930328,0,0,False,3,3
1569,2022-10-01,SOM,3032,3,3,0.45000000000000001,0.5,0.25,0.23999999463558197,0.050000000000000003,0.059999998658895493,0,0,False,3,3
1570,2022-05-01,SOM,3015,2,3,0.54999999999999993,0.49000000953674316,0.31,0.25999999046325684,0.080000000000000002,0.039999999105930328,0,0,False,3,3
1570,2022-10-01,SOM,3016,2,3,0.45000000000000001,0.43000000715255737,0.25,0.33000001311302185,0.050000000000000003,0.070000000298023224,0,0,False,3,3
1571,2022-01-01,SOM,3035,1,2,0.27000000000000002,0.43999999761581421,0.089999999999999997,0.17000000178813934,0.01,0.05000000074505806,0,0,False,2,2
1571,2022-05-01,SOM,3036,1,3,0.46000000000000008,0.43999999761581421,0.23000000000000001,0.15999999642372131,0.029999999999999999,0.05000000074505806,0,0,False,3,2
1571,2022-07-01,SOM,3037,1,3,0.65000000000000002,0.43000000715255737,0.44999999999999996,0.18999999761581421,0.10000000000000001,0.05000000074505806,0,0,False,3,2
1571,2022-10-01,SOM,3038,1,3,0.65000000000000002,0.43999999761581421,0.44999999999999996,0.17000000178813934,0.10000000000000001,0.059999998658895493,0,0,False,3,2
1573,2022-01-01,YEM,2998,4,3,0.82000000000000006,0.54000002145767212,0.55000000000000004,0.31999999284744263,0.17999999999999999,0.10000000149011612,0,0,False,3,3
1574,2022-01-01,SOM,3055,0,2,0.33000000000000002,0.4699999988079071,0.13999999999999999,0.20999999344348907,0.02,0.070000000298023224,0,0,False,2,3
1574,2022-10-01,SOM,3056,0,3,0.75000000000000011,0.56999999284744263,0.55000000000000004,0.23000000417232513,0.14999999999999999,0.070000000298023224,0,0,False,3,3
1575,2022-01-01,SOM,3047,1,2,0.33000000000000002,0.5,0.13999999999999999,0.25,0.02,0.070000000298023224,0,0,False,2,3
1575,2022-10-01,SOM,3048,1,3,0.75000000000000011,0.54000002145767212,0.55000000000000004,0.31999999284744263,0.14999999999999999,0.070000000298023224,0,0,False,3,3
1576,2022-01-01,YEM,3038,2,3,0.82000000000000006,0.56999999284744263,0.55000000000000004,0.28999999165534973,0.17999999999999999,0.090000003576278687,0,0,False,3,3
1578,2022-01-01,SOM,3067,0,2,0.33999999999999997,0.54000002145767212,0.14999999999999999,0.23999999463558197,0.029999999999999999,0.05000000074505806,0,0,False,2,3
1578,2022-05-01,SOM,3068,0,3,0.57999999999999996,0.51999998092651367,0.32999999999999996,0.2199999988079071,0.089999999999999997,0.05000000074505806,0,0,False,3,3
1578,2022-07-01,SOM,3069,0,3,0.70000000000000007,0.51999998092651367,0.5,0.25999999046325684,0.10000000000000001,0.070000000298023224,0,0,False,3,3
1578,2022-10-01,SOM,3070,0,3,0.70000000000000007,0.5,0.5,0.28999999165534973,0.10000000000000001,0.059999998658895493,0,0,False,3,3
1580,2022-04-01,MDG,3075,3,3,0.85000000000000009,0.60000002384185791,0.45000000000000001,0.31999999284744263,0.050000000000000003,0.059999998658895493,0,0,False,3,3
1580,2022-11-01,MDG,3076,3,3,0.90000000000000013,0.55000001192092896,0.5,0.28999999165534973,0.050000000000000003,0.05000000074505806,0,0,False,3,3
1581,2022-04-01,MDG,3077,3,3,0.85000000000000009,0.61000001430511475,0.45000000000000001,0.34000000357627869,0.050000000000000003,0.059999998658895493,0,0,False,3,3
1581,2022-11-01,MDG,3078,3,3,0.90000000000000013,0.56000000238418579,0.5,0.30000001192092896,0.050000000000000003,0.05000000074505806,0,0,False,3,3
1582,2022-04-01,MDG,3074,0,3,0.85000000000000009,0.75999999046325684,0.45000000000000001,0.2800000011920929,0.050000000000000003,0.070000000298023224,0,0,False,3,3
1582,2022-11-01,MDG,3075,0,3,0.90000000000000013,0.56999999284744263,0.5,0.25,0.050000000000000003,0.059999998658895493,0,0,False,3,3
1584,2022-01-01,YEM,3084,3,3,0.82000000000000006,0.56000000238418579,0.55000000000000004,0.2800000011920929,0.17999999999999999,0.10000000149011612,0,0,False,3,3
1586,2022-01-01,YEM,3084,0,3,0.82000000000000006,0.61000001430511475,0.55000000000000004,0.34000000357627869,0.17999999999999999,0.10000000149011612,0,0,False,3,3
1588,2022-05-01,SOM,3086,0,3,0.54999999999999993,0.41999998688697815,0.31,0.18000000715255737,0.080000000000000002,0.039999999105930328,0,0,False,3,2
1589,2022-01-01,SOM,3096,3,2,0.27000000000000002,0.37999999523162842,0.089999999999999997,0.15999999642372131,0.01,0.039999999105930328,0,0,False,2,2
1590,2022-04-01,MDG,3087,0,2,0.70000000000000007,0.61000001430511475,0.14999999999999999,0.36000001430511475,0,0.070000000298023224,0,0,False,2,3
1591,2022-04-01,MDG,3100,3,2,0.70000000000000007,0.60000002384185791,0.14999999999999999,0.34999999403953552,0,0.059999998658895493,0,0,False,2,3
1592,2022-01-01,YEM,3049,4,3,0.82000000000000006,0.62000000476837158,0.55000000000000004,0.33000001311302185,0.17999999999999999,0.10000000149011612,0,0,False,3,3
1594,2022-01-01,YEM,3094,1,3,0.82000000000000006,0.5899999737739563,0.55000000000000004,0.2800000011920929,0.17999999999999999,0.090000003576278687,0,0,False,3,3
1595,2022-01-01,SOM,3053,4,2,0.29000000000000004,0.34000000357627869,0.099999999999999992,0.2199999988079071,0.01,0.039999999105930328,0,0,False,2,3
1595,2022-05-01,SOM,3054,4,3,0.54999999999999993,0.41999998688697815,0.31,0.20000000298023224,0.080000000000000002,0.05000000074505806,0,0,False,3,3
1595,2022-07-01,SOM,3055,4,3,0.59999999999999998,0.31999999284744263,0.40000000000000002,0.2199999988079071,0.10000000000000001,0.059999998658895493,0,0,False,3,3
1595,2022-10-01,SOM,3056,4,3,0.59999999999999998,0.37999999523162842,0.40000000000000002,0.2800000011920929,0.10000000000000001,0.05000000074505806,0,0,False,3,3
1596,2022-01-01,SOM,3103,1,2,0.29000000000000004,0.46000000834465027,0.099999999999999992,0.2199999988079071,0.01,0.070000000298023224,0,0,False,2,3
1596,2022-05-01,SOM,3104,1,3,0.54999999999999993,0.4699999988079071,0.31,0.18999999761581421,0.080000000000000002,0.070000000298023224,0,0,False,3,2
1596,2022-07-01,SOM,3105,1,3,0.59999999999999998,0.37999999523162842,0.40000000000000002,0.2199999988079071,0.10000000000000001,0.059999998658895493,0,0,False,3,3
1596,2022-10-01,SOM,3106,1,3,0.59999999999999998,0.4699999988079071,0.40000000000000002,0.23999999463558197,0.10000000000000001,0.090000003576278687,0,0,False,3,3
1600,2022-01-01,SOM,3100,2,3,0.43000000000000005,0.49000000953674316,0.22,0.31999999284744263,0.02,0.05000000074505806,0,0,False,3,3
1600,2022-05-01,SOM,3101,2,3,0.60999999999999999,0.50999999046325684,0.37,0.33000001311302185,0.080000000000000002,0.059999998658895493,0,0,False,3,3
1600,2022-07-01,SOM,3102,2,3,0.70000000000000007,0.55000001192092896,0.5,0.30000001192092896,0.10000000000000001,0.070000000298023224,0,0,False,3,3
1600,2022-10-01,SOM,3103,2,3,0.65000000000000002,0.50999999046325684,0.44999999999999996,0.31999999284744263,0.10000000000000001,0.059999998658895493,0,0,False,3,3
1603,2022-01-01,YEM,3115,1,3,0.82000000000000006,0.56000000238418579,0.55000000000000004,0.27000001072883606,0.17999999999999999,0.090000003576278687,0,0,False,3,3
1604,2022-07-01,SOM,3132,3,3,0.70000000000000007,0.52999997138977051,0.5,0.2800000011920929,0.10000000000000001,0.070000000298023224,0,0,False,3,3
1605,2022-07-01,SOM,3122,0,3,0.59999999999999998,0.43999999761581421,0.40000000000000002,0.18000000715255737,0.10000000000000001,0.059999998658895493,0,0,False,3,2
1605,2022-10-01,SOM,3123,0,3,0.59999999999999998,0.50999999046325684,0.40000000000000002,0.20000000298023224,0.10000000000000001,0.059999998658895493,0,0,False,3,3
1608,2022-01-01,SOM,3142,3,3,0.43000000000000005,0.50999999046325684,0.22,0.2199999988079071,0.02,0.059999998658895493,0,0,False,3,3
1608,2022-05-01,SOM,3143,3,3,0.60999999999999999,0.56000000238418579,0.37,0.25,0.080000000000000002,0.059999998658895493,0,0,False,3,3
1608,2022-07-01,SOM,3144,3,3,0.70000000000000007,0.54000002145767212,0.5,0.2800000011920929,0.10000000000000001,0.070000000298023224,0,0,False,3,3
1608,2022-10-01,SOM,3145,3,3,0.65000000000000002,0.51999998092651367,0.44999999999999996,0.31000000238418579,0.10000000000000001,0.059999998658895493,0,0,False,3,3
1609,2022-07-01,SOM,3132,0,3,0.59999999999999998,0.43000000715255737,0.40000000000000002,0.15000000596046448,0.10000000000000001,0.059999998658895493,0,0,False,3,2
1609,2022-10-01,SOM,3133,0,3,0.59999999999999998,0.5,0.40000000000000002,0.17000000178813934,0.10000000000000001,0.059999998658895493,0,0,False,3,2
1622,2022-01-01,SOM,3156,0,3,0.37,0.46000000834465027,0.20999999999999999,0.23999999463558197,0.059999999999999998,0.070000000298023224,0,0,False,3,3
1622,2022-10-01,SOM,3157,0,3,0.75000000000000011,0.50999999046325684,0.55000000000000004,0.20000000298023224,0.14999999999999999,0.070000000298023224,0,0,False,3,3
1623,2022-01-01,SOM,3149,2,3,0.37,0.4699999988079071,0.20999999999999999,0.25999999046325684,0.059999999999999998,0.070000000298023224,0,0,False,3,3
1623,2022-10-01,SOM,3150,2,3,0.75000000000000011,0.51999998092651367,0.55000000000000004,0.27000001072883606,0.14999999999999999,0.079999998211860657,0,0,False,3,3
1624,2022-01-01,SOM,3160,0,3,0.43000000000000005,0.54000002145767212,0.22,0.23999999463558197,0.02,0.05000000074505806,0,0,False,3,3
1624,2022-05-01,SOM,3161,0,3,0.60999999999999999,0.50999999046325684,0.37,0.25,0.080000000000000002,0.05000000074505806,0,0,False,3,3
1624,2022-07-01,SOM,3162,0,3,0.75000000000000011,0.54000002145767212,0.55000000000000004,0.23000000417232513,0.15000000000000002,0.059999998658895493,0.050000000000000003,0,False,3,3
1624,2022-10-01,SOM,3163,0,3,0.70000000000000007,0.5,0.5,0.2199999988079071,0.14999999999999999,0.059999998658895493,0,0,False,3,3
1629,2022-01-01,SOM,3176,0,3,0.43000000000000005,0.50999999046325684,0.22,0.23000000417232513,0.02,0.05000000074505806,0,0,False,3,3
1629,2022-05-01,SOM,3177,0,3,0.60999999999999999,0.54000002145767212,0.37,0.23000000417232513,0.080000000000000002,0.05000000074505806,0,0,False,3,3
1629,2022-07-01,SOM,3178,0,4,0.80000000000000016,0.56000000238418579,0.60000000000000009,0.23999999463558197,0.20000000000000001,0.070000000298023224,0.050000000000000003,0,False,4,3
1629,2022-10-01,SOM,3179,0,3,0.75000000000000011,0.50999999046325684,0.55000000000000004,0.23000000417232513,0.15000000000000002,0.059999998658895493,0.050000000000000003,0,False,3,3
1633,2022-01-01,YEM,3179,2,3,0.82000000000000006,0.5899999737739563,0.55000000000000004,0.28999999165534973,0.17999999999999999,0.090000003576278687,0,0,False,3,3
1635,2022-07-01,SOM,3186,0,4,0.80000000000000016,0.49000000953674316,0.60000000000000009,0.2199999988079071,0.20000000000000001,0.059999998658895493,0.050000000000000003,0,False,4,3
1638,2022-01-01,SOM,3190,0,3,0.43000000000000005,0.54000002145767212,0.22,0.27000001072883606,0.02,0.05000000074505806,0,0,False,3,3
1638,2022-05-01,SOM,3191,0,3,0.60999999999999999,0.4699999988079071,0.37,0.2199999988079071,0.080000000000000002,0.059999998658895493,0,0,False,3,3
1640,2022-01-01,SOM,3196,0,3,0.43000000000000005,0.54000002145767212,0.22,0.23000000417232513,0.02,0.05000000074505806,0,0,False,3,3
1640,2022-05-01,SOM,3197,0,3,0.60999999999999999,0.55000001192092896,0.37,0.23000000417232513,0.080000000000000002,0.05000000074505806,0,0,False,3,3
1640,2022-10-01,SOM,3198,0,3,0.75000000000000011,0.55000001192092896,0.55000000000000004,0.25,0.15000000000000002,0.05000000074505806,0.050000000000000003,0,False,3,3
1646,2022-01-01,SOM,3199,0,3,0.43000000000000005,0.50999999046325684,0.22,0.27000001072883606,0.02,0.05000000074505806,0,0,False,3,3
1646,2022-05-01,SOM,3200,0,3,0.60999999999999999,0.47999998927116394,0.37,0.25,0.080000000000000002,0.059999998658895493,0,0,False,3,3
1648,2022-01-01,YEM,3218,1,3,0.82000000000000006,0.56999999284744263,0.55000000000000004,0.28999999165534973,0.17999999999999999,0.090000003576278687,0,0,False,3,3
1650,2022-05-01,SOM,3207,2,3,0.76000000000000001,0.55000001192092896,0.43000000000000005,0.31999999284744263,0.10000000000000001,0.079999998211860657,0,0,False,3,3
1650,2022-07-01,SOM,3208,2,3,0.70000000000000007,0.5899999737739563,0.5,0.34000000357627869,0.10000000000000001,0.079999998211860657,0,0,False,3,3
1650,2022-10-01,SOM,3209,2,3,0.70000000000000007,0.56999999284744263,0.5,0.31999999284744263,0.10000000000000001,0.079999998211860657,0,0,False,3,3
1652,2022-01-01,SOM,3242,3,3,0.54000000000000004,0.56000000238418579,0.22,0.23999999463558197,0.02,0.059999998658895493,0,0,False,3,3
1659,2022-08-01,MDG,3218,2,3,0.75,0.55000001192092896,0.34999999999999998,0.18999999761581421,0.050000000000000003,0.059999998658895493,0,0,False,3,2
1660,2022-08-01,MDG,3217,0,3,0.75,0.51999998092651367,0.34999999999999998,0.25,0.050000000000000003,0.05000000074505806,0,0,False,3,3
1663,2022-01-01,SOM,3193,4,3,0.37,0.56000000238418579,0.20999999999999999,0.25999999046325684,0.059999999999999998,0.059999998658895493,0,0,False,3,3
1663,2022-05-01,SOM,3194,4,3,0.65000000000000002,0.56000000238418579,0.41999999999999998,0.2800000011920929,0.11,0.070000000298023224,0,0,False,3,3
1663,2022-07-01,SOM,3195,4,3,0.55000000000000004,0.63999998569488525,0.34999999999999998,0.28999999165534973,0.10000000000000001,0.079999998211860657,0,0,False,3,3
1663,2022-10-01,SOM,3196,4,3,0.55000000000000004,0.51999998092651367,0.34999999999999998,0.31999999284744263,0.10000000000000001,0.079999998211860657,0,0,False,3,3
1664,2022-01-01,SOM,3227,0,3,0.37,0.50999999046325684,0.20999999999999999,0.27000001072883606,0.059999999999999998,0.070000000298023224,0,0,False,3,3
1664,2022-05-01,SOM,3228,0,3,0.65000000000000002,0.5,0.41999999999999998,0.23999999463558197,0.11,0.070000000298023224,0,0,False,3,3
1664,2022-07-01,SOM,3229,0,3,0.55000000000000004,0.57999998331069946,0.34999999999999998,0.25,0.10000000000000001,0.079999998211860657,0,0,False,3,3
1664,2022-10-01,SOM,3230,0,3,0.55000000000000004,0.56000000238418579,0.34999999999999998,0.23999999463558197,0.10000000000000001,0.070000000298023224,0,0,False,3,3
1665,2022-08-01,MDG,3204,4,2,0.75,0.49000000953674316,0.14999999999999999,0.2199999988079071,0,0.039999999105930328,0,0,False,2,3
1666,2022-08-01,MDG,3248,1,2,0.75,0.56000000238418579,0.14999999999999999,0.2199999988079071,0,0.059999998658895493,0,0,False,2,3
1667,2022-01-01,SOM,3233,0,3,0.37,0.47999998927116394,0.20999999999999999,0.27000001072883606,0.059999999999999998,0.070000000298023224,0,0,False,3,3
1667,2022-05-01,SOM,3234,0,3,0.65000000000000002,0.49000000953674316,0.41999999999999998,0.20999999344348907,0.11,0.070000000298023224,0,0,False,3,3
1667,2022-07-01,SOM,3235,0,3,0.55000000000000004,0.54000002145767212,0.34999999999999998,0.25999999046325684,0.10000000000000001,0.10000000149011612,0,0,False,3,3
1667,2022-10-01,SOM,3236,0,3,0.55000000000000004,0.52999997138977051,0.34999999999999998,0.25,0.10000000000000001,0.070000000298023224,0,0,False,3,3
1668,2022-08-01,MDG,3213,4,3,0.69999999999999996,0.55000001192092896,0.25,0.23000000417232513,0,0.039999999105930328,0,0,False,3,3
1669,2022-08-01,MDG,3238,0,3,0.69999999999999996,0.51999998092651367,0.25,0.25,0,0.05000000074505806,0,0,False,3,3
1670,2022-08-01,MDG,3277,3,3,0.69999999999999996,0.54000002145767212,0.25,0.23000000417232513,0,0.05000000074505806,0,0,False,3,3
1671,2022-01-01,SOM,3240,0,3,0.37,0.5,0.20999999999999999,0.2800000011920929,0.059999999999999998,0.070000000298023224,0,0,False,3,3
1671,2022-05-01,SOM,3241,0,3,0.65000000000000002,0.49000000953674316,0.41999999999999998,0.2199999988079071,0.11,0.070000000298023224,0,0,False,3,3
1671,2022-07-01,SOM,3242,0,3,0.55000000000000004,0.51999998092651367,0.34999999999999998,0.25999999046325684,0.10000000000000001,0.10000000149011612,0,0,False,3,3
1671,2022-10-01,SOM,3243,0,3,0.55000000000000004,0.54000002145767212,0.34999999999999998,0.23000000417232513,0.10000000000000001,0.070000000298023224,0,0,False,3,3
1672,2022-01-01,YEM,3266,1,3,0.82000000000000006,0.50999999046325684,0.55000000000000004,0.30000001192092896,0.17999999999999999,0.090000003576278687,0,0,False,3,3
1673,2022-10-01,SOM,3286,3,3,0.55000000000000004,0.55000001192092896,0.34999999999999998,0.31000000238418579,0.10000000000000001,0.059999998658895493,0,0,False,3,3
1674,2022-10-01,SOM,3261,2,3,0.55000000000000004,0.54000002145767212,0.34999999999999998,0.37000000476837158,0.10000000000000001,0.059999998658895493,0,0,False,3,3
1675,2022-01-01,SOM,3262,2,3,0.54000000000000004,0.50999999046325684,0.22,0.31999999284744263,0.02,0.070000000298023224,0,0,False,3,3
1675,2022-05-01,SOM,3263,2,3,0.76000000000000001,0.55000001192092896,0.43000000000000005,0.31999999284744263,0.10000000000000001,0.070000000298023224,0,0,False,3,3
1675,2022-07-01,SOM,3264,2,3,0.70000000000000007,0.62999999523162842,0.5,0.34999999403953552,0.10000000000000001,0.079999998211860657,0,0,False,3,3
1675,2022-10-01,SOM,3265,2,3,0.70000000000000007,0.54000002145767212,0.5,0.31999999284744263,0.10000000000000001,0.079999998211860657,0,0,False,3,3
1681,2022-10-01,SOM,3273,0,3,0.70000000000000007,0.52999997138977051,0.5,0.23000000417232513,0.10000000000000001,0.070000000298023224,0,0,False,3,3
1683,2022-10-01,SOM,3312,3,3,0.55000000000000004,0.56000000238418579,0.34999999999999998,0.33000001311302185,0.10000000000000001,0.059999998658895493,0,0,False,3,3
1686,2022-08-01,MDG,3282,0,3,0.75,0.51999998092651367,0.34999999999999998,0.23000000417232513,0.050000000000000003,0.05000000074505806,0,0,False,3,3
1687,2022-08-01,MDG,3306,1,3,0.75,0.57999998331069946,0.34999999999999998,0.20000000298023224,0.050000000000000003,0.059999998658895493,0,0,False,3,3
1691,2022-01-01,SOM,3309,1,3,0.54000000000000004,0.63999998569488525,0.22,0.31000000238418579,0.02,0.079999998211860657,0,0,False,3,3
1691,2022-05-01,SOM,3310,1,3,0.76000000000000001,0.55000001192092896,0.43000000000000005,0.27000001072883606,0.10000000000000001,0.079999998211860657,0,0,False,3,3
1691,2022-07-01,SOM,3311,1,3,0.70000000000000007,0.57999998331069946,0.5,0.2199999988079071,0.10000000000000001,0.090000003576278687,0,0,False,3,3
1691,2022-10-01,SOM,3312,1,3,0.70000000000000007,0.57999998331069946,0.5,0.2800000011920929,0.10000000000000001,0.090000003576278687,0,0,False,3,3
1692,2022-10-01,SOM,3292,0,3,0.55000000000000004,0.56000000238418579,0.34999999999999998,0.20000000298023224,0.10000000000000001,0.070000000298023224,0,0,False,3,3
1695,2022-01-01,SOM,3295,0,3,0.54000000000000004,0.54000002145767212,0.22,0.20999999344348907,0.02,0.059999998658895493,0,0,False,3,3
1695,2022-05-01,SOM,3296,0,3,0.76000000000000001,0.56000000238418579,0.43000000000000005,0.23999999463558197,0.10000000000000001,0.059999998658895493,0,0,False,3,3
1695,2022-07-01,SOM,3297,0,3,0.75000000000000011,0.56999999284744263,0.55000000000000004,0.23999999463558197,0.15000000000000002,0.079999998211860657,0.050000000000000003,0,False,3,3
1695,2022-10-01,SOM,3298,0,3,0.75000000000000011,0.5,0.55000000000000004,0.23000000417232513,0.15000000000000002,0.059999998658895493,0.050000000000000003,0,False,3,3
1696,2022-01-01,SOM,3327,1,3,0.54000000000000004,0.54000002145767212,0.22,0.25999999046325684,0.02,0.079999998211860657,0,0,False,3,3
1696,2022-05-01,SOM,3328,1,3,0.76000000000000001,0.54000002145767212,0.43000000000000005,0.30000001192092896,0.10000000000000001,0.079999998211860657,0,0,False,3,3
1696,2022-07-01,SOM,3329,1,3,0.75000000000000011,0.5899999737739563,0.55000000000000004,0.27000001072883606,0.15000000000000002,0.10000000149011612,0.050000000000000003,0,False,3,3
1696,2022-10-01,SOM,3330,1,3,0.75000000000000011,0.51999998092651367,0.55000000000000004,0.33000001311302185,0.15000000000000002,0.10000000149011612,0.050000000000000003,0,False,3,3
1698,2022-05-01,SOM,3331,1,3,0.76000000000000001,0.55000001192092896,0.43000000000000005,0.27000001072883606,0.10000000000000001,0.059999998658895493,0,0,False,3,3
1698,2022-10-01,SOM,3332,1,3,0.75000000000000011,0.55000001192092896,0.55000000000000004,0.25,0.15000000000000002,0.070000000298023224,0.050000000000000003,0,False,3,3
1702,2022-10-01,SOM,3321,2,3,0.70000000000000007,0.55000001192092896,0.5,0.31999999284744263,0.10000000000000001,0.079999998211860657,0,0,False,3,3
1712,2022-01-01,SOM,3342,1,3,0.47000000000000003,0.50999999046325684,0.20000000000000001,0.30000001192092896,0.050000000000000003,0.079999998211860657,0,0,False,3,3
1712,2022-05-01,SOM,3343,1,3,0.67999999999999994,0.46000000834465027,0.39000000000000001,0.2800000011920929,0.10000000000000001,0.079999998211860657,0,0,False,3,3
1712,2022-10-01,SOM,3344,1,3,0.55000000000000004,0.44999998807907104,0.34999999999999998,0.25999999046325684,0.10000000000000001,0.090000003576278687,0,0,False,3,3
1715,2022-01-01,SOM,3336,2,3,0.47000000000000003,0.4699999988079071,0.20000000000000001,0.31999999284744263,0.050000000000000003,0.070000000298023224,0,0,False,3,3
1715,2022-05-01,SOM,3337,2,3,0.67999999999999994,0.50999999046325684,0.39000000000000001,0.30000001192092896,0.10000000000000001,0.070000000298023224,0,0,False,3,3
1715,2022-10-01,SOM,3338,2,3,0.55000000000000004,0.49000000953674316,0.34999999999999998,0.33000001311302185,0.10000000000000001,0.079999998211860657,0,0,False,3,3
1718,2022-01-01,SOM,3335,0,3,0.47000000000000003,0.4699999988079071,0.20000000000000001,0.20999999344348907,0.050000000000000003,0.070000000298023224,0,0,False,3,3
1718,2022-05-01,SOM,3336,0,3,0.67999999999999994,0.51999998092651367,0.39000000000000001,0.20000000298023224,0.10000000000000001,0.070000000298023224,0,0,False,3,3
1718,2022-10-01,SOM,3337,0,3,0.70000000000000007,0.49000000953674316,0.5,0.23999999463558197,0.10000000000000001,0.070000000298023224,0,0,False,3,3
1719,2022-01-01,SOM,3345,2,3,0.47000000000000003,0.47999998927116394,0.20000000000000001,0.30000001192092896,0.050000000000000003,0.070000000298023224,0,0,False,3,3
1719,2022-05-01,SOM,3346,2,3,0.67999999999999994,0.49000000953674316,0.39000000000000001,0.2800000011920929,0.10000000000000001,0.070000000298023224,0,0,False,3,3
1719,2022-10-01,SOM,3347,2,3,0.70000000000000007,0.40000000596046448,0.5,0.31000000238418579,0.10000000000000001,0.070000000298023224,0,0,False,3,3
1721,2022-10-01,SOM,3337,4,3,0.59999999999999998,0.5,0.40000000000000002,0.25999999046325684,0.10000000000000001,0.10000000149011612,0,0,False,3,3
1727,2022-01-01,SOM,3351,0,2,0.32000000000000001,0.50999999046325684,0.14000000000000001,0.2800000011920929,0.040000000000000001,0.070000000298023224,0,0,False,2,3
1727,2022-05-01,SOM,3352,0,3,0.47000000000000003,0.50999999046325684,0.23999999999999999,0.23000000417232513,0.059999999999999998,0.070000000298023224,0,0,False,3,3
1727,2022-07-01,SOM,3353,0,3,0.5,0.52999997138977051,0.29999999999999999,0.23999999463558197,0.050000000000000003,0.090000003576278687,0,0,False,3,3
1727,2022-10-01,SOM,3354,0,3,0.5,0.51999998092651367,0.29999999999999999,0.23000000417232513,0.050000000000000003,0.070000000298023224,0,0,False,3,3
1728,2022-01-01,SOM,3363,2,2,0.32000000000000001,0.47999998927116394,0.14000000000000001,0.31000000238418579,0.040000000000000001,0.070000000298023224,0,0,False,2,3
1728,2022-05-01,SOM,3364,2,3,0.47000000000000003,0.52999997138977051,0.23999999999999999,0.2800000011920929,0.059999999999999998,0.059999998658895493,0,0,False,3,3
1728,2022-07-01,SOM,3365,2,3,0.5,0.51999998092651367,0.29999999999999999,0.28999999165534973,0.050000000000000003,0.059999998658895493,0,0,False,3,3
1728,2022-10-01,SOM,3366,2,3,0.5,0.49000000953674316,0.29999999999999999,0.34000000357627869,0.050000000000000003,0.059999998658895493,0,0,False,3,3
1729,2022-01-01,SOM,3410,3,2,0.32000000000000001,0.44999998807907104,0.14000000000000001,0.23000000417232513,0.040000000000000001,0.059999998658895493,0,0,False,2,3
1729,2022-10-01,SOM,3411,3,3,0.55000000000000004,0.55000001192092896,0.34999999999999998,0.30000001192092896,0.10000000000000001,0.059999998658895493,0,0,False,3,3
1730,2022-01-01,SOM,3364,0,2,0.32000000000000001,0.50999999046325684,0.14000000000000001,0.25,0.040000000000000001,0.070000000298023224,0,0,False,2,3
1730,2022-10-01,SOM,3365,0,3,0.55000000000000004,0.56000000238418579,0.34999999999999998,0.20999999344348907,0.10000000000000001,0.070000000298023224,0,0,False,3,3
1736,2022-01-01,SOM,3414,3,2,0.32000000000000001,0.54000002145767212,0.14000000000000001,0.25999999046325684,0.040000000000000001,0.059999998658895493,0,0,False,2,3
1736,2022-05-01,SOM,3415,3,3,0.47000000000000003,0.54000002145767212,0.23999999999999999,0.27000001072883606,0.059999999999999998,0.059999998658895493,0,0,False,3,3
1736,2022-07-01,SOM,3416,3,3,0.55000000000000004,0.56999999284744263,0.34999999999999998,0.33000001311302185,0.10000000000000001,0.070000000298023224,0,0,False,3,3
1736,2022-10-01,SOM,3417,3,3,0.55000000000000004,0.52999997138977051,0.34999999999999998,0.28999999165534973,0.10000000000000001,0.059999998658895493,0,0,False,3,3
1737,2022-01-01,SOM,3366,4,2,0.32000000000000001,0.51999998092651367,0.14000000000000001,0.25999999046325684,0.040000000000000001,0.070000000298023224,0,0,False,2,3
1737,2022-05-01,SOM,3367,4,3,0.47000000000000003,0.52999997138977051,0.23999999999999999,0.23999999463558197,0.059999999999999998,0.079999998211860657,0,0,False,3,3
1737,2022-07-01,SOM,3368,4,3,0.55000000000000004,0.54000002145767212,0.34999999999999998,0.2199999988079071,0.10000000000000001,0.079999998211860657,0,0,False,3,3
1737,2022-10-01,SOM,3369,4,3,0.55000000000000004,0.5,0.34999999999999998,0.27000001072883606,0.10000000000000001,0.090000003576278687,0,0,False,3,3
1738,2022-01-01,SOM,3370,4,2,0.32000000000000001,0.5,0.14000000000000001,0.25999999046325684,0.040000000000000001,0.059999998658895493,0,0,False,2,3
1738,2022-07-01,SOM,3371,4,3,0.5,0.54000002145767212,0.29999999999999999,0.25,0.050000000000000003,0.070000000298023224,0,0,False,3,3
1739,2022-01-01,SOM,3429,3,2,0.32000000000000001,0.52999997138977051,0.14000000000000001,0.25999999046325684,0.040000000000000001,0.059999998658895493,0,0,False,2,3
1739,2022-07-01,SOM,3430,3,3,0.5,0.54000002145767212,0.29999999999999999,0.33000001311302185,0.050000000000000003,0.070000000298023224,0,0,False,3,3
1740,2022-05-01,SOM,3431,3,3,0.47000000000000003,0.54000002145767212,0.23999999999999999,0.2800000011920929,0.059999999999999998,0.059999998658895493,0,0,False,3,3
1743,2022-05-01,SOM,3432,3,3,0.47000000000000003,0.56000000238418579,0.23999999999999999,0.27000001072883606,0.059999999999999998,0.059999998658895493,0,0,False,3,3
1756,2022-03-01,AFG,3443,3,3,0.79999999999999993,0.67000001668930054,0.44999999999999996,0.40000000596046448,0.14999999999999999,0.12999999523162842,0,0,False,3,3
1756,2022-09-01,AFG,3444,3,3,0.79999999999999993,0.69999998807907104,0.44999999999999996,0.37999999523162842,0.10000000000000001,0.12999999523162842,0,0,False,3,3
1757,2022-03-01,AFG,3445,3,3,0.84999999999999998,0.64999997615814209,0.44999999999999996,0.36000001430511475,0.14999999999999999,0.10999999940395355,0,0,False,3,3
1757,2022-09-01,AFG,3446,3,3,0.69999999999999996,0.67000001668930054,0.34999999999999998,0.37000000476837158,0.050000000000000003,0.10999999940395355,0,0,False,3,3
1758,2022-03-01,AFG,3406,4,3,0.69999999999999996,0.67000001668930054,0.34999999999999998,0.37999999523162842,0.10000000000000001,0.10000000149011612,0,0,False,3,3
1758,2022-09-01,AFG,3407,4,3,0.75,0.68000000715255737,0.34999999999999998,0.37999999523162842,0.050000000000000003,0.10999999940395355,0,0,False,3,3
1759,2022-03-01,AFG,3408,4,4,0.84999999999999987,0.72000002861022949,0.5,0.38999998569488525,0.20000000000000001,0.10000000149011612,0,0,False,4,3
1760,2022-07-01,PAK,3460,3,3,0.65000000000000013,0.70999997854232788,0.25,0.34999999403953552,0.050000000000000003,0.10000000149011612,0,0,False,3,3
1762,2022-03-01,AFG,3440,2,4,0.84999999999999987,0.73000001907348633,0.55000000000000004,0.37000000476837158,0.20000000000000001,0.090000003576278687,0,0,False,4,3
1762,2022-09-01,AFG,3441,2,3,0.84999999999999998,0.75999999046325684,0.5,0.40999999642372131,0.14999999999999999,0.10999999940395355,0,0,False,3,3
1763,2022-03-01,AFG,3419,4,3,0.79999999999999993,0.69999998807907104,0.5,0.41999998688697815,0.14999999999999999,0.10999999940395355,0,0,False,3,3
1763,2022-09-01,AFG,3420,4,3,0.79999999999999993,0.69999998807907104,0.34999999999999998,0.40000000596046448,0.10000000000000001,0.10999999940395355,0,0,False,3,3
1766,2022-03-01,AFG,3424,4,3,0.79999999999999993,0.74000000953674316,0.44999999999999996,0.40999999642372131,0.14999999999999999,0.10999999940395355,0,0,False,3,3
1766,2022-09-01,AFG,3425,4,3,0.79999999999999993,0.76999998092651367,0.40000000000000002,0.41999998688697815,0.10000000000000001,0.10999999940395355,0,0,False,3,3
1767,2022-03-01,AFG,3483,3,3,0.79999999999999993,0.73000001907348633,0.44999999999999996,0.36000001430511475,0.14999999999999999,0.10000000149011612,0,0,False,3,3
1767,2022-09-01,AFG,3484,3,3,0.75,0.79000002145767212,0.44999999999999996,0.38999998569488525,0.14999999999999999,0.090000003576278687,0,0,False,3,3
1768,2022-03-01,AFG,3485,3,4,0.89999999999999991,0.63999998569488525,0.55000000000000004,0.31999999284744263,0.20000000000000001,0.090000003576278687,0,0,False,4,3
1768,2022-09-01,AFG,3486,3,3,0.79999999999999993,0.68999999761581421,0.44999999999999996,0.33000001311302185,0.14999999999999999,0.090000003576278687,0,0,False,3,3
1769,2022-03-01,AFG,3495,1,4,0.84999999999999998,0.70999997854232788,0.5,0.31999999284744263,0.25,0.090000003576278687,0.02,0,False,4,3
1769,2022-09-01,AFG,3496,1,4,0.80000000000000004,0.70999997854232788,0.55000000000000004,0.31999999284744263,0.20000000000000001,0.10000000149011612,0,0,False,4,3
1770,2022-07-01,PAK,3445,4,3,0.60000000000000009,0.68999999761581421,0.29999999999999999,0.40000000596046448,0.050000000000000003,0.11999999731779099,0,0,False,3,3
1771,2022-07-01,PAK,3446,4,3,0.60000000000000009,0.70999997854232788,0.25,0.40000000596046448,0.050000000000000003,0.11999999731779099,0,0,False,3,3
1772,2022-03-01,AFG,3482,0,3,0.79999999999999993,0.73000001907348633,0.5,0.31999999284744263,0.14999999999999999,0.10000000149011612,0,0,False,3,3
1772,2022-07-01,AFG,3483,0,3,0.65000000000000002,0.76999998092651367,0.30000000000000004,0.38999998569488525,0.10000000000000001,0.090000003576278687,0,0,False,3,3
1772,2022-09-01,AFG,3484,0,3,0.79999999999999993,0.76999998092651367,0.40000000000000002,0.40999999642372131,0.10000000000000001,0.10000000149011612,0,0,False,3,3
1773,2022-03-01,AFG,3485,0,4,0.80000000000000004,0.75,0.45000000000000001,0.36000001430511475,0.20000000000000001,0.10000000149011612,0,0,False,4,3
1773,2022-07-01,AFG,3486,0,3,0.65000000000000002,0.79000002145767212,0.30000000000000004,0.40999999642372131,0.10000000000000001,0.090000003576278687,0,0,False,3,3
1773,2022-09-01,AFG,3487,0,3,0.75,0.80000001192092896,0.34999999999999998,0.40999999642372131,0.10000000000000001,0.10000000149011612,0,0,False,3,3
1774,2022-03-01,AFG,3499,2,4,0.84999999999999987,0.75999999046325684,0.5,0.33000001311302185,0.20000000000000001,0.10999999940395355,0,0,False,4,3
1774,2022-09-01,AFG,3500,2,3,0.69999999999999996,0.77999997138977051,0.34999999999999998,0.34999999403953552,0.10000000000000001,0.10999999940395355,0,0,False,3,3
1776,2022-03-01,AFG,3526,3,4,0.85000000000000009,0.62999999523162842,0.45000000000000001,0.31000000238418579,0.20000000000000001,0.090000003576278687,0,0,False,4,3
1776,2022-09-01,AFG,3527,3,3,0.70000000000000007,0.70999997854232788,0.40000000000000002,0.28999999165534973,0.14999999999999999,0.090000003576278687,0,0,False,3,3
1777,2022-03-01,AFG,3480,4,4,0.85000000000000009,0.64999997615814209,0.45000000000000001,0.34999999403953552,0.20000000000000001,0.090000003576278687,0,0,False,4,3
1777,2022-09-01,AFG,3481,4,3,0.79999999999999993,0.68999999761581421,0.44999999999999996,0.34000000357627869,0.14999999999999999,0.090000003576278687,0,0,False,3,3
1778,2022-03-01,AFG,3534,3,3,0.84999999999999998,0.68999999761581421,0.44999999999999996,0.38999998569488525,0.14999999999999999,0.10999999940395355,0,0,False,3,3
1779,2022-03-01,AFG,3488,4,4,0.84999999999999987,0.68000000715255737,0.55000000000000004,0.36000001430511475,0.20000000000000001,0.079999998211860657,0,0,False,4,3
1781,2022-07-01,PAK,3531,2,3,0.65000000000000002,0.77999997138977051,0.30000000000000004,0.33000001311302185,0.10000000000000001,0.079999998211860657,0,0,False,3,3
1782,2022-03-01,AFG,3549,3,4,0.84999999999999987,0.62000000476837158,0.55000000000000004,0.31000000238418579,0.20000000000000001,0.079999998211860657,0,0,False,4,3
1782,2022-09-01,AFG,3550,3,3,0.74999999999999989,0.62999999523162842,0.40000000000000002,0.30000001192092896,0.10000000000000001,0.079999998211860657,0,0,False,3,3
1783,2022-03-01,AFG,3551,3,3,0.90000000000000002,0.64999997615814209,0.5,0.28999999165534973,0.14999999999999999,0.079999998211860657,0,0,False,3,3
1783,2022-09-01,AFG,3552,3,3,0.79999999999999993,0.63999998569488525,0.44999999999999996,0.27000001072883606,0.14999999999999999,0.079999998211860657,0,0,False,3,3
1784,2022-07-01,PAK,3553,3,3,0.75,0.73000001907348633,0.40000000000000002,0.33000001311302185,0.14999999999999999,0.090000003576278687,0,0,False,3,3
1785,2022-03-01,AFG,3554,3,3,0.79999999999999993,0.70999997854232788,0.5,0.40000000596046448,0.14999999999999999,0.10999999940395355,0,0,False,3,3
1785,2022-07-01,AFG,3555,3,3,0.65000000000000002,0.74000000953674316,0.30000000000000004,0.38999998569488525,0.10000000000000001,0.10000000149011612,0,0,False,3,3
1785,2022-09-01,AFG,3556,3,3,0.75,0.73000001907348633,0.44999999999999996,0.37000000476837158,0.14999999999999999,0.10999999940395355,0,0,False,3,3
1786,2022-09-01,AFG,3557,3,3,0.90000000000000002,0.73000001907348633,0.39999999999999997,0.31000000238418579,0.050000000000000003,0.090000003576278687,0,0,False,3,3
1787,2022-07-01,PAK,3558,3,3,0.59999999999999998,0.67000001668930054,0.30000000000000004,0.36000001430511475,0.10000000000000001,0.079999998211860657,0,0,False,3,3
1788,2022-07-01,PAK,3554,0,2,0.65000000000000002,0.73000001907348633,0.15000000000000002,0.36000001430511475,0.050000000000000003,0.079999998211860657,0,0,False,2,3
1789,2022-09-01,AFG,3557,2,3,0.75,0.75,0.40000000000000002,0.40999999642372131,0.14999999999999999,0.10000000149011612,0,0,False,3,3
1791,2022-03-01,AFG,3564,0,3,0.79999999999999993,0.75999999046325684,0.40000000000000002,0.41999998688697815,0.10000000000000001,0.10999999940395355,0,0,False,3,3
1791,2022-09-01,AFG,3565,0,3,0.65000000000000013,0.76999998092651367,0.25,0.41999998688697815,0.050000000000000003,0.10999999940395355,0,0,False,3,3
1792,2022-07-01,PAK,3566,0,3,0.59999999999999998,0.73000001907348633,0.30000000000000004,0.34000000357627869,0.10000000000000001,0.090000003576278687,0,0,False,3,3
1793,2022-03-01,AFG,3568,2,4,0.84999999999999987,0.68000000715255737,0.5,0.34000000357627869,0.20000000000000001,0.090000003576278687,0,0,False,4,3
1793,2022-09-01,AFG,3569,2,3,0.80000000000000004,0.77999997138977051,0.39999999999999997,0.40999999642372131,0.050000000000000003,0.10000000149011612,0,0,False,3,3
1794,2022-07-01,PAK,3570,2,2,0.5,0.73000001907348633,0.14999999999999999,0.36000001430511475,0,0.090000003576278687,0,0,False,2,3
1795,2022-03-01,AFG,3571,2,3,0.75000000000000011,0.64999997615814209,0.34999999999999998,0.34000000357627869,0.14999999999999999,0.090000003576278687,0,0,False,3,3
1796,2022-03-01,AFG,3614,1,3,0.80000000000000004,0.72000002861022949,0.40000000000000002,0.37999999523162842,0.14999999999999999,0.090000003576278687,0,0,False,3,3
1797,2022-03-01,AFG,3557,4,3,0.80000000000000004,0.73000001907348633,0.40000000000000002,0.36000001430511475,0.14999999999999999,0.090000003576278687,0,0,False,3,3
1798,2022-03-01,AFG,3623,1,3,0.84999999999999998,0.62000000476837158,0.40000000000000002,0.31999999284744263,0.10000000000000001,0.10000000149011612,0,0,False,3,3
1799,2022-03-01,AFG,3624,1,3,0.90000000000000002,0.67000001668930054,0.5,0.36000001430511475,0.14999999999999999,0.090000003576278687,0,0,False,3,3
1799,2022-09-01,AFG,3625,1,3,0.84999999999999998,0.64999997615814209,0.44999999999999996,0.34999999403953552,0.14999999999999999,0.090000003576278687,0,0,False,3,3
1800,2022-03-01,AFG,3604,2,3,0.84999999999999998,0.68000000715255737,0.40000000000000002,0.30000001192092896,0.10000000000000001,0.090000003576278687,0,0,False,3,3
1800,2022-09-01,AFG,3605,2,3,0.79999999999999993,0.74000000953674316,0.34999999999999998,0.33000001311302185,0.10000000000000001,0.10000000149011612,0,0,False,3,3
1802,2022-03-01,AFG,3606,2,3,0.79999999999999993,0.70999997854232788,0.44999999999999996,0.33000001311302185,0.14999999999999999,0.090000003576278687,0,0,False,3,3
1802,2022-09-01,AFG,3607,2,3,0.70000000000000007,0.75,0.29999999999999999,0.37999999523162842,0.050000000000000003,0.10999999940395355,0,0,False,3,3
1803,2022-03-01,AFG,3642,1,3,0.79999999999999993,0.72000002861022949,0.44999999999999996,0.36000001430511475,0.14999999999999999,0.090000003576278687,0,0,False,3,3
1803,2022-09-01,AFG,3643,1,3,0.70000000000000007,0.68000000715255737,0.29999999999999999,0.38999998569488525,0.050000000000000003,0.090000003576278687,0,0,False,3,3
1804,2022-03-01,AFG,3616,2,3,0.75000000000000011,0.63999998569488525,0.34999999999999998,0.31000000238418579,0.14999999999999999,0.090000003576278687,0,0,False,3,3
1804,2022-07-01,AFG,3617,2,3,0.74999999999999989,0.72000002861022949,0.40000000000000002,0.31999999284744263,0.10000000000000001,0.090000003576278687,0,0,False,3,3
1804,2022-09-01,AFG,3618,2,3,0.75,0.73000001907348633,0.34999999999999998,0.40000000596046448,0.050000000000000003,0.10000000149011612,0,0,False,3,3
1806,2022-03-01,AFG,3619,2,3,0.84999999999999998,0.67000001668930054,0.40000000000000002,0.31999999284744263,0.14999999999999999,0.090000003576278687,0,0,False,3,3
1806,2022-09-01,AFG,3620,2,3,0.75,0.69999998807907104,0.34999999999999998,0.40000000596046448,0.10000000000000001,0.10000000149011612,0,0,False,3,3
1808,2022-07-01,PAK,3621,2,3,0.69999999999999996,0.75999999046325684,0.40000000000000002,0.33000001311302185,0.10000000000000001,0.079999998211860657,0,0,False,3,3
1809,2022-07-01,PAK,3664,1,3,0.60000000000000009,0.70999997854232788,0.29999999999999999,0.31999999284744263,0.050000000000000003,0.079999998211860657,0,0,False,3,3
1810,2022-03-01,AFG,3667,3,3,0.84999999999999998,0.62000000476837158,0.40000000000000002,0.31000000238418579,0.14999999999999999,0.079999998211860657,0,0,False,3,3
1810,2022-09-01,AFG,3668,3,3,0.75,0.62000000476837158,0.34999999999999998,0.28999999165534973,0.10000000000000001,0.079999998211860657,0,0,False,3,3
1811,2022-03-01,AFG,3633,2,3,0.79999999999999993,0.6600000262260437,0.5,0.2800000011920929,0.14999999999999999,0.090000003576278687,0,0,False,3,3
1811,2022-07-01,AFG,3634,2,3,0.74999999999999989,0.68999999761581421,0.40000000000000002,0.28999999165534973,0.10000000000000001,0.090000003576278687,0,0,False,3,3
1811,2022-09-01,AFG,3635,2,3,0.74999999999999989,0.68999999761581421,0.44999999999999996,0.31999999284744263,0.10000000000000001,0.10000000149011612,0,0,False,3,3
1813,2022-03-01,AFG,3680,3,3,0.69999999999999996,0.62999999523162842,0.40000000000000002,0.27000001072883606,0.10000000000000001,0.079999998211860657,0,0,False,3,3
1813,2022-07-01,AFG,3681,3,3,0.74999999999999989,0.6600000262260437,0.40000000000000002,0.23999999463558197,0.10000000000000001,0.079999998211860657,0,0,False,3,3
1813,2022-09-01,AFG,3682,3,3,0.84999999999999998,0.68999999761581421,0.44999999999999996,0.25999999046325684,0.10000000000000001,0.079999998211860657,0,0,False,3,3
1814,2022-07-01,PAK,3693,1,3,0.60000000000000009,0.72000002861022949,0.29999999999999999,0.28999999165534973,0.050000000000000003,0.079999998211860657,0,0,False,3,3
1815,2022-03-01,AFG,3649,2,3,0.84999999999999998,0.6600000262260437,0.40000000000000002,0.34999999403953552,0.14999999999999999,0.10000000149011612,0,0,False,3,3
1817,2022-03-01,AFG,3700,1,3,0.79999999999999993,0.62000000476837158,0.5,0.27000001072883606,0.14999999999999999,0.090000003576278687,0,0,False,3,3
1817,2022-07-01,AFG,3701,1,3,0.74999999999999989,0.68999999761581421,0.40000000000000002,0.34000000357627869,0.10000000000000001,0.090000003576278687,0,0,False,3,3
1817,2022-09-01,AFG,3702,1,3,0.79999999999999993,0.6600000262260437,0.40000000000000002,0.28999999165534973,0.10000000000000001,0.090000003576278687,0,0,False,3,3
1818,2022-03-01,AFG,3670,4,3,0.79999999999999993,0.68999999761581421,0.34999999999999998,0.34000000357627869,0.10000000000000001,0.10000000149011612,0,0,False,3,3
1818,2022-07-01,AFG,3671,4,3,0.74999999999999989,0.74000000953674316,0.40000000000000002,0.36000001430511475,0.10000000000000001,0.090000003576278687,0,0,False,3,3
1818,2022-09-01,AFG,3672,4,3,0.79999999999999993,0.72000002861022949,0.40000000000000002,0.34999999403953552,0.10000000000000001,0.10000000149011612,0,0,False,3,3
1819,2022-03-01,AFG,3673,4,4,0.89999999999999991,0.68000000715255737,0.55000000000000004,0.40000000596046448,0.20000000000000001,0.11999999731779099,0,0,False,4,3
1819,2022-09-01,AFG,3674,4,3,0.79999999999999993,0.76999998092651367,0.40000000000000002,0.38999998569488525,0.10000000000000001,0.10999999940395355,0,0,False,3,3
1820,2022-03-01,AFG,3724,0,4,0.89999999999999991,0.70999997854232788,0.55000000000000004,0.31999999284744263,0.20000000000000001,0.10000000149011612,0,0,False,4,3
1820,2022-09-01,AFG,3725,0,3,0.79999999999999993,0.73000001907348633,0.40000000000000002,0.34999999403953552,0.10000000000000001,0.10000000149011612,0,0,False,3,3
1821,2022-03-01,AFG,3726,0,4,0.89999999999999991,0.72000002861022949,0.55000000000000004,0.36000001430511475,0.20000000000000001,0.090000003576278687,0,0,False,4,3
1821,2022-09-01,AFG,3727,0,3,0.79999999999999993,0.75,0.40000000000000002,0.37000000476837158,0.10000000000000001,0.10000000149011612,0,0,False,3,3
1822,2022-03-01,AFG,3728,0,3,0.79999999999999993,0.61000001430511475,0.44999999999999996,0.25999999046325684,0.14999999999999999,0.090000003576278687,0,0,False,3,3
1822,2022-07-01,AFG,3729,0,3,0.74999999999999989,0.68999999761581421,0.40000000000000002,0.27000001072883606,0.10000000000000001,0.090000003576278687,0,0,False,3,3
1822,2022-09-01,AFG,3730,0,3,0.75,0.74000000953674316,0.34999999999999998,0.30000001192092896,0.050000000000000003,0.090000003576278687,0,0,False,3,3
1824,2022-03-01,AFG,3744,3,3,0.69999999999999996,0.6600000262260437,0.34999999999999998,0.33000001311302185,0.10000000000000001,0.10000000149011612,0,0,False,3,3
1824,2022-09-01,AFG,3745,3,3,0.75,0.67000001668930054,0.34999999999999998,0.37000000476837158,0.10000000000000001,0.10000000149011612,0,0,False,3,3
1825,2022-09-01,AFG,3699,4,3,0.75,0.70999997854232788,0.34999999999999998,0.2800000011920929,0.10000000000000001,0.10999999940395355,0,0,False,3,3
1826,2022-03-01,PAK,3748,3,3,0.90000000000000002,0.61000001430511475,0.5,0.37999999523162842,0.14999999999999999,0.10000000149011612,0,0,False,3,3
1826,2022-07-01,PAK,3749,3,3,0.60000000000000009,0.6600000262260437,0.29999999999999999,0.36000001430511475,0.050000000000000003,0.10000000149011612,0,0,False,3,3
1826,2022-09-01,PAK,3750,3,3,0.84999999999999998,0.6600000262260437,0.44999999999999996,0.37000000476837158,0.14999999999999999,0.10999999940395355,0,0,False,3,3
1827,2022-03-01,PAK,3713,2,3,0.90000000000000002,0.6600000262260437,0.5,0.36000001430511475,0.14999999999999999,0.090000003576278687,0,0,False,3,3
1827,2022-07-01,PAK,3714,2,3,0.60000000000000009,0.70999997854232788,0.29999999999999999,0.38999998569488525,0.050000000000000003,0.10000000149011612,0,0,False,3,3
1827,2022-09-01,PAK,3715,2,3,0.84999999999999998,0.75999999046325684,0.44999999999999996,0.43000000715255737,0.14999999999999999,0.10000000149011612,0,0,False,3,3
1829,2022-03-01,AFG,3716,4,3,0.79999999999999993,0.67000001668930054,0.5,0.31000000238418579,0.14999999999999999,0.090000003576278687,0,0,False,3,3
1829,2022-09-01,AFG,3717,4,3,0.75,0.69999998807907104,0.34999999999999998,0.30000001192092896,0.10000000000000001,0.10999999940395355,0,0,False,3,3
1830,2022-03-01,AFG,3718,4,3,0.69999999999999996,0.74000000953674316,0.34999999999999998,0.38999998569488525,0.10000000000000001,0.10999999940395355,0,0,False,3,3
1830,2022-07-01,AFG,3719,4,3,0.65000000000000002,0.69999998807907104,0.25,0.30000001192092896,0.10000000000000001,0.090000003576278687,0,0,False,3,3
1830,2022-09-01,AFG,3720,4,3,0.75,0.77999997138977051,0.34999999999999998,0.43000000715255737,0.10000000000000001,0.090000003576278687,0,0,False,3,3
1831,2022-03-01,AFG,3730,2,3,0.79999999999999993,0.67000001668930054,0.40000000000000002,0.31000000238418579,0.10000000000000001,0.10000000149011612,0,0,False,3,3
1831,2022-07-01,AFG,3731,2,3,0.65000000000000013,0.75,0.25,0.33000001311302185,0.050000000000000003,0.10000000149011612,0,0,False,3,3
1831,2022-09-01,AFG,3732,2,3,0.75,0.73000001907348633,0.25,0.34000000357627869,0.050000000000000003,0.10000000149011612,0,0,False,3,3
1832,2022-03-01,AFG,3774,0,4,0.89999999999999991,0.69999998807907104,0.55000000000000004,0.34999999403953552,0.20000000000000001,0.10000000149011612,0,0,False,4,3
1832,2022-09-01,AFG,3775,0,3,0.79999999999999993,0.74000000953674316,0.40000000000000002,0.37000000476837158,0.10000000000000001,0.10000000149011612,0,0,False,3,3
1835,2022-03-01,PAK,3750,2,3,0.79999999999999993,0.6600000262260437,0.40000000000000002,0.37000000476837158,0.10000000000000001,0.10000000149011612,0,0,False,3,3
1835,2022-07-01,PAK,3751,2,3,0.65000000000000013,0.79000002145767212,0.25,0.41999998688697815,0.050000000000000003,0.10000000149011612,0,0,False,3,3
1835,2022-09-01,PAK,3752,2,3,0.75,0.77999997138977051,0.25,0.38999998569488525,0.050000000000000003,0.10000000149011612,0,0,False,3,3
1836,2022-03-01,PAK,3811,1,3,0.79999999999999993,0.64999997615814209,0.40000000000000002,0.33000001311302185,0.10000000000000001,0.10999999940395355,0,0,False,3,3
1836,2022-07-01,PAK,3812,1,3,0.65000000000000013,0.79000002145767212,0.25,0.37000000476837158,0.050000000000000003,0.090000003576278687,0,0,False,3,3
1836,2022-09-01,PAK,3813,1,3,0.75,0.75,0.25,0.33000001311302185,0.050000000000000003,0.10000000149011612,0,0,False,3,3
1838,2022-03-01,AFG,3823,3,3,0.79999999999999993,0.62000000476837158,0.5,0.30000001192092896,0.14999999999999999,0.10000000149011612,0,0,False,3,3
1838,2022-09-01,AFG,3824,3,3,0.75,0.70999997854232788,0.34999999999999998,0.31999999284744263,0.10000000000000001,0.10000000149011612,0,0,False,3,3
1839,2022-07-01,AFG,3812,0,3,0.74999999999999989,0.62999999523162842,0.40000000000000002,0.30000001192092896,0.10000000000000001,0.090000003576278687,0,0,False,3,3
1841,2022-07-01,AFG,3781,4,3,0.65000000000000013,0.67000001668930054,0.25,0.34000000357627869,0.050000000000000003,0.090000003576278687,0,0,False,3,3
1843,2022-07-01,AFG,3843,1,3,0.65000000000000013,0.62999999523162842,0.25,0.33000001311302185,0.050000000000000003,0.090000003576278687,0,0,False,3,3
1844,2022-03-01,AFG,3854,3,3,0.79999999999999993,0.62999999523162842,0.44999999999999996,0.30000001192092896,0.14999999999999999,0.090000003576278687,0,0,False,3,3
1844,2022-07-01,AFG,3855,3,3,0.74999999999999989,0.62000000476837158,0.40000000000000002,0.2800000011920929,0.10000000000000001,0.079999998211860657,0,0,False,3,3
1844,2022-09-01,AFG,3856,3,3,0.79999999999999993,0.70999997854232788,0.44999999999999996,0.31000000238418579,0.10000000000000001,0.090000003576278687,0,0,False,3,3
1845,2022-09-01,PAK,3810,2,3,0.75,0.77999997138977051,0.25,0.40000000596046448,0.050000000000000003,0.10000000149011612,0,0,False,3,3
1846,2022-09-01,PAK,3859,3,3,0.75,0.80000001192092896,0.25,0.40000000596046448,0.050000000000000003,0.090000003576278687,0,0,False,3,3
1848,2022-03-01,AFG,3816,2,3,0.79999999999999993,0.77999997138977051,0.5,0.38999998569488525,0.14999999999999999,0.14000000059604645,0,0,False,3,3
1848,2022-09-01,AFG,3817,2,3,0.75,0.80000001192092896,0.34999999999999998,0.40999999642372131,0.10000000000000001,0.14000000059604645,0,0,False,3,3
1849,2022-03-01,AFG,3856,0,4,0.80000000000000004,0.64999997615814209,0.40000000000000002,0.30000001192092896,0.20000000000000001,0.090000003576278687,0,0,False,4,3
1849,2022-07-01,AFG,3857,0,3,0.65000000000000013,0.63999998569488525,0.25,0.30000001192092896,0.050000000000000003,0.090000003576278687,0,0,False,3,3
1849,2022-09-01,AFG,3858,0,3,0.75,0.73000001907348633,0.44999999999999996,0.34999999403953552,0.14999999999999999,0.10000000149011612,0,0,False,3,3
1850,2022-03-01,AFG,3877,1,3,0.79999999999999993,0.62000000476837158,0.44999999999999996,0.27000001072883606,0.14999999999999999,0.10000000149011612,0,0,False,3,3
1850,2022-07-01,AFG,3878,1,3,0.74999999999999989,0.62000000476837158,0.40000000000000002,0.31999999284744263,0.10000000000000001,0.10000000149011612,0,0,False,3,3
1850,2022-09-01,AFG,3879,1,3,0.79999999999999993,0.67000001668930054,0.44999999999999996,0.31000000238418579,0.10000000000000001,0.10000000149011612,0,0,False,3,3
1851,2022-07-01,AFG,3835,4,3,0.65000000000000013,0.63999998569488525,0.25,0.31999999284744263,0.050000000000000003,0.10000000149011612,0,0,False,3,3
1852,2022-03-01,AFG,3888,3,4,0.89999999999999991,0.68999999761581421,0.55000000000000004,0.34000000357627869,0.25,0.10999999940395355,0,0,False,4,3
1852,2022-09-01,AFG,3889,3,4,0.84999999999999987,0.75,0.5,0.37000000476837158,0.20000000000000001,0.10999999940395355,0,0,False,4,3
1853,2022-03-01,AFG,3885,1,3,0.79999999999999993,0.63999998569488525,0.44999999999999996,0.28999999165534973,0.14999999999999999,0.10000000149011612,0,0,False,3,3
1853,2022-07-01,AFG,3886,1,3,0.65000000000000013,0.61000001430511475,0.25,0.31000000238418579,0.050000000000000003,0.10000000149011612,0,0,False,3,3
1854,2022-09-01,AFG,3850,2,3,0.75,0.73000001907348633,0.44999999999999996,0.37999999523162842,0.14999999999999999,0.10000000149011612,0,0,False,3,3
1855,2022-03-01,AFG,3905,3,4,0.84999999999999987,0.73000001907348633,0.55000000000000004,0.37999999523162842,0.20000000000000001,0.12999999523162842,0,0,False,4,3
1855,2022-09-01,AFG,3906,3,4,0.80000000000000004,0.79000002145767212,0.5,0.38999998569488525,0.20000000000000001,0.11999999731779099,0,0,False,4,3
1856,2022-09-01,AFG,3860,4,4,0.80000000000000004,0.80000001192092896,0.5,0.44999998807907104,0.20000000000000001,0.15000000596046448,0,0,False,4,3
1857,2022-03-01,AFG,3861,4,3,0.79999999999999993,0.62999999523162842,0.44999999999999996,0.30000001192092896,0.10000000000000001,0.10000000149011612,0,0,False,3,3
1857,2022-07-01,AFG,3862,4,3,0.65000000000000002,0.63999998569488525,0.25,0.28999999165534973,0.10000000000000001,0.090000003576278687,0,0,False,3,3
1857,2022-09-01,AFG,3863,4,3,0.75,0.69999998807907104,0.34999999999999998,0.33000001311302185,0.10000000000000001,0.10000000149011612,0,0,False,3,3
1858,2022-09-01,AFG,3870,2,4,0.80000000000000004,0.77999997138977051,0.5,0.41999998688697815,0.20000000000000001,0.15999999642372131,0,0,False,4,3
1859,2022-03-01,AFG,3913,0,3,0.79999999999999993,0.62999999523162842,0.44999999999999996,0.31000000238418579,0.10000000000000001,0.10000000149011612,0,0,False,3,3
1859,2022-07-01,AFG,3914,0,3,0.65000000000000013,0.67000001668930054,0.25,0.28999999165534973,0.050000000000000003,0.10000000149011612,0,0,False,3,3
1859,2022-09-01,AFG,3915,0,3,0.75,0.73000001907348633,0.34999999999999998,0.34000000357627869,0.10000000000000001,0.10000000149011612,0,0,False,3,3
1860,2022-03-01,AFG,3881,2,4,0.89999999999999991,0.80000001192092896,0.55000000000000004,0.40999999642372131,0.25,0.14000000059604645,0,0,False,4,3
1863,2022-03-01,AFG,3884,2,3,0.79999999999999993,0.6600000262260437,0.44999999999999996,0.33000001311302185,0.14999999999999999,0.10999999940395355,0,0,False,3,3
1864,2022-07-01,AFG,3885,2,3,0.65000000000000013,0.68000000715255737,0.25,0.34999999403953552,0.050000000000000003,0.10999999940395355,0,0,False,3,3
1864,2022-09-01,AFG,3886,2,3,0.75,0.75,0.34999999999999998,0.36000001430511475,0.10000000000000001,0.10999999940395355,0,0,False,3,3
1865,2022-03-01,PAK,3902,4,3,0.79999999999999993,0.62000000476837158,0.44999999999999996,0.34999999403953552,0.14999999999999999,0.10999999940395355,0,0,False,3,3
1865,2022-07-01,PAK,3903,4,3,0.65000000000000013,0.70999997854232788,0.25,0.40000000596046448,0.050000000000000003,0.10999999940395355,0,0,False,3,3
1865,2022-09-01,PAK,3904,4,3,0.79999999999999993,0.75999999046325684,0.44999999999999996,0.43000000715255737,0.10000000000000001,0.10999999940395355,0,0,False,3,3
1866,2022-03-01,PAK,3959,1,3,0.79999999999999993,0.56000000238418579,0.44999999999999996,0.36000001430511475,0.14999999999999999,0.10000000149011612,0,0,False,3,3
1866,2022-07-01,PAK,3960,1,3,0.65000000000000013,0.70999997854232788,0.25,0.34999999403953552,0.050000000000000003,0.10000000149011612,0,0,False,3,3
1866,2022-09-01,PAK,3961,1,3,0.79999999999999993,0.80000001192092896,0.44999999999999996,0.37000000476837158,0.10000000000000001,0.10999999940395355,0,0,False,3,3
1867,2022-03-01,AFG,3953,0,3,0.79999999999999993,0.62000000476837158,0.44999999999999996,0.31000000238418579,0.10000000000000001,0.10000000149011612,0,0,False,3,3
1867,2022-07-01,AFG,3954,0,3,0.65000000000000002,0.63999998569488525,0.25,0.31000000238418579,0.10000000000000001,0.10000000149011612,0,0,False,3,3
1867,2022-09-01,AFG,3955,0,3,0.75,0.75,0.34999999999999998,0.34000000357627869,0.10000000000000001,0.10000000149011612,0,0,False,3,3
1868,2022-09-01,AFG,3972,1,4,0.84999999999999987,0.75,0.5,0.34000000357627869,0.20000000000000001,0.10999999940395355,0,0,False,4,3
1870,2022-03-01,AFG,3967,0,3,0.79999999999999993,0.62000000476837158,0.44999999999999996,0.34000000357627869,0.10000000000000001,0.10000000149011612,0,0,False,3,3
1870,2022-07-01,AFG,3968,0,3,0.65000000000000002,0.64999997615814209,0.25,0.34999999403953552,0.10000000000000001,0.10000000149011612,0,0,False,3,3
1870,2022-09-01,AFG,3969,0,3,0.75,0.75999999046325684,0.34999999999999998,0.34000000357627869,0.10000000000000001,0.10000000149011612,0,0,False,3,3
1871,2022-09-01,PAK,3970,0,3,0.75,0.76999998092651367,0.34999999999999998,0.40999999642372131,0.10000000000000001,0.11999999731779099,0,0,False,3,3
1872,2022-09-01,PAK,4007,3,3,0.75,0.72000002861022949,0.34999999999999998,0.37000000476837158,0.10000000000000001,0.12999999523162842,0,0,False,3,3
1873,2022-03-01,TJK,3995,1,4,0.89999999999999991,0.63999998569488525,0.55000000000000004,0.28999999165534973,0.25,0.10000000149011612,0,0,False,4,3
1873,2022-09-01,TJK,3996,1,4,0.84999999999999987,0.72000002861022949,0.5,0.34000000357627869,0.20000000000000001,0.10999999940395355,0,0,False,4,3
1875,2022-03-01,PAK,3953,2,3,0.79999999999999993,0.68000000715255737,0.44999999999999996,0.38999998569488525,0.10000000000000001,0.12999999523162842,0,0,False,3,3
1875,2022-07-01,PAK,3954,2,3,0.65000000000000002,0.74000000953674316,0.25,0.46000000834465027,0.10000000000000001,0.12999999523162842,0,0,False,3,3
1875,2022-09-01,PAK,3955,2,3,0.75,0.79000002145767212,0.34999999999999998,0.41999998688697815,0.10000000000000001,0.12999999523162842,0,0,False,3,3
1876,2022-03-01,PAK,4012,1,3,0.79999999999999993,0.64999997615814209,0.44999999999999996,0.38999998569488525,0.10000000000000001,0.10999999940395355,0,0,False,3,3
1876,2022-07-01,PAK,4013,1,3,0.65000000000000002,0.74000000953674316,0.25,0.37000000476837158,0.10000000000000001,0.10000000149011612,0,0,False,3,3
1876,2022-09-01,PAK,4014,1,3,0.75,0.80000001192092896,0.34999999999999998,0.37000000476837158,0.10000000000000001,0.11999999731779099,0,0,False,3,3
