area_id,date,country_code_3,source_row_index,model,phase,phase_label,actual,predicted
2,2022-10-01,DOM,1,Forecasting,2,Phase 2+,0.5,0.6499999762
5,2022-10-01,DOM,2,Forecasting,2,Phase 2+,0.55,0.6700000167
9,2022-09-01,DOM,3,Forecasting,2,Phase 2+,0.8,0.6499999762
10,2022-09-01,HTI,6,Forecasting,2,Phase 2+,0.85,0.6800000072
10,2022-10-01,HTI,7,Forecasting,2,Phase 2+,0.65,0.5099999905
11,2022-09-01,HTI,11,Forecasting,2,Phase 2+,0.85,0.6800000072
11,2022-10-01,HTI,12,Forecasting,2,Phase 2+,0.65,0.5400000215
12,2022-09-01,HTI,16,Forecasting,2,Phase 2+,0.85,0.6800000072
12,2022-10-01,HTI,17,Forecasting,2,Phase 2+,0.65,0.5299999714
13,2022-09-01,HTI,19,Forecasting,2,Phase 2+,0.75,0.6800000072
16,2022-10-01,HTI,22,Forecasting,2,Phase 2+,0.6,0.5199999809
19,2022-10-01,HTI,27,Forecasting,2,Phase 2+,0.65,0.5199999809
20,2022-10-01,HTI,30,Forecasting,2,Phase 2+,0.65,0.5199999809
21,2022-09-01,HTI,31,Forecasting,2,Phase 2+,0.75,0.6700000167
21,2022-10-01,HTI,32,Forecasting,2,Phase 2+,0.65,0.5400000215
22,2022-09-01,HTI,33,Forecasting,2,Phase 2+,0.75,0.6700000167
22,2022-10-01,HTI,34,Forecasting,2,Phase 2+,0.65,0.5400000215
38,2022-03-01,HND,66,Forecasting,2,Phase 2+,0.7,0.6100000143
41,2022-03-01,HND,92,Forecasting,2,Phase 2+,0.7,0.6399999857
42,2022-03-01,HND,105,Forecasting,2,Phase 2+,0.7,0.6399999857
45,2022-03-01,SLV,131,Forecasting,2,Phase 2+,0.65,0.5400000215
47,2022-03-01,SLV,150,Forecasting,2,Phase 2+,0.65,0.5600000024
48,2022-03-01,HND,161,Forecasting,2,Phase 2+,0.7,0.5799999833
49,2022-03-01,HND,172,Forecasting,2,Phase 2+,0.7,0.5799999833
50,2022-03-01,SLV,186,Forecasting,2,Phase 2+,0.65,0.5500000119
51,2022-03-01,HND,193,Forecasting,2,Phase 2+,0.65,0.5500000119
52,2022-03-01,HND,200,Forecasting,2,Phase 2+,0.65,0.5500000119
54,2022-03-01,SLV,212,Forecasting,2,Phase 2+,0.65,0.5299999714
55,2022-03-01,HND,226,Forecasting,2,Phase 2+,0.65,0.5600000024
56,2022-03-01,HND,240,Forecasting,2,Phase 2+,0.65,0.5500000119
57,2022-03-01,SLV,251,Forecasting,2,Phase 2+,0.45,0.5600000024
58,2022-03-01,GTM,264,Forecasting,2,Phase 2+,0.7,0.6200000048
59,2022-03-01,GTM,277,Forecasting,2,Phase 2+,0.7,0.6200000048
60,2022-03-01,SLV,289,Forecasting,2,Phase 2+,0.45,0.5400000215
63,2022-03-01,SLV,304,Forecasting,2,Phase 2+,0.65,0.5500000119
65,2022-03-01,SLV,323,Forecasting,2,Phase 2+,0.45,0.5299999714
66,2022-03-01,SLV,338,Forecasting,2,Phase 2+,0.45,0.5600000024
67,2022-03-01,GTM,348,Forecasting,2,Phase 2+,0.65,0.5799999833
68,2022-03-01,GTM,358,Forecasting,2,Phase 2+,0.65,0.5799999833
69,2022-03-01,GTM,368,Forecasting,2,Phase 2+,0.65,0.5799999833
70,2022-03-01,GTM,378,Forecasting,2,Phase 2+,0.65,0.5799999833
71,2022-03-01,GTM,388,Forecasting,2,Phase 2+,0.65,0.5799999833
72,2022-03-01,SLV,402,Forecasting,2,Phase 2+,0.45,0.5600000024
73,2022-03-01,SLV,415,Forecasting,2,Phase 2+,0.45,0.5500000119
74,2022-03-01,GTM,418,Forecasting,2,Phase 2+,0.45,0.5600000024
75,2022-03-01,GTM,427,Forecasting,2,Phase 2+,0.45,0.5299999714
76,2022-03-01,GTM,436,Forecasting,2,Phase 2+,0.45,0.5299999714
77,2022-03-01,SLV,450,Forecasting,2,Phase 2+,0.45,0.5400000215
78,2022-03-01,GTM,458,Forecasting,2,Phase 2+,0.5,0.5500000119
79,2022-03-01,GTM,466,Forecasting,2,Phase 2+,0.5,0.5500000119
80,2022-03-01,GTM,468,Forecasting,2,Phase 2+,0.75,0.5699999928
81,2022-03-01,GTM,470,Forecasting,2,Phase 2+,0.75,0.5699999928
82,2022-03-01,GTM,478,Forecasting,2,Phase 2+,0.55,0.5799999833
83,2022-03-01,GTM,486,Forecasting,2,Phase 2+,0.55,0.5799999833
86,2022-03-01,GTM,515,Forecasting,2,Phase 2+,0.63,0.5099999905
87,2022-03-01,GTM,524,Forecasting,2,Phase 2+,0.63,0.5199999809
90,2022-03-01,GTM,551,Forecasting,2,Phase 2+,0.63,0.5299999714
91,2022-03-01,GTM,566,Forecasting,2,Phase 2+,0.63,0.5299999714
92,2022-03-01,GTM,581,Forecasting,2,Phase 2+,0.63,0.5299999714
93,2022-03-01,GTM,591,Forecasting,2,Phase 2+,0.64,0.5299999714
94,2022-03-01,GTM,601,Forecasting,2,Phase 2+,0.64,0.5299999714
99,2022-03-01,GTM,632,Forecasting,2,Phase 2+,0.66,0.5500000119
100,2022-03-01,GTM,641,Forecasting,2,Phase 2+,0.66,0.5500000119
109,2022-03-01,GTM,672,Forecasting,2,Phase 2+,0.7,0.5400000215
110,2022-03-01,GTM,677,Forecasting,2,Phase 2+,0.7,0.5400000215
111,2022-03-01,GTM,681,Forecasting,2,Phase 2+,0.6,0.6000000238
112,2022-03-01,GTM,685,Forecasting,2,Phase 2+,0.6,0.5899999738
113,2022-03-01,GTM,689,Forecasting,2,Phase 2+,0.6,0.5500000119
114,2022-03-01,GTM,693,Forecasting,2,Phase 2+,0.6,0.5500000119
136,2022-07-01,COD,706,Forecasting,2,Phase 2+,0.6,0.6700000167
160,2022-07-01,COD,717,Forecasting,2,Phase 2+,0.8,0.6600000262
161,2022-07-01,COD,718,Forecasting,2,Phase 2+,0.8,0.6600000262
165,2022-09-01,CAF,724,Forecasting,2,Phase 2+,0.85,0.7900000215
169,2022-07-01,COD,735,Forecasting,2,Phase 2+,0.75,0.6299999952
174,2022-09-01,CAF,744,Forecasting,2,Phase 2+,0.85,0.8299999833
175,2022-09-01,CAF,752,Forecasting,2,Phase 2+,0.85,0.8299999833
177,2022-09-01,CAF,760,Forecasting,2,Phase 2+,0.85,0.8399999738
189,2022-07-01,COD,778,Forecasting,2,Phase 2+,0.75,0.6000000238
190,2022-07-01,COD,779,Forecasting,2,Phase 2+,0.75,0.6000000238
216,2022-09-01,CAF,801,Forecasting,2,Phase 2+,0.8,0.6700000167
229,2022-09-01,CAF,811,Forecasting,2,Phase 2+,0.75,0.6899999976
230,2022-07-01,COD,812,Forecasting,2,Phase 2+,0.55,0.6800000072
234,2022-07-01,CAF,819,Forecasting,2,Phase 2+,0.75,0.7200000286
234,2022-09-01,CAF,820,Forecasting,2,Phase 2+,0.55,0.6800000072
237,2022-07-01,CAF,832,Forecasting,2,Phase 2+,0.75,0.7200000286
237,2022-09-01,CAF,833,Forecasting,2,Phase 2+,0.55,0.6800000072
239,2022-07-01,CAF,842,Forecasting,2,Phase 2+,0.75,0.7200000286
239,2022-09-01,CAF,843,Forecasting,2,Phase 2+,0.55,0.6800000072
242,2022-07-01,COD,844,Forecasting,2,Phase 2+,0.5,0.6399999857
251,2022-09-01,CAF,847,Forecasting,2,Phase 2+,0.7,0.6899999976
258,2022-09-01,CAF,854,Forecasting,2,Phase 2+,0.7,0.6899999976
263,2022-07-01,COD,862,Forecasting,2,Phase 2+,0.65,0.6600000262
264,2022-07-01,COD,863,Forecasting,2,Phase 2+,0.65,0.6600000262
280,2022-09-01,CAF,873,Forecasting,2,Phase 2+,0.8,0.6700000167
282,2022-07-01,CAF,880,Forecasting,2,Phase 2+,0.5,0.7300000191
282,2022-09-01,CAF,881,Forecasting,2,Phase 2+,0.75,0.6600000262
283,2022-07-01,CAF,888,Forecasting,2,Phase 2+,0.5,0.7300000191
283,2022-09-01,CAF,889,Forecasting,2,Phase 2+,0.75,0.6600000262
284,2022-07-01,COD,892,Forecasting,2,Phase 2+,0.7,0.6499999762
285,2022-07-01,COD,895,Forecasting,2,Phase 2+,0.7,0.6499999762
286,2022-09-01,CAF,903,Forecasting,2,Phase 2+,0.75,0.6999999881
290,2022-09-01,CAF,906,Forecasting,2,Phase 2+,0.8,0.7200000286
291,2022-07-01,CAF,915,Forecasting,2,Phase 2+,0.5,0.7300000191
291,2022-09-01,CAF,916,Forecasting,2,Phase 2+,0.75,0.7200000286
296,2022-07-01,COD,920,Forecasting,2,Phase 2+,0.85,0.6899999976
305,2022-07-01,CAF,936,Forecasting,2,Phase 2+,0.5,0.7400000095
314,2022-07-01,CAF,939,Forecasting,2,Phase 2+,0.7,0.7300000191
319,2022-09-01,CAF,947,Forecasting,2,Phase 2+,0.8,0.7900000215
322,2022-09-01,CAF,952,Forecasting,2,Phase 2+,0.8,0.7900000215
323,2022-09-01,CAF,957,Forecasting,2,Phase 2+,0.8,0.8000000119
334,2022-04-01,CAF,968,Forecasting,2,Phase 2+,0.45,0.7799999714
335,2022-04-01,CAF,971,Forecasting,2,Phase 2+,0.45,0.75
347,2022-09-01,CAF,979,Forecasting,2,Phase 2+,0.9,0.7599999905
370,2022-07-01,COD,990,Forecasting,2,Phase 2+,0.7,0.6000000238
374,2022-07-01,COD,993,Forecasting,2,Phase 2+,0.7,0.6000000238
391,2022-07-01,COD,1001,Forecasting,2,Phase 2+,0.75,0.6600000262
409,2022-07-01,COD,1009,Forecasting,2,Phase 2+,0.6,0.6800000072
410,2022-07-01,COD,1011,Forecasting,2,Phase 2+,0.6,0.6800000072
413,2022-07-01,COD,1013,Forecasting,2,Phase 2+,0.6,0.6600000262
417,2022-07-01,COD,1020,Forecasting,2,Phase 2+,0.65,0.7699999809
420,2022-07-01,COD,1021,Forecasting,2,Phase 2+,0.65,0.6100000143
435,2022-10-01,CAF,1036,Forecasting,2,Phase 2+,0.85,0.6200000048
436,2022-10-01,CAF,1047,Forecasting,2,Phase 2+,0.85,0.6499999762
441,2022-10-01,CAF,1066,Forecasting,2,Phase 2+,0.85,0.6399999857
443,2022-07-01,COD,1068,Forecasting,2,Phase 2+,0.75,0.6800000072
446,2022-07-01,COD,1071,Forecasting,2,Phase 2+,0.7,0.6700000167
451,2022-07-01,COD,1077,Forecasting,2,Phase 2+,0.7,0.6700000167
452,2022-07-01,COD,1083,Forecasting,2,Phase 2+,0.7,0.6299999952
459,2022-07-01,COD,1095,Forecasting,2,Phase 2+,0.75,0.6899999976
471,2022-07-01,COD,1103,Forecasting,2,Phase 2+,0.75,0.5799999833
472,2022-07-01,COD,1105,Forecasting,2,Phase 2+,0.75,0.5799999833
492,2022-07-01,COD,1123,Forecasting,2,Phase 2+,0.7,0.6399999857
494,2022-07-01,COD,1125,Forecasting,2,Phase 2+,0.7,0.6399999857
495,2022-02-01,SSD,1129,Forecasting,2,Phase 2+,0.95,0.75
495,2022-10-01,SSD,1130,Forecasting,2,Phase 2+,0.85,0.7200000286
496,2022-02-01,SSD,1134,Forecasting,2,Phase 2+,0.95,0.7300000191
496,2022-10-01,SSD,1135,Forecasting,2,Phase 2+,0.85,0.7099999785
512,2022-10-01,SSD,1163,Forecasting,2,Phase 2+,0.9,0.8000000119
513,2022-10-01,SSD,1168,Forecasting,2,Phase 2+,0.9,0.8000000119
518,2022-07-01,COD,1174,Forecasting,2,Phase 2+,0.8,0.6800000072
519,2022-07-01,COD,1179,Forecasting,2,Phase 2+,0.8,0.6800000072
520,2022-02-01,SSD,1180,Forecasting,2,Phase 2+,0.85,0.7799999714
521,2022-02-01,SSD,1181,Forecasting,2,Phase 2+,0.85,0.7799999714
534,2022-02-01,COD,1191,Forecasting,2,Phase 2+,0.7,0.7699999809
534,2022-10-01,COD,1192,Forecasting,2,Phase 2+,0.55,0.6899999976
537,2022-02-01,COD,1200,Forecasting,2,Phase 2+,0.7,0.7400000095
537,2022-10-01,COD,1201,Forecasting,2,Phase 2+,0.55,0.6800000072
547,2022-07-01,COD,1218,Forecasting,2,Phase 2+,0.85,0.7200000286
555,2022-07-01,COD,1243,Forecasting,2,Phase 2+,0.7,0.6200000048
564,2022-04-01,COD,1264,Forecasting,2,Phase 2+,0.4,0.5400000215
564,2022-06-01,COD,1265,Forecasting,2,Phase 2+,0.75,0.6299999952
564,2022-07-01,COD,1266,Forecasting,2,Phase 2+,0.8,0.6299999952
565,2022-04-01,COD,1279,Forecasting,2,Phase 2+,0.4,0.5299999714
565,2022-06-01,COD,1280,Forecasting,2,Phase 2+,0.75,0.6200000048
565,2022-07-01,COD,1281,Forecasting,2,Phase 2+,0.8,0.6299999952
568,2022-10-01,SSD,1285,Forecasting,2,Phase 2+,0.85,0.8299999833
570,2022-02-01,COD,1299,Forecasting,2,Phase 2+,0.7,0.7699999809
571,2022-02-01,COD,1313,Forecasting,2,Phase 2+,0.7,0.7699999809
577,2022-10-01,SSD,1326,Forecasting,2,Phase 2+,0.55,0.7200000286
578,2022-10-01,SSD,1337,Forecasting,2,Phase 2+,0.55,0.7200000286
586,2022-02-01,COD,1358,Forecasting,2,Phase 2+,0.7,0.7099999785
586,2022-07-01,COD,1359,Forecasting,2,Phase 2+,0.75,0.6800000072
586,2022-10-01,COD,1360,Forecasting,2,Phase 2+,0.55,0.6499999762
587,2022-04-01,COD,1373,Forecasting,2,Phase 2+,0.3,0.4600000083
587,2022-06-01,COD,1374,Forecasting,2,Phase 2+,0.15,0.4900000095
587,2022-07-01,COD,1375,Forecasting,2,Phase 2+,0.8,0.6000000238
591,2022-04-01,COD,1389,Forecasting,2,Phase 2+,0.3,0.5
591,2022-07-01,COD,1390,Forecasting,2,Phase 2+,0.8,0.6000000238
592,2022-04-01,COD,1402,Forecasting,2,Phase 2+,0.3,0.5
592,2022-07-01,COD,1403,Forecasting,2,Phase 2+,0.8,0.6000000238
598,2022-07-01,COD,1423,Forecasting,2,Phase 2+,0.7,0.6399999857
602,2022-04-01,COD,1436,Forecasting,2,Phase 2+,0.4,0.4799999893
602,2022-06-01,COD,1437,Forecasting,2,Phase 2+,0.75,0.6700000167
602,2022-07-01,COD,1438,Forecasting,2,Phase 2+,0.8,0.6100000143
605,2022-10-01,SSD,1444,Forecasting,2,Phase 2+,0.8,0.7699999809
606,2022-10-01,SSD,1448,Forecasting,2,Phase 2+,0.8,0.7699999809
607,2022-07-01,COD,1455,Forecasting,2,Phase 2+,0.7,0.6600000262
608,2022-07-01,COD,1462,Forecasting,2,Phase 2+,0.85,0.6499999762
609,2022-07-01,COD,1469,Forecasting,2,Phase 2+,0.85,0.6499999762
611,2022-06-01,COD,1479,Forecasting,2,Phase 2+,0.3,0.6200000048
611,2022-07-01,COD,1480,Forecasting,2,Phase 2+,0.7,0.6200000048
613,2022-04-01,COD,1492,Forecasting,2,Phase 2+,0.35,0.5500000119
613,2022-06-01,COD,1493,Forecasting,2,Phase 2+,0.4,0.4900000095
613,2022-07-01,COD,1494,Forecasting,2,Phase 2+,0.85,0.5799999833
614,2022-07-01,COD,1499,Forecasting,2,Phase 2+,0.9,0.6700000167
615,2022-04-01,COD,1512,Forecasting,2,Phase 2+,0.4,0.4799999893
615,2022-06-01,COD,1513,Forecasting,2,Phase 2+,0.75,0.6600000262
615,2022-07-01,COD,1514,Forecasting,2,Phase 2+,0.8,0.6100000143
616,2022-04-01,COD,1521,Forecasting,2,Phase 2+,0.3,0.3799999952
618,2022-04-01,COD,1535,Forecasting,2,Phase 2+,0.35,0.5400000215
618,2022-06-01,COD,1536,Forecasting,2,Phase 2+,0.4,0.4799999893
618,2022-07-01,COD,1537,Forecasting,2,Phase 2+,0.85,0.5699999928
623,2022-07-01,COD,1546,Forecasting,2,Phase 2+,0.9,0.6800000072
625,2022-04-01,COD,1560,Forecasting,2,Phase 2+,0.3,0.3799999952
625,2022-06-01,COD,1561,Forecasting,2,Phase 2+,0.15,0.4600000083
625,2022-07-01,COD,1562,Forecasting,2,Phase 2+,0.75,0.5899999738
626,2022-04-01,COD,1576,Forecasting,2,Phase 2+,0.3,0.3899999857
626,2022-06-01,COD,1577,Forecasting,2,Phase 2+,0.15,0.4600000083
626,2022-07-01,COD,1578,Forecasting,2,Phase 2+,0.75,0.5799999833
630,2022-06-01,ZMB,1581,Forecasting,2,Phase 2+,0.6,0.5799999833
633,2022-06-01,ZMB,1584,Forecasting,2,Phase 2+,0.6,0.5699999928
634,2022-04-01,COD,1598,Forecasting,2,Phase 2+,0.35,0.5299999714
634,2022-06-01,COD,1599,Forecasting,2,Phase 2+,0.4,0.5400000215
634,2022-07-01,COD,1600,Forecasting,2,Phase 2+,0.65,0.6100000143
637,2022-02-01,SSD,1615,Forecasting,2,Phase 2+,0.95,0.7699999809
637,2022-10-01,SSD,1616,Forecasting,2,Phase 2+,0.85,0.7599999905
638,2022-02-01,SSD,1625,Forecasting,2,Phase 2+,0.95,0.7799999714
638,2022-10-01,SSD,1626,Forecasting,2,Phase 2+,0.85,0.7599999905
639,2022-02-01,SSD,1633,Forecasting,2,Phase 2+,0.85,0.7599999905
640,2022-02-01,SSD,1640,Forecasting,2,Phase 2+,0.85,0.7599999905
642,2022-10-01,SSD,1643,Forecasting,2,Phase 2+,0.8,0.8399999738
643,2022-10-01,SSD,1645,Forecasting,2,Phase 2+,0.8,0.8399999738
644,2022-06-01,COD,1650,Forecasting,2,Phase 2+,0.3,0.5699999928
644,2022-07-01,COD,1651,Forecasting,2,Phase 2+,0.65,0.6299999952
645,2022-06-01,COD,1656,Forecasting,2,Phase 2+,0.3,0.5699999928
645,2022-07-01,COD,1657,Forecasting,2,Phase 2+,0.65,0.6299999952
646,2022-04-01,COD,1668,Forecasting,2,Phase 2+,0.35,0.5500000119
646,2022-07-01,COD,1669,Forecasting,2,Phase 2+,0.8,0.6200000048
647,2022-04-01,COD,1680,Forecasting,2,Phase 2+,0.35,0.5600000024
647,2022-07-01,COD,1681,Forecasting,2,Phase 2+,0.8,0.6200000048
649,2022-04-01,COD,1700,Forecasting,2,Phase 2+,0.35,0.5400000215
649,2022-06-01,COD,1701,Forecasting,2,Phase 2+,0.35,0.5699999928
649,2022-07-01,COD,1702,Forecasting,2,Phase 2+,0.65,0.5699999928
650,2022-04-01,COD,1720,Forecasting,2,Phase 2+,0.35,0.5400000215
650,2022-06-01,COD,1721,Forecasting,2,Phase 2+,0.35,0.5699999928
650,2022-07-01,COD,1722,Forecasting,2,Phase 2+,0.65,0.5699999928
651,2022-04-01,BDI,1737,Forecasting,2,Phase 2+,0.3,0.4600000083
651,2022-06-01,BDI,1738,Forecasting,2,Phase 2+,0.15,0.6499999762
651,2022-07-01,BDI,1739,Forecasting,2,Phase 2+,0.75,0.6999999881
652,2022-04-01,BDI,1754,Forecasting,2,Phase 2+,0.3,0.4600000083
652,2022-06-01,BDI,1755,Forecasting,2,Phase 2+,0.15,0.6700000167
652,2022-07-01,BDI,1756,Forecasting,2,Phase 2+,0.75,0.7300000191
654,2022-06-01,COD,1766,Forecasting,2,Phase 2+,0.3,0.6299999952
654,2022-07-01,COD,1767,Forecasting,2,Phase 2+,0.8,0.6499999762
655,2022-06-01,COD,1777,Forecasting,2,Phase 2+,0.3,0.5500000119
655,2022-07-01,COD,1778,Forecasting,2,Phase 2+,0.75,0.5699999928
658,2022-06-01,COD,1788,Forecasting,2,Phase 2+,0.3,0.5699999928
658,2022-07-01,COD,1789,Forecasting,2,Phase 2+,0.8,0.5299999714
661,2022-06-01,COD,1802,Forecasting,2,Phase 2+,0.3,0.5799999833
661,2022-07-01,COD,1803,Forecasting,2,Phase 2+,0.8,0.5400000215
668,2022-02-01,SSD,1823,Forecasting,2,Phase 2+,0.5,0.6299999952
668,2022-07-01,SSD,1824,Forecasting,2,Phase 2+,0.75,0.6899999976
669,2022-02-01,SSD,1831,Forecasting,2,Phase 2+,0.5,0.6299999952
669,2022-07-01,SSD,1832,Forecasting,2,Phase 2+,0.75,0.6899999976
670,2022-02-01,SSD,1834,Forecasting,2,Phase 2+,0.9,0.7699999809
671,2022-02-01,SSD,1836,Forecasting,2,Phase 2+,0.9,0.7699999809
672,2022-02-01,SSD,1846,Forecasting,2,Phase 2+,0.8,0.7599999905
672,2022-10-01,SSD,1847,Forecasting,2,Phase 2+,0.8,0.8000000119
673,2022-02-01,SSD,1857,Forecasting,2,Phase 2+,0.8,0.7599999905
673,2022-10-01,SSD,1858,Forecasting,2,Phase 2+,0.8,0.8000000119
674,2022-07-01,BDI,1868,Forecasting,2,Phase 2+,0.8,0.7300000191
675,2022-07-01,BDI,1878,Forecasting,2,Phase 2+,0.8,0.7300000191
676,2022-04-01,BDI,1893,Forecasting,2,Phase 2+,0.4,0.5099999905
676,2022-06-01,BDI,1894,Forecasting,2,Phase 2+,0.4,0.6399999857
676,2022-07-01,BDI,1895,Forecasting,2,Phase 2+,0.75,0.6800000072
677,2022-04-01,BDI,1910,Forecasting,2,Phase 2+,0.4,0.5099999905
677,2022-06-01,BDI,1911,Forecasting,2,Phase 2+,0.4,0.6499999762
677,2022-07-01,BDI,1912,Forecasting,2,Phase 2+,0.75,0.6899999976
678,2022-02-01,SSD,1917,Forecasting,2,Phase 2+,0.95,0.8199999928
678,2022-04-01,SSD,1918,Forecasting,2,Phase 2+,0.4,0.8199999928
679,2022-02-01,SSD,1923,Forecasting,2,Phase 2+,0.95,0.8199999928
679,2022-04-01,SSD,1924,Forecasting,2,Phase 2+,0.4,0.8199999928
680,2022-02-01,COD,1927,Forecasting,2,Phase 2+,0.8,0.7400000095
680,2022-07-01,COD,1928,Forecasting,2,Phase 2+,0.75,0.7099999785
680,2022-10-01,COD,1929,Forecasting,2,Phase 2+,0.8,0.6499999762
681,2022-06-01,COD,1939,Forecasting,2,Phase 2+,0.3,0.6499999762
681,2022-07-01,COD,1940,Forecasting,2,Phase 2+,0.8,0.6200000048
682,2022-02-01,SSD,1942,Forecasting,2,Phase 2+,0.95,0.8299999833
683,2022-02-01,SSD,1944,Forecasting,2,Phase 2+,0.95,0.8199999928
684,2022-06-01,COD,1954,Forecasting,2,Phase 2+,0.3,0.6600000262
684,2022-07-01,COD,1955,Forecasting,2,Phase 2+,0.8,0.6200000048
685,2022-02-01,COD,1958,Forecasting,2,Phase 2+,0.8,0.7699999809
685,2022-07-01,COD,1959,Forecasting,2,Phase 2+,0.75,0.7200000286
691,2022-02-01,SSD,1977,Forecasting,2,Phase 2+,0.85,0.8399999738
692,2022-02-01,SSD,1981,Forecasting,2,Phase 2+,0.85,0.8399999738
699,2022-04-01,BDI,2008,Forecasting,2,Phase 2+,0.35,0.5099999905
699,2022-06-01,BDI,2009,Forecasting,2,Phase 2+,0.4,0.6999999881
699,2022-07-01,BDI,2010,Forecasting,2,Phase 2+,0.75,0.6800000072
700,2022-04-01,BDI,2023,Forecasting,2,Phase 2+,0.35,0.4900000095
700,2022-07-01,BDI,2024,Forecasting,2,Phase 2+,0.75,0.6899999976
701,2022-02-01,SSD,2028,Forecasting,2,Phase 2+,0.95,0.8299999833
702,2022-02-01,SSD,2032,Forecasting,2,Phase 2+,0.95,0.8199999928
703,2022-04-01,BDI,2046,Forecasting,2,Phase 2+,0.3,0.5199999809
703,2022-06-01,BDI,2047,Forecasting,2,Phase 2+,0.35,0.6700000167
703,2022-07-01,BDI,2048,Forecasting,2,Phase 2+,0.75,0.6999999881
704,2022-04-01,BDI,2062,Forecasting,2,Phase 2+,0.3,0.5
704,2022-06-01,BDI,2063,Forecasting,2,Phase 2+,0.35,0.6499999762
704,2022-07-01,BDI,2064,Forecasting,2,Phase 2+,0.75,0.6800000072
705,2022-10-01,ZAF,2067,Forecasting,2,Phase 2+,0.6,0.4099999964
706,2022-06-01,COD,2075,Forecasting,2,Phase 2+,0.3,0.7200000286
706,2022-07-01,COD,2076,Forecasting,2,Phase 2+,0.75,0.6399999857
707,2022-04-01,BDI,2087,Forecasting,2,Phase 2+,0.45,0.5400000215
707,2022-06-01,BDI,2088,Forecasting,2,Phase 2+,0.45,0.6000000238
707,2022-07-01,BDI,2089,Forecasting,2,Phase 2+,0.75,0.7200000286
708,2022-04-01,BDI,2100,Forecasting,2,Phase 2+,0.45,0.5299999714
708,2022-06-01,BDI,2101,Forecasting,2,Phase 2+,0.45,0.5799999833
708,2022-07-01,BDI,2102,Forecasting,2,Phase 2+,0.75,0.7200000286
711,2022-02-01,SSD,2118,Forecasting,2,Phase 2+,0.8,0.7599999905
711,2022-07-01,SSD,2119,Forecasting,2,Phase 2+,0.75,0.7099999785
712,2022-02-01,SSD,2133,Forecasting,2,Phase 2+,0.8,0.7599999905
712,2022-07-01,SSD,2134,Forecasting,2,Phase 2+,0.75,0.7099999785
716,2022-02-01,COD,2146,Forecasting,2,Phase 2+,0.8,0.6800000072
716,2022-06-01,COD,2147,Forecasting,2,Phase 2+,0.6,0.7099999785
717,2022-02-01,COD,2154,Forecasting,2,Phase 2+,0.8,0.7300000191
717,2022-06-01,COD,2155,Forecasting,2,Phase 2+,0.6,0.6999999881
723,2022-02-01,SSD,2162,Forecasting,2,Phase 2+,1,0.8299999833
724,2022-02-01,SSD,2165,Forecasting,2,Phase 2+,1,0.8600000143
726,2022-02-01,COD,2171,Forecasting,2,Phase 2+,0.8,0.6299999952
727,2022-06-01,ZAF,2179,Forecasting,2,Phase 2+,0.5,0.4300000072
727,2022-07-01,ZAF,2180,Forecasting,2,Phase 2+,0.45,0.4399999976
732,2022-06-01,SSD,2195,Forecasting,2,Phase 2+,0.5,0.75
732,2022-10-01,SSD,2196,Forecasting,2,Phase 2+,0.8,0.6700000167
733,2022-06-01,SSD,2206,Forecasting,2,Phase 2+,0.5,0.75
733,2022-10-01,SSD,2207,Forecasting,2,Phase 2+,0.8,0.6700000167
735,2022-02-01,SSD,2221,Forecasting,2,Phase 2+,0.9,0.7699999809
735,2022-10-01,SSD,2222,Forecasting,2,Phase 2+,0.8,0.7799999714
736,2022-02-01,SSD,2231,Forecasting,2,Phase 2+,0.9,0.7799999714
736,2022-10-01,SSD,2232,Forecasting,2,Phase 2+,0.8,0.7799999714
748,2022-02-01,SSD,2239,Forecasting,2,Phase 2+,0.95,0.8600000143
749,2022-02-01,SSD,2240,Forecasting,2,Phase 2+,0.95,0.8600000143
752,2022-10-01,UGA,2242,Forecasting,2,Phase 2+,0.8,0.7200000286
753,2022-10-01,UGA,2244,Forecasting,2,Phase 2+,0.8,0.7200000286
759,2022-06-01,SWZ,2274,Forecasting,2,Phase 2+,0.45,0.5
759,2022-10-01,SWZ,2275,Forecasting,2,Phase 2+,0.6,0.6200000048
760,2022-02-01,SSD,2279,Forecasting,2,Phase 2+,0.85,0.7900000215
761,2022-06-01,SWZ,2285,Forecasting,2,Phase 2+,0.45,0.5
761,2022-10-01,SWZ,2286,Forecasting,2,Phase 2+,0.6,0.6000000238
762,2022-02-01,SSD,2290,Forecasting,2,Phase 2+,0.85,0.8000000119
768,2022-02-01,SSD,2295,Forecasting,2,Phase 2+,0.9,0.8100000024
769,2022-02-01,SSD,2298,Forecasting,2,Phase 2+,0.9,0.8100000024
770,2022-06-01,SWZ,2299,Forecasting,2,Phase 2+,0.4,0.4699999988
770,2022-10-01,SWZ,2300,Forecasting,2,Phase 2+,0.6,0.5699999928
773,2022-06-01,SWZ,2307,Forecasting,2,Phase 2+,0.4,0.4799999893
773,2022-10-01,SWZ,2308,Forecasting,2,Phase 2+,0.6,0.5699999928
779,2022-02-01,SSD,2317,Forecasting,2,Phase 2+,0.95,0.8399999738
779,2022-10-01,SSD,2318,Forecasting,2,Phase 2+,0.9,0.8799999952
780,2022-02-01,SSD,2322,Forecasting,2,Phase 2+,0.95,0.8399999738
780,2022-10-01,SSD,2323,Forecasting,2,Phase 2+,0.9,0.8799999952
781,2022-10-01,SSD,2326,Forecasting,2,Phase 2+,1,0.8600000143
782,2022-10-01,SSD,2329,Forecasting,2,Phase 2+,1,0.8600000143
783,2022-10-01,SSD,2337,Forecasting,2,Phase 2+,0.8,0.7200000286
784,2022-10-01,SSD,2345,Forecasting,2,Phase 2+,0.8,0.7099999785
785,2022-06-01,SSD,2357,Forecasting,2,Phase 2+,0.6,0.6999999881
785,2022-10-01,SSD,2358,Forecasting,2,Phase 2+,0.85,0.6800000072
786,2022-06-01,SSD,2370,Forecasting,2,Phase 2+,0.6,0.6999999881
786,2022-10-01,SSD,2371,Forecasting,2,Phase 2+,0.85,0.6899999976
789,2022-10-01,SSD,2376,Forecasting,2,Phase 2+,0.9,0.8600000143
793,2022-02-01,SDN,2379,Forecasting,2,Phase 2+,0.75,0.6899999976
794,2022-10-01,SWZ,2381,Forecasting,2,Phase 2+,0.6,0.6399999857
796,2022-06-01,UGA,2386,Forecasting,2,Phase 2+,0.6,0.6600000262
797,2022-06-01,UGA,2390,Forecasting,2,Phase 2+,0.6,0.6600000262
798,2022-06-01,SWZ,2393,Forecasting,2,Phase 2+,0.55,0.5600000024
799,2022-06-01,SWZ,2396,Forecasting,2,Phase 2+,0.55,0.5600000024
800,2022-10-01,SSD,2399,Forecasting,2,Phase 2+,0.95,0.8100000024
801,2022-10-01,SSD,2402,Forecasting,2,Phase 2+,0.95,0.8100000024
806,2022-02-01,SSD,2409,Forecasting,2,Phase 2+,0.85,0.7599999905
806,2022-10-01,SSD,2410,Forecasting,2,Phase 2+,0.85,0.8000000119
807,2022-02-01,SSD,2417,Forecasting,2,Phase 2+,0.85,0.7599999905
807,2022-10-01,SSD,2418,Forecasting,2,Phase 2+,0.85,0.8000000119
815,2022-02-01,SSD,2422,Forecasting,2,Phase 2+,0.9,0.8299999833
815,2022-10-01,SSD,2423,Forecasting,2,Phase 2+,0.9,0.8600000143
816,2022-02-01,SSD,2427,Forecasting,2,Phase 2+,0.9,0.8299999833
816,2022-10-01,SSD,2428,Forecasting,2,Phase 2+,0.9,0.8600000143
817,2022-02-01,SSD,2434,Forecasting,2,Phase 2+,0.9,0.8500000238
817,2022-10-01,SSD,2435,Forecasting,2,Phase 2+,0.9,0.8500000238
818,2022-02-01,SSD,2441,Forecasting,2,Phase 2+,0.9,0.8500000238
818,2022-10-01,SSD,2442,Forecasting,2,Phase 2+,0.9,0.8500000238
820,2022-02-01,SSD,2449,Forecasting,2,Phase 2+,0.55,0.6999999881
820,2022-03-01,SSD,2450,Forecasting,2,Phase 2+,0.7,0.6800000072
820,2022-06-01,SSD,2451,Forecasting,2,Phase 2+,0.6,0.6700000167
821,2022-02-01,SSD,2458,Forecasting,2,Phase 2+,0.55,0.6999999881
821,2022-03-01,SSD,2459,Forecasting,2,Phase 2+,0.7,0.6800000072
821,2022-06-01,SSD,2460,Forecasting,2,Phase 2+,0.6,0.6700000167
825,2022-04-01,SDN,2461,Forecasting,2,Phase 2+,0.7,0.6600000262
828,2022-04-01,SDN,2464,Forecasting,2,Phase 2+,0.45,0.7699999809
829,2022-04-01,SDN,2467,Forecasting,2,Phase 2+,0.45,0.7699999809
837,2022-06-01,UGA,2470,Forecasting,2,Phase 2+,0.7,0.6100000143
842,2022-02-01,SSD,2482,Forecasting,2,Phase 2+,0.75,0.7200000286
842,2022-03-01,SSD,2483,Forecasting,2,Phase 2+,0.7,0.6800000072
842,2022-06-01,SSD,2484,Forecasting,2,Phase 2+,0.6,0.6999999881
842,2022-10-01,SSD,2485,Forecasting,2,Phase 2+,0.7,0.6600000262
843,2022-02-01,SSD,2495,Forecasting,2,Phase 2+,0.75,0.7200000286
843,2022-03-01,SSD,2496,Forecasting,2,Phase 2+,0.7,0.6800000072
843,2022-06-01,SSD,2497,Forecasting,2,Phase 2+,0.6,0.6999999881
843,2022-10-01,SSD,2498,Forecasting,2,Phase 2+,0.7,0.6600000262
844,2022-10-01,SSD,2500,Forecasting,2,Phase 2+,0.8,0.7300000191
845,2022-10-01,SSD,2502,Forecasting,2,Phase 2+,0.8,0.7300000191
852,2022-06-01,UGA,2512,Forecasting,2,Phase 2+,0.7,0.6000000238
857,2022-03-01,UGA,2522,Forecasting,2,Phase 2+,0.7,0.6800000072
858,2022-03-01,UGA,2525,Forecasting,2,Phase 2+,0.7,0.6800000072
882,2022-02-01,SSD,2553,Forecasting,2,Phase 2+,0.9,0.7799999714
883,2022-02-01,SSD,2558,Forecasting,2,Phase 2+,0.9,0.7900000215
893,2022-02-01,SSD,2571,Forecasting,2,Phase 2+,0.8,0.6800000072
893,2022-10-01,SSD,2572,Forecasting,2,Phase 2+,0.9,0.6899999976
894,2022-02-01,SSD,2578,Forecasting,2,Phase 2+,0.8,0.6899999976
894,2022-10-01,SSD,2579,Forecasting,2,Phase 2+,0.9,0.6899999976
896,2022-04-01,SSD,2584,Forecasting,2,Phase 2+,0.75,0.6999999881
897,2022-04-01,SSD,2587,Forecasting,2,Phase 2+,0.75,0.6999999881
898,2022-03-01,SSD,2588,Forecasting,2,Phase 2+,0.7,0.6700000167
898,2022-06-01,SSD,2589,Forecasting,2,Phase 2+,0.6,0.7300000191
898,2022-10-01,SSD,2590,Forecasting,2,Phase 2+,0.8,0.6899999976
899,2022-03-01,SSD,2591,Forecasting,2,Phase 2+,0.7,0.6700000167
899,2022-06-01,SSD,2592,Forecasting,2,Phase 2+,0.6,0.7300000191
899,2022-10-01,SSD,2593,Forecasting,2,Phase 2+,0.8,0.6899999976
901,2022-02-01,SSD,2596,Forecasting,2,Phase 2+,0.8,0.7799999714
902,2022-02-01,SSD,2598,Forecasting,2,Phase 2+,0.8,0.7900000215
913,2022-02-01,SSD,2615,Forecasting,2,Phase 2+,0.8,0.7300000191
914,2022-02-01,SSD,2619,Forecasting,2,Phase 2+,0.8,0.7300000191
915,2022-10-01,MWI,2621,Forecasting,2,Phase 2+,0.5,0.5699999928
916,2022-03-01,UGA,2622,Forecasting,2,Phase 2+,0.8,0.5299999714
917,2022-02-01,UGA,2624,Forecasting,2,Phase 2+,0.8,0.6899999976
917,2022-06-01,UGA,2625,Forecasting,2,Phase 2+,0.55,0.6600000262
918,2022-02-01,UGA,2627,Forecasting,2,Phase 2+,0.8,0.7099999785
918,2022-06-01,UGA,2628,Forecasting,2,Phase 2+,0.55,0.6299999952
919,2022-03-01,UGA,2629,Forecasting,2,Phase 2+,0.8,0.5799999833
921,2022-10-01,MWI,2631,Forecasting,2,Phase 2+,0.3,0.5500000119
929,2022-10-01,UGA,2645,Forecasting,2,Phase 2+,0.8,0.6899999976
930,2022-02-01,SSD,2649,Forecasting,2,Phase 2+,0.9,0.7599999905
930,2022-10-01,SSD,2650,Forecasting,2,Phase 2+,0.85,0.7599999905
931,2022-02-01,SSD,2655,Forecasting,2,Phase 2+,0.9,0.7599999905
931,2022-10-01,SSD,2656,Forecasting,2,Phase 2+,0.85,0.75
937,2022-02-01,UGA,2672,Forecasting,2,Phase 2+,0.8,0.6499999762
937,2022-03-01,UGA,2673,Forecasting,2,Phase 2+,0.8,0.6000000238
937,2022-06-01,UGA,2674,Forecasting,2,Phase 2+,0.75,0.6000000238
937,2022-07-01,UGA,2675,Forecasting,2,Phase 2+,0.9,0.6299999952
937,2022-10-01,UGA,2676,Forecasting,2,Phase 2+,0.8,0.6299999952
938,2022-02-01,UGA,2685,Forecasting,2,Phase 2+,0.8,0.6399999857
938,2022-03-01,UGA,2686,Forecasting,2,Phase 2+,0.8,0.6100000143
938,2022-06-01,UGA,2687,Forecasting,2,Phase 2+,0.75,0.6100000143
938,2022-07-01,UGA,2688,Forecasting,2,Phase 2+,0.9,0.6200000048
938,2022-10-01,UGA,2689,Forecasting,2,Phase 2+,0.8,0.6299999952
941,2022-03-01,UGA,2692,Forecasting,2,Phase 2+,0.8,0.4699999988
942,2022-03-01,UGA,2695,Forecasting,2,Phase 2+,0.8,0.4699999988
948,2022-02-01,UGA,2701,Forecasting,2,Phase 2+,0.8,0.6899999976
948,2022-03-01,UGA,2702,Forecasting,2,Phase 2+,0.8,0.6899999976
951,2022-02-01,UGA,2711,Forecasting,2,Phase 2+,0.2,0.2599999905
951,2022-03-01,UGA,2712,Forecasting,2,Phase 2+,0.8,0.4600000083
951,2022-06-01,UGA,2713,Forecasting,2,Phase 2+,0.75,0.5400000215
951,2022-07-01,UGA,2714,Forecasting,2,Phase 2+,0.2,0.4799999893
952,2022-02-01,UGA,2719,Forecasting,2,Phase 2+,0.2,0.2599999905
952,2022-03-01,UGA,2720,Forecasting,2,Phase 2+,0.8,0.4600000083
952,2022-06-01,UGA,2721,Forecasting,2,Phase 2+,0.75,0.5400000215
952,2022-07-01,UGA,2722,Forecasting,2,Phase 2+,0.2,0.4799999893
957,2022-07-01,KEN,2727,Forecasting,2,Phase 2+,0.25,0.5600000024
965,2022-02-01,UGA,2730,Forecasting,2,Phase 2+,0.2,0.4799999893
965,2022-06-01,UGA,2731,Forecasting,2,Phase 2+,0.6,0.5299999714
966,2022-02-01,UGA,2733,Forecasting,2,Phase 2+,0.2,0.4099999964
966,2022-06-01,UGA,2734,Forecasting,2,Phase 2+,0.6,0.5299999714
968,2022-02-01,UGA,2738,Forecasting,2,Phase 2+,0.75,0.6299999952
968,2022-03-01,UGA,2739,Forecasting,2,Phase 2+,0.8,0.6299999952
968,2022-06-01,UGA,2740,Forecasting,2,Phase 2+,0.7,0.6399999857
968,2022-07-01,UGA,2741,Forecasting,2,Phase 2+,0.9,0.6700000167
969,2022-02-01,UGA,2745,Forecasting,2,Phase 2+,0.75,0.6200000048
969,2022-03-01,UGA,2746,Forecasting,2,Phase 2+,0.8,0.6200000048
969,2022-06-01,UGA,2747,Forecasting,2,Phase 2+,0.7,0.6299999952
969,2022-07-01,UGA,2748,Forecasting,2,Phase 2+,0.9,0.6700000167
971,2022-03-01,SSD,2751,Forecasting,2,Phase 2+,0.8,0.7400000095
971,2022-06-01,SSD,2752,Forecasting,2,Phase 2+,0.75,0.75
972,2022-03-01,SSD,2755,Forecasting,2,Phase 2+,0.8,0.75
972,2022-06-01,SSD,2756,Forecasting,2,Phase 2+,0.75,0.75
983,2022-06-01,MOZ,2760,Forecasting,2,Phase 2+,0.6,0.5899999738
984,2022-06-01,MOZ,2761,Forecasting,2,Phase 2+,0.6,0.5799999833
985,2022-06-01,MOZ,2762,Forecasting,2,Phase 2+,0.6,0.5799999833
994,2022-02-01,KEN,2765,Forecasting,2,Phase 2+,0.2,0.3199999928
994,2022-06-01,KEN,2766,Forecasting,2,Phase 2+,0.5,0.5099999905
995,2022-02-01,KEN,2769,Forecasting,2,Phase 2+,0.2,0.3100000024
995,2022-06-01,KEN,2770,Forecasting,2,Phase 2+,0.5,0.5199999809
997,2022-09-01,LBN,2774,Forecasting,2,Phase 2+,0.85,0.6299999952
1001,2022-09-01,LBN,2777,Forecasting,2,Phase 2+,0.85,0.5600000024
1003,2022-02-01,KEN,2781,Forecasting,2,Phase 2+,0.75,0.6399999857
1003,2022-03-01,KEN,2782,Forecasting,2,Phase 2+,0.8,0.6499999762
1003,2022-07-01,KEN,2783,Forecasting,2,Phase 2+,0.9,0.6399999857
1005,2022-02-01,KEN,2787,Forecasting,2,Phase 2+,0.75,0.6399999857
1005,2022-03-01,KEN,2788,Forecasting,2,Phase 2+,0.8,0.6800000072
1005,2022-07-01,KEN,2789,Forecasting,2,Phase 2+,0.9,0.6399999857
1008,2022-09-01,LBN,2791,Forecasting,2,Phase 2+,0.75,0.5699999928
1011,2022-02-01,KEN,2796,Forecasting,2,Phase 2+,0.7,0.2700000107
1011,2022-03-01,KEN,2797,Forecasting,2,Phase 2+,0.6,0.4300000072
1011,2022-06-01,KEN,2798,Forecasting,2,Phase 2+,0.5,0.5600000024
1011,2022-07-01,KEN,2799,Forecasting,2,Phase 2+,0.7,0.5199999809
1016,2022-09-01,LBN,2806,Forecasting,2,Phase 2+,0.85,0.5799999833
1017,2022-09-01,LBN,2807,Forecasting,2,Phase 2+,0.8,0.6200000048
1020,2022-09-01,LBN,2808,Forecasting,2,Phase 2+,0.85,0.5600000024
1023,2022-09-01,LBN,2809,Forecasting,2,Phase 2+,0.7,0.6000000238
1032,2022-02-01,KEN,2815,Forecasting,2,Phase 2+,0.7,0.2700000107
1032,2022-03-01,KEN,2816,Forecasting,2,Phase 2+,0.6,0.4199999869
1032,2022-06-01,KEN,2817,Forecasting,2,Phase 2+,0.5,0.4900000095
1033,2022-02-01,KEN,2820,Forecasting,2,Phase 2+,0.7,0.3100000024
1033,2022-03-01,KEN,2821,Forecasting,2,Phase 2+,0.6,0.4499999881
1033,2022-06-01,KEN,2822,Forecasting,2,Phase 2+,0.5,0.5099999905
1038,2022-09-01,LBN,2824,Forecasting,2,Phase 2+,0.9,0.6399999857
1039,2022-09-01,LBN,2825,Forecasting,2,Phase 2+,0.9,0.6000000238
1046,2022-02-01,KEN,2831,Forecasting,2,Phase 2+,0.6,0.4600000083
1046,2022-07-01,KEN,2832,Forecasting,2,Phase 2+,0.7,0.5299999714
1047,2022-02-01,KEN,2835,Forecasting,2,Phase 2+,0.6,0.4499999881
1047,2022-07-01,KEN,2836,Forecasting,2,Phase 2+,0.7,0.5199999809
1048,2022-07-01,KEN,2837,Forecasting,2,Phase 2+,0.6,0.5
1048,2022-10-01,KEN,2838,Forecasting,2,Phase 2+,0.6,0.5199999809
1049,2022-10-01,KEN,2839,Forecasting,2,Phase 2+,0.6,0.4399999976
1050,2022-10-01,KEN,2840,Forecasting,2,Phase 2+,0.6,0.4399999976
1057,2022-07-01,TZA,2846,Forecasting,2,Phase 2+,0.35,0.3600000143
1059,2022-02-01,KEN,2848,Forecasting,2,Phase 2+,0.75,0.4900000095
1059,2022-07-01,KEN,2849,Forecasting,2,Phase 2+,0.85,0.4699999988
1060,2022-02-01,KEN,2851,Forecasting,2,Phase 2+,0.75,0.5
1060,2022-07-01,KEN,2852,Forecasting,2,Phase 2+,0.85,0.4799999893
1061,2022-07-01,KEN,2857,Forecasting,2,Phase 2+,0.5,0.4099999964
1068,2022-02-01,KEN,2865,Forecasting,2,Phase 2+,0.9,0.5799999833
1068,2022-07-01,KEN,2866,Forecasting,2,Phase 2+,0.9,0.6399999857
1071,2022-02-01,KEN,2870,Forecasting,2,Phase 2+,0.9,0.5600000024
1071,2022-07-01,KEN,2871,Forecasting,2,Phase 2+,0.9,0.6200000048
1097,2022-02-01,KEN,2878,Forecasting,2,Phase 2+,0.45,0.349999994
1099,2022-02-01,KEN,2879,Forecasting,2,Phase 2+,0.45,0.349999994
1102,2022-02-01,KEN,2882,Forecasting,2,Phase 2+,0.75,0.5899999738
1102,2022-07-01,KEN,2883,Forecasting,2,Phase 2+,0.8,0.5099999905
1103,2022-02-01,KEN,2886,Forecasting,2,Phase 2+,0.75,0.5899999738
1103,2022-07-01,KEN,2887,Forecasting,2,Phase 2+,0.8,0.5099999905
1107,2022-10-01,MOZ,2888,Forecasting,2,Phase 2+,0.65,0.5
1112,2022-10-01,MOZ,2889,Forecasting,2,Phase 2+,0.35,0.5500000119
1113,2022-10-01,MOZ,2890,Forecasting,2,Phase 2+,0.35,0.5400000215
1114,2022-10-01,MOZ,2891,Forecasting,2,Phase 2+,0.35,0.5299999714
1124,2022-10-01,MOZ,2899,Forecasting,2,Phase 2+,0.65,0.4099999964
1128,2022-10-01,MOZ,2903,Forecasting,2,Phase 2+,0.65,0.4499999881
1131,2022-10-01,MOZ,2911,Forecasting,2,Phase 2+,0.8,0.5
1145,2022-10-01,MOZ,2919,Forecasting,2,Phase 2+,0.65,0.5299999714
1146,2022-10-01,MOZ,2921,Forecasting,2,Phase 2+,0.65,0.5400000215
1148,2022-10-01,MOZ,2922,Forecasting,2,Phase 2+,0.85,0.5500000119
1150,2022-10-01,MOZ,2923,Forecasting,2,Phase 2+,0.85,0.5299999714
1151,2022-10-01,MOZ,2926,Forecasting,2,Phase 2+,0.8,0.6399999857
1152,2022-10-01,MOZ,2929,Forecasting,2,Phase 2+,0.8,0.6399999857
1154,2022-10-01,MOZ,2933,Forecasting,2,Phase 2+,0.8,0.4600000083
1157,2022-02-01,KEN,2943,Forecasting,2,Phase 2+,0.85,0.5600000024
1157,2022-07-01,KEN,2944,Forecasting,2,Phase 2+,0.9,0.5600000024
1157,2022-10-01,KEN,2945,Forecasting,2,Phase 2+,0.25,0.5799999833
1158,2022-02-01,KEN,2953,Forecasting,2,Phase 2+,0.85,0.5699999928
1158,2022-07-01,KEN,2954,Forecasting,2,Phase 2+,0.9,0.5600000024
1158,2022-10-01,KEN,2955,Forecasting,2,Phase 2+,0.25,0.5799999833
1160,2022-01-01,KEN,2967,Forecasting,2,Phase 2+,0.47,0.5
1160,2022-02-01,KEN,2968,Forecasting,2,Phase 2+,0.55,0.4600000083
1160,2022-05-01,KEN,2969,Forecasting,2,Phase 2+,0.67,0.4699999988
1160,2022-07-01,KEN,2970,Forecasting,2,Phase 2+,0.7,0.4699999988
1160,2022-10-01,KEN,2971,Forecasting,2,Phase 2+,0.15,0.5
1161,2022-01-01,KEN,2983,Forecasting,2,Phase 2+,0.47,0.5
1161,2022-02-01,KEN,2984,Forecasting,2,Phase 2+,0.55,0.4499999881
1161,2022-05-01,KEN,2985,Forecasting,2,Phase 2+,0.67,0.4600000083
1161,2022-07-01,KEN,2986,Forecasting,2,Phase 2+,0.7,0.4600000083
1161,2022-10-01,KEN,2987,Forecasting,2,Phase 2+,0.15,0.4900000095
1173,2022-01-01,KEN,2997,Forecasting,2,Phase 2+,0.4,0.5799999833
1173,2022-02-01,KEN,2998,Forecasting,2,Phase 2+,0.7,0.5799999833
1173,2022-07-01,KEN,2999,Forecasting,2,Phase 2+,0.75,0.5699999928
1173,2022-10-01,KEN,3000,Forecasting,2,Phase 2+,0.25,0.5600000024
1182,2022-01-01,SOM,3020,Forecasting,2,Phase 2+,0.47,0.3199999928
1182,2022-05-01,SOM,3021,Forecasting,2,Phase 2+,0.67,0.349999994
1182,2022-10-01,SOM,3022,Forecasting,2,Phase 2+,0.15,0.349999994
1183,2022-01-01,SOM,3028,Forecasting,2,Phase 2+,0.4,0.4199999869
1183,2022-02-01,SOM,3029,Forecasting,2,Phase 2+,0.7,0.3799999952
1184,2022-01-01,SOM,3035,Forecasting,2,Phase 2+,0.4,0.4300000072
1184,2022-02-01,SOM,3036,Forecasting,2,Phase 2+,0.7,0.400000006
1188,2022-01-01,SOM,3048,Forecasting,2,Phase 2+,0.4,0.3899999857
1188,2022-02-01,SOM,3049,Forecasting,2,Phase 2+,0.7,0.4099999964
1188,2022-05-01,SOM,3050,Forecasting,2,Phase 2+,0.74,0.4499999881
1188,2022-07-01,SOM,3051,Forecasting,2,Phase 2+,0.5,0.4099999964
1189,2022-01-01,SOM,3058,Forecasting,2,Phase 2+,0.4,0.4099999964
1189,2022-02-01,SOM,3059,Forecasting,2,Phase 2+,0.7,0.3799999952
1189,2022-10-01,SOM,3060,Forecasting,2,Phase 2+,0.35,0.5
1190,2022-01-01,SOM,3069,Forecasting,2,Phase 2+,0.47,0.2899999917
1190,2022-05-01,SOM,3070,Forecasting,2,Phase 2+,0.67,0.3199999928
1190,2022-07-01,SOM,3071,Forecasting,2,Phase 2+,0.35,0.2899999917
1190,2022-10-01,SOM,3072,Forecasting,2,Phase 2+,0.35,0.3600000143
1192,2022-10-01,ETH,3077,Forecasting,2,Phase 2+,0.25,0.7099999785
1195,2022-01-01,SOM,3089,Forecasting,2,Phase 2+,0.47,0.3199999928
1195,2022-05-01,SOM,3090,Forecasting,2,Phase 2+,0.67,0.3300000131
1195,2022-07-01,SOM,3091,Forecasting,2,Phase 2+,0.35,0.3100000024
1195,2022-10-01,SOM,3092,Forecasting,2,Phase 2+,0.35,0.3600000143
1196,2022-01-01,SOM,3104,Forecasting,2,Phase 2+,0.4,0.4300000072
1196,2022-02-01,SOM,3105,Forecasting,2,Phase 2+,0.7,0.4099999964
1196,2022-05-01,SOM,3106,Forecasting,2,Phase 2+,0.74,0.4600000083
1196,2022-07-01,SOM,3107,Forecasting,2,Phase 2+,0.5,0.4399999976
1196,2022-10-01,SOM,3108,Forecasting,2,Phase 2+,0.35,0.4499999881
1197,2022-01-01,SOM,3120,Forecasting,2,Phase 2+,0.4,0.4300000072
1197,2022-02-01,SOM,3121,Forecasting,2,Phase 2+,0.7,0.4099999964
1197,2022-05-01,SOM,3122,Forecasting,2,Phase 2+,0.74,0.4600000083
1197,2022-07-01,SOM,3123,Forecasting,2,Phase 2+,0.5,0.4399999976
1197,2022-10-01,SOM,3124,Forecasting,2,Phase 2+,0.35,0.4499999881
1200,2022-10-01,SOM,3133,Forecasting,2,Phase 2+,0.65,0.4399999976
1203,2022-02-01,SOM,3138,Forecasting,2,Phase 2+,0.7,0.5299999714
1203,2022-10-01,SOM,3139,Forecasting,2,Phase 2+,0.55,0.5699999928
1204,2022-02-01,SOM,3144,Forecasting,2,Phase 2+,0.7,0.5199999809
1204,2022-10-01,SOM,3145,Forecasting,2,Phase 2+,0.55,0.4499999881
1207,2022-01-01,SOM,3152,Forecasting,2,Phase 2+,0.4,0.3600000143
1207,2022-05-01,SOM,3153,Forecasting,2,Phase 2+,0.74,0.4499999881
1207,2022-07-01,SOM,3154,Forecasting,2,Phase 2+,0.55,0.400000006
1210,2022-07-01,ETH,3156,Forecasting,2,Phase 2+,0.3,0.5899999738
1211,2022-01-01,SOM,3166,Forecasting,2,Phase 2+,0.4,0.4199999869
1211,2022-05-01,SOM,3167,Forecasting,2,Phase 2+,0.74,0.4900000095
1211,2022-07-01,SOM,3168,Forecasting,2,Phase 2+,0.4,0.4300000072
1212,2022-10-01,SOM,3171,Forecasting,2,Phase 2+,0.35,0.4300000072
1214,2022-05-01,SOM,3179,Forecasting,2,Phase 2+,0.74,0.4499999881
1214,2022-07-01,SOM,3180,Forecasting,2,Phase 2+,0.55,0.4199999869
1214,2022-10-01,SOM,3181,Forecasting,2,Phase 2+,0.55,0.4099999964
1215,2022-10-01,DJI,3183,Forecasting,2,Phase 2+,0.2,0.6899999976
1216,2022-01-01,SOM,3190,Forecasting,2,Phase 2+,0.44,0.2800000012
1216,2022-10-01,SOM,3191,Forecasting,2,Phase 2+,0.35,0.4199999869
1217,2022-01-01,SOM,3198,Forecasting,2,Phase 2+,0.44,0.2800000012
1217,2022-10-01,SOM,3199,Forecasting,2,Phase 2+,0.35,0.4199999869
1220,2022-01-01,SOM,3213,Forecasting,2,Phase 2+,0.47,0.3700000048
1220,2022-05-01,SOM,3214,Forecasting,2,Phase 2+,0.67,0.4199999869
1220,2022-07-01,SOM,3215,Forecasting,2,Phase 2+,0.35,0.3899999857
1220,2022-10-01,SOM,3216,Forecasting,2,Phase 2+,0.35,0.4199999869
1222,2022-05-01,SOM,3224,Forecasting,2,Phase 2+,0.74,0.5099999905
1222,2022-07-01,SOM,3225,Forecasting,2,Phase 2+,0.5,0.4199999869
1222,2022-10-01,SOM,3226,Forecasting,2,Phase 2+,0.35,0.4399999976
1223,2022-01-01,SOM,3233,Forecasting,2,Phase 2+,0.47,0.4300000072
1223,2022-07-01,SOM,3234,Forecasting,2,Phase 2+,0.35,0.4099999964
1223,2022-10-01,SOM,3235,Forecasting,2,Phase 2+,0.35,0.4699999988
1226,2022-01-01,SOM,3249,Forecasting,2,Phase 2+,0.47,0.4399999976
1226,2022-07-01,SOM,3250,Forecasting,2,Phase 2+,0.4,0.4300000072
1226,2022-10-01,SOM,3251,Forecasting,2,Phase 2+,0.3,0.4699999988
1227,2022-01-01,SOM,3258,Forecasting,2,Phase 2+,0.39,0.400000006
1228,2022-01-01,SOM,3265,Forecasting,2,Phase 2+,0.39,0.4099999964
1228,2022-05-01,SOM,3266,Forecasting,2,Phase 2+,0.76,0.4499999881
1231,2022-01-01,SOM,3275,Forecasting,2,Phase 2+,0.39,0.3700000048
1231,2022-05-01,SOM,3276,Forecasting,2,Phase 2+,0.76,0.3799999952
1231,2022-10-01,SOM,3277,Forecasting,2,Phase 2+,0.6,0.400000006
1234,2022-10-01,ETH,3283,Forecasting,2,Phase 2+,0.2,0.5
1238,2022-01-01,SOM,3290,Forecasting,2,Phase 2+,0.45,0.5500000119
1238,2022-07-01,SOM,3291,Forecasting,2,Phase 2+,0.3,0.4600000083
1238,2022-10-01,SOM,3292,Forecasting,2,Phase 2+,0.3,0.4499999881
1241,2022-01-01,SOM,3302,Forecasting,2,Phase 2+,0.44,0.2300000042
1241,2022-10-01,SOM,3303,Forecasting,2,Phase 2+,0.4,0.3899999857
1243,2022-05-01,SOM,3306,Forecasting,2,Phase 2+,0.76,0.4499999881
1249,2022-01-01,SOM,3312,Forecasting,2,Phase 2+,0.3,0.4499999881
1249,2022-03-01,SOM,3313,Forecasting,2,Phase 2+,0.8,0.4499999881
1249,2022-05-01,SOM,3314,Forecasting,2,Phase 2+,0.47,0.5
1252,2022-01-01,SOM,3321,Forecasting,2,Phase 2+,0.3,0.4099999964
1252,2022-03-01,SOM,3322,Forecasting,2,Phase 2+,0.8,0.4600000083
1252,2022-05-01,SOM,3323,Forecasting,2,Phase 2+,0.47,0.4699999988
1254,2022-01-01,SOM,3327,Forecasting,2,Phase 2+,0.45,0.5500000119
1254,2022-05-01,SOM,3328,Forecasting,2,Phase 2+,0.7,0.5799999833
1254,2022-07-01,SOM,3329,Forecasting,2,Phase 2+,0.55,0.4900000095
1254,2022-10-01,SOM,3330,Forecasting,2,Phase 2+,0.55,0.4699999988
1255,2022-10-01,SOM,3335,Forecasting,2,Phase 2+,0.35,0.3600000143
1256,2022-10-01,ETH,3337,Forecasting,2,Phase 2+,0.55,0.5299999714
1257,2022-05-01,SOM,3340,Forecasting,2,Phase 2+,0.7,0.5899999738
1257,2022-10-01,SOM,3341,Forecasting,2,Phase 2+,0.55,0.4699999988
1276,2022-01-01,SOM,3372,Forecasting,2,Phase 2+,0.45,0.4900000095
1276,2022-05-01,SOM,3373,Forecasting,2,Phase 2+,0.7,0.5699999928
1276,2022-07-01,SOM,3374,Forecasting,2,Phase 2+,0.55,0.5099999905
1276,2022-10-01,SOM,3375,Forecasting,2,Phase 2+,0.55,0.4900000095
1284,2022-01-01,SOM,3387,Forecasting,2,Phase 2+,0.45,0.4799999893
1284,2022-05-01,SOM,3388,Forecasting,2,Phase 2+,0.7,0.5699999928
1284,2022-07-01,SOM,3389,Forecasting,2,Phase 2+,0.85,0.4900000095
1284,2022-10-01,SOM,3390,Forecasting,2,Phase 2+,0.85,0.5099999905
1293,2022-01-01,SOM,3405,Forecasting,2,Phase 2+,0.39,0.4600000083
1293,2022-05-01,SOM,3406,Forecasting,2,Phase 2+,0.76,0.4900000095
1293,2022-07-01,SOM,3407,Forecasting,2,Phase 2+,1,0.4399999976
1293,2022-10-01,SOM,3408,Forecasting,2,Phase 2+,1,0.4799999893
1298,2022-03-01,YEM,3417,Forecasting,2,Phase 2+,0.6,0.6100000143
1308,2022-01-01,SOM,3431,Forecasting,2,Phase 2+,0.39,0.400000006
1308,2022-05-01,SOM,3432,Forecasting,2,Phase 2+,0.76,0.4099999964
1308,2022-07-01,SOM,3433,Forecasting,2,Phase 2+,1,0.3799999952
1308,2022-10-01,SOM,3434,Forecasting,2,Phase 2+,1,0.4199999869
1309,2022-01-01,SOM,3443,Forecasting,2,Phase 2+,0.39,0.3899999857
1309,2022-05-01,SOM,3444,Forecasting,2,Phase 2+,0.76,0.4099999964
1309,2022-07-01,SOM,3445,Forecasting,2,Phase 2+,1,0.3799999952
1309,2022-10-01,SOM,3446,Forecasting,2,Phase 2+,1,0.4199999869
1324,2022-01-01,SOM,3462,Forecasting,2,Phase 2+,0.39,0.4499999881
1324,2022-05-01,SOM,3463,Forecasting,2,Phase 2+,0.76,0.4900000095
1324,2022-07-01,SOM,3464,Forecasting,2,Phase 2+,1,0.4799999893
1324,2022-10-01,SOM,3465,Forecasting,2,Phase 2+,1,0.4900000095
1326,2022-05-01,ETH,3469,Forecasting,2,Phase 2+,0.7,0.5099999905
1326,2022-07-01,ETH,3470,Forecasting,2,Phase 2+,0.45,0.4600000083
1327,2022-07-01,ETH,3473,Forecasting,2,Phase 2+,0.45,0.4600000083
1329,2022-03-01,YEM,3477,Forecasting,2,Phase 2+,0.6,0.6000000238
1351,2022-01-01,SOM,3495,Forecasting,2,Phase 2+,0.27,0.25
1351,2022-05-01,SOM,3496,Forecasting,2,Phase 2+,0.46,0.3100000024
1351,2022-07-01,SOM,3497,Forecasting,2,Phase 2+,0.15,0.3300000131
1351,2022-10-01,SOM,3498,Forecasting,2,Phase 2+,0.15,0.3799999952
1354,2022-01-01,SOM,3503,Forecasting,2,Phase 2+,0.27,0.2399999946
1354,2022-05-01,SOM,3504,Forecasting,2,Phase 2+,0.46,0.3000000119
1354,2022-07-01,SOM,3505,Forecasting,2,Phase 2+,0.15,0.3400000036
1354,2022-10-01,SOM,3506,Forecasting,2,Phase 2+,0.15,0.3700000048
1357,2022-01-01,SOM,3515,Forecasting,2,Phase 2+,0.45,0.4600000083
1357,2022-05-01,SOM,3516,Forecasting,2,Phase 2+,0.7,0.5199999809
1357,2022-07-01,SOM,3517,Forecasting,2,Phase 2+,0.85,0.5099999905
1357,2022-10-01,SOM,3518,Forecasting,2,Phase 2+,0.55,0.5400000215
1358,2022-03-01,YEM,3522,Forecasting,2,Phase 2+,0.6,0.6200000048
1361,2022-01-01,SOM,3532,Forecasting,2,Phase 2+,0.45,0.4699999988
1361,2022-05-01,SOM,3533,Forecasting,2,Phase 2+,0.7,0.5500000119
1361,2022-07-01,SOM,3534,Forecasting,2,Phase 2+,0.85,0.4699999988
1361,2022-10-01,SOM,3535,Forecasting,2,Phase 2+,0.55,0.5500000119
1366,2022-03-01,YEM,3540,Forecasting,2,Phase 2+,0.6,0.6200000048
1367,2022-01-01,SOM,3551,Forecasting,2,Phase 2+,0.45,0.4300000072
1367,2022-05-01,SOM,3552,Forecasting,2,Phase 2+,0.7,0.5600000024
1367,2022-07-01,SOM,3553,Forecasting,2,Phase 2+,0.85,0.4900000095
1367,2022-10-01,SOM,3554,Forecasting,2,Phase 2+,0.55,0.5400000215
1368,2022-01-01,SOM,3565,Forecasting,2,Phase 2+,0.45,0.4300000072
1368,2022-05-01,SOM,3566,Forecasting,2,Phase 2+,0.7,0.5600000024
1368,2022-07-01,SOM,3567,Forecasting,2,Phase 2+,0.85,0.4900000095
1368,2022-10-01,SOM,3568,Forecasting,2,Phase 2+,0.55,0.5500000119
1374,2022-03-01,YEM,3577,Forecasting,2,Phase 2+,0.6,0.6000000238
1375,2022-03-01,YEM,3578,Forecasting,2,Phase 2+,0.6,0.6000000238
1375,2022-07-01,YEM,3579,Forecasting,2,Phase 2+,0.4,0.7099999785
1376,2022-05-01,SOM,3582,Forecasting,2,Phase 2+,0.76,0.4300000072
1378,2022-05-01,SOM,3586,Forecasting,2,Phase 2+,0.7,0.5299999714
1378,2022-07-01,SOM,3587,Forecasting,2,Phase 2+,0.3,0.4099999964
1379,2022-05-01,SOM,3591,Forecasting,2,Phase 2+,0.7,0.5299999714
1379,2022-07-01,SOM,3592,Forecasting,2,Phase 2+,0.3,0.4099999964
1380,2022-01-01,SOM,3599,Forecasting,2,Phase 2+,0.39,0.4099999964
1380,2022-05-01,SOM,3600,Forecasting,2,Phase 2+,0.76,0.4399999976
1380,2022-07-01,SOM,3601,Forecasting,2,Phase 2+,1,0.3799999952
1381,2022-03-01,YEM,3606,Forecasting,2,Phase 2+,0.6,0.5899999738
1382,2022-03-01,YEM,3610,Forecasting,2,Phase 2+,0.6,0.6100000143
1383,2022-05-01,SOM,3614,Forecasting,2,Phase 2+,0.7,0.5099999905
1384,2022-03-01,YEM,3619,Forecasting,2,Phase 2+,0.6,0.6200000048
1390,2022-03-01,YEM,3627,Forecasting,2,Phase 2+,0.6,0.6200000048
1397,2022-05-01,SOM,3634,Forecasting,2,Phase 2+,0.56,0.5
1397,2022-07-01,SOM,3635,Forecasting,2,Phase 2+,0.55,0.5
1400,2022-03-01,YEM,3640,Forecasting,2,Phase 2+,0.6,0.6299999952
1420,2022-03-01,YEM,3674,Forecasting,2,Phase 2+,0.6,0.6000000238
1422,2022-05-01,SOM,3681,Forecasting,2,Phase 2+,0.56,0.5500000119
1422,2022-07-01,SOM,3682,Forecasting,2,Phase 2+,0.55,0.5099999905
1429,2022-01-01,SOM,3696,Forecasting,2,Phase 2+,0.27,0.3000000119
1429,2022-05-01,SOM,3697,Forecasting,2,Phase 2+,0.46,0.3700000048
1429,2022-07-01,SOM,3698,Forecasting,2,Phase 2+,0.15,0.3400000036
1429,2022-10-01,SOM,3699,Forecasting,2,Phase 2+,0.15,0.4199999869
1430,2022-01-01,SOM,3708,Forecasting,2,Phase 2+,0.27,0.3000000119
1430,2022-05-01,SOM,3709,Forecasting,2,Phase 2+,0.46,0.3700000048
1430,2022-07-01,SOM,3710,Forecasting,2,Phase 2+,0.15,0.3400000036
1430,2022-10-01,SOM,3711,Forecasting,2,Phase 2+,0.15,0.4199999869
1443,2022-01-01,SOM,3729,Forecasting,2,Phase 2+,0.27,0.25
1443,2022-05-01,SOM,3730,Forecasting,2,Phase 2+,0.46,0.3700000048
1443,2022-07-01,SOM,3731,Forecasting,2,Phase 2+,0.15,0.3300000131
1443,2022-10-01,SOM,3732,Forecasting,2,Phase 2+,0.15,0.4199999869
1446,2022-03-01,YEM,3736,Forecasting,2,Phase 2+,0.6,0.5799999833
1448,2022-11-01,MDG,3738,Forecasting,2,Phase 2+,0.8,0.5199999809
1449,2022-11-01,MDG,3740,Forecasting,2,Phase 2+,0.8,0.5199999809
1454,2022-03-01,YEM,3750,Forecasting,2,Phase 2+,0.6,0.5799999833
1461,2022-05-01,SOM,3769,Forecasting,2,Phase 2+,0.56,0.4699999988
1461,2022-07-01,SOM,3770,Forecasting,2,Phase 2+,0.35,0.4499999881
1462,2022-05-01,SOM,3777,Forecasting,2,Phase 2+,0.56,0.4699999988
1462,2022-07-01,SOM,3778,Forecasting,2,Phase 2+,0.35,0.4499999881
1466,2022-01-01,SOM,3791,Forecasting,2,Phase 2+,0.27,0.2800000012
1466,2022-05-01,SOM,3792,Forecasting,2,Phase 2+,0.46,0.349999994
1466,2022-07-01,SOM,3793,Forecasting,2,Phase 2+,0.6,0.349999994
1466,2022-10-01,SOM,3794,Forecasting,2,Phase 2+,0.35,0.4199999869
1475,2022-01-01,SOM,3815,Forecasting,2,Phase 2+,0.27,0.3000000119
1475,2022-05-01,SOM,3816,Forecasting,2,Phase 2+,0.46,0.3799999952
1475,2022-07-01,SOM,3817,Forecasting,2,Phase 2+,0.6,0.3300000131
1475,2022-10-01,SOM,3818,Forecasting,2,Phase 2+,0.35,0.4099999964
1480,2022-01-01,SOM,3836,Forecasting,2,Phase 2+,0.27,0.3300000131
1480,2022-05-01,SOM,3837,Forecasting,2,Phase 2+,0.46,0.4300000072
1480,2022-07-01,SOM,3838,Forecasting,2,Phase 2+,0.15,0.3400000036
1481,2022-01-01,SOM,3847,Forecasting,2,Phase 2+,0.27,0.3000000119
1481,2022-05-01,SOM,3848,Forecasting,2,Phase 2+,0.46,0.400000006
1481,2022-07-01,SOM,3849,Forecasting,2,Phase 2+,0.15,0.349999994
1481,2022-10-01,SOM,3850,Forecasting,2,Phase 2+,0.15,0.4199999869
1495,2022-01-01,SOM,3873,Forecasting,2,Phase 2+,0.27,0.349999994
1495,2022-10-01,SOM,3874,Forecasting,2,Phase 2+,0.15,0.400000006
1503,2022-01-01,SOM,3888,Forecasting,2,Phase 2+,0.27,0.3700000048
1503,2022-10-01,SOM,3889,Forecasting,2,Phase 2+,0.35,0.4099999964
1506,2022-01-01,YEM,3896,Forecasting,2,Phase 2+,0.82,0.5600000024
1510,2022-01-01,YEM,3904,Forecasting,2,Phase 2+,0.82,0.5600000024
1515,2022-01-01,YEM,3911,Forecasting,2,Phase 2+,0.82,0.5500000119
1518,2022-01-01,SOM,3927,Forecasting,2,Phase 2+,0.27,0.3300000131
1518,2022-05-01,SOM,3928,Forecasting,2,Phase 2+,0.46,0.3600000143
1518,2022-07-01,SOM,3929,Forecasting,2,Phase 2+,0.6,0.3300000131
1518,2022-10-01,SOM,3930,Forecasting,2,Phase 2+,0.35,0.4199999869
1519,2022-01-01,YEM,3932,Forecasting,2,Phase 2+,0.82,0.5799999833
1520,2022-01-01,YEM,3935,Forecasting,2,Phase 2+,0.82,0.5500000119
1522,2022-01-01,SOM,3944,Forecasting,2,Phase 2+,0.27,0.3300000131
1522,2022-05-01,SOM,3945,Forecasting,2,Phase 2+,0.46,0.3799999952
1522,2022-07-01,SOM,3946,Forecasting,2,Phase 2+,0.35,0.3300000131
1522,2022-10-01,SOM,3947,Forecasting,2,Phase 2+,0.35,0.400000006
1528,2022-01-01,SOM,3961,Forecasting,2,Phase 2+,0.34,0.5
1528,2022-05-01,SOM,3962,Forecasting,2,Phase 2+,0.58,0.5799999833
1528,2022-07-01,SOM,3963,Forecasting,2,Phase 2+,0.45,0.5400000215
1528,2022-10-01,SOM,3964,Forecasting,2,Phase 2+,0.45,0.5299999714
1534,2022-01-01,YEM,3969,Forecasting,2,Phase 2+,0.82,0.5500000119
1536,2022-01-01,YEM,3977,Forecasting,2,Phase 2+,0.82,0.5600000024
1540,2022-01-01,SOM,3990,Forecasting,2,Phase 2+,0.34,0.5099999905
1540,2022-05-01,SOM,3991,Forecasting,2,Phase 2+,0.58,0.5699999928
1540,2022-07-01,SOM,3992,Forecasting,2,Phase 2+,0.4,0.5299999714
1540,2022-10-01,SOM,3993,Forecasting,2,Phase 2+,0.45,0.5199999809
1541,2022-01-01,YEM,3994,Forecasting,2,Phase 2+,0.82,0.5600000024
1542,2022-01-01,YEM,3997,Forecasting,2,Phase 2+,0.82,0.5
1551,2022-01-01,SOM,4019,Forecasting,2,Phase 2+,0.27,0.3400000036
1551,2022-05-01,SOM,4020,Forecasting,2,Phase 2+,0.46,0.400000006
1551,2022-07-01,SOM,4021,Forecasting,2,Phase 2+,0.45,0.3400000036
1551,2022-10-01,SOM,4022,Forecasting,2,Phase 2+,0.25,0.3400000036
1553,2022-01-01,SOM,4031,Forecasting,2,Phase 2+,0.27,0.3600000143
1553,2022-05-01,SOM,4032,Forecasting,2,Phase 2+,0.46,0.3700000048
1553,2022-07-01,SOM,4033,Forecasting,2,Phase 2+,0.6,0.3300000131
1553,2022-10-01,SOM,4034,Forecasting,2,Phase 2+,0.3,0.3899999857
1558,2022-01-01,SOM,4045,Forecasting,2,Phase 2+,0.34,0.4399999976
1558,2022-05-01,SOM,4046,Forecasting,2,Phase 2+,0.58,0.5199999809
1558,2022-07-01,SOM,4047,Forecasting,2,Phase 2+,0.7,0.5199999809
1558,2022-10-01,SOM,4048,Forecasting,2,Phase 2+,0.65,0.4900000095
1559,2022-01-01,SOM,4057,Forecasting,2,Phase 2+,0.34,0.4399999976
1559,2022-05-01,SOM,4058,Forecasting,2,Phase 2+,0.58,0.5099999905
1559,2022-07-01,SOM,4059,Forecasting,2,Phase 2+,0.7,0.5099999905
1559,2022-10-01,SOM,4060,Forecasting,2,Phase 2+,0.65,0.4900000095
1561,2022-01-01,SOM,4071,Forecasting,2,Phase 2+,0.29,0.349999994
1561,2022-05-01,SOM,4072,Forecasting,2,Phase 2+,0.55,0.3899999857
1561,2022-07-01,SOM,4073,Forecasting,2,Phase 2+,0.6,0.3400000036
1561,2022-10-01,SOM,4074,Forecasting,2,Phase 2+,0.3,0.4099999964
1562,2022-05-01,SOM,4083,Forecasting,2,Phase 2+,0.58,0.5
1562,2022-07-01,SOM,4084,Forecasting,2,Phase 2+,0.45,0.4900000095
1562,2022-10-01,SOM,4085,Forecasting,2,Phase 2+,0.45,0.4499999881
1563,2022-07-01,SOM,4092,Forecasting,2,Phase 2+,0.45,0.4799999893
1563,2022-10-01,SOM,4093,Forecasting,2,Phase 2+,0.45,0.4399999976
1566,2022-01-01,SOM,4107,Forecasting,2,Phase 2+,0.29,0.3600000143
1566,2022-05-01,SOM,4108,Forecasting,2,Phase 2+,0.55,0.3899999857
1566,2022-07-01,SOM,4109,Forecasting,2,Phase 2+,0.65,0.349999994
1566,2022-10-01,SOM,4110,Forecasting,2,Phase 2+,0.65,0.4199999869
1567,2022-01-01,YEM,4113,Forecasting,2,Phase 2+,0.82,0.5199999809
1568,2022-01-01,YEM,4114,Forecasting,2,Phase 2+,0.82,0.5400000215
1569,2022-05-01,SOM,4122,Forecasting,2,Phase 2+,0.55,0.4799999893
1569,2022-10-01,SOM,4123,Forecasting,2,Phase 2+,0.45,0.4600000083
1570,2022-05-01,SOM,4131,Forecasting,2,Phase 2+,0.55,0.4799999893
1570,2022-10-01,SOM,4132,Forecasting,2,Phase 2+,0.45,0.4199999869
1571,2022-01-01,SOM,4141,Forecasting,2,Phase 2+,0.27,0.3400000036
1571,2022-05-01,SOM,4142,Forecasting,2,Phase 2+,0.46,0.3600000143
1571,2022-07-01,SOM,4143,Forecasting,2,Phase 2+,0.65,0.3899999857
1571,2022-10-01,SOM,4144,Forecasting,2,Phase 2+,0.65,0.4199999869
1573,2022-01-01,YEM,4148,Forecasting,2,Phase 2+,0.82,0.5299999714
1574,2022-01-01,SOM,4154,Forecasting,2,Phase 2+,0.33,0.5
1574,2022-10-01,SOM,4155,Forecasting,2,Phase 2+,0.75,0.5799999833
1575,2022-01-01,SOM,4161,Forecasting,2,Phase 2+,0.33,0.5
1575,2022-10-01,SOM,4162,Forecasting,2,Phase 2+,0.75,0.5699999928
1576,2022-01-01,YEM,4166,Forecasting,2,Phase 2+,0.82,0.5299999714
1578,2022-01-01,SOM,4177,Forecasting,2,Phase 2+,0.34,0.4399999976
1578,2022-05-01,SOM,4178,Forecasting,2,Phase 2+,0.58,0.5299999714
1578,2022-07-01,SOM,4179,Forecasting,2,Phase 2+,0.7,0.5199999809
1578,2022-10-01,SOM,4180,Forecasting,2,Phase 2+,0.7,0.5099999905
1580,2022-04-01,MDG,4183,Forecasting,2,Phase 2+,0.85,0.6299999952
1580,2022-11-01,MDG,4184,Forecasting,2,Phase 2+,0.9,0.4900000095
1581,2022-04-01,MDG,4186,Forecasting,2,Phase 2+,0.85,0.6700000167
1581,2022-11-01,MDG,4187,Forecasting,2,Phase 2+,0.9,0.5299999714
1582,2022-04-01,MDG,4189,Forecasting,2,Phase 2+,0.85,0.6600000262
1582,2022-11-01,MDG,4190,Forecasting,2,Phase 2+,0.9,0.5299999714
1584,2022-01-01,YEM,4197,Forecasting,2,Phase 2+,0.82,0.5299999714
1586,2022-01-01,YEM,4203,Forecasting,2,Phase 2+,0.82,0.6200000048
1588,2022-05-01,SOM,4210,Forecasting,2,Phase 2+,0.55,0.3799999952
1589,2022-01-01,SOM,4211,Forecasting,2,Phase 2+,0.27,0.3300000131
1590,2022-04-01,MDG,4215,Forecasting,2,Phase 2+,0.7,0.6399999857
1591,2022-04-01,MDG,4219,Forecasting,2,Phase 2+,0.7,0.6399999857
1592,2022-01-01,YEM,4223,Forecasting,2,Phase 2+,0.82,0.6200000048
1594,2022-01-01,YEM,4227,Forecasting,2,Phase 2+,0.82,0.5899999738
1595,2022-01-01,SOM,4236,Forecasting,2,Phase 2+,0.29,0.3300000131
1595,2022-05-01,SOM,4237,Forecasting,2,Phase 2+,0.55,0.4099999964
1595,2022-07-01,SOM,4238,Forecasting,2,Phase 2+,0.6,0.3400000036
1595,2022-10-01,SOM,4239,Forecasting,2,Phase 2+,0.6,0.400000006
1596,2022-01-01,SOM,4248,Forecasting,2,Phase 2+,0.29,0.3300000131
1596,2022-05-01,SOM,4249,Forecasting,2,Phase 2+,0.55,0.400000006
1596,2022-07-01,SOM,4250,Forecasting,2,Phase 2+,0.6,0.3400000036
1596,2022-10-01,SOM,4251,Forecasting,2,Phase 2+,0.6,0.400000006
1600,2022-01-01,SOM,4260,Forecasting,2,Phase 2+,0.43,0.4699999988
1600,2022-05-01,SOM,4261,Forecasting,2,Phase 2+,0.61,0.5600000024
1600,2022-07-01,SOM,4262,Forecasting,2,Phase 2+,0.7,0.5600000024
1600,2022-10-01,SOM,4263,Forecasting,2,Phase 2+,0.65,0.6000000238
1603,2022-01-01,YEM,4265,Forecasting,2,Phase 2+,0.82,0.5299999714
1604,2022-07-01,SOM,4266,Forecasting,2,Phase 2+,0.7,0.5400000215
1605,2022-07-01,SOM,4273,Forecasting,2,Phase 2+,0.6,0.349999994
1605,2022-10-01,SOM,4274,Forecasting,2,Phase 2+,0.6,0.4300000072
1608,2022-01-01,SOM,4283,Forecasting,2,Phase 2+,0.43,0.4799999893
1608,2022-05-01,SOM,4284,Forecasting,2,Phase 2+,0.61,0.5400000215
1608,2022-07-01,SOM,4285,Forecasting,2,Phase 2+,0.7,0.5400000215
1608,2022-10-01,SOM,4286,Forecasting,2,Phase 2+,0.65,0.5400000215
1609,2022-07-01,SOM,4293,Forecasting,2,Phase 2+,0.6,0.3600000143
1609,2022-10-01,SOM,4294,Forecasting,2,Phase 2+,0.6,0.4099999964
1622,2022-01-01,SOM,4319,Forecasting,2,Phase 2+,0.37,0.4499999881
1622,2022-10-01,SOM,4320,Forecasting,2,Phase 2+,0.75,0.5600000024
1623,2022-01-01,SOM,4323,Forecasting,2,Phase 2+,0.37,0.4499999881
1623,2022-10-01,SOM,4324,Forecasting,2,Phase 2+,0.75,0.5600000024
1624,2022-01-01,SOM,4332,Forecasting,2,Phase 2+,0.43,0.5099999905
1624,2022-05-01,SOM,4333,Forecasting,2,Phase 2+,0.61,0.5400000215
1624,2022-07-01,SOM,4334,Forecasting,2,Phase 2+,0.75,0.5299999714
1624,2022-10-01,SOM,4335,Forecasting,2,Phase 2+,0.7,0.5
1629,2022-01-01,SOM,4355,Forecasting,2,Phase 2+,0.43,0.5099999905
1629,2022-05-01,SOM,4356,Forecasting,2,Phase 2+,0.61,0.5400000215
1629,2022-07-01,SOM,4357,Forecasting,2,Phase 2+,0.8,0.5799999833
1629,2022-10-01,SOM,4358,Forecasting,2,Phase 2+,0.75,0.5099999905
1633,2022-01-01,YEM,4365,Forecasting,2,Phase 2+,0.82,0.6200000048
1635,2022-07-01,SOM,4367,Forecasting,2,Phase 2+,0.8,0.5600000024
1638,2022-01-01,SOM,4375,Forecasting,2,Phase 2+,0.43,0.4900000095
1638,2022-05-01,SOM,4376,Forecasting,2,Phase 2+,0.61,0.5299999714
1640,2022-01-01,SOM,4388,Forecasting,2,Phase 2+,0.43,0.5099999905
1640,2022-05-01,SOM,4389,Forecasting,2,Phase 2+,0.61,0.5500000119
1640,2022-10-01,SOM,4390,Forecasting,2,Phase 2+,0.75,0.5500000119
1646,2022-01-01,SOM,4395,Forecasting,2,Phase 2+,0.43,0.4699999988
1646,2022-05-01,SOM,4396,Forecasting,2,Phase 2+,0.61,0.5299999714
1648,2022-01-01,YEM,4401,Forecasting,2,Phase 2+,0.82,0.6399999857
1650,2022-05-01,SOM,4406,Forecasting,2,Phase 2+,0.76,0.5600000024
1650,2022-07-01,SOM,4407,Forecasting,2,Phase 2+,0.7,0.5899999738
1650,2022-10-01,SOM,4408,Forecasting,2,Phase 2+,0.7,0.5600000024
1652,2022-01-01,SOM,4410,Forecasting,2,Phase 2+,0.54,0.5400000215
1659,2022-08-01,MDG,4418,Forecasting,2,Phase 2+,0.75,0.5199999809
1660,2022-08-01,MDG,4419,Forecasting,2,Phase 2+,0.75,0.5199999809
1663,2022-01-01,SOM,4429,Forecasting,2,Phase 2+,0.37,0.5299999714
1663,2022-05-01,SOM,4430,Forecasting,2,Phase 2+,0.65,0.5299999714
1663,2022-07-01,SOM,4431,Forecasting,2,Phase 2+,0.55,0.6100000143
1663,2022-10-01,SOM,4432,Forecasting,2,Phase 2+,0.55,0.5500000119
1664,2022-01-01,SOM,4440,Forecasting,2,Phase 2+,0.37,0.5299999714
1664,2022-05-01,SOM,4441,Forecasting,2,Phase 2+,0.65,0.5299999714
1664,2022-07-01,SOM,4442,Forecasting,2,Phase 2+,0.55,0.6100000143
1664,2022-10-01,SOM,4443,Forecasting,2,Phase 2+,0.55,0.5500000119
1665,2022-08-01,MDG,4445,Forecasting,2,Phase 2+,0.75,0.4799999893
1666,2022-08-01,MDG,4447,Forecasting,2,Phase 2+,0.75,0.4799999893
1667,2022-01-01,SOM,4455,Forecasting,2,Phase 2+,0.37,0.5099999905
1667,2022-05-01,SOM,4456,Forecasting,2,Phase 2+,0.65,0.5699999928
1667,2022-07-01,SOM,4457,Forecasting,2,Phase 2+,0.55,0.5699999928
1667,2022-10-01,SOM,4458,Forecasting,2,Phase 2+,0.55,0.5799999833
1668,2022-08-01,MDG,4460,Forecasting,2,Phase 2+,0.7,0.5
1669,2022-08-01,MDG,4462,Forecasting,2,Phase 2+,0.7,0.5
1670,2022-08-01,MDG,4464,Forecasting,2,Phase 2+,0.7,0.5199999809
1671,2022-01-01,SOM,4472,Forecasting,2,Phase 2+,0.37,0.5400000215
1671,2022-05-01,SOM,4473,Forecasting,2,Phase 2+,0.65,0.5400000215
1671,2022-07-01,SOM,4474,Forecasting,2,Phase 2+,0.55,0.5500000119
1671,2022-10-01,SOM,4475,Forecasting,2,Phase 2+,0.55,0.5699999928
1672,2022-01-01,YEM,4477,Forecasting,2,Phase 2+,0.82,0.6200000048
1673,2022-10-01,SOM,4484,Forecasting,2,Phase 2+,0.55,0.5400000215
1674,2022-10-01,SOM,4491,Forecasting,2,Phase 2+,0.55,0.5500000119
1675,2022-01-01,SOM,4502,Forecasting,2,Phase 2+,0.54,0.5299999714
1675,2022-05-01,SOM,4503,Forecasting,2,Phase 2+,0.76,0.5699999928
1675,2022-07-01,SOM,4504,Forecasting,2,Phase 2+,0.7,0.6399999857
1675,2022-10-01,SOM,4505,Forecasting,2,Phase 2+,0.7,0.6100000143
1681,2022-10-01,SOM,4515,Forecasting,2,Phase 2+,0.7,0.5899999738
1683,2022-10-01,SOM,4521,Forecasting,2,Phase 2+,0.55,0.5400000215
1686,2022-08-01,MDG,4525,Forecasting,2,Phase 2+,0.75,0.5400000215
1687,2022-08-01,MDG,4526,Forecasting,2,Phase 2+,0.75,0.5400000215
1691,2022-01-01,SOM,4536,Forecasting,2,Phase 2+,0.54,0.5299999714
1691,2022-05-01,SOM,4537,Forecasting,2,Phase 2+,0.76,0.5799999833
1691,2022-07-01,SOM,4538,Forecasting,2,Phase 2+,0.7,0.6299999952
1691,2022-10-01,SOM,4539,Forecasting,2,Phase 2+,0.7,0.6100000143
1692,2022-10-01,SOM,4544,Forecasting,2,Phase 2+,0.55,0.5699999928
1695,2022-01-01,SOM,4555,Forecasting,2,Phase 2+,0.54,0.5199999809
1695,2022-05-01,SOM,4556,Forecasting,2,Phase 2+,0.76,0.5500000119
1695,2022-07-01,SOM,4557,Forecasting,2,Phase 2+,0.75,0.5799999833
1695,2022-10-01,SOM,4558,Forecasting,2,Phase 2+,0.75,0.5699999928
1696,2022-01-01,SOM,4567,Forecasting,2,Phase 2+,0.54,0.5199999809
1696,2022-05-01,SOM,4568,Forecasting,2,Phase 2+,0.76,0.5500000119
1696,2022-07-01,SOM,4569,Forecasting,2,Phase 2+,0.75,0.5799999833
1696,2022-10-01,SOM,4570,Forecasting,2,Phase 2+,0.75,0.5699999928
1698,2022-05-01,SOM,4575,Forecasting,2,Phase 2+,0.76,0.5500000119
1698,2022-10-01,SOM,4576,Forecasting,2,Phase 2+,0.75,0.4900000095
1702,2022-10-01,SOM,4581,Forecasting,2,Phase 2+,0.7,0.5500000119
1712,2022-01-01,SOM,4593,Forecasting,2,Phase 2+,0.47,0.4900000095
1712,2022-05-01,SOM,4594,Forecasting,2,Phase 2+,0.68,0.5
1712,2022-10-01,SOM,4595,Forecasting,2,Phase 2+,0.55,0.5
1715,2022-01-01,SOM,4605,Forecasting,2,Phase 2+,0.47,0.5
1715,2022-05-01,SOM,4606,Forecasting,2,Phase 2+,0.68,0.5
1715,2022-10-01,SOM,4607,Forecasting,2,Phase 2+,0.55,0.5
1718,2022-01-01,SOM,4614,Forecasting,2,Phase 2+,0.47,0.4699999988
1718,2022-05-01,SOM,4615,Forecasting,2,Phase 2+,0.68,0.5
1718,2022-10-01,SOM,4616,Forecasting,2,Phase 2+,0.7,0.5
1719,2022-01-01,SOM,4623,Forecasting,2,Phase 2+,0.47,0.4699999988
1719,2022-05-01,SOM,4624,Forecasting,2,Phase 2+,0.68,0.5
1719,2022-10-01,SOM,4625,Forecasting,2,Phase 2+,0.7,0.5
1721,2022-10-01,SOM,4632,Forecasting,2,Phase 2+,0.6,0.4799999893
1727,2022-01-01,SOM,4642,Forecasting,2,Phase 2+,0.32,0.4399999976
1727,2022-05-01,SOM,4643,Forecasting,2,Phase 2+,0.47,0.5400000215
1727,2022-07-01,SOM,4644,Forecasting,2,Phase 2+,0.5,0.5299999714
1727,2022-10-01,SOM,4645,Forecasting,2,Phase 2+,0.5,0.5600000024
1728,2022-01-01,SOM,4654,Forecasting,2,Phase 2+,0.32,0.4099999964
1728,2022-05-01,SOM,4655,Forecasting,2,Phase 2+,0.47,0.4699999988
1728,2022-07-01,SOM,4656,Forecasting,2,Phase 2+,0.5,0.4900000095
1728,2022-10-01,SOM,4657,Forecasting,2,Phase 2+,0.5,0.5299999714
1729,2022-01-01,SOM,4659,Forecasting,2,Phase 2+,0.32,0.4699999988
1729,2022-10-01,SOM,4660,Forecasting,2,Phase 2+,0.55,0.5899999738
1730,2022-01-01,SOM,4662,Forecasting,2,Phase 2+,0.32,0.4699999988
1730,2022-10-01,SOM,4663,Forecasting,2,Phase 2+,0.55,0.5899999738
1736,2022-01-01,SOM,4673,Forecasting,2,Phase 2+,0.32,0.5199999809
1736,2022-05-01,SOM,4674,Forecasting,2,Phase 2+,0.47,0.5299999714
1736,2022-07-01,SOM,4675,Forecasting,2,Phase 2+,0.55,0.5400000215
1736,2022-10-01,SOM,4676,Forecasting,2,Phase 2+,0.55,0.5099999905
1737,2022-01-01,SOM,4685,Forecasting,2,Phase 2+,0.32,0.5199999809
1737,2022-05-01,SOM,4686,Forecasting,2,Phase 2+,0.47,0.5299999714
1737,2022-07-01,SOM,4687,Forecasting,2,Phase 2+,0.55,0.5400000215
1737,2022-10-01,SOM,4688,Forecasting,2,Phase 2+,0.55,0.5099999905
1738,2022-01-01,SOM,4692,Forecasting,2,Phase 2+,0.32,0.5199999809
1738,2022-07-01,SOM,4693,Forecasting,2,Phase 2+,0.5,0.5199999809
1739,2022-01-01,SOM,4697,Forecasting,2,Phase 2+,0.32,0.5099999905
1739,2022-07-01,SOM,4698,Forecasting,2,Phase 2+,0.5,0.5299999714
1740,2022-05-01,SOM,4702,Forecasting,2,Phase 2+,0.47,0.5899999738
1743,2022-05-01,SOM,4707,Forecasting,2,Phase 2+,0.47,0.5799999833
1756,2022-03-01,AFG,4725,Forecasting,2,Phase 2+,0.8,0.7400000095
1756,2022-09-01,AFG,4726,Forecasting,2,Phase 2+,0.8,0.7099999785
1757,2022-03-01,AFG,4734,Forecasting,2,Phase 2+,0.85,0.7599999905
1757,2022-09-01,AFG,4735,Forecasting,2,Phase 2+,0.7,0.7400000095
1758,2022-03-01,AFG,4743,Forecasting,2,Phase 2+,0.7,0.6700000167
1758,2022-09-01,AFG,4744,Forecasting,2,Phase 2+,0.75,0.6700000167
1759,2022-03-01,AFG,4751,Forecasting,2,Phase 2+,0.85,0.7400000095
1760,2022-07-01,PAK,4755,Forecasting,2,Phase 2+,0.65,0.7400000095
1762,2022-03-01,AFG,4763,Forecasting,2,Phase 2+,0.85,0.7900000215
1762,2022-09-01,AFG,4764,Forecasting,2,Phase 2+,0.85,0.8000000119
1763,2022-03-01,AFG,4771,Forecasting,2,Phase 2+,0.8,0.7099999785
1763,2022-09-01,AFG,4772,Forecasting,2,Phase 2+,0.8,0.7200000286
1766,2022-03-01,AFG,4782,Forecasting,2,Phase 2+,0.8,0.7300000191
1766,2022-09-01,AFG,4783,Forecasting,2,Phase 2+,0.8,0.7799999714
1767,2022-03-01,AFG,4790,Forecasting,2,Phase 2+,0.8,0.75
1767,2022-09-01,AFG,4791,Forecasting,2,Phase 2+,0.75,0.7900000215
1768,2022-03-01,AFG,4798,Forecasting,2,Phase 2+,0.9,0.7099999785
1768,2022-09-01,AFG,4799,Forecasting,2,Phase 2+,0.8,0.7300000191
1769,2022-03-01,AFG,4807,Forecasting,2,Phase 2+,0.85,0.8199999928
1769,2022-09-01,AFG,4808,Forecasting,2,Phase 2+,0.8,0.8199999928
1770,2022-07-01,PAK,4812,Forecasting,2,Phase 2+,0.6,0.7400000095
1771,2022-07-01,PAK,4815,Forecasting,2,Phase 2+,0.6,0.7599999905
1772,2022-03-01,AFG,4825,Forecasting,2,Phase 2+,0.8,0.7099999785
1772,2022-07-01,AFG,4826,Forecasting,2,Phase 2+,0.65,0.7699999809
1772,2022-09-01,AFG,4827,Forecasting,2,Phase 2+,0.8,0.7099999785
1773,2022-03-01,AFG,4837,Forecasting,2,Phase 2+,0.8,0.7200000286
1773,2022-07-01,AFG,4838,Forecasting,2,Phase 2+,0.65,0.7599999905
1773,2022-09-01,AFG,4839,Forecasting,2,Phase 2+,0.75,0.7200000286
1774,2022-03-01,AFG,4846,Forecasting,2,Phase 2+,0.85,0.7699999809
1774,2022-09-01,AFG,4847,Forecasting,2,Phase 2+,0.7,0.8000000119
1776,2022-03-01,AFG,4857,Forecasting,2,Phase 2+,0.85,0.7300000191
1776,2022-09-01,AFG,4858,Forecasting,2,Phase 2+,0.7,0.7300000191
1777,2022-03-01,AFG,4865,Forecasting,2,Phase 2+,0.85,0.7599999905
1777,2022-09-01,AFG,4866,Forecasting,2,Phase 2+,0.8,0.7300000191
1778,2022-03-01,AFG,4873,Forecasting,2,Phase 2+,0.85,0.7300000191
1779,2022-03-01,AFG,4881,Forecasting,2,Phase 2+,0.85,0.7599999905
1781,2022-07-01,PAK,4889,Forecasting,2,Phase 2+,0.65,0.75
1782,2022-03-01,AFG,4898,Forecasting,2,Phase 2+,0.85,0.7200000286
1782,2022-09-01,AFG,4899,Forecasting,2,Phase 2+,0.75,0.7099999785
1783,2022-03-01,AFG,4906,Forecasting,2,Phase 2+,0.9,0.7300000191
1783,2022-09-01,AFG,4907,Forecasting,2,Phase 2+,0.8,0.6800000072
1784,2022-07-01,PAK,4909,Forecasting,2,Phase 2+,0.75,0.7599999905
1785,2022-03-01,AFG,4917,Forecasting,2,Phase 2+,0.8,0.7200000286
1785,2022-07-01,AFG,4918,Forecasting,2,Phase 2+,0.65,0.7400000095
1785,2022-09-01,AFG,4919,Forecasting,2,Phase 2+,0.75,0.7200000286
1786,2022-09-01,AFG,4921,Forecasting,2,Phase 2+,0.9,0.7599999905
1787,2022-07-01,PAK,4924,Forecasting,2,Phase 2+,0.6,0.6899999976
1788,2022-07-01,PAK,4925,Forecasting,2,Phase 2+,0.65,0.7300000191
1789,2022-09-01,AFG,4933,Forecasting,2,Phase 2+,0.75,0.7200000286
1791,2022-03-01,AFG,4943,Forecasting,2,Phase 2+,0.8,0.75
1791,2022-09-01,AFG,4944,Forecasting,2,Phase 2+,0.65,0.6999999881
1792,2022-07-01,PAK,4946,Forecasting,2,Phase 2+,0.6,0.7099999785
1793,2022-03-01,AFG,4955,Forecasting,2,Phase 2+,0.85,0.6999999881
1793,2022-09-01,AFG,4956,Forecasting,2,Phase 2+,0.8,0.7300000191
1794,2022-07-01,PAK,4958,Forecasting,2,Phase 2+,0.5,0.6899999976
1795,2022-03-01,AFG,4961,Forecasting,2,Phase 2+,0.75,0.6700000167
1796,2022-03-01,AFG,4970,Forecasting,2,Phase 2+,0.8,0.7599999905
1797,2022-03-01,AFG,4979,Forecasting,2,Phase 2+,0.8,0.7599999905
1798,2022-03-01,AFG,4987,Forecasting,2,Phase 2+,0.85,0.6600000262
1799,2022-03-01,AFG,4997,Forecasting,2,Phase 2+,0.9,0.6899999976
1799,2022-09-01,AFG,4998,Forecasting,2,Phase 2+,0.85,0.7200000286
1800,2022-03-01,AFG,5007,Forecasting,2,Phase 2+,0.85,0.6499999762
1800,2022-09-01,AFG,5008,Forecasting,2,Phase 2+,0.8,0.6499999762
1802,2022-03-01,AFG,5017,Forecasting,2,Phase 2+,0.8,0.7300000191
1802,2022-09-01,AFG,5018,Forecasting,2,Phase 2+,0.7,0.75
1803,2022-03-01,AFG,5027,Forecasting,2,Phase 2+,0.8,0.7300000191
1803,2022-09-01,AFG,5028,Forecasting,2,Phase 2+,0.7,0.75
1804,2022-03-01,AFG,5039,Forecasting,2,Phase 2+,0.75,0.6800000072
1804,2022-07-01,AFG,5040,Forecasting,2,Phase 2+,0.75,0.6299999952
1804,2022-09-01,AFG,5041,Forecasting,2,Phase 2+,0.75,0.6899999976
1806,2022-03-01,AFG,5051,Forecasting,2,Phase 2+,0.85,0.6700000167
1806,2022-09-01,AFG,5052,Forecasting,2,Phase 2+,0.75,0.6499999762
1808,2022-07-01,PAK,5054,Forecasting,2,Phase 2+,0.7,0.7200000286
1809,2022-07-01,PAK,5059,Forecasting,2,Phase 2+,0.6,0.6800000072
1810,2022-03-01,AFG,5067,Forecasting,2,Phase 2+,0.85,0.6800000072
1810,2022-09-01,AFG,5068,Forecasting,2,Phase 2+,0.75,0.6700000167
1811,2022-03-01,AFG,5080,Forecasting,2,Phase 2+,0.8,0.7400000095
1811,2022-07-01,AFG,5081,Forecasting,2,Phase 2+,0.75,0.6100000143
1811,2022-09-01,AFG,5082,Forecasting,2,Phase 2+,0.75,0.7200000286
1813,2022-03-01,AFG,5093,Forecasting,2,Phase 2+,0.7,0.7099999785
1813,2022-07-01,AFG,5094,Forecasting,2,Phase 2+,0.75,0.6600000262
1813,2022-09-01,AFG,5095,Forecasting,2,Phase 2+,0.85,0.6899999976
1814,2022-07-01,PAK,5099,Forecasting,2,Phase 2+,0.6,0.6800000072
1815,2022-03-01,AFG,5106,Forecasting,2,Phase 2+,0.85,0.6000000238
1817,2022-03-01,AFG,5118,Forecasting,2,Phase 2+,0.8,0.6700000167
1817,2022-07-01,AFG,5119,Forecasting,2,Phase 2+,0.75,0.6700000167
1817,2022-09-01,AFG,5120,Forecasting,2,Phase 2+,0.8,0.6899999976
1818,2022-03-01,AFG,5130,Forecasting,2,Phase 2+,0.8,0.6499999762
1818,2022-07-01,AFG,5131,Forecasting,2,Phase 2+,0.75,0.6999999881
1818,2022-09-01,AFG,5132,Forecasting,2,Phase 2+,0.8,0.6800000072
1819,2022-03-01,AFG,5142,Forecasting,2,Phase 2+,0.9,0.6299999952
1819,2022-09-01,AFG,5143,Forecasting,2,Phase 2+,0.8,0.7400000095
1820,2022-03-01,AFG,5151,Forecasting,2,Phase 2+,0.9,0.7400000095
1820,2022-09-01,AFG,5152,Forecasting,2,Phase 2+,0.8,0.7599999905
1821,2022-03-01,AFG,5158,Forecasting,2,Phase 2+,0.9,0.7200000286
1821,2022-09-01,AFG,5159,Forecasting,2,Phase 2+,0.8,0.7400000095
1822,2022-03-01,AFG,5170,Forecasting,2,Phase 2+,0.8,0.6600000262
1822,2022-07-01,AFG,5171,Forecasting,2,Phase 2+,0.75,0.6700000167
1822,2022-09-01,AFG,5172,Forecasting,2,Phase 2+,0.75,0.6499999762
1824,2022-03-01,AFG,5175,Forecasting,2,Phase 2+,0.7,0.6999999881
1824,2022-09-01,AFG,5176,Forecasting,2,Phase 2+,0.75,0.7300000191
1825,2022-09-01,AFG,5179,Forecasting,2,Phase 2+,0.75,0.6499999762
1826,2022-03-01,PAK,5188,Forecasting,2,Phase 2+,0.9,0.6000000238
1826,2022-07-01,PAK,5189,Forecasting,2,Phase 2+,0.6,0.6700000167
1826,2022-09-01,PAK,5190,Forecasting,2,Phase 2+,0.85,0.6899999976
1827,2022-03-01,PAK,5199,Forecasting,2,Phase 2+,0.9,0.6000000238
1827,2022-07-01,PAK,5200,Forecasting,2,Phase 2+,0.6,0.6899999976
1827,2022-09-01,PAK,5201,Forecasting,2,Phase 2+,0.85,0.7300000191
1829,2022-03-01,AFG,5211,Forecasting,2,Phase 2+,0.8,0.6499999762
1829,2022-09-01,AFG,5212,Forecasting,2,Phase 2+,0.75,0.6700000167
1830,2022-03-01,AFG,5218,Forecasting,2,Phase 2+,0.7,0.7200000286
1830,2022-07-01,AFG,5219,Forecasting,2,Phase 2+,0.65,0.6499999762
1830,2022-09-01,AFG,5220,Forecasting,2,Phase 2+,0.75,0.7699999809
1831,2022-03-01,AFG,5230,Forecasting,2,Phase 2+,0.8,0.6800000072
1831,2022-07-01,AFG,5231,Forecasting,2,Phase 2+,0.65,0.6800000072
1831,2022-09-01,AFG,5232,Forecasting,2,Phase 2+,0.75,0.6399999857
1832,2022-03-01,AFG,5239,Forecasting,2,Phase 2+,0.9,0.7400000095
1832,2022-09-01,AFG,5240,Forecasting,2,Phase 2+,0.8,0.8000000119
1835,2022-03-01,PAK,5260,Forecasting,2,Phase 2+,0.8,0.6700000167
1835,2022-07-01,PAK,5261,Forecasting,2,Phase 2+,0.65,0.75
1835,2022-09-01,PAK,5262,Forecasting,2,Phase 2+,0.75,0.7300000191
1836,2022-03-01,PAK,5271,Forecasting,2,Phase 2+,0.8,0.6499999762
1836,2022-07-01,PAK,5272,Forecasting,2,Phase 2+,0.65,0.7200000286
1836,2022-09-01,PAK,5273,Forecasting,2,Phase 2+,0.75,0.6999999881
1838,2022-03-01,AFG,5283,Forecasting,2,Phase 2+,0.8,0.7099999785
1838,2022-09-01,AFG,5284,Forecasting,2,Phase 2+,0.75,0.6999999881
1839,2022-07-01,AFG,5294,Forecasting,2,Phase 2+,0.75,0.6499999762
1841,2022-07-01,AFG,5305,Forecasting,2,Phase 2+,0.65,0.6499999762
1843,2022-07-01,AFG,5316,Forecasting,2,Phase 2+,0.65,0.6499999762
1844,2022-03-01,AFG,5328,Forecasting,2,Phase 2+,0.8,0.6600000262
1844,2022-07-01,AFG,5329,Forecasting,2,Phase 2+,0.75,0.6499999762
1844,2022-09-01,AFG,5330,Forecasting,2,Phase 2+,0.8,0.6899999976
1845,2022-09-01,PAK,5333,Forecasting,2,Phase 2+,0.75,0.7599999905
1846,2022-09-01,PAK,5336,Forecasting,2,Phase 2+,0.75,0.7599999905
1848,2022-03-01,AFG,5345,Forecasting,2,Phase 2+,0.8,0.7300000191
1848,2022-09-01,AFG,5346,Forecasting,2,Phase 2+,0.75,0.7200000286
1849,2022-03-01,AFG,5357,Forecasting,2,Phase 2+,0.8,0.6299999952
1849,2022-07-01,AFG,5358,Forecasting,2,Phase 2+,0.65,0.6299999952
1849,2022-09-01,AFG,5359,Forecasting,2,Phase 2+,0.75,0.7099999785
1850,2022-03-01,AFG,5370,Forecasting,2,Phase 2+,0.8,0.6600000262
1850,2022-07-01,AFG,5371,Forecasting,2,Phase 2+,0.75,0.6600000262
1850,2022-09-01,AFG,5372,Forecasting,2,Phase 2+,0.8,0.6999999881
1851,2022-07-01,AFG,5373,Forecasting,2,Phase 2+,0.65,0.6399999857
1852,2022-03-01,AFG,5379,Forecasting,2,Phase 2+,0.9,0.7900000215
1852,2022-09-01,AFG,5380,Forecasting,2,Phase 2+,0.85,0.7900000215
1853,2022-03-01,AFG,5388,Forecasting,2,Phase 2+,0.8,0.6399999857
1853,2022-07-01,AFG,5389,Forecasting,2,Phase 2+,0.65,0.6399999857
1854,2022-09-01,AFG,5398,Forecasting,2,Phase 2+,0.75,0.7300000191
1855,2022-03-01,AFG,5403,Forecasting,2,Phase 2+,0.85,0.7200000286
1855,2022-09-01,AFG,5404,Forecasting,2,Phase 2+,0.8,0.7699999809
1856,2022-09-01,AFG,5413,Forecasting,2,Phase 2+,0.8,0.7900000215
1857,2022-03-01,AFG,5421,Forecasting,2,Phase 2+,0.8,0.6499999762
1857,2022-07-01,AFG,5422,Forecasting,2,Phase 2+,0.65,0.6299999952
1857,2022-09-01,AFG,5423,Forecasting,2,Phase 2+,0.75,0.6999999881
1858,2022-09-01,AFG,5429,Forecasting,2,Phase 2+,0.8,0.7699999809
1859,2022-03-01,AFG,5440,Forecasting,2,Phase 2+,0.8,0.6600000262
1859,2022-07-01,AFG,5441,Forecasting,2,Phase 2+,0.65,0.6499999762
1859,2022-09-01,AFG,5442,Forecasting,2,Phase 2+,0.75,0.6800000072
1860,2022-03-01,AFG,5448,Forecasting,2,Phase 2+,0.9,0.8000000119
1863,2022-03-01,AFG,5460,Forecasting,2,Phase 2+,0.8,0.6399999857
1864,2022-07-01,AFG,5468,Forecasting,2,Phase 2+,0.65,0.6600000262
1864,2022-09-01,AFG,5469,Forecasting,2,Phase 2+,0.75,0.7099999785
1865,2022-03-01,PAK,5477,Forecasting,2,Phase 2+,0.8,0.5899999738
1865,2022-07-01,PAK,5478,Forecasting,2,Phase 2+,0.65,0.7300000191
1865,2022-09-01,PAK,5479,Forecasting,2,Phase 2+,0.8,0.7699999809
1866,2022-03-01,PAK,5487,Forecasting,2,Phase 2+,0.8,0.5699999928
1866,2022-07-01,PAK,5488,Forecasting,2,Phase 2+,0.65,0.7099999785
1866,2022-09-01,PAK,5489,Forecasting,2,Phase 2+,0.8,0.75
1867,2022-03-01,AFG,5500,Forecasting,2,Phase 2+,0.8,0.6499999762
1867,2022-07-01,AFG,5501,Forecasting,2,Phase 2+,0.65,0.6499999762
1867,2022-09-01,AFG,5502,Forecasting,2,Phase 2+,0.75,0.6800000072
1868,2022-09-01,AFG,5508,Forecasting,2,Phase 2+,0.85,0.8100000024
1870,2022-03-01,AFG,5523,Forecasting,2,Phase 2+,0.8,0.6499999762
1870,2022-07-01,AFG,5524,Forecasting,2,Phase 2+,0.65,0.6200000048
1870,2022-09-01,AFG,5525,Forecasting,2,Phase 2+,0.75,0.6999999881
1871,2022-09-01,PAK,5530,Forecasting,2,Phase 2+,0.75,0.7699999809
1872,2022-09-01,PAK,5535,Forecasting,2,Phase 2+,0.75,0.7699999809
1873,2022-03-01,TJK,5544,Forecasting,2,Phase 2+,0.9,0.8000000119
1873,2022-09-01,TJK,5545,Forecasting,2,Phase 2+,0.85,0.8799999952
1875,2022-03-01,PAK,5561,Forecasting,2,Phase 2+,0.8,0.6700000167
1875,2022-07-01,PAK,5562,Forecasting,2,Phase 2+,0.65,0.7400000095
1875,2022-09-01,PAK,5563,Forecasting,2,Phase 2+,0.75,0.7400000095
1876,2022-03-01,PAK,5572,Forecasting,2,Phase 2+,0.8,0.6499999762
1876,2022-07-01,PAK,5573,Forecasting,2,Phase 2+,0.65,0.7300000191
1876,2022-09-01,PAK,5574,Forecasting,2,Phase 2+,0.75,0.7300000191
2,2022-10-01,DOM,1,Nowcasting,2,Phase 2+,0.5,0.6499999762
5,2022-10-01,DOM,2,Nowcasting,2,Phase 2+,0.55,0.6700000167
9,2022-09-01,DOM,3,Nowcasting,2,Phase 2+,0.8,0.6499999762
10,2022-09-01,HTI,6,Nowcasting,2,Phase 2+,0.85,0.6800000072
10,2022-10-01,HTI,7,Nowcasting,2,Phase 2+,0.65,0.5099999905
11,2022-09-01,HTI,11,Nowcasting,2,Phase 2+,0.85,0.6800000072
11,2022-10-01,HTI,12,Nowcasting,2,Phase 2+,0.65,0.5400000215
12,2022-09-01,HTI,16,Nowcasting,2,Phase 2+,0.85,0.6800000072
12,2022-10-01,HTI,17,Nowcasting,2,Phase 2+,0.65,0.5299999714
13,2022-09-01,HTI,19,Nowcasting,2,Phase 2+,0.75,0.6800000072
16,2022-10-01,HTI,22,Nowcasting,2,Phase 2+,0.6,0.5199999809
19,2022-10-01,HTI,27,Nowcasting,2,Phase 2+,0.65,0.5199999809
20,2022-10-01,HTI,30,Nowcasting,2,Phase 2+,0.65,0.5199999809
21,2022-09-01,HTI,31,Nowcasting,2,Phase 2+,0.75,0.6700000167
21,2022-10-01,HTI,32,Nowcasting,2,Phase 2+,0.65,0.5400000215
22,2022-09-01,HTI,33,Nowcasting,2,Phase 2+,0.75,0.6700000167
22,2022-10-01,HTI,34,Nowcasting,2,Phase 2+,0.65,0.5400000215
38,2022-03-01,HND,66,Nowcasting,2,Phase 2+,0.7,0.6100000143
41,2022-03-01,HND,92,Nowcasting,2,Phase 2+,0.7,0.6399999857
42,2022-03-01,HND,105,Nowcasting,2,Phase 2+,0.7,0.6399999857
45,2022-03-01,SLV,131,Nowcasting,2,Phase 2+,0.65,0.5400000215
47,2022-03-01,SLV,150,Nowcasting,2,Phase 2+,0.65,0.5600000024
48,2022-03-01,HND,161,Nowcasting,2,Phase 2+,0.7,0.5799999833
49,2022-03-01,HND,172,Nowcasting,2,Phase 2+,0.7,0.5799999833
50,2022-03-01,SLV,186,Nowcasting,2,Phase 2+,0.65,0.5500000119
51,2022-03-01,HND,193,Nowcasting,2,Phase 2+,0.65,0.5500000119
52,2022-03-01,HND,200,Nowcasting,2,Phase 2+,0.65,0.5500000119
54,2022-03-01,SLV,212,Nowcasting,2,Phase 2+,0.65,0.5299999714
55,2022-03-01,HND,226,Nowcasting,2,Phase 2+,0.65,0.5600000024
56,2022-03-01,HND,240,Nowcasting,2,Phase 2+,0.65,0.5500000119
57,2022-03-01,SLV,251,Nowcasting,2,Phase 2+,0.45,0.5600000024
58,2022-03-01,GTM,264,Nowcasting,2,Phase 2+,0.7,0.6200000048
59,2022-03-01,GTM,277,Nowcasting,2,Phase 2+,0.7,0.6200000048
60,2022-03-01,SLV,289,Nowcasting,2,Phase 2+,0.45,0.5400000215
63,2022-03-01,SLV,304,Nowcasting,2,Phase 2+,0.65,0.5500000119
65,2022-03-01,SLV,323,Nowcasting,2,Phase 2+,0.45,0.5299999714
66,2022-03-01,SLV,338,Nowcasting,2,Phase 2+,0.45,0.5600000024
67,2022-03-01,GTM,348,Nowcasting,2,Phase 2+,0.65,0.5799999833
68,2022-03-01,GTM,358,Nowcasting,2,Phase 2+,0.65,0.5799999833
69,2022-03-01,GTM,368,Nowcasting,2,Phase 2+,0.65,0.5799999833
70,2022-03-01,GTM,378,Nowcasting,2,Phase 2+,0.65,0.5799999833
71,2022-03-01,GTM,388,Nowcasting,2,Phase 2+,0.65,0.5799999833
72,2022-03-01,SLV,402,Nowcasting,2,Phase 2+,0.45,0.5600000024
73,2022-03-01,SLV,415,Nowcasting,2,Phase 2+,0.45,0.5500000119
74,2022-03-01,GTM,418,Nowcasting,2,Phase 2+,0.45,0.5600000024
75,2022-03-01,GTM,427,Nowcasting,2,Phase 2+,0.45,0.5299999714
76,2022-03-01,GTM,436,Nowcasting,2,Phase 2+,0.45,0.5299999714
77,2022-03-01,SLV,450,Nowcasting,2,Phase 2+,0.45,0.5400000215
78,2022-03-01,GTM,458,Nowcasting,2,Phase 2+,0.5,0.5500000119
79,2022-03-01,GTM,466,Nowcasting,2,Phase 2+,0.5,0.5500000119
80,2022-03-01,GTM,468,Nowcasting,2,Phase 2+,0.75,0.5699999928
81,2022-03-01,GTM,470,Nowcasting,2,Phase 2+,0.75,0.5699999928
82,2022-03-01,GTM,478,Nowcasting,2,Phase 2+,0.55,0.5799999833
83,2022-03-01,GTM,486,Nowcasting,2,Phase 2+,0.55,0.5799999833
86,2022-03-01,GTM,515,Nowcasting,2,Phase 2+,0.63,0.5099999905
87,2022-03-01,GTM,524,Nowcasting,2,Phase 2+,0.63,0.5199999809
90,2022-03-01,GTM,551,Nowcasting,2,Phase 2+,0.63,0.5299999714
91,2022-03-01,GTM,566,Nowcasting,2,Phase 2+,0.63,0.5299999714
92,2022-03-01,GTM,581,Nowcasting,2,Phase 2+,0.63,0.5299999714
93,2022-03-01,GTM,591,Nowcasting,2,Phase 2+,0.64,0.5299999714
94,2022-03-01,GTM,601,Nowcasting,2,Phase 2+,0.64,0.5299999714
99,2022-03-01,GTM,632,Nowcasting,2,Phase 2+,0.66,0.5500000119
100,2022-03-01,GTM,641,Nowcasting,2,Phase 2+,0.66,0.5500000119
109,2022-03-01,GTM,672,Nowcasting,2,Phase 2+,0.7,0.5400000215
110,2022-03-01,GTM,677,Nowcasting,2,Phase 2+,0.7,0.5400000215
111,2022-03-01,GTM,681,Nowcasting,2,Phase 2+,0.6,0.6000000238
112,2022-03-01,GTM,685,Nowcasting,2,Phase 2+,0.6,0.5899999738
113,2022-03-01,GTM,689,Nowcasting,2,Phase 2+,0.6,0.5500000119
114,2022-03-01,GTM,693,Nowcasting,2,Phase 2+,0.6,0.5500000119
136,2022-07-01,COD,706,Nowcasting,2,Phase 2+,0.6,0.6700000167
160,2022-07-01,COD,717,Nowcasting,2,Phase 2+,0.8,0.6600000262
161,2022-07-01,COD,718,Nowcasting,2,Phase 2+,0.8,0.6600000262
165,2022-09-01,CAF,724,Nowcasting,2,Phase 2+,0.85,0.7900000215
169,2022-07-01,COD,735,Nowcasting,2,Phase 2+,0.75,0.6299999952
174,2022-09-01,CAF,744,Nowcasting,2,Phase 2+,0.85,0.8299999833
175,2022-09-01,CAF,752,Nowcasting,2,Phase 2+,0.85,0.8299999833
177,2022-09-01,CAF,760,Nowcasting,2,Phase 2+,0.85,0.8399999738
189,2022-07-01,COD,778,Nowcasting,2,Phase 2+,0.75,0.6000000238
190,2022-07-01,COD,779,Nowcasting,2,Phase 2+,0.75,0.6000000238
216,2022-09-01,CAF,801,Nowcasting,2,Phase 2+,0.8,0.6700000167
229,2022-09-01,CAF,811,Nowcasting,2,Phase 2+,0.75,0.6899999976
230,2022-07-01,COD,812,Nowcasting,2,Phase 2+,0.55,0.6800000072
234,2022-07-01,CAF,819,Nowcasting,2,Phase 2+,0.75,0.7200000286
234,2022-09-01,CAF,820,Nowcasting,2,Phase 2+,0.55,0.6800000072
237,2022-07-01,CAF,832,Nowcasting,2,Phase 2+,0.75,0.7200000286
237,2022-09-01,CAF,833,Nowcasting,2,Phase 2+,0.55,0.6800000072
239,2022-07-01,CAF,842,Nowcasting,2,Phase 2+,0.75,0.7200000286
239,2022-09-01,CAF,843,Nowcasting,2,Phase 2+,0.55,0.6800000072
242,2022-07-01,COD,844,Nowcasting,2,Phase 2+,0.5,0.6399999857
251,2022-09-01,CAF,847,Nowcasting,2,Phase 2+,0.7,0.6899999976
258,2022-09-01,CAF,854,Nowcasting,2,Phase 2+,0.7,0.6899999976
263,2022-07-01,COD,862,Nowcasting,2,Phase 2+,0.65,0.6600000262
264,2022-07-01,COD,863,Nowcasting,2,Phase 2+,0.65,0.6600000262
280,2022-09-01,CAF,873,Nowcasting,2,Phase 2+,0.8,0.6700000167
282,2022-07-01,CAF,880,Nowcasting,2,Phase 2+,0.5,0.7300000191
282,2022-09-01,CAF,881,Nowcasting,2,Phase 2+,0.75,0.6600000262
283,2022-07-01,CAF,888,Nowcasting,2,Phase 2+,0.5,0.7300000191
283,2022-09-01,CAF,889,Nowcasting,2,Phase 2+,0.75,0.6600000262
284,2022-07-01,COD,892,Nowcasting,2,Phase 2+,0.7,0.6499999762
285,2022-07-01,COD,895,Nowcasting,2,Phase 2+,0.7,0.6499999762
286,2022-09-01,CAF,903,Nowcasting,2,Phase 2+,0.75,0.6999999881
290,2022-09-01,CAF,906,Nowcasting,2,Phase 2+,0.8,0.7200000286
291,2022-07-01,CAF,915,Nowcasting,2,Phase 2+,0.5,0.7300000191
291,2022-09-01,CAF,916,Nowcasting,2,Phase 2+,0.75,0.7200000286
296,2022-07-01,COD,920,Nowcasting,2,Phase 2+,0.85,0.6899999976
305,2022-07-01,CAF,936,Nowcasting,2,Phase 2+,0.5,0.7400000095
314,2022-07-01,CAF,939,Nowcasting,2,Phase 2+,0.7,0.7300000191
319,2022-09-01,CAF,947,Nowcasting,2,Phase 2+,0.8,0.7900000215
322,2022-09-01,CAF,952,Nowcasting,2,Phase 2+,0.8,0.7900000215
323,2022-09-01,CAF,957,Nowcasting,2,Phase 2+,0.8,0.8000000119
334,2022-04-01,CAF,968,Nowcasting,2,Phase 2+,0.45,0.7799999714
335,2022-04-01,CAF,971,Nowcasting,2,Phase 2+,0.45,0.75
347,2022-09-01,CAF,979,Nowcasting,2,Phase 2+,0.9,0.7599999905
370,2022-07-01,COD,990,Nowcasting,2,Phase 2+,0.7,0.6000000238
374,2022-07-01,COD,993,Nowcasting,2,Phase 2+,0.7,0.6000000238
391,2022-07-01,COD,1001,Nowcasting,2,Phase 2+,0.75,0.6600000262
409,2022-07-01,COD,1009,Nowcasting,2,Phase 2+,0.6,0.6800000072
410,2022-07-01,COD,1011,Nowcasting,2,Phase 2+,0.6,0.6800000072
413,2022-07-01,COD,1013,Nowcasting,2,Phase 2+,0.6,0.6600000262
417,2022-07-01,COD,1020,Nowcasting,2,Phase 2+,0.65,0.7699999809
420,2022-07-01,COD,1021,Nowcasting,2,Phase 2+,0.65,0.6100000143
435,2022-10-01,CAF,1036,Nowcasting,2,Phase 2+,0.85,0.6200000048
436,2022-10-01,CAF,1047,Nowcasting,2,Phase 2+,0.85,0.6499999762
441,2022-10-01,CAF,1066,Nowcasting,2,Phase 2+,0.85,0.6399999857
443,2022-07-01,COD,1068,Nowcasting,2,Phase 2+,0.75,0.6800000072
446,2022-07-01,COD,1071,Nowcasting,2,Phase 2+,0.7,0.6700000167
451,2022-07-01,COD,1077,Nowcasting,2,Phase 2+,0.7,0.6700000167
452,2022-07-01,COD,1083,Nowcasting,2,Phase 2+,0.7,0.6299999952
459,2022-07-01,COD,1095,Nowcasting,2,Phase 2+,0.75,0.6899999976
471,2022-07-01,COD,1103,Nowcasting,2,Phase 2+,0.75,0.5799999833
472,2022-07-01,COD,1105,Nowcasting,2,Phase 2+,0.75,0.5799999833
492,2022-07-01,COD,1123,Nowcasting,2,Phase 2+,0.7,0.6399999857
494,2022-07-01,COD,1125,Nowcasting,2,Phase 2+,0.7,0.6399999857
495,2022-02-01,SSD,1129,Nowcasting,2,Phase 2+,0.95,0.75
495,2022-10-01,SSD,1130,Nowcasting,2,Phase 2+,0.85,0.7200000286
496,2022-02-01,SSD,1134,Nowcasting,2,Phase 2+,0.95,0.7300000191
496,2022-10-01,SSD,1135,Nowcasting,2,Phase 2+,0.85,0.7099999785
512,2022-10-01,SSD,1163,Nowcasting,2,Phase 2+,0.9,0.8000000119
513,2022-10-01,SSD,1168,Nowcasting,2,Phase 2+,0.9,0.8000000119
518,2022-07-01,COD,1174,Nowcasting,2,Phase 2+,0.8,0.6800000072
519,2022-07-01,COD,1179,Nowcasting,2,Phase 2+,0.8,0.6800000072
520,2022-02-01,SSD,1180,Nowcasting,2,Phase 2+,0.85,0.7799999714
521,2022-02-01,SSD,1181,Nowcasting,2,Phase 2+,0.85,0.7799999714
534,2022-02-01,COD,1191,Nowcasting,2,Phase 2+,0.7,0.7699999809
534,2022-10-01,COD,1192,Nowcasting,2,Phase 2+,0.55,0.6899999976
537,2022-02-01,COD,1200,Nowcasting,2,Phase 2+,0.7,0.7400000095
537,2022-10-01,COD,1201,Nowcasting,2,Phase 2+,0.55,0.6800000072
547,2022-07-01,COD,1218,Nowcasting,2,Phase 2+,0.85,0.7200000286
555,2022-07-01,COD,1243,Nowcasting,2,Phase 2+,0.7,0.6200000048
564,2022-04-01,COD,1264,Nowcasting,2,Phase 2+,0.4,0.5400000215
564,2022-06-01,COD,1265,Nowcasting,2,Phase 2+,0.75,0.6299999952
564,2022-07-01,COD,1266,Nowcasting,2,Phase 2+,0.8,0.6299999952
565,2022-04-01,COD,1279,Nowcasting,2,Phase 2+,0.4,0.5299999714
565,2022-06-01,COD,1280,Nowcasting,2,Phase 2+,0.75,0.6299999952
565,2022-07-01,COD,1281,Nowcasting,2,Phase 2+,0.8,0.6299999952
568,2022-10-01,SSD,1285,Nowcasting,2,Phase 2+,0.85,0.8299999833
570,2022-02-01,COD,1299,Nowcasting,2,Phase 2+,0.7,0.7699999809
571,2022-02-01,COD,1313,Nowcasting,2,Phase 2+,0.7,0.7699999809
577,2022-10-01,SSD,1326,Nowcasting,2,Phase 2+,0.55,0.7200000286
578,2022-10-01,SSD,1337,Nowcasting,2,Phase 2+,0.55,0.7200000286
586,2022-02-01,COD,1358,Nowcasting,2,Phase 2+,0.7,0.7099999785
586,2022-07-01,COD,1359,Nowcasting,2,Phase 2+,0.75,0.6800000072
586,2022-10-01,COD,1360,Nowcasting,2,Phase 2+,0.55,0.6499999762
587,2022-04-01,COD,1373,Nowcasting,2,Phase 2+,0.3,0.4600000083
587,2022-06-01,COD,1374,Nowcasting,2,Phase 2+,0.15,0.4900000095
587,2022-07-01,COD,1375,Nowcasting,2,Phase 2+,0.8,0.6000000238
591,2022-04-01,COD,1389,Nowcasting,2,Phase 2+,0.3,0.5
591,2022-07-01,COD,1390,Nowcasting,2,Phase 2+,0.8,0.5899999738
592,2022-04-01,COD,1402,Nowcasting,2,Phase 2+,0.3,0.5
592,2022-07-01,COD,1403,Nowcasting,2,Phase 2+,0.8,0.6000000238
598,2022-07-01,COD,1423,Nowcasting,2,Phase 2+,0.7,0.6399999857
602,2022-04-01,COD,1436,Nowcasting,2,Phase 2+,0.4,0.4799999893
602,2022-06-01,COD,1437,Nowcasting,2,Phase 2+,0.75,0.6700000167
602,2022-07-01,COD,1438,Nowcasting,2,Phase 2+,0.8,0.6100000143
605,2022-10-01,SSD,1444,Nowcasting,2,Phase 2+,0.8,0.7699999809
606,2022-10-01,SSD,1448,Nowcasting,2,Phase 2+,0.8,0.7699999809
607,2022-07-01,COD,1455,Nowcasting,2,Phase 2+,0.7,0.6600000262
608,2022-07-01,COD,1462,Nowcasting,2,Phase 2+,0.85,0.6499999762
609,2022-07-01,COD,1469,Nowcasting,2,Phase 2+,0.85,0.6499999762
611,2022-06-01,COD,1479,Nowcasting,2,Phase 2+,0.3,0.6100000143
611,2022-07-01,COD,1480,Nowcasting,2,Phase 2+,0.7,0.6200000048
613,2022-04-01,COD,1492,Nowcasting,2,Phase 2+,0.35,0.5500000119
613,2022-06-01,COD,1493,Nowcasting,2,Phase 2+,0.4,0.4900000095
613,2022-07-01,COD,1494,Nowcasting,2,Phase 2+,0.85,0.5799999833
614,2022-07-01,COD,1499,Nowcasting,2,Phase 2+,0.9,0.6700000167
615,2022-04-01,COD,1512,Nowcasting,2,Phase 2+,0.4,0.4799999893
615,2022-06-01,COD,1513,Nowcasting,2,Phase 2+,0.75,0.6600000262
615,2022-07-01,COD,1514,Nowcasting,2,Phase 2+,0.8,0.6100000143
616,2022-04-01,COD,1521,Nowcasting,2,Phase 2+,0.3,0.3799999952
618,2022-04-01,COD,1535,Nowcasting,2,Phase 2+,0.35,0.5400000215
618,2022-06-01,COD,1536,Nowcasting,2,Phase 2+,0.4,0.4799999893
618,2022-07-01,COD,1537,Nowcasting,2,Phase 2+,0.85,0.5699999928
623,2022-07-01,COD,1546,Nowcasting,2,Phase 2+,0.9,0.6800000072
625,2022-04-01,COD,1560,Nowcasting,2,Phase 2+,0.3,0.3799999952
625,2022-06-01,COD,1561,Nowcasting,2,Phase 2+,0.15,0.4600000083
625,2022-07-01,COD,1562,Nowcasting,2,Phase 2+,0.75,0.5899999738
626,2022-04-01,COD,1576,Nowcasting,2,Phase 2+,0.3,0.3899999857
626,2022-06-01,COD,1577,Nowcasting,2,Phase 2+,0.15,0.4600000083
626,2022-07-01,COD,1578,Nowcasting,2,Phase 2+,0.75,0.5799999833
630,2022-06-01,ZMB,1581,Nowcasting,2,Phase 2+,0.6,0.5799999833
633,2022-06-01,ZMB,1584,Nowcasting,2,Phase 2+,0.6,0.5699999928
634,2022-04-01,COD,1598,Nowcasting,2,Phase 2+,0.35,0.5299999714
634,2022-06-01,COD,1599,Nowcasting,2,Phase 2+,0.4,0.5400000215
634,2022-07-01,COD,1600,Nowcasting,2,Phase 2+,0.65,0.6100000143
637,2022-02-01,SSD,1615,Nowcasting,2,Phase 2+,0.95,0.7699999809
637,2022-10-01,SSD,1616,Nowcasting,2,Phase 2+,0.85,0.7599999905
638,2022-02-01,SSD,1625,Nowcasting,2,Phase 2+,0.95,0.7799999714
638,2022-10-01,SSD,1626,Nowcasting,2,Phase 2+,0.85,0.7599999905
639,2022-02-01,SSD,1633,Nowcasting,2,Phase 2+,0.85,0.7599999905
640,2022-02-01,SSD,1640,Nowcasting,2,Phase 2+,0.85,0.7599999905
642,2022-10-01,SSD,1643,Nowcasting,2,Phase 2+,0.8,0.8399999738
643,2022-10-01,SSD,1645,Nowcasting,2,Phase 2+,0.8,0.8399999738
644,2022-06-01,COD,1650,Nowcasting,2,Phase 2+,0.3,0.5699999928
644,2022-07-01,COD,1651,Nowcasting,2,Phase 2+,0.65,0.6299999952
645,2022-06-01,COD,1656,Nowcasting,2,Phase 2+,0.3,0.5699999928
645,2022-07-01,COD,1657,Nowcasting,2,Phase 2+,0.65,0.6299999952
646,2022-04-01,COD,1668,Nowcasting,2,Phase 2+,0.35,0.5500000119
646,2022-07-01,COD,1669,Nowcasting,2,Phase 2+,0.8,0.6200000048
647,2022-04-01,COD,1680,Nowcasting,2,Phase 2+,0.35,0.5600000024
647,2022-07-01,COD,1681,Nowcasting,2,Phase 2+,0.8,0.6200000048
649,2022-04-01,COD,1700,Nowcasting,2,Phase 2+,0.35,0.5400000215
649,2022-06-01,COD,1701,Nowcasting,2,Phase 2+,0.35,0.5699999928
649,2022-07-01,COD,1702,Nowcasting,2,Phase 2+,0.65,0.5699999928
650,2022-04-01,COD,1720,Nowcasting,2,Phase 2+,0.35,0.5400000215
650,2022-06-01,COD,1721,Nowcasting,2,Phase 2+,0.35,0.5699999928
650,2022-07-01,COD,1722,Nowcasting,2,Phase 2+,0.65,0.5699999928
651,2022-04-01,BDI,1737,Nowcasting,2,Phase 2+,0.3,0.4600000083
651,2022-06-01,BDI,1738,Nowcasting,2,Phase 2+,0.15,0.6499999762
651,2022-07-01,BDI,1739,Nowcasting,2,Phase 2+,0.75,0.6999999881
652,2022-04-01,BDI,1754,Nowcasting,2,Phase 2+,0.3,0.4600000083
652,2022-06-01,BDI,1755,Nowcasting,2,Phase 2+,0.15,0.6600000262
652,2022-07-01,BDI,1756,Nowcasting,2,Phase 2+,0.75,0.7200000286
654,2022-06-01,COD,1766,Nowcasting,2,Phase 2+,0.3,0.6299999952
654,2022-07-01,COD,1767,Nowcasting,2,Phase 2+,0.8,0.6499999762
655,2022-06-01,COD,1777,Nowcasting,2,Phase 2+,0.3,0.5500000119
655,2022-07-01,COD,1778,Nowcasting,2,Phase 2+,0.75,0.5699999928
658,2022-06-01,COD,1788,Nowcasting,2,Phase 2+,0.3,0.5699999928
658,2022-07-01,COD,1789,Nowcasting,2,Phase 2+,0.8,0.5299999714
661,2022-06-01,COD,1802,Nowcasting,2,Phase 2+,0.3,0.5799999833
661,2022-07-01,COD,1803,Nowcasting,2,Phase 2+,0.8,0.5400000215
668,2022-02-01,SSD,1823,Nowcasting,2,Phase 2+,0.5,0.6299999952
668,2022-07-01,SSD,1824,Nowcasting,2,Phase 2+,0.75,0.6899999976
669,2022-02-01,SSD,1831,Nowcasting,2,Phase 2+,0.5,0.6299999952
669,2022-07-01,SSD,1832,Nowcasting,2,Phase 2+,0.75,0.6899999976
670,2022-02-01,SSD,1834,Nowcasting,2,Phase 2+,0.9,0.7699999809
671,2022-02-01,SSD,1836,Nowcasting,2,Phase 2+,0.9,0.7699999809
672,2022-02-01,SSD,1846,Nowcasting,2,Phase 2+,0.8,0.7599999905
672,2022-10-01,SSD,1847,Nowcasting,2,Phase 2+,0.8,0.8000000119
673,2022-02-01,SSD,1857,Nowcasting,2,Phase 2+,0.8,0.7599999905
673,2022-10-01,SSD,1858,Nowcasting,2,Phase 2+,0.8,0.8000000119
674,2022-07-01,BDI,1868,Nowcasting,2,Phase 2+,0.8,0.7300000191
675,2022-07-01,BDI,1878,Nowcasting,2,Phase 2+,0.8,0.7300000191
676,2022-04-01,BDI,1893,Nowcasting,2,Phase 2+,0.4,0.5099999905
676,2022-06-01,BDI,1894,Nowcasting,2,Phase 2+,0.4,0.6399999857
676,2022-07-01,BDI,1895,Nowcasting,2,Phase 2+,0.75,0.6800000072
677,2022-04-01,BDI,1910,Nowcasting,2,Phase 2+,0.4,0.5099999905
677,2022-06-01,BDI,1911,Nowcasting,2,Phase 2+,0.4,0.6499999762
677,2022-07-01,BDI,1912,Nowcasting,2,Phase 2+,0.75,0.6899999976
678,2022-02-01,SSD,1917,Nowcasting,2,Phase 2+,0.95,0.8199999928
678,2022-04-01,SSD,1918,Nowcasting,2,Phase 2+,0.4,0.8199999928
679,2022-02-01,SSD,1923,Nowcasting,2,Phase 2+,0.95,0.8199999928
679,2022-04-01,SSD,1924,Nowcasting,2,Phase 2+,0.4,0.8199999928
680,2022-02-01,COD,1927,Nowcasting,2,Phase 2+,0.8,0.7400000095
680,2022-07-01,COD,1928,Nowcasting,2,Phase 2+,0.75,0.7099999785
680,2022-10-01,COD,1929,Nowcasting,2,Phase 2+,0.8,0.6499999762
681,2022-06-01,COD,1939,Nowcasting,2,Phase 2+,0.3,0.6499999762
681,2022-07-01,COD,1940,Nowcasting,2,Phase 2+,0.8,0.6200000048
682,2022-02-01,SSD,1942,Nowcasting,2,Phase 2+,0.95,0.8299999833
683,2022-02-01,SSD,1944,Nowcasting,2,Phase 2+,0.95,0.8199999928
684,2022-06-01,COD,1954,Nowcasting,2,Phase 2+,0.3,0.6600000262
684,2022-07-01,COD,1955,Nowcasting,2,Phase 2+,0.8,0.6200000048
685,2022-02-01,COD,1958,Nowcasting,2,Phase 2+,0.8,0.7699999809
685,2022-07-01,COD,1959,Nowcasting,2,Phase 2+,0.75,0.7200000286
691,2022-02-01,SSD,1977,Nowcasting,2,Phase 2+,0.85,0.8399999738
692,2022-02-01,SSD,1981,Nowcasting,2,Phase 2+,0.85,0.8399999738
699,2022-04-01,BDI,2008,Nowcasting,2,Phase 2+,0.35,0.5099999905
699,2022-06-01,BDI,2009,Nowcasting,2,Phase 2+,0.4,0.6999999881
699,2022-07-01,BDI,2010,Nowcasting,2,Phase 2+,0.75,0.6800000072
700,2022-04-01,BDI,2023,Nowcasting,2,Phase 2+,0.35,0.4900000095
700,2022-07-01,BDI,2024,Nowcasting,2,Phase 2+,0.75,0.6899999976
701,2022-02-01,SSD,2028,Nowcasting,2,Phase 2+,0.95,0.8299999833
702,2022-02-01,SSD,2032,Nowcasting,2,Phase 2+,0.95,0.8199999928
703,2022-04-01,BDI,2046,Nowcasting,2,Phase 2+,0.3,0.5199999809
703,2022-06-01,BDI,2047,Nowcasting,2,Phase 2+,0.35,0.6700000167
703,2022-07-01,BDI,2048,Nowcasting,2,Phase 2+,0.75,0.6999999881
704,2022-04-01,BDI,2062,Nowcasting,2,Phase 2+,0.3,0.5
704,2022-06-01,BDI,2063,Nowcasting,2,Phase 2+,0.35,0.6499999762
704,2022-07-01,BDI,2064,Nowcasting,2,Phase 2+,0.75,0.6800000072
705,2022-10-01,ZAF,2067,Nowcasting,2,Phase 2+,0.6,0.4099999964
706,2022-06-01,COD,2075,Nowcasting,2,Phase 2+,0.3,0.7200000286
706,2022-07-01,COD,2076,Nowcasting,2,Phase 2+,0.75,0.6399999857
707,2022-04-01,BDI,2087,Nowcasting,2,Phase 2+,0.45,0.5400000215
707,2022-06-01,BDI,2088,Nowcasting,2,Phase 2+,0.45,0.6000000238
707,2022-07-01,BDI,2089,Nowcasting,2,Phase 2+,0.75,0.7200000286
708,2022-04-01,BDI,2100,Nowcasting,2,Phase 2+,0.45,0.5299999714
708,2022-06-01,BDI,2101,Nowcasting,2,Phase 2+,0.45,0.5799999833
708,2022-07-01,BDI,2102,Nowcasting,2,Phase 2+,0.75,0.7200000286
711,2022-02-01,SSD,2118,Nowcasting,2,Phase 2+,0.8,0.7599999905
711,2022-07-01,SSD,2119,Nowcasting,2,Phase 2+,0.75,0.7099999785
712,2022-02-01,SSD,2133,Nowcasting,2,Phase 2+,0.8,0.7599999905
712,2022-07-01,SSD,2134,Nowcasting,2,Phase 2+,0.75,0.7099999785
716,2022-02-01,COD,2146,Nowcasting,2,Phase 2+,0.8,0.6800000072
716,2022-06-01,COD,2147,Nowcasting,2,Phase 2+,0.6,0.7099999785
717,2022-02-01,COD,2154,Nowcasting,2,Phase 2+,0.8,0.7300000191
717,2022-06-01,COD,2155,Nowcasting,2,Phase 2+,0.6,0.6999999881
723,2022-02-01,SSD,2162,Nowcasting,2,Phase 2+,1,0.8299999833
724,2022-02-01,SSD,2165,Nowcasting,2,Phase 2+,1,0.8600000143
726,2022-02-01,COD,2171,Nowcasting,2,Phase 2+,0.8,0.6299999952
727,2022-06-01,ZAF,2179,Nowcasting,2,Phase 2+,0.5,0.4300000072
727,2022-07-01,ZAF,2180,Nowcasting,2,Phase 2+,0.45,0.4399999976
732,2022-06-01,SSD,2195,Nowcasting,2,Phase 2+,0.5,0.75
732,2022-10-01,SSD,2196,Nowcasting,2,Phase 2+,0.8,0.6700000167
733,2022-06-01,SSD,2206,Nowcasting,2,Phase 2+,0.5,0.75
733,2022-10-01,SSD,2207,Nowcasting,2,Phase 2+,0.8,0.6700000167
735,2022-02-01,SSD,2221,Nowcasting,2,Phase 2+,0.9,0.7799999714
735,2022-10-01,SSD,2222,Nowcasting,2,Phase 2+,0.8,0.7900000215
736,2022-02-01,SSD,2231,Nowcasting,2,Phase 2+,0.9,0.7799999714
736,2022-10-01,SSD,2232,Nowcasting,2,Phase 2+,0.8,0.7900000215
748,2022-02-01,SSD,2239,Nowcasting,2,Phase 2+,0.95,0.8600000143
749,2022-02-01,SSD,2240,Nowcasting,2,Phase 2+,0.95,0.8600000143
752,2022-10-01,UGA,2242,Nowcasting,2,Phase 2+,0.8,0.7200000286
753,2022-10-01,UGA,2244,Nowcasting,2,Phase 2+,0.8,0.7200000286
759,2022-06-01,SWZ,2274,Nowcasting,2,Phase 2+,0.45,0.5
759,2022-10-01,SWZ,2275,Nowcasting,2,Phase 2+,0.6,0.6200000048
760,2022-02-01,SSD,2279,Nowcasting,2,Phase 2+,0.85,0.7900000215
761,2022-06-01,SWZ,2285,Nowcasting,2,Phase 2+,0.45,0.5
761,2022-10-01,SWZ,2286,Nowcasting,2,Phase 2+,0.6,0.6000000238
762,2022-02-01,SSD,2290,Nowcasting,2,Phase 2+,0.85,0.8000000119
768,2022-02-01,SSD,2295,Nowcasting,2,Phase 2+,0.9,0.8100000024
769,2022-02-01,SSD,2298,Nowcasting,2,Phase 2+,0.9,0.8100000024
770,2022-06-01,SWZ,2299,Nowcasting,2,Phase 2+,0.4,0.4699999988
770,2022-10-01,SWZ,2300,Nowcasting,2,Phase 2+,0.6,0.5699999928
773,2022-06-01,SWZ,2307,Nowcasting,2,Phase 2+,0.4,0.4799999893
773,2022-10-01,SWZ,2308,Nowcasting,2,Phase 2+,0.6,0.5699999928
779,2022-02-01,SSD,2317,Nowcasting,2,Phase 2+,0.95,0.8399999738
779,2022-10-01,SSD,2318,Nowcasting,2,Phase 2+,0.9,0.8799999952
780,2022-02-01,SSD,2322,Nowcasting,2,Phase 2+,0.95,0.8399999738
780,2022-10-01,SSD,2323,Nowcasting,2,Phase 2+,0.9,0.8799999952
781,2022-10-01,SSD,2326,Nowcasting,2,Phase 2+,1,0.8600000143
782,2022-10-01,SSD,2329,Nowcasting,2,Phase 2+,1,0.8600000143
783,2022-10-01,SSD,2337,Nowcasting,2,Phase 2+,0.8,0.7200000286
784,2022-10-01,SSD,2345,Nowcasting,2,Phase 2+,0.8,0.7099999785
785,2022-06-01,SSD,2357,Nowcasting,2,Phase 2+,0.6,0.6999999881
785,2022-10-01,SSD,2358,Nowcasting,2,Phase 2+,0.85,0.6800000072
786,2022-06-01,SSD,2370,Nowcasting,2,Phase 2+,0.6,0.6999999881
786,2022-10-01,SSD,2371,Nowcasting,2,Phase 2+,0.85,0.6899999976
789,2022-10-01,SSD,2376,Nowcasting,2,Phase 2+,0.9,0.8600000143
793,2022-02-01,SDN,2379,Nowcasting,2,Phase 2+,0.75,0.6899999976
794,2022-10-01,SWZ,2381,Nowcasting,2,Phase 2+,0.6,0.6399999857
796,2022-06-01,UGA,2386,Nowcasting,2,Phase 2+,0.6,0.6600000262
797,2022-06-01,UGA,2390,Nowcasting,2,Phase 2+,0.6,0.6600000262
798,2022-06-01,SWZ,2393,Nowcasting,2,Phase 2+,0.55,0.5600000024
799,2022-06-01,SWZ,2396,Nowcasting,2,Phase 2+,0.55,0.5600000024
800,2022-10-01,SSD,2399,Nowcasting,2,Phase 2+,0.95,0.8100000024
801,2022-10-01,SSD,2402,Nowcasting,2,Phase 2+,0.95,0.8100000024
806,2022-02-01,SSD,2409,Nowcasting,2,Phase 2+,0.85,0.7599999905
806,2022-10-01,SSD,2410,Nowcasting,2,Phase 2+,0.85,0.8000000119
807,2022-02-01,SSD,2417,Nowcasting,2,Phase 2+,0.85,0.7599999905
807,2022-10-01,SSD,2418,Nowcasting,2,Phase 2+,0.85,0.8000000119
815,2022-02-01,SSD,2422,Nowcasting,2,Phase 2+,0.9,0.8299999833
815,2022-10-01,SSD,2423,Nowcasting,2,Phase 2+,0.9,0.8600000143
816,2022-02-01,SSD,2427,Nowcasting,2,Phase 2+,0.9,0.8299999833
816,2022-10-01,SSD,2428,Nowcasting,2,Phase 2+,0.9,0.8600000143
817,2022-02-01,SSD,2434,Nowcasting,2,Phase 2+,0.9,0.8500000238
817,2022-10-01,SSD,2435,Nowcasting,2,Phase 2+,0.9,0.8500000238
818,2022-02-01,SSD,2441,Nowcasting,2,Phase 2+,0.9,0.8500000238
818,2022-10-01,SSD,2442,Nowcasting,2,Phase 2+,0.9,0.8500000238
820,2022-02-01,SSD,2449,Nowcasting,2,Phase 2+,0.55,0.6999999881
820,2022-03-01,SSD,2450,Nowcasting,2,Phase 2+,0.7,0.6800000072
820,2022-06-01,SSD,2451,Nowcasting,2,Phase 2+,0.6,0.6700000167
821,2022-02-01,SSD,2458,Nowcasting,2,Phase 2+,0.55,0.6999999881
821,2022-03-01,SSD,2459,Nowcasting,2,Phase 2+,0.7,0.6800000072
821,2022-06-01,SSD,2460,Nowcasting,2,Phase 2+,0.6,0.6700000167
825,2022-04-01,SDN,2461,Nowcasting,2,Phase 2+,0.7,0.6600000262
828,2022-04-01,SDN,2464,Nowcasting,2,Phase 2+,0.45,0.7699999809
829,2022-04-01,SDN,2467,Nowcasting,2,Phase 2+,0.45,0.7699999809
837,2022-06-01,UGA,2470,Nowcasting,2,Phase 2+,0.7,0.6100000143
842,2022-02-01,SSD,2482,Nowcasting,2,Phase 2+,0.75,0.7200000286
842,2022-03-01,SSD,2483,Nowcasting,2,Phase 2+,0.7,0.6800000072
842,2022-06-01,SSD,2484,Nowcasting,2,Phase 2+,0.6,0.6999999881
842,2022-10-01,SSD,2485,Nowcasting,2,Phase 2+,0.7,0.6600000262
843,2022-02-01,SSD,2495,Nowcasting,2,Phase 2+,0.75,0.7200000286
843,2022-03-01,SSD,2496,Nowcasting,2,Phase 2+,0.7,0.6800000072
843,2022-06-01,SSD,2497,Nowcasting,2,Phase 2+,0.6,0.6999999881
843,2022-10-01,SSD,2498,Nowcasting,2,Phase 2+,0.7,0.6600000262
844,2022-10-01,SSD,2500,Nowcasting,2,Phase 2+,0.8,0.7300000191
845,2022-10-01,SSD,2502,Nowcasting,2,Phase 2+,0.8,0.7300000191
852,2022-06-01,UGA,2512,Nowcasting,2,Phase 2+,0.7,0.6000000238
857,2022-03-01,UGA,2522,Nowcasting,2,Phase 2+,0.7,0.6800000072
858,2022-03-01,UGA,2525,Nowcasting,2,Phase 2+,0.7,0.6700000167
882,2022-02-01,SSD,2553,Nowcasting,2,Phase 2+,0.9,0.7799999714
883,2022-02-01,SSD,2558,Nowcasting,2,Phase 2+,0.9,0.7900000215
893,2022-02-01,SSD,2571,Nowcasting,2,Phase 2+,0.8,0.6800000072
893,2022-10-01,SSD,2572,Nowcasting,2,Phase 2+,0.9,0.6899999976
894,2022-02-01,SSD,2578,Nowcasting,2,Phase 2+,0.8,0.6899999976
894,2022-10-01,SSD,2579,Nowcasting,2,Phase 2+,0.9,0.6899999976
896,2022-04-01,SSD,2584,Nowcasting,2,Phase 2+,0.75,0.6999999881
897,2022-04-01,SSD,2587,Nowcasting,2,Phase 2+,0.75,0.6999999881
898,2022-03-01,SSD,2588,Nowcasting,2,Phase 2+,0.7,0.6700000167
898,2022-06-01,SSD,2589,Nowcasting,2,Phase 2+,0.6,0.7300000191
898,2022-10-01,SSD,2590,Nowcasting,2,Phase 2+,0.8,0.6899999976
899,2022-03-01,SSD,2591,Nowcasting,2,Phase 2+,0.7,0.6700000167
899,2022-06-01,SSD,2592,Nowcasting,2,Phase 2+,0.6,0.7300000191
899,2022-10-01,SSD,2593,Nowcasting,2,Phase 2+,0.8,0.6899999976
901,2022-02-01,SSD,2596,Nowcasting,2,Phase 2+,0.8,0.7799999714
902,2022-02-01,SSD,2598,Nowcasting,2,Phase 2+,0.8,0.7900000215
913,2022-02-01,SSD,2615,Nowcasting,2,Phase 2+,0.8,0.7300000191
914,2022-02-01,SSD,2619,Nowcasting,2,Phase 2+,0.8,0.7300000191
915,2022-10-01,MWI,2621,Nowcasting,2,Phase 2+,0.5,0.5699999928
916,2022-03-01,UGA,2622,Nowcasting,2,Phase 2+,0.8,0.5299999714
917,2022-02-01,UGA,2624,Nowcasting,2,Phase 2+,0.8,0.6899999976
917,2022-06-01,UGA,2625,Nowcasting,2,Phase 2+,0.55,0.6600000262
918,2022-02-01,UGA,2627,Nowcasting,2,Phase 2+,0.8,0.7099999785
918,2022-06-01,UGA,2628,Nowcasting,2,Phase 2+,0.55,0.6299999952
919,2022-03-01,UGA,2629,Nowcasting,2,Phase 2+,0.8,0.5799999833
921,2022-10-01,MWI,2631,Nowcasting,2,Phase 2+,0.3,0.5500000119
929,2022-10-01,UGA,2645,Nowcasting,2,Phase 2+,0.8,0.6899999976
930,2022-02-01,SSD,2649,Nowcasting,2,Phase 2+,0.9,0.7599999905
930,2022-10-01,SSD,2650,Nowcasting,2,Phase 2+,0.85,0.75
931,2022-02-01,SSD,2655,Nowcasting,2,Phase 2+,0.9,0.7599999905
931,2022-10-01,SSD,2656,Nowcasting,2,Phase 2+,0.85,0.75
937,2022-02-01,UGA,2672,Nowcasting,2,Phase 2+,0.8,0.6499999762
937,2022-03-01,UGA,2673,Nowcasting,2,Phase 2+,0.8,0.6000000238
937,2022-06-01,UGA,2674,Nowcasting,2,Phase 2+,0.75,0.6000000238
937,2022-07-01,UGA,2675,Nowcasting,2,Phase 2+,0.9,0.6299999952
937,2022-10-01,UGA,2676,Nowcasting,2,Phase 2+,0.8,0.6299999952
938,2022-02-01,UGA,2685,Nowcasting,2,Phase 2+,0.8,0.6399999857
938,2022-03-01,UGA,2686,Nowcasting,2,Phase 2+,0.8,0.6100000143
938,2022-06-01,UGA,2687,Nowcasting,2,Phase 2+,0.75,0.6100000143
938,2022-07-01,UGA,2688,Nowcasting,2,Phase 2+,0.9,0.6200000048
938,2022-10-01,UGA,2689,Nowcasting,2,Phase 2+,0.8,0.6299999952
941,2022-03-01,UGA,2692,Nowcasting,2,Phase 2+,0.8,0.4600000083
942,2022-03-01,UGA,2695,Nowcasting,2,Phase 2+,0.8,0.4600000083
948,2022-02-01,UGA,2701,Nowcasting,2,Phase 2+,0.8,0.6899999976
948,2022-03-01,UGA,2702,Nowcasting,2,Phase 2+,0.8,0.6899999976
951,2022-02-01,UGA,2711,Nowcasting,2,Phase 2+,0.2,0.2599999905
951,2022-03-01,UGA,2712,Nowcasting,2,Phase 2+,0.8,0.4600000083
951,2022-06-01,UGA,2713,Nowcasting,2,Phase 2+,0.75,0.5400000215
951,2022-07-01,UGA,2714,Nowcasting,2,Phase 2+,0.2,0.4799999893
952,2022-02-01,UGA,2719,Nowcasting,2,Phase 2+,0.2,0.2599999905
952,2022-03-01,UGA,2720,Nowcasting,2,Phase 2+,0.8,0.4600000083
952,2022-06-01,UGA,2721,Nowcasting,2,Phase 2+,0.75,0.5400000215
952,2022-07-01,UGA,2722,Nowcasting,2,Phase 2+,0.2,0.4799999893
957,2022-07-01,KEN,2727,Nowcasting,2,Phase 2+,0.25,0.5600000024
965,2022-02-01,UGA,2730,Nowcasting,2,Phase 2+,0.2,0.4799999893
965,2022-06-01,UGA,2731,Nowcasting,2,Phase 2+,0.6,0.5299999714
966,2022-02-01,UGA,2733,Nowcasting,2,Phase 2+,0.2,0.4099999964
966,2022-06-01,UGA,2734,Nowcasting,2,Phase 2+,0.6,0.5299999714
968,2022-02-01,UGA,2738,Nowcasting,2,Phase 2+,0.75,0.6299999952
968,2022-03-01,UGA,2739,Nowcasting,2,Phase 2+,0.8,0.6299999952
968,2022-06-01,UGA,2740,Nowcasting,2,Phase 2+,0.7,0.6399999857
968,2022-07-01,UGA,2741,Nowcasting,2,Phase 2+,0.9,0.6700000167
969,2022-02-01,UGA,2745,Nowcasting,2,Phase 2+,0.75,0.6200000048
969,2022-03-01,UGA,2746,Nowcasting,2,Phase 2+,0.8,0.6200000048
969,2022-06-01,UGA,2747,Nowcasting,2,Phase 2+,0.7,0.6299999952
969,2022-07-01,UGA,2748,Nowcasting,2,Phase 2+,0.9,0.6700000167
971,2022-03-01,SSD,2751,Nowcasting,2,Phase 2+,0.8,0.7400000095
971,2022-06-01,SSD,2752,Nowcasting,2,Phase 2+,0.75,0.75
972,2022-03-01,SSD,2755,Nowcasting,2,Phase 2+,0.8,0.75
972,2022-06-01,SSD,2756,Nowcasting,2,Phase 2+,0.75,0.75
983,2022-06-01,MOZ,2760,Nowcasting,2,Phase 2+,0.6,0.5899999738
984,2022-06-01,MOZ,2761,Nowcasting,2,Phase 2+,0.6,0.5799999833
985,2022-06-01,MOZ,2762,Nowcasting,2,Phase 2+,0.6,0.5799999833
994,2022-02-01,KEN,2765,Nowcasting,2,Phase 2+,0.2,0.3199999928
994,2022-06-01,KEN,2766,Nowcasting,2,Phase 2+,0.5,0.5099999905
995,2022-02-01,KEN,2769,Nowcasting,2,Phase 2+,0.2,0.3100000024
995,2022-06-01,KEN,2770,Nowcasting,2,Phase 2+,0.5,0.5199999809
997,2022-09-01,LBN,2774,Nowcasting,2,Phase 2+,0.85,0.6299999952
1001,2022-09-01,LBN,2777,Nowcasting,2,Phase 2+,0.85,0.5600000024
1003,2022-02-01,KEN,2781,Nowcasting,2,Phase 2+,0.75,0.6399999857
1003,2022-03-01,KEN,2782,Nowcasting,2,Phase 2+,0.8,0.6499999762
1003,2022-07-01,KEN,2783,Nowcasting,2,Phase 2+,0.9,0.6399999857
1005,2022-02-01,KEN,2787,Nowcasting,2,Phase 2+,0.75,0.6399999857
1005,2022-03-01,KEN,2788,Nowcasting,2,Phase 2+,0.8,0.6800000072
1005,2022-07-01,KEN,2789,Nowcasting,2,Phase 2+,0.9,0.6399999857
1008,2022-09-01,LBN,2791,Nowcasting,2,Phase 2+,0.75,0.5699999928
1011,2022-02-01,KEN,2796,Nowcasting,2,Phase 2+,0.7,0.2700000107
1011,2022-03-01,KEN,2797,Nowcasting,2,Phase 2+,0.6,0.4300000072
1011,2022-06-01,KEN,2798,Nowcasting,2,Phase 2+,0.5,0.5600000024
1011,2022-07-01,KEN,2799,Nowcasting,2,Phase 2+,0.7,0.5199999809
1016,2022-09-01,LBN,2806,Nowcasting,2,Phase 2+,0.85,0.5799999833
1017,2022-09-01,LBN,2807,Nowcasting,2,Phase 2+,0.8,0.6200000048
1020,2022-09-01,LBN,2808,Nowcasting,2,Phase 2+,0.85,0.5600000024
1023,2022-09-01,LBN,2809,Nowcasting,2,Phase 2+,0.7,0.6000000238
1032,2022-02-01,KEN,2815,Nowcasting,2,Phase 2+,0.7,0.2700000107
1032,2022-03-01,KEN,2816,Nowcasting,2,Phase 2+,0.6,0.4199999869
1032,2022-06-01,KEN,2817,Nowcasting,2,Phase 2+,0.5,0.4900000095
1033,2022-02-01,KEN,2820,Nowcasting,2,Phase 2+,0.7,0.3199999928
1033,2022-03-01,KEN,2821,Nowcasting,2,Phase 2+,0.6,0.4499999881
1033,2022-06-01,KEN,2822,Nowcasting,2,Phase 2+,0.5,0.5099999905
1038,2022-09-01,LBN,2824,Nowcasting,2,Phase 2+,0.9,0.6399999857
1039,2022-09-01,LBN,2825,Nowcasting,2,Phase 2+,0.9,0.6000000238
1046,2022-02-01,KEN,2831,Nowcasting,2,Phase 2+,0.6,0.4600000083
1046,2022-07-01,KEN,2832,Nowcasting,2,Phase 2+,0.7,0.5299999714
1047,2022-02-01,KEN,2835,Nowcasting,2,Phase 2+,0.6,0.4499999881
1047,2022-07-01,KEN,2836,Nowcasting,2,Phase 2+,0.7,0.5199999809
1048,2022-07-01,KEN,2837,Nowcasting,2,Phase 2+,0.6,0.5
1048,2022-10-01,KEN,2838,Nowcasting,2,Phase 2+,0.6,0.5199999809
1049,2022-10-01,KEN,2839,Nowcasting,2,Phase 2+,0.6,0.4399999976
1050,2022-10-01,KEN,2840,Nowcasting,2,Phase 2+,0.6,0.4399999976
1057,2022-07-01,TZA,2846,Nowcasting,2,Phase 2+,0.35,0.3600000143
1059,2022-02-01,KEN,2848,Nowcasting,2,Phase 2+,0.75,0.4900000095
1059,2022-07-01,KEN,2849,Nowcasting,2,Phase 2+,0.85,0.4699999988
1060,2022-02-01,KEN,2851,Nowcasting,2,Phase 2+,0.75,0.5
1060,2022-07-01,KEN,2852,Nowcasting,2,Phase 2+,0.85,0.4799999893
1061,2022-07-01,KEN,2857,Nowcasting,2,Phase 2+,0.5,0.4099999964
1068,2022-02-01,KEN,2865,Nowcasting,2,Phase 2+,0.9,0.5799999833
1068,2022-07-01,KEN,2866,Nowcasting,2,Phase 2+,0.9,0.6399999857
1071,2022-02-01,KEN,2870,Nowcasting,2,Phase 2+,0.9,0.5600000024
1071,2022-07-01,KEN,2871,Nowcasting,2,Phase 2+,0.9,0.6200000048
1097,2022-02-01,KEN,2878,Nowcasting,2,Phase 2+,0.45,0.349999994
1099,2022-02-01,KEN,2879,Nowcasting,2,Phase 2+,0.45,0.349999994
1102,2022-02-01,KEN,2882,Nowcasting,2,Phase 2+,0.75,0.5899999738
1102,2022-07-01,KEN,2883,Nowcasting,2,Phase 2+,0.8,0.5099999905
1103,2022-02-01,KEN,2886,Nowcasting,2,Phase 2+,0.75,0.5899999738
1103,2022-07-01,KEN,2887,Nowcasting,2,Phase 2+,0.8,0.5099999905
1107,2022-10-01,MOZ,2888,Nowcasting,2,Phase 2+,0.65,0.5
1112,2022-10-01,MOZ,2889,Nowcasting,2,Phase 2+,0.35,0.5500000119
1113,2022-10-01,MOZ,2890,Nowcasting,2,Phase 2+,0.35,0.5400000215
1114,2022-10-01,MOZ,2891,Nowcasting,2,Phase 2+,0.35,0.5299999714
1124,2022-10-01,MOZ,2899,Nowcasting,2,Phase 2+,0.65,0.4099999964
1128,2022-10-01,MOZ,2903,Nowcasting,2,Phase 2+,0.65,0.4499999881
1131,2022-10-01,MOZ,2911,Nowcasting,2,Phase 2+,0.8,0.5
1145,2022-10-01,MOZ,2919,Nowcasting,2,Phase 2+,0.65,0.5299999714
1146,2022-10-01,MOZ,2921,Nowcasting,2,Phase 2+,0.65,0.5400000215
1148,2022-10-01,MOZ,2922,Nowcasting,2,Phase 2+,0.85,0.5500000119
1150,2022-10-01,MOZ,2923,Nowcasting,2,Phase 2+,0.85,0.5299999714
1151,2022-10-01,MOZ,2926,Nowcasting,2,Phase 2+,0.8,0.6399999857
1152,2022-10-01,MOZ,2929,Nowcasting,2,Phase 2+,0.8,0.6399999857
1154,2022-10-01,MOZ,2933,Nowcasting,2,Phase 2+,0.8,0.4600000083
1157,2022-02-01,KEN,2943,Nowcasting,2,Phase 2+,0.85,0.5600000024
1157,2022-07-01,KEN,2944,Nowcasting,2,Phase 2+,0.9,0.5600000024
1157,2022-10-01,KEN,2945,Nowcasting,2,Phase 2+,0.25,0.5799999833
1158,2022-02-01,KEN,2953,Nowcasting,2,Phase 2+,0.85,0.5699999928
1158,2022-07-01,KEN,2954,Nowcasting,2,Phase 2+,0.9,0.5600000024
1158,2022-10-01,KEN,2955,Nowcasting,2,Phase 2+,0.25,0.5799999833
1160,2022-01-01,KEN,2967,Nowcasting,2,Phase 2+,0.47,0.5
1160,2022-02-01,KEN,2968,Nowcasting,2,Phase 2+,0.55,0.4600000083
1160,2022-05-01,KEN,2969,Nowcasting,2,Phase 2+,0.67,0.4699999988
1160,2022-07-01,KEN,2970,Nowcasting,2,Phase 2+,0.7,0.4699999988
1160,2022-10-01,KEN,2971,Nowcasting,2,Phase 2+,0.15,0.4900000095
1161,2022-01-01,KEN,2983,Nowcasting,2,Phase 2+,0.47,0.4900000095
1161,2022-02-01,KEN,2984,Nowcasting,2,Phase 2+,0.55,0.4499999881
1161,2022-05-01,KEN,2985,Nowcasting,2,Phase 2+,0.67,0.4600000083
1161,2022-07-01,KEN,2986,Nowcasting,2,Phase 2+,0.7,0.4600000083
1161,2022-10-01,KEN,2987,Nowcasting,2,Phase 2+,0.15,0.4900000095
1173,2022-01-01,KEN,2997,Nowcasting,2,Phase 2+,0.4,0.5799999833
1173,2022-02-01,KEN,2998,Nowcasting,2,Phase 2+,0.7,0.5799999833
1173,2022-07-01,KEN,2999,Nowcasting,2,Phase 2+,0.75,0.5699999928
1173,2022-10-01,KEN,3000,Nowcasting,2,Phase 2+,0.25,0.5600000024
1182,2022-01-01,SOM,3020,Nowcasting,2,Phase 2+,0.47,0.3199999928
1182,2022-05-01,SOM,3021,Nowcasting,2,Phase 2+,0.67,0.349999994
1182,2022-10-01,SOM,3022,Nowcasting,2,Phase 2+,0.15,0.349999994
1183,2022-01-01,SOM,3028,Nowcasting,2,Phase 2+,0.4,0.4199999869
1183,2022-02-01,SOM,3029,Nowcasting,2,Phase 2+,0.7,0.3799999952
1184,2022-01-01,SOM,3035,Nowcasting,2,Phase 2+,0.4,0.4300000072
1184,2022-02-01,SOM,3036,Nowcasting,2,Phase 2+,0.7,0.4099999964
1188,2022-01-01,SOM,3048,Nowcasting,2,Phase 2+,0.4,0.3899999857
1188,2022-02-01,SOM,3049,Nowcasting,2,Phase 2+,0.7,0.4099999964
1188,2022-05-01,SOM,3050,Nowcasting,2,Phase 2+,0.74,0.4499999881
1188,2022-07-01,SOM,3051,Nowcasting,2,Phase 2+,0.5,0.4099999964
1189,2022-01-01,SOM,3058,Nowcasting,2,Phase 2+,0.4,0.4099999964
1189,2022-02-01,SOM,3059,Nowcasting,2,Phase 2+,0.7,0.3799999952
1189,2022-10-01,SOM,3060,Nowcasting,2,Phase 2+,0.35,0.5
1190,2022-01-01,SOM,3069,Nowcasting,2,Phase 2+,0.47,0.2899999917
1190,2022-05-01,SOM,3070,Nowcasting,2,Phase 2+,0.67,0.3199999928
1190,2022-07-01,SOM,3071,Nowcasting,2,Phase 2+,0.35,0.2899999917
1190,2022-10-01,SOM,3072,Nowcasting,2,Phase 2+,0.35,0.3600000143
1192,2022-10-01,ETH,3077,Nowcasting,2,Phase 2+,0.25,0.7099999785
1195,2022-01-01,SOM,3089,Nowcasting,2,Phase 2+,0.47,0.3100000024
1195,2022-05-01,SOM,3090,Nowcasting,2,Phase 2+,0.67,0.3300000131
1195,2022-07-01,SOM,3091,Nowcasting,2,Phase 2+,0.35,0.3100000024
1195,2022-10-01,SOM,3092,Nowcasting,2,Phase 2+,0.35,0.3700000048
1196,2022-01-01,SOM,3104,Nowcasting,2,Phase 2+,0.4,0.4300000072
1196,2022-02-01,SOM,3105,Nowcasting,2,Phase 2+,0.7,0.4099999964
1196,2022-05-01,SOM,3106,Nowcasting,2,Phase 2+,0.74,0.4600000083
1196,2022-07-01,SOM,3107,Nowcasting,2,Phase 2+,0.5,0.4399999976
1196,2022-10-01,SOM,3108,Nowcasting,2,Phase 2+,0.35,0.4499999881
1197,2022-01-01,SOM,3120,Nowcasting,2,Phase 2+,0.4,0.4300000072
1197,2022-02-01,SOM,3121,Nowcasting,2,Phase 2+,0.7,0.400000006
1197,2022-05-01,SOM,3122,Nowcasting,2,Phase 2+,0.74,0.4600000083
1197,2022-07-01,SOM,3123,Nowcasting,2,Phase 2+,0.5,0.4399999976
1197,2022-10-01,SOM,3124,Nowcasting,2,Phase 2+,0.35,0.4499999881
1200,2022-10-01,SOM,3133,Nowcasting,2,Phase 2+,0.65,0.4399999976
1203,2022-02-01,SOM,3138,Nowcasting,2,Phase 2+,0.7,0.5299999714
1203,2022-10-01,SOM,3139,Nowcasting,2,Phase 2+,0.55,0.5799999833
1204,2022-02-01,SOM,3144,Nowcasting,2,Phase 2+,0.7,0.5199999809
1204,2022-10-01,SOM,3145,Nowcasting,2,Phase 2+,0.55,0.4600000083
1207,2022-01-01,SOM,3152,Nowcasting,2,Phase 2+,0.4,0.3700000048
1207,2022-05-01,SOM,3153,Nowcasting,2,Phase 2+,0.74,0.4499999881
1207,2022-07-01,SOM,3154,Nowcasting,2,Phase 2+,0.55,0.400000006
1210,2022-07-01,ETH,3156,Nowcasting,2,Phase 2+,0.3,0.5899999738
1211,2022-01-01,SOM,3166,Nowcasting,2,Phase 2+,0.4,0.4199999869
1211,2022-05-01,SOM,3167,Nowcasting,2,Phase 2+,0.74,0.4900000095
1211,2022-07-01,SOM,3168,Nowcasting,2,Phase 2+,0.4,0.4300000072
1212,2022-10-01,SOM,3171,Nowcasting,2,Phase 2+,0.35,0.4300000072
1214,2022-05-01,SOM,3179,Nowcasting,2,Phase 2+,0.74,0.4499999881
1214,2022-07-01,SOM,3180,Nowcasting,2,Phase 2+,0.55,0.4199999869
1214,2022-10-01,SOM,3181,Nowcasting,2,Phase 2+,0.55,0.4099999964
1215,2022-10-01,DJI,3183,Nowcasting,2,Phase 2+,0.2,0.6899999976
1216,2022-01-01,SOM,3190,Nowcasting,2,Phase 2+,0.44,0.2800000012
1216,2022-10-01,SOM,3191,Nowcasting,2,Phase 2+,0.35,0.4199999869
1217,2022-01-01,SOM,3198,Nowcasting,2,Phase 2+,0.44,0.2800000012
1217,2022-10-01,SOM,3199,Nowcasting,2,Phase 2+,0.35,0.4199999869
1220,2022-01-01,SOM,3213,Nowcasting,2,Phase 2+,0.47,0.3700000048
1220,2022-05-01,SOM,3214,Nowcasting,2,Phase 2+,0.67,0.4199999869
1220,2022-07-01,SOM,3215,Nowcasting,2,Phase 2+,0.35,0.3899999857
1220,2022-10-01,SOM,3216,Nowcasting,2,Phase 2+,0.35,0.4199999869
1222,2022-05-01,SOM,3224,Nowcasting,2,Phase 2+,0.74,0.5099999905
1222,2022-07-01,SOM,3225,Nowcasting,2,Phase 2+,0.5,0.4199999869
1222,2022-10-01,SOM,3226,Nowcasting,2,Phase 2+,0.35,0.4399999976
1223,2022-01-01,SOM,3233,Nowcasting,2,Phase 2+,0.47,0.4300000072
1223,2022-07-01,SOM,3234,Nowcasting,2,Phase 2+,0.35,0.4099999964
1223,2022-10-01,SOM,3235,Nowcasting,2,Phase 2+,0.35,0.4699999988
1226,2022-01-01,SOM,3249,Nowcasting,2,Phase 2+,0.47,0.4399999976
1226,2022-07-01,SOM,3250,Nowcasting,2,Phase 2+,0.4,0.4399999976
1226,2022-10-01,SOM,3251,Nowcasting,2,Phase 2+,0.3,0.4699999988
1227,2022-01-01,SOM,3258,Nowcasting,2,Phase 2+,0.39,0.400000006
1228,2022-01-01,SOM,3265,Nowcasting,2,Phase 2+,0.39,0.4199999869
1228,2022-05-01,SOM,3266,Nowcasting,2,Phase 2+,0.76,0.4499999881
1231,2022-01-01,SOM,3275,Nowcasting,2,Phase 2+,0.39,0.3700000048
1231,2022-05-01,SOM,3276,Nowcasting,2,Phase 2+,0.76,0.3799999952
1231,2022-10-01,SOM,3277,Nowcasting,2,Phase 2+,0.6,0.400000006
1234,2022-10-01,ETH,3283,Nowcasting,2,Phase 2+,0.2,0.5
1238,2022-01-01,SOM,3290,Nowcasting,2,Phase 2+,0.45,0.5500000119
1238,2022-07-01,SOM,3291,Nowcasting,2,Phase 2+,0.3,0.4600000083
1238,2022-10-01,SOM,3292,Nowcasting,2,Phase 2+,0.3,0.4499999881
1241,2022-01-01,SOM,3302,Nowcasting,2,Phase 2+,0.44,0.2300000042
1241,2022-10-01,SOM,3303,Nowcasting,2,Phase 2+,0.4,0.3899999857
1243,2022-05-01,SOM,3306,Nowcasting,2,Phase 2+,0.76,0.4499999881
1249,2022-01-01,SOM,3312,Nowcasting,2,Phase 2+,0.3,0.4499999881
1249,2022-03-01,SOM,3313,Nowcasting,2,Phase 2+,0.8,0.4499999881
1249,2022-05-01,SOM,3314,Nowcasting,2,Phase 2+,0.47,0.5
1252,2022-01-01,SOM,3321,Nowcasting,2,Phase 2+,0.3,0.4099999964
1252,2022-03-01,SOM,3322,Nowcasting,2,Phase 2+,0.8,0.4600000083
1252,2022-05-01,SOM,3323,Nowcasting,2,Phase 2+,0.47,0.4699999988
1254,2022-01-01,SOM,3327,Nowcasting,2,Phase 2+,0.45,0.5500000119
1254,2022-05-01,SOM,3328,Nowcasting,2,Phase 2+,0.7,0.5799999833
1254,2022-07-01,SOM,3329,Nowcasting,2,Phase 2+,0.55,0.4900000095
1254,2022-10-01,SOM,3330,Nowcasting,2,Phase 2+,0.55,0.4699999988
1255,2022-10-01,SOM,3335,Nowcasting,2,Phase 2+,0.35,0.3600000143
1256,2022-10-01,ETH,3337,Nowcasting,2,Phase 2+,0.55,0.5299999714
1257,2022-05-01,SOM,3340,Nowcasting,2,Phase 2+,0.7,0.5899999738
1257,2022-10-01,SOM,3341,Nowcasting,2,Phase 2+,0.55,0.4699999988
1276,2022-01-01,SOM,3372,Nowcasting,2,Phase 2+,0.45,0.4900000095
1276,2022-05-01,SOM,3373,Nowcasting,2,Phase 2+,0.7,0.5699999928
1276,2022-07-01,SOM,3374,Nowcasting,2,Phase 2+,0.55,0.5099999905
1276,2022-10-01,SOM,3375,Nowcasting,2,Phase 2+,0.55,0.4900000095
1284,2022-01-01,SOM,3387,Nowcasting,2,Phase 2+,0.45,0.4799999893
1284,2022-05-01,SOM,3388,Nowcasting,2,Phase 2+,0.7,0.5699999928
1284,2022-07-01,SOM,3389,Nowcasting,2,Phase 2+,0.85,0.4900000095
1284,2022-10-01,SOM,3390,Nowcasting,2,Phase 2+,0.85,0.5099999905
1293,2022-01-01,SOM,3405,Nowcasting,2,Phase 2+,0.39,0.4600000083
1293,2022-05-01,SOM,3406,Nowcasting,2,Phase 2+,0.76,0.5
1293,2022-07-01,SOM,3407,Nowcasting,2,Phase 2+,1,0.4399999976
1293,2022-10-01,SOM,3408,Nowcasting,2,Phase 2+,1,0.4799999893
1298,2022-03-01,YEM,3417,Nowcasting,2,Phase 2+,0.6,0.6100000143
1308,2022-01-01,SOM,3431,Nowcasting,2,Phase 2+,0.39,0.400000006
1308,2022-05-01,SOM,3432,Nowcasting,2,Phase 2+,0.76,0.4099999964
1308,2022-07-01,SOM,3433,Nowcasting,2,Phase 2+,1,0.3899999857
1308,2022-10-01,SOM,3434,Nowcasting,2,Phase 2+,1,0.4199999869
1309,2022-01-01,SOM,3443,Nowcasting,2,Phase 2+,0.39,0.3899999857
1309,2022-05-01,SOM,3444,Nowcasting,2,Phase 2+,0.76,0.4099999964
1309,2022-07-01,SOM,3445,Nowcasting,2,Phase 2+,1,0.3899999857
1309,2022-10-01,SOM,3446,Nowcasting,2,Phase 2+,1,0.4199999869
1324,2022-01-01,SOM,3462,Nowcasting,2,Phase 2+,0.39,0.4499999881
1324,2022-05-01,SOM,3463,Nowcasting,2,Phase 2+,0.76,0.4900000095
1324,2022-07-01,SOM,3464,Nowcasting,2,Phase 2+,1,0.4799999893
1324,2022-10-01,SOM,3465,Nowcasting,2,Phase 2+,1,0.5
1326,2022-05-01,ETH,3469,Nowcasting,2,Phase 2+,0.7,0.5099999905
1326,2022-07-01,ETH,3470,Nowcasting,2,Phase 2+,0.45,0.4499999881
1327,2022-07-01,ETH,3473,Nowcasting,2,Phase 2+,0.45,0.4600000083
1329,2022-03-01,YEM,3477,Nowcasting,2,Phase 2+,0.6,0.6000000238
1351,2022-01-01,SOM,3495,Nowcasting,2,Phase 2+,0.27,0.25
1351,2022-05-01,SOM,3496,Nowcasting,2,Phase 2+,0.46,0.3199999928
1351,2022-07-01,SOM,3497,Nowcasting,2,Phase 2+,0.15,0.3300000131
1351,2022-10-01,SOM,3498,Nowcasting,2,Phase 2+,0.15,0.3799999952
1354,2022-01-01,SOM,3503,Nowcasting,2,Phase 2+,0.27,0.2399999946
1354,2022-05-01,SOM,3504,Nowcasting,2,Phase 2+,0.46,0.3000000119
1354,2022-07-01,SOM,3505,Nowcasting,2,Phase 2+,0.15,0.3400000036
1354,2022-10-01,SOM,3506,Nowcasting,2,Phase 2+,0.15,0.3700000048
1357,2022-01-01,SOM,3515,Nowcasting,2,Phase 2+,0.45,0.4600000083
1357,2022-05-01,SOM,3516,Nowcasting,2,Phase 2+,0.7,0.5099999905
1357,2022-07-01,SOM,3517,Nowcasting,2,Phase 2+,0.85,0.5099999905
1357,2022-10-01,SOM,3518,Nowcasting,2,Phase 2+,0.55,0.5400000215
1358,2022-03-01,YEM,3522,Nowcasting,2,Phase 2+,0.6,0.6200000048
1361,2022-01-01,SOM,3532,Nowcasting,2,Phase 2+,0.45,0.4699999988
1361,2022-05-01,SOM,3533,Nowcasting,2,Phase 2+,0.7,0.5500000119
1361,2022-07-01,SOM,3534,Nowcasting,2,Phase 2+,0.85,0.4699999988
1361,2022-10-01,SOM,3535,Nowcasting,2,Phase 2+,0.55,0.5500000119
1366,2022-03-01,YEM,3540,Nowcasting,2,Phase 2+,0.6,0.6200000048
1367,2022-01-01,SOM,3551,Nowcasting,2,Phase 2+,0.45,0.4300000072
1367,2022-05-01,SOM,3552,Nowcasting,2,Phase 2+,0.7,0.5600000024
1367,2022-07-01,SOM,3553,Nowcasting,2,Phase 2+,0.85,0.4799999893
1367,2022-10-01,SOM,3554,Nowcasting,2,Phase 2+,0.55,0.5400000215
1368,2022-01-01,SOM,3565,Nowcasting,2,Phase 2+,0.45,0.4300000072
1368,2022-05-01,SOM,3566,Nowcasting,2,Phase 2+,0.7,0.5600000024
1368,2022-07-01,SOM,3567,Nowcasting,2,Phase 2+,0.85,0.4900000095
1368,2022-10-01,SOM,3568,Nowcasting,2,Phase 2+,0.55,0.5500000119
1374,2022-03-01,YEM,3577,Nowcasting,2,Phase 2+,0.6,0.6000000238
1375,2022-03-01,YEM,3578,Nowcasting,2,Phase 2+,0.6,0.6000000238
1375,2022-07-01,YEM,3579,Nowcasting,2,Phase 2+,0.4,0.7099999785
1376,2022-05-01,SOM,3582,Nowcasting,2,Phase 2+,0.76,0.4300000072
1378,2022-05-01,SOM,3586,Nowcasting,2,Phase 2+,0.7,0.5299999714
1378,2022-07-01,SOM,3587,Nowcasting,2,Phase 2+,0.3,0.4099999964
1379,2022-05-01,SOM,3591,Nowcasting,2,Phase 2+,0.7,0.5299999714
1379,2022-07-01,SOM,3592,Nowcasting,2,Phase 2+,0.3,0.4099999964
1380,2022-01-01,SOM,3599,Nowcasting,2,Phase 2+,0.39,0.4099999964
1380,2022-05-01,SOM,3600,Nowcasting,2,Phase 2+,0.76,0.4499999881
1380,2022-07-01,SOM,3601,Nowcasting,2,Phase 2+,1,0.3799999952
1381,2022-03-01,YEM,3606,Nowcasting,2,Phase 2+,0.6,0.5899999738
1382,2022-03-01,YEM,3610,Nowcasting,2,Phase 2+,0.6,0.6100000143
1383,2022-05-01,SOM,3614,Nowcasting,2,Phase 2+,0.7,0.5099999905
1384,2022-03-01,YEM,3619,Nowcasting,2,Phase 2+,0.6,0.6200000048
1390,2022-03-01,YEM,3627,Nowcasting,2,Phase 2+,0.6,0.6200000048
1397,2022-05-01,SOM,3634,Nowcasting,2,Phase 2+,0.56,0.5
1397,2022-07-01,SOM,3635,Nowcasting,2,Phase 2+,0.55,0.5
1400,2022-03-01,YEM,3640,Nowcasting,2,Phase 2+,0.6,0.6299999952
1420,2022-03-01,YEM,3674,Nowcasting,2,Phase 2+,0.6,0.6000000238
1422,2022-05-01,SOM,3681,Nowcasting,2,Phase 2+,0.56,0.5500000119
1422,2022-07-01,SOM,3682,Nowcasting,2,Phase 2+,0.55,0.5099999905
1429,2022-01-01,SOM,3696,Nowcasting,2,Phase 2+,0.27,0.3000000119
1429,2022-05-01,SOM,3697,Nowcasting,2,Phase 2+,0.46,0.3700000048
1429,2022-07-01,SOM,3698,Nowcasting,2,Phase 2+,0.15,0.3400000036
1429,2022-10-01,SOM,3699,Nowcasting,2,Phase 2+,0.15,0.4199999869
1430,2022-01-01,SOM,3708,Nowcasting,2,Phase 2+,0.27,0.3000000119
1430,2022-05-01,SOM,3709,Nowcasting,2,Phase 2+,0.46,0.3700000048
1430,2022-07-01,SOM,3710,Nowcasting,2,Phase 2+,0.15,0.3400000036
1430,2022-10-01,SOM,3711,Nowcasting,2,Phase 2+,0.15,0.4199999869
1443,2022-01-01,SOM,3729,Nowcasting,2,Phase 2+,0.27,0.2399999946
1443,2022-05-01,SOM,3730,Nowcasting,2,Phase 2+,0.46,0.3700000048
1443,2022-07-01,SOM,3731,Nowcasting,2,Phase 2+,0.15,0.3300000131
1443,2022-10-01,SOM,3732,Nowcasting,2,Phase 2+,0.15,0.4199999869
1446,2022-03-01,YEM,3736,Nowcasting,2,Phase 2+,0.6,0.5799999833
1448,2022-11-01,MDG,3738,Nowcasting,2,Phase 2+,0.8,0.5199999809
1449,2022-11-01,MDG,3740,Nowcasting,2,Phase 2+,0.8,0.5199999809
1454,2022-03-01,YEM,3750,Nowcasting,2,Phase 2+,0.6,0.5799999833
1461,2022-05-01,SOM,3769,Nowcasting,2,Phase 2+,0.56,0.4699999988
1461,2022-07-01,SOM,3770,Nowcasting,2,Phase 2+,0.35,0.4600000083
1462,2022-05-01,SOM,3777,Nowcasting,2,Phase 2+,0.56,0.4699999988
1462,2022-07-01,SOM,3778,Nowcasting,2,Phase 2+,0.35,0.4600000083
1466,2022-01-01,SOM,3791,Nowcasting,2,Phase 2+,0.27,0.2800000012
1466,2022-05-01,SOM,3792,Nowcasting,2,Phase 2+,0.46,0.349999994
1466,2022-07-01,SOM,3793,Nowcasting,2,Phase 2+,0.6,0.349999994
1466,2022-10-01,SOM,3794,Nowcasting,2,Phase 2+,0.35,0.4199999869
1475,2022-01-01,SOM,3815,Nowcasting,2,Phase 2+,0.27,0.3000000119
1475,2022-05-01,SOM,3816,Nowcasting,2,Phase 2+,0.46,0.3799999952
1475,2022-07-01,SOM,3817,Nowcasting,2,Phase 2+,0.6,0.3300000131
1475,2022-10-01,SOM,3818,Nowcasting,2,Phase 2+,0.35,0.4099999964
1480,2022-01-01,SOM,3836,Nowcasting,2,Phase 2+,0.27,0.3300000131
1480,2022-05-01,SOM,3837,Nowcasting,2,Phase 2+,0.46,0.4300000072
1480,2022-07-01,SOM,3838,Nowcasting,2,Phase 2+,0.15,0.3400000036
1481,2022-01-01,SOM,3847,Nowcasting,2,Phase 2+,0.27,0.3000000119
1481,2022-05-01,SOM,3848,Nowcasting,2,Phase 2+,0.46,0.400000006
1481,2022-07-01,SOM,3849,Nowcasting,2,Phase 2+,0.15,0.349999994
1481,2022-10-01,SOM,3850,Nowcasting,2,Phase 2+,0.15,0.4199999869
1495,2022-01-01,SOM,3873,Nowcasting,2,Phase 2+,0.27,0.349999994
1495,2022-10-01,SOM,3874,Nowcasting,2,Phase 2+,0.15,0.400000006
1503,2022-01-01,SOM,3888,Nowcasting,2,Phase 2+,0.27,0.3700000048
1503,2022-10-01,SOM,3889,Nowcasting,2,Phase 2+,0.35,0.4099999964
1506,2022-01-01,YEM,3896,Nowcasting,2,Phase 2+,0.82,0.5500000119
1510,2022-01-01,YEM,3904,Nowcasting,2,Phase 2+,0.82,0.5600000024
1515,2022-01-01,YEM,3911,Nowcasting,2,Phase 2+,0.82,0.5500000119
1518,2022-01-01,SOM,3927,Nowcasting,2,Phase 2+,0.27,0.3300000131
1518,2022-05-01,SOM,3928,Nowcasting,2,Phase 2+,0.46,0.3600000143
1518,2022-07-01,SOM,3929,Nowcasting,2,Phase 2+,0.6,0.3300000131
1518,2022-10-01,SOM,3930,Nowcasting,2,Phase 2+,0.35,0.4199999869
1519,2022-01-01,YEM,3932,Nowcasting,2,Phase 2+,0.82,0.5799999833
1520,2022-01-01,YEM,3935,Nowcasting,2,Phase 2+,0.82,0.5500000119
1522,2022-01-01,SOM,3944,Nowcasting,2,Phase 2+,0.27,0.3300000131
1522,2022-05-01,SOM,3945,Nowcasting,2,Phase 2+,0.46,0.3799999952
1522,2022-07-01,SOM,3946,Nowcasting,2,Phase 2+,0.35,0.3300000131
1522,2022-10-01,SOM,3947,Nowcasting,2,Phase 2+,0.35,0.400000006
1528,2022-01-01,SOM,3961,Nowcasting,2,Phase 2+,0.34,0.5
1528,2022-05-01,SOM,3962,Nowcasting,2,Phase 2+,0.58,0.5799999833
1528,2022-07-01,SOM,3963,Nowcasting,2,Phase 2+,0.45,0.5400000215
1528,2022-10-01,SOM,3964,Nowcasting,2,Phase 2+,0.45,0.5299999714
1534,2022-01-01,YEM,3969,Nowcasting,2,Phase 2+,0.82,0.5500000119
1536,2022-01-01,YEM,3977,Nowcasting,2,Phase 2+,0.82,0.5600000024
1540,2022-01-01,SOM,3990,Nowcasting,2,Phase 2+,0.34,0.5099999905
1540,2022-05-01,SOM,3991,Nowcasting,2,Phase 2+,0.58,0.5699999928
1540,2022-07-01,SOM,3992,Nowcasting,2,Phase 2+,0.4,0.5299999714
1540,2022-10-01,SOM,3993,Nowcasting,2,Phase 2+,0.45,0.5199999809
1541,2022-01-01,YEM,3994,Nowcasting,2,Phase 2+,0.82,0.5600000024
1542,2022-01-01,YEM,3997,Nowcasting,2,Phase 2+,0.82,0.5
1551,2022-01-01,SOM,4019,Nowcasting,2,Phase 2+,0.27,0.3400000036
1551,2022-05-01,SOM,4020,Nowcasting,2,Phase 2+,0.46,0.400000006
1551,2022-07-01,SOM,4021,Nowcasting,2,Phase 2+,0.45,0.3400000036
1551,2022-10-01,SOM,4022,Nowcasting,2,Phase 2+,0.25,0.3400000036
1553,2022-01-01,SOM,4031,Nowcasting,2,Phase 2+,0.27,0.3600000143
1553,2022-05-01,SOM,4032,Nowcasting,2,Phase 2+,0.46,0.3700000048
1553,2022-07-01,SOM,4033,Nowcasting,2,Phase 2+,0.6,0.3300000131
1553,2022-10-01,SOM,4034,Nowcasting,2,Phase 2+,0.3,0.3899999857
1558,2022-01-01,SOM,4045,Nowcasting,2,Phase 2+,0.34,0.4399999976
1558,2022-05-01,SOM,4046,Nowcasting,2,Phase 2+,0.58,0.5199999809
1558,2022-07-01,SOM,4047,Nowcasting,2,Phase 2+,0.7,0.5099999905
1558,2022-10-01,SOM,4048,Nowcasting,2,Phase 2+,0.65,0.4900000095
1559,2022-01-01,SOM,4057,Nowcasting,2,Phase 2+,0.34,0.4399999976
1559,2022-05-01,SOM,4058,Nowcasting,2,Phase 2+,0.58,0.5099999905
1559,2022-07-01,SOM,4059,Nowcasting,2,Phase 2+,0.7,0.5099999905
1559,2022-10-01,SOM,4060,Nowcasting,2,Phase 2+,0.65,0.4900000095
1561,2022-01-01,SOM,4071,Nowcasting,2,Phase 2+,0.29,0.349999994
1561,2022-05-01,SOM,4072,Nowcasting,2,Phase 2+,0.55,0.3899999857
1561,2022-07-01,SOM,4073,Nowcasting,2,Phase 2+,0.6,0.3400000036
1561,2022-10-01,SOM,4074,Nowcasting,2,Phase 2+,0.3,0.4099999964
1562,2022-05-01,SOM,4083,Nowcasting,2,Phase 2+,0.58,0.5
1562,2022-07-01,SOM,4084,Nowcasting,2,Phase 2+,0.45,0.4900000095
1562,2022-10-01,SOM,4085,Nowcasting,2,Phase 2+,0.45,0.4499999881
1563,2022-07-01,SOM,4092,Nowcasting,2,Phase 2+,0.45,0.4799999893
1563,2022-10-01,SOM,4093,Nowcasting,2,Phase 2+,0.45,0.4399999976
1566,2022-01-01,SOM,4107,Nowcasting,2,Phase 2+,0.29,0.3600000143
1566,2022-05-01,SOM,4108,Nowcasting,2,Phase 2+,0.55,0.3899999857
1566,2022-07-01,SOM,4109,Nowcasting,2,Phase 2+,0.65,0.349999994
1566,2022-10-01,SOM,4110,Nowcasting,2,Phase 2+,0.65,0.4199999869
1567,2022-01-01,YEM,4113,Nowcasting,2,Phase 2+,0.82,0.5199999809
1568,2022-01-01,YEM,4114,Nowcasting,2,Phase 2+,0.82,0.5400000215
1569,2022-05-01,SOM,4122,Nowcasting,2,Phase 2+,0.55,0.4799999893
1569,2022-10-01,SOM,4123,Nowcasting,2,Phase 2+,0.45,0.4600000083
1570,2022-05-01,SOM,4131,Nowcasting,2,Phase 2+,0.55,0.4799999893
1570,2022-10-01,SOM,4132,Nowcasting,2,Phase 2+,0.45,0.4199999869
1571,2022-01-01,SOM,4141,Nowcasting,2,Phase 2+,0.27,0.3400000036
1571,2022-05-01,SOM,4142,Nowcasting,2,Phase 2+,0.46,0.3600000143
1571,2022-07-01,SOM,4143,Nowcasting,2,Phase 2+,0.65,0.3899999857
1571,2022-10-01,SOM,4144,Nowcasting,2,Phase 2+,0.65,0.4199999869
1573,2022-01-01,YEM,4148,Nowcasting,2,Phase 2+,0.82,0.5299999714
1574,2022-01-01,SOM,4154,Nowcasting,2,Phase 2+,0.33,0.5
1574,2022-10-01,SOM,4155,Nowcasting,2,Phase 2+,0.75,0.5799999833
1575,2022-01-01,SOM,4161,Nowcasting,2,Phase 2+,0.33,0.5
1575,2022-10-01,SOM,4162,Nowcasting,2,Phase 2+,0.75,0.5699999928
1576,2022-01-01,YEM,4166,Nowcasting,2,Phase 2+,0.82,0.5299999714
1578,2022-01-01,SOM,4177,Nowcasting,2,Phase 2+,0.34,0.4399999976
1578,2022-05-01,SOM,4178,Nowcasting,2,Phase 2+,0.58,0.5299999714
1578,2022-07-01,SOM,4179,Nowcasting,2,Phase 2+,0.7,0.5199999809
1578,2022-10-01,SOM,4180,Nowcasting,2,Phase 2+,0.7,0.5099999905
1580,2022-04-01,MDG,4183,Nowcasting,2,Phase 2+,0.85,0.6299999952
1580,2022-11-01,MDG,4184,Nowcasting,2,Phase 2+,0.9,0.4900000095
1581,2022-04-01,MDG,4186,Nowcasting,2,Phase 2+,0.85,0.6700000167
1581,2022-11-01,MDG,4187,Nowcasting,2,Phase 2+,0.9,0.5299999714
1582,2022-04-01,MDG,4189,Nowcasting,2,Phase 2+,0.85,0.6600000262
1582,2022-11-01,MDG,4190,Nowcasting,2,Phase 2+,0.9,0.5299999714
1584,2022-01-01,YEM,4197,Nowcasting,2,Phase 2+,0.82,0.5299999714
1586,2022-01-01,YEM,4203,Nowcasting,2,Phase 2+,0.82,0.6200000048
1588,2022-05-01,SOM,4210,Nowcasting,2,Phase 2+,0.55,0.3799999952
1589,2022-01-01,SOM,4211,Nowcasting,2,Phase 2+,0.27,0.3300000131
1590,2022-04-01,MDG,4215,Nowcasting,2,Phase 2+,0.7,0.6399999857
1591,2022-04-01,MDG,4219,Nowcasting,2,Phase 2+,0.7,0.6399999857
1592,2022-01-01,YEM,4223,Nowcasting,2,Phase 2+,0.82,0.6200000048
1594,2022-01-01,YEM,4227,Nowcasting,2,Phase 2+,0.82,0.5899999738
1595,2022-01-01,SOM,4236,Nowcasting,2,Phase 2+,0.29,0.3300000131
1595,2022-05-01,SOM,4237,Nowcasting,2,Phase 2+,0.55,0.4099999964
1595,2022-07-01,SOM,4238,Nowcasting,2,Phase 2+,0.6,0.3400000036
1595,2022-10-01,SOM,4239,Nowcasting,2,Phase 2+,0.6,0.400000006
1596,2022-01-01,SOM,4248,Nowcasting,2,Phase 2+,0.29,0.3300000131
1596,2022-05-01,SOM,4249,Nowcasting,2,Phase 2+,0.55,0.400000006
1596,2022-07-01,SOM,4250,Nowcasting,2,Phase 2+,0.6,0.3400000036
1596,2022-10-01,SOM,4251,Nowcasting,2,Phase 2+,0.6,0.400000006
1600,2022-01-01,SOM,4260,Nowcasting,2,Phase 2+,0.43,0.4699999988
1600,2022-05-01,SOM,4261,Nowcasting,2,Phase 2+,0.61,0.5600000024
1600,2022-07-01,SOM,4262,Nowcasting,2,Phase 2+,0.7,0.5600000024
1600,2022-10-01,SOM,4263,Nowcasting,2,Phase 2+,0.65,0.6000000238
1603,2022-01-01,YEM,4265,Nowcasting,2,Phase 2+,0.82,0.5299999714
1604,2022-07-01,SOM,4266,Nowcasting,2,Phase 2+,0.7,0.5400000215
1605,2022-07-01,SOM,4273,Nowcasting,2,Phase 2+,0.6,0.349999994
1605,2022-10-01,SOM,4274,Nowcasting,2,Phase 2+,0.6,0.4300000072
1608,2022-01-01,SOM,4283,Nowcasting,2,Phase 2+,0.43,0.4799999893
1608,2022-05-01,SOM,4284,Nowcasting,2,Phase 2+,0.61,0.5400000215
1608,2022-07-01,SOM,4285,Nowcasting,2,Phase 2+,0.7,0.5400000215
1608,2022-10-01,SOM,4286,Nowcasting,2,Phase 2+,0.65,0.5400000215
1609,2022-07-01,SOM,4293,Nowcasting,2,Phase 2+,0.6,0.3600000143
1609,2022-10-01,SOM,4294,Nowcasting,2,Phase 2+,0.6,0.4099999964
1622,2022-01-01,SOM,4319,Nowcasting,2,Phase 2+,0.37,0.4499999881
1622,2022-10-01,SOM,4320,Nowcasting,2,Phase 2+,0.75,0.5600000024
1623,2022-01-01,SOM,4323,Nowcasting,2,Phase 2+,0.37,0.4499999881
1623,2022-10-01,SOM,4324,Nowcasting,2,Phase 2+,0.75,0.5600000024
1624,2022-01-01,SOM,4332,Nowcasting,2,Phase 2+,0.43,0.5
1624,2022-05-01,SOM,4333,Nowcasting,2,Phase 2+,0.61,0.5400000215
1624,2022-07-01,SOM,4334,Nowcasting,2,Phase 2+,0.75,0.5299999714
1624,2022-10-01,SOM,4335,Nowcasting,2,Phase 2+,0.7,0.5
1629,2022-01-01,SOM,4355,Nowcasting,2,Phase 2+,0.43,0.5099999905
1629,2022-05-01,SOM,4356,Nowcasting,2,Phase 2+,0.61,0.5400000215
1629,2022-07-01,SOM,4357,Nowcasting,2,Phase 2+,0.8,0.5799999833
1629,2022-10-01,SOM,4358,Nowcasting,2,Phase 2+,0.75,0.5099999905
1633,2022-01-01,YEM,4365,Nowcasting,2,Phase 2+,0.82,0.6200000048
1635,2022-07-01,SOM,4367,Nowcasting,2,Phase 2+,0.8,0.5600000024
1638,2022-01-01,SOM,4375,Nowcasting,2,Phase 2+,0.43,0.4900000095
1638,2022-05-01,SOM,4376,Nowcasting,2,Phase 2+,0.61,0.5299999714
1640,2022-01-01,SOM,4388,Nowcasting,2,Phase 2+,0.43,0.5099999905
1640,2022-05-01,SOM,4389,Nowcasting,2,Phase 2+,0.61,0.5500000119
1640,2022-10-01,SOM,4390,Nowcasting,2,Phase 2+,0.75,0.5500000119
1646,2022-01-01,SOM,4395,Nowcasting,2,Phase 2+,0.43,0.4699999988
1646,2022-05-01,SOM,4396,Nowcasting,2,Phase 2+,0.61,0.5299999714
1648,2022-01-01,YEM,4401,Nowcasting,2,Phase 2+,0.82,0.6399999857
1650,2022-05-01,SOM,4406,Nowcasting,2,Phase 2+,0.76,0.5600000024
1650,2022-07-01,SOM,4407,Nowcasting,2,Phase 2+,0.7,0.5899999738
1650,2022-10-01,SOM,4408,Nowcasting,2,Phase 2+,0.7,0.5600000024
1652,2022-01-01,SOM,4410,Nowcasting,2,Phase 2+,0.54,0.5400000215
1659,2022-08-01,MDG,4418,Nowcasting,2,Phase 2+,0.75,0.5199999809
1660,2022-08-01,MDG,4419,Nowcasting,2,Phase 2+,0.75,0.5199999809
1663,2022-01-01,SOM,4429,Nowcasting,2,Phase 2+,0.37,0.5299999714
1663,2022-05-01,SOM,4430,Nowcasting,2,Phase 2+,0.65,0.5299999714
1663,2022-07-01,SOM,4431,Nowcasting,2,Phase 2+,0.55,0.6100000143
1663,2022-10-01,SOM,4432,Nowcasting,2,Phase 2+,0.55,0.5500000119
1664,2022-01-01,SOM,4440,Nowcasting,2,Phase 2+,0.37,0.5299999714
1664,2022-05-01,SOM,4441,Nowcasting,2,Phase 2+,0.65,0.5299999714
1664,2022-07-01,SOM,4442,Nowcasting,2,Phase 2+,0.55,0.6100000143
1664,2022-10-01,SOM,4443,Nowcasting,2,Phase 2+,0.55,0.5500000119
1665,2022-08-01,MDG,4445,Nowcasting,2,Phase 2+,0.75,0.4799999893
1666,2022-08-01,MDG,4447,Nowcasting,2,Phase 2+,0.75,0.4799999893
1667,2022-01-01,SOM,4455,Nowcasting,2,Phase 2+,0.37,0.5099999905
1667,2022-05-01,SOM,4456,Nowcasting,2,Phase 2+,0.65,0.5699999928
1667,2022-07-01,SOM,4457,Nowcasting,2,Phase 2+,0.55,0.5699999928
1667,2022-10-01,SOM,4458,Nowcasting,2,Phase 2+,0.55,0.5799999833
1668,2022-08-01,MDG,4460,Nowcasting,2,Phase 2+,0.7,0.5
1669,2022-08-01,MDG,4462,Nowcasting,2,Phase 2+,0.7,0.5
1670,2022-08-01,MDG,4464,Nowcasting,2,Phase 2+,0.7,0.5199999809
1671,2022-01-01,SOM,4472,Nowcasting,2,Phase 2+,0.37,0.5400000215
1671,2022-05-01,SOM,4473,Nowcasting,2,Phase 2+,0.65,0.5400000215
1671,2022-07-01,SOM,4474,Nowcasting,2,Phase 2+,0.55,0.5500000119
1671,2022-10-01,SOM,4475,Nowcasting,2,Phase 2+,0.55,0.5699999928
1672,2022-01-01,YEM,4477,Nowcasting,2,Phase 2+,0.82,0.6200000048
1673,2022-10-01,SOM,4484,Nowcasting,2,Phase 2+,0.55,0.5400000215
1674,2022-10-01,SOM,4491,Nowcasting,2,Phase 2+,0.55,0.5500000119
1675,2022-01-01,SOM,4502,Nowcasting,2,Phase 2+,0.54,0.5299999714
1675,2022-05-01,SOM,4503,Nowcasting,2,Phase 2+,0.76,0.5699999928
1675,2022-07-01,SOM,4504,Nowcasting,2,Phase 2+,0.7,0.6399999857
1675,2022-10-01,SOM,4505,Nowcasting,2,Phase 2+,0.7,0.6100000143
1681,2022-10-01,SOM,4515,Nowcasting,2,Phase 2+,0.7,0.5899999738
1683,2022-10-01,SOM,4521,Nowcasting,2,Phase 2+,0.55,0.5400000215
1686,2022-08-01,MDG,4525,Nowcasting,2,Phase 2+,0.75,0.5400000215
1687,2022-08-01,MDG,4526,Nowcasting,2,Phase 2+,0.75,0.5400000215
1691,2022-01-01,SOM,4536,Nowcasting,2,Phase 2+,0.54,0.5299999714
1691,2022-05-01,SOM,4537,Nowcasting,2,Phase 2+,0.76,0.5799999833
1691,2022-07-01,SOM,4538,Nowcasting,2,Phase 2+,0.7,0.6299999952
1691,2022-10-01,SOM,4539,Nowcasting,2,Phase 2+,0.7,0.6100000143
1692,2022-10-01,SOM,4544,Nowcasting,2,Phase 2+,0.55,0.5799999833
1695,2022-01-01,SOM,4555,Nowcasting,2,Phase 2+,0.54,0.5199999809
1695,2022-05-01,SOM,4556,Nowcasting,2,Phase 2+,0.76,0.5500000119
1695,2022-07-01,SOM,4557,Nowcasting,2,Phase 2+,0.75,0.5799999833
1695,2022-10-01,SOM,4558,Nowcasting,2,Phase 2+,0.75,0.5699999928
1696,2022-01-01,SOM,4567,Nowcasting,2,Phase 2+,0.54,0.5199999809
1696,2022-05-01,SOM,4568,Nowcasting,2,Phase 2+,0.76,0.5500000119
1696,2022-07-01,SOM,4569,Nowcasting,2,Phase 2+,0.75,0.5799999833
1696,2022-10-01,SOM,4570,Nowcasting,2,Phase 2+,0.75,0.5699999928
1698,2022-05-01,SOM,4575,Nowcasting,2,Phase 2+,0.76,0.5500000119
1698,2022-10-01,SOM,4576,Nowcasting,2,Phase 2+,0.75,0.4900000095
1702,2022-10-01,SOM,4581,Nowcasting,2,Phase 2+,0.7,0.5500000119
1712,2022-01-01,SOM,4593,Nowcasting,2,Phase 2+,0.47,0.4900000095
1712,2022-05-01,SOM,4594,Nowcasting,2,Phase 2+,0.68,0.5
1712,2022-10-01,SOM,4595,Nowcasting,2,Phase 2+,0.55,0.4900000095
1715,2022-01-01,SOM,4605,Nowcasting,2,Phase 2+,0.47,0.5
1715,2022-05-01,SOM,4606,Nowcasting,2,Phase 2+,0.68,0.5
1715,2022-10-01,SOM,4607,Nowcasting,2,Phase 2+,0.55,0.5
1718,2022-01-01,SOM,4614,Nowcasting,2,Phase 2+,0.47,0.4699999988
1718,2022-05-01,SOM,4615,Nowcasting,2,Phase 2+,0.68,0.5
1718,2022-10-01,SOM,4616,Nowcasting,2,Phase 2+,0.7,0.5
1719,2022-01-01,SOM,4623,Nowcasting,2,Phase 2+,0.47,0.4699999988
1719,2022-05-01,SOM,4624,Nowcasting,2,Phase 2+,0.68,0.5
1719,2022-10-01,SOM,4625,Nowcasting,2,Phase 2+,0.7,0.5
1721,2022-10-01,SOM,4632,Nowcasting,2,Phase 2+,0.6,0.4799999893
1727,2022-01-01,SOM,4642,Nowcasting,2,Phase 2+,0.32,0.4399999976
1727,2022-05-01,SOM,4643,Nowcasting,2,Phase 2+,0.47,0.5400000215
1727,2022-07-01,SOM,4644,Nowcasting,2,Phase 2+,0.5,0.5299999714
1727,2022-10-01,SOM,4645,Nowcasting,2,Phase 2+,0.5,0.5600000024
1728,2022-01-01,SOM,4654,Nowcasting,2,Phase 2+,0.32,0.4099999964
1728,2022-05-01,SOM,4655,Nowcasting,2,Phase 2+,0.47,0.4699999988
1728,2022-07-01,SOM,4656,Nowcasting,2,Phase 2+,0.5,0.4900000095
1728,2022-10-01,SOM,4657,Nowcasting,2,Phase 2+,0.5,0.5299999714
1729,2022-01-01,SOM,4659,Nowcasting,2,Phase 2+,0.32,0.4699999988
1729,2022-10-01,SOM,4660,Nowcasting,2,Phase 2+,0.55,0.6000000238
1730,2022-01-01,SOM,4662,Nowcasting,2,Phase 2+,0.32,0.4699999988
1730,2022-10-01,SOM,4663,Nowcasting,2,Phase 2+,0.55,0.6000000238
1736,2022-01-01,SOM,4673,Nowcasting,2,Phase 2+,0.32,0.5199999809
1736,2022-05-01,SOM,4674,Nowcasting,2,Phase 2+,0.47,0.5299999714
1736,2022-07-01,SOM,4675,Nowcasting,2,Phase 2+,0.55,0.5400000215
1736,2022-10-01,SOM,4676,Nowcasting,2,Phase 2+,0.55,0.5099999905
1737,2022-01-01,SOM,4685,Nowcasting,2,Phase 2+,0.32,0.5199999809
1737,2022-05-01,SOM,4686,Nowcasting,2,Phase 2+,0.47,0.5299999714
1737,2022-07-01,SOM,4687,Nowcasting,2,Phase 2+,0.55,0.5400000215
1737,2022-10-01,SOM,4688,Nowcasting,2,Phase 2+,0.55,0.5099999905
1738,2022-01-01,SOM,4692,Nowcasting,2,Phase 2+,0.32,0.5199999809
1738,2022-07-01,SOM,4693,Nowcasting,2,Phase 2+,0.5,0.5199999809
1739,2022-01-01,SOM,4697,Nowcasting,2,Phase 2+,0.32,0.5099999905
1739,2022-07-01,SOM,4698,Nowcasting,2,Phase 2+,0.5,0.5299999714
1740,2022-05-01,SOM,4702,Nowcasting,2,Phase 2+,0.47,0.5899999738
1743,2022-05-01,SOM,4707,Nowcasting,2,Phase 2+,0.47,0.5799999833
1756,2022-03-01,AFG,4725,Nowcasting,2,Phase 2+,0.8,0.7400000095
1756,2022-09-01,AFG,4726,Nowcasting,2,Phase 2+,0.8,0.7099999785
1757,2022-03-01,AFG,4734,Nowcasting,2,Phase 2+,0.85,0.7599999905
1757,2022-09-01,AFG,4735,Nowcasting,2,Phase 2+,0.7,0.7400000095
1758,2022-03-01,AFG,4743,Nowcasting,2,Phase 2+,0.7,0.6700000167
1758,2022-09-01,AFG,4744,Nowcasting,2,Phase 2+,0.75,0.6700000167
1759,2022-03-01,AFG,4751,Nowcasting,2,Phase 2+,0.85,0.7400000095
1760,2022-07-01,PAK,4755,Nowcasting,2,Phase 2+,0.65,0.7400000095
1762,2022-03-01,AFG,4763,Nowcasting,2,Phase 2+,0.85,0.7900000215
1762,2022-09-01,AFG,4764,Nowcasting,2,Phase 2+,0.85,0.8000000119
1763,2022-03-01,AFG,4771,Nowcasting,2,Phase 2+,0.8,0.7099999785
1763,2022-09-01,AFG,4772,Nowcasting,2,Phase 2+,0.8,0.7200000286
1766,2022-03-01,AFG,4782,Nowcasting,2,Phase 2+,0.8,0.7300000191
1766,2022-09-01,AFG,4783,Nowcasting,2,Phase 2+,0.8,0.7799999714
1767,2022-03-01,AFG,4790,Nowcasting,2,Phase 2+,0.8,0.75
1767,2022-09-01,AFG,4791,Nowcasting,2,Phase 2+,0.75,0.7900000215
1768,2022-03-01,AFG,4798,Nowcasting,2,Phase 2+,0.9,0.7099999785
1768,2022-09-01,AFG,4799,Nowcasting,2,Phase 2+,0.8,0.7300000191
1769,2022-03-01,AFG,4807,Nowcasting,2,Phase 2+,0.85,0.8199999928
1769,2022-09-01,AFG,4808,Nowcasting,2,Phase 2+,0.8,0.8199999928
1770,2022-07-01,PAK,4812,Nowcasting,2,Phase 2+,0.6,0.7400000095
1771,2022-07-01,PAK,4815,Nowcasting,2,Phase 2+,0.6,0.7599999905
1772,2022-03-01,AFG,4825,Nowcasting,2,Phase 2+,0.8,0.7099999785
1772,2022-07-01,AFG,4826,Nowcasting,2,Phase 2+,0.65,0.7699999809
1772,2022-09-01,AFG,4827,Nowcasting,2,Phase 2+,0.8,0.7099999785
1773,2022-03-01,AFG,4837,Nowcasting,2,Phase 2+,0.8,0.7200000286
1773,2022-07-01,AFG,4838,Nowcasting,2,Phase 2+,0.65,0.7599999905
1773,2022-09-01,AFG,4839,Nowcasting,2,Phase 2+,0.75,0.7200000286
1774,2022-03-01,AFG,4846,Nowcasting,2,Phase 2+,0.85,0.7699999809
1774,2022-09-01,AFG,4847,Nowcasting,2,Phase 2+,0.7,0.8000000119
1776,2022-03-01,AFG,4857,Nowcasting,2,Phase 2+,0.85,0.7300000191
1776,2022-09-01,AFG,4858,Nowcasting,2,Phase 2+,0.7,0.7300000191
1777,2022-03-01,AFG,4865,Nowcasting,2,Phase 2+,0.85,0.7599999905
1777,2022-09-01,AFG,4866,Nowcasting,2,Phase 2+,0.8,0.7300000191
1778,2022-03-01,AFG,4873,Nowcasting,2,Phase 2+,0.85,0.7400000095
1779,2022-03-01,AFG,4881,Nowcasting,2,Phase 2+,0.85,0.7599999905
1781,2022-07-01,PAK,4889,Nowcasting,2,Phase 2+,0.65,0.75
1782,2022-03-01,AFG,4898,Nowcasting,2,Phase 2+,0.85,0.7200000286
1782,2022-09-01,AFG,4899,Nowcasting,2,Phase 2+,0.75,0.7099999785
1783,2022-03-01,AFG,4906,Nowcasting,2,Phase 2+,0.9,0.7300000191
1783,2022-09-01,AFG,4907,Nowcasting,2,Phase 2+,0.8,0.6800000072
1784,2022-07-01,PAK,4909,Nowcasting,2,Phase 2+,0.75,0.7599999905
1785,2022-03-01,AFG,4917,Nowcasting,2,Phase 2+,0.8,0.7200000286
1785,2022-07-01,AFG,4918,Nowcasting,2,Phase 2+,0.65,0.7400000095
1785,2022-09-01,AFG,4919,Nowcasting,2,Phase 2+,0.75,0.7200000286
1786,2022-09-01,AFG,4921,Nowcasting,2,Phase 2+,0.9,0.7599999905
1787,2022-07-01,PAK,4924,Nowcasting,2,Phase 2+,0.6,0.6899999976
1788,2022-07-01,PAK,4925,Nowcasting,2,Phase 2+,0.65,0.7300000191
1789,2022-09-01,AFG,4933,Nowcasting,2,Phase 2+,0.75,0.7200000286
1791,2022-03-01,AFG,4943,Nowcasting,2,Phase 2+,0.8,0.75
1791,2022-09-01,AFG,4944,Nowcasting,2,Phase 2+,0.65,0.6899999976
1792,2022-07-01,PAK,4946,Nowcasting,2,Phase 2+,0.6,0.7099999785
1793,2022-03-01,AFG,4955,Nowcasting,2,Phase 2+,0.85,0.6999999881
1793,2022-09-01,AFG,4956,Nowcasting,2,Phase 2+,0.8,0.7300000191
1794,2022-07-01,PAK,4958,Nowcasting,2,Phase 2+,0.5,0.6899999976
1795,2022-03-01,AFG,4961,Nowcasting,2,Phase 2+,0.75,0.6700000167
1796,2022-03-01,AFG,4970,Nowcasting,2,Phase 2+,0.8,0.7599999905
1797,2022-03-01,AFG,4979,Nowcasting,2,Phase 2+,0.8,0.7599999905
1798,2022-03-01,AFG,4987,Nowcasting,2,Phase 2+,0.85,0.6600000262
1799,2022-03-01,AFG,4997,Nowcasting,2,Phase 2+,0.9,0.6899999976
1799,2022-09-01,AFG,4998,Nowcasting,2,Phase 2+,0.85,0.7300000191
1800,2022-03-01,AFG,5007,Nowcasting,2,Phase 2+,0.85,0.6499999762
1800,2022-09-01,AFG,5008,Nowcasting,2,Phase 2+,0.8,0.6499999762
1802,2022-03-01,AFG,5017,Nowcasting,2,Phase 2+,0.8,0.7300000191
1802,2022-09-01,AFG,5018,Nowcasting,2,Phase 2+,0.7,0.75
1803,2022-03-01,AFG,5027,Nowcasting,2,Phase 2+,0.8,0.7300000191
1803,2022-09-01,AFG,5028,Nowcasting,2,Phase 2+,0.7,0.75
1804,2022-03-01,AFG,5039,Nowcasting,2,Phase 2+,0.75,0.6800000072
1804,2022-07-01,AFG,5040,Nowcasting,2,Phase 2+,0.75,0.6299999952
1804,2022-09-01,AFG,5041,Nowcasting,2,Phase 2+,0.75,0.6899999976
1806,2022-03-01,AFG,5051,Nowcasting,2,Phase 2+,0.85,0.6700000167
1806,2022-09-01,AFG,5052,Nowcasting,2,Phase 2+,0.75,0.6499999762
1808,2022-07-01,PAK,5054,Nowcasting,2,Phase 2+,0.7,0.7200000286
1809,2022-07-01,PAK,5059,Nowcasting,2,Phase 2+,0.6,0.6800000072
1810,2022-03-01,AFG,5067,Nowcasting,2,Phase 2+,0.85,0.6800000072
1810,2022-09-01,AFG,5068,Nowcasting,2,Phase 2+,0.75,0.6700000167
1811,2022-03-01,AFG,5080,Nowcasting,2,Phase 2+,0.8,0.7400000095
1811,2022-07-01,AFG,5081,Nowcasting,2,Phase 2+,0.75,0.6100000143
1811,2022-09-01,AFG,5082,Nowcasting,2,Phase 2+,0.75,0.7200000286
1813,2022-03-01,AFG,5093,Nowcasting,2,Phase 2+,0.7,0.7099999785
1813,2022-07-01,AFG,5094,Nowcasting,2,Phase 2+,0.75,0.6600000262
1813,2022-09-01,AFG,5095,Nowcasting,2,Phase 2+,0.85,0.6899999976
1814,2022-07-01,PAK,5099,Nowcasting,2,Phase 2+,0.6,0.6800000072
1815,2022-03-01,AFG,5106,Nowcasting,2,Phase 2+,0.85,0.6000000238
1817,2022-03-01,AFG,5118,Nowcasting,2,Phase 2+,0.8,0.6700000167
1817,2022-07-01,AFG,5119,Nowcasting,2,Phase 2+,0.75,0.6700000167
1817,2022-09-01,AFG,5120,Nowcasting,2,Phase 2+,0.8,0.6899999976
1818,2022-03-01,AFG,5130,Nowcasting,2,Phase 2+,0.8,0.6499999762
1818,2022-07-01,AFG,5131,Nowcasting,2,Phase 2+,0.75,0.6999999881
1818,2022-09-01,AFG,5132,Nowcasting,2,Phase 2+,0.8,0.6800000072
1819,2022-03-01,AFG,5142,Nowcasting,2,Phase 2+,0.9,0.6299999952
1819,2022-09-01,AFG,5143,Nowcasting,2,Phase 2+,0.8,0.75
1820,2022-03-01,AFG,5151,Nowcasting,2,Phase 2+,0.9,0.7400000095
1820,2022-09-01,AFG,5152,Nowcasting,2,Phase 2+,0.8,0.7599999905
1821,2022-03-01,AFG,5158,Nowcasting,2,Phase 2+,0.9,0.7200000286
1821,2022-09-01,AFG,5159,Nowcasting,2,Phase 2+,0.8,0.7400000095
1822,2022-03-01,AFG,5170,Nowcasting,2,Phase 2+,0.8,0.6600000262
1822,2022-07-01,AFG,5171,Nowcasting,2,Phase 2+,0.75,0.6700000167
1822,2022-09-01,AFG,5172,Nowcasting,2,Phase 2+,0.75,0.6499999762
1824,2022-03-01,AFG,5175,Nowcasting,2,Phase 2+,0.7,0.6999999881
1824,2022-09-01,AFG,5176,Nowcasting,2,Phase 2+,0.75,0.7300000191
1825,2022-09-01,AFG,5179,Nowcasting,2,Phase 2+,0.75,0.6499999762
1826,2022-03-01,PAK,5188,Nowcasting,2,Phase 2+,0.9,0.6000000238
1826,2022-07-01,PAK,5189,Nowcasting,2,Phase 2+,0.6,0.6700000167
1826,2022-09-01,PAK,5190,Nowcasting,2,Phase 2+,0.85,0.6899999976
1827,2022-03-01,PAK,5199,Nowcasting,2,Phase 2+,0.9,0.6000000238
1827,2022-07-01,PAK,5200,Nowcasting,2,Phase 2+,0.6,0.6899999976
1827,2022-09-01,PAK,5201,Nowcasting,2,Phase 2+,0.85,0.7300000191
1829,2022-03-01,AFG,5211,Nowcasting,2,Phase 2+,0.8,0.6499999762
1829,2022-09-01,AFG,5212,Nowcasting,2,Phase 2+,0.75,0.6700000167
1830,2022-03-01,AFG,5218,Nowcasting,2,Phase 2+,0.7,0.7200000286
1830,2022-07-01,AFG,5219,Nowcasting,2,Phase 2+,0.65,0.6499999762
1830,2022-09-01,AFG,5220,Nowcasting,2,Phase 2+,0.75,0.7699999809
1831,2022-03-01,AFG,5230,Nowcasting,2,Phase 2+,0.8,0.6700000167
1831,2022-07-01,AFG,5231,Nowcasting,2,Phase 2+,0.65,0.6800000072
1831,2022-09-01,AFG,5232,Nowcasting,2,Phase 2+,0.75,0.6399999857
1832,2022-03-01,AFG,5239,Nowcasting,2,Phase 2+,0.9,0.7400000095
1832,2022-09-01,AFG,5240,Nowcasting,2,Phase 2+,0.8,0.8000000119
1835,2022-03-01,PAK,5260,Nowcasting,2,Phase 2+,0.8,0.6700000167
1835,2022-07-01,PAK,5261,Nowcasting,2,Phase 2+,0.65,0.75
1835,2022-09-01,PAK,5262,Nowcasting,2,Phase 2+,0.75,0.7300000191
1836,2022-03-01,PAK,5271,Nowcasting,2,Phase 2+,0.8,0.6399999857
1836,2022-07-01,PAK,5272,Nowcasting,2,Phase 2+,0.65,0.7200000286
1836,2022-09-01,PAK,5273,Nowcasting,2,Phase 2+,0.75,0.6999999881
1838,2022-03-01,AFG,5283,Nowcasting,2,Phase 2+,0.8,0.7099999785
1838,2022-09-01,AFG,5284,Nowcasting,2,Phase 2+,0.75,0.6999999881
1839,2022-07-01,AFG,5294,Nowcasting,2,Phase 2+,0.75,0.6499999762
1841,2022-07-01,AFG,5305,Nowcasting,2,Phase 2+,0.65,0.6499999762
1843,2022-07-01,AFG,5316,Nowcasting,2,Phase 2+,0.65,0.6499999762
1844,2022-03-01,AFG,5328,Nowcasting,2,Phase 2+,0.8,0.6600000262
1844,2022-07-01,AFG,5329,Nowcasting,2,Phase 2+,0.75,0.6499999762
1844,2022-09-01,AFG,5330,Nowcasting,2,Phase 2+,0.8,0.6899999976
1845,2022-09-01,PAK,5333,Nowcasting,2,Phase 2+,0.75,0.7599999905
1846,2022-09-01,PAK,5336,Nowcasting,2,Phase 2+,0.75,0.7599999905
1848,2022-03-01,AFG,5345,Nowcasting,2,Phase 2+,0.8,0.7300000191
1848,2022-09-01,AFG,5346,Nowcasting,2,Phase 2+,0.75,0.7200000286
1849,2022-03-01,AFG,5357,Nowcasting,2,Phase 2+,0.8,0.6299999952
1849,2022-07-01,AFG,5358,Nowcasting,2,Phase 2+,0.65,0.6299999952
1849,2022-09-01,AFG,5359,Nowcasting,2,Phase 2+,0.75,0.7099999785
1850,2022-03-01,AFG,5370,Nowcasting,2,Phase 2+,0.8,0.6600000262
1850,2022-07-01,AFG,5371,Nowcasting,2,Phase 2+,0.75,0.6600000262
1850,2022-09-01,AFG,5372,Nowcasting,2,Phase 2+,0.8,0.6999999881
1851,2022-07-01,AFG,5373,Nowcasting,2,Phase 2+,0.65,0.6399999857
1852,2022-03-01,AFG,5379,Nowcasting,2,Phase 2+,0.9,0.7900000215
1852,2022-09-01,AFG,5380,Nowcasting,2,Phase 2+,0.85,0.7900000215
1853,2022-03-01,AFG,5388,Nowcasting,2,Phase 2+,0.8,0.6399999857
1853,2022-07-01,AFG,5389,Nowcasting,2,Phase 2+,0.65,0.6399999857
1854,2022-09-01,AFG,5398,Nowcasting,2,Phase 2+,0.75,0.7300000191
1855,2022-03-01,AFG,5403,Nowcasting,2,Phase 2+,0.85,0.7200000286
1855,2022-09-01,AFG,5404,Nowcasting,2,Phase 2+,0.8,0.7699999809
1856,2022-09-01,AFG,5413,Nowcasting,2,Phase 2+,0.8,0.7900000215
1857,2022-03-01,AFG,5421,Nowcasting,2,Phase 2+,0.8,0.6499999762
1857,2022-07-01,AFG,5422,Nowcasting,2,Phase 2+,0.65,0.6299999952
1857,2022-09-01,AFG,5423,Nowcasting,2,Phase 2+,0.75,0.6999999881
1858,2022-09-01,AFG,5429,Nowcasting,2,Phase 2+,0.8,0.7699999809
1859,2022-03-01,AFG,5440,Nowcasting,2,Phase 2+,0.8,0.6600000262
1859,2022-07-01,AFG,5441,Nowcasting,2,Phase 2+,0.65,0.6499999762
1859,2022-09-01,AFG,5442,Nowcasting,2,Phase 2+,0.75,0.6800000072
1860,2022-03-01,AFG,5448,Nowcasting,2,Phase 2+,0.9,0.8000000119
1863,2022-03-01,AFG,5460,Nowcasting,2,Phase 2+,0.8,0.6399999857
1864,2022-07-01,AFG,5468,Nowcasting,2,Phase 2+,0.65,0.6600000262
1864,2022-09-01,AFG,5469,Nowcasting,2,Phase 2+,0.75,0.7099999785
1865,2022-03-01,PAK,5477,Nowcasting,2,Phase 2+,0.8,0.5899999738
1865,2022-07-01,PAK,5478,Nowcasting,2,Phase 2+,0.65,0.7300000191
1865,2022-09-01,PAK,5479,Nowcasting,2,Phase 2+,0.8,0.7699999809
1866,2022-03-01,PAK,5487,Nowcasting,2,Phase 2+,0.8,0.5699999928
1866,2022-07-01,PAK,5488,Nowcasting,2,Phase 2+,0.65,0.7099999785
1866,2022-09-01,PAK,5489,Nowcasting,2,Phase 2+,0.8,0.75
1867,2022-03-01,AFG,5500,Nowcasting,2,Phase 2+,0.8,0.6499999762
1867,2022-07-01,AFG,5501,Nowcasting,2,Phase 2+,0.65,0.6499999762
1867,2022-09-01,AFG,5502,Nowcasting,2,Phase 2+,0.75,0.6800000072
1868,2022-09-01,AFG,5508,Nowcasting,2,Phase 2+,0.85,0.8100000024
1870,2022-03-01,AFG,5523,Nowcasting,2,Phase 2+,0.8,0.6499999762
1870,2022-07-01,AFG,5524,Nowcasting,2,Phase 2+,0.65,0.6200000048
1870,2022-09-01,AFG,5525,Nowcasting,2,Phase 2+,0.75,0.6999999881
1871,2022-09-01,PAK,5530,Nowcasting,2,Phase 2+,0.75,0.7699999809
1872,2022-09-01,PAK,5535,Nowcasting,2,Phase 2+,0.75,0.7699999809
1873,2022-03-01,TJK,5544,Nowcasting,2,Phase 2+,0.9,0.8000000119
1873,2022-09-01,TJK,5545,Nowcasting,2,Phase 2+,0.85,0.8799999952
1875,2022-03-01,PAK,5561,Nowcasting,2,Phase 2+,0.8,0.6700000167
1875,2022-07-01,PAK,5562,Nowcasting,2,Phase 2+,0.65,0.7400000095
1875,2022-09-01,PAK,5563,Nowcasting,2,Phase 2+,0.75,0.7400000095
1876,2022-03-01,PAK,5572,Nowcasting,2,Phase 2+,0.8,0.6499999762
1876,2022-07-01,PAK,5573,Nowcasting,2,Phase 2+,0.65,0.7300000191
1876,2022-09-01,PAK,5574,Nowcasting,2,Phase 2+,0.75,0.7300000191
2,2022-10-01,DOM,1,Forecasting,4,Phase 4+,0.01,0.05999999866
5,2022-10-01,DOM,2,Forecasting,4,Phase 4+,0.02,0.05999999866
9,2022-09-01,DOM,3,Forecasting,4,Phase 4+,0.2,0.0700000003
10,2022-09-01,HTI,6,Forecasting,4,Phase 4+,0.25,0.05999999866
10,2022-10-01,HTI,7,Forecasting,4,Phase 4+,0.01,0.05999999866
11,2022-09-01,HTI,11,Forecasting,4,Phase 4+,0.25,0.0700000003
11,2022-10-01,HTI,12,Forecasting,4,Phase 4+,0.01,0.05999999866
12,2022-09-01,HTI,16,Forecasting,4,Phase 4+,0.25,0.0700000003
12,2022-10-01,HTI,17,Forecasting,4,Phase 4+,0.01,0.05999999866
13,2022-09-01,HTI,19,Forecasting,4,Phase 4+,0.15,0.09000000358
16,2022-10-01,HTI,22,Forecasting,4,Phase 4+,0,0.05999999866
19,2022-10-01,HTI,27,Forecasting,4,Phase 4+,0.01,0.0700000003
20,2022-10-01,HTI,30,Forecasting,4,Phase 4+,0.01,0.0700000003
21,2022-09-01,HTI,31,Forecasting,4,Phase 4+,0.15,0.0700000003
21,2022-10-01,HTI,32,Forecasting,4,Phase 4+,0.01,0.0700000003
22,2022-09-01,HTI,33,Forecasting,4,Phase 4+,0.15,0.0700000003
22,2022-10-01,HTI,34,Forecasting,4,Phase 4+,0.01,0.0700000003
38,2022-03-01,HND,66,Forecasting,4,Phase 4+,0.04,0.05000000075
41,2022-03-01,HND,92,Forecasting,4,Phase 4+,0.04,0.05000000075
42,2022-03-01,HND,105,Forecasting,4,Phase 4+,0.04,0.05000000075
45,2022-03-01,SLV,131,Forecasting,4,Phase 4+,0.03,0.05000000075
47,2022-03-01,SLV,150,Forecasting,4,Phase 4+,0.03,0.05000000075
48,2022-03-01,HND,161,Forecasting,4,Phase 4+,0.04,0.05000000075
49,2022-03-01,HND,172,Forecasting,4,Phase 4+,0.04,0.05000000075
50,2022-03-01,SLV,186,Forecasting,4,Phase 4+,0.03,0.05000000075
51,2022-03-01,HND,193,Forecasting,4,Phase 4+,0.03,0.05000000075
52,2022-03-01,HND,200,Forecasting,4,Phase 4+,0.03,0.05000000075
54,2022-03-01,SLV,212,Forecasting,4,Phase 4+,0.03,0.05000000075
55,2022-03-01,HND,226,Forecasting,4,Phase 4+,0.03,0.07999999821
56,2022-03-01,HND,240,Forecasting,4,Phase 4+,0.03,0.07999999821
57,2022-03-01,SLV,251,Forecasting,4,Phase 4+,0,0.05000000075
58,2022-03-01,GTM,264,Forecasting,4,Phase 4+,0.04,0.05000000075
59,2022-03-01,GTM,277,Forecasting,4,Phase 4+,0.04,0.05000000075
60,2022-03-01,SLV,289,Forecasting,4,Phase 4+,0,0.05000000075
63,2022-03-01,SLV,304,Forecasting,4,Phase 4+,0.03,0.05000000075
65,2022-03-01,SLV,323,Forecasting,4,Phase 4+,0,0.05000000075
66,2022-03-01,SLV,338,Forecasting,4,Phase 4+,0,0.05000000075
67,2022-03-01,GTM,348,Forecasting,4,Phase 4+,0.03,0.05000000075
68,2022-03-01,GTM,358,Forecasting,4,Phase 4+,0.03,0.05999999866
69,2022-03-01,GTM,368,Forecasting,4,Phase 4+,0.03,0.05999999866
70,2022-03-01,GTM,378,Forecasting,4,Phase 4+,0.02,0.05999999866
71,2022-03-01,GTM,388,Forecasting,4,Phase 4+,0.02,0.05999999866
72,2022-03-01,SLV,402,Forecasting,4,Phase 4+,0,0.05000000075
73,2022-03-01,SLV,415,Forecasting,4,Phase 4+,0,0.05000000075
74,2022-03-01,GTM,418,Forecasting,4,Phase 4+,0,0.05000000075
75,2022-03-01,GTM,427,Forecasting,4,Phase 4+,0,0.05000000075
76,2022-03-01,GTM,436,Forecasting,4,Phase 4+,0,0.05000000075
77,2022-03-01,SLV,450,Forecasting,4,Phase 4+,0,0.05000000075
78,2022-03-01,GTM,458,Forecasting,4,Phase 4+,0.01,0.05000000075
79,2022-03-01,GTM,466,Forecasting,4,Phase 4+,0.01,0.05000000075
80,2022-03-01,GTM,468,Forecasting,4,Phase 4+,0.04,0.07999999821
81,2022-03-01,GTM,470,Forecasting,4,Phase 4+,0.04,0.07999999821
82,2022-03-01,GTM,478,Forecasting,4,Phase 4+,0.02,0.05999999866
83,2022-03-01,GTM,486,Forecasting,4,Phase 4+,0.02,0.05999999866
86,2022-03-01,GTM,515,Forecasting,4,Phase 4+,0,0.05000000075
87,2022-03-01,GTM,524,Forecasting,4,Phase 4+,0,0.05000000075
90,2022-03-01,GTM,551,Forecasting,4,Phase 4+,0.01,0.05000000075
91,2022-03-01,GTM,566,Forecasting,4,Phase 4+,0.01,0.05000000075
92,2022-03-01,GTM,581,Forecasting,4,Phase 4+,0.01,0.05000000075
93,2022-03-01,GTM,591,Forecasting,4,Phase 4+,0.02,0.05000000075
94,2022-03-01,GTM,601,Forecasting,4,Phase 4+,0.02,0.05000000075
99,2022-03-01,GTM,632,Forecasting,4,Phase 4+,0,0.05000000075
100,2022-03-01,GTM,641,Forecasting,4,Phase 4+,0,0.05000000075
109,2022-03-01,GTM,672,Forecasting,4,Phase 4+,0.02,0.0700000003
110,2022-03-01,GTM,677,Forecasting,4,Phase 4+,0.02,0.0700000003
111,2022-03-01,GTM,681,Forecasting,4,Phase 4+,0.01,0.05000000075
112,2022-03-01,GTM,685,Forecasting,4,Phase 4+,0.01,0.05000000075
113,2022-03-01,GTM,689,Forecasting,4,Phase 4+,0.03,0.0700000003
114,2022-03-01,GTM,693,Forecasting,4,Phase 4+,0.03,0.0700000003
136,2022-07-01,COD,706,Forecasting,4,Phase 4+,0,0.05000000075
160,2022-07-01,COD,717,Forecasting,4,Phase 4+,0.05,0.05000000075
161,2022-07-01,COD,718,Forecasting,4,Phase 4+,0.05,0.05000000075
165,2022-09-01,CAF,724,Forecasting,4,Phase 4+,0.2,0.1299999952
169,2022-07-01,COD,735,Forecasting,4,Phase 4+,0.05,0.05000000075
174,2022-09-01,CAF,744,Forecasting,4,Phase 4+,0.15,0.1299999952
175,2022-09-01,CAF,752,Forecasting,4,Phase 4+,0.15,0.1299999952
177,2022-09-01,CAF,760,Forecasting,4,Phase 4+,0.15,0.1299999952
189,2022-07-01,COD,778,Forecasting,4,Phase 4+,0.05,0.05999999866
190,2022-07-01,COD,779,Forecasting,4,Phase 4+,0.05,0.05999999866
216,2022-09-01,CAF,801,Forecasting,4,Phase 4+,0.15,0.07999999821
229,2022-09-01,CAF,811,Forecasting,4,Phase 4+,0.15,0.05999999866
230,2022-07-01,COD,812,Forecasting,4,Phase 4+,0,0.07999999821
234,2022-07-01,CAF,819,Forecasting,4,Phase 4+,0.05,0.07999999821
234,2022-09-01,CAF,820,Forecasting,4,Phase 4+,0,0.05999999866
237,2022-07-01,CAF,832,Forecasting,4,Phase 4+,0.05,0.07999999821
237,2022-09-01,CAF,833,Forecasting,4,Phase 4+,0,0.05999999866
239,2022-07-01,CAF,842,Forecasting,4,Phase 4+,0.05,0.07999999821
239,2022-09-01,CAF,843,Forecasting,4,Phase 4+,0,0.05999999866
242,2022-07-01,COD,844,Forecasting,4,Phase 4+,0,0.0700000003
251,2022-09-01,CAF,847,Forecasting,4,Phase 4+,0.05,0.05999999866
258,2022-09-01,CAF,854,Forecasting,4,Phase 4+,0.05,0.05999999866
263,2022-07-01,COD,862,Forecasting,4,Phase 4+,0,0.0700000003
264,2022-07-01,COD,863,Forecasting,4,Phase 4+,0,0.0700000003
280,2022-09-01,CAF,873,Forecasting,4,Phase 4+,0.1,0.1099999994
282,2022-07-01,CAF,880,Forecasting,4,Phase 4+,0,0.07999999821
282,2022-09-01,CAF,881,Forecasting,4,Phase 4+,0.1,0.1099999994
283,2022-07-01,CAF,888,Forecasting,4,Phase 4+,0,0.07999999821
283,2022-09-01,CAF,889,Forecasting,4,Phase 4+,0.1,0.1099999994
284,2022-07-01,COD,892,Forecasting,4,Phase 4+,0.05,0.0700000003
285,2022-07-01,COD,895,Forecasting,4,Phase 4+,0.05,0.0700000003
286,2022-09-01,CAF,903,Forecasting,4,Phase 4+,0.1,0.1000000015
290,2022-09-01,CAF,906,Forecasting,4,Phase 4+,0.1,0.1099999994
291,2022-07-01,CAF,915,Forecasting,4,Phase 4+,0,0.09000000358
291,2022-09-01,CAF,916,Forecasting,4,Phase 4+,0.1,0.0700000003
296,2022-07-01,COD,920,Forecasting,4,Phase 4+,0,0.0700000003
305,2022-07-01,CAF,936,Forecasting,4,Phase 4+,0,0.0700000003
314,2022-07-01,CAF,939,Forecasting,4,Phase 4+,0.05,0.0700000003
319,2022-09-01,CAF,947,Forecasting,4,Phase 4+,0.1,0.150000006
322,2022-09-01,CAF,952,Forecasting,4,Phase 4+,0.1,0.150000006
323,2022-09-01,CAF,957,Forecasting,4,Phase 4+,0.1,0.150000006
334,2022-04-01,CAF,968,Forecasting,4,Phase 4+,0.05,0.1099999994
335,2022-04-01,CAF,971,Forecasting,4,Phase 4+,0.05,0.1099999994
347,2022-09-01,CAF,979,Forecasting,4,Phase 4+,0.2,0.1099999994
370,2022-07-01,COD,990,Forecasting,4,Phase 4+,0,0.0700000003
374,2022-07-01,COD,993,Forecasting,4,Phase 4+,0,0.0700000003
391,2022-07-01,COD,1001,Forecasting,4,Phase 4+,0.05,0.07999999821
409,2022-07-01,COD,1009,Forecasting,4,Phase 4+,0,0.0700000003
410,2022-07-01,COD,1011,Forecasting,4,Phase 4+,0,0.0700000003
413,2022-07-01,COD,1013,Forecasting,4,Phase 4+,0,0.0700000003
417,2022-07-01,COD,1020,Forecasting,4,Phase 4+,0.05,0.07999999821
420,2022-07-01,COD,1021,Forecasting,4,Phase 4+,0,0.0700000003
435,2022-10-01,CAF,1036,Forecasting,4,Phase 4+,0.1,0.09000000358
436,2022-10-01,CAF,1047,Forecasting,4,Phase 4+,0.1,0.09000000358
441,2022-10-01,CAF,1066,Forecasting,4,Phase 4+,0.1,0.09000000358
443,2022-07-01,COD,1068,Forecasting,4,Phase 4+,0.05,0.05999999866
446,2022-07-01,COD,1071,Forecasting,4,Phase 4+,0,0.05999999866
451,2022-07-01,COD,1077,Forecasting,4,Phase 4+,0.05,0.0700000003
452,2022-07-01,COD,1083,Forecasting,4,Phase 4+,0.05,0.0700000003
459,2022-07-01,COD,1095,Forecasting,4,Phase 4+,0.05,0.05999999866
471,2022-07-01,COD,1103,Forecasting,4,Phase 4+,0,0.0700000003
472,2022-07-01,COD,1105,Forecasting,4,Phase 4+,0,0.0700000003
492,2022-07-01,COD,1123,Forecasting,4,Phase 4+,0.05,0.0700000003
494,2022-07-01,COD,1125,Forecasting,4,Phase 4+,0.05,0.0700000003
495,2022-02-01,SSD,1129,Forecasting,4,Phase 4+,0.5,0.09000000358
495,2022-10-01,SSD,1130,Forecasting,4,Phase 4+,0.1,0.07999999821
496,2022-02-01,SSD,1134,Forecasting,4,Phase 4+,0.5,0.09000000358
496,2022-10-01,SSD,1135,Forecasting,4,Phase 4+,0.1,0.07999999821
512,2022-10-01,SSD,1163,Forecasting,4,Phase 4+,0.3,0.150000006
513,2022-10-01,SSD,1168,Forecasting,4,Phase 4+,0.3,0.150000006
518,2022-07-01,COD,1174,Forecasting,4,Phase 4+,0.1,0.0700000003
519,2022-07-01,COD,1179,Forecasting,4,Phase 4+,0.1,0.0700000003
520,2022-02-01,SSD,1180,Forecasting,4,Phase 4+,0.15,0.150000006
521,2022-02-01,SSD,1181,Forecasting,4,Phase 4+,0.15,0.150000006
534,2022-02-01,COD,1191,Forecasting,4,Phase 4+,0,0.0700000003
534,2022-10-01,COD,1192,Forecasting,4,Phase 4+,0,0.09000000358
537,2022-02-01,COD,1200,Forecasting,4,Phase 4+,0,0.0700000003
537,2022-10-01,COD,1201,Forecasting,4,Phase 4+,0,0.0700000003
547,2022-07-01,COD,1218,Forecasting,4,Phase 4+,0.1,0.07999999821
555,2022-07-01,COD,1243,Forecasting,4,Phase 4+,0.1,0.05000000075
564,2022-04-01,COD,1264,Forecasting,4,Phase 4+,0,0.05000000075
564,2022-06-01,COD,1265,Forecasting,4,Phase 4+,0.05,0.05000000075
564,2022-07-01,COD,1266,Forecasting,4,Phase 4+,0.05,0.05000000075
565,2022-04-01,COD,1279,Forecasting,4,Phase 4+,0,0.05000000075
565,2022-06-01,COD,1280,Forecasting,4,Phase 4+,0.05,0.05000000075
565,2022-07-01,COD,1281,Forecasting,4,Phase 4+,0.05,0.05000000075
568,2022-10-01,SSD,1285,Forecasting,4,Phase 4+,0.3,0.1700000018
570,2022-02-01,COD,1299,Forecasting,4,Phase 4+,0,0.07999999821
571,2022-02-01,COD,1313,Forecasting,4,Phase 4+,0,0.07999999821
577,2022-10-01,SSD,1326,Forecasting,4,Phase 4+,0,0.05999999866
578,2022-10-01,SSD,1337,Forecasting,4,Phase 4+,0,0.05999999866
586,2022-02-01,COD,1358,Forecasting,4,Phase 4+,0,0.05999999866
586,2022-07-01,COD,1359,Forecasting,4,Phase 4+,0.05,0.0700000003
586,2022-10-01,COD,1360,Forecasting,4,Phase 4+,0,0.05999999866
587,2022-04-01,COD,1373,Forecasting,4,Phase 4+,0,0.05000000075
587,2022-06-01,COD,1374,Forecasting,4,Phase 4+,0,0.05000000075
587,2022-07-01,COD,1375,Forecasting,4,Phase 4+,0.05,0.05000000075
591,2022-04-01,COD,1389,Forecasting,4,Phase 4+,0,0.05000000075
591,2022-07-01,COD,1390,Forecasting,4,Phase 4+,0.05,0.05000000075
592,2022-04-01,COD,1402,Forecasting,4,Phase 4+,0,0.05000000075
592,2022-07-01,COD,1403,Forecasting,4,Phase 4+,0.05,0.05000000075
598,2022-07-01,COD,1423,Forecasting,4,Phase 4+,0.1,0.05000000075
602,2022-04-01,COD,1436,Forecasting,4,Phase 4+,0,0.05000000075
602,2022-06-01,COD,1437,Forecasting,4,Phase 4+,0.05,0.05000000075
602,2022-07-01,COD,1438,Forecasting,4,Phase 4+,0.05,0.05000000075
605,2022-10-01,SSD,1444,Forecasting,4,Phase 4+,0.3,0.1099999994
606,2022-10-01,SSD,1448,Forecasting,4,Phase 4+,0.3,0.1099999994
607,2022-07-01,COD,1455,Forecasting,4,Phase 4+,0.1,0.05000000075
608,2022-07-01,COD,1462,Forecasting,4,Phase 4+,0.1,0.05999999866
609,2022-07-01,COD,1469,Forecasting,4,Phase 4+,0.1,0.05999999866
611,2022-06-01,COD,1479,Forecasting,4,Phase 4+,0,0.05000000075
611,2022-07-01,COD,1480,Forecasting,4,Phase 4+,0.1,0.05000000075
613,2022-04-01,COD,1492,Forecasting,4,Phase 4+,0,0.05000000075
613,2022-06-01,COD,1493,Forecasting,4,Phase 4+,0,0.05000000075
613,2022-07-01,COD,1494,Forecasting,4,Phase 4+,0.15,0.05000000075
614,2022-07-01,COD,1499,Forecasting,4,Phase 4+,0.1,0.05999999866
615,2022-04-01,COD,1512,Forecasting,4,Phase 4+,0,0.03999999911
615,2022-06-01,COD,1513,Forecasting,4,Phase 4+,0.05,0.05000000075
615,2022-07-01,COD,1514,Forecasting,4,Phase 4+,0.05,0.05000000075
616,2022-04-01,COD,1521,Forecasting,4,Phase 4+,0,0.05000000075
618,2022-04-01,COD,1535,Forecasting,4,Phase 4+,0,0.05000000075
618,2022-06-01,COD,1536,Forecasting,4,Phase 4+,0,0.05000000075
618,2022-07-01,COD,1537,Forecasting,4,Phase 4+,0.15,0.05000000075
623,2022-07-01,COD,1546,Forecasting,4,Phase 4+,0.1,0.05999999866
625,2022-04-01,COD,1560,Forecasting,4,Phase 4+,0,0.05000000075
625,2022-06-01,COD,1561,Forecasting,4,Phase 4+,0,0.05000000075
625,2022-07-01,COD,1562,Forecasting,4,Phase 4+,0.05,0.05000000075
626,2022-04-01,COD,1576,Forecasting,4,Phase 4+,0,0.05000000075
626,2022-06-01,COD,1577,Forecasting,4,Phase 4+,0,0.05000000075
626,2022-07-01,COD,1578,Forecasting,4,Phase 4+,0.05,0.05000000075
630,2022-06-01,ZMB,1581,Forecasting,4,Phase 4+,0,0.05000000075
633,2022-06-01,ZMB,1584,Forecasting,4,Phase 4+,0,0.05000000075
634,2022-04-01,COD,1598,Forecasting,4,Phase 4+,0,0.05000000075
634,2022-06-01,COD,1599,Forecasting,4,Phase 4+,0,0.05000000075
634,2022-07-01,COD,1600,Forecasting,4,Phase 4+,0.05,0.05000000075
637,2022-02-01,SSD,1615,Forecasting,4,Phase 4+,0.2,0.1199999973
637,2022-10-01,SSD,1616,Forecasting,4,Phase 4+,0.2,0.1400000006
638,2022-02-01,SSD,1625,Forecasting,4,Phase 4+,0.2,0.1199999973
638,2022-10-01,SSD,1626,Forecasting,4,Phase 4+,0.2,0.1400000006
639,2022-02-01,SSD,1633,Forecasting,4,Phase 4+,0.3,0.1199999973
640,2022-02-01,SSD,1640,Forecasting,4,Phase 4+,0.3,0.1199999973
642,2022-10-01,SSD,1643,Forecasting,4,Phase 4+,0.25,0.1400000006
643,2022-10-01,SSD,1645,Forecasting,4,Phase 4+,0.25,0.1400000006
644,2022-06-01,COD,1650,Forecasting,4,Phase 4+,0,0.0700000003
644,2022-07-01,COD,1651,Forecasting,4,Phase 4+,0.05,0.05999999866
645,2022-06-01,COD,1656,Forecasting,4,Phase 4+,0,0.0700000003
645,2022-07-01,COD,1657,Forecasting,4,Phase 4+,0.05,0.05999999866
646,2022-04-01,COD,1668,Forecasting,4,Phase 4+,0,0.05000000075
646,2022-07-01,COD,1669,Forecasting,4,Phase 4+,0.1,0.05000000075
647,2022-04-01,COD,1680,Forecasting,4,Phase 4+,0,0.05000000075
647,2022-07-01,COD,1681,Forecasting,4,Phase 4+,0.1,0.05000000075
649,2022-04-01,COD,1700,Forecasting,4,Phase 4+,0,0.05000000075
649,2022-06-01,COD,1701,Forecasting,4,Phase 4+,0,0.05000000075
649,2022-07-01,COD,1702,Forecasting,4,Phase 4+,0.05,0.05000000075
650,2022-04-01,COD,1720,Forecasting,4,Phase 4+,0,0.05000000075
650,2022-06-01,COD,1721,Forecasting,4,Phase 4+,0,0.05000000075
650,2022-07-01,COD,1722,Forecasting,4,Phase 4+,0.05,0.05000000075
651,2022-04-01,BDI,1737,Forecasting,4,Phase 4+,0,0.03999999911
651,2022-06-01,BDI,1738,Forecasting,4,Phase 4+,0,0.03999999911
651,2022-07-01,BDI,1739,Forecasting,4,Phase 4+,0.05,0.05000000075
652,2022-04-01,BDI,1754,Forecasting,4,Phase 4+,0,0.03999999911
652,2022-06-01,BDI,1755,Forecasting,4,Phase 4+,0,0.03999999911
652,2022-07-01,BDI,1756,Forecasting,4,Phase 4+,0.05,0.05000000075
654,2022-06-01,COD,1766,Forecasting,4,Phase 4+,0,0.0700000003
654,2022-07-01,COD,1767,Forecasting,4,Phase 4+,0.05,0.0700000003
655,2022-06-01,COD,1777,Forecasting,4,Phase 4+,0,0.05000000075
655,2022-07-01,COD,1778,Forecasting,4,Phase 4+,0.1,0.05000000075
658,2022-06-01,COD,1788,Forecasting,4,Phase 4+,0,0.0700000003
658,2022-07-01,COD,1789,Forecasting,4,Phase 4+,0.15,0.05999999866
661,2022-06-01,COD,1802,Forecasting,4,Phase 4+,0,0.05000000075
661,2022-07-01,COD,1803,Forecasting,4,Phase 4+,0.15,0.05000000075
668,2022-02-01,SSD,1823,Forecasting,4,Phase 4+,0,0.1000000015
668,2022-07-01,SSD,1824,Forecasting,4,Phase 4+,0.05,0.05999999866
669,2022-02-01,SSD,1831,Forecasting,4,Phase 4+,0,0.1000000015
669,2022-07-01,SSD,1832,Forecasting,4,Phase 4+,0.05,0.05999999866
670,2022-02-01,SSD,1834,Forecasting,4,Phase 4+,0.25,0.1299999952
671,2022-02-01,SSD,1836,Forecasting,4,Phase 4+,0.25,0.1299999952
672,2022-02-01,SSD,1846,Forecasting,4,Phase 4+,0.15,0.1199999973
672,2022-10-01,SSD,1847,Forecasting,4,Phase 4+,0.15,0.1199999973
673,2022-02-01,SSD,1857,Forecasting,4,Phase 4+,0.15,0.1199999973
673,2022-10-01,SSD,1858,Forecasting,4,Phase 4+,0.15,0.1199999973
674,2022-07-01,BDI,1868,Forecasting,4,Phase 4+,0.05,0.05000000075
675,2022-07-01,BDI,1878,Forecasting,4,Phase 4+,0.05,0.05000000075
676,2022-04-01,BDI,1893,Forecasting,4,Phase 4+,0,0.03999999911
676,2022-06-01,BDI,1894,Forecasting,4,Phase 4+,0,0.03999999911
676,2022-07-01,BDI,1895,Forecasting,4,Phase 4+,0.05,0.05000000075
677,2022-04-01,BDI,1910,Forecasting,4,Phase 4+,0,0.03999999911
677,2022-06-01,BDI,1911,Forecasting,4,Phase 4+,0,0.03999999911
677,2022-07-01,BDI,1912,Forecasting,4,Phase 4+,0.05,0.05000000075
678,2022-02-01,SSD,1917,Forecasting,4,Phase 4+,0.35,0.1700000018
678,2022-04-01,SSD,1918,Forecasting,4,Phase 4+,0.05,0.1099999994
679,2022-02-01,SSD,1923,Forecasting,4,Phase 4+,0.35,0.1700000018
679,2022-04-01,SSD,1924,Forecasting,4,Phase 4+,0.05,0.1099999994
680,2022-02-01,COD,1927,Forecasting,4,Phase 4+,0.05,0.05999999866
680,2022-07-01,COD,1928,Forecasting,4,Phase 4+,0.05,0.0700000003
680,2022-10-01,COD,1929,Forecasting,4,Phase 4+,0.05,0.05999999866
681,2022-06-01,COD,1939,Forecasting,4,Phase 4+,0,0.07999999821
681,2022-07-01,COD,1940,Forecasting,4,Phase 4+,0.05,0.07999999821
682,2022-02-01,SSD,1942,Forecasting,4,Phase 4+,0.5,0.1400000006
683,2022-02-01,SSD,1944,Forecasting,4,Phase 4+,0.5,0.1400000006
684,2022-06-01,COD,1954,Forecasting,4,Phase 4+,0,0.07999999821
684,2022-07-01,COD,1955,Forecasting,4,Phase 4+,0.05,0.07999999821
685,2022-02-01,COD,1958,Forecasting,4,Phase 4+,0.05,0.05999999866
685,2022-07-01,COD,1959,Forecasting,4,Phase 4+,0.05,0.07999999821
691,2022-02-01,SSD,1977,Forecasting,4,Phase 4+,0.15,0.1199999973
692,2022-02-01,SSD,1981,Forecasting,4,Phase 4+,0.15,0.1199999973
699,2022-04-01,BDI,2008,Forecasting,4,Phase 4+,0,0.03999999911
699,2022-06-01,BDI,2009,Forecasting,4,Phase 4+,0,0.03999999911
699,2022-07-01,BDI,2010,Forecasting,4,Phase 4+,0,0.05000000075
700,2022-04-01,BDI,2023,Forecasting,4,Phase 4+,0,0.03999999911
700,2022-07-01,BDI,2024,Forecasting,4,Phase 4+,0,0.05000000075
701,2022-02-01,SSD,2028,Forecasting,4,Phase 4+,0.5,0.200000003
702,2022-02-01,SSD,2032,Forecasting,4,Phase 4+,0.5,0.1800000072
703,2022-04-01,BDI,2046,Forecasting,4,Phase 4+,0,0.03999999911
703,2022-06-01,BDI,2047,Forecasting,4,Phase 4+,0,0.03999999911
703,2022-07-01,BDI,2048,Forecasting,4,Phase 4+,0.05,0.05000000075
704,2022-04-01,BDI,2062,Forecasting,4,Phase 4+,0,0.03999999911
704,2022-06-01,BDI,2063,Forecasting,4,Phase 4+,0,0.03999999911
704,2022-07-01,BDI,2064,Forecasting,4,Phase 4+,0.05,0.05000000075
705,2022-10-01,ZAF,2067,Forecasting,4,Phase 4+,0,0.05000000075
706,2022-06-01,COD,2075,Forecasting,4,Phase 4+,0,0.07999999821
706,2022-07-01,COD,2076,Forecasting,4,Phase 4+,0.05,0.07999999821
707,2022-04-01,BDI,2087,Forecasting,4,Phase 4+,0,0.03999999911
707,2022-06-01,BDI,2088,Forecasting,4,Phase 4+,0,0.03999999911
707,2022-07-01,BDI,2089,Forecasting,4,Phase 4+,0.05,0.05000000075
708,2022-04-01,BDI,2100,Forecasting,4,Phase 4+,0,0.03999999911
708,2022-06-01,BDI,2101,Forecasting,4,Phase 4+,0,0.03999999911
708,2022-07-01,BDI,2102,Forecasting,4,Phase 4+,0.05,0.05000000075
711,2022-02-01,SSD,2118,Forecasting,4,Phase 4+,0.05,0.09000000358
711,2022-07-01,SSD,2119,Forecasting,4,Phase 4+,0.05,0.05999999866
712,2022-02-01,SSD,2133,Forecasting,4,Phase 4+,0.05,0.09000000358
712,2022-07-01,SSD,2134,Forecasting,4,Phase 4+,0.05,0.05999999866
716,2022-02-01,COD,2146,Forecasting,4,Phase 4+,0.05,0.05999999866
716,2022-06-01,COD,2147,Forecasting,4,Phase 4+,0,0.0700000003
717,2022-02-01,COD,2154,Forecasting,4,Phase 4+,0.05,0.05999999866
717,2022-06-01,COD,2155,Forecasting,4,Phase 4+,0,0.07999999821
723,2022-02-01,SSD,2162,Forecasting,4,Phase 4+,0.5,0.1400000006
724,2022-02-01,SSD,2165,Forecasting,4,Phase 4+,0.5,0.1299999952
726,2022-02-01,COD,2171,Forecasting,4,Phase 4+,0.05,0.0700000003
727,2022-06-01,ZAF,2179,Forecasting,4,Phase 4+,0,0.05000000075
727,2022-07-01,ZAF,2180,Forecasting,4,Phase 4+,0,0.05000000075
732,2022-06-01,SSD,2195,Forecasting,4,Phase 4+,0,0.05999999866
732,2022-10-01,SSD,2196,Forecasting,4,Phase 4+,0.05,0.05999999866
733,2022-06-01,SSD,2206,Forecasting,4,Phase 4+,0,0.05999999866
733,2022-10-01,SSD,2207,Forecasting,4,Phase 4+,0.05,0.05999999866
735,2022-02-01,SSD,2221,Forecasting,4,Phase 4+,0.05,0.1099999994
735,2022-10-01,SSD,2222,Forecasting,4,Phase 4+,0.05,0.0700000003
736,2022-02-01,SSD,2231,Forecasting,4,Phase 4+,0.05,0.1099999994
736,2022-10-01,SSD,2232,Forecasting,4,Phase 4+,0.05,0.0700000003
748,2022-02-01,SSD,2239,Forecasting,4,Phase 4+,0.4,0.150000006
749,2022-02-01,SSD,2240,Forecasting,4,Phase 4+,0.4,0.150000006
752,2022-10-01,UGA,2242,Forecasting,4,Phase 4+,0.05,0.05000000075
753,2022-10-01,UGA,2244,Forecasting,4,Phase 4+,0.05,0.05000000075
759,2022-06-01,SWZ,2274,Forecasting,4,Phase 4+,0,0.05000000075
759,2022-10-01,SWZ,2275,Forecasting,4,Phase 4+,0,0.05000000075
760,2022-02-01,SSD,2279,Forecasting,4,Phase 4+,0.1,0.1099999994
761,2022-06-01,SWZ,2285,Forecasting,4,Phase 4+,0,0.05000000075
761,2022-10-01,SWZ,2286,Forecasting,4,Phase 4+,0,0.05000000075
762,2022-02-01,SSD,2290,Forecasting,4,Phase 4+,0.1,0.1099999994
768,2022-02-01,SSD,2295,Forecasting,4,Phase 4+,0.35,0.1299999952
769,2022-02-01,SSD,2298,Forecasting,4,Phase 4+,0.35,0.1299999952
770,2022-06-01,SWZ,2299,Forecasting,4,Phase 4+,0,0.05000000075
770,2022-10-01,SWZ,2300,Forecasting,4,Phase 4+,0,0.05000000075
773,2022-06-01,SWZ,2307,Forecasting,4,Phase 4+,0,0.05000000075
773,2022-10-01,SWZ,2308,Forecasting,4,Phase 4+,0,0.05000000075
779,2022-02-01,SSD,2317,Forecasting,4,Phase 4+,0.45,0.1099999994
779,2022-10-01,SSD,2318,Forecasting,4,Phase 4+,0.45,0.1299999952
780,2022-02-01,SSD,2322,Forecasting,4,Phase 4+,0.45,0.1299999952
780,2022-10-01,SSD,2323,Forecasting,4,Phase 4+,0.45,0.150000006
781,2022-10-01,SSD,2326,Forecasting,4,Phase 4+,0.6,0.150000006
782,2022-10-01,SSD,2329,Forecasting,4,Phase 4+,0.6,0.1199999973
783,2022-10-01,SSD,2337,Forecasting,4,Phase 4+,0.05,0.05999999866
784,2022-10-01,SSD,2345,Forecasting,4,Phase 4+,0.05,0.05999999866
785,2022-06-01,SSD,2357,Forecasting,4,Phase 4+,0.05,0.05999999866
785,2022-10-01,SSD,2358,Forecasting,4,Phase 4+,0.1,0.05999999866
786,2022-06-01,SSD,2370,Forecasting,4,Phase 4+,0.05,0.05999999866
786,2022-10-01,SSD,2371,Forecasting,4,Phase 4+,0.1,0.05999999866
789,2022-10-01,SSD,2376,Forecasting,4,Phase 4+,0.25,0.1299999952
793,2022-02-01,SDN,2379,Forecasting,4,Phase 4+,0.1,0.1000000015
794,2022-10-01,SWZ,2381,Forecasting,4,Phase 4+,0,0.05000000075
796,2022-06-01,UGA,2386,Forecasting,4,Phase 4+,0.05,0.05999999866
797,2022-06-01,UGA,2390,Forecasting,4,Phase 4+,0.05,0.05999999866
798,2022-06-01,SWZ,2393,Forecasting,4,Phase 4+,0.05,0.05999999866
799,2022-06-01,SWZ,2396,Forecasting,4,Phase 4+,0.05,0.05999999866
800,2022-10-01,SSD,2399,Forecasting,4,Phase 4+,0.2,0.1400000006
801,2022-10-01,SSD,2402,Forecasting,4,Phase 4+,0.2,0.1400000006
806,2022-02-01,SSD,2409,Forecasting,4,Phase 4+,0.15,0.09000000358
806,2022-10-01,SSD,2410,Forecasting,4,Phase 4+,0.1,0.1099999994
807,2022-02-01,SSD,2417,Forecasting,4,Phase 4+,0.15,0.1299999952
807,2022-10-01,SSD,2418,Forecasting,4,Phase 4+,0.1,0.1199999973
815,2022-02-01,SSD,2422,Forecasting,4,Phase 4+,0.3,0.1199999973
815,2022-10-01,SSD,2423,Forecasting,4,Phase 4+,0.3,0.1599999964
816,2022-02-01,SSD,2427,Forecasting,4,Phase 4+,0.3,0.1199999973
816,2022-10-01,SSD,2428,Forecasting,4,Phase 4+,0.3,0.1599999964
817,2022-02-01,SSD,2434,Forecasting,4,Phase 4+,0.25,0.1099999994
817,2022-10-01,SSD,2435,Forecasting,4,Phase 4+,0.4,0.1199999973
818,2022-02-01,SSD,2441,Forecasting,4,Phase 4+,0.25,0.1099999994
818,2022-10-01,SSD,2442,Forecasting,4,Phase 4+,0.4,0.1199999973
820,2022-02-01,SSD,2449,Forecasting,4,Phase 4+,0,0.0700000003
820,2022-03-01,SSD,2450,Forecasting,4,Phase 4+,0.05,0.07999999821
820,2022-06-01,SSD,2451,Forecasting,4,Phase 4+,0.05,0.0700000003
821,2022-02-01,SSD,2458,Forecasting,4,Phase 4+,0,0.0700000003
821,2022-03-01,SSD,2459,Forecasting,4,Phase 4+,0.05,0.07999999821
821,2022-06-01,SSD,2460,Forecasting,4,Phase 4+,0.05,0.0700000003
825,2022-04-01,SDN,2461,Forecasting,4,Phase 4+,0.1,0.1199999973
828,2022-04-01,SDN,2464,Forecasting,4,Phase 4+,0.05,0.1099999994
829,2022-04-01,SDN,2467,Forecasting,4,Phase 4+,0.05,0.1099999994
837,2022-06-01,UGA,2470,Forecasting,4,Phase 4+,0.05,0.05999999866
842,2022-02-01,SSD,2482,Forecasting,4,Phase 4+,0.1,0.09000000358
842,2022-03-01,SSD,2483,Forecasting,4,Phase 4+,0.05,0.07999999821
842,2022-06-01,SSD,2484,Forecasting,4,Phase 4+,0.05,0.0700000003
842,2022-10-01,SSD,2485,Forecasting,4,Phase 4+,0.1,0.05999999866
843,2022-02-01,SSD,2495,Forecasting,4,Phase 4+,0.1,0.09000000358
843,2022-03-01,SSD,2496,Forecasting,4,Phase 4+,0.05,0.07999999821
843,2022-06-01,SSD,2497,Forecasting,4,Phase 4+,0.05,0.0700000003
843,2022-10-01,SSD,2498,Forecasting,4,Phase 4+,0.1,0.05999999866
844,2022-10-01,SSD,2500,Forecasting,4,Phase 4+,0.1,0.1000000015
845,2022-10-01,SSD,2502,Forecasting,4,Phase 4+,0.1,0.1000000015
852,2022-06-01,UGA,2512,Forecasting,4,Phase 4+,0.05,0.05999999866
857,2022-03-01,UGA,2522,Forecasting,4,Phase 4+,0.05,0.05000000075
858,2022-03-01,UGA,2525,Forecasting,4,Phase 4+,0.05,0.05000000075
882,2022-02-01,SSD,2553,Forecasting,4,Phase 4+,0.3,0.1400000006
883,2022-02-01,SSD,2558,Forecasting,4,Phase 4+,0.3,0.1400000006
893,2022-02-01,SSD,2571,Forecasting,4,Phase 4+,0.15,0.07999999821
893,2022-10-01,SSD,2572,Forecasting,4,Phase 4+,0.15,0.05999999866
894,2022-02-01,SSD,2578,Forecasting,4,Phase 4+,0.15,0.07999999821
894,2022-10-01,SSD,2579,Forecasting,4,Phase 4+,0.15,0.05999999866
896,2022-04-01,SSD,2584,Forecasting,4,Phase 4+,0.2,0.1099999994
897,2022-04-01,SSD,2587,Forecasting,4,Phase 4+,0.2,0.1099999994
898,2022-03-01,SSD,2588,Forecasting,4,Phase 4+,0.05,0.09000000358
898,2022-06-01,SSD,2589,Forecasting,4,Phase 4+,0,0.07999999821
898,2022-10-01,SSD,2590,Forecasting,4,Phase 4+,0.15,0.0700000003
899,2022-03-01,SSD,2591,Forecasting,4,Phase 4+,0.05,0.09000000358
899,2022-06-01,SSD,2592,Forecasting,4,Phase 4+,0,0.07999999821
899,2022-10-01,SSD,2593,Forecasting,4,Phase 4+,0.15,0.0700000003
901,2022-02-01,SSD,2596,Forecasting,4,Phase 4+,0.2,0.1299999952
902,2022-02-01,SSD,2598,Forecasting,4,Phase 4+,0.2,0.1299999952
913,2022-02-01,SSD,2615,Forecasting,4,Phase 4+,0.15,0.09000000358
914,2022-02-01,SSD,2619,Forecasting,4,Phase 4+,0.15,0.09000000358
915,2022-10-01,MWI,2621,Forecasting,4,Phase 4+,0,0.05999999866
916,2022-03-01,UGA,2622,Forecasting,4,Phase 4+,0.1,0.05999999866
917,2022-02-01,UGA,2624,Forecasting,4,Phase 4+,0.15,0.05000000075
917,2022-06-01,UGA,2625,Forecasting,4,Phase 4+,0,0.05999999866
918,2022-02-01,UGA,2627,Forecasting,4,Phase 4+,0.15,0.05000000075
918,2022-06-01,UGA,2628,Forecasting,4,Phase 4+,0,0.05999999866
919,2022-03-01,UGA,2629,Forecasting,4,Phase 4+,0.1,0.05999999866
921,2022-10-01,MWI,2631,Forecasting,4,Phase 4+,0,0.05000000075
929,2022-10-01,UGA,2645,Forecasting,4,Phase 4+,0.15,0.05999999866
930,2022-02-01,SSD,2649,Forecasting,4,Phase 4+,0.3,0.1400000006
930,2022-10-01,SSD,2650,Forecasting,4,Phase 4+,0.1,0.1299999952
931,2022-02-01,SSD,2655,Forecasting,4,Phase 4+,0.3,0.1400000006
931,2022-10-01,SSD,2656,Forecasting,4,Phase 4+,0.1,0.1299999952
937,2022-02-01,UGA,2672,Forecasting,4,Phase 4+,0.15,0.05000000075
937,2022-03-01,UGA,2673,Forecasting,4,Phase 4+,0.05,0.05999999866
937,2022-06-01,UGA,2674,Forecasting,4,Phase 4+,0.05,0.05999999866
937,2022-07-01,UGA,2675,Forecasting,4,Phase 4+,0.15,0.05999999866
937,2022-10-01,UGA,2676,Forecasting,4,Phase 4+,0.15,0.05999999866
938,2022-02-01,UGA,2685,Forecasting,4,Phase 4+,0.15,0.05000000075
938,2022-03-01,UGA,2686,Forecasting,4,Phase 4+,0.05,0.05999999866
938,2022-06-01,UGA,2687,Forecasting,4,Phase 4+,0.05,0.05999999866
938,2022-07-01,UGA,2688,Forecasting,4,Phase 4+,0.15,0.05999999866
938,2022-10-01,UGA,2689,Forecasting,4,Phase 4+,0.15,0.05999999866
941,2022-03-01,UGA,2692,Forecasting,4,Phase 4+,0.1,0.0700000003
942,2022-03-01,UGA,2695,Forecasting,4,Phase 4+,0.1,0.0700000003
948,2022-02-01,UGA,2701,Forecasting,4,Phase 4+,0.15,0.05999999866
948,2022-03-01,UGA,2702,Forecasting,4,Phase 4+,0.1,0.05999999866
951,2022-02-01,UGA,2711,Forecasting,4,Phase 4+,0,0.03999999911
951,2022-03-01,UGA,2712,Forecasting,4,Phase 4+,0.1,0.0700000003
951,2022-06-01,UGA,2713,Forecasting,4,Phase 4+,0.05,0.05999999866
951,2022-07-01,UGA,2714,Forecasting,4,Phase 4+,0,0.05999999866
952,2022-02-01,UGA,2719,Forecasting,4,Phase 4+,0,0.03999999911
952,2022-03-01,UGA,2720,Forecasting,4,Phase 4+,0.1,0.0700000003
952,2022-06-01,UGA,2721,Forecasting,4,Phase 4+,0.05,0.05999999866
952,2022-07-01,UGA,2722,Forecasting,4,Phase 4+,0,0.05999999866
957,2022-07-01,KEN,2727,Forecasting,4,Phase 4+,0,0.03999999911
965,2022-02-01,UGA,2730,Forecasting,4,Phase 4+,0,0.05000000075
965,2022-06-01,UGA,2731,Forecasting,4,Phase 4+,0,0.0700000003
966,2022-02-01,UGA,2733,Forecasting,4,Phase 4+,0,0.05000000075
966,2022-06-01,UGA,2734,Forecasting,4,Phase 4+,0,0.0700000003
968,2022-02-01,UGA,2738,Forecasting,4,Phase 4+,0.1,0.03999999911
968,2022-03-01,UGA,2739,Forecasting,4,Phase 4+,0.15,0.05999999866
968,2022-06-01,UGA,2740,Forecasting,4,Phase 4+,0.1,0.05999999866
968,2022-07-01,UGA,2741,Forecasting,4,Phase 4+,0.15,0.05999999866
969,2022-02-01,UGA,2745,Forecasting,4,Phase 4+,0.1,0.03999999911
969,2022-03-01,UGA,2746,Forecasting,4,Phase 4+,0.15,0.05999999866
969,2022-06-01,UGA,2747,Forecasting,4,Phase 4+,0.1,0.05999999866
969,2022-07-01,UGA,2748,Forecasting,4,Phase 4+,0.15,0.05999999866
971,2022-03-01,SSD,2751,Forecasting,4,Phase 4+,0.1,0.07999999821
971,2022-06-01,SSD,2752,Forecasting,4,Phase 4+,0.05,0.09000000358
972,2022-03-01,SSD,2755,Forecasting,4,Phase 4+,0.1,0.07999999821
972,2022-06-01,SSD,2756,Forecasting,4,Phase 4+,0.05,0.09000000358
983,2022-06-01,MOZ,2760,Forecasting,4,Phase 4+,0,0.05999999866
984,2022-06-01,MOZ,2761,Forecasting,4,Phase 4+,0,0.07999999821
985,2022-06-01,MOZ,2762,Forecasting,4,Phase 4+,0,0.07999999821
994,2022-02-01,KEN,2765,Forecasting,4,Phase 4+,0,0.05000000075
994,2022-06-01,KEN,2766,Forecasting,4,Phase 4+,0,0.0700000003
995,2022-02-01,KEN,2769,Forecasting,4,Phase 4+,0,0.05000000075
995,2022-06-01,KEN,2770,Forecasting,4,Phase 4+,0,0.0700000003
997,2022-09-01,LBN,2774,Forecasting,4,Phase 4+,0.1,0.1199999973
1001,2022-09-01,LBN,2777,Forecasting,4,Phase 4+,0.05,0.1299999952
1003,2022-02-01,KEN,2781,Forecasting,4,Phase 4+,0.1,0.05999999866
1003,2022-03-01,KEN,2782,Forecasting,4,Phase 4+,0.15,0.0700000003
1003,2022-07-01,KEN,2783,Forecasting,4,Phase 4+,0.15,0.05999999866
1005,2022-02-01,KEN,2787,Forecasting,4,Phase 4+,0.1,0.05999999866
1005,2022-03-01,KEN,2788,Forecasting,4,Phase 4+,0.15,0.0700000003
1005,2022-07-01,KEN,2789,Forecasting,4,Phase 4+,0.15,0.05999999866
1008,2022-09-01,LBN,2791,Forecasting,4,Phase 4+,0.05,0.1099999994
1011,2022-02-01,KEN,2796,Forecasting,4,Phase 4+,0.05,0.05000000075
1011,2022-03-01,KEN,2797,Forecasting,4,Phase 4+,0.05,0.05999999866
1011,2022-06-01,KEN,2798,Forecasting,4,Phase 4+,0,0.05999999866
1011,2022-07-01,KEN,2799,Forecasting,4,Phase 4+,0.05,0.05999999866
1016,2022-09-01,LBN,2806,Forecasting,4,Phase 4+,0.05,0.1199999973
1017,2022-09-01,LBN,2807,Forecasting,4,Phase 4+,0.05,0.1099999994
1020,2022-09-01,LBN,2808,Forecasting,4,Phase 4+,0.1,0.1299999952
1023,2022-09-01,LBN,2809,Forecasting,4,Phase 4+,0,0.1000000015
1032,2022-02-01,KEN,2815,Forecasting,4,Phase 4+,0.05,0.05999999866
1032,2022-03-01,KEN,2816,Forecasting,4,Phase 4+,0.05,0.0700000003
1032,2022-06-01,KEN,2817,Forecasting,4,Phase 4+,0,0.0700000003
1033,2022-02-01,KEN,2820,Forecasting,4,Phase 4+,0.05,0.05999999866
1033,2022-03-01,KEN,2821,Forecasting,4,Phase 4+,0.05,0.0700000003
1033,2022-06-01,KEN,2822,Forecasting,4,Phase 4+,0,0.0700000003
1038,2022-09-01,LBN,2824,Forecasting,4,Phase 4+,0.1,0.1099999994
1039,2022-09-01,LBN,2825,Forecasting,4,Phase 4+,0.1,0.1099999994
1046,2022-02-01,KEN,2831,Forecasting,4,Phase 4+,0,0.05999999866
1046,2022-07-01,KEN,2832,Forecasting,4,Phase 4+,0.05,0.0700000003
1047,2022-02-01,KEN,2835,Forecasting,4,Phase 4+,0,0.05999999866
1047,2022-07-01,KEN,2836,Forecasting,4,Phase 4+,0.05,0.0700000003
1048,2022-07-01,KEN,2837,Forecasting,4,Phase 4+,0,0.05000000075
1048,2022-10-01,KEN,2838,Forecasting,4,Phase 4+,0.05,0.05000000075
1049,2022-10-01,KEN,2839,Forecasting,4,Phase 4+,0.05,0.05999999866
1050,2022-10-01,KEN,2840,Forecasting,4,Phase 4+,0.05,0.05999999866
1057,2022-07-01,TZA,2846,Forecasting,4,Phase 4+,0,0.05999999866
1059,2022-02-01,KEN,2848,Forecasting,4,Phase 4+,0.1,0.05999999866
1059,2022-07-01,KEN,2849,Forecasting,4,Phase 4+,0.15,0.05999999866
1060,2022-02-01,KEN,2851,Forecasting,4,Phase 4+,0.1,0.05999999866
1060,2022-07-01,KEN,2852,Forecasting,4,Phase 4+,0.15,0.05999999866
1061,2022-07-01,KEN,2857,Forecasting,4,Phase 4+,0.05,0.05000000075
1068,2022-02-01,KEN,2865,Forecasting,4,Phase 4+,0.15,0.0700000003
1068,2022-07-01,KEN,2866,Forecasting,4,Phase 4+,0.1,0.05999999866
1071,2022-02-01,KEN,2870,Forecasting,4,Phase 4+,0.15,0.0700000003
1071,2022-07-01,KEN,2871,Forecasting,4,Phase 4+,0.1,0.05999999866
1097,2022-02-01,KEN,2878,Forecasting,4,Phase 4+,0.05,0.05000000075
1099,2022-02-01,KEN,2879,Forecasting,4,Phase 4+,0.05,0.05000000075
1102,2022-02-01,KEN,2882,Forecasting,4,Phase 4+,0.05,0.0700000003
1102,2022-07-01,KEN,2883,Forecasting,4,Phase 4+,0.15,0.05999999866
1103,2022-02-01,KEN,2886,Forecasting,4,Phase 4+,0.05,0.0700000003
1103,2022-07-01,KEN,2887,Forecasting,4,Phase 4+,0.15,0.05999999866
1107,2022-10-01,MOZ,2888,Forecasting,4,Phase 4+,0.05,0.05000000075
1112,2022-10-01,MOZ,2889,Forecasting,4,Phase 4+,0,0.05000000075
1113,2022-10-01,MOZ,2890,Forecasting,4,Phase 4+,0,0.05999999866
1114,2022-10-01,MOZ,2891,Forecasting,4,Phase 4+,0,0.05999999866
1124,2022-10-01,MOZ,2899,Forecasting,4,Phase 4+,0,0.05999999866
1128,2022-10-01,MOZ,2903,Forecasting,4,Phase 4+,0,0.05999999866
1131,2022-10-01,MOZ,2911,Forecasting,4,Phase 4+,0.05,0.05999999866
1145,2022-10-01,MOZ,2919,Forecasting,4,Phase 4+,0.05,0.05999999866
1146,2022-10-01,MOZ,2921,Forecasting,4,Phase 4+,0.05,0.05999999866
1148,2022-10-01,MOZ,2922,Forecasting,4,Phase 4+,0.15,0.05999999866
1150,2022-10-01,MOZ,2923,Forecasting,4,Phase 4+,0.15,0.05999999866
1151,2022-10-01,MOZ,2926,Forecasting,4,Phase 4+,0.05,0.05999999866
1152,2022-10-01,MOZ,2929,Forecasting,4,Phase 4+,0.05,0.05000000075
1154,2022-10-01,MOZ,2933,Forecasting,4,Phase 4+,0.05,0.05000000075
1157,2022-02-01,KEN,2943,Forecasting,4,Phase 4+,0.05,0.05000000075
1157,2022-07-01,KEN,2944,Forecasting,4,Phase 4+,0.1,0.05000000075
1157,2022-10-01,KEN,2945,Forecasting,4,Phase 4+,0,0.07999999821
1158,2022-02-01,KEN,2953,Forecasting,4,Phase 4+,0.05,0.05000000075
1158,2022-07-01,KEN,2954,Forecasting,4,Phase 4+,0.1,0.05000000075
1158,2022-10-01,KEN,2955,Forecasting,4,Phase 4+,0,0.07999999821
1160,2022-01-01,KEN,2967,Forecasting,4,Phase 4+,0.04,0.05000000075
1160,2022-02-01,KEN,2968,Forecasting,4,Phase 4+,0.05,0.05000000075
1160,2022-05-01,KEN,2969,Forecasting,4,Phase 4+,0.13,0.05999999866
1160,2022-07-01,KEN,2970,Forecasting,4,Phase 4+,0.15,0.05000000075
1160,2022-10-01,KEN,2971,Forecasting,4,Phase 4+,0,0.0700000003
1161,2022-01-01,KEN,2983,Forecasting,4,Phase 4+,0.04,0.05000000075
1161,2022-02-01,KEN,2984,Forecasting,4,Phase 4+,0.05,0.05000000075
1161,2022-05-01,KEN,2985,Forecasting,4,Phase 4+,0.13,0.05999999866
1161,2022-07-01,KEN,2986,Forecasting,4,Phase 4+,0.15,0.05000000075
1161,2022-10-01,KEN,2987,Forecasting,4,Phase 4+,0,0.0700000003
1173,2022-01-01,KEN,2997,Forecasting,4,Phase 4+,0,0.05999999866
1173,2022-02-01,KEN,2998,Forecasting,4,Phase 4+,0.1,0.05999999866
1173,2022-07-01,KEN,2999,Forecasting,4,Phase 4+,0.15,0.05000000075
1173,2022-10-01,KEN,3000,Forecasting,4,Phase 4+,0,0.07999999821
1182,2022-01-01,SOM,3020,Forecasting,4,Phase 4+,0.04,0.03999999911
1182,2022-05-01,SOM,3021,Forecasting,4,Phase 4+,0.13,0.05000000075
1182,2022-10-01,SOM,3022,Forecasting,4,Phase 4+,0,0.05999999866
1183,2022-01-01,SOM,3028,Forecasting,4,Phase 4+,0,0.05000000075
1183,2022-02-01,SOM,3029,Forecasting,4,Phase 4+,0.1,0.05000000075
1184,2022-01-01,SOM,3035,Forecasting,4,Phase 4+,0,0.05000000075
1184,2022-02-01,SOM,3036,Forecasting,4,Phase 4+,0.1,0.05000000075
1188,2022-01-01,SOM,3048,Forecasting,4,Phase 4+,0,0.03999999911
1188,2022-02-01,SOM,3049,Forecasting,4,Phase 4+,0.1,0.05000000075
1188,2022-05-01,SOM,3050,Forecasting,4,Phase 4+,0.13,0.05000000075
1188,2022-07-01,SOM,3051,Forecasting,4,Phase 4+,0.05,0.05999999866
1189,2022-01-01,SOM,3058,Forecasting,4,Phase 4+,0,0.05000000075
1189,2022-02-01,SOM,3059,Forecasting,4,Phase 4+,0.1,0.05000000075
1189,2022-10-01,SOM,3060,Forecasting,4,Phase 4+,0,0.05999999866
1190,2022-01-01,SOM,3069,Forecasting,4,Phase 4+,0.04,0.03999999911
1190,2022-05-01,SOM,3070,Forecasting,4,Phase 4+,0.13,0.05000000075
1190,2022-07-01,SOM,3071,Forecasting,4,Phase 4+,0.05,0.0700000003
1190,2022-10-01,SOM,3072,Forecasting,4,Phase 4+,0.05,0.07999999821
1192,2022-10-01,ETH,3077,Forecasting,4,Phase 4+,0,0.1000000015
1195,2022-01-01,SOM,3089,Forecasting,4,Phase 4+,0.04,0.03999999911
1195,2022-05-01,SOM,3090,Forecasting,4,Phase 4+,0.13,0.05000000075
1195,2022-07-01,SOM,3091,Forecasting,4,Phase 4+,0.05,0.0700000003
1195,2022-10-01,SOM,3092,Forecasting,4,Phase 4+,0.05,0.0700000003
1196,2022-01-01,SOM,3104,Forecasting,4,Phase 4+,0,0.03999999911
1196,2022-02-01,SOM,3105,Forecasting,4,Phase 4+,0.1,0.03999999911
1196,2022-05-01,SOM,3106,Forecasting,4,Phase 4+,0.13,0.05000000075
1196,2022-07-01,SOM,3107,Forecasting,4,Phase 4+,0.05,0.0700000003
1196,2022-10-01,SOM,3108,Forecasting,4,Phase 4+,0,0.0700000003
1197,2022-01-01,SOM,3120,Forecasting,4,Phase 4+,0,0.03999999911
1197,2022-02-01,SOM,3121,Forecasting,4,Phase 4+,0.1,0.03999999911
1197,2022-05-01,SOM,3122,Forecasting,4,Phase 4+,0.13,0.05000000075
1197,2022-07-01,SOM,3123,Forecasting,4,Phase 4+,0.05,0.0700000003
1197,2022-10-01,SOM,3124,Forecasting,4,Phase 4+,0,0.0700000003
1200,2022-10-01,SOM,3133,Forecasting,4,Phase 4+,0.15,0.07999999821
1203,2022-02-01,SOM,3138,Forecasting,4,Phase 4+,0.1,0.05999999866
1203,2022-10-01,SOM,3139,Forecasting,4,Phase 4+,0.1,0.0700000003
1204,2022-02-01,SOM,3144,Forecasting,4,Phase 4+,0.1,0.05999999866
1204,2022-10-01,SOM,3145,Forecasting,4,Phase 4+,0.05,0.07999999821
1207,2022-01-01,SOM,3152,Forecasting,4,Phase 4+,0,0.03999999911
1207,2022-05-01,SOM,3153,Forecasting,4,Phase 4+,0.13,0.05000000075
1207,2022-07-01,SOM,3154,Forecasting,4,Phase 4+,0.05,0.0700000003
1210,2022-07-01,ETH,3156,Forecasting,4,Phase 4+,0,0.09000000358
1211,2022-01-01,SOM,3166,Forecasting,4,Phase 4+,0,0.05000000075
1211,2022-05-01,SOM,3167,Forecasting,4,Phase 4+,0.13,0.05000000075
1211,2022-07-01,SOM,3168,Forecasting,4,Phase 4+,0.05,0.07999999821
1212,2022-10-01,SOM,3171,Forecasting,4,Phase 4+,0,0.0700000003
1214,2022-05-01,SOM,3179,Forecasting,4,Phase 4+,0.13,0.05999999866
1214,2022-07-01,SOM,3180,Forecasting,4,Phase 4+,0.05,0.0700000003
1214,2022-10-01,SOM,3181,Forecasting,4,Phase 4+,0.05,0.07999999821
1215,2022-10-01,DJI,3183,Forecasting,4,Phase 4+,0,0.1099999994
1216,2022-01-01,SOM,3190,Forecasting,4,Phase 4+,0.04,0.05000000075
1216,2022-10-01,SOM,3191,Forecasting,4,Phase 4+,0,0.05999999866
1217,2022-01-01,SOM,3198,Forecasting,4,Phase 4+,0.04,0.05000000075
1217,2022-10-01,SOM,3199,Forecasting,4,Phase 4+,0,0.05999999866
1220,2022-01-01,SOM,3213,Forecasting,4,Phase 4+,0.04,0.03999999911
1220,2022-05-01,SOM,3214,Forecasting,4,Phase 4+,0.13,0.05000000075
1220,2022-07-01,SOM,3215,Forecasting,4,Phase 4+,0,0.0700000003
1220,2022-10-01,SOM,3216,Forecasting,4,Phase 4+,0,0.0700000003
1222,2022-05-01,SOM,3224,Forecasting,4,Phase 4+,0.13,0.05999999866
1222,2022-07-01,SOM,3225,Forecasting,4,Phase 4+,0.05,0.07999999821
1222,2022-10-01,SOM,3226,Forecasting,4,Phase 4+,0,0.09000000358
1223,2022-01-01,SOM,3233,Forecasting,4,Phase 4+,0.04,0.03999999911
1223,2022-07-01,SOM,3234,Forecasting,4,Phase 4+,0,0.05000000075
1223,2022-10-01,SOM,3235,Forecasting,4,Phase 4+,0,0.05999999866
1226,2022-01-01,SOM,3249,Forecasting,4,Phase 4+,0.04,0.03999999911
1226,2022-07-01,SOM,3250,Forecasting,4,Phase 4+,0,0.0700000003
1226,2022-10-01,SOM,3251,Forecasting,4,Phase 4+,0,0.05999999866
1227,2022-01-01,SOM,3258,Forecasting,4,Phase 4+,0.01,0.03999999911
1228,2022-01-01,SOM,3265,Forecasting,4,Phase 4+,0.01,0.03999999911
1228,2022-05-01,SOM,3266,Forecasting,4,Phase 4+,0.21,0.05000000075
1231,2022-01-01,SOM,3275,Forecasting,4,Phase 4+,0.01,0.03999999911
1231,2022-05-01,SOM,3276,Forecasting,4,Phase 4+,0.21,0.05000000075
1231,2022-10-01,SOM,3277,Forecasting,4,Phase 4+,0.15,0.05000000075
1234,2022-10-01,ETH,3283,Forecasting,4,Phase 4+,0,0.07999999821
1238,2022-01-01,SOM,3290,Forecasting,4,Phase 4+,0.05,0.05999999866
1238,2022-07-01,SOM,3291,Forecasting,4,Phase 4+,0,0.0700000003
1238,2022-10-01,SOM,3292,Forecasting,4,Phase 4+,0,0.07999999821
1241,2022-01-01,SOM,3302,Forecasting,4,Phase 4+,0.04,0.05000000075
1241,2022-10-01,SOM,3303,Forecasting,4,Phase 4+,0.05,0.0700000003
1243,2022-05-01,SOM,3306,Forecasting,4,Phase 4+,0.21,0.05000000075
1249,2022-01-01,SOM,3312,Forecasting,4,Phase 4+,0.01,0.07999999821
1249,2022-03-01,SOM,3313,Forecasting,4,Phase 4+,0.05,0.07999999821
1249,2022-05-01,SOM,3314,Forecasting,4,Phase 4+,0.03,0.0700000003
1252,2022-01-01,SOM,3321,Forecasting,4,Phase 4+,0.01,0.07999999821
1252,2022-03-01,SOM,3322,Forecasting,4,Phase 4+,0.05,0.1000000015
1252,2022-05-01,SOM,3323,Forecasting,4,Phase 4+,0.03,0.0700000003
1254,2022-01-01,SOM,3327,Forecasting,4,Phase 4+,0.05,0.05999999866
1254,2022-05-01,SOM,3328,Forecasting,4,Phase 4+,0.18,0.05999999866
1254,2022-07-01,SOM,3329,Forecasting,4,Phase 4+,0.1,0.0700000003
1254,2022-10-01,SOM,3330,Forecasting,4,Phase 4+,0.1,0.05999999866
1255,2022-10-01,SOM,3335,Forecasting,4,Phase 4+,0,0.0700000003
1256,2022-10-01,ETH,3337,Forecasting,4,Phase 4+,0.1,0.07999999821
1257,2022-05-01,SOM,3340,Forecasting,4,Phase 4+,0.18,0.05999999866
1257,2022-10-01,SOM,3341,Forecasting,4,Phase 4+,0.1,0.05999999866
1276,2022-01-01,SOM,3372,Forecasting,4,Phase 4+,0.05,0.05999999866
1276,2022-05-01,SOM,3373,Forecasting,4,Phase 4+,0.18,0.05999999866
1276,2022-07-01,SOM,3374,Forecasting,4,Phase 4+,0.1,0.0700000003
1276,2022-10-01,SOM,3375,Forecasting,4,Phase 4+,0.1,0.07999999821
1284,2022-01-01,SOM,3387,Forecasting,4,Phase 4+,0.05,0.05999999866
1284,2022-05-01,SOM,3388,Forecasting,4,Phase 4+,0.18,0.05999999866
1284,2022-07-01,SOM,3389,Forecasting,4,Phase 4+,0.35,0.0700000003
1284,2022-10-01,SOM,3390,Forecasting,4,Phase 4+,0.35,0.07999999821
1293,2022-01-01,SOM,3405,Forecasting,4,Phase 4+,0.01,0.03999999911
1293,2022-05-01,SOM,3406,Forecasting,4,Phase 4+,0.21,0.05000000075
1293,2022-07-01,SOM,3407,Forecasting,4,Phase 4+,0.5,0.05000000075
1293,2022-10-01,SOM,3408,Forecasting,4,Phase 4+,0.5,0.05999999866
1298,2022-03-01,YEM,3417,Forecasting,4,Phase 4+,0,0.1599999964
1308,2022-01-01,SOM,3431,Forecasting,4,Phase 4+,0.01,0.03999999911
1308,2022-05-01,SOM,3432,Forecasting,4,Phase 4+,0.21,0.05000000075
1308,2022-07-01,SOM,3433,Forecasting,4,Phase 4+,0.4,0.05999999866
1308,2022-10-01,SOM,3434,Forecasting,4,Phase 4+,0.4,0.0700000003
1309,2022-01-01,SOM,3443,Forecasting,4,Phase 4+,0.01,0.03999999911
1309,2022-05-01,SOM,3444,Forecasting,4,Phase 4+,0.21,0.05000000075
1309,2022-07-01,SOM,3445,Forecasting,4,Phase 4+,0.4,0.05999999866
1309,2022-10-01,SOM,3446,Forecasting,4,Phase 4+,0.4,0.0700000003
1324,2022-01-01,SOM,3462,Forecasting,4,Phase 4+,0.01,0.03999999911
1324,2022-05-01,SOM,3463,Forecasting,4,Phase 4+,0.21,0.05000000075
1324,2022-07-01,SOM,3464,Forecasting,4,Phase 4+,0.5,0.0700000003
1324,2022-10-01,SOM,3465,Forecasting,4,Phase 4+,0.5,0.0700000003
1326,2022-05-01,ETH,3469,Forecasting,4,Phase 4+,0.18,0.05999999866
1326,2022-07-01,ETH,3470,Forecasting,4,Phase 4+,0.1,0.09000000358
1327,2022-07-01,ETH,3473,Forecasting,4,Phase 4+,0.1,0.09000000358
1329,2022-03-01,YEM,3477,Forecasting,4,Phase 4+,0,0.1700000018
1351,2022-01-01,SOM,3495,Forecasting,4,Phase 4+,0.01,0.03999999911
1351,2022-05-01,SOM,3496,Forecasting,4,Phase 4+,0.03,0.05000000075
1351,2022-07-01,SOM,3497,Forecasting,4,Phase 4+,0,0.0700000003
1351,2022-10-01,SOM,3498,Forecasting,4,Phase 4+,0,0.0700000003
1354,2022-01-01,SOM,3503,Forecasting,4,Phase 4+,0.01,0.03999999911
1354,2022-05-01,SOM,3504,Forecasting,4,Phase 4+,0.03,0.05000000075
1354,2022-07-01,SOM,3505,Forecasting,4,Phase 4+,0,0.0700000003
1354,2022-10-01,SOM,3506,Forecasting,4,Phase 4+,0,0.0700000003
1357,2022-01-01,SOM,3515,Forecasting,4,Phase 4+,0.05,0.05999999866
1357,2022-05-01,SOM,3516,Forecasting,4,Phase 4+,0.18,0.05999999866
1357,2022-07-01,SOM,3517,Forecasting,4,Phase 4+,0.35,0.07999999821
1357,2022-10-01,SOM,3518,Forecasting,4,Phase 4+,0.1,0.07999999821
1358,2022-03-01,YEM,3522,Forecasting,4,Phase 4+,0,0.1599999964
1361,2022-01-01,SOM,3532,Forecasting,4,Phase 4+,0.05,0.05999999866
1361,2022-05-01,SOM,3533,Forecasting,4,Phase 4+,0.18,0.05999999866
1361,2022-07-01,SOM,3534,Forecasting,4,Phase 4+,0.35,0.07999999821
1361,2022-10-01,SOM,3535,Forecasting,4,Phase 4+,0.1,0.07999999821
1366,2022-03-01,YEM,3540,Forecasting,4,Phase 4+,0,0.1299999952
1367,2022-01-01,SOM,3551,Forecasting,4,Phase 4+,0.05,0.0700000003
1367,2022-05-01,SOM,3552,Forecasting,4,Phase 4+,0.18,0.0700000003
1367,2022-07-01,SOM,3553,Forecasting,4,Phase 4+,0.35,0.09000000358
1367,2022-10-01,SOM,3554,Forecasting,4,Phase 4+,0.1,0.09000000358
1368,2022-01-01,SOM,3565,Forecasting,4,Phase 4+,0.05,0.0700000003
1368,2022-05-01,SOM,3566,Forecasting,4,Phase 4+,0.18,0.0700000003
1368,2022-07-01,SOM,3567,Forecasting,4,Phase 4+,0.35,0.09000000358
1368,2022-10-01,SOM,3568,Forecasting,4,Phase 4+,0.1,0.09000000358
1374,2022-03-01,YEM,3577,Forecasting,4,Phase 4+,0,0.1599999964
1375,2022-03-01,YEM,3578,Forecasting,4,Phase 4+,0,0.1199999973
1375,2022-07-01,YEM,3579,Forecasting,4,Phase 4+,0.05,0.1199999973
1376,2022-05-01,SOM,3582,Forecasting,4,Phase 4+,0.21,0.05000000075
1378,2022-05-01,SOM,3586,Forecasting,4,Phase 4+,0.18,0.0700000003
1378,2022-07-01,SOM,3587,Forecasting,4,Phase 4+,0,0.0700000003
1379,2022-05-01,SOM,3591,Forecasting,4,Phase 4+,0.18,0.0700000003
1379,2022-07-01,SOM,3592,Forecasting,4,Phase 4+,0,0.0700000003
1380,2022-01-01,SOM,3599,Forecasting,4,Phase 4+,0.01,0.03999999911
1380,2022-05-01,SOM,3600,Forecasting,4,Phase 4+,0.21,0.05000000075
1380,2022-07-01,SOM,3601,Forecasting,4,Phase 4+,0.4,0.05000000075
1381,2022-03-01,YEM,3606,Forecasting,4,Phase 4+,0,0.1599999964
1382,2022-03-01,YEM,3610,Forecasting,4,Phase 4+,0,0.1599999964
1383,2022-05-01,SOM,3614,Forecasting,4,Phase 4+,0.18,0.05999999866
1384,2022-03-01,YEM,3619,Forecasting,4,Phase 4+,0,0.1299999952
1390,2022-03-01,YEM,3627,Forecasting,4,Phase 4+,0,0.1299999952
1397,2022-05-01,SOM,3634,Forecasting,4,Phase 4+,0.04,0.05999999866
1397,2022-07-01,SOM,3635,Forecasting,4,Phase 4+,0.1,0.1000000015
1400,2022-03-01,YEM,3640,Forecasting,4,Phase 4+,0,0.1299999952
1420,2022-03-01,YEM,3674,Forecasting,4,Phase 4+,0,0.1299999952
1422,2022-05-01,SOM,3681,Forecasting,4,Phase 4+,0.04,0.05999999866
1422,2022-07-01,SOM,3682,Forecasting,4,Phase 4+,0.1,0.0700000003
1429,2022-01-01,SOM,3696,Forecasting,4,Phase 4+,0.01,0.03999999911
1429,2022-05-01,SOM,3697,Forecasting,4,Phase 4+,0.03,0.05000000075
1429,2022-07-01,SOM,3698,Forecasting,4,Phase 4+,0,0.07999999821
1429,2022-10-01,SOM,3699,Forecasting,4,Phase 4+,0,0.0700000003
1430,2022-01-01,SOM,3708,Forecasting,4,Phase 4+,0.01,0.03999999911
1430,2022-05-01,SOM,3709,Forecasting,4,Phase 4+,0.03,0.05000000075
1430,2022-07-01,SOM,3710,Forecasting,4,Phase 4+,0,0.07999999821
1430,2022-10-01,SOM,3711,Forecasting,4,Phase 4+,0,0.0700000003
1443,2022-01-01,SOM,3729,Forecasting,4,Phase 4+,0.01,0.03999999911
1443,2022-05-01,SOM,3730,Forecasting,4,Phase 4+,0.03,0.05000000075
1443,2022-07-01,SOM,3731,Forecasting,4,Phase 4+,0,0.07999999821
1443,2022-10-01,SOM,3732,Forecasting,4,Phase 4+,0,0.07999999821
1446,2022-03-01,YEM,3736,Forecasting,4,Phase 4+,0,0.1299999952
1448,2022-11-01,MDG,3738,Forecasting,4,Phase 4+,0.1,0.05999999866
1449,2022-11-01,MDG,3740,Forecasting,4,Phase 4+,0.1,0.05999999866
1454,2022-03-01,YEM,3750,Forecasting,4,Phase 4+,0,0.1299999952
1461,2022-05-01,SOM,3769,Forecasting,4,Phase 4+,0.04,0.05999999866
1461,2022-07-01,SOM,3770,Forecasting,4,Phase 4+,0.05,0.0700000003
1462,2022-05-01,SOM,3777,Forecasting,4,Phase 4+,0.04,0.05999999866
1462,2022-07-01,SOM,3778,Forecasting,4,Phase 4+,0.05,0.0700000003
1466,2022-01-01,SOM,3791,Forecasting,4,Phase 4+,0.01,0.03999999911
1466,2022-05-01,SOM,3792,Forecasting,4,Phase 4+,0.03,0.05000000075
1466,2022-07-01,SOM,3793,Forecasting,4,Phase 4+,0.05,0.05000000075
1466,2022-10-01,SOM,3794,Forecasting,4,Phase 4+,0,0.05000000075
1475,2022-01-01,SOM,3815,Forecasting,4,Phase 4+,0.01,0.03999999911
1475,2022-05-01,SOM,3816,Forecasting,4,Phase 4+,0.03,0.05000000075
1475,2022-07-01,SOM,3817,Forecasting,4,Phase 4+,0.05,0.05000000075
1475,2022-10-01,SOM,3818,Forecasting,4,Phase 4+,0,0.05000000075
1480,2022-01-01,SOM,3836,Forecasting,4,Phase 4+,0.01,0.03999999911
1480,2022-05-01,SOM,3837,Forecasting,4,Phase 4+,0.03,0.05000000075
1480,2022-07-01,SOM,3838,Forecasting,4,Phase 4+,0,0.0700000003
1481,2022-01-01,SOM,3847,Forecasting,4,Phase 4+,0.01,0.03999999911
1481,2022-05-01,SOM,3848,Forecasting,4,Phase 4+,0.03,0.05000000075
1481,2022-07-01,SOM,3849,Forecasting,4,Phase 4+,0,0.0700000003
1481,2022-10-01,SOM,3850,Forecasting,4,Phase 4+,0,0.0700000003
1495,2022-01-01,SOM,3873,Forecasting,4,Phase 4+,0.01,0.03999999911
1495,2022-10-01,SOM,3874,Forecasting,4,Phase 4+,0,0.05000000075
1503,2022-01-01,SOM,3888,Forecasting,4,Phase 4+,0.01,0.03999999911
1503,2022-10-01,SOM,3889,Forecasting,4,Phase 4+,0,0.05000000075
1506,2022-01-01,YEM,3896,Forecasting,4,Phase 4+,0.18,0.1000000015
1510,2022-01-01,YEM,3904,Forecasting,4,Phase 4+,0.18,0.09000000358
1515,2022-01-01,YEM,3911,Forecasting,4,Phase 4+,0.18,0.09000000358
1518,2022-01-01,SOM,3927,Forecasting,4,Phase 4+,0.01,0.03999999911
1518,2022-05-01,SOM,3928,Forecasting,4,Phase 4+,0.03,0.05000000075
1518,2022-07-01,SOM,3929,Forecasting,4,Phase 4+,0.05,0.05000000075
1518,2022-10-01,SOM,3930,Forecasting,4,Phase 4+,0,0.05000000075
1519,2022-01-01,YEM,3932,Forecasting,4,Phase 4+,0.18,0.1099999994
1520,2022-01-01,YEM,3935,Forecasting,4,Phase 4+,0.18,0.1000000015
1522,2022-01-01,SOM,3944,Forecasting,4,Phase 4+,0.01,0.03999999911
1522,2022-05-01,SOM,3945,Forecasting,4,Phase 4+,0.03,0.05000000075
1522,2022-07-01,SOM,3946,Forecasting,4,Phase 4+,0,0.05000000075
1522,2022-10-01,SOM,3947,Forecasting,4,Phase 4+,0,0.05000000075
1528,2022-01-01,SOM,3961,Forecasting,4,Phase 4+,0.03,0.05000000075
1528,2022-05-01,SOM,3962,Forecasting,4,Phase 4+,0.09,0.05999999866
1528,2022-07-01,SOM,3963,Forecasting,4,Phase 4+,0.05,0.0700000003
1528,2022-10-01,SOM,3964,Forecasting,4,Phase 4+,0.05,0.0700000003
1534,2022-01-01,YEM,3969,Forecasting,4,Phase 4+,0.18,0.09000000358
1536,2022-01-01,YEM,3977,Forecasting,4,Phase 4+,0.18,0.09000000358
1540,2022-01-01,SOM,3990,Forecasting,4,Phase 4+,0.03,0.05999999866
1540,2022-05-01,SOM,3991,Forecasting,4,Phase 4+,0.09,0.05999999866
1540,2022-07-01,SOM,3992,Forecasting,4,Phase 4+,0.05,0.05999999866
1540,2022-10-01,SOM,3993,Forecasting,4,Phase 4+,0.05,0.05999999866
1541,2022-01-01,YEM,3994,Forecasting,4,Phase 4+,0.18,0.1099999994
1542,2022-01-01,YEM,3997,Forecasting,4,Phase 4+,0.18,0.09000000358
1551,2022-01-01,SOM,4019,Forecasting,4,Phase 4+,0.01,0.03999999911
1551,2022-05-01,SOM,4020,Forecasting,4,Phase 4+,0.03,0.05000000075
1551,2022-07-01,SOM,4021,Forecasting,4,Phase 4+,0.1,0.05000000075
1551,2022-10-01,SOM,4022,Forecasting,4,Phase 4+,0,0.05999999866
1553,2022-01-01,SOM,4031,Forecasting,4,Phase 4+,0.01,0.03999999911
1553,2022-05-01,SOM,4032,Forecasting,4,Phase 4+,0.03,0.05000000075
1553,2022-07-01,SOM,4033,Forecasting,4,Phase 4+,0.05,0.05000000075
1553,2022-10-01,SOM,4034,Forecasting,4,Phase 4+,0,0.05999999866
1558,2022-01-01,SOM,4045,Forecasting,4,Phase 4+,0.03,0.0700000003
1558,2022-05-01,SOM,4046,Forecasting,4,Phase 4+,0.09,0.0700000003
1558,2022-07-01,SOM,4047,Forecasting,4,Phase 4+,0.2,0.09000000358
1558,2022-10-01,SOM,4048,Forecasting,4,Phase 4+,0.15,0.09000000358
1559,2022-01-01,SOM,4057,Forecasting,4,Phase 4+,0.03,0.0700000003
1559,2022-05-01,SOM,4058,Forecasting,4,Phase 4+,0.09,0.0700000003
1559,2022-07-01,SOM,4059,Forecasting,4,Phase 4+,0.2,0.09000000358
1559,2022-10-01,SOM,4060,Forecasting,4,Phase 4+,0.15,0.09000000358
1561,2022-01-01,SOM,4071,Forecasting,4,Phase 4+,0.01,0.03999999911
1561,2022-05-01,SOM,4072,Forecasting,4,Phase 4+,0.08,0.05000000075
1561,2022-07-01,SOM,4073,Forecasting,4,Phase 4+,0.05,0.05000000075
1561,2022-10-01,SOM,4074,Forecasting,4,Phase 4+,0,0.05000000075
1562,2022-05-01,SOM,4083,Forecasting,4,Phase 4+,0.09,0.05999999866
1562,2022-07-01,SOM,4084,Forecasting,4,Phase 4+,0.05,0.0700000003
1562,2022-10-01,SOM,4085,Forecasting,4,Phase 4+,0.05,0.0700000003
1563,2022-07-01,SOM,4092,Forecasting,4,Phase 4+,0.05,0.0700000003
1563,2022-10-01,SOM,4093,Forecasting,4,Phase 4+,0.05,0.0700000003
1566,2022-01-01,SOM,4107,Forecasting,4,Phase 4+,0.01,0.03999999911
1566,2022-05-01,SOM,4108,Forecasting,4,Phase 4+,0.08,0.05000000075
1566,2022-07-01,SOM,4109,Forecasting,4,Phase 4+,0.1,0.05000000075
1566,2022-10-01,SOM,4110,Forecasting,4,Phase 4+,0.1,0.05000000075
1567,2022-01-01,YEM,4113,Forecasting,4,Phase 4+,0.18,0.09000000358
1568,2022-01-01,YEM,4114,Forecasting,4,Phase 4+,0.18,0.1199999973
1569,2022-05-01,SOM,4122,Forecasting,4,Phase 4+,0.08,0.05000000075
1569,2022-10-01,SOM,4123,Forecasting,4,Phase 4+,0.05,0.0700000003
1570,2022-05-01,SOM,4131,Forecasting,4,Phase 4+,0.08,0.05000000075
1570,2022-10-01,SOM,4132,Forecasting,4,Phase 4+,0.05,0.0700000003
1571,2022-01-01,SOM,4141,Forecasting,4,Phase 4+,0.01,0.03999999911
1571,2022-05-01,SOM,4142,Forecasting,4,Phase 4+,0.03,0.05000000075
1571,2022-07-01,SOM,4143,Forecasting,4,Phase 4+,0.1,0.05999999866
1571,2022-10-01,SOM,4144,Forecasting,4,Phase 4+,0.1,0.05999999866
1573,2022-01-01,YEM,4148,Forecasting,4,Phase 4+,0.18,0.09000000358
1574,2022-01-01,SOM,4154,Forecasting,4,Phase 4+,0.02,0.0700000003
1574,2022-10-01,SOM,4155,Forecasting,4,Phase 4+,0.15,0.09000000358
1575,2022-01-01,SOM,4161,Forecasting,4,Phase 4+,0.02,0.0700000003
1575,2022-10-01,SOM,4162,Forecasting,4,Phase 4+,0.15,0.09000000358
1576,2022-01-01,YEM,4166,Forecasting,4,Phase 4+,0.18,0.1000000015
1578,2022-01-01,SOM,4177,Forecasting,4,Phase 4+,0.03,0.05999999866
1578,2022-05-01,SOM,4178,Forecasting,4,Phase 4+,0.09,0.05999999866
1578,2022-07-01,SOM,4179,Forecasting,4,Phase 4+,0.1,0.07999999821
1578,2022-10-01,SOM,4180,Forecasting,4,Phase 4+,0.1,0.07999999821
1580,2022-04-01,MDG,4183,Forecasting,4,Phase 4+,0.05,0.05999999866
1580,2022-11-01,MDG,4184,Forecasting,4,Phase 4+,0.05,0.05999999866
1581,2022-04-01,MDG,4186,Forecasting,4,Phase 4+,0.05,0.0700000003
1581,2022-11-01,MDG,4187,Forecasting,4,Phase 4+,0.05,0.05999999866
1582,2022-04-01,MDG,4189,Forecasting,4,Phase 4+,0.05,0.0700000003
1582,2022-11-01,MDG,4190,Forecasting,4,Phase 4+,0.05,0.05999999866
1584,2022-01-01,YEM,4197,Forecasting,4,Phase 4+,0.18,0.09000000358
1586,2022-01-01,YEM,4203,Forecasting,4,Phase 4+,0.18,0.09000000358
1588,2022-05-01,SOM,4210,Forecasting,4,Phase 4+,0.08,0.05000000075
1589,2022-01-01,SOM,4211,Forecasting,4,Phase 4+,0.01,0.03999999911
1590,2022-04-01,MDG,4215,Forecasting,4,Phase 4+,0,0.0700000003
1591,2022-04-01,MDG,4219,Forecasting,4,Phase 4+,0,0.0700000003
1592,2022-01-01,YEM,4223,Forecasting,4,Phase 4+,0.18,0.09000000358
1594,2022-01-01,YEM,4227,Forecasting,4,Phase 4+,0.18,0.09000000358
1595,2022-01-01,SOM,4236,Forecasting,4,Phase 4+,0.01,0.03999999911
1595,2022-05-01,SOM,4237,Forecasting,4,Phase 4+,0.08,0.05000000075
1595,2022-07-01,SOM,4238,Forecasting,4,Phase 4+,0.1,0.07999999821
1595,2022-10-01,SOM,4239,Forecasting,4,Phase 4+,0.1,0.0700000003
1596,2022-01-01,SOM,4248,Forecasting,4,Phase 4+,0.01,0.03999999911
1596,2022-05-01,SOM,4249,Forecasting,4,Phase 4+,0.08,0.05000000075
1596,2022-07-01,SOM,4250,Forecasting,4,Phase 4+,0.1,0.07999999821
1596,2022-10-01,SOM,4251,Forecasting,4,Phase 4+,0.1,0.0700000003
1600,2022-01-01,SOM,4260,Forecasting,4,Phase 4+,0.02,0.05000000075
1600,2022-05-01,SOM,4261,Forecasting,4,Phase 4+,0.08,0.05999999866
1600,2022-07-01,SOM,4262,Forecasting,4,Phase 4+,0.1,0.07999999821
1600,2022-10-01,SOM,4263,Forecasting,4,Phase 4+,0.1,0.05999999866
1603,2022-01-01,YEM,4265,Forecasting,4,Phase 4+,0.18,0.09000000358
1604,2022-07-01,SOM,4266,Forecasting,4,Phase 4+,0.1,0.07999999821
1605,2022-07-01,SOM,4273,Forecasting,4,Phase 4+,0.1,0.07999999821
1605,2022-10-01,SOM,4274,Forecasting,4,Phase 4+,0.1,0.0700000003
1608,2022-01-01,SOM,4283,Forecasting,4,Phase 4+,0.02,0.05000000075
1608,2022-05-01,SOM,4284,Forecasting,4,Phase 4+,0.08,0.05999999866
1608,2022-07-01,SOM,4285,Forecasting,4,Phase 4+,0.1,0.07999999821
1608,2022-10-01,SOM,4286,Forecasting,4,Phase 4+,0.1,0.07999999821
1609,2022-07-01,SOM,4293,Forecasting,4,Phase 4+,0.1,0.07999999821
1609,2022-10-01,SOM,4294,Forecasting,4,Phase 4+,0.1,0.07999999821
1622,2022-01-01,SOM,4319,Forecasting,4,Phase 4+,0.06,0.0700000003
1622,2022-10-01,SOM,4320,Forecasting,4,Phase 4+,0.15,0.07999999821
1623,2022-01-01,SOM,4323,Forecasting,4,Phase 4+,0.06,0.0700000003
1623,2022-10-01,SOM,4324,Forecasting,4,Phase 4+,0.15,0.07999999821
1624,2022-01-01,SOM,4332,Forecasting,4,Phase 4+,0.02,0.05000000075
1624,2022-05-01,SOM,4333,Forecasting,4,Phase 4+,0.08,0.05999999866
1624,2022-07-01,SOM,4334,Forecasting,4,Phase 4+,0.15,0.05999999866
1624,2022-10-01,SOM,4335,Forecasting,4,Phase 4+,0.15,0.07999999821
1629,2022-01-01,SOM,4355,Forecasting,4,Phase 4+,0.02,0.05000000075
1629,2022-05-01,SOM,4356,Forecasting,4,Phase 4+,0.08,0.05999999866
1629,2022-07-01,SOM,4357,Forecasting,4,Phase 4+,0.2,0.07999999821
1629,2022-10-01,SOM,4358,Forecasting,4,Phase 4+,0.15,0.07999999821
1633,2022-01-01,YEM,4365,Forecasting,4,Phase 4+,0.18,0.09000000358
1635,2022-07-01,SOM,4367,Forecasting,4,Phase 4+,0.2,0.07999999821
1638,2022-01-01,SOM,4375,Forecasting,4,Phase 4+,0.02,0.05000000075
1638,2022-05-01,SOM,4376,Forecasting,4,Phase 4+,0.08,0.05999999866
1640,2022-01-01,SOM,4388,Forecasting,4,Phase 4+,0.02,0.05000000075
1640,2022-05-01,SOM,4389,Forecasting,4,Phase 4+,0.08,0.05999999866
1640,2022-10-01,SOM,4390,Forecasting,4,Phase 4+,0.15,0.05999999866
1646,2022-01-01,SOM,4395,Forecasting,4,Phase 4+,0.02,0.05000000075
1646,2022-05-01,SOM,4396,Forecasting,4,Phase 4+,0.08,0.05999999866
1648,2022-01-01,YEM,4401,Forecasting,4,Phase 4+,0.18,0.09000000358
1650,2022-05-01,SOM,4406,Forecasting,4,Phase 4+,0.1,0.0700000003
1650,2022-07-01,SOM,4407,Forecasting,4,Phase 4+,0.1,0.0700000003
1650,2022-10-01,SOM,4408,Forecasting,4,Phase 4+,0.1,0.0700000003
1652,2022-01-01,SOM,4410,Forecasting,4,Phase 4+,0.02,0.05000000075
1659,2022-08-01,MDG,4418,Forecasting,4,Phase 4+,0.05,0.05000000075
1660,2022-08-01,MDG,4419,Forecasting,4,Phase 4+,0.05,0.05000000075
1663,2022-01-01,SOM,4429,Forecasting,4,Phase 4+,0.06,0.07999999821
1663,2022-05-01,SOM,4430,Forecasting,4,Phase 4+,0.11,0.09000000358
1663,2022-07-01,SOM,4431,Forecasting,4,Phase 4+,0.1,0.1000000015
1663,2022-10-01,SOM,4432,Forecasting,4,Phase 4+,0.1,0.07999999821
1664,2022-01-01,SOM,4440,Forecasting,4,Phase 4+,0.06,0.07999999821
1664,2022-05-01,SOM,4441,Forecasting,4,Phase 4+,0.11,0.09000000358
1664,2022-07-01,SOM,4442,Forecasting,4,Phase 4+,0.1,0.1000000015
1664,2022-10-01,SOM,4443,Forecasting,4,Phase 4+,0.1,0.07999999821
1665,2022-08-01,MDG,4445,Forecasting,4,Phase 4+,0,0.05000000075
1666,2022-08-01,MDG,4447,Forecasting,4,Phase 4+,0,0.05000000075
1667,2022-01-01,SOM,4455,Forecasting,4,Phase 4+,0.06,0.0700000003
1667,2022-05-01,SOM,4456,Forecasting,4,Phase 4+,0.11,0.07999999821
1667,2022-07-01,SOM,4457,Forecasting,4,Phase 4+,0.1,0.1000000015
1667,2022-10-01,SOM,4458,Forecasting,4,Phase 4+,0.1,0.0700000003
1668,2022-08-01,MDG,4460,Forecasting,4,Phase 4+,0,0.05000000075
1669,2022-08-01,MDG,4462,Forecasting,4,Phase 4+,0,0.05000000075
1670,2022-08-01,MDG,4464,Forecasting,4,Phase 4+,0,0.05000000075
1671,2022-01-01,SOM,4472,Forecasting,4,Phase 4+,0.06,0.0700000003
1671,2022-05-01,SOM,4473,Forecasting,4,Phase 4+,0.11,0.07999999821
1671,2022-07-01,SOM,4474,Forecasting,4,Phase 4+,0.1,0.07999999821
1671,2022-10-01,SOM,4475,Forecasting,4,Phase 4+,0.1,0.0700000003
1672,2022-01-01,YEM,4477,Forecasting,4,Phase 4+,0.18,0.09000000358
1673,2022-10-01,SOM,4484,Forecasting,4,Phase 4+,0.1,0.0700000003
1674,2022-10-01,SOM,4491,Forecasting,4,Phase 4+,0.1,0.0700000003
1675,2022-01-01,SOM,4502,Forecasting,4,Phase 4+,0.02,0.0700000003
1675,2022-05-01,SOM,4503,Forecasting,4,Phase 4+,0.1,0.0700000003
1675,2022-07-01,SOM,4504,Forecasting,4,Phase 4+,0.1,0.1000000015
1675,2022-10-01,SOM,4505,Forecasting,4,Phase 4+,0.1,0.0700000003
1681,2022-10-01,SOM,4515,Forecasting,4,Phase 4+,0.1,0.0700000003
1683,2022-10-01,SOM,4521,Forecasting,4,Phase 4+,0.1,0.0700000003
1686,2022-08-01,MDG,4525,Forecasting,4,Phase 4+,0.05,0.05000000075
1687,2022-08-01,MDG,4526,Forecasting,4,Phase 4+,0.05,0.05000000075
1691,2022-01-01,SOM,4536,Forecasting,4,Phase 4+,0.02,0.0700000003
1691,2022-05-01,SOM,4537,Forecasting,4,Phase 4+,0.1,0.0700000003
1691,2022-07-01,SOM,4538,Forecasting,4,Phase 4+,0.1,0.0700000003
1691,2022-10-01,SOM,4539,Forecasting,4,Phase 4+,0.1,0.0700000003
1692,2022-10-01,SOM,4544,Forecasting,4,Phase 4+,0.1,0.0700000003
1695,2022-01-01,SOM,4555,Forecasting,4,Phase 4+,0.02,0.0700000003
1695,2022-05-01,SOM,4556,Forecasting,4,Phase 4+,0.1,0.0700000003
1695,2022-07-01,SOM,4557,Forecasting,4,Phase 4+,0.15,0.09000000358
1695,2022-10-01,SOM,4558,Forecasting,4,Phase 4+,0.15,0.09000000358
1696,2022-01-01,SOM,4567,Forecasting,4,Phase 4+,0.02,0.0700000003
1696,2022-05-01,SOM,4568,Forecasting,4,Phase 4+,0.1,0.0700000003
1696,2022-07-01,SOM,4569,Forecasting,4,Phase 4+,0.15,0.09000000358
1696,2022-10-01,SOM,4570,Forecasting,4,Phase 4+,0.15,0.09000000358
1698,2022-05-01,SOM,4575,Forecasting,4,Phase 4+,0.1,0.05000000075
1698,2022-10-01,SOM,4576,Forecasting,4,Phase 4+,0.15,0.05999999866
1702,2022-10-01,SOM,4581,Forecasting,4,Phase 4+,0.1,0.0700000003
1712,2022-01-01,SOM,4593,Forecasting,4,Phase 4+,0.05,0.0700000003
1712,2022-05-01,SOM,4594,Forecasting,4,Phase 4+,0.1,0.07999999821
1712,2022-10-01,SOM,4595,Forecasting,4,Phase 4+,0.1,0.07999999821
1715,2022-01-01,SOM,4605,Forecasting,4,Phase 4+,0.05,0.0700000003
1715,2022-05-01,SOM,4606,Forecasting,4,Phase 4+,0.1,0.07999999821
1715,2022-10-01,SOM,4607,Forecasting,4,Phase 4+,0.1,0.07999999821
1718,2022-01-01,SOM,4614,Forecasting,4,Phase 4+,0.05,0.07999999821
1718,2022-05-01,SOM,4615,Forecasting,4,Phase 4+,0.1,0.07999999821
1718,2022-10-01,SOM,4616,Forecasting,4,Phase 4+,0.1,0.1099999994
1719,2022-01-01,SOM,4623,Forecasting,4,Phase 4+,0.05,0.07999999821
1719,2022-05-01,SOM,4624,Forecasting,4,Phase 4+,0.1,0.07999999821
1719,2022-10-01,SOM,4625,Forecasting,4,Phase 4+,0.1,0.1099999994
1721,2022-10-01,SOM,4632,Forecasting,4,Phase 4+,0.1,0.0700000003
1727,2022-01-01,SOM,4642,Forecasting,4,Phase 4+,0.04,0.0700000003
1727,2022-05-01,SOM,4643,Forecasting,4,Phase 4+,0.06,0.0700000003
1727,2022-07-01,SOM,4644,Forecasting,4,Phase 4+,0.05,0.0700000003
1727,2022-10-01,SOM,4645,Forecasting,4,Phase 4+,0.05,0.07999999821
1728,2022-01-01,SOM,4654,Forecasting,4,Phase 4+,0.04,0.0700000003
1728,2022-05-01,SOM,4655,Forecasting,4,Phase 4+,0.06,0.0700000003
1728,2022-07-01,SOM,4656,Forecasting,4,Phase 4+,0.05,0.09000000358
1728,2022-10-01,SOM,4657,Forecasting,4,Phase 4+,0.05,0.07999999821
1729,2022-01-01,SOM,4659,Forecasting,4,Phase 4+,0.04,0.0700000003
1729,2022-10-01,SOM,4660,Forecasting,4,Phase 4+,0.1,0.09000000358
1730,2022-01-01,SOM,4662,Forecasting,4,Phase 4+,0.04,0.0700000003
1730,2022-10-01,SOM,4663,Forecasting,4,Phase 4+,0.1,0.09000000358
1736,2022-01-01,SOM,4673,Forecasting,4,Phase 4+,0.04,0.0700000003
1736,2022-05-01,SOM,4674,Forecasting,4,Phase 4+,0.06,0.0700000003
1736,2022-07-01,SOM,4675,Forecasting,4,Phase 4+,0.1,0.1000000015
1736,2022-10-01,SOM,4676,Forecasting,4,Phase 4+,0.1,0.07999999821
1737,2022-01-01,SOM,4685,Forecasting,4,Phase 4+,0.04,0.0700000003
1737,2022-05-01,SOM,4686,Forecasting,4,Phase 4+,0.06,0.0700000003
1737,2022-07-01,SOM,4687,Forecasting,4,Phase 4+,0.1,0.1000000015
1737,2022-10-01,SOM,4688,Forecasting,4,Phase 4+,0.1,0.07999999821
1738,2022-01-01,SOM,4692,Forecasting,4,Phase 4+,0.04,0.0700000003
1738,2022-07-01,SOM,4693,Forecasting,4,Phase 4+,0.05,0.07999999821
1739,2022-01-01,SOM,4697,Forecasting,4,Phase 4+,0.04,0.0700000003
1739,2022-07-01,SOM,4698,Forecasting,4,Phase 4+,0.05,0.07999999821
1740,2022-05-01,SOM,4702,Forecasting,4,Phase 4+,0.06,0.0700000003
1743,2022-05-01,SOM,4707,Forecasting,4,Phase 4+,0.06,0.0700000003
1756,2022-03-01,AFG,4725,Forecasting,4,Phase 4+,0.15,0.1000000015
1756,2022-09-01,AFG,4726,Forecasting,4,Phase 4+,0.1,0.1000000015
1757,2022-03-01,AFG,4734,Forecasting,4,Phase 4+,0.15,0.1000000015
1757,2022-09-01,AFG,4735,Forecasting,4,Phase 4+,0.05,0.1000000015
1758,2022-03-01,AFG,4743,Forecasting,4,Phase 4+,0.1,0.09000000358
1758,2022-09-01,AFG,4744,Forecasting,4,Phase 4+,0.05,0.1000000015
1759,2022-03-01,AFG,4751,Forecasting,4,Phase 4+,0.2,0.1000000015
1760,2022-07-01,PAK,4755,Forecasting,4,Phase 4+,0.05,0.07999999821
1762,2022-03-01,AFG,4763,Forecasting,4,Phase 4+,0.2,0.1099999994
1762,2022-09-01,AFG,4764,Forecasting,4,Phase 4+,0.15,0.1099999994
1763,2022-03-01,AFG,4771,Forecasting,4,Phase 4+,0.15,0.09000000358
1763,2022-09-01,AFG,4772,Forecasting,4,Phase 4+,0.1,0.1000000015
1766,2022-03-01,AFG,4782,Forecasting,4,Phase 4+,0.15,0.09000000358
1766,2022-09-01,AFG,4783,Forecasting,4,Phase 4+,0.1,0.1000000015
1767,2022-03-01,AFG,4790,Forecasting,4,Phase 4+,0.15,0.1099999994
1767,2022-09-01,AFG,4791,Forecasting,4,Phase 4+,0.15,0.1000000015
1768,2022-03-01,AFG,4798,Forecasting,4,Phase 4+,0.2,0.1000000015
1768,2022-09-01,AFG,4799,Forecasting,4,Phase 4+,0.15,0.09000000358
1769,2022-03-01,AFG,4807,Forecasting,4,Phase 4+,0.25,0.1099999994
1769,2022-09-01,AFG,4808,Forecasting,4,Phase 4+,0.2,0.1099999994
1770,2022-07-01,PAK,4812,Forecasting,4,Phase 4+,0.05,0.09000000358
1771,2022-07-01,PAK,4815,Forecasting,4,Phase 4+,0.05,0.07999999821
1772,2022-03-01,AFG,4825,Forecasting,4,Phase 4+,0.15,0.09000000358
1772,2022-07-01,AFG,4826,Forecasting,4,Phase 4+,0.1,0.07999999821
1772,2022-09-01,AFG,4827,Forecasting,4,Phase 4+,0.1,0.1000000015
1773,2022-03-01,AFG,4837,Forecasting,4,Phase 4+,0.2,0.09000000358
1773,2022-07-01,AFG,4838,Forecasting,4,Phase 4+,0.1,0.07999999821
1773,2022-09-01,AFG,4839,Forecasting,4,Phase 4+,0.1,0.1000000015
1774,2022-03-01,AFG,4846,Forecasting,4,Phase 4+,0.2,0.1099999994
1774,2022-09-01,AFG,4847,Forecasting,4,Phase 4+,0.1,0.1000000015
1776,2022-03-01,AFG,4857,Forecasting,4,Phase 4+,0.2,0.1000000015
1776,2022-09-01,AFG,4858,Forecasting,4,Phase 4+,0.15,0.09000000358
1777,2022-03-01,AFG,4865,Forecasting,4,Phase 4+,0.2,0.1099999994
1777,2022-09-01,AFG,4866,Forecasting,4,Phase 4+,0.15,0.1000000015
1778,2022-03-01,AFG,4873,Forecasting,4,Phase 4+,0.15,0.1000000015
1779,2022-03-01,AFG,4881,Forecasting,4,Phase 4+,0.2,0.1099999994
1781,2022-07-01,PAK,4889,Forecasting,4,Phase 4+,0.1,0.0700000003
1782,2022-03-01,AFG,4898,Forecasting,4,Phase 4+,0.2,0.09000000358
1782,2022-09-01,AFG,4899,Forecasting,4,Phase 4+,0.1,0.09000000358
1783,2022-03-01,AFG,4906,Forecasting,4,Phase 4+,0.15,0.09000000358
1783,2022-09-01,AFG,4907,Forecasting,4,Phase 4+,0.15,0.09000000358
1784,2022-07-01,PAK,4909,Forecasting,4,Phase 4+,0.15,0.0700000003
1785,2022-03-01,AFG,4917,Forecasting,4,Phase 4+,0.15,0.1000000015
1785,2022-07-01,AFG,4918,Forecasting,4,Phase 4+,0.1,0.09000000358
1785,2022-09-01,AFG,4919,Forecasting,4,Phase 4+,0.15,0.1099999994
1786,2022-09-01,AFG,4921,Forecasting,4,Phase 4+,0.05,0.1000000015
1787,2022-07-01,PAK,4924,Forecasting,4,Phase 4+,0.1,0.05999999866
1788,2022-07-01,PAK,4925,Forecasting,4,Phase 4+,0.05,0.05999999866
1789,2022-09-01,AFG,4933,Forecasting,4,Phase 4+,0.15,0.1000000015
1791,2022-03-01,AFG,4943,Forecasting,4,Phase 4+,0.1,0.1199999973
1791,2022-09-01,AFG,4944,Forecasting,4,Phase 4+,0.05,0.1099999994
1792,2022-07-01,PAK,4946,Forecasting,4,Phase 4+,0.1,0.05999999866
1793,2022-03-01,AFG,4955,Forecasting,4,Phase 4+,0.2,0.09000000358
1793,2022-09-01,AFG,4956,Forecasting,4,Phase 4+,0.05,0.09000000358
1794,2022-07-01,PAK,4958,Forecasting,4,Phase 4+,0,0.09000000358
1795,2022-03-01,AFG,4961,Forecasting,4,Phase 4+,0.15,0.1000000015
1796,2022-03-01,AFG,4970,Forecasting,4,Phase 4+,0.15,0.1000000015
1797,2022-03-01,AFG,4979,Forecasting,4,Phase 4+,0.15,0.1000000015
1798,2022-03-01,AFG,4987,Forecasting,4,Phase 4+,0.1,0.09000000358
1799,2022-03-01,AFG,4997,Forecasting,4,Phase 4+,0.15,0.09000000358
1799,2022-09-01,AFG,4998,Forecasting,4,Phase 4+,0.15,0.07999999821
1800,2022-03-01,AFG,5007,Forecasting,4,Phase 4+,0.1,0.09000000358
1800,2022-09-01,AFG,5008,Forecasting,4,Phase 4+,0.1,0.09000000358
1802,2022-03-01,AFG,5017,Forecasting,4,Phase 4+,0.15,0.1000000015
1802,2022-09-01,AFG,5018,Forecasting,4,Phase 4+,0.05,0.1000000015
1803,2022-03-01,AFG,5027,Forecasting,4,Phase 4+,0.15,0.1000000015
1803,2022-09-01,AFG,5028,Forecasting,4,Phase 4+,0.05,0.1000000015
1804,2022-03-01,AFG,5039,Forecasting,4,Phase 4+,0.15,0.09000000358
1804,2022-07-01,AFG,5040,Forecasting,4,Phase 4+,0.1,0.07999999821
1804,2022-09-01,AFG,5041,Forecasting,4,Phase 4+,0.05,0.1000000015
1806,2022-03-01,AFG,5051,Forecasting,4,Phase 4+,0.15,0.09000000358
1806,2022-09-01,AFG,5052,Forecasting,4,Phase 4+,0.1,0.1000000015
1808,2022-07-01,PAK,5054,Forecasting,4,Phase 4+,0.1,0.05999999866
1809,2022-07-01,PAK,5059,Forecasting,4,Phase 4+,0.05,0.0700000003
1810,2022-03-01,AFG,5067,Forecasting,4,Phase 4+,0.15,0.09000000358
1810,2022-09-01,AFG,5068,Forecasting,4,Phase 4+,0.1,0.09000000358
1811,2022-03-01,AFG,5080,Forecasting,4,Phase 4+,0.15,0.09000000358
1811,2022-07-01,AFG,5081,Forecasting,4,Phase 4+,0.1,0.07999999821
1811,2022-09-01,AFG,5082,Forecasting,4,Phase 4+,0.1,0.09000000358
1813,2022-03-01,AFG,5093,Forecasting,4,Phase 4+,0.1,0.09000000358
1813,2022-07-01,AFG,5094,Forecasting,4,Phase 4+,0.1,0.07999999821
1813,2022-09-01,AFG,5095,Forecasting,4,Phase 4+,0.1,0.07999999821
1814,2022-07-01,PAK,5099,Forecasting,4,Phase 4+,0.05,0.09000000358
1815,2022-03-01,AFG,5106,Forecasting,4,Phase 4+,0.15,0.1000000015
1817,2022-03-01,AFG,5118,Forecasting,4,Phase 4+,0.15,0.09000000358
1817,2022-07-01,AFG,5119,Forecasting,4,Phase 4+,0.1,0.07999999821
1817,2022-09-01,AFG,5120,Forecasting,4,Phase 4+,0.1,0.09000000358
1818,2022-03-01,AFG,5130,Forecasting,4,Phase 4+,0.1,0.1000000015
1818,2022-07-01,AFG,5131,Forecasting,4,Phase 4+,0.1,0.09000000358
1818,2022-09-01,AFG,5132,Forecasting,4,Phase 4+,0.1,0.09000000358
1819,2022-03-01,AFG,5142,Forecasting,4,Phase 4+,0.2,0.1099999994
1819,2022-09-01,AFG,5143,Forecasting,4,Phase 4+,0.1,0.1199999973
1820,2022-03-01,AFG,5151,Forecasting,4,Phase 4+,0.2,0.1299999952
1820,2022-09-01,AFG,5152,Forecasting,4,Phase 4+,0.1,0.09000000358
1821,2022-03-01,AFG,5158,Forecasting,4,Phase 4+,0.2,0.1099999994
1821,2022-09-01,AFG,5159,Forecasting,4,Phase 4+,0.1,0.1099999994
1822,2022-03-01,AFG,5170,Forecasting,4,Phase 4+,0.15,0.09000000358
1822,2022-07-01,AFG,5171,Forecasting,4,Phase 4+,0.1,0.07999999821
1822,2022-09-01,AFG,5172,Forecasting,4,Phase 4+,0.05,0.09000000358
1824,2022-03-01,AFG,5175,Forecasting,4,Phase 4+,0.1,0.1099999994
1824,2022-09-01,AFG,5176,Forecasting,4,Phase 4+,0.1,0.1099999994
1825,2022-09-01,AFG,5179,Forecasting,4,Phase 4+,0.1,0.09000000358
1826,2022-03-01,PAK,5188,Forecasting,4,Phase 4+,0.15,0.09000000358
1826,2022-07-01,PAK,5189,Forecasting,4,Phase 4+,0.05,0.07999999821
1826,2022-09-01,PAK,5190,Forecasting,4,Phase 4+,0.15,0.1000000015
1827,2022-03-01,PAK,5199,Forecasting,4,Phase 4+,0.15,0.09000000358
1827,2022-07-01,PAK,5200,Forecasting,4,Phase 4+,0.05,0.07999999821
1827,2022-09-01,PAK,5201,Forecasting,4,Phase 4+,0.15,0.1000000015
1829,2022-03-01,AFG,5211,Forecasting,4,Phase 4+,0.15,0.09000000358
1829,2022-09-01,AFG,5212,Forecasting,4,Phase 4+,0.1,0.09000000358
1830,2022-03-01,AFG,5218,Forecasting,4,Phase 4+,0.1,0.1199999973
1830,2022-07-01,AFG,5219,Forecasting,4,Phase 4+,0.1,0.09000000358
1830,2022-09-01,AFG,5220,Forecasting,4,Phase 4+,0.1,0.1099999994
1831,2022-03-01,AFG,5230,Forecasting,4,Phase 4+,0.1,0.1000000015
1831,2022-07-01,AFG,5231,Forecasting,4,Phase 4+,0.05,0.09000000358
1831,2022-09-01,AFG,5232,Forecasting,4,Phase 4+,0.05,0.07999999821
1832,2022-03-01,AFG,5239,Forecasting,4,Phase 4+,0.2,0.1199999973
1832,2022-09-01,AFG,5240,Forecasting,4,Phase 4+,0.1,0.1099999994
1835,2022-03-01,PAK,5260,Forecasting,4,Phase 4+,0.1,0.09000000358
1835,2022-07-01,PAK,5261,Forecasting,4,Phase 4+,0.05,0.09000000358
1835,2022-09-01,PAK,5262,Forecasting,4,Phase 4+,0.05,0.09000000358
1836,2022-03-01,PAK,5271,Forecasting,4,Phase 4+,0.1,0.09000000358
1836,2022-07-01,PAK,5272,Forecasting,4,Phase 4+,0.05,0.09000000358
1836,2022-09-01,PAK,5273,Forecasting,4,Phase 4+,0.05,0.09000000358
1838,2022-03-01,AFG,5283,Forecasting,4,Phase 4+,0.15,0.1099999994
1838,2022-09-01,AFG,5284,Forecasting,4,Phase 4+,0.1,0.1000000015
1839,2022-07-01,AFG,5294,Forecasting,4,Phase 4+,0.1,0.07999999821
1841,2022-07-01,AFG,5305,Forecasting,4,Phase 4+,0.05,0.09000000358
1843,2022-07-01,AFG,5316,Forecasting,4,Phase 4+,0.05,0.09000000358
1844,2022-03-01,AFG,5328,Forecasting,4,Phase 4+,0.15,0.09000000358
1844,2022-07-01,AFG,5329,Forecasting,4,Phase 4+,0.1,0.09000000358
1844,2022-09-01,AFG,5330,Forecasting,4,Phase 4+,0.1,0.09000000358
1845,2022-09-01,PAK,5333,Forecasting,4,Phase 4+,0.05,0.1000000015
1846,2022-09-01,PAK,5336,Forecasting,4,Phase 4+,0.05,0.1000000015
1848,2022-03-01,AFG,5345,Forecasting,4,Phase 4+,0.15,0.1199999973
1848,2022-09-01,AFG,5346,Forecasting,4,Phase 4+,0.1,0.1199999973
1849,2022-03-01,AFG,5357,Forecasting,4,Phase 4+,0.2,0.1000000015
1849,2022-07-01,AFG,5358,Forecasting,4,Phase 4+,0.05,0.09000000358
1849,2022-09-01,AFG,5359,Forecasting,4,Phase 4+,0.15,0.09000000358
1850,2022-03-01,AFG,5370,Forecasting,4,Phase 4+,0.15,0.1099999994
1850,2022-07-01,AFG,5371,Forecasting,4,Phase 4+,0.1,0.1000000015
1850,2022-09-01,AFG,5372,Forecasting,4,Phase 4+,0.1,0.1000000015
1851,2022-07-01,AFG,5373,Forecasting,4,Phase 4+,0.05,0.1099999994
1852,2022-03-01,AFG,5379,Forecasting,4,Phase 4+,0.25,0.1299999952
1852,2022-09-01,AFG,5380,Forecasting,4,Phase 4+,0.2,0.1299999952
1853,2022-03-01,AFG,5388,Forecasting,4,Phase 4+,0.15,0.1000000015
1853,2022-07-01,AFG,5389,Forecasting,4,Phase 4+,0.05,0.09000000358
1854,2022-09-01,AFG,5398,Forecasting,4,Phase 4+,0.15,0.1099999994
1855,2022-03-01,AFG,5403,Forecasting,4,Phase 4+,0.2,0.150000006
1855,2022-09-01,AFG,5404,Forecasting,4,Phase 4+,0.2,0.1400000006
1856,2022-09-01,AFG,5413,Forecasting,4,Phase 4+,0.2,0.1400000006
1857,2022-03-01,AFG,5421,Forecasting,4,Phase 4+,0.1,0.1099999994
1857,2022-07-01,AFG,5422,Forecasting,4,Phase 4+,0.1,0.1000000015
1857,2022-09-01,AFG,5423,Forecasting,4,Phase 4+,0.1,0.1000000015
1858,2022-09-01,AFG,5429,Forecasting,4,Phase 4+,0.2,0.150000006
1859,2022-03-01,AFG,5440,Forecasting,4,Phase 4+,0.1,0.1099999994
1859,2022-07-01,AFG,5441,Forecasting,4,Phase 4+,0.05,0.1000000015
1859,2022-09-01,AFG,5442,Forecasting,4,Phase 4+,0.1,0.1000000015
1860,2022-03-01,AFG,5448,Forecasting,4,Phase 4+,0.25,0.1599999964
1863,2022-03-01,AFG,5460,Forecasting,4,Phase 4+,0.15,0.1099999994
1864,2022-07-01,AFG,5468,Forecasting,4,Phase 4+,0.05,0.1000000015
1864,2022-09-01,AFG,5469,Forecasting,4,Phase 4+,0.1,0.1000000015
1865,2022-03-01,PAK,5477,Forecasting,4,Phase 4+,0.15,0.1099999994
1865,2022-07-01,PAK,5478,Forecasting,4,Phase 4+,0.05,0.1099999994
1865,2022-09-01,PAK,5479,Forecasting,4,Phase 4+,0.1,0.1099999994
1866,2022-03-01,PAK,5487,Forecasting,4,Phase 4+,0.15,0.1099999994
1866,2022-07-01,PAK,5488,Forecasting,4,Phase 4+,0.05,0.1099999994
1866,2022-09-01,PAK,5489,Forecasting,4,Phase 4+,0.1,0.1099999994
1867,2022-03-01,AFG,5500,Forecasting,4,Phase 4+,0.1,0.1000000015
1867,2022-07-01,AFG,5501,Forecasting,4,Phase 4+,0.1,0.1000000015
1867,2022-09-01,AFG,5502,Forecasting,4,Phase 4+,0.1,0.1000000015
1868,2022-09-01,AFG,5508,Forecasting,4,Phase 4+,0.2,0.150000006
1870,2022-03-01,AFG,5523,Forecasting,4,Phase 4+,0.1,0.1099999994
1870,2022-07-01,AFG,5524,Forecasting,4,Phase 4+,0.1,0.1099999994
1870,2022-09-01,AFG,5525,Forecasting,4,Phase 4+,0.1,0.1099999994
1871,2022-09-01,PAK,5530,Forecasting,4,Phase 4+,0.1,0.1099999994
1872,2022-09-01,PAK,5535,Forecasting,4,Phase 4+,0.1,0.1099999994
1873,2022-03-01,TJK,5544,Forecasting,4,Phase 4+,0.25,0.1599999964
1873,2022-09-01,TJK,5545,Forecasting,4,Phase 4+,0.2,0.150000006
1875,2022-03-01,PAK,5561,Forecasting,4,Phase 4+,0.1,0.1099999994
1875,2022-07-01,PAK,5562,Forecasting,4,Phase 4+,0.1,0.1099999994
1875,2022-09-01,PAK,5563,Forecasting,4,Phase 4+,0.1,0.1099999994
1876,2022-03-01,PAK,5572,Forecasting,4,Phase 4+,0.1,0.1099999994
1876,2022-07-01,PAK,5573,Forecasting,4,Phase 4+,0.1,0.1099999994
1876,2022-09-01,PAK,5574,Forecasting,4,Phase 4+,0.1,0.1099999994
2,2022-10-01,DOM,1,Nowcasting,4,Phase 4+,0.01,0.05999999866
5,2022-10-01,DOM,2,Nowcasting,4,Phase 4+,0.02,0.05999999866
9,2022-09-01,DOM,3,Nowcasting,4,Phase 4+,0.2,0.05999999866
10,2022-09-01,HTI,6,Nowcasting,4,Phase 4+,0.25,0.05999999866
10,2022-10-01,HTI,7,Nowcasting,4,Phase 4+,0.01,0.05999999866
11,2022-09-01,HTI,11,Nowcasting,4,Phase 4+,0.25,0.0700000003
11,2022-10-01,HTI,12,Nowcasting,4,Phase 4+,0.01,0.05999999866
12,2022-09-01,HTI,16,Nowcasting,4,Phase 4+,0.25,0.0700000003
12,2022-10-01,HTI,17,Nowcasting,4,Phase 4+,0.01,0.05999999866
13,2022-09-01,HTI,19,Nowcasting,4,Phase 4+,0.15,0.09000000358
16,2022-10-01,HTI,22,Nowcasting,4,Phase 4+,0,0.05999999866
19,2022-10-01,HTI,27,Nowcasting,4,Phase 4+,0.01,0.0700000003
20,2022-10-01,HTI,30,Nowcasting,4,Phase 4+,0.01,0.0700000003
21,2022-09-01,HTI,31,Nowcasting,4,Phase 4+,0.15,0.0700000003
21,2022-10-01,HTI,32,Nowcasting,4,Phase 4+,0.01,0.0700000003
22,2022-09-01,HTI,33,Nowcasting,4,Phase 4+,0.15,0.0700000003
22,2022-10-01,HTI,34,Nowcasting,4,Phase 4+,0.01,0.0700000003
38,2022-03-01,HND,66,Nowcasting,4,Phase 4+,0.04,0.05000000075
41,2022-03-01,HND,92,Nowcasting,4,Phase 4+,0.04,0.05000000075
42,2022-03-01,HND,105,Nowcasting,4,Phase 4+,0.04,0.05000000075
45,2022-03-01,SLV,131,Nowcasting,4,Phase 4+,0.03,0.05000000075
47,2022-03-01,SLV,150,Nowcasting,4,Phase 4+,0.03,0.05000000075
48,2022-03-01,HND,161,Nowcasting,4,Phase 4+,0.04,0.05000000075
49,2022-03-01,HND,172,Nowcasting,4,Phase 4+,0.04,0.05000000075
50,2022-03-01,SLV,186,Nowcasting,4,Phase 4+,0.03,0.05000000075
51,2022-03-01,HND,193,Nowcasting,4,Phase 4+,0.03,0.05000000075
52,2022-03-01,HND,200,Nowcasting,4,Phase 4+,0.03,0.05000000075
54,2022-03-01,SLV,212,Nowcasting,4,Phase 4+,0.03,0.05000000075
55,2022-03-01,HND,226,Nowcasting,4,Phase 4+,0.03,0.07999999821
56,2022-03-01,HND,240,Nowcasting,4,Phase 4+,0.03,0.07999999821
57,2022-03-01,SLV,251,Nowcasting,4,Phase 4+,0,0.05000000075
58,2022-03-01,GTM,264,Nowcasting,4,Phase 4+,0.04,0.05000000075
59,2022-03-01,GTM,277,Nowcasting,4,Phase 4+,0.04,0.05000000075
60,2022-03-01,SLV,289,Nowcasting,4,Phase 4+,0,0.05000000075
63,2022-03-01,SLV,304,Nowcasting,4,Phase 4+,0.03,0.05000000075
65,2022-03-01,SLV,323,Nowcasting,4,Phase 4+,0,0.05000000075
66,2022-03-01,SLV,338,Nowcasting,4,Phase 4+,0,0.05000000075
67,2022-03-01,GTM,348,Nowcasting,4,Phase 4+,0.03,0.05000000075
68,2022-03-01,GTM,358,Nowcasting,4,Phase 4+,0.03,0.0700000003
69,2022-03-01,GTM,368,Nowcasting,4,Phase 4+,0.03,0.0700000003
70,2022-03-01,GTM,378,Nowcasting,4,Phase 4+,0.02,0.05999999866
71,2022-03-01,GTM,388,Nowcasting,4,Phase 4+,0.02,0.05999999866
72,2022-03-01,SLV,402,Nowcasting,4,Phase 4+,0,0.05000000075
73,2022-03-01,SLV,415,Nowcasting,4,Phase 4+,0,0.05000000075
74,2022-03-01,GTM,418,Nowcasting,4,Phase 4+,0,0.05000000075
75,2022-03-01,GTM,427,Nowcasting,4,Phase 4+,0,0.05000000075
76,2022-03-01,GTM,436,Nowcasting,4,Phase 4+,0,0.05000000075
77,2022-03-01,SLV,450,Nowcasting,4,Phase 4+,0,0.05000000075
78,2022-03-01,GTM,458,Nowcasting,4,Phase 4+,0.01,0.05000000075
79,2022-03-01,GTM,466,Nowcasting,4,Phase 4+,0.01,0.05000000075
80,2022-03-01,GTM,468,Nowcasting,4,Phase 4+,0.04,0.07999999821
81,2022-03-01,GTM,470,Nowcasting,4,Phase 4+,0.04,0.07999999821
82,2022-03-01,GTM,478,Nowcasting,4,Phase 4+,0.02,0.05999999866
83,2022-03-01,GTM,486,Nowcasting,4,Phase 4+,0.02,0.05999999866
86,2022-03-01,GTM,515,Nowcasting,4,Phase 4+,0,0.05000000075
87,2022-03-01,GTM,524,Nowcasting,4,Phase 4+,0,0.05000000075
90,2022-03-01,GTM,551,Nowcasting,4,Phase 4+,0.01,0.05000000075
91,2022-03-01,GTM,566,Nowcasting,4,Phase 4+,0.01,0.05000000075
92,2022-03-01,GTM,581,Nowcasting,4,Phase 4+,0.01,0.05000000075
93,2022-03-01,GTM,591,Nowcasting,4,Phase 4+,0.02,0.05000000075
94,2022-03-01,GTM,601,Nowcasting,4,Phase 4+,0.02,0.05000000075
99,2022-03-01,GTM,632,Nowcasting,4,Phase 4+,0,0.05000000075
100,2022-03-01,GTM,641,Nowcasting,4,Phase 4+,0,0.05000000075
109,2022-03-01,GTM,672,Nowcasting,4,Phase 4+,0.02,0.0700000003
110,2022-03-01,GTM,677,Nowcasting,4,Phase 4+,0.02,0.0700000003
111,2022-03-01,GTM,681,Nowcasting,4,Phase 4+,0.01,0.05000000075
112,2022-03-01,GTM,685,Nowcasting,4,Phase 4+,0.01,0.05000000075
113,2022-03-01,GTM,689,Nowcasting,4,Phase 4+,0.03,0.0700000003
114,2022-03-01,GTM,693,Nowcasting,4,Phase 4+,0.03,0.0700000003
136,2022-07-01,COD,706,Nowcasting,4,Phase 4+,0,0.05000000075
160,2022-07-01,COD,717,Nowcasting,4,Phase 4+,0.05,0.05000000075
161,2022-07-01,COD,718,Nowcasting,4,Phase 4+,0.05,0.05000000075
165,2022-09-01,CAF,724,Nowcasting,4,Phase 4+,0.2,0.1400000006
169,2022-07-01,COD,735,Nowcasting,4,Phase 4+,0.05,0.05999999866
174,2022-09-01,CAF,744,Nowcasting,4,Phase 4+,0.15,0.1299999952
175,2022-09-01,CAF,752,Nowcasting,4,Phase 4+,0.15,0.1299999952
177,2022-09-01,CAF,760,Nowcasting,4,Phase 4+,0.15,0.1299999952
189,2022-07-01,COD,778,Nowcasting,4,Phase 4+,0.05,0.05999999866
190,2022-07-01,COD,779,Nowcasting,4,Phase 4+,0.05,0.05999999866
216,2022-09-01,CAF,801,Nowcasting,4,Phase 4+,0.15,0.07999999821
229,2022-09-01,CAF,811,Nowcasting,4,Phase 4+,0.15,0.05999999866
230,2022-07-01,COD,812,Nowcasting,4,Phase 4+,0,0.07999999821
234,2022-07-01,CAF,819,Nowcasting,4,Phase 4+,0.05,0.07999999821
234,2022-09-01,CAF,820,Nowcasting,4,Phase 4+,0,0.05999999866
237,2022-07-01,CAF,832,Nowcasting,4,Phase 4+,0.05,0.0700000003
237,2022-09-01,CAF,833,Nowcasting,4,Phase 4+,0,0.05999999866
239,2022-07-01,CAF,842,Nowcasting,4,Phase 4+,0.05,0.0700000003
239,2022-09-01,CAF,843,Nowcasting,4,Phase 4+,0,0.05999999866
242,2022-07-01,COD,844,Nowcasting,4,Phase 4+,0,0.0700000003
251,2022-09-01,CAF,847,Nowcasting,4,Phase 4+,0.05,0.05999999866
258,2022-09-01,CAF,854,Nowcasting,4,Phase 4+,0.05,0.05999999866
263,2022-07-01,COD,862,Nowcasting,4,Phase 4+,0,0.0700000003
264,2022-07-01,COD,863,Nowcasting,4,Phase 4+,0,0.0700000003
280,2022-09-01,CAF,873,Nowcasting,4,Phase 4+,0.1,0.1099999994
282,2022-07-01,CAF,880,Nowcasting,4,Phase 4+,0,0.07999999821
282,2022-09-01,CAF,881,Nowcasting,4,Phase 4+,0.1,0.1099999994
283,2022-07-01,CAF,888,Nowcasting,4,Phase 4+,0,0.07999999821
283,2022-09-01,CAF,889,Nowcasting,4,Phase 4+,0.1,0.1099999994
284,2022-07-01,COD,892,Nowcasting,4,Phase 4+,0.05,0.0700000003
285,2022-07-01,COD,895,Nowcasting,4,Phase 4+,0.05,0.0700000003
286,2022-09-01,CAF,903,Nowcasting,4,Phase 4+,0.1,0.1099999994
290,2022-09-01,CAF,906,Nowcasting,4,Phase 4+,0.1,0.1099999994
291,2022-07-01,CAF,915,Nowcasting,4,Phase 4+,0,0.07999999821
291,2022-09-01,CAF,916,Nowcasting,4,Phase 4+,0.1,0.0700000003
296,2022-07-01,COD,920,Nowcasting,4,Phase 4+,0,0.07999999821
305,2022-07-01,CAF,936,Nowcasting,4,Phase 4+,0,0.0700000003
314,2022-07-01,CAF,939,Nowcasting,4,Phase 4+,0.05,0.0700000003
319,2022-09-01,CAF,947,Nowcasting,4,Phase 4+,0.1,0.150000006
322,2022-09-01,CAF,952,Nowcasting,4,Phase 4+,0.1,0.150000006
323,2022-09-01,CAF,957,Nowcasting,4,Phase 4+,0.1,0.150000006
334,2022-04-01,CAF,968,Nowcasting,4,Phase 4+,0.05,0.1000000015
335,2022-04-01,CAF,971,Nowcasting,4,Phase 4+,0.05,0.1099999994
347,2022-09-01,CAF,979,Nowcasting,4,Phase 4+,0.2,0.1099999994
370,2022-07-01,COD,990,Nowcasting,4,Phase 4+,0,0.0700000003
374,2022-07-01,COD,993,Nowcasting,4,Phase 4+,0,0.0700000003
391,2022-07-01,COD,1001,Nowcasting,4,Phase 4+,0.05,0.07999999821
409,2022-07-01,COD,1009,Nowcasting,4,Phase 4+,0,0.0700000003
410,2022-07-01,COD,1011,Nowcasting,4,Phase 4+,0,0.0700000003
413,2022-07-01,COD,1013,Nowcasting,4,Phase 4+,0,0.0700000003
417,2022-07-01,COD,1020,Nowcasting,4,Phase 4+,0.05,0.07999999821
420,2022-07-01,COD,1021,Nowcasting,4,Phase 4+,0,0.07999999821
435,2022-10-01,CAF,1036,Nowcasting,4,Phase 4+,0.1,0.09000000358
436,2022-10-01,CAF,1047,Nowcasting,4,Phase 4+,0.1,0.09000000358
441,2022-10-01,CAF,1066,Nowcasting,4,Phase 4+,0.1,0.09000000358
443,2022-07-01,COD,1068,Nowcasting,4,Phase 4+,0.05,0.05999999866
446,2022-07-01,COD,1071,Nowcasting,4,Phase 4+,0,0.05999999866
451,2022-07-01,COD,1077,Nowcasting,4,Phase 4+,0.05,0.0700000003
452,2022-07-01,COD,1083,Nowcasting,4,Phase 4+,0.05,0.0700000003
459,2022-07-01,COD,1095,Nowcasting,4,Phase 4+,0.05,0.05999999866
471,2022-07-01,COD,1103,Nowcasting,4,Phase 4+,0,0.0700000003
472,2022-07-01,COD,1105,Nowcasting,4,Phase 4+,0,0.0700000003
492,2022-07-01,COD,1123,Nowcasting,4,Phase 4+,0.05,0.09000000358
494,2022-07-01,COD,1125,Nowcasting,4,Phase 4+,0.05,0.07999999821
495,2022-02-01,SSD,1129,Nowcasting,4,Phase 4+,0.5,0.09000000358
495,2022-10-01,SSD,1130,Nowcasting,4,Phase 4+,0.1,0.07999999821
496,2022-02-01,SSD,1134,Nowcasting,4,Phase 4+,0.5,0.09000000358
496,2022-10-01,SSD,1135,Nowcasting,4,Phase 4+,0.1,0.07999999821
512,2022-10-01,SSD,1163,Nowcasting,4,Phase 4+,0.3,0.150000006
513,2022-10-01,SSD,1168,Nowcasting,4,Phase 4+,0.3,0.150000006
518,2022-07-01,COD,1174,Nowcasting,4,Phase 4+,0.1,0.0700000003
519,2022-07-01,COD,1179,Nowcasting,4,Phase 4+,0.1,0.0700000003
520,2022-02-01,SSD,1180,Nowcasting,4,Phase 4+,0.15,0.150000006
521,2022-02-01,SSD,1181,Nowcasting,4,Phase 4+,0.15,0.150000006
534,2022-02-01,COD,1191,Nowcasting,4,Phase 4+,0,0.0700000003
534,2022-10-01,COD,1192,Nowcasting,4,Phase 4+,0,0.09000000358
537,2022-02-01,COD,1200,Nowcasting,4,Phase 4+,0,0.0700000003
537,2022-10-01,COD,1201,Nowcasting,4,Phase 4+,0,0.0700000003
547,2022-07-01,COD,1218,Nowcasting,4,Phase 4+,0.1,0.07999999821
555,2022-07-01,COD,1243,Nowcasting,4,Phase 4+,0.1,0.05000000075
564,2022-04-01,COD,1264,Nowcasting,4,Phase 4+,0,0.03999999911
564,2022-06-01,COD,1265,Nowcasting,4,Phase 4+,0.05,0.05000000075
564,2022-07-01,COD,1266,Nowcasting,4,Phase 4+,0.05,0.05000000075
565,2022-04-01,COD,1279,Nowcasting,4,Phase 4+,0,0.03999999911
565,2022-06-01,COD,1280,Nowcasting,4,Phase 4+,0.05,0.05000000075
565,2022-07-01,COD,1281,Nowcasting,4,Phase 4+,0.05,0.05000000075
568,2022-10-01,SSD,1285,Nowcasting,4,Phase 4+,0.3,0.1700000018
570,2022-02-01,COD,1299,Nowcasting,4,Phase 4+,0,0.07999999821
571,2022-02-01,COD,1313,Nowcasting,4,Phase 4+,0,0.09000000358
577,2022-10-01,SSD,1326,Nowcasting,4,Phase 4+,0,0.05999999866
578,2022-10-01,SSD,1337,Nowcasting,4,Phase 4+,0,0.05999999866
586,2022-02-01,COD,1358,Nowcasting,4,Phase 4+,0,0.05999999866
586,2022-07-01,COD,1359,Nowcasting,4,Phase 4+,0.05,0.0700000003
586,2022-10-01,COD,1360,Nowcasting,4,Phase 4+,0,0.05999999866
587,2022-04-01,COD,1373,Nowcasting,4,Phase 4+,0,0.05000000075
587,2022-06-01,COD,1374,Nowcasting,4,Phase 4+,0,0.05000000075
587,2022-07-01,COD,1375,Nowcasting,4,Phase 4+,0.05,0.05000000075
591,2022-04-01,COD,1389,Nowcasting,4,Phase 4+,0,0.03999999911
591,2022-07-01,COD,1390,Nowcasting,4,Phase 4+,0.05,0.05000000075
592,2022-04-01,COD,1402,Nowcasting,4,Phase 4+,0,0.03999999911
592,2022-07-01,COD,1403,Nowcasting,4,Phase 4+,0.05,0.05000000075
598,2022-07-01,COD,1423,Nowcasting,4,Phase 4+,0.1,0.05000000075
602,2022-04-01,COD,1436,Nowcasting,4,Phase 4+,0,0.03999999911
602,2022-06-01,COD,1437,Nowcasting,4,Phase 4+,0.05,0.05000000075
602,2022-07-01,COD,1438,Nowcasting,4,Phase 4+,0.05,0.05000000075
605,2022-10-01,SSD,1444,Nowcasting,4,Phase 4+,0.3,0.1099999994
606,2022-10-01,SSD,1448,Nowcasting,4,Phase 4+,0.3,0.1099999994
607,2022-07-01,COD,1455,Nowcasting,4,Phase 4+,0.1,0.05000000075
608,2022-07-01,COD,1462,Nowcasting,4,Phase 4+,0.1,0.05999999866
609,2022-07-01,COD,1469,Nowcasting,4,Phase 4+,0.1,0.05999999866
611,2022-06-01,COD,1479,Nowcasting,4,Phase 4+,0,0.05000000075
611,2022-07-01,COD,1480,Nowcasting,4,Phase 4+,0.1,0.05000000075
613,2022-04-01,COD,1492,Nowcasting,4,Phase 4+,0,0.05000000075
613,2022-06-01,COD,1493,Nowcasting,4,Phase 4+,0,0.05000000075
613,2022-07-01,COD,1494,Nowcasting,4,Phase 4+,0.15,0.05000000075
614,2022-07-01,COD,1499,Nowcasting,4,Phase 4+,0.1,0.0700000003
615,2022-04-01,COD,1512,Nowcasting,4,Phase 4+,0,0.03999999911
615,2022-06-01,COD,1513,Nowcasting,4,Phase 4+,0.05,0.05000000075
615,2022-07-01,COD,1514,Nowcasting,4,Phase 4+,0.05,0.05000000075
616,2022-04-01,COD,1521,Nowcasting,4,Phase 4+,0,0.03999999911
618,2022-04-01,COD,1535,Nowcasting,4,Phase 4+,0,0.05000000075
618,2022-06-01,COD,1536,Nowcasting,4,Phase 4+,0,0.05000000075
618,2022-07-01,COD,1537,Nowcasting,4,Phase 4+,0.15,0.05000000075
623,2022-07-01,COD,1546,Nowcasting,4,Phase 4+,0.1,0.0700000003
625,2022-04-01,COD,1560,Nowcasting,4,Phase 4+,0,0.03999999911
625,2022-06-01,COD,1561,Nowcasting,4,Phase 4+,0,0.05000000075
625,2022-07-01,COD,1562,Nowcasting,4,Phase 4+,0.05,0.05000000075
626,2022-04-01,COD,1576,Nowcasting,4,Phase 4+,0,0.03999999911
626,2022-06-01,COD,1577,Nowcasting,4,Phase 4+,0,0.05000000075
626,2022-07-01,COD,1578,Nowcasting,4,Phase 4+,0.05,0.05000000075
630,2022-06-01,ZMB,1581,Nowcasting,4,Phase 4+,0,0.05000000075
633,2022-06-01,ZMB,1584,Nowcasting,4,Phase 4+,0,0.05000000075
634,2022-04-01,COD,1598,Nowcasting,4,Phase 4+,0,0.05000000075
634,2022-06-01,COD,1599,Nowcasting,4,Phase 4+,0,0.05000000075
634,2022-07-01,COD,1600,Nowcasting,4,Phase 4+,0.05,0.05000000075
637,2022-02-01,SSD,1615,Nowcasting,4,Phase 4+,0.2,0.1199999973
637,2022-10-01,SSD,1616,Nowcasting,4,Phase 4+,0.2,0.1400000006
638,2022-02-01,SSD,1625,Nowcasting,4,Phase 4+,0.2,0.1199999973
638,2022-10-01,SSD,1626,Nowcasting,4,Phase 4+,0.2,0.1400000006
639,2022-02-01,SSD,1633,Nowcasting,4,Phase 4+,0.3,0.1199999973
640,2022-02-01,SSD,1640,Nowcasting,4,Phase 4+,0.3,0.1199999973
642,2022-10-01,SSD,1643,Nowcasting,4,Phase 4+,0.25,0.1400000006
643,2022-10-01,SSD,1645,Nowcasting,4,Phase 4+,0.25,0.1400000006
644,2022-06-01,COD,1650,Nowcasting,4,Phase 4+,0,0.0700000003
644,2022-07-01,COD,1651,Nowcasting,4,Phase 4+,0.05,0.05999999866
645,2022-06-01,COD,1656,Nowcasting,4,Phase 4+,0,0.0700000003
645,2022-07-01,COD,1657,Nowcasting,4,Phase 4+,0.05,0.05999999866
646,2022-04-01,COD,1668,Nowcasting,4,Phase 4+,0,0.03999999911
646,2022-07-01,COD,1669,Nowcasting,4,Phase 4+,0.1,0.05000000075
647,2022-04-01,COD,1680,Nowcasting,4,Phase 4+,0,0.03999999911
647,2022-07-01,COD,1681,Nowcasting,4,Phase 4+,0.1,0.05000000075
649,2022-04-01,COD,1700,Nowcasting,4,Phase 4+,0,0.05000000075
649,2022-06-01,COD,1701,Nowcasting,4,Phase 4+,0,0.05000000075
649,2022-07-01,COD,1702,Nowcasting,4,Phase 4+,0.05,0.05999999866
650,2022-04-01,COD,1720,Nowcasting,4,Phase 4+,0,0.05000000075
650,2022-06-01,COD,1721,Nowcasting,4,Phase 4+,0,0.05000000075
650,2022-07-01,COD,1722,Nowcasting,4,Phase 4+,0.05,0.05000000075
651,2022-04-01,BDI,1737,Nowcasting,4,Phase 4+,0,0.03999999911
651,2022-06-01,BDI,1738,Nowcasting,4,Phase 4+,0,0.03999999911
651,2022-07-01,BDI,1739,Nowcasting,4,Phase 4+,0.05,0.05000000075
652,2022-04-01,BDI,1754,Nowcasting,4,Phase 4+,0,0.03999999911
652,2022-06-01,BDI,1755,Nowcasting,4,Phase 4+,0,0.03999999911
652,2022-07-01,BDI,1756,Nowcasting,4,Phase 4+,0.05,0.05000000075
654,2022-06-01,COD,1766,Nowcasting,4,Phase 4+,0,0.0700000003
654,2022-07-01,COD,1767,Nowcasting,4,Phase 4+,0.05,0.0700000003
655,2022-06-01,COD,1777,Nowcasting,4,Phase 4+,0,0.05000000075
655,2022-07-01,COD,1778,Nowcasting,4,Phase 4+,0.1,0.05000000075
658,2022-06-01,COD,1788,Nowcasting,4,Phase 4+,0,0.0700000003
658,2022-07-01,COD,1789,Nowcasting,4,Phase 4+,0.15,0.05999999866
661,2022-06-01,COD,1802,Nowcasting,4,Phase 4+,0,0.05999999866
661,2022-07-01,COD,1803,Nowcasting,4,Phase 4+,0.15,0.05000000075
668,2022-02-01,SSD,1823,Nowcasting,4,Phase 4+,0,0.09000000358
668,2022-07-01,SSD,1824,Nowcasting,4,Phase 4+,0.05,0.05000000075
669,2022-02-01,SSD,1831,Nowcasting,4,Phase 4+,0,0.09000000358
669,2022-07-01,SSD,1832,Nowcasting,4,Phase 4+,0.05,0.05000000075
670,2022-02-01,SSD,1834,Nowcasting,4,Phase 4+,0.25,0.1299999952
671,2022-02-01,SSD,1836,Nowcasting,4,Phase 4+,0.25,0.1299999952
672,2022-02-01,SSD,1846,Nowcasting,4,Phase 4+,0.15,0.1199999973
672,2022-10-01,SSD,1847,Nowcasting,4,Phase 4+,0.15,0.1199999973
673,2022-02-01,SSD,1857,Nowcasting,4,Phase 4+,0.15,0.1199999973
673,2022-10-01,SSD,1858,Nowcasting,4,Phase 4+,0.15,0.1199999973
674,2022-07-01,BDI,1868,Nowcasting,4,Phase 4+,0.05,0.05000000075
675,2022-07-01,BDI,1878,Nowcasting,4,Phase 4+,0.05,0.05000000075
676,2022-04-01,BDI,1893,Nowcasting,4,Phase 4+,0,0.03999999911
676,2022-06-01,BDI,1894,Nowcasting,4,Phase 4+,0,0.03999999911
676,2022-07-01,BDI,1895,Nowcasting,4,Phase 4+,0.05,0.05000000075
677,2022-04-01,BDI,1910,Nowcasting,4,Phase 4+,0,0.03999999911
677,2022-06-01,BDI,1911,Nowcasting,4,Phase 4+,0,0.03999999911
677,2022-07-01,BDI,1912,Nowcasting,4,Phase 4+,0.05,0.05000000075
678,2022-02-01,SSD,1917,Nowcasting,4,Phase 4+,0.35,0.1700000018
678,2022-04-01,SSD,1918,Nowcasting,4,Phase 4+,0.05,0.1099999994
679,2022-02-01,SSD,1923,Nowcasting,4,Phase 4+,0.35,0.1700000018
679,2022-04-01,SSD,1924,Nowcasting,4,Phase 4+,0.05,0.1099999994
680,2022-02-01,COD,1927,Nowcasting,4,Phase 4+,0.05,0.05999999866
680,2022-07-01,COD,1928,Nowcasting,4,Phase 4+,0.05,0.0700000003
680,2022-10-01,COD,1929,Nowcasting,4,Phase 4+,0.05,0.05999999866
681,2022-06-01,COD,1939,Nowcasting,4,Phase 4+,0,0.07999999821
681,2022-07-01,COD,1940,Nowcasting,4,Phase 4+,0.05,0.07999999821
682,2022-02-01,SSD,1942,Nowcasting,4,Phase 4+,0.5,0.1400000006
683,2022-02-01,SSD,1944,Nowcasting,4,Phase 4+,0.5,0.1400000006
684,2022-06-01,COD,1954,Nowcasting,4,Phase 4+,0,0.07999999821
684,2022-07-01,COD,1955,Nowcasting,4,Phase 4+,0.05,0.07999999821
685,2022-02-01,COD,1958,Nowcasting,4,Phase 4+,0.05,0.05999999866
685,2022-07-01,COD,1959,Nowcasting,4,Phase 4+,0.05,0.07999999821
691,2022-02-01,SSD,1977,Nowcasting,4,Phase 4+,0.15,0.1299999952
692,2022-02-01,SSD,1981,Nowcasting,4,Phase 4+,0.15,0.1299999952
699,2022-04-01,BDI,2008,Nowcasting,4,Phase 4+,0,0.03999999911
699,2022-06-01,BDI,2009,Nowcasting,4,Phase 4+,0,0.03999999911
699,2022-07-01,BDI,2010,Nowcasting,4,Phase 4+,0,0.05000000075
700,2022-04-01,BDI,2023,Nowcasting,4,Phase 4+,0,0.03999999911
700,2022-07-01,BDI,2024,Nowcasting,4,Phase 4+,0,0.05000000075
701,2022-02-01,SSD,2028,Nowcasting,4,Phase 4+,0.5,0.200000003
702,2022-02-01,SSD,2032,Nowcasting,4,Phase 4+,0.5,0.1800000072
703,2022-04-01,BDI,2046,Nowcasting,4,Phase 4+,0,0.03999999911
703,2022-06-01,BDI,2047,Nowcasting,4,Phase 4+,0,0.03999999911
703,2022-07-01,BDI,2048,Nowcasting,4,Phase 4+,0.05,0.05000000075
704,2022-04-01,BDI,2062,Nowcasting,4,Phase 4+,0,0.03999999911
704,2022-06-01,BDI,2063,Nowcasting,4,Phase 4+,0,0.03999999911
704,2022-07-01,BDI,2064,Nowcasting,4,Phase 4+,0.05,0.05000000075
705,2022-10-01,ZAF,2067,Nowcasting,4,Phase 4+,0,0.05000000075
706,2022-06-01,COD,2075,Nowcasting,4,Phase 4+,0,0.07999999821
706,2022-07-01,COD,2076,Nowcasting,4,Phase 4+,0.05,0.07999999821
707,2022-04-01,BDI,2087,Nowcasting,4,Phase 4+,0,0.03999999911
707,2022-06-01,BDI,2088,Nowcasting,4,Phase 4+,0,0.03999999911
707,2022-07-01,BDI,2089,Nowcasting,4,Phase 4+,0.05,0.05000000075
708,2022-04-01,BDI,2100,Nowcasting,4,Phase 4+,0,0.03999999911
708,2022-06-01,BDI,2101,Nowcasting,4,Phase 4+,0,0.03999999911
708,2022-07-01,BDI,2102,Nowcasting,4,Phase 4+,0.05,0.05000000075
711,2022-02-01,SSD,2118,Nowcasting,4,Phase 4+,0.05,0.09000000358
711,2022-07-01,SSD,2119,Nowcasting,4,Phase 4+,0.05,0.05000000075
712,2022-02-01,SSD,2133,Nowcasting,4,Phase 4+,0.05,0.09000000358
712,2022-07-01,SSD,2134,Nowcasting,4,Phase 4+,0.05,0.05000000075
716,2022-02-01,COD,2146,Nowcasting,4,Phase 4+,0.05,0.05999999866
716,2022-06-01,COD,2147,Nowcasting,4,Phase 4+,0,0.0700000003
717,2022-02-01,COD,2154,Nowcasting,4,Phase 4+,0.05,0.05999999866
717,2022-06-01,COD,2155,Nowcasting,4,Phase 4+,0,0.07999999821
723,2022-02-01,SSD,2162,Nowcasting,4,Phase 4+,0.5,0.1400000006
724,2022-02-01,SSD,2165,Nowcasting,4,Phase 4+,0.5,0.1299999952
726,2022-02-01,COD,2171,Nowcasting,4,Phase 4+,0.05,0.0700000003
727,2022-06-01,ZAF,2179,Nowcasting,4,Phase 4+,0,0.05000000075
727,2022-07-01,ZAF,2180,Nowcasting,4,Phase 4+,0,0.05000000075
732,2022-06-01,SSD,2195,Nowcasting,4,Phase 4+,0,0.05999999866
732,2022-10-01,SSD,2196,Nowcasting,4,Phase 4+,0.05,0.05999999866
733,2022-06-01,SSD,2206,Nowcasting,4,Phase 4+,0,0.05999999866
733,2022-10-01,SSD,2207,Nowcasting,4,Phase 4+,0.05,0.05999999866
735,2022-02-01,SSD,2221,Nowcasting,4,Phase 4+,0.05,0.1099999994
735,2022-10-01,SSD,2222,Nowcasting,4,Phase 4+,0.05,0.05999999866
736,2022-02-01,SSD,2231,Nowcasting,4,Phase 4+,0.05,0.1099999994
736,2022-10-01,SSD,2232,Nowcasting,4,Phase 4+,0.05,0.05999999866
748,2022-02-01,SSD,2239,Nowcasting,4,Phase 4+,0.4,0.150000006
749,2022-02-01,SSD,2240,Nowcasting,4,Phase 4+,0.4,0.150000006
752,2022-10-01,UGA,2242,Nowcasting,4,Phase 4+,0.05,0.05000000075
753,2022-10-01,UGA,2244,Nowcasting,4,Phase 4+,0.05,0.05000000075
759,2022-06-01,SWZ,2274,Nowcasting,4,Phase 4+,0,0.05000000075
759,2022-10-01,SWZ,2275,Nowcasting,4,Phase 4+,0,0.05000000075
760,2022-02-01,SSD,2279,Nowcasting,4,Phase 4+,0.1,0.1099999994
761,2022-06-01,SWZ,2285,Nowcasting,4,Phase 4+,0,0.05000000075
761,2022-10-01,SWZ,2286,Nowcasting,4,Phase 4+,0,0.05000000075
762,2022-02-01,SSD,2290,Nowcasting,4,Phase 4+,0.1,0.1099999994
768,2022-02-01,SSD,2295,Nowcasting,4,Phase 4+,0.35,0.1299999952
769,2022-02-01,SSD,2298,Nowcasting,4,Phase 4+,0.35,0.1299999952
770,2022-06-01,SWZ,2299,Nowcasting,4,Phase 4+,0,0.05000000075
770,2022-10-01,SWZ,2300,Nowcasting,4,Phase 4+,0,0.05000000075
773,2022-06-01,SWZ,2307,Nowcasting,4,Phase 4+,0,0.05000000075
773,2022-10-01,SWZ,2308,Nowcasting,4,Phase 4+,0,0.05000000075
779,2022-02-01,SSD,2317,Nowcasting,4,Phase 4+,0.45,0.1099999994
779,2022-10-01,SSD,2318,Nowcasting,4,Phase 4+,0.45,0.1299999952
780,2022-02-01,SSD,2322,Nowcasting,4,Phase 4+,0.45,0.1299999952
780,2022-10-01,SSD,2323,Nowcasting,4,Phase 4+,0.45,0.150000006
781,2022-10-01,SSD,2326,Nowcasting,4,Phase 4+,0.6,0.1599999964
782,2022-10-01,SSD,2329,Nowcasting,4,Phase 4+,0.6,0.1299999952
783,2022-10-01,SSD,2337,Nowcasting,4,Phase 4+,0.05,0.05999999866
784,2022-10-01,SSD,2345,Nowcasting,4,Phase 4+,0.05,0.05999999866
785,2022-06-01,SSD,2357,Nowcasting,4,Phase 4+,0.05,0.05999999866
785,2022-10-01,SSD,2358,Nowcasting,4,Phase 4+,0.1,0.05999999866
786,2022-06-01,SSD,2370,Nowcasting,4,Phase 4+,0.05,0.05999999866
786,2022-10-01,SSD,2371,Nowcasting,4,Phase 4+,0.1,0.05999999866
789,2022-10-01,SSD,2376,Nowcasting,4,Phase 4+,0.25,0.1299999952
793,2022-02-01,SDN,2379,Nowcasting,4,Phase 4+,0.1,0.1000000015
794,2022-10-01,SWZ,2381,Nowcasting,4,Phase 4+,0,0.05000000075
796,2022-06-01,UGA,2386,Nowcasting,4,Phase 4+,0.05,0.05000000075
797,2022-06-01,UGA,2390,Nowcasting,4,Phase 4+,0.05,0.05000000075
798,2022-06-01,SWZ,2393,Nowcasting,4,Phase 4+,0.05,0.05999999866
799,2022-06-01,SWZ,2396,Nowcasting,4,Phase 4+,0.05,0.05999999866
800,2022-10-01,SSD,2399,Nowcasting,4,Phase 4+,0.2,0.150000006
801,2022-10-01,SSD,2402,Nowcasting,4,Phase 4+,0.2,0.150000006
806,2022-02-01,SSD,2409,Nowcasting,4,Phase 4+,0.15,0.09000000358
806,2022-10-01,SSD,2410,Nowcasting,4,Phase 4+,0.1,0.1099999994
807,2022-02-01,SSD,2417,Nowcasting,4,Phase 4+,0.15,0.1299999952
807,2022-10-01,SSD,2418,Nowcasting,4,Phase 4+,0.1,0.1199999973
815,2022-02-01,SSD,2422,Nowcasting,4,Phase 4+,0.3,0.1199999973
815,2022-10-01,SSD,2423,Nowcasting,4,Phase 4+,0.3,0.1800000072
816,2022-02-01,SSD,2427,Nowcasting,4,Phase 4+,0.3,0.1199999973
816,2022-10-01,SSD,2428,Nowcasting,4,Phase 4+,0.3,0.1800000072
817,2022-02-01,SSD,2434,Nowcasting,4,Phase 4+,0.25,0.1099999994
817,2022-10-01,SSD,2435,Nowcasting,4,Phase 4+,0.4,0.1199999973
818,2022-02-01,SSD,2441,Nowcasting,4,Phase 4+,0.25,0.1099999994
818,2022-10-01,SSD,2442,Nowcasting,4,Phase 4+,0.4,0.1199999973
820,2022-02-01,SSD,2449,Nowcasting,4,Phase 4+,0,0.0700000003
820,2022-03-01,SSD,2450,Nowcasting,4,Phase 4+,0.05,0.07999999821
820,2022-06-01,SSD,2451,Nowcasting,4,Phase 4+,0.05,0.05999999866
821,2022-02-01,SSD,2458,Nowcasting,4,Phase 4+,0,0.0700000003
821,2022-03-01,SSD,2459,Nowcasting,4,Phase 4+,0.05,0.07999999821
821,2022-06-01,SSD,2460,Nowcasting,4,Phase 4+,0.05,0.05999999866
825,2022-04-01,SDN,2461,Nowcasting,4,Phase 4+,0.1,0.1199999973
828,2022-04-01,SDN,2464,Nowcasting,4,Phase 4+,0.05,0.1099999994
829,2022-04-01,SDN,2467,Nowcasting,4,Phase 4+,0.05,0.1099999994
837,2022-06-01,UGA,2470,Nowcasting,4,Phase 4+,0.05,0.05999999866
842,2022-02-01,SSD,2482,Nowcasting,4,Phase 4+,0.1,0.09000000358
842,2022-03-01,SSD,2483,Nowcasting,4,Phase 4+,0.05,0.07999999821
842,2022-06-01,SSD,2484,Nowcasting,4,Phase 4+,0.05,0.05999999866
842,2022-10-01,SSD,2485,Nowcasting,4,Phase 4+,0.1,0.05999999866
843,2022-02-01,SSD,2495,Nowcasting,4,Phase 4+,0.1,0.09000000358
843,2022-03-01,SSD,2496,Nowcasting,4,Phase 4+,0.05,0.07999999821
843,2022-06-01,SSD,2497,Nowcasting,4,Phase 4+,0.05,0.05999999866
843,2022-10-01,SSD,2498,Nowcasting,4,Phase 4+,0.1,0.05999999866
844,2022-10-01,SSD,2500,Nowcasting,4,Phase 4+,0.1,0.1099999994
845,2022-10-01,SSD,2502,Nowcasting,4,Phase 4+,0.1,0.1099999994
852,2022-06-01,UGA,2512,Nowcasting,4,Phase 4+,0.05,0.05999999866
857,2022-03-01,UGA,2522,Nowcasting,4,Phase 4+,0.05,0.05000000075
858,2022-03-01,UGA,2525,Nowcasting,4,Phase 4+,0.05,0.05000000075
882,2022-02-01,SSD,2553,Nowcasting,4,Phase 4+,0.3,0.1400000006
883,2022-02-01,SSD,2558,Nowcasting,4,Phase 4+,0.3,0.1400000006
893,2022-02-01,SSD,2571,Nowcasting,4,Phase 4+,0.15,0.07999999821
893,2022-10-01,SSD,2572,Nowcasting,4,Phase 4+,0.15,0.05999999866
894,2022-02-01,SSD,2578,Nowcasting,4,Phase 4+,0.15,0.07999999821
894,2022-10-01,SSD,2579,Nowcasting,4,Phase 4+,0.15,0.05999999866
896,2022-04-01,SSD,2584,Nowcasting,4,Phase 4+,0.2,0.1000000015
897,2022-04-01,SSD,2587,Nowcasting,4,Phase 4+,0.2,0.1000000015
898,2022-03-01,SSD,2588,Nowcasting,4,Phase 4+,0.05,0.09000000358
898,2022-06-01,SSD,2589,Nowcasting,4,Phase 4+,0,0.07999999821
898,2022-10-01,SSD,2590,Nowcasting,4,Phase 4+,0.15,0.0700000003
899,2022-03-01,SSD,2591,Nowcasting,4,Phase 4+,0.05,0.09000000358
899,2022-06-01,SSD,2592,Nowcasting,4,Phase 4+,0,0.07999999821
899,2022-10-01,SSD,2593,Nowcasting,4,Phase 4+,0.15,0.0700000003
901,2022-02-01,SSD,2596,Nowcasting,4,Phase 4+,0.2,0.1299999952
902,2022-02-01,SSD,2598,Nowcasting,4,Phase 4+,0.2,0.1299999952
913,2022-02-01,SSD,2615,Nowcasting,4,Phase 4+,0.15,0.09000000358
914,2022-02-01,SSD,2619,Nowcasting,4,Phase 4+,0.15,0.09000000358
915,2022-10-01,MWI,2621,Nowcasting,4,Phase 4+,0,0.05000000075
916,2022-03-01,UGA,2622,Nowcasting,4,Phase 4+,0.1,0.05000000075
917,2022-02-01,UGA,2624,Nowcasting,4,Phase 4+,0.15,0.05000000075
917,2022-06-01,UGA,2625,Nowcasting,4,Phase 4+,0,0.05999999866
918,2022-02-01,UGA,2627,Nowcasting,4,Phase 4+,0.15,0.05000000075
918,2022-06-01,UGA,2628,Nowcasting,4,Phase 4+,0,0.05999999866
919,2022-03-01,UGA,2629,Nowcasting,4,Phase 4+,0.1,0.05999999866
921,2022-10-01,MWI,2631,Nowcasting,4,Phase 4+,0,0.05000000075
929,2022-10-01,UGA,2645,Nowcasting,4,Phase 4+,0.15,0.05999999866
930,2022-02-01,SSD,2649,Nowcasting,4,Phase 4+,0.3,0.1299999952
930,2022-10-01,SSD,2650,Nowcasting,4,Phase 4+,0.1,0.1400000006
931,2022-02-01,SSD,2655,Nowcasting,4,Phase 4+,0.3,0.1299999952
931,2022-10-01,SSD,2656,Nowcasting,4,Phase 4+,0.1,0.1400000006
937,2022-02-01,UGA,2672,Nowcasting,4,Phase 4+,0.15,0.05000000075
937,2022-03-01,UGA,2673,Nowcasting,4,Phase 4+,0.05,0.05000000075
937,2022-06-01,UGA,2674,Nowcasting,4,Phase 4+,0.05,0.05999999866
937,2022-07-01,UGA,2675,Nowcasting,4,Phase 4+,0.15,0.05999999866
937,2022-10-01,UGA,2676,Nowcasting,4,Phase 4+,0.15,0.05000000075
938,2022-02-01,UGA,2685,Nowcasting,4,Phase 4+,0.15,0.05000000075
938,2022-03-01,UGA,2686,Nowcasting,4,Phase 4+,0.05,0.05000000075
938,2022-06-01,UGA,2687,Nowcasting,4,Phase 4+,0.05,0.05999999866
938,2022-07-01,UGA,2688,Nowcasting,4,Phase 4+,0.15,0.05999999866
938,2022-10-01,UGA,2689,Nowcasting,4,Phase 4+,0.15,0.05000000075
941,2022-03-01,UGA,2692,Nowcasting,4,Phase 4+,0.1,0.0700000003
942,2022-03-01,UGA,2695,Nowcasting,4,Phase 4+,0.1,0.0700000003
948,2022-02-01,UGA,2701,Nowcasting,4,Phase 4+,0.15,0.05999999866
948,2022-03-01,UGA,2702,Nowcasting,4,Phase 4+,0.1,0.05999999866
951,2022-02-01,UGA,2711,Nowcasting,4,Phase 4+,0,0.03999999911
951,2022-03-01,UGA,2712,Nowcasting,4,Phase 4+,0.1,0.0700000003
951,2022-06-01,UGA,2713,Nowcasting,4,Phase 4+,0.05,0.05999999866
951,2022-07-01,UGA,2714,Nowcasting,4,Phase 4+,0,0.05999999866
952,2022-02-01,UGA,2719,Nowcasting,4,Phase 4+,0,0.03999999911
952,2022-03-01,UGA,2720,Nowcasting,4,Phase 4+,0.1,0.0700000003
952,2022-06-01,UGA,2721,Nowcasting,4,Phase 4+,0.05,0.05999999866
952,2022-07-01,UGA,2722,Nowcasting,4,Phase 4+,0,0.05999999866
957,2022-07-01,KEN,2727,Nowcasting,4,Phase 4+,0,0.03999999911
965,2022-02-01,UGA,2730,Nowcasting,4,Phase 4+,0,0.05000000075
965,2022-06-01,UGA,2731,Nowcasting,4,Phase 4+,0,0.0700000003
966,2022-02-01,UGA,2733,Nowcasting,4,Phase 4+,0,0.05000000075
966,2022-06-01,UGA,2734,Nowcasting,4,Phase 4+,0,0.0700000003
968,2022-02-01,UGA,2738,Nowcasting,4,Phase 4+,0.1,0.03999999911
968,2022-03-01,UGA,2739,Nowcasting,4,Phase 4+,0.15,0.05999999866
968,2022-06-01,UGA,2740,Nowcasting,4,Phase 4+,0.1,0.05999999866
968,2022-07-01,UGA,2741,Nowcasting,4,Phase 4+,0.15,0.05999999866
969,2022-02-01,UGA,2745,Nowcasting,4,Phase 4+,0.1,0.03999999911
969,2022-03-01,UGA,2746,Nowcasting,4,Phase 4+,0.15,0.05999999866
969,2022-06-01,UGA,2747,Nowcasting,4,Phase 4+,0.1,0.05999999866
969,2022-07-01,UGA,2748,Nowcasting,4,Phase 4+,0.15,0.05999999866
971,2022-03-01,SSD,2751,Nowcasting,4,Phase 4+,0.1,0.07999999821
971,2022-06-01,SSD,2752,Nowcasting,4,Phase 4+,0.05,0.07999999821
972,2022-03-01,SSD,2755,Nowcasting,4,Phase 4+,0.1,0.07999999821
972,2022-06-01,SSD,2756,Nowcasting,4,Phase 4+,0.05,0.07999999821
983,2022-06-01,MOZ,2760,Nowcasting,4,Phase 4+,0,0.05999999866
984,2022-06-01,MOZ,2761,Nowcasting,4,Phase 4+,0,0.07999999821
985,2022-06-01,MOZ,2762,Nowcasting,4,Phase 4+,0,0.07999999821
994,2022-02-01,KEN,2765,Nowcasting,4,Phase 4+,0,0.05000000075
994,2022-06-01,KEN,2766,Nowcasting,4,Phase 4+,0,0.07999999821
995,2022-02-01,KEN,2769,Nowcasting,4,Phase 4+,0,0.05000000075
995,2022-06-01,KEN,2770,Nowcasting,4,Phase 4+,0,0.07999999821
997,2022-09-01,LBN,2774,Nowcasting,4,Phase 4+,0.1,0.1199999973
1001,2022-09-01,LBN,2777,Nowcasting,4,Phase 4+,0.05,0.1299999952
1003,2022-02-01,KEN,2781,Nowcasting,4,Phase 4+,0.1,0.05999999866
1003,2022-03-01,KEN,2782,Nowcasting,4,Phase 4+,0.15,0.0700000003
1003,2022-07-01,KEN,2783,Nowcasting,4,Phase 4+,0.15,0.05999999866
1005,2022-02-01,KEN,2787,Nowcasting,4,Phase 4+,0.1,0.05999999866
1005,2022-03-01,KEN,2788,Nowcasting,4,Phase 4+,0.15,0.0700000003
1005,2022-07-01,KEN,2789,Nowcasting,4,Phase 4+,0.15,0.05999999866
1008,2022-09-01,LBN,2791,Nowcasting,4,Phase 4+,0.05,0.1099999994
1011,2022-02-01,KEN,2796,Nowcasting,4,Phase 4+,0.05,0.03999999911
1011,2022-03-01,KEN,2797,Nowcasting,4,Phase 4+,0.05,0.05999999866
1011,2022-06-01,KEN,2798,Nowcasting,4,Phase 4+,0,0.05999999866
1011,2022-07-01,KEN,2799,Nowcasting,4,Phase 4+,0.05,0.05000000075
1016,2022-09-01,LBN,2806,Nowcasting,4,Phase 4+,0.05,0.1199999973
1017,2022-09-01,LBN,2807,Nowcasting,4,Phase 4+,0.05,0.1099999994
1020,2022-09-01,LBN,2808,Nowcasting,4,Phase 4+,0.1,0.1299999952
1023,2022-09-01,LBN,2809,Nowcasting,4,Phase 4+,0,0.1000000015
1032,2022-02-01,KEN,2815,Nowcasting,4,Phase 4+,0.05,0.05999999866
1032,2022-03-01,KEN,2816,Nowcasting,4,Phase 4+,0.05,0.0700000003
1032,2022-06-01,KEN,2817,Nowcasting,4,Phase 4+,0,0.07999999821
1033,2022-02-01,KEN,2820,Nowcasting,4,Phase 4+,0.05,0.05999999866
1033,2022-03-01,KEN,2821,Nowcasting,4,Phase 4+,0.05,0.0700000003
1033,2022-06-01,KEN,2822,Nowcasting,4,Phase 4+,0,0.0700000003
1038,2022-09-01,LBN,2824,Nowcasting,4,Phase 4+,0.1,0.1099999994
1039,2022-09-01,LBN,2825,Nowcasting,4,Phase 4+,0.1,0.1099999994
1046,2022-02-01,KEN,2831,Nowcasting,4,Phase 4+,0,0.05999999866
1046,2022-07-01,KEN,2832,Nowcasting,4,Phase 4+,0.05,0.0700000003
1047,2022-02-01,KEN,2835,Nowcasting,4,Phase 4+,0,0.05999999866
1047,2022-07-01,KEN,2836,Nowcasting,4,Phase 4+,0.05,0.0700000003
1048,2022-07-01,KEN,2837,Nowcasting,4,Phase 4+,0,0.05000000075
1048,2022-10-01,KEN,2838,Nowcasting,4,Phase 4+,0.05,0.05000000075
1049,2022-10-01,KEN,2839,Nowcasting,4,Phase 4+,0.05,0.05999999866
1050,2022-10-01,KEN,2840,Nowcasting,4,Phase 4+,0.05,0.05999999866
1057,2022-07-01,TZA,2846,Nowcasting,4,Phase 4+,0,0.05999999866
1059,2022-02-01,KEN,2848,Nowcasting,4,Phase 4+,0.1,0.05999999866
1059,2022-07-01,KEN,2849,Nowcasting,4,Phase 4+,0.15,0.05999999866
1060,2022-02-01,KEN,2851,Nowcasting,4,Phase 4+,0.1,0.05999999866
1060,2022-07-01,KEN,2852,Nowcasting,4,Phase 4+,0.15,0.05999999866
1061,2022-07-01,KEN,2857,Nowcasting,4,Phase 4+,0.05,0.05000000075
1068,2022-02-01,KEN,2865,Nowcasting,4,Phase 4+,0.15,0.0700000003
1068,2022-07-01,KEN,2866,Nowcasting,4,Phase 4+,0.1,0.05999999866
1071,2022-02-01,KEN,2870,Nowcasting,4,Phase 4+,0.15,0.0700000003
1071,2022-07-01,KEN,2871,Nowcasting,4,Phase 4+,0.1,0.05999999866
1097,2022-02-01,KEN,2878,Nowcasting,4,Phase 4+,0.05,0.03999999911
1099,2022-02-01,KEN,2879,Nowcasting,4,Phase 4+,0.05,0.03999999911
1102,2022-02-01,KEN,2882,Nowcasting,4,Phase 4+,0.05,0.0700000003
1102,2022-07-01,KEN,2883,Nowcasting,4,Phase 4+,0.15,0.05999999866
1103,2022-02-01,KEN,2886,Nowcasting,4,Phase 4+,0.05,0.0700000003
1103,2022-07-01,KEN,2887,Nowcasting,4,Phase 4+,0.15,0.05999999866
1107,2022-10-01,MOZ,2888,Nowcasting,4,Phase 4+,0.05,0.05000000075
1112,2022-10-01,MOZ,2889,Nowcasting,4,Phase 4+,0,0.05000000075
1113,2022-10-01,MOZ,2890,Nowcasting,4,Phase 4+,0,0.05000000075
1114,2022-10-01,MOZ,2891,Nowcasting,4,Phase 4+,0,0.05000000075
1124,2022-10-01,MOZ,2899,Nowcasting,4,Phase 4+,0,0.05000000075
1128,2022-10-01,MOZ,2903,Nowcasting,4,Phase 4+,0,0.05999999866
1131,2022-10-01,MOZ,2911,Nowcasting,4,Phase 4+,0.05,0.05999999866
1145,2022-10-01,MOZ,2919,Nowcasting,4,Phase 4+,0.05,0.05000000075
1146,2022-10-01,MOZ,2921,Nowcasting,4,Phase 4+,0.05,0.05000000075
1148,2022-10-01,MOZ,2922,Nowcasting,4,Phase 4+,0.15,0.05999999866
1150,2022-10-01,MOZ,2923,Nowcasting,4,Phase 4+,0.15,0.05999999866
1151,2022-10-01,MOZ,2926,Nowcasting,4,Phase 4+,0.05,0.05999999866
1152,2022-10-01,MOZ,2929,Nowcasting,4,Phase 4+,0.05,0.05000000075
1154,2022-10-01,MOZ,2933,Nowcasting,4,Phase 4+,0.05,0.05000000075
1157,2022-02-01,KEN,2943,Nowcasting,4,Phase 4+,0.05,0.05000000075
1157,2022-07-01,KEN,2944,Nowcasting,4,Phase 4+,0.1,0.05000000075
1157,2022-10-01,KEN,2945,Nowcasting,4,Phase 4+,0,0.07999999821
1158,2022-02-01,KEN,2953,Nowcasting,4,Phase 4+,0.05,0.05000000075
1158,2022-07-01,KEN,2954,Nowcasting,4,Phase 4+,0.1,0.05000000075
1158,2022-10-01,KEN,2955,Nowcasting,4,Phase 4+,0,0.07999999821
1160,2022-01-01,KEN,2967,Nowcasting,4,Phase 4+,0.04,0.05000000075
1160,2022-02-01,KEN,2968,Nowcasting,4,Phase 4+,0.05,0.05000000075
1160,2022-05-01,KEN,2969,Nowcasting,4,Phase 4+,0.13,0.05999999866
1160,2022-07-01,KEN,2970,Nowcasting,4,Phase 4+,0.15,0.05000000075
1160,2022-10-01,KEN,2971,Nowcasting,4,Phase 4+,0,0.0700000003
1161,2022-01-01,KEN,2983,Nowcasting,4,Phase 4+,0.04,0.05000000075
1161,2022-02-01,KEN,2984,Nowcasting,4,Phase 4+,0.05,0.05000000075
1161,2022-05-01,KEN,2985,Nowcasting,4,Phase 4+,0.13,0.05999999866
1161,2022-07-01,KEN,2986,Nowcasting,4,Phase 4+,0.15,0.05000000075
1161,2022-10-01,KEN,2987,Nowcasting,4,Phase 4+,0,0.0700000003
1173,2022-01-01,KEN,2997,Nowcasting,4,Phase 4+,0,0.05999999866
1173,2022-02-01,KEN,2998,Nowcasting,4,Phase 4+,0.1,0.05999999866
1173,2022-07-01,KEN,2999,Nowcasting,4,Phase 4+,0.15,0.05000000075
1173,2022-10-01,KEN,3000,Nowcasting,4,Phase 4+,0,0.07999999821
1182,2022-01-01,SOM,3020,Nowcasting,4,Phase 4+,0.04,0.03999999911
1182,2022-05-01,SOM,3021,Nowcasting,4,Phase 4+,0.13,0.05000000075
1182,2022-10-01,SOM,3022,Nowcasting,4,Phase 4+,0,0.05000000075
1183,2022-01-01,SOM,3028,Nowcasting,4,Phase 4+,0,0.05000000075
1183,2022-02-01,SOM,3029,Nowcasting,4,Phase 4+,0.1,0.05000000075
1184,2022-01-01,SOM,3035,Nowcasting,4,Phase 4+,0,0.05000000075
1184,2022-02-01,SOM,3036,Nowcasting,4,Phase 4+,0.1,0.05000000075
1188,2022-01-01,SOM,3048,Nowcasting,4,Phase 4+,0,0.03999999911
1188,2022-02-01,SOM,3049,Nowcasting,4,Phase 4+,0.1,0.05000000075
1188,2022-05-01,SOM,3050,Nowcasting,4,Phase 4+,0.13,0.05000000075
1188,2022-07-01,SOM,3051,Nowcasting,4,Phase 4+,0.05,0.05999999866
1189,2022-01-01,SOM,3058,Nowcasting,4,Phase 4+,0,0.05000000075
1189,2022-02-01,SOM,3059,Nowcasting,4,Phase 4+,0.1,0.05000000075
1189,2022-10-01,SOM,3060,Nowcasting,4,Phase 4+,0,0.05999999866
1190,2022-01-01,SOM,3069,Nowcasting,4,Phase 4+,0.04,0.03999999911
1190,2022-05-01,SOM,3070,Nowcasting,4,Phase 4+,0.13,0.05000000075
1190,2022-07-01,SOM,3071,Nowcasting,4,Phase 4+,0.05,0.0700000003
1190,2022-10-01,SOM,3072,Nowcasting,4,Phase 4+,0.05,0.07999999821
1192,2022-10-01,ETH,3077,Nowcasting,4,Phase 4+,0,0.09000000358
1195,2022-01-01,SOM,3089,Nowcasting,4,Phase 4+,0.04,0.03999999911
1195,2022-05-01,SOM,3090,Nowcasting,4,Phase 4+,0.13,0.05000000075
1195,2022-07-01,SOM,3091,Nowcasting,4,Phase 4+,0.05,0.0700000003
1195,2022-10-01,SOM,3092,Nowcasting,4,Phase 4+,0.05,0.0700000003
1196,2022-01-01,SOM,3104,Nowcasting,4,Phase 4+,0,0.03999999911
1196,2022-02-01,SOM,3105,Nowcasting,4,Phase 4+,0.1,0.03999999911
1196,2022-05-01,SOM,3106,Nowcasting,4,Phase 4+,0.13,0.05000000075
1196,2022-07-01,SOM,3107,Nowcasting,4,Phase 4+,0.05,0.0700000003
1196,2022-10-01,SOM,3108,Nowcasting,4,Phase 4+,0,0.0700000003
1197,2022-01-01,SOM,3120,Nowcasting,4,Phase 4+,0,0.03999999911
1197,2022-02-01,SOM,3121,Nowcasting,4,Phase 4+,0.1,0.03999999911
1197,2022-05-01,SOM,3122,Nowcasting,4,Phase 4+,0.13,0.05000000075
1197,2022-07-01,SOM,3123,Nowcasting,4,Phase 4+,0.05,0.0700000003
1197,2022-10-01,SOM,3124,Nowcasting,4,Phase 4+,0,0.0700000003
1200,2022-10-01,SOM,3133,Nowcasting,4,Phase 4+,0.15,0.07999999821
1203,2022-02-01,SOM,3138,Nowcasting,4,Phase 4+,0.1,0.05999999866
1203,2022-10-01,SOM,3139,Nowcasting,4,Phase 4+,0.1,0.0700000003
1204,2022-02-01,SOM,3144,Nowcasting,4,Phase 4+,0.1,0.05999999866
1204,2022-10-01,SOM,3145,Nowcasting,4,Phase 4+,0.05,0.07999999821
1207,2022-01-01,SOM,3152,Nowcasting,4,Phase 4+,0,0.03999999911
1207,2022-05-01,SOM,3153,Nowcasting,4,Phase 4+,0.13,0.05000000075
1207,2022-07-01,SOM,3154,Nowcasting,4,Phase 4+,0.05,0.0700000003
1210,2022-07-01,ETH,3156,Nowcasting,4,Phase 4+,0,0.09000000358
1211,2022-01-01,SOM,3166,Nowcasting,4,Phase 4+,0,0.05000000075
1211,2022-05-01,SOM,3167,Nowcasting,4,Phase 4+,0.13,0.05000000075
1211,2022-07-01,SOM,3168,Nowcasting,4,Phase 4+,0.05,0.07999999821
1212,2022-10-01,SOM,3171,Nowcasting,4,Phase 4+,0,0.0700000003
1214,2022-05-01,SOM,3179,Nowcasting,4,Phase 4+,0.13,0.05000000075
1214,2022-07-01,SOM,3180,Nowcasting,4,Phase 4+,0.05,0.0700000003
1214,2022-10-01,SOM,3181,Nowcasting,4,Phase 4+,0.05,0.07999999821
1215,2022-10-01,DJI,3183,Nowcasting,4,Phase 4+,0,0.1000000015
1216,2022-01-01,SOM,3190,Nowcasting,4,Phase 4+,0.04,0.05000000075
1216,2022-10-01,SOM,3191,Nowcasting,4,Phase 4+,0,0.05999999866
1217,2022-01-01,SOM,3198,Nowcasting,4,Phase 4+,0.04,0.05000000075
1217,2022-10-01,SOM,3199,Nowcasting,4,Phase 4+,0,0.05999999866
1220,2022-01-01,SOM,3213,Nowcasting,4,Phase 4+,0.04,0.03999999911
1220,2022-05-01,SOM,3214,Nowcasting,4,Phase 4+,0.13,0.05000000075
1220,2022-07-01,SOM,3215,Nowcasting,4,Phase 4+,0,0.0700000003
1220,2022-10-01,SOM,3216,Nowcasting,4,Phase 4+,0,0.0700000003
1222,2022-05-01,SOM,3224,Nowcasting,4,Phase 4+,0.13,0.05000000075
1222,2022-07-01,SOM,3225,Nowcasting,4,Phase 4+,0.05,0.07999999821
1222,2022-10-01,SOM,3226,Nowcasting,4,Phase 4+,0,0.07999999821
1223,2022-01-01,SOM,3233,Nowcasting,4,Phase 4+,0.04,0.03999999911
1223,2022-07-01,SOM,3234,Nowcasting,4,Phase 4+,0,0.05000000075
1223,2022-10-01,SOM,3235,Nowcasting,4,Phase 4+,0,0.05000000075
1226,2022-01-01,SOM,3249,Nowcasting,4,Phase 4+,0.04,0.03999999911
1226,2022-07-01,SOM,3250,Nowcasting,4,Phase 4+,0,0.0700000003
1226,2022-10-01,SOM,3251,Nowcasting,4,Phase 4+,0,0.05000000075
1227,2022-01-01,SOM,3258,Nowcasting,4,Phase 4+,0.01,0.03999999911
1228,2022-01-01,SOM,3265,Nowcasting,4,Phase 4+,0.01,0.03999999911
1228,2022-05-01,SOM,3266,Nowcasting,4,Phase 4+,0.21,0.05000000075
1231,2022-01-01,SOM,3275,Nowcasting,4,Phase 4+,0.01,0.03999999911
1231,2022-05-01,SOM,3276,Nowcasting,4,Phase 4+,0.21,0.05000000075
1231,2022-10-01,SOM,3277,Nowcasting,4,Phase 4+,0.15,0.05000000075
1234,2022-10-01,ETH,3283,Nowcasting,4,Phase 4+,0,0.07999999821
1238,2022-01-01,SOM,3290,Nowcasting,4,Phase 4+,0.05,0.05999999866
1238,2022-07-01,SOM,3291,Nowcasting,4,Phase 4+,0,0.0700000003
1238,2022-10-01,SOM,3292,Nowcasting,4,Phase 4+,0,0.07999999821
1241,2022-01-01,SOM,3302,Nowcasting,4,Phase 4+,0.04,0.03999999911
1241,2022-10-01,SOM,3303,Nowcasting,4,Phase 4+,0.05,0.0700000003
1243,2022-05-01,SOM,3306,Nowcasting,4,Phase 4+,0.21,0.05000000075
1249,2022-01-01,SOM,3312,Nowcasting,4,Phase 4+,0.01,0.07999999821
1249,2022-03-01,SOM,3313,Nowcasting,4,Phase 4+,0.05,0.09000000358
1249,2022-05-01,SOM,3314,Nowcasting,4,Phase 4+,0.03,0.0700000003
1252,2022-01-01,SOM,3321,Nowcasting,4,Phase 4+,0.01,0.07999999821
1252,2022-03-01,SOM,3322,Nowcasting,4,Phase 4+,0.05,0.1000000015
1252,2022-05-01,SOM,3323,Nowcasting,4,Phase 4+,0.03,0.0700000003
1254,2022-01-01,SOM,3327,Nowcasting,4,Phase 4+,0.05,0.05999999866
1254,2022-05-01,SOM,3328,Nowcasting,4,Phase 4+,0.18,0.05999999866
1254,2022-07-01,SOM,3329,Nowcasting,4,Phase 4+,0.1,0.0700000003
1254,2022-10-01,SOM,3330,Nowcasting,4,Phase 4+,0.1,0.05999999866
1255,2022-10-01,SOM,3335,Nowcasting,4,Phase 4+,0,0.0700000003
1256,2022-10-01,ETH,3337,Nowcasting,4,Phase 4+,0.1,0.07999999821
1257,2022-05-01,SOM,3340,Nowcasting,4,Phase 4+,0.18,0.05999999866
1257,2022-10-01,SOM,3341,Nowcasting,4,Phase 4+,0.1,0.05999999866
1276,2022-01-01,SOM,3372,Nowcasting,4,Phase 4+,0.05,0.05999999866
1276,2022-05-01,SOM,3373,Nowcasting,4,Phase 4+,0.18,0.05999999866
1276,2022-07-01,SOM,3374,Nowcasting,4,Phase 4+,0.1,0.07999999821
1276,2022-10-01,SOM,3375,Nowcasting,4,Phase 4+,0.1,0.07999999821
1284,2022-01-01,SOM,3387,Nowcasting,4,Phase 4+,0.05,0.05999999866
1284,2022-05-01,SOM,3388,Nowcasting,4,Phase 4+,0.18,0.05999999866
1284,2022-07-01,SOM,3389,Nowcasting,4,Phase 4+,0.35,0.07999999821
1284,2022-10-01,SOM,3390,Nowcasting,4,Phase 4+,0.35,0.07999999821
1293,2022-01-01,SOM,3405,Nowcasting,4,Phase 4+,0.01,0.03999999911
1293,2022-05-01,SOM,3406,Nowcasting,4,Phase 4+,0.21,0.05000000075
1293,2022-07-01,SOM,3407,Nowcasting,4,Phase 4+,0.5,0.05000000075
1293,2022-10-01,SOM,3408,Nowcasting,4,Phase 4+,0.5,0.05999999866
1298,2022-03-01,YEM,3417,Nowcasting,4,Phase 4+,0,0.1700000018
1308,2022-01-01,SOM,3431,Nowcasting,4,Phase 4+,0.01,0.03999999911
1308,2022-05-01,SOM,3432,Nowcasting,4,Phase 4+,0.21,0.05000000075
1308,2022-07-01,SOM,3433,Nowcasting,4,Phase 4+,0.4,0.05999999866
1308,2022-10-01,SOM,3434,Nowcasting,4,Phase 4+,0.4,0.0700000003
1309,2022-01-01,SOM,3443,Nowcasting,4,Phase 4+,0.01,0.03999999911
1309,2022-05-01,SOM,3444,Nowcasting,4,Phase 4+,0.21,0.05000000075
1309,2022-07-01,SOM,3445,Nowcasting,4,Phase 4+,0.4,0.05999999866
1309,2022-10-01,SOM,3446,Nowcasting,4,Phase 4+,0.4,0.0700000003
1324,2022-01-01,SOM,3462,Nowcasting,4,Phase 4+,0.01,0.03999999911
1324,2022-05-01,SOM,3463,Nowcasting,4,Phase 4+,0.21,0.05000000075
1324,2022-07-01,SOM,3464,Nowcasting,4,Phase 4+,0.5,0.0700000003
1324,2022-10-01,SOM,3465,Nowcasting,4,Phase 4+,0.5,0.05999999866
1326,2022-05-01,ETH,3469,Nowcasting,4,Phase 4+,0.18,0.05999999866
1326,2022-07-01,ETH,3470,Nowcasting,4,Phase 4+,0.1,0.09000000358
1327,2022-07-01,ETH,3473,Nowcasting,4,Phase 4+,0.1,0.09000000358
1329,2022-03-01,YEM,3477,Nowcasting,4,Phase 4+,0,0.1700000018
1351,2022-01-01,SOM,3495,Nowcasting,4,Phase 4+,0.01,0.03999999911
1351,2022-05-01,SOM,3496,Nowcasting,4,Phase 4+,0.03,0.05000000075
1351,2022-07-01,SOM,3497,Nowcasting,4,Phase 4+,0,0.0700000003
1351,2022-10-01,SOM,3498,Nowcasting,4,Phase 4+,0,0.0700000003
1354,2022-01-01,SOM,3503,Nowcasting,4,Phase 4+,0.01,0.03999999911
1354,2022-05-01,SOM,3504,Nowcasting,4,Phase 4+,0.03,0.05000000075
1354,2022-07-01,SOM,3505,Nowcasting,4,Phase 4+,0,0.0700000003
1354,2022-10-01,SOM,3506,Nowcasting,4,Phase 4+,0,0.0700000003
1357,2022-01-01,SOM,3515,Nowcasting,4,Phase 4+,0.05,0.05000000075
1357,2022-05-01,SOM,3516,Nowcasting,4,Phase 4+,0.18,0.05999999866
1357,2022-07-01,SOM,3517,Nowcasting,4,Phase 4+,0.35,0.07999999821
1357,2022-10-01,SOM,3518,Nowcasting,4,Phase 4+,0.1,0.07999999821
1358,2022-03-01,YEM,3522,Nowcasting,4,Phase 4+,0,0.1700000018
1361,2022-01-01,SOM,3532,Nowcasting,4,Phase 4+,0.05,0.05000000075
1361,2022-05-01,SOM,3533,Nowcasting,4,Phase 4+,0.18,0.05999999866
1361,2022-07-01,SOM,3534,Nowcasting,4,Phase 4+,0.35,0.07999999821
1361,2022-10-01,SOM,3535,Nowcasting,4,Phase 4+,0.1,0.07999999821
1366,2022-03-01,YEM,3540,Nowcasting,4,Phase 4+,0,0.1299999952
1367,2022-01-01,SOM,3551,Nowcasting,4,Phase 4+,0.05,0.05999999866
1367,2022-05-01,SOM,3552,Nowcasting,4,Phase 4+,0.18,0.0700000003
1367,2022-07-01,SOM,3553,Nowcasting,4,Phase 4+,0.35,0.09000000358
1367,2022-10-01,SOM,3554,Nowcasting,4,Phase 4+,0.1,0.09000000358
1368,2022-01-01,SOM,3565,Nowcasting,4,Phase 4+,0.05,0.05999999866
1368,2022-05-01,SOM,3566,Nowcasting,4,Phase 4+,0.18,0.0700000003
1368,2022-07-01,SOM,3567,Nowcasting,4,Phase 4+,0.35,0.09000000358
1368,2022-10-01,SOM,3568,Nowcasting,4,Phase 4+,0.1,0.09000000358
1374,2022-03-01,YEM,3577,Nowcasting,4,Phase 4+,0,0.1700000018
1375,2022-03-01,YEM,3578,Nowcasting,4,Phase 4+,0,0.1299999952
1375,2022-07-01,YEM,3579,Nowcasting,4,Phase 4+,0.05,0.1199999973
1376,2022-05-01,SOM,3582,Nowcasting,4,Phase 4+,0.21,0.05000000075
1378,2022-05-01,SOM,3586,Nowcasting,4,Phase 4+,0.18,0.0700000003
1378,2022-07-01,SOM,3587,Nowcasting,4,Phase 4+,0,0.0700000003
1379,2022-05-01,SOM,3591,Nowcasting,4,Phase 4+,0.18,0.0700000003
1379,2022-07-01,SOM,3592,Nowcasting,4,Phase 4+,0,0.0700000003
1380,2022-01-01,SOM,3599,Nowcasting,4,Phase 4+,0.01,0.03999999911
1380,2022-05-01,SOM,3600,Nowcasting,4,Phase 4+,0.21,0.05000000075
1380,2022-07-01,SOM,3601,Nowcasting,4,Phase 4+,0.4,0.05000000075
1381,2022-03-01,YEM,3606,Nowcasting,4,Phase 4+,0,0.1700000018
1382,2022-03-01,YEM,3610,Nowcasting,4,Phase 4+,0,0.1700000018
1383,2022-05-01,SOM,3614,Nowcasting,4,Phase 4+,0.18,0.05999999866
1384,2022-03-01,YEM,3619,Nowcasting,4,Phase 4+,0,0.1400000006
1390,2022-03-01,YEM,3627,Nowcasting,4,Phase 4+,0,0.1400000006
1397,2022-05-01,SOM,3634,Nowcasting,4,Phase 4+,0.04,0.05999999866
1397,2022-07-01,SOM,3635,Nowcasting,4,Phase 4+,0.1,0.1000000015
1400,2022-03-01,YEM,3640,Nowcasting,4,Phase 4+,0,0.1400000006
1420,2022-03-01,YEM,3674,Nowcasting,4,Phase 4+,0,0.1400000006
1422,2022-05-01,SOM,3681,Nowcasting,4,Phase 4+,0.04,0.05999999866
1422,2022-07-01,SOM,3682,Nowcasting,4,Phase 4+,0.1,0.0700000003
1429,2022-01-01,SOM,3696,Nowcasting,4,Phase 4+,0.01,0.03999999911
1429,2022-05-01,SOM,3697,Nowcasting,4,Phase 4+,0.03,0.05000000075
1429,2022-07-01,SOM,3698,Nowcasting,4,Phase 4+,0,0.09000000358
1429,2022-10-01,SOM,3699,Nowcasting,4,Phase 4+,0,0.0700000003
1430,2022-01-01,SOM,3708,Nowcasting,4,Phase 4+,0.01,0.03999999911
1430,2022-05-01,SOM,3709,Nowcasting,4,Phase 4+,0.03,0.05000000075
1430,2022-07-01,SOM,3710,Nowcasting,4,Phase 4+,0,0.09000000358
1430,2022-10-01,SOM,3711,Nowcasting,4,Phase 4+,0,0.0700000003
1443,2022-01-01,SOM,3729,Nowcasting,4,Phase 4+,0.01,0.03999999911
1443,2022-05-01,SOM,3730,Nowcasting,4,Phase 4+,0.03,0.05000000075
1443,2022-07-01,SOM,3731,Nowcasting,4,Phase 4+,0,0.07999999821
1443,2022-10-01,SOM,3732,Nowcasting,4,Phase 4+,0,0.0700000003
1446,2022-03-01,YEM,3736,Nowcasting,4,Phase 4+,0,0.1400000006
1448,2022-11-01,MDG,3738,Nowcasting,4,Phase 4+,0.1,0.05999999866
1449,2022-11-01,MDG,3740,Nowcasting,4,Phase 4+,0.1,0.05999999866
1454,2022-03-01,YEM,3750,Nowcasting,4,Phase 4+,0,0.1299999952
1461,2022-05-01,SOM,3769,Nowcasting,4,Phase 4+,0.04,0.05999999866
1461,2022-07-01,SOM,3770,Nowcasting,4,Phase 4+,0.05,0.0700000003
1462,2022-05-01,SOM,3777,Nowcasting,4,Phase 4+,0.04,0.05999999866
1462,2022-07-01,SOM,3778,Nowcasting,4,Phase 4+,0.05,0.0700000003
1466,2022-01-01,SOM,3791,Nowcasting,4,Phase 4+,0.01,0.03999999911
1466,2022-05-01,SOM,3792,Nowcasting,4,Phase 4+,0.03,0.05000000075
1466,2022-07-01,SOM,3793,Nowcasting,4,Phase 4+,0.05,0.05000000075
1466,2022-10-01,SOM,3794,Nowcasting,4,Phase 4+,0,0.05000000075
1475,2022-01-01,SOM,3815,Nowcasting,4,Phase 4+,0.01,0.03999999911
1475,2022-05-01,SOM,3816,Nowcasting,4,Phase 4+,0.03,0.05000000075
1475,2022-07-01,SOM,3817,Nowcasting,4,Phase 4+,0.05,0.05000000075
1475,2022-10-01,SOM,3818,Nowcasting,4,Phase 4+,0,0.05000000075
1480,2022-01-01,SOM,3836,Nowcasting,4,Phase 4+,0.01,0.03999999911
1480,2022-05-01,SOM,3837,Nowcasting,4,Phase 4+,0.03,0.05000000075
1480,2022-07-01,SOM,3838,Nowcasting,4,Phase 4+,0,0.0700000003
1481,2022-01-01,SOM,3847,Nowcasting,4,Phase 4+,0.01,0.03999999911
1481,2022-05-01,SOM,3848,Nowcasting,4,Phase 4+,0.03,0.05000000075
1481,2022-07-01,SOM,3849,Nowcasting,4,Phase 4+,0,0.0700000003
1481,2022-10-01,SOM,3850,Nowcasting,4,Phase 4+,0,0.0700000003
1495,2022-01-01,SOM,3873,Nowcasting,4,Phase 4+,0.01,0.03999999911
1495,2022-10-01,SOM,3874,Nowcasting,4,Phase 4+,0,0.05000000075
1503,2022-01-01,SOM,3888,Nowcasting,4,Phase 4+,0.01,0.03999999911
1503,2022-10-01,SOM,3889,Nowcasting,4,Phase 4+,0,0.05000000075
1506,2022-01-01,YEM,3896,Nowcasting,4,Phase 4+,0.18,0.1000000015
1510,2022-01-01,YEM,3904,Nowcasting,4,Phase 4+,0.18,0.09000000358
1515,2022-01-01,YEM,3911,Nowcasting,4,Phase 4+,0.18,0.09000000358
1518,2022-01-01,SOM,3927,Nowcasting,4,Phase 4+,0.01,0.03999999911
1518,2022-05-01,SOM,3928,Nowcasting,4,Phase 4+,0.03,0.05000000075
1518,2022-07-01,SOM,3929,Nowcasting,4,Phase 4+,0.05,0.05000000075
1518,2022-10-01,SOM,3930,Nowcasting,4,Phase 4+,0,0.05000000075
1519,2022-01-01,YEM,3932,Nowcasting,4,Phase 4+,0.18,0.1099999994
1520,2022-01-01,YEM,3935,Nowcasting,4,Phase 4+,0.18,0.1000000015
1522,2022-01-01,SOM,3944,Nowcasting,4,Phase 4+,0.01,0.03999999911
1522,2022-05-01,SOM,3945,Nowcasting,4,Phase 4+,0.03,0.05000000075
1522,2022-07-01,SOM,3946,Nowcasting,4,Phase 4+,0,0.05000000075
1522,2022-10-01,SOM,3947,Nowcasting,4,Phase 4+,0,0.05000000075
1528,2022-01-01,SOM,3961,Nowcasting,4,Phase 4+,0.03,0.05000000075
1528,2022-05-01,SOM,3962,Nowcasting,4,Phase 4+,0.09,0.05999999866
1528,2022-07-01,SOM,3963,Nowcasting,4,Phase 4+,0.05,0.0700000003
1528,2022-10-01,SOM,3964,Nowcasting,4,Phase 4+,0.05,0.0700000003
1534,2022-01-01,YEM,3969,Nowcasting,4,Phase 4+,0.18,0.09000000358
1536,2022-01-01,YEM,3977,Nowcasting,4,Phase 4+,0.18,0.09000000358
1540,2022-01-01,SOM,3990,Nowcasting,4,Phase 4+,0.03,0.05000000075
1540,2022-05-01,SOM,3991,Nowcasting,4,Phase 4+,0.09,0.05999999866
1540,2022-07-01,SOM,3992,Nowcasting,4,Phase 4+,0.05,0.05999999866
1540,2022-10-01,SOM,3993,Nowcasting,4,Phase 4+,0.05,0.05999999866
1541,2022-01-01,YEM,3994,Nowcasting,4,Phase 4+,0.18,0.1099999994
1542,2022-01-01,YEM,3997,Nowcasting,4,Phase 4+,0.18,0.09000000358
1551,2022-01-01,SOM,4019,Nowcasting,4,Phase 4+,0.01,0.03999999911
1551,2022-05-01,SOM,4020,Nowcasting,4,Phase 4+,0.03,0.05000000075
1551,2022-07-01,SOM,4021,Nowcasting,4,Phase 4+,0.1,0.05000000075
1551,2022-10-01,SOM,4022,Nowcasting,4,Phase 4+,0,0.05000000075
1553,2022-01-01,SOM,4031,Nowcasting,4,Phase 4+,0.01,0.03999999911
1553,2022-05-01,SOM,4032,Nowcasting,4,Phase 4+,0.03,0.05000000075
1553,2022-07-01,SOM,4033,Nowcasting,4,Phase 4+,0.05,0.05000000075
1553,2022-10-01,SOM,4034,Nowcasting,4,Phase 4+,0,0.05000000075
1558,2022-01-01,SOM,4045,Nowcasting,4,Phase 4+,0.03,0.0700000003
1558,2022-05-01,SOM,4046,Nowcasting,4,Phase 4+,0.09,0.0700000003
1558,2022-07-01,SOM,4047,Nowcasting,4,Phase 4+,0.2,0.09000000358
1558,2022-10-01,SOM,4048,Nowcasting,4,Phase 4+,0.15,0.09000000358
1559,2022-01-01,SOM,4057,Nowcasting,4,Phase 4+,0.03,0.0700000003
1559,2022-05-01,SOM,4058,Nowcasting,4,Phase 4+,0.09,0.0700000003
1559,2022-07-01,SOM,4059,Nowcasting,4,Phase 4+,0.2,0.09000000358
1559,2022-10-01,SOM,4060,Nowcasting,4,Phase 4+,0.15,0.09000000358
1561,2022-01-01,SOM,4071,Nowcasting,4,Phase 4+,0.01,0.03999999911
1561,2022-05-01,SOM,4072,Nowcasting,4,Phase 4+,0.08,0.05000000075
1561,2022-07-01,SOM,4073,Nowcasting,4,Phase 4+,0.05,0.05000000075
1561,2022-10-01,SOM,4074,Nowcasting,4,Phase 4+,0,0.05000000075
1562,2022-05-01,SOM,4083,Nowcasting,4,Phase 4+,0.09,0.05999999866
1562,2022-07-01,SOM,4084,Nowcasting,4,Phase 4+,0.05,0.0700000003
1562,2022-10-01,SOM,4085,Nowcasting,4,Phase 4+,0.05,0.0700000003
1563,2022-07-01,SOM,4092,Nowcasting,4,Phase 4+,0.05,0.0700000003
1563,2022-10-01,SOM,4093,Nowcasting,4,Phase 4+,0.05,0.0700000003
1566,2022-01-01,SOM,4107,Nowcasting,4,Phase 4+,0.01,0.03999999911
1566,2022-05-01,SOM,4108,Nowcasting,4,Phase 4+,0.08,0.05000000075
1566,2022-07-01,SOM,4109,Nowcasting,4,Phase 4+,0.1,0.05000000075
1566,2022-10-01,SOM,4110,Nowcasting,4,Phase 4+,0.1,0.05000000075
1567,2022-01-01,YEM,4113,Nowcasting,4,Phase 4+,0.18,0.09000000358
1568,2022-01-01,YEM,4114,Nowcasting,4,Phase 4+,0.18,0.1199999973
1569,2022-05-01,SOM,4122,Nowcasting,4,Phase 4+,0.08,0.05000000075
1569,2022-10-01,SOM,4123,Nowcasting,4,Phase 4+,0.05,0.0700000003
1570,2022-05-01,SOM,4131,Nowcasting,4,Phase 4+,0.08,0.05000000075
1570,2022-10-01,SOM,4132,Nowcasting,4,Phase 4+,0.05,0.0700000003
1571,2022-01-01,SOM,4141,Nowcasting,4,Phase 4+,0.01,0.03999999911
1571,2022-05-01,SOM,4142,Nowcasting,4,Phase 4+,0.03,0.05000000075
1571,2022-07-01,SOM,4143,Nowcasting,4,Phase 4+,0.1,0.05999999866
1571,2022-10-01,SOM,4144,Nowcasting,4,Phase 4+,0.1,0.05999999866
1573,2022-01-01,YEM,4148,Nowcasting,4,Phase 4+,0.18,0.09000000358
1574,2022-01-01,SOM,4154,Nowcasting,4,Phase 4+,0.02,0.05999999866
1574,2022-10-01,SOM,4155,Nowcasting,4,Phase 4+,0.15,0.09000000358
1575,2022-01-01,SOM,4161,Nowcasting,4,Phase 4+,0.02,0.05999999866
1575,2022-10-01,SOM,4162,Nowcasting,4,Phase 4+,0.15,0.09000000358
1576,2022-01-01,YEM,4166,Nowcasting,4,Phase 4+,0.18,0.09000000358
1578,2022-01-01,SOM,4177,Nowcasting,4,Phase 4+,0.03,0.05000000075
1578,2022-05-01,SOM,4178,Nowcasting,4,Phase 4+,0.09,0.05999999866
1578,2022-07-01,SOM,4179,Nowcasting,4,Phase 4+,0.1,0.07999999821
1578,2022-10-01,SOM,4180,Nowcasting,4,Phase 4+,0.1,0.07999999821
1580,2022-04-01,MDG,4183,Nowcasting,4,Phase 4+,0.05,0.05999999866
1580,2022-11-01,MDG,4184,Nowcasting,4,Phase 4+,0.05,0.05999999866
1581,2022-04-01,MDG,4186,Nowcasting,4,Phase 4+,0.05,0.0700000003
1581,2022-11-01,MDG,4187,Nowcasting,4,Phase 4+,0.05,0.05999999866
1582,2022-04-01,MDG,4189,Nowcasting,4,Phase 4+,0.05,0.0700000003
1582,2022-11-01,MDG,4190,Nowcasting,4,Phase 4+,0.05,0.05999999866
1584,2022-01-01,YEM,4197,Nowcasting,4,Phase 4+,0.18,0.09000000358
1586,2022-01-01,YEM,4203,Nowcasting,4,Phase 4+,0.18,0.09000000358
1588,2022-05-01,SOM,4210,Nowcasting,4,Phase 4+,0.08,0.05000000075
1589,2022-01-01,SOM,4211,Nowcasting,4,Phase 4+,0.01,0.03999999911
1590,2022-04-01,MDG,4215,Nowcasting,4,Phase 4+,0,0.0700000003
1591,2022-04-01,MDG,4219,Nowcasting,4,Phase 4+,0,0.0700000003
1592,2022-01-01,YEM,4223,Nowcasting,4,Phase 4+,0.18,0.07999999821
1594,2022-01-01,YEM,4227,Nowcasting,4,Phase 4+,0.18,0.09000000358
1595,2022-01-01,SOM,4236,Nowcasting,4,Phase 4+,0.01,0.03999999911
1595,2022-05-01,SOM,4237,Nowcasting,4,Phase 4+,0.08,0.05000000075
1595,2022-07-01,SOM,4238,Nowcasting,4,Phase 4+,0.1,0.09000000358
1595,2022-10-01,SOM,4239,Nowcasting,4,Phase 4+,0.1,0.0700000003
1596,2022-01-01,SOM,4248,Nowcasting,4,Phase 4+,0.01,0.03999999911
1596,2022-05-01,SOM,4249,Nowcasting,4,Phase 4+,0.08,0.05000000075
1596,2022-07-01,SOM,4250,Nowcasting,4,Phase 4+,0.1,0.09000000358
1596,2022-10-01,SOM,4251,Nowcasting,4,Phase 4+,0.1,0.0700000003
1600,2022-01-01,SOM,4260,Nowcasting,4,Phase 4+,0.02,0.05000000075
1600,2022-05-01,SOM,4261,Nowcasting,4,Phase 4+,0.08,0.05000000075
1600,2022-07-01,SOM,4262,Nowcasting,4,Phase 4+,0.1,0.07999999821
1600,2022-10-01,SOM,4263,Nowcasting,4,Phase 4+,0.1,0.05999999866
1603,2022-01-01,YEM,4265,Nowcasting,4,Phase 4+,0.18,0.09000000358
1604,2022-07-01,SOM,4266,Nowcasting,4,Phase 4+,0.1,0.07999999821
1605,2022-07-01,SOM,4273,Nowcasting,4,Phase 4+,0.1,0.07999999821
1605,2022-10-01,SOM,4274,Nowcasting,4,Phase 4+,0.1,0.0700000003
1608,2022-01-01,SOM,4283,Nowcasting,4,Phase 4+,0.02,0.05000000075
1608,2022-05-01,SOM,4284,Nowcasting,4,Phase 4+,0.08,0.05000000075
1608,2022-07-01,SOM,4285,Nowcasting,4,Phase 4+,0.1,0.07999999821
1608,2022-10-01,SOM,4286,Nowcasting,4,Phase 4+,0.1,0.0700000003
1609,2022-07-01,SOM,4293,Nowcasting,4,Phase 4+,0.1,0.07999999821
1609,2022-10-01,SOM,4294,Nowcasting,4,Phase 4+,0.1,0.0700000003
1622,2022-01-01,SOM,4319,Nowcasting,4,Phase 4+,0.06,0.0700000003
1622,2022-10-01,SOM,4320,Nowcasting,4,Phase 4+,0.15,0.0700000003
1623,2022-01-01,SOM,4323,Nowcasting,4,Phase 4+,0.06,0.0700000003
1623,2022-10-01,SOM,4324,Nowcasting,4,Phase 4+,0.15,0.0700000003
1624,2022-01-01,SOM,4332,Nowcasting,4,Phase 4+,0.02,0.05000000075
1624,2022-05-01,SOM,4333,Nowcasting,4,Phase 4+,0.08,0.05000000075
1624,2022-07-01,SOM,4334,Nowcasting,4,Phase 4+,0.15,0.05999999866
1624,2022-10-01,SOM,4335,Nowcasting,4,Phase 4+,0.15,0.0700000003
1629,2022-01-01,SOM,4355,Nowcasting,4,Phase 4+,0.02,0.05000000075
1629,2022-05-01,SOM,4356,Nowcasting,4,Phase 4+,0.08,0.05000000075
1629,2022-07-01,SOM,4357,Nowcasting,4,Phase 4+,0.2,0.07999999821
1629,2022-10-01,SOM,4358,Nowcasting,4,Phase 4+,0.15,0.07999999821
1633,2022-01-01,YEM,4365,Nowcasting,4,Phase 4+,0.18,0.09000000358
1635,2022-07-01,SOM,4367,Nowcasting,4,Phase 4+,0.2,0.07999999821
1638,2022-01-01,SOM,4375,Nowcasting,4,Phase 4+,0.02,0.05000000075
1638,2022-05-01,SOM,4376,Nowcasting,4,Phase 4+,0.08,0.05000000075
1640,2022-01-01,SOM,4388,Nowcasting,4,Phase 4+,0.02,0.05000000075
1640,2022-05-01,SOM,4389,Nowcasting,4,Phase 4+,0.08,0.05000000075
1640,2022-10-01,SOM,4390,Nowcasting,4,Phase 4+,0.15,0.05999999866
1646,2022-01-01,SOM,4395,Nowcasting,4,Phase 4+,0.02,0.05000000075
1646,2022-05-01,SOM,4396,Nowcasting,4,Phase 4+,0.08,0.05000000075
1648,2022-01-01,YEM,4401,Nowcasting,4,Phase 4+,0.18,0.09000000358
1650,2022-05-01,SOM,4406,Nowcasting,4,Phase 4+,0.1,0.0700000003
1650,2022-07-01,SOM,4407,Nowcasting,4,Phase 4+,0.1,0.0700000003
1650,2022-10-01,SOM,4408,Nowcasting,4,Phase 4+,0.1,0.0700000003
1652,2022-01-01,SOM,4410,Nowcasting,4,Phase 4+,0.02,0.05000000075
1659,2022-08-01,MDG,4418,Nowcasting,4,Phase 4+,0.05,0.05000000075
1660,2022-08-01,MDG,4419,Nowcasting,4,Phase 4+,0.05,0.05000000075
1663,2022-01-01,SOM,4429,Nowcasting,4,Phase 4+,0.06,0.07999999821
1663,2022-05-01,SOM,4430,Nowcasting,4,Phase 4+,0.11,0.09000000358
1663,2022-07-01,SOM,4431,Nowcasting,4,Phase 4+,0.1,0.1000000015
1663,2022-10-01,SOM,4432,Nowcasting,4,Phase 4+,0.1,0.0700000003
1664,2022-01-01,SOM,4440,Nowcasting,4,Phase 4+,0.06,0.07999999821
1664,2022-05-01,SOM,4441,Nowcasting,4,Phase 4+,0.11,0.09000000358
1664,2022-07-01,SOM,4442,Nowcasting,4,Phase 4+,0.1,0.1000000015
1664,2022-10-01,SOM,4443,Nowcasting,4,Phase 4+,0.1,0.0700000003
1665,2022-08-01,MDG,4445,Nowcasting,4,Phase 4+,0,0.05000000075
1666,2022-08-01,MDG,4447,Nowcasting,4,Phase 4+,0,0.05000000075
1667,2022-01-01,SOM,4455,Nowcasting,4,Phase 4+,0.06,0.0700000003
1667,2022-05-01,SOM,4456,Nowcasting,4,Phase 4+,0.11,0.0700000003
1667,2022-07-01,SOM,4457,Nowcasting,4,Phase 4+,0.1,0.1000000015
1667,2022-10-01,SOM,4458,Nowcasting,4,Phase 4+,0.1,0.0700000003
1668,2022-08-01,MDG,4460,Nowcasting,4,Phase 4+,0,0.05000000075
1669,2022-08-01,MDG,4462,Nowcasting,4,Phase 4+,0,0.05000000075
1670,2022-08-01,MDG,4464,Nowcasting,4,Phase 4+,0,0.05000000075
1671,2022-01-01,SOM,4472,Nowcasting,4,Phase 4+,0.06,0.0700000003
1671,2022-05-01,SOM,4473,Nowcasting,4,Phase 4+,0.11,0.0700000003
1671,2022-07-01,SOM,4474,Nowcasting,4,Phase 4+,0.1,0.07999999821
1671,2022-10-01,SOM,4475,Nowcasting,4,Phase 4+,0.1,0.0700000003
1672,2022-01-01,YEM,4477,Nowcasting,4,Phase 4+,0.18,0.09000000358
1673,2022-10-01,SOM,4484,Nowcasting,4,Phase 4+,0.1,0.0700000003
1674,2022-10-01,SOM,4491,Nowcasting,4,Phase 4+,0.1,0.0700000003
1675,2022-01-01,SOM,4502,Nowcasting,4,Phase 4+,0.02,0.05999999866
1675,2022-05-01,SOM,4503,Nowcasting,4,Phase 4+,0.1,0.0700000003
1675,2022-07-01,SOM,4504,Nowcasting,4,Phase 4+,0.1,0.1000000015
1675,2022-10-01,SOM,4505,Nowcasting,4,Phase 4+,0.1,0.0700000003
1681,2022-10-01,SOM,4515,Nowcasting,4,Phase 4+,0.1,0.0700000003
1683,2022-10-01,SOM,4521,Nowcasting,4,Phase 4+,0.1,0.0700000003
1686,2022-08-01,MDG,4525,Nowcasting,4,Phase 4+,0.05,0.05000000075
1687,2022-08-01,MDG,4526,Nowcasting,4,Phase 4+,0.05,0.05000000075
1691,2022-01-01,SOM,4536,Nowcasting,4,Phase 4+,0.02,0.05999999866
1691,2022-05-01,SOM,4537,Nowcasting,4,Phase 4+,0.1,0.0700000003
1691,2022-07-01,SOM,4538,Nowcasting,4,Phase 4+,0.1,0.07999999821
1691,2022-10-01,SOM,4539,Nowcasting,4,Phase 4+,0.1,0.0700000003
1692,2022-10-01,SOM,4544,Nowcasting,4,Phase 4+,0.1,0.0700000003
1695,2022-01-01,SOM,4555,Nowcasting,4,Phase 4+,0.02,0.05999999866
1695,2022-05-01,SOM,4556,Nowcasting,4,Phase 4+,0.1,0.0700000003
1695,2022-07-01,SOM,4557,Nowcasting,4,Phase 4+,0.15,0.09000000358
1695,2022-10-01,SOM,4558,Nowcasting,4,Phase 4+,0.15,0.09000000358
1696,2022-01-01,SOM,4567,Nowcasting,4,Phase 4+,0.02,0.05999999866
1696,2022-05-01,SOM,4568,Nowcasting,4,Phase 4+,0.1,0.0700000003
1696,2022-07-01,SOM,4569,Nowcasting,4,Phase 4+,0.15,0.09000000358
1696,2022-10-01,SOM,4570,Nowcasting,4,Phase 4+,0.15,0.09000000358
1698,2022-05-01,SOM,4575,Nowcasting,4,Phase 4+,0.1,0.05000000075
1698,2022-10-01,SOM,4576,Nowcasting,4,Phase 4+,0.15,0.05999999866
1702,2022-10-01,SOM,4581,Nowcasting,4,Phase 4+,0.1,0.0700000003
1712,2022-01-01,SOM,4593,Nowcasting,4,Phase 4+,0.05,0.0700000003
1712,2022-05-01,SOM,4594,Nowcasting,4,Phase 4+,0.1,0.0700000003
1712,2022-10-01,SOM,4595,Nowcasting,4,Phase 4+,0.1,0.07999999821
1715,2022-01-01,SOM,4605,Nowcasting,4,Phase 4+,0.05,0.0700000003
1715,2022-05-01,SOM,4606,Nowcasting,4,Phase 4+,0.1,0.0700000003
1715,2022-10-01,SOM,4607,Nowcasting,4,Phase 4+,0.1,0.07999999821
1718,2022-01-01,SOM,4614,Nowcasting,4,Phase 4+,0.05,0.07999999821
1718,2022-05-01,SOM,4615,Nowcasting,4,Phase 4+,0.1,0.07999999821
1718,2022-10-01,SOM,4616,Nowcasting,4,Phase 4+,0.1,0.1099999994
1719,2022-01-01,SOM,4623,Nowcasting,4,Phase 4+,0.05,0.07999999821
1719,2022-05-01,SOM,4624,Nowcasting,4,Phase 4+,0.1,0.07999999821
1719,2022-10-01,SOM,4625,Nowcasting,4,Phase 4+,0.1,0.1099999994
1721,2022-10-01,SOM,4632,Nowcasting,4,Phase 4+,0.1,0.0700000003
1727,2022-01-01,SOM,4642,Nowcasting,4,Phase 4+,0.04,0.05999999866
1727,2022-05-01,SOM,4643,Nowcasting,4,Phase 4+,0.06,0.0700000003
1727,2022-07-01,SOM,4644,Nowcasting,4,Phase 4+,0.05,0.0700000003
1727,2022-10-01,SOM,4645,Nowcasting,4,Phase 4+,0.05,0.0700000003
1728,2022-01-01,SOM,4654,Nowcasting,4,Phase 4+,0.04,0.05999999866
1728,2022-05-01,SOM,4655,Nowcasting,4,Phase 4+,0.06,0.0700000003
1728,2022-07-01,SOM,4656,Nowcasting,4,Phase 4+,0.05,0.09000000358
1728,2022-10-01,SOM,4657,Nowcasting,4,Phase 4+,0.05,0.0700000003
1729,2022-01-01,SOM,4659,Nowcasting,4,Phase 4+,0.04,0.05999999866
1729,2022-10-01,SOM,4660,Nowcasting,4,Phase 4+,0.1,0.09000000358
1730,2022-01-01,SOM,4662,Nowcasting,4,Phase 4+,0.04,0.05999999866
1730,2022-10-01,SOM,4663,Nowcasting,4,Phase 4+,0.1,0.09000000358
1736,2022-01-01,SOM,4673,Nowcasting,4,Phase 4+,0.04,0.05999999866
1736,2022-05-01,SOM,4674,Nowcasting,4,Phase 4+,0.06,0.0700000003
1736,2022-07-01,SOM,4675,Nowcasting,4,Phase 4+,0.1,0.1000000015
1736,2022-10-01,SOM,4676,Nowcasting,4,Phase 4+,0.1,0.07999999821
1737,2022-01-01,SOM,4685,Nowcasting,4,Phase 4+,0.04,0.05999999866
1737,2022-05-01,SOM,4686,Nowcasting,4,Phase 4+,0.06,0.0700000003
1737,2022-07-01,SOM,4687,Nowcasting,4,Phase 4+,0.1,0.1000000015
1737,2022-10-01,SOM,4688,Nowcasting,4,Phase 4+,0.1,0.07999999821
1738,2022-01-01,SOM,4692,Nowcasting,4,Phase 4+,0.04,0.05999999866
1738,2022-07-01,SOM,4693,Nowcasting,4,Phase 4+,0.05,0.07999999821
1739,2022-01-01,SOM,4697,Nowcasting,4,Phase 4+,0.04,0.05999999866
1739,2022-07-01,SOM,4698,Nowcasting,4,Phase 4+,0.05,0.07999999821
1740,2022-05-01,SOM,4702,Nowcasting,4,Phase 4+,0.06,0.0700000003
1743,2022-05-01,SOM,4707,Nowcasting,4,Phase 4+,0.06,0.0700000003
1756,2022-03-01,AFG,4725,Nowcasting,4,Phase 4+,0.15,0.1000000015
1756,2022-09-01,AFG,4726,Nowcasting,4,Phase 4+,0.1,0.1000000015
1757,2022-03-01,AFG,4734,Nowcasting,4,Phase 4+,0.15,0.1000000015
1757,2022-09-01,AFG,4735,Nowcasting,4,Phase 4+,0.05,0.1000000015
1758,2022-03-01,AFG,4743,Nowcasting,4,Phase 4+,0.1,0.09000000358
1758,2022-09-01,AFG,4744,Nowcasting,4,Phase 4+,0.05,0.1000000015
1759,2022-03-01,AFG,4751,Nowcasting,4,Phase 4+,0.2,0.1000000015
1760,2022-07-01,PAK,4755,Nowcasting,4,Phase 4+,0.05,0.07999999821
1762,2022-03-01,AFG,4763,Nowcasting,4,Phase 4+,0.2,0.1099999994
1762,2022-09-01,AFG,4764,Nowcasting,4,Phase 4+,0.15,0.1099999994
1763,2022-03-01,AFG,4771,Nowcasting,4,Phase 4+,0.15,0.09000000358
1763,2022-09-01,AFG,4772,Nowcasting,4,Phase 4+,0.1,0.1000000015
1766,2022-03-01,AFG,4782,Nowcasting,4,Phase 4+,0.15,0.09000000358
1766,2022-09-01,AFG,4783,Nowcasting,4,Phase 4+,0.1,0.1000000015
1767,2022-03-01,AFG,4790,Nowcasting,4,Phase 4+,0.15,0.1099999994
1767,2022-09-01,AFG,4791,Nowcasting,4,Phase 4+,0.15,0.1000000015
1768,2022-03-01,AFG,4798,Nowcasting,4,Phase 4+,0.2,0.1000000015
1768,2022-09-01,AFG,4799,Nowcasting,4,Phase 4+,0.15,0.09000000358
1769,2022-03-01,AFG,4807,Nowcasting,4,Phase 4+,0.25,0.1099999994
1769,2022-09-01,AFG,4808,Nowcasting,4,Phase 4+,0.2,0.1099999994
1770,2022-07-01,PAK,4812,Nowcasting,4,Phase 4+,0.05,0.09000000358
1771,2022-07-01,PAK,4815,Nowcasting,4,Phase 4+,0.05,0.07999999821
1772,2022-03-01,AFG,4825,Nowcasting,4,Phase 4+,0.15,0.09000000358
1772,2022-07-01,AFG,4826,Nowcasting,4,Phase 4+,0.1,0.07999999821
1772,2022-09-01,AFG,4827,Nowcasting,4,Phase 4+,0.1,0.1000000015
1773,2022-03-01,AFG,4837,Nowcasting,4,Phase 4+,0.2,0.09000000358
1773,2022-07-01,AFG,4838,Nowcasting,4,Phase 4+,0.1,0.07999999821
1773,2022-09-01,AFG,4839,Nowcasting,4,Phase 4+,0.1,0.1000000015
1774,2022-03-01,AFG,4846,Nowcasting,4,Phase 4+,0.2,0.1099999994
1774,2022-09-01,AFG,4847,Nowcasting,4,Phase 4+,0.1,0.1000000015
1776,2022-03-01,AFG,4857,Nowcasting,4,Phase 4+,0.2,0.1000000015
1776,2022-09-01,AFG,4858,Nowcasting,4,Phase 4+,0.15,0.09000000358
1777,2022-03-01,AFG,4865,Nowcasting,4,Phase 4+,0.2,0.1099999994
1777,2022-09-01,AFG,4866,Nowcasting,4,Phase 4+,0.15,0.1000000015
1778,2022-03-01,AFG,4873,Nowcasting,4,Phase 4+,0.15,0.1000000015
1779,2022-03-01,AFG,4881,Nowcasting,4,Phase 4+,0.2,0.1099999994
1781,2022-07-01,PAK,4889,Nowcasting,4,Phase 4+,0.1,0.0700000003
1782,2022-03-01,AFG,4898,Nowcasting,4,Phase 4+,0.2,0.09000000358
1782,2022-09-01,AFG,4899,Nowcasting,4,Phase 4+,0.1,0.09000000358
1783,2022-03-01,AFG,4906,Nowcasting,4,Phase 4+,0.15,0.09000000358
1783,2022-09-01,AFG,4907,Nowcasting,4,Phase 4+,0.15,0.09000000358
1784,2022-07-01,PAK,4909,Nowcasting,4,Phase 4+,0.15,0.0700000003
1785,2022-03-01,AFG,4917,Nowcasting,4,Phase 4+,0.15,0.1000000015
1785,2022-07-01,AFG,4918,Nowcasting,4,Phase 4+,0.1,0.09000000358
1785,2022-09-01,AFG,4919,Nowcasting,4,Phase 4+,0.15,0.1099999994
1786,2022-09-01,AFG,4921,Nowcasting,4,Phase 4+,0.05,0.1000000015
1787,2022-07-01,PAK,4924,Nowcasting,4,Phase 4+,0.1,0.05999999866
1788,2022-07-01,PAK,4925,Nowcasting,4,Phase 4+,0.05,0.05999999866
1789,2022-09-01,AFG,4933,Nowcasting,4,Phase 4+,0.15,0.09000000358
1791,2022-03-01,AFG,4943,Nowcasting,4,Phase 4+,0.1,0.1199999973
1791,2022-09-01,AFG,4944,Nowcasting,4,Phase 4+,0.05,0.1099999994
1792,2022-07-01,PAK,4946,Nowcasting,4,Phase 4+,0.1,0.05999999866
1793,2022-03-01,AFG,4955,Nowcasting,4,Phase 4+,0.2,0.09000000358
1793,2022-09-01,AFG,4956,Nowcasting,4,Phase 4+,0.05,0.09000000358
1794,2022-07-01,PAK,4958,Nowcasting,4,Phase 4+,0,0.09000000358
1795,2022-03-01,AFG,4961,Nowcasting,4,Phase 4+,0.15,0.09000000358
1796,2022-03-01,AFG,4970,Nowcasting,4,Phase 4+,0.15,0.1000000015
1797,2022-03-01,AFG,4979,Nowcasting,4,Phase 4+,0.15,0.1000000015
1798,2022-03-01,AFG,4987,Nowcasting,4,Phase 4+,0.1,0.09000000358
1799,2022-03-01,AFG,4997,Nowcasting,4,Phase 4+,0.15,0.09000000358
1799,2022-09-01,AFG,4998,Nowcasting,4,Phase 4+,0.15,0.07999999821
1800,2022-03-01,AFG,5007,Nowcasting,4,Phase 4+,0.1,0.09000000358
1800,2022-09-01,AFG,5008,Nowcasting,4,Phase 4+,0.1,0.09000000358
1802,2022-03-01,AFG,5017,Nowcasting,4,Phase 4+,0.15,0.1000000015
1802,2022-09-01,AFG,5018,Nowcasting,4,Phase 4+,0.05,0.1000000015
1803,2022-03-01,AFG,5027,Nowcasting,4,Phase 4+,0.15,0.1000000015
1803,2022-09-01,AFG,5028,Nowcasting,4,Phase 4+,0.05,0.1000000015
1804,2022-03-01,AFG,5039,Nowcasting,4,Phase 4+,0.15,0.09000000358
1804,2022-07-01,AFG,5040,Nowcasting,4,Phase 4+,0.1,0.07999999821
1804,2022-09-01,AFG,5041,Nowcasting,4,Phase 4+,0.05,0.09000000358
1806,2022-03-01,AFG,5051,Nowcasting,4,Phase 4+,0.15,0.09000000358
1806,2022-09-01,AFG,5052,Nowcasting,4,Phase 4+,0.1,0.09000000358
1808,2022-07-01,PAK,5054,Nowcasting,4,Phase 4+,0.1,0.05999999866
1809,2022-07-01,PAK,5059,Nowcasting,4,Phase 4+,0.05,0.0700000003
1810,2022-03-01,AFG,5067,Nowcasting,4,Phase 4+,0.15,0.09000000358
1810,2022-09-01,AFG,5068,Nowcasting,4,Phase 4+,0.1,0.09000000358
1811,2022-03-01,AFG,5080,Nowcasting,4,Phase 4+,0.15,0.09000000358
1811,2022-07-01,AFG,5081,Nowcasting,4,Phase 4+,0.1,0.0700000003
1811,2022-09-01,AFG,5082,Nowcasting,4,Phase 4+,0.1,0.09000000358
1813,2022-03-01,AFG,5093,Nowcasting,4,Phase 4+,0.1,0.09000000358
1813,2022-07-01,AFG,5094,Nowcasting,4,Phase 4+,0.1,0.0700000003
1813,2022-09-01,AFG,5095,Nowcasting,4,Phase 4+,0.1,0.07999999821
1814,2022-07-01,PAK,5099,Nowcasting,4,Phase 4+,0.05,0.09000000358
1815,2022-03-01,AFG,5106,Nowcasting,4,Phase 4+,0.15,0.1000000015
1817,2022-03-01,AFG,5118,Nowcasting,4,Phase 4+,0.15,0.09000000358
1817,2022-07-01,AFG,5119,Nowcasting,4,Phase 4+,0.1,0.07999999821
1817,2022-09-01,AFG,5120,Nowcasting,4,Phase 4+,0.1,0.09000000358
1818,2022-03-01,AFG,5130,Nowcasting,4,Phase 4+,0.1,0.1000000015
1818,2022-07-01,AFG,5131,Nowcasting,4,Phase 4+,0.1,0.09000000358
1818,2022-09-01,AFG,5132,Nowcasting,4,Phase 4+,0.1,0.07999999821
1819,2022-03-01,AFG,5142,Nowcasting,4,Phase 4+,0.2,0.1099999994
1819,2022-09-01,AFG,5143,Nowcasting,4,Phase 4+,0.1,0.1099999994
1820,2022-03-01,AFG,5151,Nowcasting,4,Phase 4+,0.2,0.1299999952
1820,2022-09-01,AFG,5152,Nowcasting,4,Phase 4+,0.1,0.09000000358
1821,2022-03-01,AFG,5158,Nowcasting,4,Phase 4+,0.2,0.1099999994
1821,2022-09-01,AFG,5159,Nowcasting,4,Phase 4+,0.1,0.1099999994
1822,2022-03-01,AFG,5170,Nowcasting,4,Phase 4+,0.15,0.09000000358
1822,2022-07-01,AFG,5171,Nowcasting,4,Phase 4+,0.1,0.07999999821
1822,2022-09-01,AFG,5172,Nowcasting,4,Phase 4+,0.05,0.09000000358
1824,2022-03-01,AFG,5175,Nowcasting,4,Phase 4+,0.1,0.1099999994
1824,2022-09-01,AFG,5176,Nowcasting,4,Phase 4+,0.1,0.1000000015
1825,2022-09-01,AFG,5179,Nowcasting,4,Phase 4+,0.1,0.09000000358
1826,2022-03-01,PAK,5188,Nowcasting,4,Phase 4+,0.15,0.09000000358
1826,2022-07-01,PAK,5189,Nowcasting,4,Phase 4+,0.05,0.07999999821
1826,2022-09-01,PAK,5190,Nowcasting,4,Phase 4+,0.15,0.1000000015
1827,2022-03-01,PAK,5199,Nowcasting,4,Phase 4+,0.15,0.09000000358
1827,2022-07-01,PAK,5200,Nowcasting,4,Phase 4+,0.05,0.07999999821
1827,2022-09-01,PAK,5201,Nowcasting,4,Phase 4+,0.15,0.1000000015
1829,2022-03-01,AFG,5211,Nowcasting,4,Phase 4+,0.15,0.09000000358
1829,2022-09-01,AFG,5212,Nowcasting,4,Phase 4+,0.1,0.09000000358
1830,2022-03-01,AFG,5218,Nowcasting,4,Phase 4+,0.1,0.1199999973
1830,2022-07-01,AFG,5219,Nowcasting,4,Phase 4+,0.1,0.09000000358
1830,2022-09-01,AFG,5220,Nowcasting,4,Phase 4+,0.1,0.1099999994
1831,2022-03-01,AFG,5230,Nowcasting,4,Phase 4+,0.1,0.09000000358
1831,2022-07-01,AFG,5231,Nowcasting,4,Phase 4+,0.05,0.09000000358
1831,2022-09-01,AFG,5232,Nowcasting,4,Phase 4+,0.05,0.07999999821
1832,2022-03-01,AFG,5239,Nowcasting,4,Phase 4+,0.2,0.1199999973
1832,2022-09-01,AFG,5240,Nowcasting,4,Phase 4+,0.1,0.1099999994
1835,2022-03-01,PAK,5260,Nowcasting,4,Phase 4+,0.1,0.09000000358
1835,2022-07-01,PAK,5261,Nowcasting,4,Phase 4+,0.05,0.07999999821
1835,2022-09-01,PAK,5262,Nowcasting,4,Phase 4+,0.05,0.09000000358
1836,2022-03-01,PAK,5271,Nowcasting,4,Phase 4+,0.1,0.09000000358
1836,2022-07-01,PAK,5272,Nowcasting,4,Phase 4+,0.05,0.07999999821
1836,2022-09-01,PAK,5273,Nowcasting,4,Phase 4+,0.05,0.09000000358
1838,2022-03-01,AFG,5283,Nowcasting,4,Phase 4+,0.15,0.1099999994
1838,2022-09-01,AFG,5284,Nowcasting,4,Phase 4+,0.1,0.1000000015
1839,2022-07-01,AFG,5294,Nowcasting,4,Phase 4+,0.1,0.07999999821
1841,2022-07-01,AFG,5305,Nowcasting,4,Phase 4+,0.05,0.09000000358
1843,2022-07-01,AFG,5316,Nowcasting,4,Phase 4+,0.05,0.09000000358
1844,2022-03-01,AFG,5328,Nowcasting,4,Phase 4+,0.15,0.09000000358
1844,2022-07-01,AFG,5329,Nowcasting,4,Phase 4+,0.1,0.09000000358
1844,2022-09-01,AFG,5330,Nowcasting,4,Phase 4+,0.1,0.09000000358
1845,2022-09-01,PAK,5333,Nowcasting,4,Phase 4+,0.05,0.09000000358
1846,2022-09-01,PAK,5336,Nowcasting,4,Phase 4+,0.05,0.09000000358
1848,2022-03-01,AFG,5345,Nowcasting,4,Phase 4+,0.15,0.1199999973
1848,2022-09-01,AFG,5346,Nowcasting,4,Phase 4+,0.1,0.1099999994
1849,2022-03-01,AFG,5357,Nowcasting,4,Phase 4+,0.2,0.1000000015
1849,2022-07-01,AFG,5358,Nowcasting,4,Phase 4+,0.05,0.09000000358
1849,2022-09-01,AFG,5359,Nowcasting,4,Phase 4+,0.15,0.09000000358
1850,2022-03-01,AFG,5370,Nowcasting,4,Phase 4+,0.15,0.1000000015
1850,2022-07-01,AFG,5371,Nowcasting,4,Phase 4+,0.1,0.1000000015
1850,2022-09-01,AFG,5372,Nowcasting,4,Phase 4+,0.1,0.1000000015
1851,2022-07-01,AFG,5373,Nowcasting,4,Phase 4+,0.05,0.1099999994
1852,2022-03-01,AFG,5379,Nowcasting,4,Phase 4+,0.25,0.1299999952
1852,2022-09-01,AFG,5380,Nowcasting,4,Phase 4+,0.2,0.1299999952
1853,2022-03-01,AFG,5388,Nowcasting,4,Phase 4+,0.15,0.1000000015
1853,2022-07-01,AFG,5389,Nowcasting,4,Phase 4+,0.05,0.09000000358
1854,2022-09-01,AFG,5398,Nowcasting,4,Phase 4+,0.15,0.1099999994
1855,2022-03-01,AFG,5403,Nowcasting,4,Phase 4+,0.2,0.150000006
1855,2022-09-01,AFG,5404,Nowcasting,4,Phase 4+,0.2,0.1400000006
1856,2022-09-01,AFG,5413,Nowcasting,4,Phase 4+,0.2,0.1400000006
1857,2022-03-01,AFG,5421,Nowcasting,4,Phase 4+,0.1,0.1099999994
1857,2022-07-01,AFG,5422,Nowcasting,4,Phase 4+,0.1,0.1000000015
1857,2022-09-01,AFG,5423,Nowcasting,4,Phase 4+,0.1,0.1000000015
1858,2022-09-01,AFG,5429,Nowcasting,4,Phase 4+,0.2,0.150000006
1859,2022-03-01,AFG,5440,Nowcasting,4,Phase 4+,0.1,0.1099999994
1859,2022-07-01,AFG,5441,Nowcasting,4,Phase 4+,0.05,0.1000000015
1859,2022-09-01,AFG,5442,Nowcasting,4,Phase 4+,0.1,0.1000000015
1860,2022-03-01,AFG,5448,Nowcasting,4,Phase 4+,0.25,0.150000006
1863,2022-03-01,AFG,5460,Nowcasting,4,Phase 4+,0.15,0.1099999994
1864,2022-07-01,AFG,5468,Nowcasting,4,Phase 4+,0.05,0.1000000015
1864,2022-09-01,AFG,5469,Nowcasting,4,Phase 4+,0.1,0.1000000015
1865,2022-03-01,PAK,5477,Nowcasting,4,Phase 4+,0.15,0.1000000015
1865,2022-07-01,PAK,5478,Nowcasting,4,Phase 4+,0.05,0.1099999994
1865,2022-09-01,PAK,5479,Nowcasting,4,Phase 4+,0.1,0.1099999994
1866,2022-03-01,PAK,5487,Nowcasting,4,Phase 4+,0.15,0.1000000015
1866,2022-07-01,PAK,5488,Nowcasting,4,Phase 4+,0.05,0.1099999994
1866,2022-09-01,PAK,5489,Nowcasting,4,Phase 4+,0.1,0.1099999994
1867,2022-03-01,AFG,5500,Nowcasting,4,Phase 4+,0.1,0.1000000015
1867,2022-07-01,AFG,5501,Nowcasting,4,Phase 4+,0.1,0.1000000015
1867,2022-09-01,AFG,5502,Nowcasting,4,Phase 4+,0.1,0.1000000015
1868,2022-09-01,AFG,5508,Nowcasting,4,Phase 4+,0.2,0.150000006
1870,2022-03-01,AFG,5523,Nowcasting,4,Phase 4+,0.1,0.1099999994
1870,2022-07-01,AFG,5524,Nowcasting,4,Phase 4+,0.1,0.1000000015
1870,2022-09-01,AFG,5525,Nowcasting,4,Phase 4+,0.1,0.1099999994
1871,2022-09-01,PAK,5530,Nowcasting,4,Phase 4+,0.1,0.1099999994
1872,2022-09-01,PAK,5535,Nowcasting,4,Phase 4+,0.1,0.1099999994
1873,2022-03-01,TJK,5544,Nowcasting,4,Phase 4+,0.25,0.1599999964
1873,2022-09-01,TJK,5545,Nowcasting,4,Phase 4+,0.2,0.150000006
1875,2022-03-01,PAK,5561,Nowcasting,4,Phase 4+,0.1,0.1000000015
1875,2022-07-01,PAK,5562,Nowcasting,4,Phase 4+,0.1,0.1099999994
1875,2022-09-01,PAK,5563,Nowcasting,4,Phase 4+,0.1,0.1099999994
1876,2022-03-01,PAK,5572,Nowcasting,4,Phase 4+,0.1,0.1000000015
1876,2022-07-01,PAK,5573,Nowcasting,4,Phase 4+,0.1,0.1099999994
1876,2022-09-01,PAK,5574,Nowcasting,4,Phase 4+,0.1,0.1099999994
2,2022-10-01,DOM,1,Forecasting,5,Phase 5,0,0
5,2022-10-01,DOM,2,Forecasting,5,Phase 5,0,0
9,2022-09-01,DOM,3,Forecasting,5,Phase 5,0,0
10,2022-09-01,HTI,6,Forecasting,5,Phase 5,0,0
10,2022-10-01,HTI,7,Forecasting,5,Phase 5,0,0
11,2022-09-01,HTI,11,Forecasting,5,Phase 5,0,0
11,2022-10-01,HTI,12,Forecasting,5,Phase 5,0,0
12,2022-09-01,HTI,16,Forecasting,5,Phase 5,0,0
12,2022-10-01,HTI,17,Forecasting,5,Phase 5,0,0
13,2022-09-01,HTI,19,Forecasting,5,Phase 5,0,0
16,2022-10-01,HTI,22,Forecasting,5,Phase 5,0,0
19,2022-10-01,HTI,27,Forecasting,5,Phase 5,0,0
20,2022-10-01,HTI,30,Forecasting,5,Phase 5,0,0
21,2022-09-01,HTI,31,Forecasting,5,Phase 5,0,0
21,2022-10-01,HTI,32,Forecasting,5,Phase 5,0,0
22,2022-09-01,HTI,33,Forecasting,5,Phase 5,0,0
22,2022-10-01,HTI,34,Forecasting,5,Phase 5,0,0
38,2022-03-01,HND,66,Forecasting,5,Phase 5,0,0
41,2022-03-01,HND,92,Forecasting,5,Phase 5,0,0
42,2022-03-01,HND,105,Forecasting,5,Phase 5,0,0
45,2022-03-01,SLV,131,Forecasting,5,Phase 5,0,0
47,2022-03-01,SLV,150,Forecasting,5,Phase 5,0,0
48,2022-03-01,HND,161,Forecasting,5,Phase 5,0,0
49,2022-03-01,HND,172,Forecasting,5,Phase 5,0,0
50,2022-03-01,SLV,186,Forecasting,5,Phase 5,0,0
51,2022-03-01,HND,193,Forecasting,5,Phase 5,0,0
52,2022-03-01,HND,200,Forecasting,5,Phase 5,0,0
54,2022-03-01,SLV,212,Forecasting,5,Phase 5,0,0
55,2022-03-01,HND,226,Forecasting,5,Phase 5,0,0
56,2022-03-01,HND,240,Forecasting,5,Phase 5,0,0
57,2022-03-01,SLV,251,Forecasting,5,Phase 5,0,0
58,2022-03-01,GTM,264,Forecasting,5,Phase 5,0,0
59,2022-03-01,GTM,277,Forecasting,5,Phase 5,0,0
60,2022-03-01,SLV,289,Forecasting,5,Phase 5,0,0
63,2022-03-01,SLV,304,Forecasting,5,Phase 5,0,0
65,2022-03-01,SLV,323,Forecasting,5,Phase 5,0,0
66,2022-03-01,SLV,338,Forecasting,5,Phase 5,0,0
67,2022-03-01,GTM,348,Forecasting,5,Phase 5,0,0
68,2022-03-01,GTM,358,Forecasting,5,Phase 5,0,0
69,2022-03-01,GTM,368,Forecasting,5,Phase 5,0,0
70,2022-03-01,GTM,378,Forecasting,5,Phase 5,0,0
71,2022-03-01,GTM,388,Forecasting,5,Phase 5,0,0
72,2022-03-01,SLV,402,Forecasting,5,Phase 5,0,0
73,2022-03-01,SLV,415,Forecasting,5,Phase 5,0,0
74,2022-03-01,GTM,418,Forecasting,5,Phase 5,0,0
75,2022-03-01,GTM,427,Forecasting,5,Phase 5,0,0
76,2022-03-01,GTM,436,Forecasting,5,Phase 5,0,0
77,2022-03-01,SLV,450,Forecasting,5,Phase 5,0,0
78,2022-03-01,GTM,458,Forecasting,5,Phase 5,0,0
79,2022-03-01,GTM,466,Forecasting,5,Phase 5,0,0
80,2022-03-01,GTM,468,Forecasting,5,Phase 5,0,0
81,2022-03-01,GTM,470,Forecasting,5,Phase 5,0,0
82,2022-03-01,GTM,478,Forecasting,5,Phase 5,0,0
83,2022-03-01,GTM,486,Forecasting,5,Phase 5,0,0
86,2022-03-01,GTM,515,Forecasting,5,Phase 5,0,0
87,2022-03-01,GTM,524,Forecasting,5,Phase 5,0,0
90,2022-03-01,GTM,551,Forecasting,5,Phase 5,0,0
91,2022-03-01,GTM,566,Forecasting,5,Phase 5,0,0
92,2022-03-01,GTM,581,Forecasting,5,Phase 5,0,0
93,2022-03-01,GTM,591,Forecasting,5,Phase 5,0,0
94,2022-03-01,GTM,601,Forecasting,5,Phase 5,0,0
99,2022-03-01,GTM,632,Forecasting,5,Phase 5,0,0
100,2022-03-01,GTM,641,Forecasting,5,Phase 5,0,0
109,2022-03-01,GTM,672,Forecasting,5,Phase 5,0,0
110,2022-03-01,GTM,677,Forecasting,5,Phase 5,0,0
111,2022-03-01,GTM,681,Forecasting,5,Phase 5,0,0
112,2022-03-01,GTM,685,Forecasting,5,Phase 5,0,0
113,2022-03-01,GTM,689,Forecasting,5,Phase 5,0,0
114,2022-03-01,GTM,693,Forecasting,5,Phase 5,0,0
136,2022-07-01,COD,706,Forecasting,5,Phase 5,0,0
160,2022-07-01,COD,717,Forecasting,5,Phase 5,0,0
161,2022-07-01,COD,718,Forecasting,5,Phase 5,0,0
165,2022-09-01,CAF,724,Forecasting,5,Phase 5,0,0
169,2022-07-01,COD,735,Forecasting,5,Phase 5,0,0
174,2022-09-01,CAF,744,Forecasting,5,Phase 5,0,0
175,2022-09-01,CAF,752,Forecasting,5,Phase 5,0,0
177,2022-09-01,CAF,760,Forecasting,5,Phase 5,0,0
189,2022-07-01,COD,778,Forecasting,5,Phase 5,0,0
190,2022-07-01,COD,779,Forecasting,5,Phase 5,0,0
216,2022-09-01,CAF,801,Forecasting,5,Phase 5,0,0
229,2022-09-01,CAF,811,Forecasting,5,Phase 5,0,0
230,2022-07-01,COD,812,Forecasting,5,Phase 5,0,0
234,2022-07-01,CAF,819,Forecasting,5,Phase 5,0,0
234,2022-09-01,CAF,820,Forecasting,5,Phase 5,0,0
237,2022-07-01,CAF,832,Forecasting,5,Phase 5,0,0
237,2022-09-01,CAF,833,Forecasting,5,Phase 5,0,0
239,2022-07-01,CAF,842,Forecasting,5,Phase 5,0,0
239,2022-09-01,CAF,843,Forecasting,5,Phase 5,0,0
242,2022-07-01,COD,844,Forecasting,5,Phase 5,0,0
251,2022-09-01,CAF,847,Forecasting,5,Phase 5,0,0
258,2022-09-01,CAF,854,Forecasting,5,Phase 5,0,0
263,2022-07-01,COD,862,Forecasting,5,Phase 5,0,0
264,2022-07-01,COD,863,Forecasting,5,Phase 5,0,0
280,2022-09-01,CAF,873,Forecasting,5,Phase 5,0,0
282,2022-07-01,CAF,880,Forecasting,5,Phase 5,0,0
282,2022-09-01,CAF,881,Forecasting,5,Phase 5,0,0
283,2022-07-01,CAF,888,Forecasting,5,Phase 5,0,0
283,2022-09-01,CAF,889,Forecasting,5,Phase 5,0,0
284,2022-07-01,COD,892,Forecasting,5,Phase 5,0,0
285,2022-07-01,COD,895,Forecasting,5,Phase 5,0,0
286,2022-09-01,CAF,903,Forecasting,5,Phase 5,0,0
290,2022-09-01,CAF,906,Forecasting,5,Phase 5,0,0
291,2022-07-01,CAF,915,Forecasting,5,Phase 5,0,0
291,2022-09-01,CAF,916,Forecasting,5,Phase 5,0,0
296,2022-07-01,COD,920,Forecasting,5,Phase 5,0,0
305,2022-07-01,CAF,936,Forecasting,5,Phase 5,0,0
314,2022-07-01,CAF,939,Forecasting,5,Phase 5,0,0
319,2022-09-01,CAF,947,Forecasting,5,Phase 5,0,0
322,2022-09-01,CAF,952,Forecasting,5,Phase 5,0,0
323,2022-09-01,CAF,957,Forecasting,5,Phase 5,0,0
334,2022-04-01,CAF,968,Forecasting,5,Phase 5,0,0
335,2022-04-01,CAF,971,Forecasting,5,Phase 5,0,0
347,2022-09-01,CAF,979,Forecasting,5,Phase 5,0,0
370,2022-07-01,COD,990,Forecasting,5,Phase 5,0,0
374,2022-07-01,COD,993,Forecasting,5,Phase 5,0,0
391,2022-07-01,COD,1001,Forecasting,5,Phase 5,0,0
409,2022-07-01,COD,1009,Forecasting,5,Phase 5,0,0
410,2022-07-01,COD,1011,Forecasting,5,Phase 5,0,0
413,2022-07-01,COD,1013,Forecasting,5,Phase 5,0,0
417,2022-07-01,COD,1020,Forecasting,5,Phase 5,0,0
420,2022-07-01,COD,1021,Forecasting,5,Phase 5,0,0
435,2022-10-01,CAF,1036,Forecasting,5,Phase 5,0,0
436,2022-10-01,CAF,1047,Forecasting,5,Phase 5,0,0
441,2022-10-01,CAF,1066,Forecasting,5,Phase 5,0,0
443,2022-07-01,COD,1068,Forecasting,5,Phase 5,0,0
446,2022-07-01,COD,1071,Forecasting,5,Phase 5,0,0
451,2022-07-01,COD,1077,Forecasting,5,Phase 5,0,0
452,2022-07-01,COD,1083,Forecasting,5,Phase 5,0,0
459,2022-07-01,COD,1095,Forecasting,5,Phase 5,0,0
471,2022-07-01,COD,1103,Forecasting,5,Phase 5,0,0
472,2022-07-01,COD,1105,Forecasting,5,Phase 5,0,0
492,2022-07-01,COD,1123,Forecasting,5,Phase 5,0,0
494,2022-07-01,COD,1125,Forecasting,5,Phase 5,0,0
495,2022-02-01,SSD,1129,Forecasting,5,Phase 5,0.05,0
495,2022-10-01,SSD,1130,Forecasting,5,Phase 5,0,0
496,2022-02-01,SSD,1134,Forecasting,5,Phase 5,0.05,0
496,2022-10-01,SSD,1135,Forecasting,5,Phase 5,0,0
512,2022-10-01,SSD,1163,Forecasting,5,Phase 5,0,0
513,2022-10-01,SSD,1168,Forecasting,5,Phase 5,0,0
518,2022-07-01,COD,1174,Forecasting,5,Phase 5,0,0
519,2022-07-01,COD,1179,Forecasting,5,Phase 5,0,0
520,2022-02-01,SSD,1180,Forecasting,5,Phase 5,0,0
521,2022-02-01,SSD,1181,Forecasting,5,Phase 5,0,0
534,2022-02-01,COD,1191,Forecasting,5,Phase 5,0,0
534,2022-10-01,COD,1192,Forecasting,5,Phase 5,0,0
537,2022-02-01,COD,1200,Forecasting,5,Phase 5,0,0
537,2022-10-01,COD,1201,Forecasting,5,Phase 5,0,0
547,2022-07-01,COD,1218,Forecasting,5,Phase 5,0,0
555,2022-07-01,COD,1243,Forecasting,5,Phase 5,0,0
564,2022-04-01,COD,1264,Forecasting,5,Phase 5,0,0
564,2022-06-01,COD,1265,Forecasting,5,Phase 5,0,0
564,2022-07-01,COD,1266,Forecasting,5,Phase 5,0,0
565,2022-04-01,COD,1279,Forecasting,5,Phase 5,0,0
565,2022-06-01,COD,1280,Forecasting,5,Phase 5,0,0
565,2022-07-01,COD,1281,Forecasting,5,Phase 5,0,0
568,2022-10-01,SSD,1285,Forecasting,5,Phase 5,0,0
570,2022-02-01,COD,1299,Forecasting,5,Phase 5,0,0
571,2022-02-01,COD,1313,Forecasting,5,Phase 5,0,0
577,2022-10-01,SSD,1326,Forecasting,5,Phase 5,0,0
578,2022-10-01,SSD,1337,Forecasting,5,Phase 5,0,0
586,2022-02-01,COD,1358,Forecasting,5,Phase 5,0,0
586,2022-07-01,COD,1359,Forecasting,5,Phase 5,0,0
586,2022-10-01,COD,1360,Forecasting,5,Phase 5,0,0
587,2022-04-01,COD,1373,Forecasting,5,Phase 5,0,0
587,2022-06-01,COD,1374,Forecasting,5,Phase 5,0,0
587,2022-07-01,COD,1375,Forecasting,5,Phase 5,0,0
591,2022-04-01,COD,1389,Forecasting,5,Phase 5,0,0
591,2022-07-01,COD,1390,Forecasting,5,Phase 5,0,0
592,2022-04-01,COD,1402,Forecasting,5,Phase 5,0,0
592,2022-07-01,COD,1403,Forecasting,5,Phase 5,0,0
598,2022-07-01,COD,1423,Forecasting,5,Phase 5,0,0
602,2022-04-01,COD,1436,Forecasting,5,Phase 5,0,0
602,2022-06-01,COD,1437,Forecasting,5,Phase 5,0,0
602,2022-07-01,COD,1438,Forecasting,5,Phase 5,0,0
605,2022-10-01,SSD,1444,Forecasting,5,Phase 5,0,0
606,2022-10-01,SSD,1448,Forecasting,5,Phase 5,0,0
607,2022-07-01,COD,1455,Forecasting,5,Phase 5,0,0
608,2022-07-01,COD,1462,Forecasting,5,Phase 5,0,0
609,2022-07-01,COD,1469,Forecasting,5,Phase 5,0,0
611,2022-06-01,COD,1479,Forecasting,5,Phase 5,0,0
611,2022-07-01,COD,1480,Forecasting,5,Phase 5,0,0
613,2022-04-01,COD,1492,Forecasting,5,Phase 5,0,0
613,2022-06-01,COD,1493,Forecasting,5,Phase 5,0,0
613,2022-07-01,COD,1494,Forecasting,5,Phase 5,0,0
614,2022-07-01,COD,1499,Forecasting,5,Phase 5,0,0
615,2022-04-01,COD,1512,Forecasting,5,Phase 5,0,0
615,2022-06-01,COD,1513,Forecasting,5,Phase 5,0,0
615,2022-07-01,COD,1514,Forecasting,5,Phase 5,0,0
616,2022-04-01,COD,1521,Forecasting,5,Phase 5,0,0
618,2022-04-01,COD,1535,Forecasting,5,Phase 5,0,0
618,2022-06-01,COD,1536,Forecasting,5,Phase 5,0,0
618,2022-07-01,COD,1537,Forecasting,5,Phase 5,0,0
623,2022-07-01,COD,1546,Forecasting,5,Phase 5,0,0
625,2022-04-01,COD,1560,Forecasting,5,Phase 5,0,0
625,2022-06-01,COD,1561,Forecasting,5,Phase 5,0,0
625,2022-07-01,COD,1562,Forecasting,5,Phase 5,0,0
626,2022-04-01,COD,1576,Forecasting,5,Phase 5,0,0
626,2022-06-01,COD,1577,Forecasting,5,Phase 5,0,0
626,2022-07-01,COD,1578,Forecasting,5,Phase 5,0,0
630,2022-06-01,ZMB,1581,Forecasting,5,Phase 5,0,0
633,2022-06-01,ZMB,1584,Forecasting,5,Phase 5,0,0
634,2022-04-01,COD,1598,Forecasting,5,Phase 5,0,0
634,2022-06-01,COD,1599,Forecasting,5,Phase 5,0,0
634,2022-07-01,COD,1600,Forecasting,5,Phase 5,0,0
637,2022-02-01,SSD,1615,Forecasting,5,Phase 5,0,0
637,2022-10-01,SSD,1616,Forecasting,5,Phase 5,0,0
638,2022-02-01,SSD,1625,Forecasting,5,Phase 5,0,0
638,2022-10-01,SSD,1626,Forecasting,5,Phase 5,0,0
639,2022-02-01,SSD,1633,Forecasting,5,Phase 5,0,0
640,2022-02-01,SSD,1640,Forecasting,5,Phase 5,0,0
642,2022-10-01,SSD,1643,Forecasting,5,Phase 5,0,0
643,2022-10-01,SSD,1645,Forecasting,5,Phase 5,0,0
644,2022-06-01,COD,1650,Forecasting,5,Phase 5,0,0
644,2022-07-01,COD,1651,Forecasting,5,Phase 5,0,0
645,2022-06-01,COD,1656,Forecasting,5,Phase 5,0,0
645,2022-07-01,COD,1657,Forecasting,5,Phase 5,0,0
646,2022-04-01,COD,1668,Forecasting,5,Phase 5,0,0
646,2022-07-01,COD,1669,Forecasting,5,Phase 5,0,0
647,2022-04-01,COD,1680,Forecasting,5,Phase 5,0,0
647,2022-07-01,COD,1681,Forecasting,5,Phase 5,0,0
649,2022-04-01,COD,1700,Forecasting,5,Phase 5,0,0
649,2022-06-01,COD,1701,Forecasting,5,Phase 5,0,0
649,2022-07-01,COD,1702,Forecasting,5,Phase 5,0,0
650,2022-04-01,COD,1720,Forecasting,5,Phase 5,0,0
650,2022-06-01,COD,1721,Forecasting,5,Phase 5,0,0
650,2022-07-01,COD,1722,Forecasting,5,Phase 5,0,0
651,2022-04-01,BDI,1737,Forecasting,5,Phase 5,0,0
651,2022-06-01,BDI,1738,Forecasting,5,Phase 5,0,0
651,2022-07-01,BDI,1739,Forecasting,5,Phase 5,0,0
652,2022-04-01,BDI,1754,Forecasting,5,Phase 5,0,0
652,2022-06-01,BDI,1755,Forecasting,5,Phase 5,0,0
652,2022-07-01,BDI,1756,Forecasting,5,Phase 5,0,0
654,2022-06-01,COD,1766,Forecasting,5,Phase 5,0,0
654,2022-07-01,COD,1767,Forecasting,5,Phase 5,0,0
655,2022-06-01,COD,1777,Forecasting,5,Phase 5,0,0
655,2022-07-01,COD,1778,Forecasting,5,Phase 5,0,0
658,2022-06-01,COD,1788,Forecasting,5,Phase 5,0,0
658,2022-07-01,COD,1789,Forecasting,5,Phase 5,0,0
661,2022-06-01,COD,1802,Forecasting,5,Phase 5,0,0
661,2022-07-01,COD,1803,Forecasting,5,Phase 5,0,0
668,2022-02-01,SSD,1823,Forecasting,5,Phase 5,0,0
668,2022-07-01,SSD,1824,Forecasting,5,Phase 5,0,0
669,2022-02-01,SSD,1831,Forecasting,5,Phase 5,0,0
669,2022-07-01,SSD,1832,Forecasting,5,Phase 5,0,0
670,2022-02-01,SSD,1834,Forecasting,5,Phase 5,0,0
671,2022-02-01,SSD,1836,Forecasting,5,Phase 5,0,0
672,2022-02-01,SSD,1846,Forecasting,5,Phase 5,0,0
672,2022-10-01,SSD,1847,Forecasting,5,Phase 5,0,0
673,2022-02-01,SSD,1857,Forecasting,5,Phase 5,0,0
673,2022-10-01,SSD,1858,Forecasting,5,Phase 5,0,0
674,2022-07-01,BDI,1868,Forecasting,5,Phase 5,0,0
675,2022-07-01,BDI,1878,Forecasting,5,Phase 5,0,0
676,2022-04-01,BDI,1893,Forecasting,5,Phase 5,0,0
676,2022-06-01,BDI,1894,Forecasting,5,Phase 5,0,0
676,2022-07-01,BDI,1895,Forecasting,5,Phase 5,0,0
677,2022-04-01,BDI,1910,Forecasting,5,Phase 5,0,0
677,2022-06-01,BDI,1911,Forecasting,5,Phase 5,0,0
677,2022-07-01,BDI,1912,Forecasting,5,Phase 5,0,0
678,2022-02-01,SSD,1917,Forecasting,5,Phase 5,0,0
678,2022-04-01,SSD,1918,Forecasting,5,Phase 5,0,0
679,2022-02-01,SSD,1923,Forecasting,5,Phase 5,0,0
679,2022-04-01,SSD,1924,Forecasting,5,Phase 5,0,0
680,2022-02-01,COD,1927,Forecasting,5,Phase 5,0,0
680,2022-07-01,COD,1928,Forecasting,5,Phase 5,0,0
680,2022-10-01,COD,1929,Forecasting,5,Phase 5,0,0
681,2022-06-01,COD,1939,Forecasting,5,Phase 5,0,0
681,2022-07-01,COD,1940,Forecasting,5,Phase 5,0,0
682,2022-02-01,SSD,1942,Forecasting,5,Phase 5,0.05,0
683,2022-02-01,SSD,1944,Forecasting,5,Phase 5,0.05,0
684,2022-06-01,COD,1954,Forecasting,5,Phase 5,0,0
684,2022-07-01,COD,1955,Forecasting,5,Phase 5,0,0
685,2022-02-01,COD,1958,Forecasting,5,Phase 5,0,0
685,2022-07-01,COD,1959,Forecasting,5,Phase 5,0,0
691,2022-02-01,SSD,1977,Forecasting,5,Phase 5,0,0
692,2022-02-01,SSD,1981,Forecasting,5,Phase 5,0,0
699,2022-04-01,BDI,2008,Forecasting,5,Phase 5,0,0
699,2022-06-01,BDI,2009,Forecasting,5,Phase 5,0,0
699,2022-07-01,BDI,2010,Forecasting,5,Phase 5,0,0
700,2022-04-01,BDI,2023,Forecasting,5,Phase 5,0,0
700,2022-07-01,BDI,2024,Forecasting,5,Phase 5,0,0
701,2022-02-01,SSD,2028,Forecasting,5,Phase 5,0.05,0
702,2022-02-01,SSD,2032,Forecasting,5,Phase 5,0.05,0
703,2022-04-01,BDI,2046,Forecasting,5,Phase 5,0,0
703,2022-06-01,BDI,2047,Forecasting,5,Phase 5,0,0
703,2022-07-01,BDI,2048,Forecasting,5,Phase 5,0,0
704,2022-04-01,BDI,2062,Forecasting,5,Phase 5,0,0
704,2022-06-01,BDI,2063,Forecasting,5,Phase 5,0,0
704,2022-07-01,BDI,2064,Forecasting,5,Phase 5,0,0
705,2022-10-01,ZAF,2067,Forecasting,5,Phase 5,0,0
706,2022-06-01,COD,2075,Forecasting,5,Phase 5,0,0
706,2022-07-01,COD,2076,Forecasting,5,Phase 5,0,0
707,2022-04-01,BDI,2087,Forecasting,5,Phase 5,0,0
707,2022-06-01,BDI,2088,Forecasting,5,Phase 5,0,0
707,2022-07-01,BDI,2089,Forecasting,5,Phase 5,0,0
708,2022-04-01,BDI,2100,Forecasting,5,Phase 5,0,0
708,2022-06-01,BDI,2101,Forecasting,5,Phase 5,0,0
708,2022-07-01,BDI,2102,Forecasting,5,Phase 5,0,0
711,2022-02-01,SSD,2118,Forecasting,5,Phase 5,0,0
711,2022-07-01,SSD,2119,Forecasting,5,Phase 5,0,0
712,2022-02-01,SSD,2133,Forecasting,5,Phase 5,0,0
712,2022-07-01,SSD,2134,Forecasting,5,Phase 5,0,0
716,2022-02-01,COD,2146,Forecasting,5,Phase 5,0,0
716,2022-06-01,COD,2147,Forecasting,5,Phase 5,0,0
717,2022-02-01,COD,2154,Forecasting,5,Phase 5,0,0
717,2022-06-01,COD,2155,Forecasting,5,Phase 5,0,0
723,2022-02-01,SSD,2162,Forecasting,5,Phase 5,0.08,0
724,2022-02-01,SSD,2165,Forecasting,5,Phase 5,0.08,0
726,2022-02-01,COD,2171,Forecasting,5,Phase 5,0,0
727,2022-06-01,ZAF,2179,Forecasting,5,Phase 5,0,0
727,2022-07-01,ZAF,2180,Forecasting,5,Phase 5,0,0
732,2022-06-01,SSD,2195,Forecasting,5,Phase 5,0,0
732,2022-10-01,SSD,2196,Forecasting,5,Phase 5,0,0
733,2022-06-01,SSD,2206,Forecasting,5,Phase 5,0,0
733,2022-10-01,SSD,2207,Forecasting,5,Phase 5,0,0
735,2022-02-01,SSD,2221,Forecasting,5,Phase 5,0,0
735,2022-10-01,SSD,2222,Forecasting,5,Phase 5,0,0
736,2022-02-01,SSD,2231,Forecasting,5,Phase 5,0,0
736,2022-10-01,SSD,2232,Forecasting,5,Phase 5,0,0
748,2022-02-01,SSD,2239,Forecasting,5,Phase 5,0,0
749,2022-02-01,SSD,2240,Forecasting,5,Phase 5,0,0
752,2022-10-01,UGA,2242,Forecasting,5,Phase 5,0,0
753,2022-10-01,UGA,2244,Forecasting,5,Phase 5,0,0
759,2022-06-01,SWZ,2274,Forecasting,5,Phase 5,0,0
759,2022-10-01,SWZ,2275,Forecasting,5,Phase 5,0,0
760,2022-02-01,SSD,2279,Forecasting,5,Phase 5,0,0
761,2022-06-01,SWZ,2285,Forecasting,5,Phase 5,0,0
761,2022-10-01,SWZ,2286,Forecasting,5,Phase 5,0,0
762,2022-02-01,SSD,2290,Forecasting,5,Phase 5,0,0
768,2022-02-01,SSD,2295,Forecasting,5,Phase 5,0,0
769,2022-02-01,SSD,2298,Forecasting,5,Phase 5,0,0
770,2022-06-01,SWZ,2299,Forecasting,5,Phase 5,0,0
770,2022-10-01,SWZ,2300,Forecasting,5,Phase 5,0,0
773,2022-06-01,SWZ,2307,Forecasting,5,Phase 5,0,0
773,2022-10-01,SWZ,2308,Forecasting,5,Phase 5,0,0
779,2022-02-01,SSD,2317,Forecasting,5,Phase 5,0.05,0
779,2022-10-01,SSD,2318,Forecasting,5,Phase 5,0.05,0
780,2022-02-01,SSD,2322,Forecasting,5,Phase 5,0.05,0
780,2022-10-01,SSD,2323,Forecasting,5,Phase 5,0.05,0
781,2022-10-01,SSD,2326,Forecasting,5,Phase 5,0.3,0
782,2022-10-01,SSD,2329,Forecasting,5,Phase 5,0.3,0
783,2022-10-01,SSD,2337,Forecasting,5,Phase 5,0,0
784,2022-10-01,SSD,2345,Forecasting,5,Phase 5,0,0
785,2022-06-01,SSD,2357,Forecasting,5,Phase 5,0,0
785,2022-10-01,SSD,2358,Forecasting,5,Phase 5,0,0
786,2022-06-01,SSD,2370,Forecasting,5,Phase 5,0,0
786,2022-10-01,SSD,2371,Forecasting,5,Phase 5,0,0
789,2022-10-01,SSD,2376,Forecasting,5,Phase 5,0,0
793,2022-02-01,SDN,2379,Forecasting,5,Phase 5,0,0
794,2022-10-01,SWZ,2381,Forecasting,5,Phase 5,0,0
796,2022-06-01,UGA,2386,Forecasting,5,Phase 5,0,0
797,2022-06-01,UGA,2390,Forecasting,5,Phase 5,0,0
798,2022-06-01,SWZ,2393,Forecasting,5,Phase 5,0,0
799,2022-06-01,SWZ,2396,Forecasting,5,Phase 5,0,0
800,2022-10-01,SSD,2399,Forecasting,5,Phase 5,0,0
801,2022-10-01,SSD,2402,Forecasting,5,Phase 5,0,0
806,2022-02-01,SSD,2409,Forecasting,5,Phase 5,0,0
806,2022-10-01,SSD,2410,Forecasting,5,Phase 5,0,0
807,2022-02-01,SSD,2417,Forecasting,5,Phase 5,0,0
807,2022-10-01,SSD,2418,Forecasting,5,Phase 5,0,0
815,2022-02-01,SSD,2422,Forecasting,5,Phase 5,0.05,0
815,2022-10-01,SSD,2423,Forecasting,5,Phase 5,0,0
816,2022-02-01,SSD,2427,Forecasting,5,Phase 5,0.05,0
816,2022-10-01,SSD,2428,Forecasting,5,Phase 5,0,0
817,2022-02-01,SSD,2434,Forecasting,5,Phase 5,0,0
817,2022-10-01,SSD,2435,Forecasting,5,Phase 5,0,0
818,2022-02-01,SSD,2441,Forecasting,5,Phase 5,0,0
818,2022-10-01,SSD,2442,Forecasting,5,Phase 5,0,0
820,2022-02-01,SSD,2449,Forecasting,5,Phase 5,0,0
820,2022-03-01,SSD,2450,Forecasting,5,Phase 5,0,0
820,2022-06-01,SSD,2451,Forecasting,5,Phase 5,0,0
821,2022-02-01,SSD,2458,Forecasting,5,Phase 5,0,0
821,2022-03-01,SSD,2459,Forecasting,5,Phase 5,0,0
821,2022-06-01,SSD,2460,Forecasting,5,Phase 5,0,0
825,2022-04-01,SDN,2461,Forecasting,5,Phase 5,0,0
828,2022-04-01,SDN,2464,Forecasting,5,Phase 5,0,0
829,2022-04-01,SDN,2467,Forecasting,5,Phase 5,0,0
837,2022-06-01,UGA,2470,Forecasting,5,Phase 5,0,0
842,2022-02-01,SSD,2482,Forecasting,5,Phase 5,0,0
842,2022-03-01,SSD,2483,Forecasting,5,Phase 5,0,0
842,2022-06-01,SSD,2484,Forecasting,5,Phase 5,0,0
842,2022-10-01,SSD,2485,Forecasting,5,Phase 5,0,0
843,2022-02-01,SSD,2495,Forecasting,5,Phase 5,0,0
843,2022-03-01,SSD,2496,Forecasting,5,Phase 5,0,0
843,2022-06-01,SSD,2497,Forecasting,5,Phase 5,0,0
843,2022-10-01,SSD,2498,Forecasting,5,Phase 5,0,0
844,2022-10-01,SSD,2500,Forecasting,5,Phase 5,0,0
845,2022-10-01,SSD,2502,Forecasting,5,Phase 5,0,0
852,2022-06-01,UGA,2512,Forecasting,5,Phase 5,0,0
857,2022-03-01,UGA,2522,Forecasting,5,Phase 5,0,0
858,2022-03-01,UGA,2525,Forecasting,5,Phase 5,0,0
882,2022-02-01,SSD,2553,Forecasting,5,Phase 5,0,0
883,2022-02-01,SSD,2558,Forecasting,5,Phase 5,0,0
893,2022-02-01,SSD,2571,Forecasting,5,Phase 5,0,0
893,2022-10-01,SSD,2572,Forecasting,5,Phase 5,0,0
894,2022-02-01,SSD,2578,Forecasting,5,Phase 5,0,0
894,2022-10-01,SSD,2579,Forecasting,5,Phase 5,0,0
896,2022-04-01,SSD,2584,Forecasting,5,Phase 5,0,0
897,2022-04-01,SSD,2587,Forecasting,5,Phase 5,0,0
898,2022-03-01,SSD,2588,Forecasting,5,Phase 5,0,0
898,2022-06-01,SSD,2589,Forecasting,5,Phase 5,0,0
898,2022-10-01,SSD,2590,Forecasting,5,Phase 5,0,0
899,2022-03-01,SSD,2591,Forecasting,5,Phase 5,0,0
899,2022-06-01,SSD,2592,Forecasting,5,Phase 5,0,0
899,2022-10-01,SSD,2593,Forecasting,5,Phase 5,0,0
901,2022-02-01,SSD,2596,Forecasting,5,Phase 5,0,0
902,2022-02-01,SSD,2598,Forecasting,5,Phase 5,0,0
913,2022-02-01,SSD,2615,Forecasting,5,Phase 5,0,0
914,2022-02-01,SSD,2619,Forecasting,5,Phase 5,0,0
915,2022-10-01,MWI,2621,Forecasting,5,Phase 5,0,0
916,2022-03-01,UGA,2622,Forecasting,5,Phase 5,0,0
917,2022-02-01,UGA,2624,Forecasting,5,Phase 5,0,0
917,2022-06-01,UGA,2625,Forecasting,5,Phase 5,0,0
918,2022-02-01,UGA,2627,Forecasting,5,Phase 5,0,0
918,2022-06-01,UGA,2628,Forecasting,5,Phase 5,0,0
919,2022-03-01,UGA,2629,Forecasting,5,Phase 5,0,0
921,2022-10-01,MWI,2631,Forecasting,5,Phase 5,0,0
929,2022-10-01,UGA,2645,Forecasting,5,Phase 5,0,0
930,2022-02-01,SSD,2649,Forecasting,5,Phase 5,0,0
930,2022-10-01,SSD,2650,Forecasting,5,Phase 5,0,0
931,2022-02-01,SSD,2655,Forecasting,5,Phase 5,0,0
931,2022-10-01,SSD,2656,Forecasting,5,Phase 5,0,0
937,2022-02-01,UGA,2672,Forecasting,5,Phase 5,0,0
937,2022-03-01,UGA,2673,Forecasting,5,Phase 5,0,0
937,2022-06-01,UGA,2674,Forecasting,5,Phase 5,0,0
937,2022-07-01,UGA,2675,Forecasting,5,Phase 5,0,0
937,2022-10-01,UGA,2676,Forecasting,5,Phase 5,0,0
938,2022-02-01,UGA,2685,Forecasting,5,Phase 5,0,0
938,2022-03-01,UGA,2686,Forecasting,5,Phase 5,0,0
938,2022-06-01,UGA,2687,Forecasting,5,Phase 5,0,0
938,2022-07-01,UGA,2688,Forecasting,5,Phase 5,0,0
938,2022-10-01,UGA,2689,Forecasting,5,Phase 5,0,0
941,2022-03-01,UGA,2692,Forecasting,5,Phase 5,0,0
942,2022-03-01,UGA,2695,Forecasting,5,Phase 5,0,0
948,2022-02-01,UGA,2701,Forecasting,5,Phase 5,0,0
948,2022-03-01,UGA,2702,Forecasting,5,Phase 5,0,0
951,2022-02-01,UGA,2711,Forecasting,5,Phase 5,0,0
951,2022-03-01,UGA,2712,Forecasting,5,Phase 5,0,0
951,2022-06-01,UGA,2713,Forecasting,5,Phase 5,0,0
951,2022-07-01,UGA,2714,Forecasting,5,Phase 5,0,0
952,2022-02-01,UGA,2719,Forecasting,5,Phase 5,0,0
952,2022-03-01,UGA,2720,Forecasting,5,Phase 5,0,0
952,2022-06-01,UGA,2721,Forecasting,5,Phase 5,0,0
952,2022-07-01,UGA,2722,Forecasting,5,Phase 5,0,0
957,2022-07-01,KEN,2727,Forecasting,5,Phase 5,0,0
965,2022-02-01,UGA,2730,Forecasting,5,Phase 5,0,0
965,2022-06-01,UGA,2731,Forecasting,5,Phase 5,0,0
966,2022-02-01,UGA,2733,Forecasting,5,Phase 5,0,0
966,2022-06-01,UGA,2734,Forecasting,5,Phase 5,0,0
968,2022-02-01,UGA,2738,Forecasting,5,Phase 5,0,0
968,2022-03-01,UGA,2739,Forecasting,5,Phase 5,0,0
968,2022-06-01,UGA,2740,Forecasting,5,Phase 5,0,0
968,2022-07-01,UGA,2741,Forecasting,5,Phase 5,0,0
969,2022-02-01,UGA,2745,Forecasting,5,Phase 5,0,0
969,2022-03-01,UGA,2746,Forecasting,5,Phase 5,0,0
969,2022-06-01,UGA,2747,Forecasting,5,Phase 5,0,0
969,2022-07-01,UGA,2748,Forecasting,5,Phase 5,0,0
971,2022-03-01,SSD,2751,Forecasting,5,Phase 5,0,0
971,2022-06-01,SSD,2752,Forecasting,5,Phase 5,0,0
972,2022-03-01,SSD,2755,Forecasting,5,Phase 5,0,0
972,2022-06-01,SSD,2756,Forecasting,5,Phase 5,0,0
983,2022-06-01,MOZ,2760,Forecasting,5,Phase 5,0,0
984,2022-06-01,MOZ,2761,Forecasting,5,Phase 5,0,0
985,2022-06-01,MOZ,2762,Forecasting,5,Phase 5,0,0
994,2022-02-01,KEN,2765,Forecasting,5,Phase 5,0,0
994,2022-06-01,KEN,2766,Forecasting,5,Phase 5,0,0
995,2022-02-01,KEN,2769,Forecasting,5,Phase 5,0,0
995,2022-06-01,KEN,2770,Forecasting,5,Phase 5,0,0
997,2022-09-01,LBN,2774,Forecasting,5,Phase 5,0,0
1001,2022-09-01,LBN,2777,Forecasting,5,Phase 5,0,0
1003,2022-02-01,KEN,2781,Forecasting,5,Phase 5,0,0
1003,2022-03-01,KEN,2782,Forecasting,5,Phase 5,0,0
1003,2022-07-01,KEN,2783,Forecasting,5,Phase 5,0,0
1005,2022-02-01,KEN,2787,Forecasting,5,Phase 5,0,0
1005,2022-03-01,KEN,2788,Forecasting,5,Phase 5,0,0
1005,2022-07-01,KEN,2789,Forecasting,5,Phase 5,0,0
1008,2022-09-01,LBN,2791,Forecasting,5,Phase 5,0,0
1011,2022-02-01,KEN,2796,Forecasting,5,Phase 5,0,0
1011,2022-03-01,KEN,2797,Forecasting,5,Phase 5,0,0
1011,2022-06-01,KEN,2798,Forecasting,5,Phase 5,0,0
1011,2022-07-01,KEN,2799,Forecasting,5,Phase 5,0,0
1016,2022-09-01,LBN,2806,Forecasting,5,Phase 5,0,0
1017,2022-09-01,LBN,2807,Forecasting,5,Phase 5,0,0
1020,2022-09-01,LBN,2808,Forecasting,5,Phase 5,0,0
1023,2022-09-01,LBN,2809,Forecasting,5,Phase 5,0,0
1032,2022-02-01,KEN,2815,Forecasting,5,Phase 5,0,0
1032,2022-03-01,KEN,2816,Forecasting,5,Phase 5,0,0
1032,2022-06-01,KEN,2817,Forecasting,5,Phase 5,0,0
1033,2022-02-01,KEN,2820,Forecasting,5,Phase 5,0,0
1033,2022-03-01,KEN,2821,Forecasting,5,Phase 5,0,0
1033,2022-06-01,KEN,2822,Forecasting,5,Phase 5,0,0
1038,2022-09-01,LBN,2824,Forecasting,5,Phase 5,0,0
1039,2022-09-01,LBN,2825,Forecasting,5,Phase 5,0,0
1046,2022-02-01,KEN,2831,Forecasting,5,Phase 5,0,0
1046,2022-07-01,KEN,2832,Forecasting,5,Phase 5,0,0
1047,2022-02-01,KEN,2835,Forecasting,5,Phase 5,0,0
1047,2022-07-01,KEN,2836,Forecasting,5,Phase 5,0,0
1048,2022-07-01,KEN,2837,Forecasting,5,Phase 5,0,0
1048,2022-10-01,KEN,2838,Forecasting,5,Phase 5,0,0
1049,2022-10-01,KEN,2839,Forecasting,5,Phase 5,0,0
1050,2022-10-01,KEN,2840,Forecasting,5,Phase 5,0,0
1057,2022-07-01,TZA,2846,Forecasting,5,Phase 5,0,0
1059,2022-02-01,KEN,2848,Forecasting,5,Phase 5,0,0
1059,2022-07-01,KEN,2849,Forecasting,5,Phase 5,0,0
1060,2022-02-01,KEN,2851,Forecasting,5,Phase 5,0,0
1060,2022-07-01,KEN,2852,Forecasting,5,Phase 5,0,0
1061,2022-07-01,KEN,2857,Forecasting,5,Phase 5,0,0
1068,2022-02-01,KEN,2865,Forecasting,5,Phase 5,0,0
1068,2022-07-01,KEN,2866,Forecasting,5,Phase 5,0,0
1071,2022-02-01,KEN,2870,Forecasting,5,Phase 5,0,0
1071,2022-07-01,KEN,2871,Forecasting,5,Phase 5,0,0
1097,2022-02-01,KEN,2878,Forecasting,5,Phase 5,0,0
1099,2022-02-01,KEN,2879,Forecasting,5,Phase 5,0,0
1102,2022-02-01,KEN,2882,Forecasting,5,Phase 5,0,0
1102,2022-07-01,KEN,2883,Forecasting,5,Phase 5,0,0
1103,2022-02-01,KEN,2886,Forecasting,5,Phase 5,0,0
1103,2022-07-01,KEN,2887,Forecasting,5,Phase 5,0,0
1107,2022-10-01,MOZ,2888,Forecasting,5,Phase 5,0,0
1112,2022-10-01,MOZ,2889,Forecasting,5,Phase 5,0,0
1113,2022-10-01,MOZ,2890,Forecasting,5,Phase 5,0,0
1114,2022-10-01,MOZ,2891,Forecasting,5,Phase 5,0,0
1124,2022-10-01,MOZ,2899,Forecasting,5,Phase 5,0,0
1128,2022-10-01,MOZ,2903,Forecasting,5,Phase 5,0,0
1131,2022-10-01,MOZ,2911,Forecasting,5,Phase 5,0,0
1145,2022-10-01,MOZ,2919,Forecasting,5,Phase 5,0,0
1146,2022-10-01,MOZ,2921,Forecasting,5,Phase 5,0,0
1148,2022-10-01,MOZ,2922,Forecasting,5,Phase 5,0,0
1150,2022-10-01,MOZ,2923,Forecasting,5,Phase 5,0,0
1151,2022-10-01,MOZ,2926,Forecasting,5,Phase 5,0,0
1152,2022-10-01,MOZ,2929,Forecasting,5,Phase 5,0,0
1154,2022-10-01,MOZ,2933,Forecasting,5,Phase 5,0,0
1157,2022-02-01,KEN,2943,Forecasting,5,Phase 5,0,0
1157,2022-07-01,KEN,2944,Forecasting,5,Phase 5,0,0
1157,2022-10-01,KEN,2945,Forecasting,5,Phase 5,0,0
1158,2022-02-01,KEN,2953,Forecasting,5,Phase 5,0,0
1158,2022-07-01,KEN,2954,Forecasting,5,Phase 5,0,0
1158,2022-10-01,KEN,2955,Forecasting,5,Phase 5,0,0
1160,2022-01-01,KEN,2967,Forecasting,5,Phase 5,0,0
1160,2022-02-01,KEN,2968,Forecasting,5,Phase 5,0,0
1160,2022-05-01,KEN,2969,Forecasting,5,Phase 5,0,0
1160,2022-07-01,KEN,2970,Forecasting,5,Phase 5,0,0
1160,2022-10-01,KEN,2971,Forecasting,5,Phase 5,0,0
1161,2022-01-01,KEN,2983,Forecasting,5,Phase 5,0,0
1161,2022-02-01,KEN,2984,Forecasting,5,Phase 5,0,0
1161,2022-05-01,KEN,2985,Forecasting,5,Phase 5,0,0
1161,2022-07-01,KEN,2986,Forecasting,5,Phase 5,0,0
1161,2022-10-01,KEN,2987,Forecasting,5,Phase 5,0,0
1173,2022-01-01,KEN,2997,Forecasting,5,Phase 5,0,0
1173,2022-02-01,KEN,2998,Forecasting,5,Phase 5,0,0
1173,2022-07-01,KEN,2999,Forecasting,5,Phase 5,0,0
1173,2022-10-01,KEN,3000,Forecasting,5,Phase 5,0,0
1182,2022-01-01,SOM,3020,Forecasting,5,Phase 5,0,0
1182,2022-05-01,SOM,3021,Forecasting,5,Phase 5,0,0
1182,2022-10-01,SOM,3022,Forecasting,5,Phase 5,0,0
1183,2022-01-01,SOM,3028,Forecasting,5,Phase 5,0,0
1183,2022-02-01,SOM,3029,Forecasting,5,Phase 5,0,0
1184,2022-01-01,SOM,3035,Forecasting,5,Phase 5,0,0
1184,2022-02-01,SOM,3036,Forecasting,5,Phase 5,0,0
1188,2022-01-01,SOM,3048,Forecasting,5,Phase 5,0,0
1188,2022-02-01,SOM,3049,Forecasting,5,Phase 5,0,0
1188,2022-05-01,SOM,3050,Forecasting,5,Phase 5,0,0
1188,2022-07-01,SOM,3051,Forecasting,5,Phase 5,0,0
1189,2022-01-01,SOM,3058,Forecasting,5,Phase 5,0,0
1189,2022-02-01,SOM,3059,Forecasting,5,Phase 5,0,0
1189,2022-10-01,SOM,3060,Forecasting,5,Phase 5,0,0
1190,2022-01-01,SOM,3069,Forecasting,5,Phase 5,0,0
1190,2022-05-01,SOM,3070,Forecasting,5,Phase 5,0,0
1190,2022-07-01,SOM,3071,Forecasting,5,Phase 5,0,0
1190,2022-10-01,SOM,3072,Forecasting,5,Phase 5,0,0
1192,2022-10-01,ETH,3077,Forecasting,5,Phase 5,0,0
1195,2022-01-01,SOM,3089,Forecasting,5,Phase 5,0,0
1195,2022-05-01,SOM,3090,Forecasting,5,Phase 5,0,0
1195,2022-07-01,SOM,3091,Forecasting,5,Phase 5,0,0
1195,2022-10-01,SOM,3092,Forecasting,5,Phase 5,0,0
1196,2022-01-01,SOM,3104,Forecasting,5,Phase 5,0,0
1196,2022-02-01,SOM,3105,Forecasting,5,Phase 5,0,0
1196,2022-05-01,SOM,3106,Forecasting,5,Phase 5,0,0
1196,2022-07-01,SOM,3107,Forecasting,5,Phase 5,0,0
1196,2022-10-01,SOM,3108,Forecasting,5,Phase 5,0,0
1197,2022-01-01,SOM,3120,Forecasting,5,Phase 5,0,0
1197,2022-02-01,SOM,3121,Forecasting,5,Phase 5,0,0
1197,2022-05-01,SOM,3122,Forecasting,5,Phase 5,0,0
1197,2022-07-01,SOM,3123,Forecasting,5,Phase 5,0,0
1197,2022-10-01,SOM,3124,Forecasting,5,Phase 5,0,0
1200,2022-10-01,SOM,3133,Forecasting,5,Phase 5,0,0
1203,2022-02-01,SOM,3138,Forecasting,5,Phase 5,0,0
1203,2022-10-01,SOM,3139,Forecasting,5,Phase 5,0,0
1204,2022-02-01,SOM,3144,Forecasting,5,Phase 5,0,0
1204,2022-10-01,SOM,3145,Forecasting,5,Phase 5,0,0
1207,2022-01-01,SOM,3152,Forecasting,5,Phase 5,0,0
1207,2022-05-01,SOM,3153,Forecasting,5,Phase 5,0,0
1207,2022-07-01,SOM,3154,Forecasting,5,Phase 5,0,0
1210,2022-07-01,ETH,3156,Forecasting,5,Phase 5,0,0
1211,2022-01-01,SOM,3166,Forecasting,5,Phase 5,0,0
1211,2022-05-01,SOM,3167,Forecasting,5,Phase 5,0,0
1211,2022-07-01,SOM,3168,Forecasting,5,Phase 5,0,0
1212,2022-10-01,SOM,3171,Forecasting,5,Phase 5,0,0
1214,2022-05-01,SOM,3179,Forecasting,5,Phase 5,0,0
1214,2022-07-01,SOM,3180,Forecasting,5,Phase 5,0,0
1214,2022-10-01,SOM,3181,Forecasting,5,Phase 5,0,0
1215,2022-10-01,DJI,3183,Forecasting,5,Phase 5,0,0
1216,2022-01-01,SOM,3190,Forecasting,5,Phase 5,0,0
1216,2022-10-01,SOM,3191,Forecasting,5,Phase 5,0,0
1217,2022-01-01,SOM,3198,Forecasting,5,Phase 5,0,0
1217,2022-10-01,SOM,3199,Forecasting,5,Phase 5,0,0
1220,2022-01-01,SOM,3213,Forecasting,5,Phase 5,0,0
1220,2022-05-01,SOM,3214,Forecasting,5,Phase 5,0,0
1220,2022-07-01,SOM,3215,Forecasting,5,Phase 5,0,0
1220,2022-10-01,SOM,3216,Forecasting,5,Phase 5,0,0
1222,2022-05-01,SOM,3224,Forecasting,5,Phase 5,0,0
1222,2022-07-01,SOM,3225,Forecasting,5,Phase 5,0,0
1222,2022-10-01,SOM,3226,Forecasting,5,Phase 5,0,0
1223,2022-01-01,SOM,3233,Forecasting,5,Phase 5,0,0
1223,2022-07-01,SOM,3234,Forecasting,5,Phase 5,0,0
1223,2022-10-01,SOM,3235,Forecasting,5,Phase 5,0,0
1226,2022-01-01,SOM,3249,Forecasting,5,Phase 5,0,0
1226,2022-07-01,SOM,3250,Forecasting,5,Phase 5,0,0
1226,2022-10-01,SOM,3251,Forecasting,5,Phase 5,0,0
1227,2022-01-01,SOM,3258,Forecasting,5,Phase 5,0,0
1228,2022-01-01,SOM,3265,Forecasting,5,Phase 5,0,0
1228,2022-05-01,SOM,3266,Forecasting,5,Phase 5,0.03,0
1231,2022-01-01,SOM,3275,Forecasting,5,Phase 5,0,0
1231,2022-05-01,SOM,3276,Forecasting,5,Phase 5,0.03,0
1231,2022-10-01,SOM,3277,Forecasting,5,Phase 5,0.05,0
1234,2022-10-01,ETH,3283,Forecasting,5,Phase 5,0,0
1238,2022-01-01,SOM,3290,Forecasting,5,Phase 5,0,0
1238,2022-07-01,SOM,3291,Forecasting,5,Phase 5,0,0
1238,2022-10-01,SOM,3292,Forecasting,5,Phase 5,0,0
1241,2022-01-01,SOM,3302,Forecasting,5,Phase 5,0,0
1241,2022-10-01,SOM,3303,Forecasting,5,Phase 5,0,0
1243,2022-05-01,SOM,3306,Forecasting,5,Phase 5,0.03,0
1249,2022-01-01,SOM,3312,Forecasting,5,Phase 5,0,0
1249,2022-03-01,SOM,3313,Forecasting,5,Phase 5,0,0
1249,2022-05-01,SOM,3314,Forecasting,5,Phase 5,0,0
1252,2022-01-01,SOM,3321,Forecasting,5,Phase 5,0,0
1252,2022-03-01,SOM,3322,Forecasting,5,Phase 5,0,0
1252,2022-05-01,SOM,3323,Forecasting,5,Phase 5,0,0
1254,2022-01-01,SOM,3327,Forecasting,5,Phase 5,0,0
1254,2022-05-01,SOM,3328,Forecasting,5,Phase 5,0.01,0
1254,2022-07-01,SOM,3329,Forecasting,5,Phase 5,0,0
1254,2022-10-01,SOM,3330,Forecasting,5,Phase 5,0,0
1255,2022-10-01,SOM,3335,Forecasting,5,Phase 5,0,0
1256,2022-10-01,ETH,3337,Forecasting,5,Phase 5,0,0
1257,2022-05-01,SOM,3340,Forecasting,5,Phase 5,0.01,0
1257,2022-10-01,SOM,3341,Forecasting,5,Phase 5,0,0
1276,2022-01-01,SOM,3372,Forecasting,5,Phase 5,0,0
1276,2022-05-01,SOM,3373,Forecasting,5,Phase 5,0.01,0
1276,2022-07-01,SOM,3374,Forecasting,5,Phase 5,0,0
1276,2022-10-01,SOM,3375,Forecasting,5,Phase 5,0,0
1284,2022-01-01,SOM,3387,Forecasting,5,Phase 5,0,0
1284,2022-05-01,SOM,3388,Forecasting,5,Phase 5,0.01,0
1284,2022-07-01,SOM,3389,Forecasting,5,Phase 5,0.1,0
1284,2022-10-01,SOM,3390,Forecasting,5,Phase 5,0.1,0
1293,2022-01-01,SOM,3405,Forecasting,5,Phase 5,0,0
1293,2022-05-01,SOM,3406,Forecasting,5,Phase 5,0.03,0
1293,2022-07-01,SOM,3407,Forecasting,5,Phase 5,0.15,0
1293,2022-10-01,SOM,3408,Forecasting,5,Phase 5,0.15,0
1298,2022-03-01,YEM,3417,Forecasting,5,Phase 5,0,0
1308,2022-01-01,SOM,3431,Forecasting,5,Phase 5,0,0
1308,2022-05-01,SOM,3432,Forecasting,5,Phase 5,0.03,0
1308,2022-07-01,SOM,3433,Forecasting,5,Phase 5,0.1,0
1308,2022-10-01,SOM,3434,Forecasting,5,Phase 5,0.1,0
1309,2022-01-01,SOM,3443,Forecasting,5,Phase 5,0,0
1309,2022-05-01,SOM,3444,Forecasting,5,Phase 5,0.03,0
1309,2022-07-01,SOM,3445,Forecasting,5,Phase 5,0.1,0
1309,2022-10-01,SOM,3446,Forecasting,5,Phase 5,0.1,0
1324,2022-01-01,SOM,3462,Forecasting,5,Phase 5,0,0
1324,2022-05-01,SOM,3463,Forecasting,5,Phase 5,0.03,0
1324,2022-07-01,SOM,3464,Forecasting,5,Phase 5,0.15,0
1324,2022-10-01,SOM,3465,Forecasting,5,Phase 5,0.15,0
1326,2022-05-01,ETH,3469,Forecasting,5,Phase 5,0.01,0
1326,2022-07-01,ETH,3470,Forecasting,5,Phase 5,0,0
1327,2022-07-01,ETH,3473,Forecasting,5,Phase 5,0,0
1329,2022-03-01,YEM,3477,Forecasting,5,Phase 5,0,0
1351,2022-01-01,SOM,3495,Forecasting,5,Phase 5,0,0
1351,2022-05-01,SOM,3496,Forecasting,5,Phase 5,0,0
1351,2022-07-01,SOM,3497,Forecasting,5,Phase 5,0,0
1351,2022-10-01,SOM,3498,Forecasting,5,Phase 5,0,0
1354,2022-01-01,SOM,3503,Forecasting,5,Phase 5,0,0
1354,2022-05-01,SOM,3504,Forecasting,5,Phase 5,0,0
1354,2022-07-01,SOM,3505,Forecasting,5,Phase 5,0,0
1354,2022-10-01,SOM,3506,Forecasting,5,Phase 5,0,0
1357,2022-01-01,SOM,3515,Forecasting,5,Phase 5,0,0
1357,2022-05-01,SOM,3516,Forecasting,5,Phase 5,0.01,0
1357,2022-07-01,SOM,3517,Forecasting,5,Phase 5,0.1,0
1357,2022-10-01,SOM,3518,Forecasting,5,Phase 5,0,0
1358,2022-03-01,YEM,3522,Forecasting,5,Phase 5,0,0
1361,2022-01-01,SOM,3532,Forecasting,5,Phase 5,0,0
1361,2022-05-01,SOM,3533,Forecasting,5,Phase 5,0.01,0
1361,2022-07-01,SOM,3534,Forecasting,5,Phase 5,0.1,0
1361,2022-10-01,SOM,3535,Forecasting,5,Phase 5,0,0
1366,2022-03-01,YEM,3540,Forecasting,5,Phase 5,0,0
1367,2022-01-01,SOM,3551,Forecasting,5,Phase 5,0,0
1367,2022-05-01,SOM,3552,Forecasting,5,Phase 5,0.01,0
1367,2022-07-01,SOM,3553,Forecasting,5,Phase 5,0.1,0
1367,2022-10-01,SOM,3554,Forecasting,5,Phase 5,0,0
1368,2022-01-01,SOM,3565,Forecasting,5,Phase 5,0,0
1368,2022-05-01,SOM,3566,Forecasting,5,Phase 5,0.01,0
1368,2022-07-01,SOM,3567,Forecasting,5,Phase 5,0.1,0
1368,2022-10-01,SOM,3568,Forecasting,5,Phase 5,0,0
1374,2022-03-01,YEM,3577,Forecasting,5,Phase 5,0,0
1375,2022-03-01,YEM,3578,Forecasting,5,Phase 5,0,0
1375,2022-07-01,YEM,3579,Forecasting,5,Phase 5,0,0
1376,2022-05-01,SOM,3582,Forecasting,5,Phase 5,0.03,0
1378,2022-05-01,SOM,3586,Forecasting,5,Phase 5,0.01,0
1378,2022-07-01,SOM,3587,Forecasting,5,Phase 5,0,0
1379,2022-05-01,SOM,3591,Forecasting,5,Phase 5,0.01,0
1379,2022-07-01,SOM,3592,Forecasting,5,Phase 5,0,0
1380,2022-01-01,SOM,3599,Forecasting,5,Phase 5,0,0
1380,2022-05-01,SOM,3600,Forecasting,5,Phase 5,0.03,0
1380,2022-07-01,SOM,3601,Forecasting,5,Phase 5,0.1,0
1381,2022-03-01,YEM,3606,Forecasting,5,Phase 5,0,0
1382,2022-03-01,YEM,3610,Forecasting,5,Phase 5,0,0
1383,2022-05-01,SOM,3614,Forecasting,5,Phase 5,0.01,0
1384,2022-03-01,YEM,3619,Forecasting,5,Phase 5,0,0
1390,2022-03-01,YEM,3627,Forecasting,5,Phase 5,0,0
1397,2022-05-01,SOM,3634,Forecasting,5,Phase 5,0,0
1397,2022-07-01,SOM,3635,Forecasting,5,Phase 5,0,0
1400,2022-03-01,YEM,3640,Forecasting,5,Phase 5,0,0
1420,2022-03-01,YEM,3674,Forecasting,5,Phase 5,0,0
1422,2022-05-01,SOM,3681,Forecasting,5,Phase 5,0,0
1422,2022-07-01,SOM,3682,Forecasting,5,Phase 5,0,0
1429,2022-01-01,SOM,3696,Forecasting,5,Phase 5,0,0
1429,2022-05-01,SOM,3697,Forecasting,5,Phase 5,0,0
1429,2022-07-01,SOM,3698,Forecasting,5,Phase 5,0,0
1429,2022-10-01,SOM,3699,Forecasting,5,Phase 5,0,0
1430,2022-01-01,SOM,3708,Forecasting,5,Phase 5,0,0
1430,2022-05-01,SOM,3709,Forecasting,5,Phase 5,0,0
1430,2022-07-01,SOM,3710,Forecasting,5,Phase 5,0,0
1430,2022-10-01,SOM,3711,Forecasting,5,Phase 5,0,0
1443,2022-01-01,SOM,3729,Forecasting,5,Phase 5,0,0
1443,2022-05-01,SOM,3730,Forecasting,5,Phase 5,0,0
1443,2022-07-01,SOM,3731,Forecasting,5,Phase 5,0,0
1443,2022-10-01,SOM,3732,Forecasting,5,Phase 5,0,0
1446,2022-03-01,YEM,3736,Forecasting,5,Phase 5,0,0
1448,2022-11-01,MDG,3738,Forecasting,5,Phase 5,0,0
1449,2022-11-01,MDG,3740,Forecasting,5,Phase 5,0,0
1454,2022-03-01,YEM,3750,Forecasting,5,Phase 5,0,0
1461,2022-05-01,SOM,3769,Forecasting,5,Phase 5,0,0
1461,2022-07-01,SOM,3770,Forecasting,5,Phase 5,0,0
1462,2022-05-01,SOM,3777,Forecasting,5,Phase 5,0,0
1462,2022-07-01,SOM,3778,Forecasting,5,Phase 5,0,0
1466,2022-01-01,SOM,3791,Forecasting,5,Phase 5,0,0
1466,2022-05-01,SOM,3792,Forecasting,5,Phase 5,0,0
1466,2022-07-01,SOM,3793,Forecasting,5,Phase 5,0,0
1466,2022-10-01,SOM,3794,Forecasting,5,Phase 5,0,0
1475,2022-01-01,SOM,3815,Forecasting,5,Phase 5,0,0
1475,2022-05-01,SOM,3816,Forecasting,5,Phase 5,0,0
1475,2022-07-01,SOM,3817,Forecasting,5,Phase 5,0,0
1475,2022-10-01,SOM,3818,Forecasting,5,Phase 5,0,0
1480,2022-01-01,SOM,3836,Forecasting,5,Phase 5,0,0
1480,2022-05-01,SOM,3837,Forecasting,5,Phase 5,0,0
1480,2022-07-01,SOM,3838,Forecasting,5,Phase 5,0,0
1481,2022-01-01,SOM,3847,Forecasting,5,Phase 5,0,0
1481,2022-05-01,SOM,3848,Forecasting,5,Phase 5,0,0
1481,2022-07-01,SOM,3849,Forecasting,5,Phase 5,0,0
1481,2022-10-01,SOM,3850,Forecasting,5,Phase 5,0,0
1495,2022-01-01,SOM,3873,Forecasting,5,Phase 5,0,0
1495,2022-10-01,SOM,3874,Forecasting,5,Phase 5,0,0
1503,2022-01-01,SOM,3888,Forecasting,5,Phase 5,0,0
1503,2022-10-01,SOM,3889,Forecasting,5,Phase 5,0,0
1506,2022-01-01,YEM,3896,Forecasting,5,Phase 5,0,0
1510,2022-01-01,YEM,3904,Forecasting,5,Phase 5,0,0
1515,2022-01-01,YEM,3911,Forecasting,5,Phase 5,0,0
1518,2022-01-01,SOM,3927,Forecasting,5,Phase 5,0,0
1518,2022-05-01,SOM,3928,Forecasting,5,Phase 5,0,0
1518,2022-07-01,SOM,3929,Forecasting,5,Phase 5,0,0
1518,2022-10-01,SOM,3930,Forecasting,5,Phase 5,0,0
1519,2022-01-01,YEM,3932,Forecasting,5,Phase 5,0,0
1520,2022-01-01,YEM,3935,Forecasting,5,Phase 5,0,0
1522,2022-01-01,SOM,3944,Forecasting,5,Phase 5,0,0
1522,2022-05-01,SOM,3945,Forecasting,5,Phase 5,0,0
1522,2022-07-01,SOM,3946,Forecasting,5,Phase 5,0,0
1522,2022-10-01,SOM,3947,Forecasting,5,Phase 5,0,0
1528,2022-01-01,SOM,3961,Forecasting,5,Phase 5,0,0
1528,2022-05-01,SOM,3962,Forecasting,5,Phase 5,0,0
1528,2022-07-01,SOM,3963,Forecasting,5,Phase 5,0,0
1528,2022-10-01,SOM,3964,Forecasting,5,Phase 5,0,0
1534,2022-01-01,YEM,3969,Forecasting,5,Phase 5,0,0
1536,2022-01-01,YEM,3977,Forecasting,5,Phase 5,0,0
1540,2022-01-01,SOM,3990,Forecasting,5,Phase 5,0,0
1540,2022-05-01,SOM,3991,Forecasting,5,Phase 5,0,0
1540,2022-07-01,SOM,3992,Forecasting,5,Phase 5,0,0
1540,2022-10-01,SOM,3993,Forecasting,5,Phase 5,0,0
1541,2022-01-01,YEM,3994,Forecasting,5,Phase 5,0,0
1542,2022-01-01,YEM,3997,Forecasting,5,Phase 5,0,0
1551,2022-01-01,SOM,4019,Forecasting,5,Phase 5,0,0
1551,2022-05-01,SOM,4020,Forecasting,5,Phase 5,0,0
1551,2022-07-01,SOM,4021,Forecasting,5,Phase 5,0,0
1551,2022-10-01,SOM,4022,Forecasting,5,Phase 5,0,0
1553,2022-01-01,SOM,4031,Forecasting,5,Phase 5,0,0
1553,2022-05-01,SOM,4032,Forecasting,5,Phase 5,0,0
1553,2022-07-01,SOM,4033,Forecasting,5,Phase 5,0,0
1553,2022-10-01,SOM,4034,Forecasting,5,Phase 5,0,0
1558,2022-01-01,SOM,4045,Forecasting,5,Phase 5,0,0
1558,2022-05-01,SOM,4046,Forecasting,5,Phase 5,0,0
1558,2022-07-01,SOM,4047,Forecasting,5,Phase 5,0,0
1558,2022-10-01,SOM,4048,Forecasting,5,Phase 5,0,0
1559,2022-01-01,SOM,4057,Forecasting,5,Phase 5,0,0
1559,2022-05-01,SOM,4058,Forecasting,5,Phase 5,0,0
1559,2022-07-01,SOM,4059,Forecasting,5,Phase 5,0,0
1559,2022-10-01,SOM,4060,Forecasting,5,Phase 5,0,0
1561,2022-01-01,SOM,4071,Forecasting,5,Phase 5,0,0
1561,2022-05-01,SOM,4072,Forecasting,5,Phase 5,0,0
1561,2022-07-01,SOM,4073,Forecasting,5,Phase 5,0,0
1561,2022-10-01,SOM,4074,Forecasting,5,Phase 5,0,0
1562,2022-05-01,SOM,4083,Forecasting,5,Phase 5,0,0
1562,2022-07-01,SOM,4084,Forecasting,5,Phase 5,0,0
1562,2022-10-01,SOM,4085,Forecasting,5,Phase 5,0,0
1563,2022-07-01,SOM,4092,Forecasting,5,Phase 5,0,0
1563,2022-10-01,SOM,4093,Forecasting,5,Phase 5,0,0
1566,2022-01-01,SOM,4107,Forecasting,5,Phase 5,0,0
1566,2022-05-01,SOM,4108,Forecasting,5,Phase 5,0,0
1566,2022-07-01,SOM,4109,Forecasting,5,Phase 5,0,0
1566,2022-10-01,SOM,4110,Forecasting,5,Phase 5,0,0
1567,2022-01-01,YEM,4113,Forecasting,5,Phase 5,0,0
1568,2022-01-01,YEM,4114,Forecasting,5,Phase 5,0,0
1569,2022-05-01,SOM,4122,Forecasting,5,Phase 5,0,0
1569,2022-10-01,SOM,4123,Forecasting,5,Phase 5,0,0
1570,2022-05-01,SOM,4131,Forecasting,5,Phase 5,0,0
1570,2022-10-01,SOM,4132,Forecasting,5,Phase 5,0,0
1571,2022-01-01,SOM,4141,Forecasting,5,Phase 5,0,0
1571,2022-05-01,SOM,4142,Forecasting,5,Phase 5,0,0
1571,2022-07-01,SOM,4143,Forecasting,5,Phase 5,0,0
1571,2022-10-01,SOM,4144,Forecasting,5,Phase 5,0,0
1573,2022-01-01,YEM,4148,Forecasting,5,Phase 5,0,0
1574,2022-01-01,SOM,4154,Forecasting,5,Phase 5,0,0
1574,2022-10-01,SOM,4155,Forecasting,5,Phase 5,0,0
1575,2022-01-01,SOM,4161,Forecasting,5,Phase 5,0,0
1575,2022-10-01,SOM,4162,Forecasting,5,Phase 5,0,0
1576,2022-01-01,YEM,4166,Forecasting,5,Phase 5,0,0
1578,2022-01-01,SOM,4177,Forecasting,5,Phase 5,0,0
1578,2022-05-01,SOM,4178,Forecasting,5,Phase 5,0,0
1578,2022-07-01,SOM,4179,Forecasting,5,Phase 5,0,0
1578,2022-10-01,SOM,4180,Forecasting,5,Phase 5,0,0
1580,2022-04-01,MDG,4183,Forecasting,5,Phase 5,0,0
1580,2022-11-01,MDG,4184,Forecasting,5,Phase 5,0,0
1581,2022-04-01,MDG,4186,Forecasting,5,Phase 5,0,0
1581,2022-11-01,MDG,4187,Forecasting,5,Phase 5,0,0
1582,2022-04-01,MDG,4189,Forecasting,5,Phase 5,0,0
1582,2022-11-01,MDG,4190,Forecasting,5,Phase 5,0,0
1584,2022-01-01,YEM,4197,Forecasting,5,Phase 5,0,0
1586,2022-01-01,YEM,4203,Forecasting,5,Phase 5,0,0
1588,2022-05-01,SOM,4210,Forecasting,5,Phase 5,0,0
1589,2022-01-01,SOM,4211,Forecasting,5,Phase 5,0,0
1590,2022-04-01,MDG,4215,Forecasting,5,Phase 5,0,0
1591,2022-04-01,MDG,4219,Forecasting,5,Phase 5,0,0
1592,2022-01-01,YEM,4223,Forecasting,5,Phase 5,0,0
1594,2022-01-01,YEM,4227,Forecasting,5,Phase 5,0,0
1595,2022-01-01,SOM,4236,Forecasting,5,Phase 5,0,0
1595,2022-05-01,SOM,4237,Forecasting,5,Phase 5,0,0
1595,2022-07-01,SOM,4238,Forecasting,5,Phase 5,0,0
1595,2022-10-01,SOM,4239,Forecasting,5,Phase 5,0,0
1596,2022-01-01,SOM,4248,Forecasting,5,Phase 5,0,0
1596,2022-05-01,SOM,4249,Forecasting,5,Phase 5,0,0
1596,2022-07-01,SOM,4250,Forecasting,5,Phase 5,0,0
1596,2022-10-01,SOM,4251,Forecasting,5,Phase 5,0,0
1600,2022-01-01,SOM,4260,Forecasting,5,Phase 5,0,0
1600,2022-05-01,SOM,4261,Forecasting,5,Phase 5,0,0
1600,2022-07-01,SOM,4262,Forecasting,5,Phase 5,0,0
1600,2022-10-01,SOM,4263,Forecasting,5,Phase 5,0,0
1603,2022-01-01,YEM,4265,Forecasting,5,Phase 5,0,0
1604,2022-07-01,SOM,4266,Forecasting,5,Phase 5,0,0
1605,2022-07-01,SOM,4273,Forecasting,5,Phase 5,0,0
1605,2022-10-01,SOM,4274,Forecasting,5,Phase 5,0,0
1608,2022-01-01,SOM,4283,Forecasting,5,Phase 5,0,0
1608,2022-05-01,SOM,4284,Forecasting,5,Phase 5,0,0
1608,2022-07-01,SOM,4285,Forecasting,5,Phase 5,0,0
1608,2022-10-01,SOM,4286,Forecasting,5,Phase 5,0,0
1609,2022-07-01,SOM,4293,Forecasting,5,Phase 5,0,0
1609,2022-10-01,SOM,4294,Forecasting,5,Phase 5,0,0
1622,2022-01-01,SOM,4319,Forecasting,5,Phase 5,0,0
1622,2022-10-01,SOM,4320,Forecasting,5,Phase 5,0,0
1623,2022-01-01,SOM,4323,Forecasting,5,Phase 5,0,0
1623,2022-10-01,SOM,4324,Forecasting,5,Phase 5,0,0
1624,2022-01-01,SOM,4332,Forecasting,5,Phase 5,0,0
1624,2022-05-01,SOM,4333,Forecasting,5,Phase 5,0,0
1624,2022-07-01,SOM,4334,Forecasting,5,Phase 5,0.05,0
1624,2022-10-01,SOM,4335,Forecasting,5,Phase 5,0,0
1629,2022-01-01,SOM,4355,Forecasting,5,Phase 5,0,0
1629,2022-05-01,SOM,4356,Forecasting,5,Phase 5,0,0
1629,2022-07-01,SOM,4357,Forecasting,5,Phase 5,0.05,0
1629,2022-10-01,SOM,4358,Forecasting,5,Phase 5,0.05,0
1633,2022-01-01,YEM,4365,Forecasting,5,Phase 5,0,0
1635,2022-07-01,SOM,4367,Forecasting,5,Phase 5,0.05,0
1638,2022-01-01,SOM,4375,Forecasting,5,Phase 5,0,0
1638,2022-05-01,SOM,4376,Forecasting,5,Phase 5,0,0
1640,2022-01-01,SOM,4388,Forecasting,5,Phase 5,0,0
1640,2022-05-01,SOM,4389,Forecasting,5,Phase 5,0,0
1640,2022-10-01,SOM,4390,Forecasting,5,Phase 5,0.05,0
1646,2022-01-01,SOM,4395,Forecasting,5,Phase 5,0,0
1646,2022-05-01,SOM,4396,Forecasting,5,Phase 5,0,0
1648,2022-01-01,YEM,4401,Forecasting,5,Phase 5,0,0
1650,2022-05-01,SOM,4406,Forecasting,5,Phase 5,0,0
1650,2022-07-01,SOM,4407,Forecasting,5,Phase 5,0,0
1650,2022-10-01,SOM,4408,Forecasting,5,Phase 5,0,0
1652,2022-01-01,SOM,4410,Forecasting,5,Phase 5,0,0
1659,2022-08-01,MDG,4418,Forecasting,5,Phase 5,0,0
1660,2022-08-01,MDG,4419,Forecasting,5,Phase 5,0,0
1663,2022-01-01,SOM,4429,Forecasting,5,Phase 5,0,0
1663,2022-05-01,SOM,4430,Forecasting,5,Phase 5,0,0
1663,2022-07-01,SOM,4431,Forecasting,5,Phase 5,0,0
1663,2022-10-01,SOM,4432,Forecasting,5,Phase 5,0,0
1664,2022-01-01,SOM,4440,Forecasting,5,Phase 5,0,0
1664,2022-05-01,SOM,4441,Forecasting,5,Phase 5,0,0
1664,2022-07-01,SOM,4442,Forecasting,5,Phase 5,0,0
1664,2022-10-01,SOM,4443,Forecasting,5,Phase 5,0,0
1665,2022-08-01,MDG,4445,Forecasting,5,Phase 5,0,0
1666,2022-08-01,MDG,4447,Forecasting,5,Phase 5,0,0
1667,2022-01-01,SOM,4455,Forecasting,5,Phase 5,0,0
1667,2022-05-01,SOM,4456,Forecasting,5,Phase 5,0,0
1667,2022-07-01,SOM,4457,Forecasting,5,Phase 5,0,0
1667,2022-10-01,SOM,4458,Forecasting,5,Phase 5,0,0
1668,2022-08-01,MDG,4460,Forecasting,5,Phase 5,0,0
1669,2022-08-01,MDG,4462,Forecasting,5,Phase 5,0,0
1670,2022-08-01,MDG,4464,Forecasting,5,Phase 5,0,0
1671,2022-01-01,SOM,4472,Forecasting,5,Phase 5,0,0
1671,2022-05-01,SOM,4473,Forecasting,5,Phase 5,0,0
1671,2022-07-01,SOM,4474,Forecasting,5,Phase 5,0,0
1671,2022-10-01,SOM,4475,Forecasting,5,Phase 5,0,0
1672,2022-01-01,YEM,4477,Forecasting,5,Phase 5,0,0
1673,2022-10-01,SOM,4484,Forecasting,5,Phase 5,0,0
1674,2022-10-01,SOM,4491,Forecasting,5,Phase 5,0,0
1675,2022-01-01,SOM,4502,Forecasting,5,Phase 5,0,0
1675,2022-05-01,SOM,4503,Forecasting,5,Phase 5,0,0
1675,2022-07-01,SOM,4504,Forecasting,5,Phase 5,0,0
1675,2022-10-01,SOM,4505,Forecasting,5,Phase 5,0,0
1681,2022-10-01,SOM,4515,Forecasting,5,Phase 5,0,0
1683,2022-10-01,SOM,4521,Forecasting,5,Phase 5,0,0
1686,2022-08-01,MDG,4525,Forecasting,5,Phase 5,0,0
1687,2022-08-01,MDG,4526,Forecasting,5,Phase 5,0,0
1691,2022-01-01,SOM,4536,Forecasting,5,Phase 5,0,0
1691,2022-05-01,SOM,4537,Forecasting,5,Phase 5,0,0
1691,2022-07-01,SOM,4538,Forecasting,5,Phase 5,0,0
1691,2022-10-01,SOM,4539,Forecasting,5,Phase 5,0,0
1692,2022-10-01,SOM,4544,Forecasting,5,Phase 5,0,0
1695,2022-01-01,SOM,4555,Forecasting,5,Phase 5,0,0
1695,2022-05-01,SOM,4556,Forecasting,5,Phase 5,0,0
1695,2022-07-01,SOM,4557,Forecasting,5,Phase 5,0.05,0
1695,2022-10-01,SOM,4558,Forecasting,5,Phase 5,0.05,0
1696,2022-01-01,SOM,4567,Forecasting,5,Phase 5,0,0
1696,2022-05-01,SOM,4568,Forecasting,5,Phase 5,0,0
1696,2022-07-01,SOM,4569,Forecasting,5,Phase 5,0.05,0
1696,2022-10-01,SOM,4570,Forecasting,5,Phase 5,0.05,0
1698,2022-05-01,SOM,4575,Forecasting,5,Phase 5,0,0
1698,2022-10-01,SOM,4576,Forecasting,5,Phase 5,0.05,0
1702,2022-10-01,SOM,4581,Forecasting,5,Phase 5,0,0
1712,2022-01-01,SOM,4593,Forecasting,5,Phase 5,0,0
1712,2022-05-01,SOM,4594,Forecasting,5,Phase 5,0,0
1712,2022-10-01,SOM,4595,Forecasting,5,Phase 5,0,0
1715,2022-01-01,SOM,4605,Forecasting,5,Phase 5,0,0
1715,2022-05-01,SOM,4606,Forecasting,5,Phase 5,0,0
1715,2022-10-01,SOM,4607,Forecasting,5,Phase 5,0,0
1718,2022-01-01,SOM,4614,Forecasting,5,Phase 5,0,0
1718,2022-05-01,SOM,4615,Forecasting,5,Phase 5,0,0
1718,2022-10-01,SOM,4616,Forecasting,5,Phase 5,0,0
1719,2022-01-01,SOM,4623,Forecasting,5,Phase 5,0,0
1719,2022-05-01,SOM,4624,Forecasting,5,Phase 5,0,0
1719,2022-10-01,SOM,4625,Forecasting,5,Phase 5,0,0
1721,2022-10-01,SOM,4632,Forecasting,5,Phase 5,0,0
1727,2022-01-01,SOM,4642,Forecasting,5,Phase 5,0,0
1727,2022-05-01,SOM,4643,Forecasting,5,Phase 5,0,0
1727,2022-07-01,SOM,4644,Forecasting,5,Phase 5,0,0
1727,2022-10-01,SOM,4645,Forecasting,5,Phase 5,0,0
1728,2022-01-01,SOM,4654,Forecasting,5,Phase 5,0,0
1728,2022-05-01,SOM,4655,Forecasting,5,Phase 5,0,0
1728,2022-07-01,SOM,4656,Forecasting,5,Phase 5,0,0
1728,2022-10-01,SOM,4657,Forecasting,5,Phase 5,0,0
1729,2022-01-01,SOM,4659,Forecasting,5,Phase 5,0,0
1729,2022-10-01,SOM,4660,Forecasting,5,Phase 5,0,0
1730,2022-01-01,SOM,4662,Forecasting,5,Phase 5,0,0
1730,2022-10-01,SOM,4663,Forecasting,5,Phase 5,0,0
1736,2022-01-01,SOM,4673,Forecasting,5,Phase 5,0,0
1736,2022-05-01,SOM,4674,Forecasting,5,Phase 5,0,0
1736,2022-07-01,SOM,4675,Forecasting,5,Phase 5,0,0
1736,2022-10-01,SOM,4676,Forecasting,5,Phase 5,0,0
1737,2022-01-01,SOM,4685,Forecasting,5,Phase 5,0,0
1737,2022-05-01,SOM,4686,Forecasting,5,Phase 5,0,0
1737,2022-07-01,SOM,4687,Forecasting,5,Phase 5,0,0
1737,2022-10-01,SOM,4688,Forecasting,5,Phase 5,0,0
1738,2022-01-01,SOM,4692,Forecasting,5,Phase 5,0,0
1738,2022-07-01,SOM,4693,Forecasting,5,Phase 5,0,0
1739,2022-01-01,SOM,4697,Forecasting,5,Phase 5,0,0
1739,2022-07-01,SOM,4698,Forecasting,5,Phase 5,0,0
1740,2022-05-01,SOM,4702,Forecasting,5,Phase 5,0,0
1743,2022-05-01,SOM,4707,Forecasting,5,Phase 5,0,0
1756,2022-03-01,AFG,4725,Forecasting,5,Phase 5,0,0
1756,2022-09-01,AFG,4726,Forecasting,5,Phase 5,0,0
1757,2022-03-01,AFG,4734,Forecasting,5,Phase 5,0,0
1757,2022-09-01,AFG,4735,Forecasting,5,Phase 5,0,0
1758,2022-03-01,AFG,4743,Forecasting,5,Phase 5,0,0
1758,2022-09-01,AFG,4744,Forecasting,5,Phase 5,0,0
1759,2022-03-01,AFG,4751,Forecasting,5,Phase 5,0,0
1760,2022-07-01,PAK,4755,Forecasting,5,Phase 5,0,0
1762,2022-03-01,AFG,4763,Forecasting,5,Phase 5,0,0
1762,2022-09-01,AFG,4764,Forecasting,5,Phase 5,0,0
1763,2022-03-01,AFG,4771,Forecasting,5,Phase 5,0,0
1763,2022-09-01,AFG,4772,Forecasting,5,Phase 5,0,0
1766,2022-03-01,AFG,4782,Forecasting,5,Phase 5,0,0
1766,2022-09-01,AFG,4783,Forecasting,5,Phase 5,0,0
1767,2022-03-01,AFG,4790,Forecasting,5,Phase 5,0,0
1767,2022-09-01,AFG,4791,Forecasting,5,Phase 5,0,0
1768,2022-03-01,AFG,4798,Forecasting,5,Phase 5,0,0
1768,2022-09-01,AFG,4799,Forecasting,5,Phase 5,0,0
1769,2022-03-01,AFG,4807,Forecasting,5,Phase 5,0.02,0
1769,2022-09-01,AFG,4808,Forecasting,5,Phase 5,0,0
1770,2022-07-01,PAK,4812,Forecasting,5,Phase 5,0,0
1771,2022-07-01,PAK,4815,Forecasting,5,Phase 5,0,0
1772,2022-03-01,AFG,4825,Forecasting,5,Phase 5,0,0
1772,2022-07-01,AFG,4826,Forecasting,5,Phase 5,0,0
1772,2022-09-01,AFG,4827,Forecasting,5,Phase 5,0,0
1773,2022-03-01,AFG,4837,Forecasting,5,Phase 5,0,0
1773,2022-07-01,AFG,4838,Forecasting,5,Phase 5,0,0
1773,2022-09-01,AFG,4839,Forecasting,5,Phase 5,0,0
1774,2022-03-01,AFG,4846,Forecasting,5,Phase 5,0,0
1774,2022-09-01,AFG,4847,Forecasting,5,Phase 5,0,0
1776,2022-03-01,AFG,4857,Forecasting,5,Phase 5,0,0
1776,2022-09-01,AFG,4858,Forecasting,5,Phase 5,0,0
1777,2022-03-01,AFG,4865,Forecasting,5,Phase 5,0,0
1777,2022-09-01,AFG,4866,Forecasting,5,Phase 5,0,0
1778,2022-03-01,AFG,4873,Forecasting,5,Phase 5,0,0
1779,2022-03-01,AFG,4881,Forecasting,5,Phase 5,0,0
1781,2022-07-01,PAK,4889,Forecasting,5,Phase 5,0,0
1782,2022-03-01,AFG,4898,Forecasting,5,Phase 5,0,0
1782,2022-09-01,AFG,4899,Forecasting,5,Phase 5,0,0
1783,2022-03-01,AFG,4906,Forecasting,5,Phase 5,0,0
1783,2022-09-01,AFG,4907,Forecasting,5,Phase 5,0,0
1784,2022-07-01,PAK,4909,Forecasting,5,Phase 5,0,0
1785,2022-03-01,AFG,4917,Forecasting,5,Phase 5,0,0
1785,2022-07-01,AFG,4918,Forecasting,5,Phase 5,0,0
1785,2022-09-01,AFG,4919,Forecasting,5,Phase 5,0,0
1786,2022-09-01,AFG,4921,Forecasting,5,Phase 5,0,0
1787,2022-07-01,PAK,4924,Forecasting,5,Phase 5,0,0
1788,2022-07-01,PAK,4925,Forecasting,5,Phase 5,0,0
1789,2022-09-01,AFG,4933,Forecasting,5,Phase 5,0,0
1791,2022-03-01,AFG,4943,Forecasting,5,Phase 5,0,0
1791,2022-09-01,AFG,4944,Forecasting,5,Phase 5,0,0
1792,2022-07-01,PAK,4946,Forecasting,5,Phase 5,0,0
1793,2022-03-01,AFG,4955,Forecasting,5,Phase 5,0,0
1793,2022-09-01,AFG,4956,Forecasting,5,Phase 5,0,0
1794,2022-07-01,PAK,4958,Forecasting,5,Phase 5,0,0
1795,2022-03-01,AFG,4961,Forecasting,5,Phase 5,0,0
1796,2022-03-01,AFG,4970,Forecasting,5,Phase 5,0,0
1797,2022-03-01,AFG,4979,Forecasting,5,Phase 5,0,0
1798,2022-03-01,AFG,4987,Forecasting,5,Phase 5,0,0
1799,2022-03-01,AFG,4997,Forecasting,5,Phase 5,0,0
1799,2022-09-01,AFG,4998,Forecasting,5,Phase 5,0,0
1800,2022-03-01,AFG,5007,Forecasting,5,Phase 5,0,0
1800,2022-09-01,AFG,5008,Forecasting,5,Phase 5,0,0
1802,2022-03-01,AFG,5017,Forecasting,5,Phase 5,0,0
1802,2022-09-01,AFG,5018,Forecasting,5,Phase 5,0,0
1803,2022-03-01,AFG,5027,Forecasting,5,Phase 5,0,0
1803,2022-09-01,AFG,5028,Forecasting,5,Phase 5,0,0
1804,2022-03-01,AFG,5039,Forecasting,5,Phase 5,0,0
1804,2022-07-01,AFG,5040,Forecasting,5,Phase 5,0,0
1804,2022-09-01,AFG,5041,Forecasting,5,Phase 5,0,0
1806,2022-03-01,AFG,5051,Forecasting,5,Phase 5,0,0
1806,2022-09-01,AFG,5052,Forecasting,5,Phase 5,0,0
1808,2022-07-01,PAK,5054,Forecasting,5,Phase 5,0,0
1809,2022-07-01,PAK,5059,Forecasting,5,Phase 5,0,0
1810,2022-03-01,AFG,5067,Forecasting,5,Phase 5,0,0
1810,2022-09-01,AFG,5068,Forecasting,5,Phase 5,0,0
1811,2022-03-01,AFG,5080,Forecasting,5,Phase 5,0,0
1811,2022-07-01,AFG,5081,Forecasting,5,Phase 5,0,0
1811,2022-09-01,AFG,5082,Forecasting,5,Phase 5,0,0
1813,2022-03-01,AFG,5093,Forecasting,5,Phase 5,0,0
1813,2022-07-01,AFG,5094,Forecasting,5,Phase 5,0,0
1813,2022-09-01,AFG,5095,Forecasting,5,Phase 5,0,0
1814,2022-07-01,PAK,5099,Forecasting,5,Phase 5,0,0
1815,2022-03-01,AFG,5106,Forecasting,5,Phase 5,0,0
1817,2022-03-01,AFG,5118,Forecasting,5,Phase 5,0,0
1817,2022-07-01,AFG,5119,Forecasting,5,Phase 5,0,0
1817,2022-09-01,AFG,5120,Forecasting,5,Phase 5,0,0
1818,2022-03-01,AFG,5130,Forecasting,5,Phase 5,0,0
1818,2022-07-01,AFG,5131,Forecasting,5,Phase 5,0,0
1818,2022-09-01,AFG,5132,Forecasting,5,Phase 5,0,0
1819,2022-03-01,AFG,5142,Forecasting,5,Phase 5,0,0
1819,2022-09-01,AFG,5143,Forecasting,5,Phase 5,0,0
1820,2022-03-01,AFG,5151,Forecasting,5,Phase 5,0,0
1820,2022-09-01,AFG,5152,Forecasting,5,Phase 5,0,0
1821,2022-03-01,AFG,5158,Forecasting,5,Phase 5,0,0
1821,2022-09-01,AFG,5159,Forecasting,5,Phase 5,0,0
1822,2022-03-01,AFG,5170,Forecasting,5,Phase 5,0,0
1822,2022-07-01,AFG,5171,Forecasting,5,Phase 5,0,0
1822,2022-09-01,AFG,5172,Forecasting,5,Phase 5,0,0
1824,2022-03-01,AFG,5175,Forecasting,5,Phase 5,0,0
1824,2022-09-01,AFG,5176,Forecasting,5,Phase 5,0,0
1825,2022-09-01,AFG,5179,Forecasting,5,Phase 5,0,0
1826,2022-03-01,PAK,5188,Forecasting,5,Phase 5,0,0
1826,2022-07-01,PAK,5189,Forecasting,5,Phase 5,0,0
1826,2022-09-01,PAK,5190,Forecasting,5,Phase 5,0,0
1827,2022-03-01,PAK,5199,Forecasting,5,Phase 5,0,0
1827,2022-07-01,PAK,5200,Forecasting,5,Phase 5,0,0
1827,2022-09-01,PAK,5201,Forecasting,5,Phase 5,0,0
1829,2022-03-01,AFG,5211,Forecasting,5,Phase 5,0,0
1829,2022-09-01,AFG,5212,Forecasting,5,Phase 5,0,0
1830,2022-03-01,AFG,5218,Forecasting,5,Phase 5,0,0
1830,2022-07-01,AFG,5219,Forecasting,5,Phase 5,0,0
1830,2022-09-01,AFG,5220,Forecasting,5,Phase 5,0,0
1831,2022-03-01,AFG,5230,Forecasting,5,Phase 5,0,0
1831,2022-07-01,AFG,5231,Forecasting,5,Phase 5,0,0
1831,2022-09-01,AFG,5232,Forecasting,5,Phase 5,0,0
1832,2022-03-01,AFG,5239,Forecasting,5,Phase 5,0,0
1832,2022-09-01,AFG,5240,Forecasting,5,Phase 5,0,0
1835,2022-03-01,PAK,5260,Forecasting,5,Phase 5,0,0
1835,2022-07-01,PAK,5261,Forecasting,5,Phase 5,0,0
1835,2022-09-01,PAK,5262,Forecasting,5,Phase 5,0,0
1836,2022-03-01,PAK,5271,Forecasting,5,Phase 5,0,0
1836,2022-07-01,PAK,5272,Forecasting,5,Phase 5,0,0
1836,2022-09-01,PAK,5273,Forecasting,5,Phase 5,0,0
1838,2022-03-01,AFG,5283,Forecasting,5,Phase 5,0,0
1838,2022-09-01,AFG,5284,Forecasting,5,Phase 5,0,0
1839,2022-07-01,AFG,5294,Forecasting,5,Phase 5,0,0
1841,2022-07-01,AFG,5305,Forecasting,5,Phase 5,0,0
1843,2022-07-01,AFG,5316,Forecasting,5,Phase 5,0,0
1844,2022-03-01,AFG,5328,Forecasting,5,Phase 5,0,0
1844,2022-07-01,AFG,5329,Forecasting,5,Phase 5,0,0
1844,2022-09-01,AFG,5330,Forecasting,5,Phase 5,0,0
1845,2022-09-01,PAK,5333,Forecasting,5,Phase 5,0,0
1846,2022-09-01,PAK,5336,Forecasting,5,Phase 5,0,0
1848,2022-03-01,AFG,5345,Forecasting,5,Phase 5,0,0
1848,2022-09-01,AFG,5346,Forecasting,5,Phase 5,0,0
1849,2022-03-01,AFG,5357,Forecasting,5,Phase 5,0,0
1849,2022-07-01,AFG,5358,Forecasting,5,Phase 5,0,0
1849,2022-09-01,AFG,5359,Forecasting,5,Phase 5,0,0
1850,2022-03-01,AFG,5370,Forecasting,5,Phase 5,0,0
1850,2022-07-01,AFG,5371,Forecasting,5,Phase 5,0,0
1850,2022-09-01,AFG,5372,Forecasting,5,Phase 5,0,0
1851,2022-07-01,AFG,5373,Forecasting,5,Phase 5,0,0
1852,2022-03-01,AFG,5379,Forecasting,5,Phase 5,0,0
1852,2022-09-01,AFG,5380,Forecasting,5,Phase 5,0,0
1853,2022-03-01,AFG,5388,Forecasting,5,Phase 5,0,0
1853,2022-07-01,AFG,5389,Forecasting,5,Phase 5,0,0
1854,2022-09-01,AFG,5398,Forecasting,5,Phase 5,0,0
1855,2022-03-01,AFG,5403,Forecasting,5,Phase 5,0,0
1855,2022-09-01,AFG,5404,Forecasting,5,Phase 5,0,0
1856,2022-09-01,AFG,5413,Forecasting,5,Phase 5,0,0
1857,2022-03-01,AFG,5421,Forecasting,5,Phase 5,0,0
1857,2022-07-01,AFG,5422,Forecasting,5,Phase 5,0,0
1857,2022-09-01,AFG,5423,Forecasting,5,Phase 5,0,0
1858,2022-09-01,AFG,5429,Forecasting,5,Phase 5,0,0
1859,2022-03-01,AFG,5440,Forecasting,5,Phase 5,0,0
1859,2022-07-01,AFG,5441,Forecasting,5,Phase 5,0,0
1859,2022-09-01,AFG,5442,Forecasting,5,Phase 5,0,0
1860,2022-03-01,AFG,5448,Forecasting,5,Phase 5,0,0
1863,2022-03-01,AFG,5460,Forecasting,5,Phase 5,0,0
1864,2022-07-01,AFG,5468,Forecasting,5,Phase 5,0,0
1864,2022-09-01,AFG,5469,Forecasting,5,Phase 5,0,0
1865,2022-03-01,PAK,5477,Forecasting,5,Phase 5,0,0
1865,2022-07-01,PAK,5478,Forecasting,5,Phase 5,0,0
1865,2022-09-01,PAK,5479,Forecasting,5,Phase 5,0,0
1866,2022-03-01,PAK,5487,Forecasting,5,Phase 5,0,0
1866,2022-07-01,PAK,5488,Forecasting,5,Phase 5,0,0
1866,2022-09-01,PAK,5489,Forecasting,5,Phase 5,0,0
1867,2022-03-01,AFG,5500,Forecasting,5,Phase 5,0,0
1867,2022-07-01,AFG,5501,Forecasting,5,Phase 5,0,0
1867,2022-09-01,AFG,5502,Forecasting,5,Phase 5,0,0
1868,2022-09-01,AFG,5508,Forecasting,5,Phase 5,0,0
1870,2022-03-01,AFG,5523,Forecasting,5,Phase 5,0,0
1870,2022-07-01,AFG,5524,Forecasting,5,Phase 5,0,0
1870,2022-09-01,AFG,5525,Forecasting,5,Phase 5,0,0
1871,2022-09-01,PAK,5530,Forecasting,5,Phase 5,0,0
1872,2022-09-01,PAK,5535,Forecasting,5,Phase 5,0,0
1873,2022-03-01,TJK,5544,Forecasting,5,Phase 5,0,0
1873,2022-09-01,TJK,5545,Forecasting,5,Phase 5,0,0
1875,2022-03-01,PAK,5561,Forecasting,5,Phase 5,0,0
1875,2022-07-01,PAK,5562,Forecasting,5,Phase 5,0,0
1875,2022-09-01,PAK,5563,Forecasting,5,Phase 5,0,0
1876,2022-03-01,PAK,5572,Forecasting,5,Phase 5,0,0
1876,2022-07-01,PAK,5573,Forecasting,5,Phase 5,0,0
1876,2022-09-01,PAK,5574,Forecasting,5,Phase 5,0,0
2,2022-10-01,DOM,1,Nowcasting,5,Phase 5,0,0
5,2022-10-01,DOM,2,Nowcasting,5,Phase 5,0,0
9,2022-09-01,DOM,3,Nowcasting,5,Phase 5,0,0
10,2022-09-01,HTI,6,Nowcasting,5,Phase 5,0,0
10,2022-10-01,HTI,7,Nowcasting,5,Phase 5,0,0
11,2022-09-01,HTI,11,Nowcasting,5,Phase 5,0,0
11,2022-10-01,HTI,12,Nowcasting,5,Phase 5,0,0
12,2022-09-01,HTI,16,Nowcasting,5,Phase 5,0,0
12,2022-10-01,HTI,17,Nowcasting,5,Phase 5,0,0
13,2022-09-01,HTI,19,Nowcasting,5,Phase 5,0,0
16,2022-10-01,HTI,22,Nowcasting,5,Phase 5,0,0
19,2022-10-01,HTI,27,Nowcasting,5,Phase 5,0,0
20,2022-10-01,HTI,30,Nowcasting,5,Phase 5,0,0
21,2022-09-01,HTI,31,Nowcasting,5,Phase 5,0,0
21,2022-10-01,HTI,32,Nowcasting,5,Phase 5,0,0
22,2022-09-01,HTI,33,Nowcasting,5,Phase 5,0,0
22,2022-10-01,HTI,34,Nowcasting,5,Phase 5,0,0
38,2022-03-01,HND,66,Nowcasting,5,Phase 5,0,0
41,2022-03-01,HND,92,Nowcasting,5,Phase 5,0,0
42,2022-03-01,HND,105,Nowcasting,5,Phase 5,0,0
45,2022-03-01,SLV,131,Nowcasting,5,Phase 5,0,0
47,2022-03-01,SLV,150,Nowcasting,5,Phase 5,0,0
48,2022-03-01,HND,161,Nowcasting,5,Phase 5,0,0
49,2022-03-01,HND,172,Nowcasting,5,Phase 5,0,0
50,2022-03-01,SLV,186,Nowcasting,5,Phase 5,0,0
51,2022-03-01,HND,193,Nowcasting,5,Phase 5,0,0
52,2022-03-01,HND,200,Nowcasting,5,Phase 5,0,0
54,2022-03-01,SLV,212,Nowcasting,5,Phase 5,0,0
55,2022-03-01,HND,226,Nowcasting,5,Phase 5,0,0
56,2022-03-01,HND,240,Nowcasting,5,Phase 5,0,0
57,2022-03-01,SLV,251,Nowcasting,5,Phase 5,0,0
58,2022-03-01,GTM,264,Nowcasting,5,Phase 5,0,0
59,2022-03-01,GTM,277,Nowcasting,5,Phase 5,0,0
60,2022-03-01,SLV,289,Nowcasting,5,Phase 5,0,0
63,2022-03-01,SLV,304,Nowcasting,5,Phase 5,0,0
65,2022-03-01,SLV,323,Nowcasting,5,Phase 5,0,0
66,2022-03-01,SLV,338,Nowcasting,5,Phase 5,0,0
67,2022-03-01,GTM,348,Nowcasting,5,Phase 5,0,0
68,2022-03-01,GTM,358,Nowcasting,5,Phase 5,0,0
69,2022-03-01,GTM,368,Nowcasting,5,Phase 5,0,0
70,2022-03-01,GTM,378,Nowcasting,5,Phase 5,0,0
71,2022-03-01,GTM,388,Nowcasting,5,Phase 5,0,0
72,2022-03-01,SLV,402,Nowcasting,5,Phase 5,0,0
73,2022-03-01,SLV,415,Nowcasting,5,Phase 5,0,0
74,2022-03-01,GTM,418,Nowcasting,5,Phase 5,0,0
75,2022-03-01,GTM,427,Nowcasting,5,Phase 5,0,0
76,2022-03-01,GTM,436,Nowcasting,5,Phase 5,0,0
77,2022-03-01,SLV,450,Nowcasting,5,Phase 5,0,0
78,2022-03-01,GTM,458,Nowcasting,5,Phase 5,0,0
79,2022-03-01,GTM,466,Nowcasting,5,Phase 5,0,0
80,2022-03-01,GTM,468,Nowcasting,5,Phase 5,0,0
81,2022-03-01,GTM,470,Nowcasting,5,Phase 5,0,0
82,2022-03-01,GTM,478,Nowcasting,5,Phase 5,0,0
83,2022-03-01,GTM,486,Nowcasting,5,Phase 5,0,0
86,2022-03-01,GTM,515,Nowcasting,5,Phase 5,0,0
87,2022-03-01,GTM,524,Nowcasting,5,Phase 5,0,0
90,2022-03-01,GTM,551,Nowcasting,5,Phase 5,0,0
91,2022-03-01,GTM,566,Nowcasting,5,Phase 5,0,0
92,2022-03-01,GTM,581,Nowcasting,5,Phase 5,0,0
93,2022-03-01,GTM,591,Nowcasting,5,Phase 5,0,0
94,2022-03-01,GTM,601,Nowcasting,5,Phase 5,0,0
99,2022-03-01,GTM,632,Nowcasting,5,Phase 5,0,0
100,2022-03-01,GTM,641,Nowcasting,5,Phase 5,0,0
109,2022-03-01,GTM,672,Nowcasting,5,Phase 5,0,0
110,2022-03-01,GTM,677,Nowcasting,5,Phase 5,0,0
111,2022-03-01,GTM,681,Nowcasting,5,Phase 5,0,0
112,2022-03-01,GTM,685,Nowcasting,5,Phase 5,0,0
113,2022-03-01,GTM,689,Nowcasting,5,Phase 5,0,0
114,2022-03-01,GTM,693,Nowcasting,5,Phase 5,0,0
136,2022-07-01,COD,706,Nowcasting,5,Phase 5,0,0
160,2022-07-01,COD,717,Nowcasting,5,Phase 5,0,0
161,2022-07-01,COD,718,Nowcasting,5,Phase 5,0,0
165,2022-09-01,CAF,724,Nowcasting,5,Phase 5,0,0
169,2022-07-01,COD,735,Nowcasting,5,Phase 5,0,0
174,2022-09-01,CAF,744,Nowcasting,5,Phase 5,0,0
175,2022-09-01,CAF,752,Nowcasting,5,Phase 5,0,0
177,2022-09-01,CAF,760,Nowcasting,5,Phase 5,0,0
189,2022-07-01,COD,778,Nowcasting,5,Phase 5,0,0
190,2022-07-01,COD,779,Nowcasting,5,Phase 5,0,0
216,2022-09-01,CAF,801,Nowcasting,5,Phase 5,0,0
229,2022-09-01,CAF,811,Nowcasting,5,Phase 5,0,0
230,2022-07-01,COD,812,Nowcasting,5,Phase 5,0,0
234,2022-07-01,CAF,819,Nowcasting,5,Phase 5,0,0
234,2022-09-01,CAF,820,Nowcasting,5,Phase 5,0,0
237,2022-07-01,CAF,832,Nowcasting,5,Phase 5,0,0
237,2022-09-01,CAF,833,Nowcasting,5,Phase 5,0,0
239,2022-07-01,CAF,842,Nowcasting,5,Phase 5,0,0
239,2022-09-01,CAF,843,Nowcasting,5,Phase 5,0,0
242,2022-07-01,COD,844,Nowcasting,5,Phase 5,0,0
251,2022-09-01,CAF,847,Nowcasting,5,Phase 5,0,0
258,2022-09-01,CAF,854,Nowcasting,5,Phase 5,0,0
263,2022-07-01,COD,862,Nowcasting,5,Phase 5,0,0
264,2022-07-01,COD,863,Nowcasting,5,Phase 5,0,0
280,2022-09-01,CAF,873,Nowcasting,5,Phase 5,0,0
282,2022-07-01,CAF,880,Nowcasting,5,Phase 5,0,0
282,2022-09-01,CAF,881,Nowcasting,5,Phase 5,0,0
283,2022-07-01,CAF,888,Nowcasting,5,Phase 5,0,0
283,2022-09-01,CAF,889,Nowcasting,5,Phase 5,0,0
284,2022-07-01,COD,892,Nowcasting,5,Phase 5,0,0
285,2022-07-01,COD,895,Nowcasting,5,Phase 5,0,0
286,2022-09-01,CAF,903,Nowcasting,5,Phase 5,0,0
290,2022-09-01,CAF,906,Nowcasting,5,Phase 5,0,0
291,2022-07-01,CAF,915,Nowcasting,5,Phase 5,0,0
291,2022-09-01,CAF,916,Nowcasting,5,Phase 5,0,0
296,2022-07-01,COD,920,Nowcasting,5,Phase 5,0,0
305,2022-07-01,CAF,936,Nowcasting,5,Phase 5,0,0
314,2022-07-01,CAF,939,Nowcasting,5,Phase 5,0,0
319,2022-09-01,CAF,947,Nowcasting,5,Phase 5,0,0
322,2022-09-01,CAF,952,Nowcasting,5,Phase 5,0,0
323,2022-09-01,CAF,957,Nowcasting,5,Phase 5,0,0
334,2022-04-01,CAF,968,Nowcasting,5,Phase 5,0,0
335,2022-04-01,CAF,971,Nowcasting,5,Phase 5,0,0
347,2022-09-01,CAF,979,Nowcasting,5,Phase 5,0,0
370,2022-07-01,COD,990,Nowcasting,5,Phase 5,0,0
374,2022-07-01,COD,993,Nowcasting,5,Phase 5,0,0
391,2022-07-01,COD,1001,Nowcasting,5,Phase 5,0,0
409,2022-07-01,COD,1009,Nowcasting,5,Phase 5,0,0
410,2022-07-01,COD,1011,Nowcasting,5,Phase 5,0,0
413,2022-07-01,COD,1013,Nowcasting,5,Phase 5,0,0
417,2022-07-01,COD,1020,Nowcasting,5,Phase 5,0,0
420,2022-07-01,COD,1021,Nowcasting,5,Phase 5,0,0
435,2022-10-01,CAF,1036,Nowcasting,5,Phase 5,0,0
436,2022-10-01,CAF,1047,Nowcasting,5,Phase 5,0,0
441,2022-10-01,CAF,1066,Nowcasting,5,Phase 5,0,0
443,2022-07-01,COD,1068,Nowcasting,5,Phase 5,0,0
446,2022-07-01,COD,1071,Nowcasting,5,Phase 5,0,0
451,2022-07-01,COD,1077,Nowcasting,5,Phase 5,0,0
452,2022-07-01,COD,1083,Nowcasting,5,Phase 5,0,0
459,2022-07-01,COD,1095,Nowcasting,5,Phase 5,0,0
471,2022-07-01,COD,1103,Nowcasting,5,Phase 5,0,0
472,2022-07-01,COD,1105,Nowcasting,5,Phase 5,0,0
492,2022-07-01,COD,1123,Nowcasting,5,Phase 5,0,0
494,2022-07-01,COD,1125,Nowcasting,5,Phase 5,0,0
495,2022-02-01,SSD,1129,Nowcasting,5,Phase 5,0.05,0
495,2022-10-01,SSD,1130,Nowcasting,5,Phase 5,0,0
496,2022-02-01,SSD,1134,Nowcasting,5,Phase 5,0.05,0
496,2022-10-01,SSD,1135,Nowcasting,5,Phase 5,0,0
512,2022-10-01,SSD,1163,Nowcasting,5,Phase 5,0,0
513,2022-10-01,SSD,1168,Nowcasting,5,Phase 5,0,0
518,2022-07-01,COD,1174,Nowcasting,5,Phase 5,0,0
519,2022-07-01,COD,1179,Nowcasting,5,Phase 5,0,0
520,2022-02-01,SSD,1180,Nowcasting,5,Phase 5,0,0
521,2022-02-01,SSD,1181,Nowcasting,5,Phase 5,0,0
534,2022-02-01,COD,1191,Nowcasting,5,Phase 5,0,0
534,2022-10-01,COD,1192,Nowcasting,5,Phase 5,0,0
537,2022-02-01,COD,1200,Nowcasting,5,Phase 5,0,0
537,2022-10-01,COD,1201,Nowcasting,5,Phase 5,0,0
547,2022-07-01,COD,1218,Nowcasting,5,Phase 5,0,0
555,2022-07-01,COD,1243,Nowcasting,5,Phase 5,0,0
564,2022-04-01,COD,1264,Nowcasting,5,Phase 5,0,0
564,2022-06-01,COD,1265,Nowcasting,5,Phase 5,0,0
564,2022-07-01,COD,1266,Nowcasting,5,Phase 5,0,0
565,2022-04-01,COD,1279,Nowcasting,5,Phase 5,0,0
565,2022-06-01,COD,1280,Nowcasting,5,Phase 5,0,0
565,2022-07-01,COD,1281,Nowcasting,5,Phase 5,0,0
568,2022-10-01,SSD,1285,Nowcasting,5,Phase 5,0,0
570,2022-02-01,COD,1299,Nowcasting,5,Phase 5,0,0
571,2022-02-01,COD,1313,Nowcasting,5,Phase 5,0,0
577,2022-10-01,SSD,1326,Nowcasting,5,Phase 5,0,0
578,2022-10-01,SSD,1337,Nowcasting,5,Phase 5,0,0
586,2022-02-01,COD,1358,Nowcasting,5,Phase 5,0,0
586,2022-07-01,COD,1359,Nowcasting,5,Phase 5,0,0
586,2022-10-01,COD,1360,Nowcasting,5,Phase 5,0,0
587,2022-04-01,COD,1373,Nowcasting,5,Phase 5,0,0
587,2022-06-01,COD,1374,Nowcasting,5,Phase 5,0,0
587,2022-07-01,COD,1375,Nowcasting,5,Phase 5,0,0
591,2022-04-01,COD,1389,Nowcasting,5,Phase 5,0,0
591,2022-07-01,COD,1390,Nowcasting,5,Phase 5,0,0
592,2022-04-01,COD,1402,Nowcasting,5,Phase 5,0,0
592,2022-07-01,COD,1403,Nowcasting,5,Phase 5,0,0
598,2022-07-01,COD,1423,Nowcasting,5,Phase 5,0,0
602,2022-04-01,COD,1436,Nowcasting,5,Phase 5,0,0
602,2022-06-01,COD,1437,Nowcasting,5,Phase 5,0,0
602,2022-07-01,COD,1438,Nowcasting,5,Phase 5,0,0
605,2022-10-01,SSD,1444,Nowcasting,5,Phase 5,0,0
606,2022-10-01,SSD,1448,Nowcasting,5,Phase 5,0,0
607,2022-07-01,COD,1455,Nowcasting,5,Phase 5,0,0
608,2022-07-01,COD,1462,Nowcasting,5,Phase 5,0,0
609,2022-07-01,COD,1469,Nowcasting,5,Phase 5,0,0
611,2022-06-01,COD,1479,Nowcasting,5,Phase 5,0,0
611,2022-07-01,COD,1480,Nowcasting,5,Phase 5,0,0
613,2022-04-01,COD,1492,Nowcasting,5,Phase 5,0,0
613,2022-06-01,COD,1493,Nowcasting,5,Phase 5,0,0
613,2022-07-01,COD,1494,Nowcasting,5,Phase 5,0,0
614,2022-07-01,COD,1499,Nowcasting,5,Phase 5,0,0
615,2022-04-01,COD,1512,Nowcasting,5,Phase 5,0,0
615,2022-06-01,COD,1513,Nowcasting,5,Phase 5,0,0
615,2022-07-01,COD,1514,Nowcasting,5,Phase 5,0,0
616,2022-04-01,COD,1521,Nowcasting,5,Phase 5,0,0
618,2022-04-01,COD,1535,Nowcasting,5,Phase 5,0,0
618,2022-06-01,COD,1536,Nowcasting,5,Phase 5,0,0
618,2022-07-01,COD,1537,Nowcasting,5,Phase 5,0,0
623,2022-07-01,COD,1546,Nowcasting,5,Phase 5,0,0
625,2022-04-01,COD,1560,Nowcasting,5,Phase 5,0,0
625,2022-06-01,COD,1561,Nowcasting,5,Phase 5,0,0
625,2022-07-01,COD,1562,Nowcasting,5,Phase 5,0,0
626,2022-04-01,COD,1576,Nowcasting,5,Phase 5,0,0
626,2022-06-01,COD,1577,Nowcasting,5,Phase 5,0,0
626,2022-07-01,COD,1578,Nowcasting,5,Phase 5,0,0
630,2022-06-01,ZMB,1581,Nowcasting,5,Phase 5,0,0
633,2022-06-01,ZMB,1584,Nowcasting,5,Phase 5,0,0
634,2022-04-01,COD,1598,Nowcasting,5,Phase 5,0,0
634,2022-06-01,COD,1599,Nowcasting,5,Phase 5,0,0
634,2022-07-01,COD,1600,Nowcasting,5,Phase 5,0,0
637,2022-02-01,SSD,1615,Nowcasting,5,Phase 5,0,0
637,2022-10-01,SSD,1616,Nowcasting,5,Phase 5,0,0
638,2022-02-01,SSD,1625,Nowcasting,5,Phase 5,0,0
638,2022-10-01,SSD,1626,Nowcasting,5,Phase 5,0,0
639,2022-02-01,SSD,1633,Nowcasting,5,Phase 5,0,0
640,2022-02-01,SSD,1640,Nowcasting,5,Phase 5,0,0
642,2022-10-01,SSD,1643,Nowcasting,5,Phase 5,0,0
643,2022-10-01,SSD,1645,Nowcasting,5,Phase 5,0,0
644,2022-06-01,COD,1650,Nowcasting,5,Phase 5,0,0
644,2022-07-01,COD,1651,Nowcasting,5,Phase 5,0,0
645,2022-06-01,COD,1656,Nowcasting,5,Phase 5,0,0
645,2022-07-01,COD,1657,Nowcasting,5,Phase 5,0,0
646,2022-04-01,COD,1668,Nowcasting,5,Phase 5,0,0
646,2022-07-01,COD,1669,Nowcasting,5,Phase 5,0,0
647,2022-04-01,COD,1680,Nowcasting,5,Phase 5,0,0
647,2022-07-01,COD,1681,Nowcasting,5,Phase 5,0,0
649,2022-04-01,COD,1700,Nowcasting,5,Phase 5,0,0
649,2022-06-01,COD,1701,Nowcasting,5,Phase 5,0,0
649,2022-07-01,COD,1702,Nowcasting,5,Phase 5,0,0
650,2022-04-01,COD,1720,Nowcasting,5,Phase 5,0,0
650,2022-06-01,COD,1721,Nowcasting,5,Phase 5,0,0
650,2022-07-01,COD,1722,Nowcasting,5,Phase 5,0,0
651,2022-04-01,BDI,1737,Nowcasting,5,Phase 5,0,0
651,2022-06-01,BDI,1738,Nowcasting,5,Phase 5,0,0
651,2022-07-01,BDI,1739,Nowcasting,5,Phase 5,0,0
652,2022-04-01,BDI,1754,Nowcasting,5,Phase 5,0,0
652,2022-06-01,BDI,1755,Nowcasting,5,Phase 5,0,0
652,2022-07-01,BDI,1756,Nowcasting,5,Phase 5,0,0
654,2022-06-01,COD,1766,Nowcasting,5,Phase 5,0,0
654,2022-07-01,COD,1767,Nowcasting,5,Phase 5,0,0
655,2022-06-01,COD,1777,Nowcasting,5,Phase 5,0,0
655,2022-07-01,COD,1778,Nowcasting,5,Phase 5,0,0
658,2022-06-01,COD,1788,Nowcasting,5,Phase 5,0,0
658,2022-07-01,COD,1789,Nowcasting,5,Phase 5,0,0
661,2022-06-01,COD,1802,Nowcasting,5,Phase 5,0,0
661,2022-07-01,COD,1803,Nowcasting,5,Phase 5,0,0
668,2022-02-01,SSD,1823,Nowcasting,5,Phase 5,0,0
668,2022-07-01,SSD,1824,Nowcasting,5,Phase 5,0,0
669,2022-02-01,SSD,1831,Nowcasting,5,Phase 5,0,0
669,2022-07-01,SSD,1832,Nowcasting,5,Phase 5,0,0
670,2022-02-01,SSD,1834,Nowcasting,5,Phase 5,0,0
671,2022-02-01,SSD,1836,Nowcasting,5,Phase 5,0,0
672,2022-02-01,SSD,1846,Nowcasting,5,Phase 5,0,0
672,2022-10-01,SSD,1847,Nowcasting,5,Phase 5,0,0
673,2022-02-01,SSD,1857,Nowcasting,5,Phase 5,0,0
673,2022-10-01,SSD,1858,Nowcasting,5,Phase 5,0,0
674,2022-07-01,BDI,1868,Nowcasting,5,Phase 5,0,0
675,2022-07-01,BDI,1878,Nowcasting,5,Phase 5,0,0
676,2022-04-01,BDI,1893,Nowcasting,5,Phase 5,0,0
676,2022-06-01,BDI,1894,Nowcasting,5,Phase 5,0,0
676,2022-07-01,BDI,1895,Nowcasting,5,Phase 5,0,0
677,2022-04-01,BDI,1910,Nowcasting,5,Phase 5,0,0
677,2022-06-01,BDI,1911,Nowcasting,5,Phase 5,0,0
677,2022-07-01,BDI,1912,Nowcasting,5,Phase 5,0,0
678,2022-02-01,SSD,1917,Nowcasting,5,Phase 5,0,0
678,2022-04-01,SSD,1918,Nowcasting,5,Phase 5,0,0
679,2022-02-01,SSD,1923,Nowcasting,5,Phase 5,0,0
679,2022-04-01,SSD,1924,Nowcasting,5,Phase 5,0,0
680,2022-02-01,COD,1927,Nowcasting,5,Phase 5,0,0
680,2022-07-01,COD,1928,Nowcasting,5,Phase 5,0,0
680,2022-10-01,COD,1929,Nowcasting,5,Phase 5,0,0
681,2022-06-01,COD,1939,Nowcasting,5,Phase 5,0,0
681,2022-07-01,COD,1940,Nowcasting,5,Phase 5,0,0
682,2022-02-01,SSD,1942,Nowcasting,5,Phase 5,0.05,0
683,2022-02-01,SSD,1944,Nowcasting,5,Phase 5,0.05,0
684,2022-06-01,COD,1954,Nowcasting,5,Phase 5,0,0
684,2022-07-01,COD,1955,Nowcasting,5,Phase 5,0,0
685,2022-02-01,COD,1958,Nowcasting,5,Phase 5,0,0
685,2022-07-01,COD,1959,Nowcasting,5,Phase 5,0,0
691,2022-02-01,SSD,1977,Nowcasting,5,Phase 5,0,0
692,2022-02-01,SSD,1981,Nowcasting,5,Phase 5,0,0
699,2022-04-01,BDI,2008,Nowcasting,5,Phase 5,0,0
699,2022-06-01,BDI,2009,Nowcasting,5,Phase 5,0,0
699,2022-07-01,BDI,2010,Nowcasting,5,Phase 5,0,0
700,2022-04-01,BDI,2023,Nowcasting,5,Phase 5,0,0
700,2022-07-01,BDI,2024,Nowcasting,5,Phase 5,0,0
701,2022-02-01,SSD,2028,Nowcasting,5,Phase 5,0.05,0
702,2022-02-01,SSD,2032,Nowcasting,5,Phase 5,0.05,0
703,2022-04-01,BDI,2046,Nowcasting,5,Phase 5,0,0
703,2022-06-01,BDI,2047,Nowcasting,5,Phase 5,0,0
703,2022-07-01,BDI,2048,Nowcasting,5,Phase 5,0,0
704,2022-04-01,BDI,2062,Nowcasting,5,Phase 5,0,0
704,2022-06-01,BDI,2063,Nowcasting,5,Phase 5,0,0
704,2022-07-01,BDI,2064,Nowcasting,5,Phase 5,0,0
705,2022-10-01,ZAF,2067,Nowcasting,5,Phase 5,0,0
706,2022-06-01,COD,2075,Nowcasting,5,Phase 5,0,0
706,2022-07-01,COD,2076,Nowcasting,5,Phase 5,0,0
707,2022-04-01,BDI,2087,Nowcasting,5,Phase 5,0,0
707,2022-06-01,BDI,2088,Nowcasting,5,Phase 5,0,0
707,2022-07-01,BDI,2089,Nowcasting,5,Phase 5,0,0
708,2022-04-01,BDI,2100,Nowcasting,5,Phase 5,0,0
708,2022-06-01,BDI,2101,Nowcasting,5,Phase 5,0,0
708,2022-07-01,BDI,2102,Nowcasting,5,Phase 5,0,0
711,2022-02-01,SSD,2118,Nowcasting,5,Phase 5,0,0
711,2022-07-01,SSD,2119,Nowcasting,5,Phase 5,0,0
712,2022-02-01,SSD,2133,Nowcasting,5,Phase 5,0,0
712,2022-07-01,SSD,2134,Nowcasting,5,Phase 5,0,0
716,2022-02-01,COD,2146,Nowcasting,5,Phase 5,0,0
716,2022-06-01,COD,2147,Nowcasting,5,Phase 5,0,0
717,2022-02-01,COD,2154,Nowcasting,5,Phase 5,0,0
717,2022-06-01,COD,2155,Nowcasting,5,Phase 5,0,0
723,2022-02-01,SSD,2162,Nowcasting,5,Phase 5,0.08,0
724,2022-02-01,SSD,2165,Nowcasting,5,Phase 5,0.08,0
726,2022-02-01,COD,2171,Nowcasting,5,Phase 5,0,0
727,2022-06-01,ZAF,2179,Nowcasting,5,Phase 5,0,0
727,2022-07-01,ZAF,2180,Nowcasting,5,Phase 5,0,0
732,2022-06-01,SSD,2195,Nowcasting,5,Phase 5,0,0
732,2022-10-01,SSD,2196,Nowcasting,5,Phase 5,0,0
733,2022-06-01,SSD,2206,Nowcasting,5,Phase 5,0,0
733,2022-10-01,SSD,2207,Nowcasting,5,Phase 5,0,0
735,2022-02-01,SSD,2221,Nowcasting,5,Phase 5,0,0
735,2022-10-01,SSD,2222,Nowcasting,5,Phase 5,0,0
736,2022-02-01,SSD,2231,Nowcasting,5,Phase 5,0,0
736,2022-10-01,SSD,2232,Nowcasting,5,Phase 5,0,0
748,2022-02-01,SSD,2239,Nowcasting,5,Phase 5,0,0
749,2022-02-01,SSD,2240,Nowcasting,5,Phase 5,0,0
752,2022-10-01,UGA,2242,Nowcasting,5,Phase 5,0,0
753,2022-10-01,UGA,2244,Nowcasting,5,Phase 5,0,0
759,2022-06-01,SWZ,2274,Nowcasting,5,Phase 5,0,0
759,2022-10-01,SWZ,2275,Nowcasting,5,Phase 5,0,0
760,2022-02-01,SSD,2279,Nowcasting,5,Phase 5,0,0
761,2022-06-01,SWZ,2285,Nowcasting,5,Phase 5,0,0
761,2022-10-01,SWZ,2286,Nowcasting,5,Phase 5,0,0
762,2022-02-01,SSD,2290,Nowcasting,5,Phase 5,0,0
768,2022-02-01,SSD,2295,Nowcasting,5,Phase 5,0,0
769,2022-02-01,SSD,2298,Nowcasting,5,Phase 5,0,0
770,2022-06-01,SWZ,2299,Nowcasting,5,Phase 5,0,0
770,2022-10-01,SWZ,2300,Nowcasting,5,Phase 5,0,0
773,2022-06-01,SWZ,2307,Nowcasting,5,Phase 5,0,0
773,2022-10-01,SWZ,2308,Nowcasting,5,Phase 5,0,0
779,2022-02-01,SSD,2317,Nowcasting,5,Phase 5,0.05,0
779,2022-10-01,SSD,2318,Nowcasting,5,Phase 5,0.05,0
780,2022-02-01,SSD,2322,Nowcasting,5,Phase 5,0.05,0
780,2022-10-01,SSD,2323,Nowcasting,5,Phase 5,0.05,0
781,2022-10-01,SSD,2326,Nowcasting,5,Phase 5,0.3,0
782,2022-10-01,SSD,2329,Nowcasting,5,Phase 5,0.3,0
783,2022-10-01,SSD,2337,Nowcasting,5,Phase 5,0,0
784,2022-10-01,SSD,2345,Nowcasting,5,Phase 5,0,0
785,2022-06-01,SSD,2357,Nowcasting,5,Phase 5,0,0
785,2022-10-01,SSD,2358,Nowcasting,5,Phase 5,0,0
786,2022-06-01,SSD,2370,Nowcasting,5,Phase 5,0,0
786,2022-10-01,SSD,2371,Nowcasting,5,Phase 5,0,0
789,2022-10-01,SSD,2376,Nowcasting,5,Phase 5,0,0
793,2022-02-01,SDN,2379,Nowcasting,5,Phase 5,0,0
794,2022-10-01,SWZ,2381,Nowcasting,5,Phase 5,0,0
796,2022-06-01,UGA,2386,Nowcasting,5,Phase 5,0,0
797,2022-06-01,UGA,2390,Nowcasting,5,Phase 5,0,0
798,2022-06-01,SWZ,2393,Nowcasting,5,Phase 5,0,0
799,2022-06-01,SWZ,2396,Nowcasting,5,Phase 5,0,0
800,2022-10-01,SSD,2399,Nowcasting,5,Phase 5,0,0
801,2022-10-01,SSD,2402,Nowcasting,5,Phase 5,0,0
806,2022-02-01,SSD,2409,Nowcasting,5,Phase 5,0,0
806,2022-10-01,SSD,2410,Nowcasting,5,Phase 5,0,0
807,2022-02-01,SSD,2417,Nowcasting,5,Phase 5,0,0
807,2022-10-01,SSD,2418,Nowcasting,5,Phase 5,0,0
815,2022-02-01,SSD,2422,Nowcasting,5,Phase 5,0.05,0
815,2022-10-01,SSD,2423,Nowcasting,5,Phase 5,0,0
816,2022-02-01,SSD,2427,Nowcasting,5,Phase 5,0.05,0
816,2022-10-01,SSD,2428,Nowcasting,5,Phase 5,0,0
817,2022-02-01,SSD,2434,Nowcasting,5,Phase 5,0,0
817,2022-10-01,SSD,2435,Nowcasting,5,Phase 5,0,0
818,2022-02-01,SSD,2441,Nowcasting,5,Phase 5,0,0
818,2022-10-01,SSD,2442,Nowcasting,5,Phase 5,0,0
820,2022-02-01,SSD,2449,Nowcasting,5,Phase 5,0,0
820,2022-03-01,SSD,2450,Nowcasting,5,Phase 5,0,0
820,2022-06-01,SSD,2451,Nowcasting,5,Phase 5,0,0
821,2022-02-01,SSD,2458,Nowcasting,5,Phase 5,0,0
821,2022-03-01,SSD,2459,Nowcasting,5,Phase 5,0,0
821,2022-06-01,SSD,2460,Nowcasting,5,Phase 5,0,0
825,2022-04-01,SDN,2461,Nowcasting,5,Phase 5,0,0
828,2022-04-01,SDN,2464,Nowcasting,5,Phase 5,0,0
829,2022-04-01,SDN,2467,Nowcasting,5,Phase 5,0,0
837,2022-06-01,UGA,2470,Nowcasting,5,Phase 5,0,0
842,2022-02-01,SSD,2482,Nowcasting,5,Phase 5,0,0
842,2022-03-01,SSD,2483,Nowcasting,5,Phase 5,0,0
842,2022-06-01,SSD,2484,Nowcasting,5,Phase 5,0,0
842,2022-10-01,SSD,2485,Nowcasting,5,Phase 5,0,0
843,2022-02-01,SSD,2495,Nowcasting,5,Phase 5,0,0
843,2022-03-01,SSD,2496,Nowcasting,5,Phase 5,0,0
843,2022-06-01,SSD,2497,Nowcasting,5,Phase 5,0,0
843,2022-10-01,SSD,2498,Nowcasting,5,Phase 5,0,0
844,2022-10-01,SSD,2500,Nowcasting,5,Phase 5,0,0
845,2022-10-01,SSD,2502,Nowcasting,5,Phase 5,0,0
852,2022-06-01,UGA,2512,Nowcasting,5,Phase 5,0,0
857,2022-03-01,UGA,2522,Nowcasting,5,Phase 5,0,0
858,2022-03-01,UGA,2525,Nowcasting,5,Phase 5,0,0
882,2022-02-01,SSD,2553,Nowcasting,5,Phase 5,0,0
883,2022-02-01,SSD,2558,Nowcasting,5,Phase 5,0,0
893,2022-02-01,SSD,2571,Nowcasting,5,Phase 5,0,0
893,2022-10-01,SSD,2572,Nowcasting,5,Phase 5,0,0
894,2022-02-01,SSD,2578,Nowcasting,5,Phase 5,0,0
894,2022-10-01,SSD,2579,Nowcasting,5,Phase 5,0,0
896,2022-04-01,SSD,2584,Nowcasting,5,Phase 5,0,0
897,2022-04-01,SSD,2587,Nowcasting,5,Phase 5,0,0
898,2022-03-01,SSD,2588,Nowcasting,5,Phase 5,0,0
898,2022-06-01,SSD,2589,Nowcasting,5,Phase 5,0,0
898,2022-10-01,SSD,2590,Nowcasting,5,Phase 5,0,0
899,2022-03-01,SSD,2591,Nowcasting,5,Phase 5,0,0
899,2022-06-01,SSD,2592,Nowcasting,5,Phase 5,0,0
899,2022-10-01,SSD,2593,Nowcasting,5,Phase 5,0,0
901,2022-02-01,SSD,2596,Nowcasting,5,Phase 5,0,0
902,2022-02-01,SSD,2598,Nowcasting,5,Phase 5,0,0
913,2022-02-01,SSD,2615,Nowcasting,5,Phase 5,0,0
914,2022-02-01,SSD,2619,Nowcasting,5,Phase 5,0,0
915,2022-10-01,MWI,2621,Nowcasting,5,Phase 5,0,0
916,2022-03-01,UGA,2622,Nowcasting,5,Phase 5,0,0
917,2022-02-01,UGA,2624,Nowcasting,5,Phase 5,0,0
917,2022-06-01,UGA,2625,Nowcasting,5,Phase 5,0,0
918,2022-02-01,UGA,2627,Nowcasting,5,Phase 5,0,0
918,2022-06-01,UGA,2628,Nowcasting,5,Phase 5,0,0
919,2022-03-01,UGA,2629,Nowcasting,5,Phase 5,0,0
921,2022-10-01,MWI,2631,Nowcasting,5,Phase 5,0,0
929,2022-10-01,UGA,2645,Nowcasting,5,Phase 5,0,0
930,2022-02-01,SSD,2649,Nowcasting,5,Phase 5,0,0
930,2022-10-01,SSD,2650,Nowcasting,5,Phase 5,0,0
931,2022-02-01,SSD,2655,Nowcasting,5,Phase 5,0,0
931,2022-10-01,SSD,2656,Nowcasting,5,Phase 5,0,0
937,2022-02-01,UGA,2672,Nowcasting,5,Phase 5,0,0
937,2022-03-01,UGA,2673,Nowcasting,5,Phase 5,0,0
937,2022-06-01,UGA,2674,Nowcasting,5,Phase 5,0,0
937,2022-07-01,UGA,2675,Nowcasting,5,Phase 5,0,0
937,2022-10-01,UGA,2676,Nowcasting,5,Phase 5,0,0
938,2022-02-01,UGA,2685,Nowcasting,5,Phase 5,0,0
938,2022-03-01,UGA,2686,Nowcasting,5,Phase 5,0,0
938,2022-06-01,UGA,2687,Nowcasting,5,Phase 5,0,0
938,2022-07-01,UGA,2688,Nowcasting,5,Phase 5,0,0
938,2022-10-01,UGA,2689,Nowcasting,5,Phase 5,0,0
941,2022-03-01,UGA,2692,Nowcasting,5,Phase 5,0,0
942,2022-03-01,UGA,2695,Nowcasting,5,Phase 5,0,0
948,2022-02-01,UGA,2701,Nowcasting,5,Phase 5,0,0
948,2022-03-01,UGA,2702,Nowcasting,5,Phase 5,0,0
951,2022-02-01,UGA,2711,Nowcasting,5,Phase 5,0,0
951,2022-03-01,UGA,2712,Nowcasting,5,Phase 5,0,0
951,2022-06-01,UGA,2713,Nowcasting,5,Phase 5,0,0
951,2022-07-01,UGA,2714,Nowcasting,5,Phase 5,0,0
952,2022-02-01,UGA,2719,Nowcasting,5,Phase 5,0,0
952,2022-03-01,UGA,2720,Nowcasting,5,Phase 5,0,0
952,2022-06-01,UGA,2721,Nowcasting,5,Phase 5,0,0
952,2022-07-01,UGA,2722,Nowcasting,5,Phase 5,0,0
957,2022-07-01,KEN,2727,Nowcasting,5,Phase 5,0,0
965,2022-02-01,UGA,2730,Nowcasting,5,Phase 5,0,0
965,2022-06-01,UGA,2731,Nowcasting,5,Phase 5,0,0
966,2022-02-01,UGA,2733,Nowcasting,5,Phase 5,0,0
966,2022-06-01,UGA,2734,Nowcasting,5,Phase 5,0,0
968,2022-02-01,UGA,2738,Nowcasting,5,Phase 5,0,0
968,2022-03-01,UGA,2739,Nowcasting,5,Phase 5,0,0
968,2022-06-01,UGA,2740,Nowcasting,5,Phase 5,0,0
968,2022-07-01,UGA,2741,Nowcasting,5,Phase 5,0,0
969,2022-02-01,UGA,2745,Nowcasting,5,Phase 5,0,0
969,2022-03-01,UGA,2746,Nowcasting,5,Phase 5,0,0
969,2022-06-01,UGA,2747,Nowcasting,5,Phase 5,0,0
969,2022-07-01,UGA,2748,Nowcasting,5,Phase 5,0,0
971,2022-03-01,SSD,2751,Nowcasting,5,Phase 5,0,0
971,2022-06-01,SSD,2752,Nowcasting,5,Phase 5,0,0
972,2022-03-01,SSD,2755,Nowcasting,5,Phase 5,0,0
972,2022-06-01,SSD,2756,Nowcasting,5,Phase 5,0,0
983,2022-06-01,MOZ,2760,Nowcasting,5,Phase 5,0,0
984,2022-06-01,MOZ,2761,Nowcasting,5,Phase 5,0,0
985,2022-06-01,MOZ,2762,Nowcasting,5,Phase 5,0,0
994,2022-02-01,KEN,2765,Nowcasting,5,Phase 5,0,0
994,2022-06-01,KEN,2766,Nowcasting,5,Phase 5,0,0
995,2022-02-01,KEN,2769,Nowcasting,5,Phase 5,0,0
995,2022-06-01,KEN,2770,Nowcasting,5,Phase 5,0,0
997,2022-09-01,LBN,2774,Nowcasting,5,Phase 5,0,0
1001,2022-09-01,LBN,2777,Nowcasting,5,Phase 5,0,0
1003,2022-02-01,KEN,2781,Nowcasting,5,Phase 5,0,0
1003,2022-03-01,KEN,2782,Nowcasting,5,Phase 5,0,0
1003,2022-07-01,KEN,2783,Nowcasting,5,Phase 5,0,0
1005,2022-02-01,KEN,2787,Nowcasting,5,Phase 5,0,0
1005,2022-03-01,KEN,2788,Nowcasting,5,Phase 5,0,0
1005,2022-07-01,KEN,2789,Nowcasting,5,Phase 5,0,0
1008,2022-09-01,LBN,2791,Nowcasting,5,Phase 5,0,0
1011,2022-02-01,KEN,2796,Nowcasting,5,Phase 5,0,0
1011,2022-03-01,KEN,2797,Nowcasting,5,Phase 5,0,0
1011,2022-06-01,KEN,2798,Nowcasting,5,Phase 5,0,0
1011,2022-07-01,KEN,2799,Nowcasting,5,Phase 5,0,0
1016,2022-09-01,LBN,2806,Nowcasting,5,Phase 5,0,0
1017,2022-09-01,LBN,2807,Nowcasting,5,Phase 5,0,0
1020,2022-09-01,LBN,2808,Nowcasting,5,Phase 5,0,0
1023,2022-09-01,LBN,2809,Nowcasting,5,Phase 5,0,0
1032,2022-02-01,KEN,2815,Nowcasting,5,Phase 5,0,0
1032,2022-03-01,KEN,2816,Nowcasting,5,Phase 5,0,0
1032,2022-06-01,KEN,2817,Nowcasting,5,Phase 5,0,0
1033,2022-02-01,KEN,2820,Nowcasting,5,Phase 5,0,0
1033,2022-03-01,KEN,2821,Nowcasting,5,Phase 5,0,0
1033,2022-06-01,KEN,2822,Nowcasting,5,Phase 5,0,0
1038,2022-09-01,LBN,2824,Nowcasting,5,Phase 5,0,0
1039,2022-09-01,LBN,2825,Nowcasting,5,Phase 5,0,0
1046,2022-02-01,KEN,2831,Nowcasting,5,Phase 5,0,0
1046,2022-07-01,KEN,2832,Nowcasting,5,Phase 5,0,0
1047,2022-02-01,KEN,2835,Nowcasting,5,Phase 5,0,0
1047,2022-07-01,KEN,2836,Nowcasting,5,Phase 5,0,0
1048,2022-07-01,KEN,2837,Nowcasting,5,Phase 5,0,0
1048,2022-10-01,KEN,2838,Nowcasting,5,Phase 5,0,0
1049,2022-10-01,KEN,2839,Nowcasting,5,Phase 5,0,0
1050,2022-10-01,KEN,2840,Nowcasting,5,Phase 5,0,0
1057,2022-07-01,TZA,2846,Nowcasting,5,Phase 5,0,0
1059,2022-02-01,KEN,2848,Nowcasting,5,Phase 5,0,0
1059,2022-07-01,KEN,2849,Nowcasting,5,Phase 5,0,0
1060,2022-02-01,KEN,2851,Nowcasting,5,Phase 5,0,0
1060,2022-07-01,KEN,2852,Nowcasting,5,Phase 5,0,0
1061,2022-07-01,KEN,2857,Nowcasting,5,Phase 5,0,0
1068,2022-02-01,KEN,2865,Nowcasting,5,Phase 5,0,0
1068,2022-07-01,KEN,2866,Nowcasting,5,Phase 5,0,0
1071,2022-02-01,KEN,2870,Nowcasting,5,Phase 5,0,0
1071,2022-07-01,KEN,2871,Nowcasting,5,Phase 5,0,0
1097,2022-02-01,KEN,2878,Nowcasting,5,Phase 5,0,0
1099,2022-02-01,KEN,2879,Nowcasting,5,Phase 5,0,0
1102,2022-02-01,KEN,2882,Nowcasting,5,Phase 5,0,0
1102,2022-07-01,KEN,2883,Nowcasting,5,Phase 5,0,0
1103,2022-02-01,KEN,2886,Nowcasting,5,Phase 5,0,0
1103,2022-07-01,KEN,2887,Nowcasting,5,Phase 5,0,0
1107,2022-10-01,MOZ,2888,Nowcasting,5,Phase 5,0,0
1112,2022-10-01,MOZ,2889,Nowcasting,5,Phase 5,0,0
1113,2022-10-01,MOZ,2890,Nowcasting,5,Phase 5,0,0
1114,2022-10-01,MOZ,2891,Nowcasting,5,Phase 5,0,0
1124,2022-10-01,MOZ,2899,Nowcasting,5,Phase 5,0,0
1128,2022-10-01,MOZ,2903,Nowcasting,5,Phase 5,0,0
1131,2022-10-01,MOZ,2911,Nowcasting,5,Phase 5,0,0
1145,2022-10-01,MOZ,2919,Nowcasting,5,Phase 5,0,0
1146,2022-10-01,MOZ,2921,Nowcasting,5,Phase 5,0,0
1148,2022-10-01,MOZ,2922,Nowcasting,5,Phase 5,0,0
1150,2022-10-01,MOZ,2923,Nowcasting,5,Phase 5,0,0
1151,2022-10-01,MOZ,2926,Nowcasting,5,Phase 5,0,0
1152,2022-10-01,MOZ,2929,Nowcasting,5,Phase 5,0,0
1154,2022-10-01,MOZ,2933,Nowcasting,5,Phase 5,0,0
1157,2022-02-01,KEN,2943,Nowcasting,5,Phase 5,0,0
1157,2022-07-01,KEN,2944,Nowcasting,5,Phase 5,0,0
1157,2022-10-01,KEN,2945,Nowcasting,5,Phase 5,0,0
1158,2022-02-01,KEN,2953,Nowcasting,5,Phase 5,0,0
1158,2022-07-01,KEN,2954,Nowcasting,5,Phase 5,0,0
1158,2022-10-01,KEN,2955,Nowcasting,5,Phase 5,0,0
1160,2022-01-01,KEN,2967,Nowcasting,5,Phase 5,0,0
1160,2022-02-01,KEN,2968,Nowcasting,5,Phase 5,0,0
1160,2022-05-01,KEN,2969,Nowcasting,5,Phase 5,0,0
1160,2022-07-01,KEN,2970,Nowcasting,5,Phase 5,0,0
1160,2022-10-01,KEN,2971,Nowcasting,5,Phase 5,0,0
1161,2022-01-01,KEN,2983,Nowcasting,5,Phase 5,0,0
1161,2022-02-01,KEN,2984,Nowcasting,5,Phase 5,0,0
1161,2022-05-01,KEN,2985,Nowcasting,5,Phase 5,0,0
1161,2022-07-01,KEN,2986,Nowcasting,5,Phase 5,0,0
1161,2022-10-01,KEN,2987,Nowcasting,5,Phase 5,0,0
1173,2022-01-01,KEN,2997,Nowcasting,5,Phase 5,0,0
1173,2022-02-01,KEN,2998,Nowcasting,5,Phase 5,0,0
1173,2022-07-01,KEN,2999,Nowcasting,5,Phase 5,0,0
1173,2022-10-01,KEN,3000,Nowcasting,5,Phase 5,0,0
1182,2022-01-01,SOM,3020,Nowcasting,5,Phase 5,0,0
1182,2022-05-01,SOM,3021,Nowcasting,5,Phase 5,0,0
1182,2022-10-01,SOM,3022,Nowcasting,5,Phase 5,0,0
1183,2022-01-01,SOM,3028,Nowcasting,5,Phase 5,0,0
1183,2022-02-01,SOM,3029,Nowcasting,5,Phase 5,0,0
1184,2022-01-01,SOM,3035,Nowcasting,5,Phase 5,0,0
1184,2022-02-01,SOM,3036,Nowcasting,5,Phase 5,0,0
1188,2022-01-01,SOM,3048,Nowcasting,5,Phase 5,0,0
1188,2022-02-01,SOM,3049,Nowcasting,5,Phase 5,0,0
1188,2022-05-01,SOM,3050,Nowcasting,5,Phase 5,0,0
1188,2022-07-01,SOM,3051,Nowcasting,5,Phase 5,0,0
1189,2022-01-01,SOM,3058,Nowcasting,5,Phase 5,0,0
1189,2022-02-01,SOM,3059,Nowcasting,5,Phase 5,0,0
1189,2022-10-01,SOM,3060,Nowcasting,5,Phase 5,0,0
1190,2022-01-01,SOM,3069,Nowcasting,5,Phase 5,0,0
1190,2022-05-01,SOM,3070,Nowcasting,5,Phase 5,0,0
1190,2022-07-01,SOM,3071,Nowcasting,5,Phase 5,0,0
1190,2022-10-01,SOM,3072,Nowcasting,5,Phase 5,0,0
1192,2022-10-01,ETH,3077,Nowcasting,5,Phase 5,0,0
1195,2022-01-01,SOM,3089,Nowcasting,5,Phase 5,0,0
1195,2022-05-01,SOM,3090,Nowcasting,5,Phase 5,0,0
1195,2022-07-01,SOM,3091,Nowcasting,5,Phase 5,0,0
1195,2022-10-01,SOM,3092,Nowcasting,5,Phase 5,0,0
1196,2022-01-01,SOM,3104,Nowcasting,5,Phase 5,0,0
1196,2022-02-01,SOM,3105,Nowcasting,5,Phase 5,0,0
1196,2022-05-01,SOM,3106,Nowcasting,5,Phase 5,0,0
1196,2022-07-01,SOM,3107,Nowcasting,5,Phase 5,0,0
1196,2022-10-01,SOM,3108,Nowcasting,5,Phase 5,0,0
1197,2022-01-01,SOM,3120,Nowcasting,5,Phase 5,0,0
1197,2022-02-01,SOM,3121,Nowcasting,5,Phase 5,0,0
1197,2022-05-01,SOM,3122,Nowcasting,5,Phase 5,0,0
1197,2022-07-01,SOM,3123,Nowcasting,5,Phase 5,0,0
1197,2022-10-01,SOM,3124,Nowcasting,5,Phase 5,0,0
1200,2022-10-01,SOM,3133,Nowcasting,5,Phase 5,0,0
1203,2022-02-01,SOM,3138,Nowcasting,5,Phase 5,0,0
1203,2022-10-01,SOM,3139,Nowcasting,5,Phase 5,0,0
1204,2022-02-01,SOM,3144,Nowcasting,5,Phase 5,0,0
1204,2022-10-01,SOM,3145,Nowcasting,5,Phase 5,0,0
1207,2022-01-01,SOM,3152,Nowcasting,5,Phase 5,0,0
1207,2022-05-01,SOM,3153,Nowcasting,5,Phase 5,0,0
1207,2022-07-01,SOM,3154,Nowcasting,5,Phase 5,0,0
1210,2022-07-01,ETH,3156,Nowcasting,5,Phase 5,0,0
1211,2022-01-01,SOM,3166,Nowcasting,5,Phase 5,0,0
1211,2022-05-01,SOM,3167,Nowcasting,5,Phase 5,0,0
1211,2022-07-01,SOM,3168,Nowcasting,5,Phase 5,0,0
1212,2022-10-01,SOM,3171,Nowcasting,5,Phase 5,0,0
1214,2022-05-01,SOM,3179,Nowcasting,5,Phase 5,0,0
1214,2022-07-01,SOM,3180,Nowcasting,5,Phase 5,0,0
1214,2022-10-01,SOM,3181,Nowcasting,5,Phase 5,0,0
1215,2022-10-01,DJI,3183,Nowcasting,5,Phase 5,0,0
1216,2022-01-01,SOM,3190,Nowcasting,5,Phase 5,0,0
1216,2022-10-01,SOM,3191,Nowcasting,5,Phase 5,0,0
1217,2022-01-01,SOM,3198,Nowcasting,5,Phase 5,0,0
1217,2022-10-01,SOM,3199,Nowcasting,5,Phase 5,0,0
1220,2022-01-01,SOM,3213,Nowcasting,5,Phase 5,0,0
1220,2022-05-01,SOM,3214,Nowcasting,5,Phase 5,0,0
1220,2022-07-01,SOM,3215,Nowcasting,5,Phase 5,0,0
1220,2022-10-01,SOM,3216,Nowcasting,5,Phase 5,0,0
1222,2022-05-01,SOM,3224,Nowcasting,5,Phase 5,0,0
1222,2022-07-01,SOM,3225,Nowcasting,5,Phase 5,0,0
1222,2022-10-01,SOM,3226,Nowcasting,5,Phase 5,0,0
1223,2022-01-01,SOM,3233,Nowcasting,5,Phase 5,0,0
1223,2022-07-01,SOM,3234,Nowcasting,5,Phase 5,0,0
1223,2022-10-01,SOM,3235,Nowcasting,5,Phase 5,0,0
1226,2022-01-01,SOM,3249,Nowcasting,5,Phase 5,0,0
1226,2022-07-01,SOM,3250,Nowcasting,5,Phase 5,0,0
1226,2022-10-01,SOM,3251,Nowcasting,5,Phase 5,0,0
1227,2022-01-01,SOM,3258,Nowcasting,5,Phase 5,0,0
1228,2022-01-01,SOM,3265,Nowcasting,5,Phase 5,0,0
1228,2022-05-01,SOM,3266,Nowcasting,5,Phase 5,0.03,0
1231,2022-01-01,SOM,3275,Nowcasting,5,Phase 5,0,0
1231,2022-05-01,SOM,3276,Nowcasting,5,Phase 5,0.03,0
1231,2022-10-01,SOM,3277,Nowcasting,5,Phase 5,0.05,0
1234,2022-10-01,ETH,3283,Nowcasting,5,Phase 5,0,0
1238,2022-01-01,SOM,3290,Nowcasting,5,Phase 5,0,0
1238,2022-07-01,SOM,3291,Nowcasting,5,Phase 5,0,0
1238,2022-10-01,SOM,3292,Nowcasting,5,Phase 5,0,0
1241,2022-01-01,SOM,3302,Nowcasting,5,Phase 5,0,0
1241,2022-10-01,SOM,3303,Nowcasting,5,Phase 5,0,0
1243,2022-05-01,SOM,3306,Nowcasting,5,Phase 5,0.03,0
1249,2022-01-01,SOM,3312,Nowcasting,5,Phase 5,0,0
1249,2022-03-01,SOM,3313,Nowcasting,5,Phase 5,0,0
1249,2022-05-01,SOM,3314,Nowcasting,5,Phase 5,0,0
1252,2022-01-01,SOM,3321,Nowcasting,5,Phase 5,0,0
1252,2022-03-01,SOM,3322,Nowcasting,5,Phase 5,0,0
1252,2022-05-01,SOM,3323,Nowcasting,5,Phase 5,0,0
1254,2022-01-01,SOM,3327,Nowcasting,5,Phase 5,0,0
1254,2022-05-01,SOM,3328,Nowcasting,5,Phase 5,0.01,0
1254,2022-07-01,SOM,3329,Nowcasting,5,Phase 5,0,0
1254,2022-10-01,SOM,3330,Nowcasting,5,Phase 5,0,0
1255,2022-10-01,SOM,3335,Nowcasting,5,Phase 5,0,0
1256,2022-10-01,ETH,3337,Nowcasting,5,Phase 5,0,0
1257,2022-05-01,SOM,3340,Nowcasting,5,Phase 5,0.01,0
1257,2022-10-01,SOM,3341,Nowcasting,5,Phase 5,0,0
1276,2022-01-01,SOM,3372,Nowcasting,5,Phase 5,0,0
1276,2022-05-01,SOM,3373,Nowcasting,5,Phase 5,0.01,0
1276,2022-07-01,SOM,3374,Nowcasting,5,Phase 5,0,0
1276,2022-10-01,SOM,3375,Nowcasting,5,Phase 5,0,0
1284,2022-01-01,SOM,3387,Nowcasting,5,Phase 5,0,0
1284,2022-05-01,SOM,3388,Nowcasting,5,Phase 5,0.01,0
1284,2022-07-01,SOM,3389,Nowcasting,5,Phase 5,0.1,0
1284,2022-10-01,SOM,3390,Nowcasting,5,Phase 5,0.1,0
1293,2022-01-01,SOM,3405,Nowcasting,5,Phase 5,0,0
1293,2022-05-01,SOM,3406,Nowcasting,5,Phase 5,0.03,0
1293,2022-07-01,SOM,3407,Nowcasting,5,Phase 5,0.15,0
1293,2022-10-01,SOM,3408,Nowcasting,5,Phase 5,0.15,0
1298,2022-03-01,YEM,3417,Nowcasting,5,Phase 5,0,0
1308,2022-01-01,SOM,3431,Nowcasting,5,Phase 5,0,0
1308,2022-05-01,SOM,3432,Nowcasting,5,Phase 5,0.03,0
1308,2022-07-01,SOM,3433,Nowcasting,5,Phase 5,0.1,0
1308,2022-10-01,SOM,3434,Nowcasting,5,Phase 5,0.1,0
1309,2022-01-01,SOM,3443,Nowcasting,5,Phase 5,0,0
1309,2022-05-01,SOM,3444,Nowcasting,5,Phase 5,0.03,0
1309,2022-07-01,SOM,3445,Nowcasting,5,Phase 5,0.1,0
1309,2022-10-01,SOM,3446,Nowcasting,5,Phase 5,0.1,0
1324,2022-01-01,SOM,3462,Nowcasting,5,Phase 5,0,0
1324,2022-05-01,SOM,3463,Nowcasting,5,Phase 5,0.03,0
1324,2022-07-01,SOM,3464,Nowcasting,5,Phase 5,0.15,0
1324,2022-10-01,SOM,3465,Nowcasting,5,Phase 5,0.15,0
1326,2022-05-01,ETH,3469,Nowcasting,5,Phase 5,0.01,0
1326,2022-07-01,ETH,3470,Nowcasting,5,Phase 5,0,0
1327,2022-07-01,ETH,3473,Nowcasting,5,Phase 5,0,0
1329,2022-03-01,YEM,3477,Nowcasting,5,Phase 5,0,0
1351,2022-01-01,SOM,3495,Nowcasting,5,Phase 5,0,0
1351,2022-05-01,SOM,3496,Nowcasting,5,Phase 5,0,0
1351,2022-07-01,SOM,3497,Nowcasting,5,Phase 5,0,0
1351,2022-10-01,SOM,3498,Nowcasting,5,Phase 5,0,0
1354,2022-01-01,SOM,3503,Nowcasting,5,Phase 5,0,0
1354,2022-05-01,SOM,3504,Nowcasting,5,Phase 5,0,0
1354,2022-07-01,SOM,3505,Nowcasting,5,Phase 5,0,0
1354,2022-10-01,SOM,3506,Nowcasting,5,Phase 5,0,0
1357,2022-01-01,SOM,3515,Nowcasting,5,Phase 5,0,0
1357,2022-05-01,SOM,3516,Nowcasting,5,Phase 5,0.01,0
1357,2022-07-01,SOM,3517,Nowcasting,5,Phase 5,0.1,0
1357,2022-10-01,SOM,3518,Nowcasting,5,Phase 5,0,0
1358,2022-03-01,YEM,3522,Nowcasting,5,Phase 5,0,0
1361,2022-01-01,SOM,3532,Nowcasting,5,Phase 5,0,0
1361,2022-05-01,SOM,3533,Nowcasting,5,Phase 5,0.01,0
1361,2022-07-01,SOM,3534,Nowcasting,5,Phase 5,0.1,0
1361,2022-10-01,SOM,3535,Nowcasting,5,Phase 5,0,0
1366,2022-03-01,YEM,3540,Nowcasting,5,Phase 5,0,0
1367,2022-01-01,SOM,3551,Nowcasting,5,Phase 5,0,0
1367,2022-05-01,SOM,3552,Nowcasting,5,Phase 5,0.01,0
1367,2022-07-01,SOM,3553,Nowcasting,5,Phase 5,0.1,0
1367,2022-10-01,SOM,3554,Nowcasting,5,Phase 5,0,0
1368,2022-01-01,SOM,3565,Nowcasting,5,Phase 5,0,0
1368,2022-05-01,SOM,3566,Nowcasting,5,Phase 5,0.01,0
1368,2022-07-01,SOM,3567,Nowcasting,5,Phase 5,0.1,0
1368,2022-10-01,SOM,3568,Nowcasting,5,Phase 5,0,0
1374,2022-03-01,YEM,3577,Nowcasting,5,Phase 5,0,0
1375,2022-03-01,YEM,3578,Nowcasting,5,Phase 5,0,0
1375,2022-07-01,YEM,3579,Nowcasting,5,Phase 5,0,0
1376,2022-05-01,SOM,3582,Nowcasting,5,Phase 5,0.03,0
1378,2022-05-01,SOM,3586,Nowcasting,5,Phase 5,0.01,0
1378,2022-07-01,SOM,3587,Nowcasting,5,Phase 5,0,0
1379,2022-05-01,SOM,3591,Nowcasting,5,Phase 5,0.01,0
1379,2022-07-01,SOM,3592,Nowcasting,5,Phase 5,0,0
1380,2022-01-01,SOM,3599,Nowcasting,5,Phase 5,0,0
1380,2022-05-01,SOM,3600,Nowcasting,5,Phase 5,0.03,0
1380,2022-07-01,SOM,3601,Nowcasting,5,Phase 5,0.1,0
1381,2022-03-01,YEM,3606,Nowcasting,5,Phase 5,0,0
1382,2022-03-01,YEM,3610,Nowcasting,5,Phase 5,0,0
1383,2022-05-01,SOM,3614,Nowcasting,5,Phase 5,0.01,0
1384,2022-03-01,YEM,3619,Nowcasting,5,Phase 5,0,0
1390,2022-03-01,YEM,3627,Nowcasting,5,Phase 5,0,0
1397,2022-05-01,SOM,3634,Nowcasting,5,Phase 5,0,0
1397,2022-07-01,SOM,3635,Nowcasting,5,Phase 5,0,0
1400,2022-03-01,YEM,3640,Nowcasting,5,Phase 5,0,0
1420,2022-03-01,YEM,3674,Nowcasting,5,Phase 5,0,0
1422,2022-05-01,SOM,3681,Nowcasting,5,Phase 5,0,0
1422,2022-07-01,SOM,3682,Nowcasting,5,Phase 5,0,0
1429,2022-01-01,SOM,3696,Nowcasting,5,Phase 5,0,0
1429,2022-05-01,SOM,3697,Nowcasting,5,Phase 5,0,0
1429,2022-07-01,SOM,3698,Nowcasting,5,Phase 5,0,0
1429,2022-10-01,SOM,3699,Nowcasting,5,Phase 5,0,0
1430,2022-01-01,SOM,3708,Nowcasting,5,Phase 5,0,0
1430,2022-05-01,SOM,3709,Nowcasting,5,Phase 5,0,0
1430,2022-07-01,SOM,3710,Nowcasting,5,Phase 5,0,0
1430,2022-10-01,SOM,3711,Nowcasting,5,Phase 5,0,0
1443,2022-01-01,SOM,3729,Nowcasting,5,Phase 5,0,0
1443,2022-05-01,SOM,3730,Nowcasting,5,Phase 5,0,0
1443,2022-07-01,SOM,3731,Nowcasting,5,Phase 5,0,0
1443,2022-10-01,SOM,3732,Nowcasting,5,Phase 5,0,0
1446,2022-03-01,YEM,3736,Nowcasting,5,Phase 5,0,0
1448,2022-11-01,MDG,3738,Nowcasting,5,Phase 5,0,0
1449,2022-11-01,MDG,3740,Nowcasting,5,Phase 5,0,0
1454,2022-03-01,YEM,3750,Nowcasting,5,Phase 5,0,0
1461,2022-05-01,SOM,3769,Nowcasting,5,Phase 5,0,0
1461,2022-07-01,SOM,3770,Nowcasting,5,Phase 5,0,0
1462,2022-05-01,SOM,3777,Nowcasting,5,Phase 5,0,0
1462,2022-07-01,SOM,3778,Nowcasting,5,Phase 5,0,0
1466,2022-01-01,SOM,3791,Nowcasting,5,Phase 5,0,0
1466,2022-05-01,SOM,3792,Nowcasting,5,Phase 5,0,0
1466,2022-07-01,SOM,3793,Nowcasting,5,Phase 5,0,0
1466,2022-10-01,SOM,3794,Nowcasting,5,Phase 5,0,0
1475,2022-01-01,SOM,3815,Nowcasting,5,Phase 5,0,0
1475,2022-05-01,SOM,3816,Nowcasting,5,Phase 5,0,0
1475,2022-07-01,SOM,3817,Nowcasting,5,Phase 5,0,0
1475,2022-10-01,SOM,3818,Nowcasting,5,Phase 5,0,0
1480,2022-01-01,SOM,3836,Nowcasting,5,Phase 5,0,0
1480,2022-05-01,SOM,3837,Nowcasting,5,Phase 5,0,0
1480,2022-07-01,SOM,3838,Nowcasting,5,Phase 5,0,0
1481,2022-01-01,SOM,3847,Nowcasting,5,Phase 5,0,0
1481,2022-05-01,SOM,3848,Nowcasting,5,Phase 5,0,0
1481,2022-07-01,SOM,3849,Nowcasting,5,Phase 5,0,0
1481,2022-10-01,SOM,3850,Nowcasting,5,Phase 5,0,0
1495,2022-01-01,SOM,3873,Nowcasting,5,Phase 5,0,0
1495,2022-10-01,SOM,3874,Nowcasting,5,Phase 5,0,0
1503,2022-01-01,SOM,3888,Nowcasting,5,Phase 5,0,0
1503,2022-10-01,SOM,3889,Nowcasting,5,Phase 5,0,0
1506,2022-01-01,YEM,3896,Nowcasting,5,Phase 5,0,0
1510,2022-01-01,YEM,3904,Nowcasting,5,Phase 5,0,0
1515,2022-01-01,YEM,3911,Nowcasting,5,Phase 5,0,0
1518,2022-01-01,SOM,3927,Nowcasting,5,Phase 5,0,0
1518,2022-05-01,SOM,3928,Nowcasting,5,Phase 5,0,0
1518,2022-07-01,SOM,3929,Nowcasting,5,Phase 5,0,0
1518,2022-10-01,SOM,3930,Nowcasting,5,Phase 5,0,0
1519,2022-01-01,YEM,3932,Nowcasting,5,Phase 5,0,0
1520,2022-01-01,YEM,3935,Nowcasting,5,Phase 5,0,0
1522,2022-01-01,SOM,3944,Nowcasting,5,Phase 5,0,0
1522,2022-05-01,SOM,3945,Nowcasting,5,Phase 5,0,0
1522,2022-07-01,SOM,3946,Nowcasting,5,Phase 5,0,0
1522,2022-10-01,SOM,3947,Nowcasting,5,Phase 5,0,0
1528,2022-01-01,SOM,3961,Nowcasting,5,Phase 5,0,0
1528,2022-05-01,SOM,3962,Nowcasting,5,Phase 5,0,0
1528,2022-07-01,SOM,3963,Nowcasting,5,Phase 5,0,0
1528,2022-10-01,SOM,3964,Nowcasting,5,Phase 5,0,0
1534,2022-01-01,YEM,3969,Nowcasting,5,Phase 5,0,0
1536,2022-01-01,YEM,3977,Nowcasting,5,Phase 5,0,0
1540,2022-01-01,SOM,3990,Nowcasting,5,Phase 5,0,0
1540,2022-05-01,SOM,3991,Nowcasting,5,Phase 5,0,0
1540,2022-07-01,SOM,3992,Nowcasting,5,Phase 5,0,0
1540,2022-10-01,SOM,3993,Nowcasting,5,Phase 5,0,0
1541,2022-01-01,YEM,3994,Nowcasting,5,Phase 5,0,0
1542,2022-01-01,YEM,3997,Nowcasting,5,Phase 5,0,0
1551,2022-01-01,SOM,4019,Nowcasting,5,Phase 5,0,0
1551,2022-05-01,SOM,4020,Nowcasting,5,Phase 5,0,0
1551,2022-07-01,SOM,4021,Nowcasting,5,Phase 5,0,0
1551,2022-10-01,SOM,4022,Nowcasting,5,Phase 5,0,0
1553,2022-01-01,SOM,4031,Nowcasting,5,Phase 5,0,0
1553,2022-05-01,SOM,4032,Nowcasting,5,Phase 5,0,0
1553,2022-07-01,SOM,4033,Nowcasting,5,Phase 5,0,0
1553,2022-10-01,SOM,4034,Nowcasting,5,Phase 5,0,0
1558,2022-01-01,SOM,4045,Nowcasting,5,Phase 5,0,0
1558,2022-05-01,SOM,4046,Nowcasting,5,Phase 5,0,0
1558,2022-07-01,SOM,4047,Nowcasting,5,Phase 5,0,0
1558,2022-10-01,SOM,4048,Nowcasting,5,Phase 5,0,0
1559,2022-01-01,SOM,4057,Nowcasting,5,Phase 5,0,0
1559,2022-05-01,SOM,4058,Nowcasting,5,Phase 5,0,0
1559,2022-07-01,SOM,4059,Nowcasting,5,Phase 5,0,0
1559,2022-10-01,SOM,4060,Nowcasting,5,Phase 5,0,0
1561,2022-01-01,SOM,4071,Nowcasting,5,Phase 5,0,0
1561,2022-05-01,SOM,4072,Nowcasting,5,Phase 5,0,0
1561,2022-07-01,SOM,4073,Nowcasting,5,Phase 5,0,0
1561,2022-10-01,SOM,4074,Nowcasting,5,Phase 5,0,0
1562,2022-05-01,SOM,4083,Nowcasting,5,Phase 5,0,0
1562,2022-07-01,SOM,4084,Nowcasting,5,Phase 5,0,0
1562,2022-10-01,SOM,4085,Nowcasting,5,Phase 5,0,0
1563,2022-07-01,SOM,4092,Nowcasting,5,Phase 5,0,0
1563,2022-10-01,SOM,4093,Nowcasting,5,Phase 5,0,0
1566,2022-01-01,SOM,4107,Nowcasting,5,Phase 5,0,0
1566,2022-05-01,SOM,4108,Nowcasting,5,Phase 5,0,0
1566,2022-07-01,SOM,4109,Nowcasting,5,Phase 5,0,0
1566,2022-10-01,SOM,4110,Nowcasting,5,Phase 5,0,0
1567,2022-01-01,YEM,4113,Nowcasting,5,Phase 5,0,0
1568,2022-01-01,YEM,4114,Nowcasting,5,Phase 5,0,0
1569,2022-05-01,SOM,4122,Nowcasting,5,Phase 5,0,0
1569,2022-10-01,SOM,4123,Nowcasting,5,Phase 5,0,0
1570,2022-05-01,SOM,4131,Nowcasting,5,Phase 5,0,0
1570,2022-10-01,SOM,4132,Nowcasting,5,Phase 5,0,0
1571,2022-01-01,SOM,4141,Nowcasting,5,Phase 5,0,0
1571,2022-05-01,SOM,4142,Nowcasting,5,Phase 5,0,0
1571,2022-07-01,SOM,4143,Nowcasting,5,Phase 5,0,0
1571,2022-10-01,SOM,4144,Nowcasting,5,Phase 5,0,0
1573,2022-01-01,YEM,4148,Nowcasting,5,Phase 5,0,0
1574,2022-01-01,SOM,4154,Nowcasting,5,Phase 5,0,0
1574,2022-10-01,SOM,4155,Nowcasting,5,Phase 5,0,0
1575,2022-01-01,SOM,4161,Nowcasting,5,Phase 5,0,0
1575,2022-10-01,SOM,4162,Nowcasting,5,Phase 5,0,0
1576,2022-01-01,YEM,4166,Nowcasting,5,Phase 5,0,0
1578,2022-01-01,SOM,4177,Nowcasting,5,Phase 5,0,0
1578,2022-05-01,SOM,4178,Nowcasting,5,Phase 5,0,0
1578,2022-07-01,SOM,4179,Nowcasting,5,Phase 5,0,0
1578,2022-10-01,SOM,4180,Nowcasting,5,Phase 5,0,0
1580,2022-04-01,MDG,4183,Nowcasting,5,Phase 5,0,0
1580,2022-11-01,MDG,4184,Nowcasting,5,Phase 5,0,0
1581,2022-04-01,MDG,4186,Nowcasting,5,Phase 5,0,0
1581,2022-11-01,MDG,4187,Nowcasting,5,Phase 5,0,0
1582,2022-04-01,MDG,4189,Nowcasting,5,Phase 5,0,0
1582,2022-11-01,MDG,4190,Nowcasting,5,Phase 5,0,0
1584,2022-01-01,YEM,4197,Nowcasting,5,Phase 5,0,0
1586,2022-01-01,YEM,4203,Nowcasting,5,Phase 5,0,0
1588,2022-05-01,SOM,4210,Nowcasting,5,Phase 5,0,0
1589,2022-01-01,SOM,4211,Nowcasting,5,Phase 5,0,0
1590,2022-04-01,MDG,4215,Nowcasting,5,Phase 5,0,0
1591,2022-04-01,MDG,4219,Nowcasting,5,Phase 5,0,0
1592,2022-01-01,YEM,4223,Nowcasting,5,Phase 5,0,0
1594,2022-01-01,YEM,4227,Nowcasting,5,Phase 5,0,0
1595,2022-01-01,SOM,4236,Nowcasting,5,Phase 5,0,0
1595,2022-05-01,SOM,4237,Nowcasting,5,Phase 5,0,0
1595,2022-07-01,SOM,4238,Nowcasting,5,Phase 5,0,0
1595,2022-10-01,SOM,4239,Nowcasting,5,Phase 5,0,0
1596,2022-01-01,SOM,4248,Nowcasting,5,Phase 5,0,0
1596,2022-05-01,SOM,4249,Nowcasting,5,Phase 5,0,0
1596,2022-07-01,SOM,4250,Nowcasting,5,Phase 5,0,0
1596,2022-10-01,SOM,4251,Nowcasting,5,Phase 5,0,0
1600,2022-01-01,SOM,4260,Nowcasting,5,Phase 5,0,0
1600,2022-05-01,SOM,4261,Nowcasting,5,Phase 5,0,0
1600,2022-07-01,SOM,4262,Nowcasting,5,Phase 5,0,0
1600,2022-10-01,SOM,4263,Nowcasting,5,Phase 5,0,0
1603,2022-01-01,YEM,4265,Nowcasting,5,Phase 5,0,0
1604,2022-07-01,SOM,4266,Nowcasting,5,Phase 5,0,0
1605,2022-07-01,SOM,4273,Nowcasting,5,Phase 5,0,0
1605,2022-10-01,SOM,4274,Nowcasting,5,Phase 5,0,0
1608,2022-01-01,SOM,4283,Nowcasting,5,Phase 5,0,0
1608,2022-05-01,SOM,4284,Nowcasting,5,Phase 5,0,0
1608,2022-07-01,SOM,4285,Nowcasting,5,Phase 5,0,0
1608,2022-10-01,SOM,4286,Nowcasting,5,Phase 5,0,0
1609,2022-07-01,SOM,4293,Nowcasting,5,Phase 5,0,0
1609,2022-10-01,SOM,4294,Nowcasting,5,Phase 5,0,0
1622,2022-01-01,SOM,4319,Nowcasting,5,Phase 5,0,0
1622,2022-10-01,SOM,4320,Nowcasting,5,Phase 5,0,0
1623,2022-01-01,SOM,4323,Nowcasting,5,Phase 5,0,0
1623,2022-10-01,SOM,4324,Nowcasting,5,Phase 5,0,0
1624,2022-01-01,SOM,4332,Nowcasting,5,Phase 5,0,0
1624,2022-05-01,SOM,4333,Nowcasting,5,Phase 5,0,0
1624,2022-07-01,SOM,4334,Nowcasting,5,Phase 5,0.05,0
1624,2022-10-01,SOM,4335,Nowcasting,5,Phase 5,0,0
1629,2022-01-01,SOM,4355,Nowcasting,5,Phase 5,0,0
1629,2022-05-01,SOM,4356,Nowcasting,5,Phase 5,0,0
1629,2022-07-01,SOM,4357,Nowcasting,5,Phase 5,0.05,0
1629,2022-10-01,SOM,4358,Nowcasting,5,Phase 5,0.05,0
1633,2022-01-01,YEM,4365,Nowcasting,5,Phase 5,0,0
1635,2022-07-01,SOM,4367,Nowcasting,5,Phase 5,0.05,0
1638,2022-01-01,SOM,4375,Nowcasting,5,Phase 5,0,0
1638,2022-05-01,SOM,4376,Nowcasting,5,Phase 5,0,0
1640,2022-01-01,SOM,4388,Nowcasting,5,Phase 5,0,0
1640,2022-05-01,SOM,4389,Nowcasting,5,Phase 5,0,0
1640,2022-10-01,SOM,4390,Nowcasting,5,Phase 5,0.05,0
1646,2022-01-01,SOM,4395,Nowcasting,5,Phase 5,0,0
1646,2022-05-01,SOM,4396,Nowcasting,5,Phase 5,0,0
1648,2022-01-01,YEM,4401,Nowcasting,5,Phase 5,0,0
1650,2022-05-01,SOM,4406,Nowcasting,5,Phase 5,0,0
1650,2022-07-01,SOM,4407,Nowcasting,5,Phase 5,0,0
1650,2022-10-01,SOM,4408,Nowcasting,5,Phase 5,0,0
1652,2022-01-01,SOM,4410,Nowcasting,5,Phase 5,0,0
1659,2022-08-01,MDG,4418,Nowcasting,5,Phase 5,0,0
1660,2022-08-01,MDG,4419,Nowcasting,5,Phase 5,0,0
1663,2022-01-01,SOM,4429,Nowcasting,5,Phase 5,0,0
1663,2022-05-01,SOM,4430,Nowcasting,5,Phase 5,0,0
1663,2022-07-01,SOM,4431,Nowcasting,5,Phase 5,0,0
1663,2022-10-01,SOM,4432,Nowcasting,5,Phase 5,0,0
1664,2022-01-01,SOM,4440,Nowcasting,5,Phase 5,0,0
1664,2022-05-01,SOM,4441,Nowcasting,5,Phase 5,0,0
1664,2022-07-01,SOM,4442,Nowcasting,5,Phase 5,0,0
1664,2022-10-01,SOM,4443,Nowcasting,5,Phase 5,0,0
1665,2022-08-01,MDG,4445,Nowcasting,5,Phase 5,0,0
1666,2022-08-01,MDG,4447,Nowcasting,5,Phase 5,0,0
1667,2022-01-01,SOM,4455,Nowcasting,5,Phase 5,0,0
1667,2022-05-01,SOM,4456,Nowcasting,5,Phase 5,0,0
1667,2022-07-01,SOM,4457,Nowcasting,5,Phase 5,0,0
1667,2022-10-01,SOM,4458,Nowcasting,5,Phase 5,0,0
1668,2022-08-01,MDG,4460,Nowcasting,5,Phase 5,0,0
1669,2022-08-01,MDG,4462,Nowcasting,5,Phase 5,0,0
1670,2022-08-01,MDG,4464,Nowcasting,5,Phase 5,0,0
1671,2022-01-01,SOM,4472,Nowcasting,5,Phase 5,0,0
1671,2022-05-01,SOM,4473,Nowcasting,5,Phase 5,0,0
1671,2022-07-01,SOM,4474,Nowcasting,5,Phase 5,0,0
1671,2022-10-01,SOM,4475,Nowcasting,5,Phase 5,0,0
1672,2022-01-01,YEM,4477,Nowcasting,5,Phase 5,0,0
1673,2022-10-01,SOM,4484,Nowcasting,5,Phase 5,0,0
1674,2022-10-01,SOM,4491,Nowcasting,5,Phase 5,0,0
1675,2022-01-01,SOM,4502,Nowcasting,5,Phase 5,0,0
1675,2022-05-01,SOM,4503,Nowcasting,5,Phase 5,0,0
1675,2022-07-01,SOM,4504,Nowcasting,5,Phase 5,0,0
1675,2022-10-01,SOM,4505,Nowcasting,5,Phase 5,0,0
1681,2022-10-01,SOM,4515,Nowcasting,5,Phase 5,0,0
1683,2022-10-01,SOM,4521,Nowcasting,5,Phase 5,0,0
1686,2022-08-01,MDG,4525,Nowcasting,5,Phase 5,0,0
1687,2022-08-01,MDG,4526,Nowcasting,5,Phase 5,0,0
1691,2022-01-01,SOM,4536,Nowcasting,5,Phase 5,0,0
1691,2022-05-01,SOM,4537,Nowcasting,5,Phase 5,0,0
1691,2022-07-01,SOM,4538,Nowcasting,5,Phase 5,0,0
1691,2022-10-01,SOM,4539,Nowcasting,5,Phase 5,0,0
1692,2022-10-01,SOM,4544,Nowcasting,5,Phase 5,0,0
1695,2022-01-01,SOM,4555,Nowcasting,5,Phase 5,0,0
1695,2022-05-01,SOM,4556,Nowcasting,5,Phase 5,0,0
1695,2022-07-01,SOM,4557,Nowcasting,5,Phase 5,0.05,0
1695,2022-10-01,SOM,4558,Nowcasting,5,Phase 5,0.05,0
1696,2022-01-01,SOM,4567,Nowcasting,5,Phase 5,0,0
1696,2022-05-01,SOM,4568,Nowcasting,5,Phase 5,0,0
1696,2022-07-01,SOM,4569,Nowcasting,5,Phase 5,0.05,0
1696,2022-10-01,SOM,4570,Nowcasting,5,Phase 5,0.05,0
1698,2022-05-01,SOM,4575,Nowcasting,5,Phase 5,0,0
1698,2022-10-01,SOM,4576,Nowcasting,5,Phase 5,0.05,0
1702,2022-10-01,SOM,4581,Nowcasting,5,Phase 5,0,0
1712,2022-01-01,SOM,4593,Nowcasting,5,Phase 5,0,0
1712,2022-05-01,SOM,4594,Nowcasting,5,Phase 5,0,0
1712,2022-10-01,SOM,4595,Nowcasting,5,Phase 5,0,0
1715,2022-01-01,SOM,4605,Nowcasting,5,Phase 5,0,0
1715,2022-05-01,SOM,4606,Nowcasting,5,Phase 5,0,0
1715,2022-10-01,SOM,4607,Nowcasting,5,Phase 5,0,0
1718,2022-01-01,SOM,4614,Nowcasting,5,Phase 5,0,0
1718,2022-05-01,SOM,4615,Nowcasting,5,Phase 5,0,0
1718,2022-10-01,SOM,4616,Nowcasting,5,Phase 5,0,0
1719,2022-01-01,SOM,4623,Nowcasting,5,Phase 5,0,0
1719,2022-05-01,SOM,4624,Nowcasting,5,Phase 5,0,0
1719,2022-10-01,SOM,4625,Nowcasting,5,Phase 5,0,0
1721,2022-10-01,SOM,4632,Nowcasting,5,Phase 5,0,0
1727,2022-01-01,SOM,4642,Nowcasting,5,Phase 5,0,0
1727,2022-05-01,SOM,4643,Nowcasting,5,Phase 5,0,0
1727,2022-07-01,SOM,4644,Nowcasting,5,Phase 5,0,0
1727,2022-10-01,SOM,4645,Nowcasting,5,Phase 5,0,0
1728,2022-01-01,SOM,4654,Nowcasting,5,Phase 5,0,0
1728,2022-05-01,SOM,4655,Nowcasting,5,Phase 5,0,0
1728,2022-07-01,SOM,4656,Nowcasting,5,Phase 5,0,0
1728,2022-10-01,SOM,4657,Nowcasting,5,Phase 5,0,0
1729,2022-01-01,SOM,4659,Nowcasting,5,Phase 5,0,0
1729,2022-10-01,SOM,4660,Nowcasting,5,Phase 5,0,0
1730,2022-01-01,SOM,4662,Nowcasting,5,Phase 5,0,0
1730,2022-10-01,SOM,4663,Nowcasting,5,Phase 5,0,0
1736,2022-01-01,SOM,4673,Nowcasting,5,Phase 5,0,0
1736,2022-05-01,SOM,4674,Nowcasting,5,Phase 5,0,0
1736,2022-07-01,SOM,4675,Nowcasting,5,Phase 5,0,0
1736,2022-10-01,SOM,4676,Nowcasting,5,Phase 5,0,0
1737,2022-01-01,SOM,4685,Nowcasting,5,Phase 5,0,0
1737,2022-05-01,SOM,4686,Nowcasting,5,Phase 5,0,0
1737,2022-07-01,SOM,4687,Nowcasting,5,Phase 5,0,0
1737,2022-10-01,SOM,4688,Nowcasting,5,Phase 5,0,0
1738,2022-01-01,SOM,4692,Nowcasting,5,Phase 5,0,0
1738,2022-07-01,SOM,4693,Nowcasting,5,Phase 5,0,0
1739,2022-01-01,SOM,4697,Nowcasting,5,Phase 5,0,0
1739,2022-07-01,SOM,4698,Nowcasting,5,Phase 5,0,0
1740,2022-05-01,SOM,4702,Nowcasting,5,Phase 5,0,0
1743,2022-05-01,SOM,4707,Nowcasting,5,Phase 5,0,0
1756,2022-03-01,AFG,4725,Nowcasting,5,Phase 5,0,0
1756,2022-09-01,AFG,4726,Nowcasting,5,Phase 5,0,0
1757,2022-03-01,AFG,4734,Nowcasting,5,Phase 5,0,0
1757,2022-09-01,AFG,4735,Nowcasting,5,Phase 5,0,0
1758,2022-03-01,AFG,4743,Nowcasting,5,Phase 5,0,0
1758,2022-09-01,AFG,4744,Nowcasting,5,Phase 5,0,0
1759,2022-03-01,AFG,4751,Nowcasting,5,Phase 5,0,0
1760,2022-07-01,PAK,4755,Nowcasting,5,Phase 5,0,0
1762,2022-03-01,AFG,4763,Nowcasting,5,Phase 5,0,0
1762,2022-09-01,AFG,4764,Nowcasting,5,Phase 5,0,0
1763,2022-03-01,AFG,4771,Nowcasting,5,Phase 5,0,0
1763,2022-09-01,AFG,4772,Nowcasting,5,Phase 5,0,0
1766,2022-03-01,AFG,4782,Nowcasting,5,Phase 5,0,0
1766,2022-09-01,AFG,4783,Nowcasting,5,Phase 5,0,0
1767,2022-03-01,AFG,4790,Nowcasting,5,Phase 5,0,0
1767,2022-09-01,AFG,4791,Nowcasting,5,Phase 5,0,0
1768,2022-03-01,AFG,4798,Nowcasting,5,Phase 5,0,0
1768,2022-09-01,AFG,4799,Nowcasting,5,Phase 5,0,0
1769,2022-03-01,AFG,4807,Nowcasting,5,Phase 5,0.02,0
1769,2022-09-01,AFG,4808,Nowcasting,5,Phase 5,0,0
1770,2022-07-01,PAK,4812,Nowcasting,5,Phase 5,0,0
1771,2022-07-01,PAK,4815,Nowcasting,5,Phase 5,0,0
1772,2022-03-01,AFG,4825,Nowcasting,5,Phase 5,0,0
1772,2022-07-01,AFG,4826,Nowcasting,5,Phase 5,0,0
1772,2022-09-01,AFG,4827,Nowcasting,5,Phase 5,0,0
1773,2022-03-01,AFG,4837,Nowcasting,5,Phase 5,0,0
1773,2022-07-01,AFG,4838,Nowcasting,5,Phase 5,0,0
1773,2022-09-01,AFG,4839,Nowcasting,5,Phase 5,0,0
1774,2022-03-01,AFG,4846,Nowcasting,5,Phase 5,0,0
1774,2022-09-01,AFG,4847,Nowcasting,5,Phase 5,0,0
1776,2022-03-01,AFG,4857,Nowcasting,5,Phase 5,0,0
1776,2022-09-01,AFG,4858,Nowcasting,5,Phase 5,0,0
1777,2022-03-01,AFG,4865,Nowcasting,5,Phase 5,0,0
1777,2022-09-01,AFG,4866,Nowcasting,5,Phase 5,0,0
1778,2022-03-01,AFG,4873,Nowcasting,5,Phase 5,0,0
1779,2022-03-01,AFG,4881,Nowcasting,5,Phase 5,0,0
1781,2022-07-01,PAK,4889,Nowcasting,5,Phase 5,0,0
1782,2022-03-01,AFG,4898,Nowcasting,5,Phase 5,0,0
1782,2022-09-01,AFG,4899,Nowcasting,5,Phase 5,0,0
1783,2022-03-01,AFG,4906,Nowcasting,5,Phase 5,0,0
1783,2022-09-01,AFG,4907,Nowcasting,5,Phase 5,0,0
1784,2022-07-01,PAK,4909,Nowcasting,5,Phase 5,0,0
1785,2022-03-01,AFG,4917,Nowcasting,5,Phase 5,0,0
1785,2022-07-01,AFG,4918,Nowcasting,5,Phase 5,0,0
1785,2022-09-01,AFG,4919,Nowcasting,5,Phase 5,0,0
1786,2022-09-01,AFG,4921,Nowcasting,5,Phase 5,0,0
1787,2022-07-01,PAK,4924,Nowcasting,5,Phase 5,0,0
1788,2022-07-01,PAK,4925,Nowcasting,5,Phase 5,0,0
1789,2022-09-01,AFG,4933,Nowcasting,5,Phase 5,0,0
1791,2022-03-01,AFG,4943,Nowcasting,5,Phase 5,0,0
1791,2022-09-01,AFG,4944,Nowcasting,5,Phase 5,0,0
1792,2022-07-01,PAK,4946,Nowcasting,5,Phase 5,0,0
1793,2022-03-01,AFG,4955,Nowcasting,5,Phase 5,0,0
1793,2022-09-01,AFG,4956,Nowcasting,5,Phase 5,0,0
1794,2022-07-01,PAK,4958,Nowcasting,5,Phase 5,0,0
1795,2022-03-01,AFG,4961,Nowcasting,5,Phase 5,0,0
1796,2022-03-01,AFG,4970,Nowcasting,5,Phase 5,0,0
1797,2022-03-01,AFG,4979,Nowcasting,5,Phase 5,0,0
1798,2022-03-01,AFG,4987,Nowcasting,5,Phase 5,0,0
1799,2022-03-01,AFG,4997,Nowcasting,5,Phase 5,0,0
1799,2022-09-01,AFG,4998,Nowcasting,5,Phase 5,0,0
1800,2022-03-01,AFG,5007,Nowcasting,5,Phase 5,0,0
1800,2022-09-01,AFG,5008,Nowcasting,5,Phase 5,0,0
1802,2022-03-01,AFG,5017,Nowcasting,5,Phase 5,0,0
1802,2022-09-01,AFG,5018,Nowcasting,5,Phase 5,0,0
1803,2022-03-01,AFG,5027,Nowcasting,5,Phase 5,0,0
1803,2022-09-01,AFG,5028,Nowcasting,5,Phase 5,0,0
1804,2022-03-01,AFG,5039,Nowcasting,5,Phase 5,0,0
1804,2022-07-01,AFG,5040,Nowcasting,5,Phase 5,0,0
1804,2022-09-01,AFG,5041,Nowcasting,5,Phase 5,0,0
1806,2022-03-01,AFG,5051,Nowcasting,5,Phase 5,0,0
1806,2022-09-01,AFG,5052,Nowcasting,5,Phase 5,0,0
1808,2022-07-01,PAK,5054,Nowcasting,5,Phase 5,0,0
1809,2022-07-01,PAK,5059,Nowcasting,5,Phase 5,0,0
1810,2022-03-01,AFG,5067,Nowcasting,5,Phase 5,0,0
1810,2022-09-01,AFG,5068,Nowcasting,5,Phase 5,0,0
1811,2022-03-01,AFG,5080,Nowcasting,5,Phase 5,0,0
1811,2022-07-01,AFG,5081,Nowcasting,5,Phase 5,0,0
1811,2022-09-01,AFG,5082,Nowcasting,5,Phase 5,0,0
1813,2022-03-01,AFG,5093,Nowcasting,5,Phase 5,0,0
1813,2022-07-01,AFG,5094,Nowcasting,5,Phase 5,0,0
1813,2022-09-01,AFG,5095,Nowcasting,5,Phase 5,0,0
1814,2022-07-01,PAK,5099,Nowcasting,5,Phase 5,0,0
1815,2022-03-01,AFG,5106,Nowcasting,5,Phase 5,0,0
1817,2022-03-01,AFG,5118,Nowcasting,5,Phase 5,0,0
1817,2022-07-01,AFG,5119,Nowcasting,5,Phase 5,0,0
1817,2022-09-01,AFG,5120,Nowcasting,5,Phase 5,0,0
1818,2022-03-01,AFG,5130,Nowcasting,5,Phase 5,0,0
1818,2022-07-01,AFG,5131,Nowcasting,5,Phase 5,0,0
1818,2022-09-01,AFG,5132,Nowcasting,5,Phase 5,0,0
1819,2022-03-01,AFG,5142,Nowcasting,5,Phase 5,0,0
1819,2022-09-01,AFG,5143,Nowcasting,5,Phase 5,0,0
1820,2022-03-01,AFG,5151,Nowcasting,5,Phase 5,0,0
1820,2022-09-01,AFG,5152,Nowcasting,5,Phase 5,0,0
1821,2022-03-01,AFG,5158,Nowcasting,5,Phase 5,0,0
1821,2022-09-01,AFG,5159,Nowcasting,5,Phase 5,0,0
1822,2022-03-01,AFG,5170,Nowcasting,5,Phase 5,0,0
1822,2022-07-01,AFG,5171,Nowcasting,5,Phase 5,0,0
1822,2022-09-01,AFG,5172,Nowcasting,5,Phase 5,0,0
1824,2022-03-01,AFG,5175,Nowcasting,5,Phase 5,0,0
1824,2022-09-01,AFG,5176,Nowcasting,5,Phase 5,0,0
1825,2022-09-01,AFG,5179,Nowcasting,5,Phase 5,0,0
1826,2022-03-01,PAK,5188,Nowcasting,5,Phase 5,0,0
1826,2022-07-01,PAK,5189,Nowcasting,5,Phase 5,0,0
1826,2022-09-01,PAK,5190,Nowcasting,5,Phase 5,0,0
1827,2022-03-01,PAK,5199,Nowcasting,5,Phase 5,0,0
1827,2022-07-01,PAK,5200,Nowcasting,5,Phase 5,0,0
1827,2022-09-01,PAK,5201,Nowcasting,5,Phase 5,0,0
1829,2022-03-01,AFG,5211,Nowcasting,5,Phase 5,0,0
1829,2022-09-01,AFG,5212,Nowcasting,5,Phase 5,0,0
1830,2022-03-01,AFG,5218,Nowcasting,5,Phase 5,0,0
1830,2022-07-01,AFG,5219,Nowcasting,5,Phase 5,0,0
1830,2022-09-01,AFG,5220,Nowcasting,5,Phase 5,0,0
1831,2022-03-01,AFG,5230,Nowcasting,5,Phase 5,0,0
1831,2022-07-01,AFG,5231,Nowcasting,5,Phase 5,0,0
1831,2022-09-01,AFG,5232,Nowcasting,5,Phase 5,0,0
1832,2022-03-01,AFG,5239,Nowcasting,5,Phase 5,0,0
1832,2022-09-01,AFG,5240,Nowcasting,5,Phase 5,0,0
1835,2022-03-01,PAK,5260,Nowcasting,5,Phase 5,0,0
1835,2022-07-01,PAK,5261,Nowcasting,5,Phase 5,0,0
1835,2022-09-01,PAK,5262,Nowcasting,5,Phase 5,0,0
1836,2022-03-01,PAK,5271,Nowcasting,5,Phase 5,0,0
1836,2022-07-01,PAK,5272,Nowcasting,5,Phase 5,0,0
1836,2022-09-01,PAK,5273,Nowcasting,5,Phase 5,0,0
1838,2022-03-01,AFG,5283,Nowcasting,5,Phase 5,0,0
1838,2022-09-01,AFG,5284,Nowcasting,5,Phase 5,0,0
1839,2022-07-01,AFG,5294,Nowcasting,5,Phase 5,0,0
1841,2022-07-01,AFG,5305,Nowcasting,5,Phase 5,0,0
1843,2022-07-01,AFG,5316,Nowcasting,5,Phase 5,0,0
1844,2022-03-01,AFG,5328,Nowcasting,5,Phase 5,0,0
1844,2022-07-01,AFG,5329,Nowcasting,5,Phase 5,0,0
1844,2022-09-01,AFG,5330,Nowcasting,5,Phase 5,0,0
1845,2022-09-01,PAK,5333,Nowcasting,5,Phase 5,0,0
1846,2022-09-01,PAK,5336,Nowcasting,5,Phase 5,0,0
1848,2022-03-01,AFG,5345,Nowcasting,5,Phase 5,0,0
1848,2022-09-01,AFG,5346,Nowcasting,5,Phase 5,0,0
1849,2022-03-01,AFG,5357,Nowcasting,5,Phase 5,0,0
1849,2022-07-01,AFG,5358,Nowcasting,5,Phase 5,0,0
1849,2022-09-01,AFG,5359,Nowcasting,5,Phase 5,0,0
1850,2022-03-01,AFG,5370,Nowcasting,5,Phase 5,0,0
1850,2022-07-01,AFG,5371,Nowcasting,5,Phase 5,0,0
1850,2022-09-01,AFG,5372,Nowcasting,5,Phase 5,0,0
1851,2022-07-01,AFG,5373,Nowcasting,5,Phase 5,0,0
1852,2022-03-01,AFG,5379,Nowcasting,5,Phase 5,0,0
1852,2022-09-01,AFG,5380,Nowcasting,5,Phase 5,0,0
1853,2022-03-01,AFG,5388,Nowcasting,5,Phase 5,0,0
1853,2022-07-01,AFG,5389,Nowcasting,5,Phase 5,0,0
1854,2022-09-01,AFG,5398,Nowcasting,5,Phase 5,0,0
1855,2022-03-01,AFG,5403,Nowcasting,5,Phase 5,0,0
1855,2022-09-01,AFG,5404,Nowcasting,5,Phase 5,0,0
1856,2022-09-01,AFG,5413,Nowcasting,5,Phase 5,0,0
1857,2022-03-01,AFG,5421,Nowcasting,5,Phase 5,0,0
1857,2022-07-01,AFG,5422,Nowcasting,5,Phase 5,0,0
1857,2022-09-01,AFG,5423,Nowcasting,5,Phase 5,0,0
1858,2022-09-01,AFG,5429,Nowcasting,5,Phase 5,0,0
1859,2022-03-01,AFG,5440,Nowcasting,5,Phase 5,0,0
1859,2022-07-01,AFG,5441,Nowcasting,5,Phase 5,0,0
1859,2022-09-01,AFG,5442,Nowcasting,5,Phase 5,0,0
1860,2022-03-01,AFG,5448,Nowcasting,5,Phase 5,0,0
1863,2022-03-01,AFG,5460,Nowcasting,5,Phase 5,0,0
1864,2022-07-01,AFG,5468,Nowcasting,5,Phase 5,0,0
1864,2022-09-01,AFG,5469,Nowcasting,5,Phase 5,0,0
1865,2022-03-01,PAK,5477,Nowcasting,5,Phase 5,0,0
1865,2022-07-01,PAK,5478,Nowcasting,5,Phase 5,0,0
1865,2022-09-01,PAK,5479,Nowcasting,5,Phase 5,0,0
1866,2022-03-01,PAK,5487,Nowcasting,5,Phase 5,0,0
1866,2022-07-01,PAK,5488,Nowcasting,5,Phase 5,0,0
1866,2022-09-01,PAK,5489,Nowcasting,5,Phase 5,0,0
1867,2022-03-01,AFG,5500,Nowcasting,5,Phase 5,0,0
1867,2022-07-01,AFG,5501,Nowcasting,5,Phase 5,0,0
1867,2022-09-01,AFG,5502,Nowcasting,5,Phase 5,0,0
1868,2022-09-01,AFG,5508,Nowcasting,5,Phase 5,0,0
1870,2022-03-01,AFG,5523,Nowcasting,5,Phase 5,0,0
1870,2022-07-01,AFG,5524,Nowcasting,5,Phase 5,0,0
1870,2022-09-01,AFG,5525,Nowcasting,5,Phase 5,0,0
1871,2022-09-01,PAK,5530,Nowcasting,5,Phase 5,0,0
1872,2022-09-01,PAK,5535,Nowcasting,5,Phase 5,0,0
1873,2022-03-01,TJK,5544,Nowcasting,5,Phase 5,0,0
1873,2022-09-01,TJK,5545,Nowcasting,5,Phase 5,0,0
1875,2022-03-01,PAK,5561,Nowcasting,5,Phase 5,0,0
1875,2022-07-01,PAK,5562,Nowcasting,5,Phase 5,0,0
1875,2022-09-01,PAK,5563,Nowcasting,5,Phase 5,0,0
1876,2022-03-01,PAK,5572,Nowcasting,5,Phase 5,0,0
1876,2022-07-01,PAK,5573,Nowcasting,5,Phase 5,0,0
1876,2022-09-01,PAK,5574,Nowcasting,5,Phase 5,0,0
