condition,layer,split,feature,target_rows,total_neighbor_slots,observed_slots,original_missing_slots,imputed_slots,remaining_missing_slots,effective_nonmissing_slots,rows_with_effective_mean,rows_all_missing,own_history_source_count,same_country_source_count,global_source_count,imputation_month_gap_min,imputation_month_gap_median,imputation_month_gap_max,imputation_distance_km_min,imputation_distance_km_median,imputation_distance_km_max
knn5_spatial_means,layer1_shared,train,elevation,4405,22025,14127,7898,7898,0,22025,4405,0,7898,0,0,,,,0,0,0
knn5_spatial_means,layer1_shared,train,infra_index_m12_l12,4405,22025,8030,13995,10770,3225,18800,3760,645,2675,1462,6633,12,12,56,0,123.37357803741543,11701.468690684094
knn5_spatial_means,layer1_shared,train,infra_index_s12_l12,4405,22025,8030,13995,10770,3225,18800,3760,645,2675,1462,6633,12,12,56,0,123.37357803741543,11701.468690684094
knn5_spatial_means,layer1_shared,train,market_access,4405,22025,14127,7898,7898,0,22025,4405,0,7898,0,0,,,,0,0,0
knn5_spatial_means,layer1_shared,train,nitrogen_5-15cm_mean,4405,22025,14127,7898,7898,0,22025,4405,0,7898,0,0,,,,0,0,0
knn5_spatial_means,layer1_shared,train,phh2o_5-15cm_mean,4405,22025,14127,7898,7898,0,22025,4405,0,7898,0,0,,,,0,0,0
knn5_spatial_means,layer1_shared,train,cec_5-15cm_mean,4405,22025,14127,7898,7898,0,22025,4405,0,7898,0,0,,,,0,0,0
knn5_spatial_means,layer1_shared,train,cfvo_5-15cm_mean,4405,22025,14127,7898,7898,0,22025,4405,0,7898,0,0,,,,0,0,0
knn5_spatial_means,layer1_shared,train,soc_5-15cm_mean,4405,22025,14127,7898,7898,0,22025,4405,0,7898,0,0,,,,0,0,0
knn5_spatial_means,layer1_shared,train,aez_groupid_4000,4405,22025,14127,7898,7898,0,22025,4405,0,7898,0,0,,,,0,0,0
knn5_spatial_means,layer1_shared,train,aez_groupid_7000,4405,22025,14127,7898,7898,0,22025,4405,0,7898,0,0,,,,0,0,0
knn5_spatial_means,layer1_shared,train,aez_groupid_9000,4405,22025,14127,7898,7898,0,22025,4405,0,7898,0,0,,,,0,0,0
knn5_spatial_means,layer1_shared,train,aez_groupid_10000,4405,22025,14127,7898,7898,0,22025,4405,0,7898,0,0,,,,0,0,0
knn5_spatial_means,layer1_shared,train,aez_groupid_12000,4405,22025,14127,7898,7898,0,22025,4405,0,7898,0,0,,,,0,0,0
knn5_spatial_means,layer1_shared,train,aez_groupid_17000,4405,22025,14127,7898,7898,0,22025,4405,0,7898,0,0,,,,0,0,0
knn5_spatial_means,layer1_shared,train,aez_groupid_19000,4405,22025,14127,7898,7898,0,22025,4405,0,7898,0,0,,,,0,0,0
knn5_spatial_means,layer1_shared,train,aez_groupid_25000,4405,22025,14127,7898,7898,0,22025,4405,0,7898,0,0,,,,0,0,0
knn5_spatial_means,layer1_shared,train,aez_groupid_30000,4405,22025,14127,7898,7898,0,22025,4405,0,7898,0,0,,,,0,0,0
knn5_spatial_means,layer1_shared,train,aez_groupid_31000,4405,22025,14127,7898,7898,0,22025,4405,0,7898,0,0,,,,0,0,0
knn5_spatial_means,layer1_shared,train,aez_groupid_32000,4405,22025,14127,7898,7898,0,22025,4405,0,7898,0,0,,,,0,0,0
knn5_spatial_means,layer1_shared,train,aez_groupid_33000,4405,22025,14127,7898,7898,0,22025,4405,0,7898,0,0,,,,0,0,0
knn5_spatial_means,layer1_shared,train,aez_groupid_34000,4405,22025,14127,7898,7898,0,22025,4405,0,7898,0,0,,,,0,0,0
knn5_spatial_means,layer1_shared,train,aez_groupid_36000,4405,22025,14127,7898,7898,0,22025,4405,0,7898,0,0,,,,0,0,0
knn5_spatial_means,layer1_shared,train,aez_groupid_40000,4405,22025,14127,7898,7898,0,22025,4405,0,7898,0,0,,,,0,0,0
knn5_spatial_means,layer1_shared,train,aez_groupid_43000,4405,22025,14127,7898,7898,0,22025,4405,0,7898,0,0,,,,0,0,0
knn5_spatial_means,layer1_shared,train,slope,4405,22025,14127,7898,7898,0,22025,4405,0,7898,0,0,,,,0,0,0
knn5_spatial_means,layer1_shared,train,estimated_population,4405,22025,14127,7898,7898,0,22025,4405,0,4908,2949,41,12,16,68,0,0,11476.585852622678
knn5_spatial_means,layer1_shared,train,cropland,4405,22025,14127,7898,7898,0,22025,4405,0,7898,0,0,,,,0,0,0
knn5_spatial_means,layer1_shared,train,rangeland,4405,22025,14127,7898,7898,0,22025,4405,0,7898,0,0,,,,0,0,0
knn5_spatial_means,layer1_shared,train,area,4405,22025,14127,7898,7898,0,22025,4405,0,7898,0,0,,,,0,0,0
knn5_spatial_means,layer1_shared,train,es_urban_pop,4405,22025,14127,7898,7898,0,22025,4405,0,7898,0,0,,,,0,0,0
knn5_spatial_means,layer1_shared,train,urban_area,4405,22025,14127,7898,7898,0,22025,4405,0,7898,0,0,,,,0,0,0
knn5_spatial_means,layer1_shared,train,distance_to_river,4405,22025,14127,7898,7898,0,22025,4405,0,7898,0,0,,,,0,0,0
knn5_spatial_means,layer1_shared,train,ruggedness_index,4405,22025,14127,7898,7898,0,22025,4405,0,7898,0,0,,,,0,0,0
knn5_spatial_means,layer1_shared,train,fews_ipc_ha,4405,22025,14127,7898,7898,0,22025,4405,0,4908,2949,41,12,16,68,0,0,11476.585852622678
knn5_spatial_means,layer1_shared,train,WFP_Price_Change_l12,4405,22025,9005,13020,13020,0,22025,4405,0,3438,2388,7194,12,12,68,0,115.19554558973874,13531.384782546858
knn5_spatial_means,layer1_shared,train,WFP_Price_Volatility_l12,4405,22025,8845,13180,13180,0,22025,4405,0,3306,2391,7483,12,12,68,0,119.29090911887074,13885.304446618376
knn5_spatial_means,layer1_shared,train,fatalities_battles_l12,4405,22025,14127,7898,7898,0,22025,4405,0,4908,2949,41,12,16,68,0,0,11476.585852622678
knn5_spatial_means,layer1_shared,train,fatalities_explosions_l12,4405,22025,14127,7898,7898,0,22025,4405,0,4908,2949,41,12,16,68,0,0,11476.585852622678
knn5_spatial_means,layer1_shared,train,fatalities_violence_l12,4405,22025,14127,7898,7898,0,22025,4405,0,4908,2949,41,12,16,68,0,0,11476.585852622678
knn5_spatial_means,layer1_shared,train,event_count_battles_l12,4405,22025,14127,7898,7898,0,22025,4405,0,4908,2949,41,12,16,68,0,0,11476.585852622678
knn5_spatial_means,layer1_shared,train,event_count_explosions_l12,4405,22025,14127,7898,7898,0,22025,4405,0,4908,2949,41,12,16,68,0,0,11476.585852622678
knn5_spatial_means,layer1_shared,train,event_count_violence_l12,4405,22025,14127,7898,7898,0,22025,4405,0,4908,2949,41,12,16,68,0,0,11476.585852622678
knn5_spatial_means,layer1_shared,train,precipitation_sum_l12,4405,22025,11131,10894,10894,0,22025,4405,0,3891,5998,1005,12,12,68,0,54.998806386248319,13981.012510853379
knn5_spatial_means,layer1_shared,train,soil_moisture_mean_l12,4405,22025,11131,10894,10894,0,22025,4405,0,3891,5998,1005,12,12,68,0,54.998806386248319,13981.012510853379
knn5_spatial_means,layer1_shared,train,shortwave_radiation_sum_l12,4405,22025,11780,10245,10245,0,22025,4405,0,4170,5927,148,12,12,68,0,42.595675127885812,11476.585852622678
knn5_spatial_means,layer1_shared,train,temperature_2m_mean_l12,4405,22025,11131,10894,10894,0,22025,4405,0,3891,5998,1005,12,12,68,0,54.998806386248319,13981.012510853379
knn5_spatial_means,layer1_shared,train,price_index_l12,4405,22025,13673,8352,8352,0,22025,4405,0,4792,3337,223,12,15,68,0,0,11476.585852622678
knn5_spatial_means,layer1_shared,train,rainfall_chirps_l12,4405,22025,8048,13977,13977,0,22025,4405,0,2891,3616,7470,12,12,67,0,2483.2035071041728,14706.60738564502
knn5_spatial_means,layer1_shared,train,nightlight_mean_l12,4405,22025,12006,10019,10019,0,22025,4405,0,4083,2775,3161,12,13,68,0,46.481149503952359,14410.923831094256
knn5_spatial_means,layer1_shared,train,EVI_l12,4405,22025,7488,14537,11312,3225,18800,3760,645,2309,5002,4001,12,12,54,0,114.85015560773081,14706.60738564502
knn5_spatial_means,layer1_shared,train,fatalities_battles_w5_l12,4405,22025,14127,7898,7898,0,22025,4405,0,4908,2949,41,12,16,68,0,0,11476.585852622678
knn5_spatial_means,layer1_shared,train,fatalities_explosions_w5_l12,4405,22025,14127,7898,7898,0,22025,4405,0,4908,2949,41,12,16,68,0,0,11476.585852622678
knn5_spatial_means,layer1_shared,train,fatalities_violence_w5_l12,4405,22025,14127,7898,7898,0,22025,4405,0,4908,2949,41,12,16,68,0,0,11476.585852622678
knn5_spatial_means,layer1_shared,train,event_count_battles_w5_l12,4405,22025,14127,7898,7898,0,22025,4405,0,4908,2949,41,12,16,68,0,0,11476.585852622678
knn5_spatial_means,layer1_shared,train,event_count_explosions_w5_l12,4405,22025,14127,7898,7898,0,22025,4405,0,4908,2949,41,12,16,68,0,0,11476.585852622678
knn5_spatial_means,layer1_shared,train,event_count_violence_w5_l12,4405,22025,14127,7898,7898,0,22025,4405,0,4908,2949,41,12,16,68,0,0,11476.585852622678
knn5_spatial_means,layer1_shared,train,fatalities_battles_w10_l12,4405,22025,14127,7898,7898,0,22025,4405,0,4908,2949,41,12,16,68,0,0,11476.585852622678
knn5_spatial_means,layer1_shared,train,fatalities_explosions_w10_l12,4405,22025,14127,7898,7898,0,22025,4405,0,4908,2949,41,12,16,68,0,0,11476.585852622678
knn5_spatial_means,layer1_shared,train,fatalities_violence_w10_l12,4405,22025,14127,7898,7898,0,22025,4405,0,4908,2949,41,12,16,68,0,0,11476.585852622678
knn5_spatial_means,layer1_shared,train,event_count_battles_w10_l12,4405,22025,14127,7898,7898,0,22025,4405,0,4908,2949,41,12,16,68,0,0,11476.585852622678
knn5_spatial_means,layer1_shared,train,event_count_explosions_w10_l12,4405,22025,14127,7898,7898,0,22025,4405,0,4908,2949,41,12,16,68,0,0,11476.585852622678
knn5_spatial_means,layer1_shared,train,event_count_violence_w10_l12,4405,22025,14127,7898,7898,0,22025,4405,0,4908,2949,41,12,16,68,0,0,11476.585852622678
knn5_spatial_means,layer1_shared,train,rainfall_chirps_z_l12,4405,22025,8048,13977,13977,0,22025,4405,0,2891,3616,7470,12,12,67,0,2483.2035071041728,14706.60738564502
knn5_spatial_means,layer1_shared,train,temperature_2m_mean_z_l12,4405,22025,11131,10894,10894,0,22025,4405,0,3891,5998,1005,12,12,68,0,54.998806386248319,13981.012510853379
knn5_spatial_means,layer1_shared,train,GOSIF_GPP_l12,4405,22025,14127,7898,7898,0,22025,4405,0,4908,2949,41,12,16,68,0,0,11476.585852622678
knn5_spatial_means,layer1_shared,train,WFP_Price_Change_s12_l12,4405,22025,5502,16523,10093,6430,15595,3119,1286,2241,1974,5878,12,12,40,0,138.10257504347817,13773.002902233982
knn5_spatial_means,layer1_shared,train,WFP_Price_Volatility_s12_l12,4405,22025,5170,16855,10425,6430,15595,3119,1286,2324,1929,6172,12,12,40,0,143.74973760181643,13885.304446618376
knn5_spatial_means,layer1_shared,train,fatalities_battles_s12_l12,4405,22025,10077,11948,5518,6430,15595,3119,1286,3057,2430,31,12,14,42,0,0,1482.6375851511461
knn5_spatial_means,layer1_shared,train,fatalities_explosions_s12_l12,4405,22025,10077,11948,5518,6430,15595,3119,1286,3057,2430,31,12,14,42,0,0,1482.6375851511461
knn5_spatial_means,layer1_shared,train,fatalities_violence_s12_l12,4405,22025,10077,11948,5518,6430,15595,3119,1286,3057,2430,31,12,14,42,0,0,1482.6375851511461
knn5_spatial_means,layer1_shared,train,event_count_battles_s12_l12,4405,22025,10077,11948,5518,6430,15595,3119,1286,3057,2430,31,12,14,42,0,0,1482.6375851511461
knn5_spatial_means,layer1_shared,train,event_count_explosions_s12_l12,4405,22025,10077,11948,5518,6430,15595,3119,1286,3057,2430,31,12,14,42,0,0,1482.6375851511461
knn5_spatial_means,layer1_shared,train,event_count_violence_s12_l12,4405,22025,10077,11948,5518,6430,15595,3119,1286,3057,2430,31,12,14,42,0,0,1482.6375851511461
knn5_spatial_means,layer1_shared,train,precipitation_sum_s12_l12,4405,22025,7755,14270,7840,6430,15595,3119,1286,2301,4691,848,12,12,42,0,63.804040499491656,13981.012510853379
knn5_spatial_means,layer1_shared,train,soil_moisture_mean_s12_l12,4405,22025,7755,14270,7840,6430,15595,3119,1286,2301,4691,848,12,12,42,0,63.804040499491656,13981.012510853379
knn5_spatial_means,layer1_shared,train,shortwave_radiation_sum_s12_l12,4405,22025,7755,14270,7840,6430,15595,3119,1286,2301,4691,848,12,12,42,0,63.804040499491656,13981.012510853379
knn5_spatial_means,layer1_shared,train,temperature_2m_mean_s12_l12,4405,22025,7755,14270,7840,6430,15595,3119,1286,2301,4691,848,12,12,42,0,63.804040499491656,13981.012510853379
knn5_spatial_means,layer1_shared,train,price_index_s12_l12,4405,22025,9591,12434,6004,6430,15595,3119,1286,2932,2840,232,12,12,42,0,3.0297098153677036,2877.9880190917802
knn5_spatial_means,layer1_shared,train,rainfall_chirps_s12_l12,4405,22025,5381,16644,10214,6430,15595,3119,1286,1518,3026,5670,12,12,42,0,2679.3060369303312,14706.60738564502
knn5_spatial_means,layer1_shared,train,nightlight_mean_s12_l12,4405,22025,8288,13737,7307,6430,15595,3119,1286,2373,2245,2689,12,12,42,0,62.493996776834038,14410.923831094256
knn5_spatial_means,layer1_shared,train,EVI_s12_l12,4405,22025,3637,18388,6803,11585,10440,2088,2317,700,3384,2719,12,12,30,0,643.62175638694271,14706.60738564502
knn5_spatial_means,layer1_shared,train,fatalities_battles_w5_s12_l12,4405,22025,10077,11948,5518,6430,15595,3119,1286,3057,2430,31,12,14,42,0,0,1482.6375851511461
knn5_spatial_means,layer1_shared,train,fatalities_explosions_w5_s12_l12,4405,22025,10077,11948,5518,6430,15595,3119,1286,3057,2430,31,12,14,42,0,0,1482.6375851511461
knn5_spatial_means,layer1_shared,train,fatalities_violence_w5_s12_l12,4405,22025,10077,11948,5518,6430,15595,3119,1286,3057,2430,31,12,14,42,0,0,1482.6375851511461
knn5_spatial_means,layer1_shared,train,event_count_battles_w5_s12_l12,4405,22025,10077,11948,5518,6430,15595,3119,1286,3057,2430,31,12,14,42,0,0,1482.6375851511461
knn5_spatial_means,layer1_shared,train,event_count_explosions_w5_s12_l12,4405,22025,10077,11948,5518,6430,15595,3119,1286,3057,2430,31,12,14,42,0,0,1482.6375851511461
knn5_spatial_means,layer1_shared,train,event_count_violence_w5_s12_l12,4405,22025,10077,11948,5518,6430,15595,3119,1286,3057,2430,31,12,14,42,0,0,1482.6375851511461
knn5_spatial_means,layer1_shared,train,fatalities_battles_w10_s12_l12,4405,22025,10077,11948,5518,6430,15595,3119,1286,3057,2430,31,12,14,42,0,0,1482.6375851511461
knn5_spatial_means,layer1_shared,train,fatalities_explosions_w10_s12_l12,4405,22025,10077,11948,5518,6430,15595,3119,1286,3057,2430,31,12,14,42,0,0,1482.6375851511461
knn5_spatial_means,layer1_shared,train,fatalities_violence_w10_s12_l12,4405,22025,10077,11948,5518,6430,15595,3119,1286,3057,2430,31,12,14,42,0,0,1482.6375851511461
knn5_spatial_means,layer1_shared,train,event_count_battles_w10_s12_l12,4405,22025,10077,11948,5518,6430,15595,3119,1286,3057,2430,31,12,14,42,0,0,1482.6375851511461
knn5_spatial_means,layer1_shared,train,event_count_explosions_w10_s12_l12,4405,22025,10077,11948,5518,6430,15595,3119,1286,3057,2430,31,12,14,42,0,0,1482.6375851511461
knn5_spatial_means,layer1_shared,train,event_count_violence_w10_s12_l12,4405,22025,10077,11948,5518,6430,15595,3119,1286,3057,2430,31,12,14,42,0,0,1482.6375851511461
knn5_spatial_means,layer1_shared,train,rainfall_chirps_z_s12_l12,4405,22025,5381,16644,10214,6430,15595,3119,1286,1518,3026,5670,12,12,42,0,2679.3060369303312,14706.60738564502
knn5_spatial_means,layer1_shared,train,temperature_2m_mean_z_s12_l12,4405,22025,7755,14270,7840,6430,15595,3119,1286,2301,4691,848,12,12,42,0,63.804040499491656,13981.012510853379
knn5_spatial_means,layer1_shared,train,GOSIF_GPP_s12_l12,4405,22025,10077,11948,5518,6430,15595,3119,1286,3057,2430,31,12,14,42,0,0,1482.6375851511461
knn5_spatial_means,layer1_shared,train,NY.GDP.PCAP.KD_l12,4405,22025,167,21858,7288,14570,7455,1491,2914,2,1007,6279,12,13,17,0,2285.8450149518362,15311.385395976617
knn5_spatial_means,layer1_shared,train,cpi_l12,4405,22025,153,21872,7302,14570,7455,1491,2914,2,904,6396,12,13,17,0,2282.3870246908914,15311.385395976617
knn5_spatial_means,layer1_shared,train,GDP_l12,4405,22025,167,21858,7288,14570,7455,1491,2914,2,1007,6279,12,13,17,0,2285.8450149518362,15311.385395976617
knn5_spatial_means,layer1_shared,train,CPI_l12,4405,22025,153,21872,7302,14570,7455,1491,2914,2,904,6396,12,13,17,0,2282.3870246908914,15311.385395976617
knn5_spatial_means,layer1_shared,train,infra_index_l12,4405,22025,105,21920,7350,14570,7455,1491,2914,2,975,6373,12,13,17,0,2265.4177511336393,15311.385395976617
knn5_spatial_means,layer1_shared,train,CC.PER.RNK_l12,4405,22025,169,21856,7286,14570,7455,1491,2914,2,1039,6245,12,13,17,0,2285.8450149518362,15311.385395976617
knn5_spatial_means,layer1_shared,train,gini_l12,4405,22025,153,21872,7302,14570,7455,1491,2914,2,904,6396,12,13,17,0,2282.3870246908914,15311.385395976617
knn5_spatial_means,layer1_shared,test,elevation,1170,5850,3890,1960,1960,0,5850,1170,0,1960,0,0,,,,0,0,0
knn5_spatial_means,layer1_shared,test,infra_index_m12_l12,1170,5850,0,5850,5850,0,5850,1170,0,3380,268,2202,13,22,68,0,0,14010.788026117223
knn5_spatial_means,layer1_shared,test,infra_index_s12_l12,1170,5850,0,5850,5850,0,5850,1170,0,3380,268,2202,13,22,68,0,0,14010.788026117223
knn5_spatial_means,layer1_shared,test,market_access,1170,5850,3890,1960,1960,0,5850,1170,0,1960,0,0,,,,0,0,0
knn5_spatial_means,layer1_shared,test,nitrogen_5-15cm_mean,1170,5850,3890,1960,1960,0,5850,1170,0,1960,0,0,,,,0,0,0
knn5_spatial_means,layer1_shared,test,phh2o_5-15cm_mean,1170,5850,3890,1960,1960,0,5850,1170,0,1960,0,0,,,,0,0,0
knn5_spatial_means,layer1_shared,test,cec_5-15cm_mean,1170,5850,3890,1960,1960,0,5850,1170,0,1960,0,0,,,,0,0,0
knn5_spatial_means,layer1_shared,test,cfvo_5-15cm_mean,1170,5850,3890,1960,1960,0,5850,1170,0,1960,0,0,,,,0,0,0
knn5_spatial_means,layer1_shared,test,soc_5-15cm_mean,1170,5850,3890,1960,1960,0,5850,1170,0,1960,0,0,,,,0,0,0
knn5_spatial_means,layer1_shared,test,aez_groupid_4000,1170,5850,3890,1960,1960,0,5850,1170,0,1960,0,0,,,,0,0,0
knn5_spatial_means,layer1_shared,test,aez_groupid_7000,1170,5850,3890,1960,1960,0,5850,1170,0,1960,0,0,,,,0,0,0
knn5_spatial_means,layer1_shared,test,aez_groupid_9000,1170,5850,3890,1960,1960,0,5850,1170,0,1960,0,0,,,,0,0,0
knn5_spatial_means,layer1_shared,test,aez_groupid_10000,1170,5850,3890,1960,1960,0,5850,1170,0,1960,0,0,,,,0,0,0
knn5_spatial_means,layer1_shared,test,aez_groupid_12000,1170,5850,3890,1960,1960,0,5850,1170,0,1960,0,0,,,,0,0,0
knn5_spatial_means,layer1_shared,test,aez_groupid_17000,1170,5850,3890,1960,1960,0,5850,1170,0,1960,0,0,,,,0,0,0
knn5_spatial_means,layer1_shared,test,aez_groupid_19000,1170,5850,3890,1960,1960,0,5850,1170,0,1960,0,0,,,,0,0,0
knn5_spatial_means,layer1_shared,test,aez_groupid_25000,1170,5850,3890,1960,1960,0,5850,1170,0,1960,0,0,,,,0,0,0
knn5_spatial_means,layer1_shared,test,aez_groupid_30000,1170,5850,3890,1960,1960,0,5850,1170,0,1960,0,0,,,,0,0,0
knn5_spatial_means,layer1_shared,test,aez_groupid_31000,1170,5850,3890,1960,1960,0,5850,1170,0,1960,0,0,,,,0,0,0
knn5_spatial_means,layer1_shared,test,aez_groupid_32000,1170,5850,3890,1960,1960,0,5850,1170,0,1960,0,0,,,,0,0,0
knn5_spatial_means,layer1_shared,test,aez_groupid_33000,1170,5850,3890,1960,1960,0,5850,1170,0,1960,0,0,,,,0,0,0
knn5_spatial_means,layer1_shared,test,aez_groupid_34000,1170,5850,3890,1960,1960,0,5850,1170,0,1960,0,0,,,,0,0,0
knn5_spatial_means,layer1_shared,test,aez_groupid_36000,1170,5850,3890,1960,1960,0,5850,1170,0,1960,0,0,,,,0,0,0
knn5_spatial_means,layer1_shared,test,aez_groupid_40000,1170,5850,3890,1960,1960,0,5850,1170,0,1960,0,0,,,,0,0,0
knn5_spatial_means,layer1_shared,test,aez_groupid_43000,1170,5850,3890,1960,1960,0,5850,1170,0,1960,0,0,,,,0,0,0
knn5_spatial_means,layer1_shared,test,slope,1170,5850,3890,1960,1960,0,5850,1170,0,1960,0,0,,,,0,0,0
knn5_spatial_means,layer1_shared,test,estimated_population,1170,5850,3890,1960,1960,0,5850,1170,0,1933,27,0,12,24,80,0,0,284.9558523372333
knn5_spatial_means,layer1_shared,test,cropland,1170,5850,3890,1960,1960,0,5850,1170,0,1960,0,0,,,,0,0,0
knn5_spatial_means,layer1_shared,test,rangeland,1170,5850,3890,1960,1960,0,5850,1170,0,1960,0,0,,,,0,0,0
knn5_spatial_means,layer1_shared,test,area,1170,5850,3890,1960,1960,0,5850,1170,0,1960,0,0,,,,0,0,0
knn5_spatial_means,layer1_shared,test,es_urban_pop,1170,5850,3890,1960,1960,0,5850,1170,0,1960,0,0,,,,0,0,0
knn5_spatial_means,layer1_shared,test,urban_area,1170,5850,3890,1960,1960,0,5850,1170,0,1960,0,0,,,,0,0,0
knn5_spatial_means,layer1_shared,test,distance_to_river,1170,5850,3890,1960,1960,0,5850,1170,0,1960,0,0,,,,0,0,0
knn5_spatial_means,layer1_shared,test,ruggedness_index,1170,5850,3890,1960,1960,0,5850,1170,0,1960,0,0,,,,0,0,0
knn5_spatial_means,layer1_shared,test,fews_ipc_ha,1170,5850,3890,1960,1960,0,5850,1170,0,1933,27,0,12,24,80,0,0,284.9558523372333
knn5_spatial_means,layer1_shared,test,WFP_Price_Change_l12,1170,5850,2133,3717,3717,0,5850,1170,0,1385,43,2289,12,12,80,0,265.59739456039017,13517.502590837674
knn5_spatial_means,layer1_shared,test,WFP_Price_Volatility_l12,1170,5850,2133,3717,3717,0,5850,1170,0,1361,63,2293,12,12,79,0,266.0486256404302,13517.502590837674
knn5_spatial_means,layer1_shared,test,fatalities_battles_l12,1170,5850,3890,1960,1960,0,5850,1170,0,1933,27,0,12,24,80,0,0,284.9558523372333
knn5_spatial_means,layer1_shared,test,fatalities_explosions_l12,1170,5850,3890,1960,1960,0,5850,1170,0,1933,27,0,12,24,80,0,0,284.9558523372333
knn5_spatial_means,layer1_shared,test,fatalities_violence_l12,1170,5850,3890,1960,1960,0,5850,1170,0,1933,27,0,12,24,80,0,0,284.9558523372333
knn5_spatial_means,layer1_shared,test,event_count_battles_l12,1170,5850,3890,1960,1960,0,5850,1170,0,1933,27,0,12,24,80,0,0,284.9558523372333
knn5_spatial_means,layer1_shared,test,event_count_explosions_l12,1170,5850,3890,1960,1960,0,5850,1170,0,1933,27,0,12,24,80,0,0,284.9558523372333
knn5_spatial_means,layer1_shared,test,event_count_violence_l12,1170,5850,3890,1960,1960,0,5850,1170,0,1933,27,0,12,24,80,0,0,284.9558523372333
knn5_spatial_means,layer1_shared,test,precipitation_sum_l12,1170,5850,2990,2860,2860,0,5850,1170,0,1479,1112,269,12,14,80,0,0,2877.9880190917802
knn5_spatial_means,layer1_shared,test,soil_moisture_mean_l12,1170,5850,2990,2860,2860,0,5850,1170,0,1479,1112,269,12,14,80,0,0,2877.9880190917802
knn5_spatial_means,layer1_shared,test,shortwave_radiation_sum_l12,1170,5850,3555,2295,2295,0,5850,1170,0,1800,495,0,12,22,80,0,0,614.5633787251835
knn5_spatial_means,layer1_shared,test,temperature_2m_mean_l12,1170,5850,2990,2860,2860,0,5850,1170,0,1479,1112,269,12,14,80,0,0,2877.9880190917802
knn5_spatial_means,layer1_shared,test,price_index_l12,1170,5850,3804,2046,2046,0,5850,1170,0,1879,167,0,12,24,80,0,0,381.37193826540079
knn5_spatial_means,layer1_shared,test,rainfall_chirps_l12,1170,5850,2413,3437,3437,0,5850,1170,0,1330,572,1535,12,12,80,0,111.27754483762411,13517.502590837674
knn5_spatial_means,layer1_shared,test,nightlight_mean_l12,1170,5850,3633,2217,2217,0,5850,1170,0,1846,26,345,12,22,80,0,0,13517.502590837674
knn5_spatial_means,layer1_shared,test,EVI_l12,1170,5850,2743,3107,3107,0,5850,1170,0,1325,1166,616,12,12,66,0,65.317325510866596,13517.502590837674
knn5_spatial_means,layer1_shared,test,fatalities_battles_w5_l12,1170,5850,3890,1960,1960,0,5850,1170,0,1933,27,0,12,24,80,0,0,284.9558523372333
knn5_spatial_means,layer1_shared,test,fatalities_explosions_w5_l12,1170,5850,3890,1960,1960,0,5850,1170,0,1933,27,0,12,24,80,0,0,284.9558523372333
knn5_spatial_means,layer1_shared,test,fatalities_violence_w5_l12,1170,5850,3890,1960,1960,0,5850,1170,0,1933,27,0,12,24,80,0,0,284.9558523372333
knn5_spatial_means,layer1_shared,test,event_count_battles_w5_l12,1170,5850,3890,1960,1960,0,5850,1170,0,1933,27,0,12,24,80,0,0,284.9558523372333
knn5_spatial_means,layer1_shared,test,event_count_explosions_w5_l12,1170,5850,3890,1960,1960,0,5850,1170,0,1933,27,0,12,24,80,0,0,284.9558523372333
knn5_spatial_means,layer1_shared,test,event_count_violence_w5_l12,1170,5850,3890,1960,1960,0,5850,1170,0,1933,27,0,12,24,80,0,0,284.9558523372333
knn5_spatial_means,layer1_shared,test,fatalities_battles_w10_l12,1170,5850,3890,1960,1960,0,5850,1170,0,1933,27,0,12,24,80,0,0,284.9558523372333
knn5_spatial_means,layer1_shared,test,fatalities_explosions_w10_l12,1170,5850,3890,1960,1960,0,5850,1170,0,1933,27,0,12,24,80,0,0,284.9558523372333
knn5_spatial_means,layer1_shared,test,fatalities_violence_w10_l12,1170,5850,3890,1960,1960,0,5850,1170,0,1933,27,0,12,24,80,0,0,284.9558523372333
knn5_spatial_means,layer1_shared,test,event_count_battles_w10_l12,1170,5850,3890,1960,1960,0,5850,1170,0,1933,27,0,12,24,80,0,0,284.9558523372333
knn5_spatial_means,layer1_shared,test,event_count_explosions_w10_l12,1170,5850,3890,1960,1960,0,5850,1170,0,1933,27,0,12,24,80,0,0,284.9558523372333
knn5_spatial_means,layer1_shared,test,event_count_violence_w10_l12,1170,5850,3890,1960,1960,0,5850,1170,0,1933,27,0,12,24,80,0,0,284.9558523372333
knn5_spatial_means,layer1_shared,test,rainfall_chirps_z_l12,1170,5850,2413,3437,3437,0,5850,1170,0,1330,572,1535,12,12,80,0,111.27754483762411,13517.502590837674
knn5_spatial_means,layer1_shared,test,temperature_2m_mean_z_l12,1170,5850,2990,2860,2860,0,5850,1170,0,1479,1112,269,12,14,80,0,0,2877.9880190917802
knn5_spatial_means,layer1_shared,test,GOSIF_GPP_l12,1170,5850,3890,1960,1960,0,5850,1170,0,1933,27,0,12,24,80,0,0,284.9558523372333
knn5_spatial_means,layer1_shared,test,WFP_Price_Change_s12_l12,1170,5850,1560,4290,4290,0,5850,1170,0,1662,300,2328,12,12,57,0,175.55619486229907,13517.502590837674
knn5_spatial_means,layer1_shared,test,WFP_Price_Volatility_s12_l12,1170,5850,1560,4290,4290,0,5850,1170,0,1634,324,2332,12,12,57,0,179.21338800491611,13517.502590837674
knn5_spatial_means,layer1_shared,test,fatalities_battles_s12_l12,1170,5850,3890,1960,1960,0,5850,1170,0,1762,197,1,12,22,57,0,0,721.28066482356132
knn5_spatial_means,layer1_shared,test,fatalities_explosions_s12_l12,1170,5850,3890,1960,1960,0,5850,1170,0,1762,197,1,12,22,57,0,0,721.28066482356132
knn5_spatial_means,layer1_shared,test,fatalities_violence_s12_l12,1170,5850,3890,1960,1960,0,5850,1170,0,1762,197,1,12,22,57,0,0,721.28066482356132
knn5_spatial_means,layer1_shared,test,event_count_battles_s12_l12,1170,5850,3890,1960,1960,0,5850,1170,0,1762,197,1,12,22,57,0,0,721.28066482356132
knn5_spatial_means,layer1_shared,test,event_count_explosions_s12_l12,1170,5850,3890,1960,1960,0,5850,1170,0,1762,197,1,12,22,57,0,0,721.28066482356132
knn5_spatial_means,layer1_shared,test,event_count_violence_s12_l12,1170,5850,3890,1960,1960,0,5850,1170,0,1762,197,1,12,22,57,0,0,721.28066482356132
knn5_spatial_means,layer1_shared,test,precipitation_sum_s12_l12,1170,5850,2990,2860,2860,0,5850,1170,0,1338,1250,272,12,13,57,0,47.027233214461567,2877.9880190917802
knn5_spatial_means,layer1_shared,test,soil_moisture_mean_s12_l12,1170,5850,2990,2860,2860,0,5850,1170,0,1338,1250,272,12,13,57,0,47.027233214461567,2877.9880190917802
knn5_spatial_means,layer1_shared,test,shortwave_radiation_sum_s12_l12,1170,5850,2990,2860,2860,0,5850,1170,0,1338,1250,272,12,13,57,0,47.027233214461567,2877.9880190917802
knn5_spatial_means,layer1_shared,test,temperature_2m_mean_s12_l12,1170,5850,2990,2860,2860,0,5850,1170,0,1338,1250,272,12,13,57,0,47.027233214461567,2877.9880190917802
knn5_spatial_means,layer1_shared,test,price_index_s12_l12,1170,5850,3799,2051,2051,0,5850,1170,0,1663,317,71,12,20,57,0,0,2877.9880190917802
knn5_spatial_means,layer1_shared,test,rainfall_chirps_s12_l12,1170,5850,2441,3409,3409,0,5850,1170,0,1172,705,1532,12,12,57,0,130.00465074639837,13517.502590837674
knn5_spatial_means,layer1_shared,test,nightlight_mean_s12_l12,1170,5850,3633,2217,2217,0,5850,1170,0,1675,197,345,12,20,57,0,0,13517.502590837674
knn5_spatial_means,layer1_shared,test,EVI_s12_l12,1170,5850,2483,3367,3367,0,5850,1170,0,1002,1696,669,12,12,45,0,179.57151921430074,13517.502590837674
knn5_spatial_means,layer1_shared,test,fatalities_battles_w5_s12_l12,1170,5850,3890,1960,1960,0,5850,1170,0,1762,197,1,12,22,57,0,0,721.28066482356132
knn5_spatial_means,layer1_shared,test,fatalities_explosions_w5_s12_l12,1170,5850,3890,1960,1960,0,5850,1170,0,1762,197,1,12,22,57,0,0,721.28066482356132
knn5_spatial_means,layer1_shared,test,fatalities_violence_w5_s12_l12,1170,5850,3890,1960,1960,0,5850,1170,0,1762,197,1,12,22,57,0,0,721.28066482356132
knn5_spatial_means,layer1_shared,test,event_count_battles_w5_s12_l12,1170,5850,3890,1960,1960,0,5850,1170,0,1762,197,1,12,22,57,0,0,721.28066482356132
knn5_spatial_means,layer1_shared,test,event_count_explosions_w5_s12_l12,1170,5850,3890,1960,1960,0,5850,1170,0,1762,197,1,12,22,57,0,0,721.28066482356132
knn5_spatial_means,layer1_shared,test,event_count_violence_w5_s12_l12,1170,5850,3890,1960,1960,0,5850,1170,0,1762,197,1,12,22,57,0,0,721.28066482356132
knn5_spatial_means,layer1_shared,test,fatalities_battles_w10_s12_l12,1170,5850,3890,1960,1960,0,5850,1170,0,1762,197,1,12,22,57,0,0,721.28066482356132
knn5_spatial_means,layer1_shared,test,fatalities_explosions_w10_s12_l12,1170,5850,3890,1960,1960,0,5850,1170,0,1762,197,1,12,22,57,0,0,721.28066482356132
knn5_spatial_means,layer1_shared,test,fatalities_violence_w10_s12_l12,1170,5850,3890,1960,1960,0,5850,1170,0,1762,197,1,12,22,57,0,0,721.28066482356132
knn5_spatial_means,layer1_shared,test,event_count_battles_w10_s12_l12,1170,5850,3890,1960,1960,0,5850,1170,0,1762,197,1,12,22,57,0,0,721.28066482356132
knn5_spatial_means,layer1_shared,test,event_count_explosions_w10_s12_l12,1170,5850,3890,1960,1960,0,5850,1170,0,1762,197,1,12,22,57,0,0,721.28066482356132
knn5_spatial_means,layer1_shared,test,event_count_violence_w10_s12_l12,1170,5850,3890,1960,1960,0,5850,1170,0,1762,197,1,12,22,57,0,0,721.28066482356132
knn5_spatial_means,layer1_shared,test,rainfall_chirps_z_s12_l12,1170,5850,2441,3409,3409,0,5850,1170,0,1172,705,1532,12,12,57,0,130.00465074639837,13517.502590837674
knn5_spatial_means,layer1_shared,test,temperature_2m_mean_z_s12_l12,1170,5850,2990,2860,2860,0,5850,1170,0,1338,1250,272,12,13,57,0,47.027233214461567,2877.9880190917802
knn5_spatial_means,layer1_shared,test,GOSIF_GPP_s12_l12,1170,5850,3890,1960,1960,0,5850,1170,0,1762,197,1,12,22,57,0,0,721.28066482356132
knn5_spatial_means,layer1_shared,test,NY.GDP.PCAP.KD_l12,1170,5850,468,5382,5382,0,5850,1170,0,10,2637,2735,12,12,20,0,488.58866040921953,14797.25888577267
knn5_spatial_means,layer1_shared,test,cpi_l12,1170,5850,357,5493,5493,0,5850,1170,0,15,1337,4141,12,12,20,0,800.68284070394509,14797.25888577267
knn5_spatial_means,layer1_shared,test,GDP_l12,1170,5850,468,5382,5382,0,5850,1170,0,10,2637,2735,12,12,20,0,488.58866040921953,14797.25888577267
knn5_spatial_means,layer1_shared,test,CPI_l12,1170,5850,357,5493,5493,0,5850,1170,0,15,1337,4141,12,12,20,0,800.68284070394509,14797.25888577267
knn5_spatial_means,layer1_shared,test,infra_index_l12,1170,5850,271,5579,5579,0,5850,1170,0,9,2218,3352,12,12,20,0,632.22781080916639,14797.25888577267
knn5_spatial_means,layer1_shared,test,CC.PER.RNK_l12,1170,5850,488,5362,5362,0,5850,1170,0,16,3250,2096,12,12,20,0,426.38243605001173,14797.25888577267
knn5_spatial_means,layer1_shared,test,gini_l12,1170,5850,357,5493,5493,0,5850,1170,0,15,1337,4141,12,12,20,0,800.68284070394509,14797.25888577267
knn5_spatial_means,nowcasting_layer2,train,CPI,4405,22025,7115,14910,14910,0,22025,4405,0,4104,2037,8769,0,0,56,0,179.21338800491611,14212.39127635598
knn5_spatial_means,nowcasting_layer2,train,fatalities_explosions_w5_m12,4405,22025,14127,7898,7898,0,22025,4405,0,4908,2949,41,0,4,56,0,0,11476.585852622678
knn5_spatial_means,nowcasting_layer2,train,GDP,4405,22025,12128,9897,9897,0,22025,4405,0,4380,2875,2642,0,1,56,0,25.221879290486985,11522.392113496009
knn5_spatial_means,nowcasting_layer2,train,soil_moisture_mean_m12,4405,22025,14127,7898,7898,0,22025,4405,0,4908,2949,41,0,4,56,0,0,11476.585852622678
knn5_spatial_means,nowcasting_layer2,train,fatalities_explosions,4405,22025,14127,7898,7898,0,22025,4405,0,4908,2949,41,0,4,56,0,0,11476.585852622678
knn5_spatial_means,nowcasting_layer2,train,chirps_z_score,4405,22025,14127,7898,7898,0,22025,4405,0,4908,2949,41,0,4,56,0,0,11476.585852622678
knn5_spatial_means,nowcasting_layer2,train,EVI_m12,4405,22025,14127,7898,7898,0,22025,4405,0,4908,2949,41,0,4,56,0,0,11476.585852622678
knn5_spatial_means,nowcasting_layer2,train,event_count_battles_w10_m12,4405,22025,14127,7898,7898,0,22025,4405,0,4908,2949,41,0,4,56,0,0,11476.585852622678
knn5_spatial_means,nowcasting_layer2,train,event_count_battles_w5_m12,4405,22025,14127,7898,7898,0,22025,4405,0,4908,2949,41,0,4,56,0,0,11476.585852622678
knn5_spatial_means,nowcasting_layer2,train,price_index_s12,4405,22025,14127,7898,7898,0,22025,4405,0,4908,2949,41,0,4,56,0,0,11476.585852622678
knn5_spatial_means,nowcasting_layer2,train,event_count_explosions,4405,22025,14127,7898,7898,0,22025,4405,0,4908,2949,41,0,4,56,0,0,11476.585852622678
knn5_spatial_means,nowcasting_layer2,train,rainfall_chirps_s12,4405,22025,14127,7898,7898,0,22025,4405,0,4908,2949,41,0,4,56,0,0,11476.585852622678
knn5_spatial_means,nowcasting_layer2,train,event_count_violence_w10_m12,4405,22025,14127,7898,7898,0,22025,4405,0,4908,2949,41,0,4,56,0,0,11476.585852622678
knn5_spatial_means,nowcasting_layer2,train,WFP_Price_Change_s12,4405,22025,7273,14752,14752,0,22025,4405,0,4643,2719,7390,0,0,56,0,130.34418665753932,14249.066729578195
knn5_spatial_means,nowcasting_layer2,train,WFP_Price_Volatility_m12,4405,22025,6842,15183,15183,0,22025,4405,0,4718,2924,7541,0,0,56,0,130.07522052775937,14249.066729578195
knn5_spatial_means,nowcasting_layer2,train,WFP_Price_Change_m12,4405,22025,7273,14752,14752,0,22025,4405,0,4643,2719,7390,0,0,56,0,130.34418665753932,14249.066729578195
knn5_spatial_means,nowcasting_layer2,train,infra_index_m12,4405,22025,8030,13995,10770,3225,18800,3760,645,2675,1462,6633,0,0,44,0,123.37357803741543,11701.468690684094
knn5_spatial_means,nowcasting_layer2,train,temperature_2m_mean_s12,4405,22025,14127,7898,7898,0,22025,4405,0,4908,2949,41,0,4,56,0,0,11476.585852622678
knn5_spatial_means,nowcasting_layer2,train,event_count_battles_m12,4405,22025,14127,7898,7898,0,22025,4405,0,4908,2949,41,0,4,56,0,0,11476.585852622678
knn5_spatial_means,nowcasting_layer2,train,fatalities_battles,4405,22025,14127,7898,7898,0,22025,4405,0,4908,2949,41,0,4,56,0,0,11476.585852622678
knn5_spatial_means,nowcasting_layer2,train,event_count_violence_m12,4405,22025,14127,7898,7898,0,22025,4405,0,4908,2949,41,0,4,56,0,0,11476.585852622678
knn5_spatial_means,nowcasting_layer2,train,event_count_explosions_m12,4405,22025,14127,7898,7898,0,22025,4405,0,4908,2949,41,0,4,56,0,0,11476.585852622678
knn5_spatial_means,nowcasting_layer2,train,fatalities_battles_w5_m12,4405,22025,14127,7898,7898,0,22025,4405,0,4908,2949,41,0,4,56,0,0,11476.585852622678
knn5_spatial_means,nowcasting_layer2,train,event_count_violence_w5_m12,4405,22025,14127,7898,7898,0,22025,4405,0,4908,2949,41,0,4,56,0,0,11476.585852622678
knn5_spatial_means,nowcasting_layer2,train,soil_moisture_mean_s12,4405,22025,14127,7898,7898,0,22025,4405,0,4908,2949,41,0,4,56,0,0,11476.585852622678
knn5_spatial_means,nowcasting_layer2,train,event_count_explosions_w5_m12,4405,22025,14127,7898,7898,0,22025,4405,0,4908,2949,41,0,4,56,0,0,11476.585852622678
knn5_spatial_means,nowcasting_layer2,train,WFP_Price_Volatility_s12,4405,22025,6842,15183,15183,0,22025,4405,0,4718,2924,7541,0,0,56,0,130.07522052775937,14249.066729578195
knn5_spatial_means,nowcasting_layer2,train,event_count_violence,4405,22025,14127,7898,7898,0,22025,4405,0,4908,2949,41,0,4,56,0,0,11476.585852622678
knn5_spatial_means,nowcasting_layer2,train,precipitation_sum_m12,4405,22025,14127,7898,7898,0,22025,4405,0,4908,2949,41,0,4,56,0,0,11476.585852622678
knn5_spatial_means,nowcasting_layer2,train,event_count_violence_w10,4405,22025,14127,7898,7898,0,22025,4405,0,4908,2949,41,0,4,56,0,0,11476.585852622678
knn5_spatial_means,nowcasting_layer2,train,fatalities_violence_w10_m12,4405,22025,14127,7898,7898,0,22025,4405,0,4908,2949,41,0,4,56,0,0,11476.585852622678
knn5_spatial_means,nowcasting_layer2,train,event_count_battles,4405,22025,14127,7898,7898,0,22025,4405,0,4908,2949,41,0,4,56,0,0,11476.585852622678
knn5_spatial_means,nowcasting_layer2,train,event_count_explosions_w5,4405,22025,14127,7898,7898,0,22025,4405,0,4908,2949,41,0,4,56,0,0,11476.585852622678
knn5_spatial_means,nowcasting_layer2,train,fatalities_explosions_w10_m12,4405,22025,14127,7898,7898,0,22025,4405,0,4908,2949,41,0,4,56,0,0,11476.585852622678
knn5_spatial_means,nowcasting_layer2,train,event_count_battles_w10,4405,22025,14127,7898,7898,0,22025,4405,0,4908,2949,41,0,4,56,0,0,11476.585852622678
knn5_spatial_means,nowcasting_layer2,train,temperature_2m_mean_m12,4405,22025,14127,7898,7898,0,22025,4405,0,4908,2949,41,0,4,56,0,0,11476.585852622678
knn5_spatial_means,nowcasting_layer2,train,rainfall_chirps_m12,4405,22025,14127,7898,7898,0,22025,4405,0,4908,2949,41,0,4,56,0,0,11476.585852622678
knn5_spatial_means,nowcasting_layer2,train,fatalities_violence_m12,4405,22025,14127,7898,7898,0,22025,4405,0,4908,2949,41,0,4,56,0,0,11476.585852622678
knn5_spatial_means,nowcasting_layer2,train,WFP_Price_Change,4405,22025,8868,13157,13157,0,22025,4405,0,3636,2345,7176,0,0,56,0,139.27639659818078,14111.244201956748
knn5_spatial_means,nowcasting_layer2,train,event_count_explosions_w10,4405,22025,14127,7898,7898,0,22025,4405,0,4908,2949,41,0,4,56,0,0,11476.585852622678
knn5_spatial_means,nowcasting_layer2,train,gini,4405,22025,6349,15676,15676,0,22025,4405,0,2703,1745,11228,0,0,56,0,218.48779920740063,14212.39127635598
knn5_spatial_means,nowcasting_layer2,train,cpi,4405,22025,6349,15676,15676,0,22025,4405,0,2703,1745,11228,0,0,56,0,218.48779920740063,14212.39127635598
knn5_spatial_means,nowcasting_layer2,train,fatalities_violence_w5_m12,4405,22025,14127,7898,7898,0,22025,4405,0,4908,2949,41,0,4,56,0,0,11476.585852622678
knn5_spatial_means,nowcasting_layer2,train,infra_index_s12,4405,22025,8030,13995,10770,3225,18800,3760,645,2675,1462,6633,0,0,44,0,123.37357803741543,11701.468690684094
knn5_spatial_means,nowcasting_layer2,train,shortwave_radiation_sum_m12,4405,22025,14127,7898,7898,0,22025,4405,0,4908,2949,41,0,4,56,0,0,11476.585852622678
knn5_spatial_means,nowcasting_layer2,train,price_index_m12,4405,22025,14127,7898,7898,0,22025,4405,0,4908,2949,41,0,4,56,0,0,11476.585852622678
knn5_spatial_means,nowcasting_layer2,train,fatalities_battles_w10_m12,4405,22025,14127,7898,7898,0,22025,4405,0,4908,2949,41,0,4,56,0,0,11476.585852622678
knn5_spatial_means,nowcasting_layer2,train,event_count_violence_w5,4405,22025,14127,7898,7898,0,22025,4405,0,4908,2949,41,0,4,56,0,0,11476.585852622678
knn5_spatial_means,nowcasting_layer2,train,fatalities_explosions_w10,4405,22025,14127,7898,7898,0,22025,4405,0,4908,2949,41,0,4,56,0,0,11476.585852622678
knn5_spatial_means,nowcasting_layer2,train,CC.PER.RNK,4405,22025,14127,7898,7898,0,22025,4405,0,4908,2949,41,0,4,56,0,0,11476.585852622678
knn5_spatial_means,nowcasting_layer2,train,fatalities_violence_w5,4405,22025,14127,7898,7898,0,22025,4405,0,4908,2949,41,0,4,56,0,0,11476.585852622678
knn5_spatial_means,nowcasting_layer2,train,shortwave_radiation_sum_s12,4405,22025,14127,7898,7898,0,22025,4405,0,4908,2949,41,0,4,56,0,0,11476.585852622678
knn5_spatial_means,nowcasting_layer2,train,fatalities_battles_w10,4405,22025,14127,7898,7898,0,22025,4405,0,4908,2949,41,0,4,56,0,0,11476.585852622678
knn5_spatial_means,nowcasting_layer2,train,fatalities_battles_m12,4405,22025,14127,7898,7898,0,22025,4405,0,4908,2949,41,0,4,56,0,0,11476.585852622678
knn5_spatial_means,nowcasting_layer2,train,nightlight_mean_m12,4405,22025,14127,7898,7898,0,22025,4405,0,4908,2949,41,0,4,56,0,0,11476.585852622678
knn5_spatial_means,nowcasting_layer2,train,fatalities_battles_w5,4405,22025,14127,7898,7898,0,22025,4405,0,4908,2949,41,0,4,56,0,0,11476.585852622678
knn5_spatial_means,nowcasting_layer2,train,event_count_battles_w5,4405,22025,14127,7898,7898,0,22025,4405,0,4908,2949,41,0,4,56,0,0,11476.585852622678
knn5_spatial_means,nowcasting_layer2,train,fatalities_violence_w10,4405,22025,14127,7898,7898,0,22025,4405,0,4908,2949,41,0,4,56,0,0,11476.585852622678
knn5_spatial_means,nowcasting_layer2,train,fatalities_violence,4405,22025,14127,7898,7898,0,22025,4405,0,4908,2949,41,0,4,56,0,0,11476.585852622678
knn5_spatial_means,nowcasting_layer2,train,infra_index,4405,22025,8837,13188,13188,0,22025,4405,0,3047,1536,8605,0,0,56,0,139.77337862817944,11701.468690684094
knn5_spatial_means,nowcasting_layer2,train,fatalities_explosions_m12,4405,22025,14127,7898,7898,0,22025,4405,0,4908,2949,41,0,4,56,0,0,11476.585852622678
knn5_spatial_means,nowcasting_layer2,train,temperature_z_score,4405,22025,14127,7898,7898,0,22025,4405,0,4908,2949,41,0,4,56,0,0,11476.585852622678
knn5_spatial_means,nowcasting_layer2,train,event_count_explosions_w10_m12,4405,22025,14127,7898,7898,0,22025,4405,0,4908,2949,41,0,4,56,0,0,11476.585852622678
knn5_spatial_means,nowcasting_layer2,train,NY.GDP.PCAP.KD,4405,22025,12459,9566,9566,0,22025,4405,0,4366,2558,2642,0,0,56,0,26.832013589038603,11522.392113496009
knn5_spatial_means,nowcasting_layer2,train,fatalities_explosions_w5,4405,22025,14127,7898,7898,0,22025,4405,0,4908,2949,41,0,4,56,0,0,11476.585852622678
knn5_spatial_means,nowcasting_layer2,train,precipitation_sum_s12,4405,22025,14127,7898,7898,0,22025,4405,0,4908,2949,41,0,4,56,0,0,11476.585852622678
knn5_spatial_means,nowcasting_layer2,train,WFP_Price_Volatility,4405,22025,8830,13195,13195,0,22025,4405,0,3606,2344,7245,0,0,56,0,142.5936521217574,14111.244201956748
knn5_spatial_means,nowcasting_layer2,train,nightlight_mean_s12,4405,22025,14127,7898,7898,0,22025,4405,0,4908,2949,41,0,4,56,0,0,11476.585852622678
knn5_spatial_means,nowcasting_layer2,train,GOSIF_GPP_m12,4405,22025,14127,7898,7898,0,22025,4405,0,4908,2949,41,0,4,56,0,0,11476.585852622678
knn5_spatial_means,nowcasting_layer2,test,CPI,1170,5850,728,5122,5122,0,5850,1170,0,2181,185,2756,0,1,68,0,213.66179833787447,14445.373729534958
knn5_spatial_means,nowcasting_layer2,test,fatalities_explosions_w5_m12,1170,5850,3890,1960,1960,0,5850,1170,0,1933,27,0,0,12,68,0,0,284.9558523372333
knn5_spatial_means,nowcasting_layer2,test,GDP,1170,5850,0,5850,5850,0,5850,1170,0,4823,339,688,2,11,68,0,0,13593.788881597526
knn5_spatial_means,nowcasting_layer2,test,soil_moisture_mean_m12,1170,5850,3890,1960,1960,0,5850,1170,0,1933,27,0,0,12,68,0,0,284.9558523372333
knn5_spatial_means,nowcasting_layer2,test,fatalities_explosions,1170,5850,3890,1960,1960,0,5850,1170,0,1933,27,0,0,12,68,0,0,284.9558523372333
knn5_spatial_means,nowcasting_layer2,test,chirps_z_score,1170,5850,3890,1960,1960,0,5850,1170,0,1933,27,0,0,12,68,0,0,284.9558523372333
knn5_spatial_means,nowcasting_layer2,test,EVI_m12,1170,5850,3890,1960,1960,0,5850,1170,0,1933,27,0,0,12,68,0,0,284.9558523372333
knn5_spatial_means,nowcasting_layer2,test,event_count_battles_w10_m12,1170,5850,3890,1960,1960,0,5850,1170,0,1933,27,0,0,12,68,0,0,284.9558523372333
knn5_spatial_means,nowcasting_layer2,test,event_count_battles_w5_m12,1170,5850,3890,1960,1960,0,5850,1170,0,1933,27,0,0,12,68,0,0,284.9558523372333
knn5_spatial_means,nowcasting_layer2,test,price_index_s12,1170,5850,3890,1960,1960,0,5850,1170,0,1933,27,0,0,12,68,0,0,284.9558523372333
knn5_spatial_means,nowcasting_layer2,test,event_count_explosions,1170,5850,3890,1960,1960,0,5850,1170,0,1933,27,0,0,12,68,0,0,284.9558523372333
knn5_spatial_means,nowcasting_layer2,test,rainfall_chirps_s12,1170,5850,3890,1960,1960,0,5850,1170,0,1933,27,0,0,12,68,0,0,284.9558523372333
knn5_spatial_means,nowcasting_layer2,test,event_count_violence_w10_m12,1170,5850,3890,1960,1960,0,5850,1170,0,1933,27,0,0,12,68,0,0,284.9558523372333
knn5_spatial_means,nowcasting_layer2,test,WFP_Price_Change_s12,1170,5850,1936,3914,3914,0,5850,1170,0,1456,165,2293,0,1,67,0,296.19138895532586,13517.502590837674
knn5_spatial_means,nowcasting_layer2,test,WFP_Price_Volatility_m12,1170,5850,1936,3914,3914,0,5850,1170,0,1408,209,2297,0,1,67,0,296.28720929544625,13517.502590837674
knn5_spatial_means,nowcasting_layer2,test,WFP_Price_Change_m12,1170,5850,1936,3914,3914,0,5850,1170,0,1456,165,2293,0,1,67,0,296.19138895532586,13517.502590837674
knn5_spatial_means,nowcasting_layer2,test,infra_index_m12,1170,5850,0,5850,5850,0,5850,1170,0,3380,268,2202,1,10,56,0,0,14010.788026117223
knn5_spatial_means,nowcasting_layer2,test,temperature_2m_mean_s12,1170,5850,3890,1960,1960,0,5850,1170,0,1933,27,0,0,12,68,0,0,284.9558523372333
knn5_spatial_means,nowcasting_layer2,test,event_count_battles_m12,1170,5850,3890,1960,1960,0,5850,1170,0,1933,27,0,0,12,68,0,0,284.9558523372333
knn5_spatial_means,nowcasting_layer2,test,fatalities_battles,1170,5850,3890,1960,1960,0,5850,1170,0,1933,27,0,0,12,68,0,0,284.9558523372333
knn5_spatial_means,nowcasting_layer2,test,event_count_violence_m12,1170,5850,3890,1960,1960,0,5850,1170,0,1933,27,0,0,12,68,0,0,284.9558523372333
knn5_spatial_means,nowcasting_layer2,test,event_count_explosions_m12,1170,5850,3890,1960,1960,0,5850,1170,0,1933,27,0,0,12,68,0,0,284.9558523372333
knn5_spatial_means,nowcasting_layer2,test,fatalities_battles_w5_m12,1170,5850,3890,1960,1960,0,5850,1170,0,1933,27,0,0,12,68,0,0,284.9558523372333
knn5_spatial_means,nowcasting_layer2,test,event_count_violence_w5_m12,1170,5850,3890,1960,1960,0,5850,1170,0,1933,27,0,0,12,68,0,0,284.9558523372333
knn5_spatial_means,nowcasting_layer2,test,soil_moisture_mean_s12,1170,5850,3890,1960,1960,0,5850,1170,0,1933,27,0,0,12,68,0,0,284.9558523372333
knn5_spatial_means,nowcasting_layer2,test,event_count_explosions_w5_m12,1170,5850,3890,1960,1960,0,5850,1170,0,1933,27,0,0,12,68,0,0,284.9558523372333
knn5_spatial_means,nowcasting_layer2,test,WFP_Price_Volatility_s12,1170,5850,1936,3914,3914,0,5850,1170,0,1408,209,2297,0,1,67,0,296.28720929544625,13517.502590837674
knn5_spatial_means,nowcasting_layer2,test,event_count_violence,1170,5850,3890,1960,1960,0,5850,1170,0,1933,27,0,0,12,68,0,0,284.9558523372333
knn5_spatial_means,nowcasting_layer2,test,precipitation_sum_m12,1170,5850,3890,1960,1960,0,5850,1170,0,1933,27,0,0,12,68,0,0,284.9558523372333
knn5_spatial_means,nowcasting_layer2,test,event_count_violence_w10,1170,5850,3890,1960,1960,0,5850,1170,0,1933,27,0,0,12,68,0,0,284.9558523372333
knn5_spatial_means,nowcasting_layer2,test,fatalities_violence_w10_m12,1170,5850,3890,1960,1960,0,5850,1170,0,1933,27,0,0,12,68,0,0,284.9558523372333
knn5_spatial_means,nowcasting_layer2,test,event_count_battles,1170,5850,3890,1960,1960,0,5850,1170,0,1933,27,0,0,12,68,0,0,284.9558523372333
knn5_spatial_means,nowcasting_layer2,test,event_count_explosions_w5,1170,5850,3890,1960,1960,0,5850,1170,0,1933,27,0,0,12,68,0,0,284.9558523372333
knn5_spatial_means,nowcasting_layer2,test,fatalities_explosions_w10_m12,1170,5850,3890,1960,1960,0,5850,1170,0,1933,27,0,0,12,68,0,0,284.9558523372333
knn5_spatial_means,nowcasting_layer2,test,event_count_battles_w10,1170,5850,3890,1960,1960,0,5850,1170,0,1933,27,0,0,12,68,0,0,284.9558523372333
knn5_spatial_means,nowcasting_layer2,test,temperature_2m_mean_m12,1170,5850,3890,1960,1960,0,5850,1170,0,1933,27,0,0,12,68,0,0,284.9558523372333
knn5_spatial_means,nowcasting_layer2,test,rainfall_chirps_m12,1170,5850,3890,1960,1960,0,5850,1170,0,1933,27,0,0,12,68,0,0,284.9558523372333
knn5_spatial_means,nowcasting_layer2,test,fatalities_violence_m12,1170,5850,3890,1960,1960,0,5850,1170,0,1933,27,0,0,12,68,0,0,284.9558523372333
knn5_spatial_means,nowcasting_layer2,test,WFP_Price_Change,1170,5850,2136,3714,3714,0,5850,1170,0,1363,62,2289,0,0,68,0,284.00524635892788,13517.502590837674
knn5_spatial_means,nowcasting_layer2,test,event_count_explosions_w10,1170,5850,3890,1960,1960,0,5850,1170,0,1933,27,0,0,12,68,0,0,284.9558523372333
knn5_spatial_means,nowcasting_layer2,test,gini,1170,5850,1599,4251,4251,0,5850,1170,0,958,13,3280,0,0,68,0,296.28720929544625,9503.4410758238482
knn5_spatial_means,nowcasting_layer2,test,cpi,1170,5850,1599,4251,4251,0,5850,1170,0,958,13,3280,0,0,68,0,296.28720929544625,9503.4410758238482
knn5_spatial_means,nowcasting_layer2,test,fatalities_violence_w5_m12,1170,5850,3890,1960,1960,0,5850,1170,0,1933,27,0,0,12,68,0,0,284.9558523372333
knn5_spatial_means,nowcasting_layer2,test,infra_index_s12,1170,5850,0,5850,5850,0,5850,1170,0,3380,268,2202,1,10,56,0,0,14010.788026117223
knn5_spatial_means,nowcasting_layer2,test,shortwave_radiation_sum_m12,1170,5850,3890,1960,1960,0,5850,1170,0,1933,27,0,0,12,68,0,0,284.9558523372333
knn5_spatial_means,nowcasting_layer2,test,price_index_m12,1170,5850,3890,1960,1960,0,5850,1170,0,1933,27,0,0,12,68,0,0,284.9558523372333
knn5_spatial_means,nowcasting_layer2,test,fatalities_battles_w10_m12,1170,5850,3890,1960,1960,0,5850,1170,0,1933,27,0,0,12,68,0,0,284.9558523372333
knn5_spatial_means,nowcasting_layer2,test,event_count_violence_w5,1170,5850,3890,1960,1960,0,5850,1170,0,1933,27,0,0,12,68,0,0,284.9558523372333
knn5_spatial_means,nowcasting_layer2,test,fatalities_explosions_w10,1170,5850,3890,1960,1960,0,5850,1170,0,1933,27,0,0,12,68,0,0,284.9558523372333
knn5_spatial_means,nowcasting_layer2,test,CC.PER.RNK,1170,5850,3890,1960,1960,0,5850,1170,0,1933,27,0,0,12,68,0,0,284.9558523372333
knn5_spatial_means,nowcasting_layer2,test,fatalities_violence_w5,1170,5850,3890,1960,1960,0,5850,1170,0,1933,27,0,0,12,68,0,0,284.9558523372333
knn5_spatial_means,nowcasting_layer2,test,shortwave_radiation_sum_s12,1170,5850,3890,1960,1960,0,5850,1170,0,1933,27,0,0,12,68,0,0,284.9558523372333
knn5_spatial_means,nowcasting_layer2,test,fatalities_battles_w10,1170,5850,3890,1960,1960,0,5850,1170,0,1933,27,0,0,12,68,0,0,284.9558523372333
knn5_spatial_means,nowcasting_layer2,test,fatalities_battles_m12,1170,5850,3890,1960,1960,0,5850,1170,0,1933,27,0,0,12,68,0,0,284.9558523372333
knn5_spatial_means,nowcasting_layer2,test,nightlight_mean_m12,1170,5850,3890,1960,1960,0,5850,1170,0,1933,27,0,0,12,68,0,0,284.9558523372333
knn5_spatial_means,nowcasting_layer2,test,fatalities_battles_w5,1170,5850,3890,1960,1960,0,5850,1170,0,1933,27,0,0,12,68,0,0,284.9558523372333
knn5_spatial_means,nowcasting_layer2,test,event_count_battles_w5,1170,5850,3890,1960,1960,0,5850,1170,0,1933,27,0,0,12,68,0,0,284.9558523372333
knn5_spatial_means,nowcasting_layer2,test,fatalities_violence_w10,1170,5850,3890,1960,1960,0,5850,1170,0,1933,27,0,0,12,68,0,0,284.9558523372333
knn5_spatial_means,nowcasting_layer2,test,fatalities_violence,1170,5850,3890,1960,1960,0,5850,1170,0,1933,27,0,0,12,68,0,0,284.9558523372333
knn5_spatial_means,nowcasting_layer2,test,infra_index,1170,5850,0,5850,5850,0,5850,1170,0,3451,197,2202,1,10,67,0,0,14010.788026117223
knn5_spatial_means,nowcasting_layer2,test,fatalities_explosions_m12,1170,5850,3890,1960,1960,0,5850,1170,0,1933,27,0,0,12,68,0,0,284.9558523372333
knn5_spatial_means,nowcasting_layer2,test,temperature_z_score,1170,5850,3890,1960,1960,0,5850,1170,0,1933,27,0,0,12,68,0,0,284.9558523372333
knn5_spatial_means,nowcasting_layer2,test,event_count_explosions_w10_m12,1170,5850,3890,1960,1960,0,5850,1170,0,1933,27,0,0,12,68,0,0,284.9558523372333
knn5_spatial_means,nowcasting_layer2,test,NY.GDP.PCAP.KD,1170,5850,3449,2401,2401,0,5850,1170,0,1673,89,639,0,7,68,0,0,779.13014264887966
knn5_spatial_means,nowcasting_layer2,test,fatalities_explosions_w5,1170,5850,3890,1960,1960,0,5850,1170,0,1933,27,0,0,12,68,0,0,284.9558523372333
knn5_spatial_means,nowcasting_layer2,test,precipitation_sum_s12,1170,5850,3890,1960,1960,0,5850,1170,0,1933,27,0,0,12,68,0,0,284.9558523372333
knn5_spatial_means,nowcasting_layer2,test,WFP_Price_Volatility,1170,5850,2136,3714,3714,0,5850,1170,0,1359,62,2293,0,0,68,0,286.052837120297,13517.502590837674
knn5_spatial_means,nowcasting_layer2,test,nightlight_mean_s12,1170,5850,3890,1960,1960,0,5850,1170,0,1933,27,0,0,12,68,0,0,284.9558523372333
knn5_spatial_means,nowcasting_layer2,test,GOSIF_GPP_m12,1170,5850,3890,1960,1960,0,5850,1170,0,1933,27,0,0,12,68,0,0,284.9558523372333
d200_spatial_means,layer1_shared,train,elevation,4405,133756,74942,58814,58814,0,133756,4396,9,58814,0,0,,,,0,0,0
d200_spatial_means,layer1_shared,train,infra_index_m12_l12,4405,133756,50419,83337,66791,16546,117210,3751,654,24341,11882,30568,12,12,56,0,55.087137034720215,11696.500788699854
d200_spatial_means,layer1_shared,train,infra_index_s12_l12,4405,133756,50419,83337,66791,16546,117210,3751,654,24341,11882,30568,12,12,56,0,55.087137034720215,11696.500788699854
d200_spatial_means,layer1_shared,train,market_access,4405,133756,74942,58814,58814,0,133756,4396,9,58814,0,0,,,,0,0,0
d200_spatial_means,layer1_shared,train,nitrogen_5-15cm_mean,4405,133756,74942,58814,58814,0,133756,4396,9,58814,0,0,,,,0,0,0
d200_spatial_means,layer1_shared,train,phh2o_5-15cm_mean,4405,133756,74942,58814,58814,0,133756,4396,9,58814,0,0,,,,0,0,0
d200_spatial_means,layer1_shared,train,cec_5-15cm_mean,4405,133756,74942,58814,58814,0,133756,4396,9,58814,0,0,,,,0,0,0
d200_spatial_means,layer1_shared,train,cfvo_5-15cm_mean,4405,133756,74942,58814,58814,0,133756,4396,9,58814,0,0,,,,0,0,0
d200_spatial_means,layer1_shared,train,soc_5-15cm_mean,4405,133756,74942,58814,58814,0,133756,4396,9,58814,0,0,,,,0,0,0
d200_spatial_means,layer1_shared,train,aez_groupid_4000,4405,133756,74942,58814,58814,0,133756,4396,9,58814,0,0,,,,0,0,0
d200_spatial_means,layer1_shared,train,aez_groupid_7000,4405,133756,74942,58814,58814,0,133756,4396,9,58814,0,0,,,,0,0,0
d200_spatial_means,layer1_shared,train,aez_groupid_9000,4405,133756,74942,58814,58814,0,133756,4396,9,58814,0,0,,,,0,0,0
d200_spatial_means,layer1_shared,train,aez_groupid_10000,4405,133756,74942,58814,58814,0,133756,4396,9,58814,0,0,,,,0,0,0
d200_spatial_means,layer1_shared,train,aez_groupid_12000,4405,133756,74942,58814,58814,0,133756,4396,9,58814,0,0,,,,0,0,0
d200_spatial_means,layer1_shared,train,aez_groupid_17000,4405,133756,74942,58814,58814,0,133756,4396,9,58814,0,0,,,,0,0,0
d200_spatial_means,layer1_shared,train,aez_groupid_19000,4405,133756,74942,58814,58814,0,133756,4396,9,58814,0,0,,,,0,0,0
d200_spatial_means,layer1_shared,train,aez_groupid_25000,4405,133756,74942,58814,58814,0,133756,4396,9,58814,0,0,,,,0,0,0
d200_spatial_means,layer1_shared,train,aez_groupid_30000,4405,133756,74942,58814,58814,0,133756,4396,9,58814,0,0,,,,0,0,0
d200_spatial_means,layer1_shared,train,aez_groupid_31000,4405,133756,74942,58814,58814,0,133756,4396,9,58814,0,0,,,,0,0,0
d200_spatial_means,layer1_shared,train,aez_groupid_32000,4405,133756,74942,58814,58814,0,133756,4396,9,58814,0,0,,,,0,0,0
d200_spatial_means,layer1_shared,train,aez_groupid_33000,4405,133756,74942,58814,58814,0,133756,4396,9,58814,0,0,,,,0,0,0
d200_spatial_means,layer1_shared,train,aez_groupid_34000,4405,133756,74942,58814,58814,0,133756,4396,9,58814,0,0,,,,0,0,0
d200_spatial_means,layer1_shared,train,aez_groupid_36000,4405,133756,74942,58814,58814,0,133756,4396,9,58814,0,0,,,,0,0,0
d200_spatial_means,layer1_shared,train,aez_groupid_40000,4405,133756,74942,58814,58814,0,133756,4396,9,58814,0,0,,,,0,0,0
d200_spatial_means,layer1_shared,train,aez_groupid_43000,4405,133756,74942,58814,58814,0,133756,4396,9,58814,0,0,,,,0,0,0
d200_spatial_means,layer1_shared,train,slope,4405,133756,74942,58814,58814,0,133756,4396,9,58814,0,0,,,,0,0,0
d200_spatial_means,layer1_shared,train,estimated_population,4405,133756,74942,58814,58814,0,133756,4396,9,38746,19952,116,12,17,68,0,0,11471.491870218333
d200_spatial_means,layer1_shared,train,cropland,4405,133756,74942,58814,58814,0,133756,4396,9,58814,0,0,,,,0,0,0
d200_spatial_means,layer1_shared,train,rangeland,4405,133756,74942,58814,58814,0,133756,4396,9,58814,0,0,,,,0,0,0
d200_spatial_means,layer1_shared,train,area,4405,133756,74942,58814,58814,0,133756,4396,9,58814,0,0,,,,0,0,0
d200_spatial_means,layer1_shared,train,es_urban_pop,4405,133756,74942,58814,58814,0,133756,4396,9,58814,0,0,,,,0,0,0
d200_spatial_means,layer1_shared,train,urban_area,4405,133756,74942,58814,58814,0,133756,4396,9,58814,0,0,,,,0,0,0
d200_spatial_means,layer1_shared,train,distance_to_river,4405,133756,74942,58814,58814,0,133756,4396,9,58814,0,0,,,,0,0,0
d200_spatial_means,layer1_shared,train,ruggedness_index,4405,133756,74942,58814,58814,0,133756,4396,9,58814,0,0,,,,0,0,0
d200_spatial_means,layer1_shared,train,fews_ipc_ha,4405,133756,74942,58814,58814,0,133756,4396,9,38746,19952,116,12,17,68,0,0,11471.491870218333
d200_spatial_means,layer1_shared,train,WFP_Price_Change_l12,4405,133756,46195,87561,87561,0,133756,4396,9,25783,15159,46619,12,12,68,0,91.587401219093863,13585.653912237631
d200_spatial_means,layer1_shared,train,WFP_Price_Volatility_l12,4405,133756,45962,87794,87794,0,133756,4396,9,25439,15066,47289,12,12,68,0,97.489921216114865,13926.983124254481
d200_spatial_means,layer1_shared,train,fatalities_battles_l12,4405,133756,74942,58814,58814,0,133756,4396,9,38746,19952,116,12,17,68,0,0,11471.491870218333
d200_spatial_means,layer1_shared,train,fatalities_explosions_l12,4405,133756,74942,58814,58814,0,133756,4396,9,38746,19952,116,12,17,68,0,0,11471.491870218333
d200_spatial_means,layer1_shared,train,fatalities_violence_l12,4405,133756,74942,58814,58814,0,133756,4396,9,38746,19952,116,12,17,68,0,0,11471.491870218333
d200_spatial_means,layer1_shared,train,event_count_battles_l12,4405,133756,74942,58814,58814,0,133756,4396,9,38746,19952,116,12,17,68,0,0,11471.491870218333
d200_spatial_means,layer1_shared,train,event_count_explosions_l12,4405,133756,74942,58814,58814,0,133756,4396,9,38746,19952,116,12,17,68,0,0,11471.491870218333
d200_spatial_means,layer1_shared,train,event_count_violence_l12,4405,133756,74942,58814,58814,0,133756,4396,9,38746,19952,116,12,17,68,0,0,11471.491870218333
d200_spatial_means,layer1_shared,train,precipitation_sum_l12,4405,133756,55515,78241,78241,0,133756,4396,9,29092,46842,2307,12,12,68,0,51.007663246457348,13981.012510853379
d200_spatial_means,layer1_shared,train,soil_moisture_mean_l12,4405,133756,55515,78241,78241,0,133756,4396,9,29092,46842,2307,12,12,68,0,51.007663246457348,13981.012510853379
d200_spatial_means,layer1_shared,train,shortwave_radiation_sum_l12,4405,133756,60221,73535,73535,0,133756,4396,9,30188,43020,327,12,12,68,0,36.271890962422013,11471.491870218333
d200_spatial_means,layer1_shared,train,temperature_2m_mean_l12,4405,133756,55515,78241,78241,0,133756,4396,9,29092,46842,2307,12,12,68,0,51.007663246457348,13981.012510853379
d200_spatial_means,layer1_shared,train,price_index_l12,4405,133756,72284,61472,61472,0,133756,4396,9,36993,23740,739,12,16,68,0,0,11471.491870218333
d200_spatial_means,layer1_shared,train,rainfall_chirps_l12,4405,133756,37275,96481,96481,0,133756,4396,9,20063,28503,47915,12,12,67,0,335.10391250570234,14706.60738564502
d200_spatial_means,layer1_shared,train,nightlight_mean_l12,4405,133756,58696,75060,75060,0,133756,4396,9,29748,18119,27193,12,13,68,0,49.531071480981325,14434.676759317961
d200_spatial_means,layer1_shared,train,EVI_l12,4405,133756,33952,99804,83258,16546,117210,3751,654,15337,38847,29074,12,12,54,0,106.77804223047619,14706.60738564502
d200_spatial_means,layer1_shared,train,fatalities_battles_w5_l12,4405,133756,74942,58814,58814,0,133756,4396,9,38746,19952,116,12,17,68,0,0,11471.491870218333
d200_spatial_means,layer1_shared,train,fatalities_explosions_w5_l12,4405,133756,74942,58814,58814,0,133756,4396,9,38746,19952,116,12,17,68,0,0,11471.491870218333
d200_spatial_means,layer1_shared,train,fatalities_violence_w5_l12,4405,133756,74942,58814,58814,0,133756,4396,9,38746,19952,116,12,17,68,0,0,11471.491870218333
d200_spatial_means,layer1_shared,train,event_count_battles_w5_l12,4405,133756,74942,58814,58814,0,133756,4396,9,38746,19952,116,12,17,68,0,0,11471.491870218333
d200_spatial_means,layer1_shared,train,event_count_explosions_w5_l12,4405,133756,74942,58814,58814,0,133756,4396,9,38746,19952,116,12,17,68,0,0,11471.491870218333
d200_spatial_means,layer1_shared,train,event_count_violence_w5_l12,4405,133756,74942,58814,58814,0,133756,4396,9,38746,19952,116,12,17,68,0,0,11471.491870218333
d200_spatial_means,layer1_shared,train,fatalities_battles_w10_l12,4405,133756,74942,58814,58814,0,133756,4396,9,38746,19952,116,12,17,68,0,0,11471.491870218333
d200_spatial_means,layer1_shared,train,fatalities_explosions_w10_l12,4405,133756,74942,58814,58814,0,133756,4396,9,38746,19952,116,12,17,68,0,0,11471.491870218333
d200_spatial_means,layer1_shared,train,fatalities_violence_w10_l12,4405,133756,74942,58814,58814,0,133756,4396,9,38746,19952,116,12,17,68,0,0,11471.491870218333
d200_spatial_means,layer1_shared,train,event_count_battles_w10_l12,4405,133756,74942,58814,58814,0,133756,4396,9,38746,19952,116,12,17,68,0,0,11471.491870218333
d200_spatial_means,layer1_shared,train,event_count_explosions_w10_l12,4405,133756,74942,58814,58814,0,133756,4396,9,38746,19952,116,12,17,68,0,0,11471.491870218333
d200_spatial_means,layer1_shared,train,event_count_violence_w10_l12,4405,133756,74942,58814,58814,0,133756,4396,9,38746,19952,116,12,17,68,0,0,11471.491870218333
d200_spatial_means,layer1_shared,train,rainfall_chirps_z_l12,4405,133756,37275,96481,96481,0,133756,4396,9,20063,28503,47915,12,12,67,0,335.10391250570234,14706.60738564502
d200_spatial_means,layer1_shared,train,temperature_2m_mean_z_l12,4405,133756,55515,78241,78241,0,133756,4396,9,29092,46842,2307,12,12,68,0,51.007663246457348,13981.012510853379
d200_spatial_means,layer1_shared,train,GOSIF_GPP_l12,4405,133756,74942,58814,58814,0,133756,4396,9,38746,19952,116,12,17,68,0,0,11471.491870218333
d200_spatial_means,layer1_shared,train,WFP_Price_Change_s12_l12,4405,133756,32669,101087,68476,32611,101145,3110,1295,17766,12937,37773,12,12,42,0,106.94056858552258,13773.002902233982
d200_spatial_means,layer1_shared,train,WFP_Price_Volatility_s12_l12,4405,133756,31759,101997,69386,32611,101145,3110,1295,18094,12742,38550,12,12,44,0,106.94056858552258,13926.983124254481
d200_spatial_means,layer1_shared,train,fatalities_battles_s12_l12,4405,133756,57762,75994,43383,32611,101145,3110,1295,26112,17164,107,12,15,42,0,0,1482.6375851511461
d200_spatial_means,layer1_shared,train,fatalities_explosions_s12_l12,4405,133756,57762,75994,43383,32611,101145,3110,1295,26112,17164,107,12,15,42,0,0,1482.6375851511461
d200_spatial_means,layer1_shared,train,fatalities_violence_s12_l12,4405,133756,57762,75994,43383,32611,101145,3110,1295,26112,17164,107,12,15,42,0,0,1482.6375851511461
d200_spatial_means,layer1_shared,train,event_count_battles_s12_l12,4405,133756,57762,75994,43383,32611,101145,3110,1295,26112,17164,107,12,15,42,0,0,1482.6375851511461
d200_spatial_means,layer1_shared,train,event_count_explosions_s12_l12,4405,133756,57762,75994,43383,32611,101145,3110,1295,26112,17164,107,12,15,42,0,0,1482.6375851511461
d200_spatial_means,layer1_shared,train,event_count_violence_s12_l12,4405,133756,57762,75994,43383,32611,101145,3110,1295,26112,17164,107,12,15,42,0,0,1482.6375851511461
d200_spatial_means,layer1_shared,train,precipitation_sum_s12_l12,4405,133756,41819,91937,59326,32611,101145,3110,1295,18700,38709,1917,12,12,42,0,55.729232080187174,13981.012510853379
d200_spatial_means,layer1_shared,train,soil_moisture_mean_s12_l12,4405,133756,41819,91937,59326,32611,101145,3110,1295,18700,38709,1917,12,12,42,0,55.729232080187174,13981.012510853379
d200_spatial_means,layer1_shared,train,shortwave_radiation_sum_s12_l12,4405,133756,41819,91937,59326,32611,101145,3110,1295,18700,38709,1917,12,12,42,0,55.729232080187174,13981.012510853379
d200_spatial_means,layer1_shared,train,temperature_2m_mean_s12_l12,4405,133756,41819,91937,59326,32611,101145,3110,1295,18700,38709,1917,12,12,42,0,55.729232080187174,13981.012510853379
d200_spatial_means,layer1_shared,train,price_index_s12_l12,4405,133756,55113,78643,46032,32611,101145,3110,1295,24838,20435,759,12,13,42,0,0,2877.9880190917802
d200_spatial_means,layer1_shared,train,rainfall_chirps_s12_l12,4405,133756,27388,106368,73757,32611,101145,3110,1295,11820,25138,36799,12,12,42,0,474.56655715539006,14706.60738564502
d200_spatial_means,layer1_shared,train,nightlight_mean_s12_l12,4405,133756,44080,89676,57065,32611,101145,3110,1295,18862,15188,23015,12,12,42,0,70.863494372762005,14434.676759317961
d200_spatial_means,layer1_shared,train,EVI_s12_l12,4405,133756,16186,117570,45983,71587,62169,2081,2324,4853,22651,18479,12,12,32,0,660.95804385033591,14706.60738564502
d200_spatial_means,layer1_shared,train,fatalities_battles_w5_s12_l12,4405,133756,57762,75994,43383,32611,101145,3110,1295,26112,17164,107,12,15,42,0,0,1482.6375851511461
d200_spatial_means,layer1_shared,train,fatalities_explosions_w5_s12_l12,4405,133756,57762,75994,43383,32611,101145,3110,1295,26112,17164,107,12,15,42,0,0,1482.6375851511461
d200_spatial_means,layer1_shared,train,fatalities_violence_w5_s12_l12,4405,133756,57762,75994,43383,32611,101145,3110,1295,26112,17164,107,12,15,42,0,0,1482.6375851511461
d200_spatial_means,layer1_shared,train,event_count_battles_w5_s12_l12,4405,133756,57762,75994,43383,32611,101145,3110,1295,26112,17164,107,12,15,42,0,0,1482.6375851511461
d200_spatial_means,layer1_shared,train,event_count_explosions_w5_s12_l12,4405,133756,57762,75994,43383,32611,101145,3110,1295,26112,17164,107,12,15,42,0,0,1482.6375851511461
d200_spatial_means,layer1_shared,train,event_count_violence_w5_s12_l12,4405,133756,57762,75994,43383,32611,101145,3110,1295,26112,17164,107,12,15,42,0,0,1482.6375851511461
d200_spatial_means,layer1_shared,train,fatalities_battles_w10_s12_l12,4405,133756,57762,75994,43383,32611,101145,3110,1295,26112,17164,107,12,15,42,0,0,1482.6375851511461
d200_spatial_means,layer1_shared,train,fatalities_explosions_w10_s12_l12,4405,133756,57762,75994,43383,32611,101145,3110,1295,26112,17164,107,12,15,42,0,0,1482.6375851511461
d200_spatial_means,layer1_shared,train,fatalities_violence_w10_s12_l12,4405,133756,57762,75994,43383,32611,101145,3110,1295,26112,17164,107,12,15,42,0,0,1482.6375851511461
d200_spatial_means,layer1_shared,train,event_count_battles_w10_s12_l12,4405,133756,57762,75994,43383,32611,101145,3110,1295,26112,17164,107,12,15,42,0,0,1482.6375851511461
d200_spatial_means,layer1_shared,train,event_count_explosions_w10_s12_l12,4405,133756,57762,75994,43383,32611,101145,3110,1295,26112,17164,107,12,15,42,0,0,1482.6375851511461
d200_spatial_means,layer1_shared,train,event_count_violence_w10_s12_l12,4405,133756,57762,75994,43383,32611,101145,3110,1295,26112,17164,107,12,15,42,0,0,1482.6375851511461
d200_spatial_means,layer1_shared,train,rainfall_chirps_z_s12_l12,4405,133756,27388,106368,73757,32611,101145,3110,1295,11820,25138,36799,12,12,42,0,474.56655715539006,14706.60738564502
d200_spatial_means,layer1_shared,train,temperature_2m_mean_z_s12_l12,4405,133756,41819,91937,59326,32611,101145,3110,1295,18700,38709,1917,12,12,42,0,55.729232080187174,13981.012510853379
d200_spatial_means,layer1_shared,train,GOSIF_GPP_s12_l12,4405,133756,57762,75994,43383,32611,101145,3110,1295,26112,17164,107,12,15,42,0,0,1482.6375851511461
d200_spatial_means,layer1_shared,train,NY.GDP.PCAP.KD_l12,4405,133756,816,132940,45177,87763,45993,1484,2921,17,5381,39779,12,13,17,0,2445.1614462426942,15338.732426013694
d200_spatial_means,layer1_shared,train,cpi_l12,4405,133756,709,133047,45284,87763,45993,1484,2921,17,4010,41257,12,13,17,0,2443.8595632793185,15338.732426013694
d200_spatial_means,layer1_shared,train,GDP_l12,4405,133756,816,132940,45177,87763,45993,1484,2921,17,5381,39779,12,13,17,0,2445.1614462426942,15338.732426013694
d200_spatial_means,layer1_shared,train,CPI_l12,4405,133756,709,133047,45284,87763,45993,1484,2921,17,4010,41257,12,13,17,0,2443.8595632793185,15338.732426013694
d200_spatial_means,layer1_shared,train,infra_index_l12,4405,133756,626,133130,45367,87763,45993,1484,2921,17,5169,40181,12,13,17,0,2443.8595632793185,15338.732426013694
d200_spatial_means,layer1_shared,train,CC.PER.RNK_l12,4405,133756,838,132918,45155,87763,45993,1484,2921,17,5617,39521,12,13,17,0,2445.4749581855972,15338.732426013694
d200_spatial_means,layer1_shared,train,gini_l12,4405,133756,709,133047,45284,87763,45993,1484,2921,17,4010,41257,12,13,17,0,2443.8595632793185,15338.732426013694
d200_spatial_means,layer1_shared,test,elevation,1170,30409,15946,14463,14463,0,30409,1169,1,14463,0,0,,,,0,0,0
d200_spatial_means,layer1_shared,test,infra_index_m12_l12,1170,30409,0,30409,30409,0,30409,1169,1,18802,979,10628,13,22,69,0,0,14102.039797528183
d200_spatial_means,layer1_shared,test,infra_index_s12_l12,1170,30409,0,30409,30409,0,30409,1169,1,18802,979,10628,13,22,69,0,0,14102.039797528183
d200_spatial_means,layer1_shared,test,market_access,1170,30409,15946,14463,14463,0,30409,1169,1,14463,0,0,,,,0,0,0
d200_spatial_means,layer1_shared,test,nitrogen_5-15cm_mean,1170,30409,15946,14463,14463,0,30409,1169,1,14463,0,0,,,,0,0,0
d200_spatial_means,layer1_shared,test,phh2o_5-15cm_mean,1170,30409,15946,14463,14463,0,30409,1169,1,14463,0,0,,,,0,0,0
d200_spatial_means,layer1_shared,test,cec_5-15cm_mean,1170,30409,15946,14463,14463,0,30409,1169,1,14463,0,0,,,,0,0,0
d200_spatial_means,layer1_shared,test,cfvo_5-15cm_mean,1170,30409,15946,14463,14463,0,30409,1169,1,14463,0,0,,,,0,0,0
d200_spatial_means,layer1_shared,test,soc_5-15cm_mean,1170,30409,15946,14463,14463,0,30409,1169,1,14463,0,0,,,,0,0,0
d200_spatial_means,layer1_shared,test,aez_groupid_4000,1170,30409,15946,14463,14463,0,30409,1169,1,14463,0,0,,,,0,0,0
d200_spatial_means,layer1_shared,test,aez_groupid_7000,1170,30409,15946,14463,14463,0,30409,1169,1,14463,0,0,,,,0,0,0
d200_spatial_means,layer1_shared,test,aez_groupid_9000,1170,30409,15946,14463,14463,0,30409,1169,1,14463,0,0,,,,0,0,0
d200_spatial_means,layer1_shared,test,aez_groupid_10000,1170,30409,15946,14463,14463,0,30409,1169,1,14463,0,0,,,,0,0,0
d200_spatial_means,layer1_shared,test,aez_groupid_12000,1170,30409,15946,14463,14463,0,30409,1169,1,14463,0,0,,,,0,0,0
d200_spatial_means,layer1_shared,test,aez_groupid_17000,1170,30409,15946,14463,14463,0,30409,1169,1,14463,0,0,,,,0,0,0
d200_spatial_means,layer1_shared,test,aez_groupid_19000,1170,30409,15946,14463,14463,0,30409,1169,1,14463,0,0,,,,0,0,0
d200_spatial_means,layer1_shared,test,aez_groupid_25000,1170,30409,15946,14463,14463,0,30409,1169,1,14463,0,0,,,,0,0,0
d200_spatial_means,layer1_shared,test,aez_groupid_30000,1170,30409,15946,14463,14463,0,30409,1169,1,14463,0,0,,,,0,0,0
d200_spatial_means,layer1_shared,test,aez_groupid_31000,1170,30409,15946,14463,14463,0,30409,1169,1,14463,0,0,,,,0,0,0
d200_spatial_means,layer1_shared,test,aez_groupid_32000,1170,30409,15946,14463,14463,0,30409,1169,1,14463,0,0,,,,0,0,0
d200_spatial_means,layer1_shared,test,aez_groupid_33000,1170,30409,15946,14463,14463,0,30409,1169,1,14463,0,0,,,,0,0,0
d200_spatial_means,layer1_shared,test,aez_groupid_34000,1170,30409,15946,14463,14463,0,30409,1169,1,14463,0,0,,,,0,0,0
d200_spatial_means,layer1_shared,test,aez_groupid_36000,1170,30409,15946,14463,14463,0,30409,1169,1,14463,0,0,,,,0,0,0
d200_spatial_means,layer1_shared,test,aez_groupid_40000,1170,30409,15946,14463,14463,0,30409,1169,1,14463,0,0,,,,0,0,0
d200_spatial_means,layer1_shared,test,aez_groupid_43000,1170,30409,15946,14463,14463,0,30409,1169,1,14463,0,0,,,,0,0,0
d200_spatial_means,layer1_shared,test,slope,1170,30409,15946,14463,14463,0,30409,1169,1,14463,0,0,,,,0,0,0
d200_spatial_means,layer1_shared,test,estimated_population,1170,30409,15946,14463,14463,0,30409,1169,1,14285,178,0,12,27,81,0,0,388.02655633837884
d200_spatial_means,layer1_shared,test,cropland,1170,30409,15946,14463,14463,0,30409,1169,1,14463,0,0,,,,0,0,0
d200_spatial_means,layer1_shared,test,rangeland,1170,30409,15946,14463,14463,0,30409,1169,1,14463,0,0,,,,0,0,0
d200_spatial_means,layer1_shared,test,area,1170,30409,15946,14463,14463,0,30409,1169,1,14463,0,0,,,,0,0,0
d200_spatial_means,layer1_shared,test,es_urban_pop,1170,30409,15946,14463,14463,0,30409,1169,1,14463,0,0,,,,0,0,0
d200_spatial_means,layer1_shared,test,urban_area,1170,30409,15946,14463,14463,0,30409,1169,1,14463,0,0,,,,0,0,0
d200_spatial_means,layer1_shared,test,distance_to_river,1170,30409,15946,14463,14463,0,30409,1169,1,14463,0,0,,,,0,0,0
d200_spatial_means,layer1_shared,test,ruggedness_index,1170,30409,15946,14463,14463,0,30409,1169,1,14463,0,0,,,,0,0,0
d200_spatial_means,layer1_shared,test,fews_ipc_ha,1170,30409,15946,14463,14463,0,30409,1169,1,14285,178,0,12,27,81,0,0,388.02655633837884
d200_spatial_means,layer1_shared,test,WFP_Price_Change_l12,1170,30409,7822,22587,22587,0,30409,1169,1,9809,204,12574,12,12,81,0,212.52501946055429,13517.502590837674
d200_spatial_means,layer1_shared,test,WFP_Price_Volatility_l12,1170,30409,7817,22592,22592,0,30409,1169,1,9721,282,12589,12,12,81,0,212.52501946055429,13517.502590837674
d200_spatial_means,layer1_shared,test,fatalities_battles_l12,1170,30409,15946,14463,14463,0,30409,1169,1,14285,178,0,12,27,81,0,0,388.02655633837884
d200_spatial_means,layer1_shared,test,fatalities_explosions_l12,1170,30409,15946,14463,14463,0,30409,1169,1,14285,178,0,12,27,81,0,0,388.02655633837884
d200_spatial_means,layer1_shared,test,fatalities_violence_l12,1170,30409,15946,14463,14463,0,30409,1169,1,14285,178,0,12,27,81,0,0,388.02655633837884
d200_spatial_means,layer1_shared,test,event_count_battles_l12,1170,30409,15946,14463,14463,0,30409,1169,1,14285,178,0,12,27,81,0,0,388.02655633837884
d200_spatial_means,layer1_shared,test,event_count_explosions_l12,1170,30409,15946,14463,14463,0,30409,1169,1,14285,178,0,12,27,81,0,0,388.02655633837884
d200_spatial_means,layer1_shared,test,event_count_violence_l12,1170,30409,15946,14463,14463,0,30409,1169,1,14285,178,0,12,27,81,0,0,388.02655633837884
d200_spatial_means,layer1_shared,test,precipitation_sum_l12,1170,30409,12209,18200,18200,0,30409,1169,1,10482,7012,706,12,16,81,0,0,2877.9880190917802
d200_spatial_means,layer1_shared,test,soil_moisture_mean_l12,1170,30409,12209,18200,18200,0,30409,1169,1,10482,7012,706,12,16,81,0,0,2877.9880190917802
d200_spatial_means,layer1_shared,test,shortwave_radiation_sum_l12,1170,30409,14613,15796,15796,0,30409,1169,1,13139,2657,0,12,23,81,0,0,1447.7771293314674
d200_spatial_means,layer1_shared,test,temperature_2m_mean_l12,1170,30409,12209,18200,18200,0,30409,1169,1,10482,7012,706,12,16,81,0,0,2877.9880190917802
d200_spatial_means,layer1_shared,test,price_index_l12,1170,30409,15692,14717,14717,0,30409,1169,1,13831,886,0,12,27,81,0,0,1385.3302966765227
d200_spatial_means,layer1_shared,test,rainfall_chirps_l12,1170,30409,9640,20769,20769,0,30409,1169,1,9708,2950,8111,12,12,81,0,73.574870704599377,13517.502590837674
d200_spatial_means,layer1_shared,test,nightlight_mean_l12,1170,30409,14216,16193,16193,0,30409,1169,1,13476,171,2546,12,24,81,0,0,13517.502590837674
d200_spatial_means,layer1_shared,test,EVI_l12,1170,30409,10517,19892,19892,0,30409,1169,1,9468,7169,3255,12,14,69,0,50.285163179645302,13517.502590837674
d200_spatial_means,layer1_shared,test,fatalities_battles_w5_l12,1170,30409,15946,14463,14463,0,30409,1169,1,14285,178,0,12,27,81,0,0,388.02655633837884
d200_spatial_means,layer1_shared,test,fatalities_explosions_w5_l12,1170,30409,15946,14463,14463,0,30409,1169,1,14285,178,0,12,27,81,0,0,388.02655633837884
d200_spatial_means,layer1_shared,test,fatalities_violence_w5_l12,1170,30409,15946,14463,14463,0,30409,1169,1,14285,178,0,12,27,81,0,0,388.02655633837884
d200_spatial_means,layer1_shared,test,event_count_battles_w5_l12,1170,30409,15946,14463,14463,0,30409,1169,1,14285,178,0,12,27,81,0,0,388.02655633837884
d200_spatial_means,layer1_shared,test,event_count_explosions_w5_l12,1170,30409,15946,14463,14463,0,30409,1169,1,14285,178,0,12,27,81,0,0,388.02655633837884
d200_spatial_means,layer1_shared,test,event_count_violence_w5_l12,1170,30409,15946,14463,14463,0,30409,1169,1,14285,178,0,12,27,81,0,0,388.02655633837884
d200_spatial_means,layer1_shared,test,fatalities_battles_w10_l12,1170,30409,15946,14463,14463,0,30409,1169,1,14285,178,0,12,27,81,0,0,388.02655633837884
d200_spatial_means,layer1_shared,test,fatalities_explosions_w10_l12,1170,30409,15946,14463,14463,0,30409,1169,1,14285,178,0,12,27,81,0,0,388.02655633837884
d200_spatial_means,layer1_shared,test,fatalities_violence_w10_l12,1170,30409,15946,14463,14463,0,30409,1169,1,14285,178,0,12,27,81,0,0,388.02655633837884
d200_spatial_means,layer1_shared,test,event_count_battles_w10_l12,1170,30409,15946,14463,14463,0,30409,1169,1,14285,178,0,12,27,81,0,0,388.02655633837884
d200_spatial_means,layer1_shared,test,event_count_explosions_w10_l12,1170,30409,15946,14463,14463,0,30409,1169,1,14285,178,0,12,27,81,0,0,388.02655633837884
d200_spatial_means,layer1_shared,test,event_count_violence_w10_l12,1170,30409,15946,14463,14463,0,30409,1169,1,14285,178,0,12,27,81,0,0,388.02655633837884
d200_spatial_means,layer1_shared,test,rainfall_chirps_z_l12,1170,30409,9640,20769,20769,0,30409,1169,1,9708,2950,8111,12,12,81,0,73.574870704599377,13517.502590837674
d200_spatial_means,layer1_shared,test,temperature_2m_mean_z_l12,1170,30409,12209,18200,18200,0,30409,1169,1,10482,7012,706,12,16,81,0,0,2877.9880190917802
d200_spatial_means,layer1_shared,test,GOSIF_GPP_l12,1170,30409,15946,14463,14463,0,30409,1169,1,14285,178,0,12,27,81,0,0,388.02655633837884
d200_spatial_means,layer1_shared,test,WFP_Price_Change_s12_l12,1170,30409,5311,25098,25098,0,30409,1169,1,11162,1301,12635,12,12,57,0,136.48388127266486,13517.502590837674
d200_spatial_means,layer1_shared,test,WFP_Price_Volatility_s12_l12,1170,30409,5306,25103,25103,0,30409,1169,1,10940,1513,12650,12,12,57,0,138.56577817191501,13517.502590837674
d200_spatial_means,layer1_shared,test,fatalities_battles_s12_l12,1170,30409,15946,14463,14463,0,30409,1169,1,13405,1056,2,12,24,57,0,0,548.20650250284018
d200_spatial_means,layer1_shared,test,fatalities_explosions_s12_l12,1170,30409,15946,14463,14463,0,30409,1169,1,13405,1056,2,12,24,57,0,0,548.20650250284018
d200_spatial_means,layer1_shared,test,fatalities_violence_s12_l12,1170,30409,15946,14463,14463,0,30409,1169,1,13405,1056,2,12,24,57,0,0,548.20650250284018
d200_spatial_means,layer1_shared,test,event_count_battles_s12_l12,1170,30409,15946,14463,14463,0,30409,1169,1,13405,1056,2,12,24,57,0,0,548.20650250284018
d200_spatial_means,layer1_shared,test,event_count_explosions_s12_l12,1170,30409,15946,14463,14463,0,30409,1169,1,13405,1056,2,12,24,57,0,0,548.20650250284018
d200_spatial_means,layer1_shared,test,event_count_violence_s12_l12,1170,30409,15946,14463,14463,0,30409,1169,1,13405,1056,2,12,24,57,0,0,548.20650250284018
d200_spatial_means,layer1_shared,test,precipitation_sum_s12_l12,1170,30409,12209,18200,18200,0,30409,1169,1,9815,7674,711,12,15,57,0,0,2877.9880190917802
d200_spatial_means,layer1_shared,test,soil_moisture_mean_s12_l12,1170,30409,12209,18200,18200,0,30409,1169,1,9815,7674,711,12,15,57,0,0,2877.9880190917802
d200_spatial_means,layer1_shared,test,shortwave_radiation_sum_s12_l12,1170,30409,12209,18200,18200,0,30409,1169,1,9815,7674,711,12,15,57,0,0,2877.9880190917802
d200_spatial_means,layer1_shared,test,temperature_2m_mean_s12_l12,1170,30409,12209,18200,18200,0,30409,1169,1,9815,7674,711,12,15,57,0,0,2877.9880190917802
d200_spatial_means,layer1_shared,test,price_index_s12_l12,1170,30409,15666,14743,14743,0,30409,1169,1,12851,1653,239,12,24,57,0,0,2877.9880190917802
d200_spatial_means,layer1_shared,test,rainfall_chirps_s12_l12,1170,30409,9740,20669,20669,0,30409,1169,1,9000,3563,8106,12,12,57,0,82.944374738613575,13517.502590837674
d200_spatial_means,layer1_shared,test,nightlight_mean_s12_l12,1170,30409,14216,16193,16193,0,30409,1169,1,12598,1049,2546,12,21,57,0,0,13517.502590837674
d200_spatial_means,layer1_shared,test,EVI_s12_l12,1170,30409,9667,20742,20742,0,30409,1169,1,7621,9597,3524,12,12,45,0,111.40741883404888,13517.502590837674
d200_spatial_means,layer1_shared,test,fatalities_battles_w5_s12_l12,1170,30409,15946,14463,14463,0,30409,1169,1,13405,1056,2,12,24,57,0,0,548.20650250284018
d200_spatial_means,layer1_shared,test,fatalities_explosions_w5_s12_l12,1170,30409,15946,14463,14463,0,30409,1169,1,13405,1056,2,12,24,57,0,0,548.20650250284018
d200_spatial_means,layer1_shared,test,fatalities_violence_w5_s12_l12,1170,30409,15946,14463,14463,0,30409,1169,1,13405,1056,2,12,24,57,0,0,548.20650250284018
d200_spatial_means,layer1_shared,test,event_count_battles_w5_s12_l12,1170,30409,15946,14463,14463,0,30409,1169,1,13405,1056,2,12,24,57,0,0,548.20650250284018
d200_spatial_means,layer1_shared,test,event_count_explosions_w5_s12_l12,1170,30409,15946,14463,14463,0,30409,1169,1,13405,1056,2,12,24,57,0,0,548.20650250284018
d200_spatial_means,layer1_shared,test,event_count_violence_w5_s12_l12,1170,30409,15946,14463,14463,0,30409,1169,1,13405,1056,2,12,24,57,0,0,548.20650250284018
d200_spatial_means,layer1_shared,test,fatalities_battles_w10_s12_l12,1170,30409,15946,14463,14463,0,30409,1169,1,13405,1056,2,12,24,57,0,0,548.20650250284018
d200_spatial_means,layer1_shared,test,fatalities_explosions_w10_s12_l12,1170,30409,15946,14463,14463,0,30409,1169,1,13405,1056,2,12,24,57,0,0,548.20650250284018
d200_spatial_means,layer1_shared,test,fatalities_violence_w10_s12_l12,1170,30409,15946,14463,14463,0,30409,1169,1,13405,1056,2,12,24,57,0,0,548.20650250284018
d200_spatial_means,layer1_shared,test,event_count_battles_w10_s12_l12,1170,30409,15946,14463,14463,0,30409,1169,1,13405,1056,2,12,24,57,0,0,548.20650250284018
d200_spatial_means,layer1_shared,test,event_count_explosions_w10_s12_l12,1170,30409,15946,14463,14463,0,30409,1169,1,13405,1056,2,12,24,57,0,0,548.20650250284018
d200_spatial_means,layer1_shared,test,event_count_violence_w10_s12_l12,1170,30409,15946,14463,14463,0,30409,1169,1,13405,1056,2,12,24,57,0,0,548.20650250284018
d200_spatial_means,layer1_shared,test,rainfall_chirps_z_s12_l12,1170,30409,9740,20669,20669,0,30409,1169,1,9000,3563,8106,12,12,57,0,82.944374738613575,13517.502590837674
d200_spatial_means,layer1_shared,test,temperature_2m_mean_z_s12_l12,1170,30409,12209,18200,18200,0,30409,1169,1,9815,7674,711,12,15,57,0,0,2877.9880190917802
d200_spatial_means,layer1_shared,test,GOSIF_GPP_s12_l12,1170,30409,15946,14463,14463,0,30409,1169,1,13405,1056,2,12,24,57,0,0,548.20650250284018
d200_spatial_means,layer1_shared,test,NY.GDP.PCAP.KD_l12,1170,30409,2255,28154,28154,0,30409,1169,1,53,13689,14412,12,12,20,0,401.44895362300053,14804.283795204845
d200_spatial_means,layer1_shared,test,cpi_l12,1170,30409,1516,28893,28893,0,30409,1169,1,77,6279,22537,12,12,20,0,732.56425010737451,14804.283795204845
d200_spatial_means,layer1_shared,test,GDP_l12,1170,30409,2255,28154,28154,0,30409,1169,1,53,13689,14412,12,12,20,0,401.44895362300053,14804.283795204845
d200_spatial_means,layer1_shared,test,CPI_l12,1170,30409,1516,28893,28893,0,30409,1169,1,77,6279,22537,12,12,20,0,732.56425010737451,14804.283795204845
d200_spatial_means,layer1_shared,test,infra_index_l12,1170,30409,1431,28978,28978,0,30409,1169,1,36,11273,17669,12,12,20,0,609.82087498760825,14804.283795204845
d200_spatial_means,layer1_shared,test,CC.PER.RNK_l12,1170,30409,2333,28076,28076,0,30409,1169,1,91,17146,10839,12,12,20,0,338.57125045463113,14804.283795204845
d200_spatial_means,layer1_shared,test,gini_l12,1170,30409,1516,28893,28893,0,30409,1169,1,77,6279,22537,12,12,20,0,732.56425010737451,14804.283795204845
d200_spatial_means,nowcasting_layer2,train,CPI,4405,133756,34997,98759,98759,0,133756,4396,9,27632,11333,59794,0,0,56,0,238.00519300806405,14212.39127635598
d200_spatial_means,nowcasting_layer2,train,fatalities_explosions_w5_m12,4405,133756,74942,58814,58814,0,133756,4396,9,38746,19952,116,0,5,56,0,0,11471.491870218333
d200_spatial_means,nowcasting_layer2,train,GDP,4405,133756,60339,73417,73417,0,133756,4396,9,36566,22137,14714,0,4,56,0,1.7508469110409244,11518.467517655583
d200_spatial_means,nowcasting_layer2,train,soil_moisture_mean_m12,4405,133756,74942,58814,58814,0,133756,4396,9,38746,19952,116,0,5,56,0,0,11471.491870218333
d200_spatial_means,nowcasting_layer2,train,fatalities_explosions,4405,133756,74942,58814,58814,0,133756,4396,9,38746,19952,116,0,5,56,0,0,11471.491870218333
d200_spatial_means,nowcasting_layer2,train,chirps_z_score,4405,133756,74942,58814,58814,0,133756,4396,9,38746,19952,116,0,5,56,0,0,11471.491870218333
d200_spatial_means,nowcasting_layer2,train,EVI_m12,4405,133756,74942,58814,58814,0,133756,4396,9,38746,19952,116,0,5,56,0,0,11471.491870218333
d200_spatial_means,nowcasting_layer2,train,event_count_battles_w10_m12,4405,133756,74942,58814,58814,0,133756,4396,9,38746,19952,116,0,5,56,0,0,11471.491870218333
d200_spatial_means,nowcasting_layer2,train,event_count_battles_w5_m12,4405,133756,74942,58814,58814,0,133756,4396,9,38746,19952,116,0,5,56,0,0,11471.491870218333
d200_spatial_means,nowcasting_layer2,train,price_index_s12,4405,133756,74942,58814,58814,0,133756,4396,9,38746,19952,116,0,5,56,0,0,11471.491870218333
d200_spatial_means,nowcasting_layer2,train,event_count_explosions,4405,133756,74942,58814,58814,0,133756,4396,9,38746,19952,116,0,5,56,0,0,11471.491870218333
d200_spatial_means,nowcasting_layer2,train,rainfall_chirps_s12,4405,133756,74942,58814,58814,0,133756,4396,9,38746,19952,116,0,5,56,0,0,11471.491870218333
d200_spatial_means,nowcasting_layer2,train,event_count_violence_w10_m12,4405,133756,74942,58814,58814,0,133756,4396,9,38746,19952,116,0,5,56,0,0,11471.491870218333
d200_spatial_means,nowcasting_layer2,train,WFP_Price_Change_s12,4405,133756,35172,98584,98584,0,133756,4396,9,34690,16760,47134,0,0,56,0,93.104030040136593,14249.066729578195
d200_spatial_means,nowcasting_layer2,train,WFP_Price_Volatility_m12,4405,133756,33685,100071,100071,0,133756,4396,9,35040,17631,47400,0,0,56,0,93.970830950273978,14249.066729578195
d200_spatial_means,nowcasting_layer2,train,WFP_Price_Change_m12,4405,133756,35172,98584,98584,0,133756,4396,9,34690,16760,47134,0,0,56,0,93.104030040136593,14249.066729578195
d200_spatial_means,nowcasting_layer2,train,infra_index_m12,4405,133756,50419,83337,66791,16546,117210,3751,654,24341,11882,30568,0,0,44,0,55.087137034720215,11696.500788699854
d200_spatial_means,nowcasting_layer2,train,temperature_2m_mean_s12,4405,133756,74942,58814,58814,0,133756,4396,9,38746,19952,116,0,5,56,0,0,11471.491870218333
d200_spatial_means,nowcasting_layer2,train,event_count_battles_m12,4405,133756,74942,58814,58814,0,133756,4396,9,38746,19952,116,0,5,56,0,0,11471.491870218333
d200_spatial_means,nowcasting_layer2,train,fatalities_battles,4405,133756,74942,58814,58814,0,133756,4396,9,38746,19952,116,0,5,56,0,0,11471.491870218333
d200_spatial_means,nowcasting_layer2,train,event_count_violence_m12,4405,133756,74942,58814,58814,0,133756,4396,9,38746,19952,116,0,5,56,0,0,11471.491870218333
d200_spatial_means,nowcasting_layer2,train,event_count_explosions_m12,4405,133756,74942,58814,58814,0,133756,4396,9,38746,19952,116,0,5,56,0,0,11471.491870218333
d200_spatial_means,nowcasting_layer2,train,fatalities_battles_w5_m12,4405,133756,74942,58814,58814,0,133756,4396,9,38746,19952,116,0,5,56,0,0,11471.491870218333
d200_spatial_means,nowcasting_layer2,train,event_count_violence_w5_m12,4405,133756,74942,58814,58814,0,133756,4396,9,38746,19952,116,0,5,56,0,0,11471.491870218333
d200_spatial_means,nowcasting_layer2,train,soil_moisture_mean_s12,4405,133756,74942,58814,58814,0,133756,4396,9,38746,19952,116,0,5,56,0,0,11471.491870218333
d200_spatial_means,nowcasting_layer2,train,event_count_explosions_w5_m12,4405,133756,74942,58814,58814,0,133756,4396,9,38746,19952,116,0,5,56,0,0,11471.491870218333
d200_spatial_means,nowcasting_layer2,train,WFP_Price_Volatility_s12,4405,133756,33685,100071,100071,0,133756,4396,9,35040,17631,47400,0,0,56,0,93.970830950273978,14249.066729578195
d200_spatial_means,nowcasting_layer2,train,event_count_violence,4405,133756,74942,58814,58814,0,133756,4396,9,38746,19952,116,0,5,56,0,0,11471.491870218333
d200_spatial_means,nowcasting_layer2,train,precipitation_sum_m12,4405,133756,74942,58814,58814,0,133756,4396,9,38746,19952,116,0,5,56,0,0,11471.491870218333
d200_spatial_means,nowcasting_layer2,train,event_count_violence_w10,4405,133756,74942,58814,58814,0,133756,4396,9,38746,19952,116,0,5,56,0,0,11471.491870218333
d200_spatial_means,nowcasting_layer2,train,fatalities_violence_w10_m12,4405,133756,74942,58814,58814,0,133756,4396,9,38746,19952,116,0,5,56,0,0,11471.491870218333
d200_spatial_means,nowcasting_layer2,train,event_count_battles,4405,133756,74942,58814,58814,0,133756,4396,9,38746,19952,116,0,5,56,0,0,11471.491870218333
d200_spatial_means,nowcasting_layer2,train,event_count_explosions_w5,4405,133756,74942,58814,58814,0,133756,4396,9,38746,19952,116,0,5,56,0,0,11471.491870218333
d200_spatial_means,nowcasting_layer2,train,fatalities_explosions_w10_m12,4405,133756,74942,58814,58814,0,133756,4396,9,38746,19952,116,0,5,56,0,0,11471.491870218333
d200_spatial_means,nowcasting_layer2,train,event_count_battles_w10,4405,133756,74942,58814,58814,0,133756,4396,9,38746,19952,116,0,5,56,0,0,11471.491870218333
d200_spatial_means,nowcasting_layer2,train,temperature_2m_mean_m12,4405,133756,74942,58814,58814,0,133756,4396,9,38746,19952,116,0,5,56,0,0,11471.491870218333
d200_spatial_means,nowcasting_layer2,train,rainfall_chirps_m12,4405,133756,74942,58814,58814,0,133756,4396,9,38746,19952,116,0,5,56,0,0,11471.491870218333
d200_spatial_means,nowcasting_layer2,train,fatalities_violence_m12,4405,133756,74942,58814,58814,0,133756,4396,9,38746,19952,116,0,5,56,0,0,11471.491870218333
d200_spatial_means,nowcasting_layer2,train,WFP_Price_Change,4405,133756,44902,88854,88854,0,133756,4396,9,27218,15081,46555,0,0,56,0,106.49270063617264,14111.244201956748
d200_spatial_means,nowcasting_layer2,train,event_count_explosions_w10,4405,133756,74942,58814,58814,0,133756,4396,9,38746,19952,116,0,5,56,0,0,11471.491870218333
d200_spatial_means,nowcasting_layer2,train,gini,4405,133756,25415,108341,108341,0,133756,4396,9,17182,8563,82596,0,0,56,0,253.39303119819613,14212.39127635598
d200_spatial_means,nowcasting_layer2,train,cpi,4405,133756,25415,108341,108341,0,133756,4396,9,17182,8563,82596,0,0,56,0,253.39303119819613,14212.39127635598
d200_spatial_means,nowcasting_layer2,train,fatalities_violence_w5_m12,4405,133756,74942,58814,58814,0,133756,4396,9,38746,19952,116,0,5,56,0,0,11471.491870218333
d200_spatial_means,nowcasting_layer2,train,infra_index_s12,4405,133756,50419,83337,66791,16546,117210,3751,654,24341,11882,30568,0,0,44,0,55.087137034720215,11696.500788699854
d200_spatial_means,nowcasting_layer2,train,shortwave_radiation_sum_m12,4405,133756,74942,58814,58814,0,133756,4396,9,38746,19952,116,0,5,56,0,0,11471.491870218333
d200_spatial_means,nowcasting_layer2,train,price_index_m12,4405,133756,74942,58814,58814,0,133756,4396,9,38746,19952,116,0,5,56,0,0,11471.491870218333
d200_spatial_means,nowcasting_layer2,train,fatalities_battles_w10_m12,4405,133756,74942,58814,58814,0,133756,4396,9,38746,19952,116,0,5,56,0,0,11471.491870218333
d200_spatial_means,nowcasting_layer2,train,event_count_violence_w5,4405,133756,74942,58814,58814,0,133756,4396,9,38746,19952,116,0,5,56,0,0,11471.491870218333
d200_spatial_means,nowcasting_layer2,train,fatalities_explosions_w10,4405,133756,74942,58814,58814,0,133756,4396,9,38746,19952,116,0,5,56,0,0,11471.491870218333
d200_spatial_means,nowcasting_layer2,train,CC.PER.RNK,4405,133756,74942,58814,58814,0,133756,4396,9,38746,19952,116,0,5,56,0,0,11471.491870218333
d200_spatial_means,nowcasting_layer2,train,fatalities_violence_w5,4405,133756,74942,58814,58814,0,133756,4396,9,38746,19952,116,0,5,56,0,0,11471.491870218333
d200_spatial_means,nowcasting_layer2,train,shortwave_radiation_sum_s12,4405,133756,74942,58814,58814,0,133756,4396,9,38746,19952,116,0,5,56,0,0,11471.491870218333
d200_spatial_means,nowcasting_layer2,train,fatalities_battles_w10,4405,133756,74942,58814,58814,0,133756,4396,9,38746,19952,116,0,5,56,0,0,11471.491870218333
d200_spatial_means,nowcasting_layer2,train,fatalities_battles_m12,4405,133756,74942,58814,58814,0,133756,4396,9,38746,19952,116,0,5,56,0,0,11471.491870218333
d200_spatial_means,nowcasting_layer2,train,nightlight_mean_m12,4405,133756,74942,58814,58814,0,133756,4396,9,38746,19952,116,0,5,56,0,0,11471.491870218333
d200_spatial_means,nowcasting_layer2,train,fatalities_battles_w5,4405,133756,74942,58814,58814,0,133756,4396,9,38746,19952,116,0,5,56,0,0,11471.491870218333
d200_spatial_means,nowcasting_layer2,train,event_count_battles_w5,4405,133756,74942,58814,58814,0,133756,4396,9,38746,19952,116,0,5,56,0,0,11471.491870218333
d200_spatial_means,nowcasting_layer2,train,fatalities_violence_w10,4405,133756,74942,58814,58814,0,133756,4396,9,38746,19952,116,0,5,56,0,0,11471.491870218333
d200_spatial_means,nowcasting_layer2,train,fatalities_violence,4405,133756,74942,58814,58814,0,133756,4396,9,38746,19952,116,0,5,56,0,0,11471.491870218333
d200_spatial_means,nowcasting_layer2,train,infra_index,4405,133756,53606,80150,80150,0,133756,4396,9,27174,11960,41016,0,0,56,0,75.652589672377118,11696.500788699854
d200_spatial_means,nowcasting_layer2,train,fatalities_explosions_m12,4405,133756,74942,58814,58814,0,133756,4396,9,38746,19952,116,0,5,56,0,0,11471.491870218333
d200_spatial_means,nowcasting_layer2,train,temperature_z_score,4405,133756,74942,58814,58814,0,133756,4396,9,38746,19952,116,0,5,56,0,0,11471.491870218333
d200_spatial_means,nowcasting_layer2,train,event_count_explosions_w10_m12,4405,133756,74942,58814,58814,0,133756,4396,9,38746,19952,116,0,5,56,0,0,11471.491870218333
d200_spatial_means,nowcasting_layer2,train,NY.GDP.PCAP.KD,4405,133756,64457,69299,69299,0,133756,4396,9,36497,18088,14714,0,2,56,0,0,11518.467517655583
d200_spatial_means,nowcasting_layer2,train,fatalities_explosions_w5,4405,133756,74942,58814,58814,0,133756,4396,9,38746,19952,116,0,5,56,0,0,11471.491870218333
d200_spatial_means,nowcasting_layer2,train,precipitation_sum_s12,4405,133756,74942,58814,58814,0,133756,4396,9,38746,19952,116,0,5,56,0,0,11471.491870218333
d200_spatial_means,nowcasting_layer2,train,WFP_Price_Volatility,4405,133756,44876,88880,88880,0,133756,4396,9,27187,15080,46613,0,0,56,0,106.81086904894528,14111.244201956748
d200_spatial_means,nowcasting_layer2,train,nightlight_mean_s12,4405,133756,74942,58814,58814,0,133756,4396,9,38746,19952,116,0,5,56,0,0,11471.491870218333
d200_spatial_means,nowcasting_layer2,train,GOSIF_GPP_m12,4405,133756,74942,58814,58814,0,133756,4396,9,38746,19952,116,0,5,56,0,0,11471.491870218333
d200_spatial_means,nowcasting_layer2,test,CPI,1170,30409,3337,27072,27072,0,30409,1169,1,11093,716,15263,0,1,69,0,414.28278299434663,14448.491618949982
d200_spatial_means,nowcasting_layer2,test,fatalities_explosions_w5_m12,1170,30409,15946,14463,14463,0,30409,1169,1,14285,178,0,0,15,69,0,0,388.02655633837884
d200_spatial_means,nowcasting_layer2,test,GDP,1170,30409,0,30409,30409,0,30409,1169,1,24718,2042,3649,2,11,68,0,0,13593.788881597526
d200_spatial_means,nowcasting_layer2,test,soil_moisture_mean_m12,1170,30409,15946,14463,14463,0,30409,1169,1,14285,178,0,0,15,69,0,0,388.02655633837884
d200_spatial_means,nowcasting_layer2,test,fatalities_explosions,1170,30409,15946,14463,14463,0,30409,1169,1,14285,178,0,0,15,69,0,0,388.02655633837884
d200_spatial_means,nowcasting_layer2,test,chirps_z_score,1170,30409,15946,14463,14463,0,30409,1169,1,14285,178,0,0,15,69,0,0,388.02655633837884
d200_spatial_means,nowcasting_layer2,test,EVI_m12,1170,30409,15946,14463,14463,0,30409,1169,1,14285,178,0,0,15,69,0,0,388.02655633837884
d200_spatial_means,nowcasting_layer2,test,event_count_battles_w10_m12,1170,30409,15946,14463,14463,0,30409,1169,1,14285,178,0,0,15,69,0,0,388.02655633837884
d200_spatial_means,nowcasting_layer2,test,event_count_battles_w5_m12,1170,30409,15946,14463,14463,0,30409,1169,1,14285,178,0,0,15,69,0,0,388.02655633837884
d200_spatial_means,nowcasting_layer2,test,price_index_s12,1170,30409,15946,14463,14463,0,30409,1169,1,14285,178,0,0,15,69,0,0,388.02655633837884
d200_spatial_means,nowcasting_layer2,test,event_count_explosions,1170,30409,15946,14463,14463,0,30409,1169,1,14285,178,0,0,15,69,0,0,388.02655633837884
d200_spatial_means,nowcasting_layer2,test,rainfall_chirps_s12,1170,30409,15946,14463,14463,0,30409,1169,1,14285,178,0,0,15,69,0,0,388.02655633837884
d200_spatial_means,nowcasting_layer2,test,event_count_violence_w10_m12,1170,30409,15946,14463,14463,0,30409,1169,1,14285,178,0,0,15,69,0,0,388.02655633837884
d200_spatial_means,nowcasting_layer2,test,WFP_Price_Change_s12,1170,30409,7256,23153,23153,0,30409,1169,1,9911,659,12583,0,1,69,0,225.05317862988193,13517.502590837674
d200_spatial_means,nowcasting_layer2,test,WFP_Price_Volatility_m12,1170,30409,7256,23153,23153,0,30409,1169,1,9710,845,12598,0,1,69,0,225.05317862988193,13517.502590837674
d200_spatial_means,nowcasting_layer2,test,WFP_Price_Change_m12,1170,30409,7256,23153,23153,0,30409,1169,1,9911,659,12583,0,1,69,0,225.05317862988193,13517.502590837674
d200_spatial_means,nowcasting_layer2,test,infra_index_m12,1170,30409,0,30409,30409,0,30409,1169,1,18802,979,10628,1,10,57,0,0,14102.039797528183
d200_spatial_means,nowcasting_layer2,test,temperature_2m_mean_s12,1170,30409,15946,14463,14463,0,30409,1169,1,14285,178,0,0,15,69,0,0,388.02655633837884
d200_spatial_means,nowcasting_layer2,test,event_count_battles_m12,1170,30409,15946,14463,14463,0,30409,1169,1,14285,178,0,0,15,69,0,0,388.02655633837884
d200_spatial_means,nowcasting_layer2,test,fatalities_battles,1170,30409,15946,14463,14463,0,30409,1169,1,14285,178,0,0,15,69,0,0,388.02655633837884
d200_spatial_means,nowcasting_layer2,test,event_count_violence_m12,1170,30409,15946,14463,14463,0,30409,1169,1,14285,178,0,0,15,69,0,0,388.02655633837884
d200_spatial_means,nowcasting_layer2,test,event_count_explosions_m12,1170,30409,15946,14463,14463,0,30409,1169,1,14285,178,0,0,15,69,0,0,388.02655633837884
d200_spatial_means,nowcasting_layer2,test,fatalities_battles_w5_m12,1170,30409,15946,14463,14463,0,30409,1169,1,14285,178,0,0,15,69,0,0,388.02655633837884
d200_spatial_means,nowcasting_layer2,test,event_count_violence_w5_m12,1170,30409,15946,14463,14463,0,30409,1169,1,14285,178,0,0,15,69,0,0,388.02655633837884
d200_spatial_means,nowcasting_layer2,test,soil_moisture_mean_s12,1170,30409,15946,14463,14463,0,30409,1169,1,14285,178,0,0,15,69,0,0,388.02655633837884
d200_spatial_means,nowcasting_layer2,test,event_count_explosions_w5_m12,1170,30409,15946,14463,14463,0,30409,1169,1,14285,178,0,0,15,69,0,0,388.02655633837884
d200_spatial_means,nowcasting_layer2,test,WFP_Price_Volatility_s12,1170,30409,7256,23153,23153,0,30409,1169,1,9710,845,12598,0,1,69,0,225.05317862988193,13517.502590837674
d200_spatial_means,nowcasting_layer2,test,event_count_violence,1170,30409,15946,14463,14463,0,30409,1169,1,14285,178,0,0,15,69,0,0,388.02655633837884
d200_spatial_means,nowcasting_layer2,test,precipitation_sum_m12,1170,30409,15946,14463,14463,0,30409,1169,1,14285,178,0,0,15,69,0,0,388.02655633837884
d200_spatial_means,nowcasting_layer2,test,event_count_violence_w10,1170,30409,15946,14463,14463,0,30409,1169,1,14285,178,0,0,15,69,0,0,388.02655633837884
d200_spatial_means,nowcasting_layer2,test,fatalities_violence_w10_m12,1170,30409,15946,14463,14463,0,30409,1169,1,14285,178,0,0,15,69,0,0,388.02655633837884
d200_spatial_means,nowcasting_layer2,test,event_count_battles,1170,30409,15946,14463,14463,0,30409,1169,1,14285,178,0,0,15,69,0,0,388.02655633837884
d200_spatial_means,nowcasting_layer2,test,event_count_explosions_w5,1170,30409,15946,14463,14463,0,30409,1169,1,14285,178,0,0,15,69,0,0,388.02655633837884
d200_spatial_means,nowcasting_layer2,test,fatalities_explosions_w10_m12,1170,30409,15946,14463,14463,0,30409,1169,1,14285,178,0,0,15,69,0,0,388.02655633837884
d200_spatial_means,nowcasting_layer2,test,event_count_battles_w10,1170,30409,15946,14463,14463,0,30409,1169,1,14285,178,0,0,15,69,0,0,388.02655633837884
d200_spatial_means,nowcasting_layer2,test,temperature_2m_mean_m12,1170,30409,15946,14463,14463,0,30409,1169,1,14285,178,0,0,15,69,0,0,388.02655633837884
d200_spatial_means,nowcasting_layer2,test,rainfall_chirps_m12,1170,30409,15946,14463,14463,0,30409,1169,1,14285,178,0,0,15,69,0,0,388.02655633837884
d200_spatial_means,nowcasting_layer2,test,fatalities_violence_m12,1170,30409,15946,14463,14463,0,30409,1169,1,14285,178,0,0,15,69,0,0,388.02655633837884
d200_spatial_means,nowcasting_layer2,test,WFP_Price_Change,1170,30409,7931,22478,22478,0,30409,1169,1,9680,224,12574,0,0,69,0,220.9464681596782,13517.502590837674
d200_spatial_means,nowcasting_layer2,test,event_count_explosions_w10,1170,30409,15946,14463,14463,0,30409,1169,1,14285,178,0,0,15,69,0,0,388.02655633837884
d200_spatial_means,nowcasting_layer2,test,gini,1170,30409,5539,24870,24870,0,30409,1169,1,5473,71,19326,0,0,69,0,292.6574448306049,9553.0781775831892
d200_spatial_means,nowcasting_layer2,test,cpi,1170,30409,5539,24870,24870,0,30409,1169,1,5473,71,19326,0,0,69,0,292.6574448306049,9553.0781775831892
d200_spatial_means,nowcasting_layer2,test,fatalities_violence_w5_m12,1170,30409,15946,14463,14463,0,30409,1169,1,14285,178,0,0,15,69,0,0,388.02655633837884
d200_spatial_means,nowcasting_layer2,test,infra_index_s12,1170,30409,0,30409,30409,0,30409,1169,1,18802,979,10628,1,10,57,0,0,14102.039797528183
d200_spatial_means,nowcasting_layer2,test,shortwave_radiation_sum_m12,1170,30409,15946,14463,14463,0,30409,1169,1,14285,178,0,0,15,69,0,0,388.02655633837884
d200_spatial_means,nowcasting_layer2,test,price_index_m12,1170,30409,15946,14463,14463,0,30409,1169,1,14285,178,0,0,15,69,0,0,388.02655633837884
d200_spatial_means,nowcasting_layer2,test,fatalities_battles_w10_m12,1170,30409,15946,14463,14463,0,30409,1169,1,14285,178,0,0,15,69,0,0,388.02655633837884
d200_spatial_means,nowcasting_layer2,test,event_count_violence_w5,1170,30409,15946,14463,14463,0,30409,1169,1,14285,178,0,0,15,69,0,0,388.02655633837884
d200_spatial_means,nowcasting_layer2,test,fatalities_explosions_w10,1170,30409,15946,14463,14463,0,30409,1169,1,14285,178,0,0,15,69,0,0,388.02655633837884
d200_spatial_means,nowcasting_layer2,test,CC.PER.RNK,1170,30409,15946,14463,14463,0,30409,1169,1,14285,178,0,0,15,69,0,0,388.02655633837884
d200_spatial_means,nowcasting_layer2,test,fatalities_violence_w5,1170,30409,15946,14463,14463,0,30409,1169,1,14285,178,0,0,15,69,0,0,388.02655633837884
d200_spatial_means,nowcasting_layer2,test,shortwave_radiation_sum_s12,1170,30409,15946,14463,14463,0,30409,1169,1,14285,178,0,0,15,69,0,0,388.02655633837884
d200_spatial_means,nowcasting_layer2,test,fatalities_battles_w10,1170,30409,15946,14463,14463,0,30409,1169,1,14285,178,0,0,15,69,0,0,388.02655633837884
d200_spatial_means,nowcasting_layer2,test,fatalities_battles_m12,1170,30409,15946,14463,14463,0,30409,1169,1,14285,178,0,0,15,69,0,0,388.02655633837884
d200_spatial_means,nowcasting_layer2,test,nightlight_mean_m12,1170,30409,15946,14463,14463,0,30409,1169,1,14285,178,0,0,15,69,0,0,388.02655633837884
d200_spatial_means,nowcasting_layer2,test,fatalities_battles_w5,1170,30409,15946,14463,14463,0,30409,1169,1,14285,178,0,0,15,69,0,0,388.02655633837884
d200_spatial_means,nowcasting_layer2,test,event_count_battles_w5,1170,30409,15946,14463,14463,0,30409,1169,1,14285,178,0,0,15,69,0,0,388.02655633837884
d200_spatial_means,nowcasting_layer2,test,fatalities_violence_w10,1170,30409,15946,14463,14463,0,30409,1169,1,14285,178,0,0,15,69,0,0,388.02655633837884
d200_spatial_means,nowcasting_layer2,test,fatalities_violence,1170,30409,15946,14463,14463,0,30409,1169,1,14285,178,0,0,15,69,0,0,388.02655633837884
d200_spatial_means,nowcasting_layer2,test,infra_index,1170,30409,0,30409,30409,0,30409,1169,1,19100,681,10628,1,10,67,0,0,14102.039797528183
d200_spatial_means,nowcasting_layer2,test,fatalities_explosions_m12,1170,30409,15946,14463,14463,0,30409,1169,1,14285,178,0,0,15,69,0,0,388.02655633837884
d200_spatial_means,nowcasting_layer2,test,temperature_z_score,1170,30409,15946,14463,14463,0,30409,1169,1,14285,178,0,0,15,69,0,0,388.02655633837884
d200_spatial_means,nowcasting_layer2,test,event_count_explosions_w10_m12,1170,30409,15946,14463,14463,0,30409,1169,1,14285,178,0,0,15,69,0,0,388.02655633837884
d200_spatial_means,nowcasting_layer2,test,NY.GDP.PCAP.KD,1170,30409,14150,16259,16259,0,30409,1169,1,11982,704,3573,0,9,68,0,0,877.86801008987152
d200_spatial_means,nowcasting_layer2,test,fatalities_explosions_w5,1170,30409,15946,14463,14463,0,30409,1169,1,14285,178,0,0,15,69,0,0,388.02655633837884
d200_spatial_means,nowcasting_layer2,test,precipitation_sum_s12,1170,30409,15946,14463,14463,0,30409,1169,1,14285,178,0,0,15,69,0,0,388.02655633837884
d200_spatial_means,nowcasting_layer2,test,WFP_Price_Volatility,1170,30409,7931,22478,22478,0,30409,1169,1,9665,224,12589,0,0,69,0,220.9464681596782,13517.502590837674
d200_spatial_means,nowcasting_layer2,test,nightlight_mean_s12,1170,30409,15946,14463,14463,0,30409,1169,1,14285,178,0,0,15,69,0,0,388.02655633837884
d200_spatial_means,nowcasting_layer2,test,GOSIF_GPP_m12,1170,30409,15946,14463,14463,0,30409,1169,1,14285,178,0,0,15,69,0,0,388.02655633837884
