area_id,date,country_code_3,source_row_index,fold_country,source_overall_phase,phase2_test,phase2_pred,phase3_test,phase3_pred,phase4_test,phase4_pred,phase5_test,phase5_pred,nonpositive_cumulative_prediction_sum,overall_phase,overall_phase_pred
1756,2017-08-01,AFG,4718,AFG,2,0.600000,0.710000,0.170000,0.400000,0.070000,0.120000,0.000000,0.000000,False,2,3
1756,2018-08-01,AFG,4719,AFG,3,0.850000,0.650000,0.550000,0.410000,0.150000,0.110000,0.000000,0.000000,False,3,3
1756,2019-08-01,AFG,4720,AFG,3,0.750000,0.680000,0.450000,0.330000,0.100000,0.110000,0.000000,0.000000,False,3,3
1756,2020-04-01,AFG,4721,AFG,3,0.750000,0.680000,0.500000,0.370000,0.150000,0.110000,0.000000,0.000000,False,3,3
1756,2020-08-01,AFG,4722,AFG,3,0.700000,0.710000,0.350000,0.330000,0.100000,0.110000,0.000000,0.000000,False,3,3
1756,2021-03-01,AFG,4723,AFG,3,0.750000,0.630000,0.350000,0.320000,0.100000,0.110000,0.000000,0.000000,False,3,3
1756,2021-09-01,AFG,4724,AFG,4,0.800000,0.690000,0.600000,0.350000,0.250000,0.110000,0.000000,0.000000,False,4,3
1756,2022-03-01,AFG,4725,AFG,3,0.800000,0.700000,0.450000,0.400000,0.150000,0.130000,0.000000,0.000000,False,3,3
1756,2022-09-01,AFG,4726,AFG,3,0.800000,0.720000,0.450000,0.410000,0.100000,0.130000,0.000000,0.000000,False,3,3
1757,2017-08-01,AFG,4727,AFG,2,0.600000,0.700000,0.170000,0.420000,0.070000,0.120000,0.000000,0.000000,False,2,3
1757,2018-08-01,AFG,4728,AFG,3,0.850000,0.650000,0.550000,0.430000,0.150000,0.120000,0.000000,0.000000,False,3,3
1757,2019-08-01,AFG,4729,AFG,3,0.750000,0.660000,0.450000,0.350000,0.100000,0.110000,0.000000,0.000000,False,3,3
1757,2020-04-01,AFG,4730,AFG,4,0.750000,0.700000,0.550000,0.370000,0.200000,0.100000,0.000000,0.000000,False,4,3
1757,2020-08-01,AFG,4731,AFG,3,0.700000,0.710000,0.400000,0.350000,0.150000,0.120000,0.000000,0.000000,False,3,3
1757,2021-03-01,AFG,4732,AFG,3,0.750000,0.620000,0.350000,0.310000,0.100000,0.100000,0.000000,0.000000,False,3,3
1757,2021-09-01,AFG,4733,AFG,4,0.800000,0.710000,0.500000,0.350000,0.200000,0.120000,0.000000,0.000000,False,4,3
1757,2022-03-01,AFG,4734,AFG,3,0.850000,0.680000,0.450000,0.380000,0.150000,0.110000,0.000000,0.000000,False,3,3
1757,2022-09-01,AFG,4735,AFG,3,0.700000,0.710000,0.350000,0.400000,0.050000,0.130000,0.000000,0.000000,False,3,3
1758,2017-08-01,AFG,4736,AFG,2,0.600000,0.650000,0.150000,0.410000,0.050000,0.110000,0.000000,0.000000,False,2,3
1758,2018-08-01,AFG,4737,AFG,3,0.850000,0.620000,0.550000,0.420000,0.150000,0.110000,0.000000,0.000000,False,3,3
1758,2019-08-01,AFG,4738,AFG,3,0.700000,0.650000,0.350000,0.340000,0.100000,0.110000,0.000000,0.000000,False,3,3
1758,2020-04-01,AFG,4739,AFG,3,0.600000,0.680000,0.300000,0.320000,0.100000,0.110000,0.000000,0.000000,False,3,3
1758,2020-08-01,AFG,4740,AFG,3,0.600000,0.690000,0.250000,0.340000,0.100000,0.120000,0.000000,0.000000,False,3,3
1758,2021-03-01,AFG,4741,AFG,2,0.650000,0.610000,0.150000,0.280000,0.000000,0.100000,0.000000,0.000000,False,2,3
1758,2021-09-01,AFG,4742,AFG,3,0.650000,0.670000,0.350000,0.340000,0.100000,0.120000,0.000000,0.000000,False,3,3
1758,2022-03-01,AFG,4743,AFG,3,0.700000,0.650000,0.350000,0.320000,0.100000,0.110000,0.000000,0.000000,False,3,3
1758,2022-09-01,AFG,4744,AFG,3,0.750000,0.700000,0.350000,0.350000,0.050000,0.130000,0.000000,0.000000,False,3,3
1759,2017-08-01,AFG,4745,AFG,3,0.700000,0.810000,0.450000,0.500000,0.100000,0.120000,0.000000,0.000000,False,3,3
1759,2018-08-01,AFG,4746,AFG,3,0.700000,0.820000,0.400000,0.500000,0.100000,0.120000,0.000000,0.000000,False,3,3
1759,2019-08-01,AFG,4747,AFG,3,0.900000,0.650000,0.550000,0.310000,0.150000,0.130000,0.000000,0.000000,False,3,3
1759,2020-04-01,AFG,4748,AFG,3,0.800000,0.700000,0.550000,0.350000,0.150000,0.120000,0.000000,0.000000,False,3,3
1759,2020-08-01,AFG,4749,AFG,3,0.750000,0.700000,0.400000,0.330000,0.150000,0.120000,0.000000,0.000000,False,3,3
1759,2021-03-01,AFG,4750,AFG,3,0.750000,0.650000,0.400000,0.310000,0.100000,0.110000,0.000000,0.000000,False,3,3
1759,2022-03-01,AFG,4751,AFG,4,0.850000,0.680000,0.500000,0.380000,0.200000,0.120000,0.000000,0.000000,False,4,3
1762,2017-08-01,AFG,4757,AFG,4,0.850000,0.730000,0.600000,0.420000,0.250000,0.100000,0.000000,0.000000,False,4,3
1762,2018-08-01,AFG,4758,AFG,4,0.900000,0.720000,0.750000,0.470000,0.450000,0.110000,0.000000,0.000000,False,4,3
1762,2019-08-01,AFG,4759,AFG,3,0.850000,0.700000,0.650000,0.380000,0.150000,0.110000,0.000000,0.000000,False,3,3
1762,2020-04-01,AFG,4760,AFG,3,0.900000,0.710000,0.500000,0.360000,0.150000,0.100000,0.000000,0.000000,False,3,3
1762,2020-08-01,AFG,4761,AFG,3,0.800000,0.740000,0.450000,0.350000,0.150000,0.100000,0.000000,0.000000,False,3,3
1762,2021-03-01,AFG,4762,AFG,3,0.800000,0.660000,0.400000,0.300000,0.100000,0.090000,0.000000,0.000000,False,3,3
1762,2022-03-01,AFG,4763,AFG,4,0.850000,0.670000,0.550000,0.340000,0.200000,0.120000,0.000000,0.000000,False,4,3
1762,2022-09-01,AFG,4764,AFG,3,0.850000,0.720000,0.500000,0.380000,0.150000,0.130000,0.000000,0.000000,False,3,3
1763,2017-08-01,AFG,4765,AFG,3,0.710000,0.740000,0.260000,0.410000,0.070000,0.110000,0.000000,0.000000,False,3,3
1763,2018-08-01,AFG,4766,AFG,3,0.850000,0.760000,0.600000,0.430000,0.150000,0.120000,0.000000,0.000000,False,3,3
1763,2019-08-01,AFG,4767,AFG,2,0.650000,0.650000,0.150000,0.330000,0.050000,0.130000,0.000000,0.000000,False,2,3
1763,2020-04-01,AFG,4768,AFG,2,0.800000,0.700000,0.150000,0.380000,0.050000,0.120000,0.000000,0.000000,False,2,3
1763,2020-08-01,AFG,4769,AFG,3,0.800000,0.690000,0.400000,0.360000,0.100000,0.110000,0.000000,0.000000,False,3,3
1763,2021-03-01,AFG,4770,AFG,3,0.650000,0.670000,0.300000,0.320000,0.050000,0.110000,0.000000,0.000000,False,3,3
1763,2022-03-01,AFG,4771,AFG,3,0.800000,0.710000,0.500000,0.400000,0.150000,0.150000,0.000000,0.000000,False,3,3
1763,2022-09-01,AFG,4772,AFG,3,0.800000,0.710000,0.350000,0.370000,0.100000,0.140000,0.000000,0.000000,False,3,3
1766,2017-08-01,AFG,4776,AFG,3,0.710000,0.730000,0.260000,0.430000,0.070000,0.120000,0.000000,0.000000,False,3,3
1766,2018-08-01,AFG,4777,AFG,3,0.850000,0.740000,0.600000,0.460000,0.150000,0.130000,0.000000,0.000000,False,3,3
1766,2019-08-01,AFG,4778,AFG,2,0.650000,0.670000,0.150000,0.360000,0.050000,0.110000,0.000000,0.000000,False,2,3
1766,2020-04-01,AFG,4779,AFG,3,0.700000,0.710000,0.500000,0.380000,0.100000,0.120000,0.000000,0.000000,False,3,3
1766,2020-08-01,AFG,4780,AFG,3,0.800000,0.710000,0.500000,0.350000,0.150000,0.130000,0.000000,0.000000,False,3,3
1766,2021-03-01,AFG,4781,AFG,3,0.700000,0.690000,0.300000,0.250000,0.100000,0.100000,0.000000,0.000000,False,3,3
1766,2022-03-01,AFG,4782,AFG,3,0.800000,0.690000,0.450000,0.400000,0.150000,0.130000,0.000000,0.000000,False,3,3
1766,2022-09-01,AFG,4783,AFG,3,0.800000,0.730000,0.400000,0.380000,0.100000,0.130000,0.000000,0.000000,False,3,3
1767,2017-08-01,AFG,4784,AFG,3,0.650000,0.770000,0.300000,0.400000,0.160000,0.100000,0.000000,0.000000,False,3,3
1767,2018-08-01,AFG,4785,AFG,3,0.750000,0.790000,0.450000,0.440000,0.100000,0.110000,0.000000,0.000000,False,3,3
1767,2019-08-01,AFG,4786,AFG,3,0.700000,0.700000,0.450000,0.390000,0.100000,0.110000,0.000000,0.000000,False,3,3
1767,2020-04-01,AFG,4787,AFG,3,0.700000,0.690000,0.300000,0.360000,0.100000,0.090000,0.000000,0.000000,False,3,3
1767,2020-08-01,AFG,4788,AFG,4,0.850000,0.730000,0.500000,0.340000,0.200000,0.100000,0.000000,0.000000,False,4,3
1767,2021-03-01,AFG,4789,AFG,3,0.700000,0.690000,0.400000,0.290000,0.050000,0.090000,0.000000,0.000000,False,3,3
1767,2022-03-01,AFG,4790,AFG,3,0.800000,0.700000,0.450000,0.390000,0.150000,0.100000,0.000000,0.000000,False,3,3
1767,2022-09-01,AFG,4791,AFG,3,0.750000,0.770000,0.450000,0.480000,0.150000,0.120000,0.000000,0.000000,False,3,3
1768,2017-08-01,AFG,4792,AFG,3,0.650000,0.780000,0.300000,0.400000,0.160000,0.110000,0.000000,0.000000,False,3,3
1768,2018-08-01,AFG,4793,AFG,3,0.750000,0.760000,0.450000,0.430000,0.100000,0.110000,0.000000,0.000000,False,3,3
1768,2019-08-01,AFG,4794,AFG,3,0.700000,0.720000,0.450000,0.390000,0.100000,0.110000,0.000000,0.000000,False,3,3
1768,2020-04-01,AFG,4795,AFG,3,0.700000,0.720000,0.450000,0.390000,0.150000,0.090000,0.000000,0.000000,False,3,3
1768,2020-08-01,AFG,4796,AFG,3,0.850000,0.770000,0.550000,0.370000,0.150000,0.090000,0.000000,0.000000,False,3,3
1768,2021-03-01,AFG,4797,AFG,4,0.800000,0.710000,0.500000,0.330000,0.250000,0.080000,0.000000,0.000000,False,4,3
1768,2022-03-01,AFG,4798,AFG,4,0.900000,0.710000,0.550000,0.380000,0.200000,0.100000,0.000000,0.000000,False,4,3
1768,2022-09-01,AFG,4799,AFG,3,0.800000,0.770000,0.450000,0.480000,0.150000,0.120000,0.000000,0.000000,False,3,3
1769,2017-08-01,AFG,4800,AFG,3,0.900000,0.730000,0.400000,0.410000,0.120000,0.100000,0.000000,0.000000,False,3,3
1769,2018-08-01,AFG,4801,AFG,3,0.850000,0.750000,0.600000,0.460000,0.150000,0.110000,0.000000,0.000000,False,3,3
1769,2019-08-01,AFG,4802,AFG,3,0.850000,0.680000,0.650000,0.360000,0.150000,0.080000,0.000000,0.000000,False,3,3
1769,2020-04-01,AFG,4803,AFG,3,0.750000,0.750000,0.400000,0.390000,0.100000,0.110000,0.000000,0.000000,False,3,3
1769,2020-08-01,AFG,4804,AFG,4,0.850000,0.740000,0.500000,0.360000,0.200000,0.110000,0.000000,0.000000,False,4,3
1769,2021-03-01,AFG,4805,AFG,4,0.800000,0.710000,0.450000,0.360000,0.200000,0.130000,0.000000,0.000000,False,4,3
1769,2021-09-01,AFG,4806,AFG,4,0.900000,0.730000,0.650000,0.390000,0.300000,0.150000,0.000000,0.000000,False,4,3
1769,2022-03-01,AFG,4807,AFG,4,0.850000,0.730000,0.500000,0.400000,0.250000,0.160000,0.020000,0.000000,False,4,3
1769,2022-09-01,AFG,4808,AFG,4,0.800000,0.700000,0.550000,0.370000,0.200000,0.160000,0.000000,0.000000,False,4,3
1772,2017-08-01,AFG,4816,AFG,3,0.700000,0.700000,0.280000,0.430000,0.110000,0.130000,0.000000,0.000000,False,3,3
1772,2018-08-01,AFG,4817,AFG,4,0.800000,0.730000,0.500000,0.470000,0.200000,0.130000,0.000000,0.000000,False,4,3
1772,2018-10-01,AFG,4818,AFG,3,0.600000,0.730000,0.350000,0.490000,0.100000,0.140000,0.000000,0.000000,False,3,3
1772,2019-08-01,AFG,4819,AFG,3,0.700000,0.680000,0.350000,0.360000,0.100000,0.110000,0.000000,0.000000,False,3,3
1772,2020-04-01,AFG,4820,AFG,3,0.800000,0.750000,0.450000,0.380000,0.100000,0.100000,0.000000,0.000000,False,3,3
1772,2020-08-01,AFG,4821,AFG,3,0.650000,0.730000,0.350000,0.410000,0.150000,0.120000,0.000000,0.000000,False,3,3
1772,2021-03-01,AFG,4822,AFG,3,0.750000,0.680000,0.400000,0.320000,0.100000,0.110000,0.000000,0.000000,False,3,3
1772,2021-09-01,AFG,4823,AFG,3,0.750000,0.700000,0.400000,0.420000,0.100000,0.130000,0.000000,0.000000,False,3,3
1772,2021-10-01,AFG,4824,AFG,3,0.550000,0.710000,0.200000,0.420000,0.050000,0.130000,0.000000,0.000000,False,3,3
1772,2022-03-01,AFG,4825,AFG,3,0.800000,0.730000,0.500000,0.450000,0.150000,0.130000,0.000000,0.000000,False,3,3
1772,2022-07-01,AFG,4826,AFG,3,0.650000,0.670000,0.300000,0.400000,0.100000,0.110000,0.000000,0.000000,False,3,3
1772,2022-09-01,AFG,4827,AFG,3,0.800000,0.720000,0.400000,0.410000,0.100000,0.130000,0.000000,0.000000,False,3,3
1773,2017-08-01,AFG,4828,AFG,3,0.700000,0.680000,0.280000,0.370000,0.110000,0.100000,0.000000,0.000000,False,3,3
1773,2018-08-01,AFG,4829,AFG,4,0.800000,0.690000,0.500000,0.410000,0.200000,0.100000,0.000000,0.000000,False,4,3
1773,2018-10-01,AFG,4830,AFG,3,0.600000,0.720000,0.350000,0.470000,0.100000,0.140000,0.000000,0.000000,False,3,3
1773,2019-08-01,AFG,4831,AFG,3,0.700000,0.600000,0.350000,0.300000,0.100000,0.100000,0.000000,0.000000,False,3,3
1773,2020-04-01,AFG,4832,AFG,4,0.800000,0.700000,0.500000,0.350000,0.200000,0.100000,0.000000,0.000000,False,4,3
1773,2020-08-01,AFG,4833,AFG,3,0.750000,0.680000,0.400000,0.320000,0.150000,0.090000,0.000000,0.000000,False,3,3
1773,2021-03-01,AFG,4834,AFG,3,0.750000,0.600000,0.450000,0.290000,0.100000,0.100000,0.000000,0.000000,False,3,3
1773,2021-09-01,AFG,4835,AFG,3,0.750000,0.660000,0.400000,0.340000,0.150000,0.110000,0.000000,0.000000,False,3,3
1773,2021-10-01,AFG,4836,AFG,3,0.550000,0.700000,0.200000,0.370000,0.050000,0.110000,0.000000,0.000000,False,3,3
1773,2022-03-01,AFG,4837,AFG,4,0.800000,0.670000,0.450000,0.380000,0.200000,0.110000,0.000000,0.000000,False,4,3
1773,2022-07-01,AFG,4838,AFG,3,0.650000,0.640000,0.300000,0.340000,0.100000,0.090000,0.000000,0.000000,False,3,3
1773,2022-09-01,AFG,4839,AFG,3,0.750000,0.690000,0.350000,0.330000,0.100000,0.110000,0.000000,0.000000,False,3,3
1774,2017-08-01,AFG,4840,AFG,2,0.590000,0.830000,0.160000,0.430000,0.030000,0.160000,0.000000,0.000000,False,2,3
1774,2018-08-01,AFG,4841,AFG,3,0.750000,0.820000,0.400000,0.480000,0.100000,0.170000,0.000000,0.000000,False,3,3
1774,2019-08-01,AFG,4842,AFG,2,0.600000,0.750000,0.150000,0.410000,0.050000,0.140000,0.000000,0.000000,False,2,3
1774,2020-04-01,AFG,4843,AFG,3,0.700000,0.680000,0.350000,0.300000,0.100000,0.090000,0.000000,0.000000,False,3,3
1774,2020-08-01,AFG,4844,AFG,3,0.850000,0.730000,0.500000,0.310000,0.150000,0.100000,0.000000,0.000000,False,3,3
1774,2021-03-01,AFG,4845,AFG,3,0.700000,0.660000,0.350000,0.280000,0.050000,0.090000,0.000000,0.000000,False,3,3
1774,2022-03-01,AFG,4846,AFG,4,0.850000,0.720000,0.500000,0.390000,0.200000,0.100000,0.000000,0.000000,False,4,3
1774,2022-09-01,AFG,4847,AFG,3,0.700000,0.760000,0.350000,0.400000,0.100000,0.130000,0.000000,0.000000,False,3,3
1776,2017-08-01,AFG,4851,AFG,2,0.590000,0.830000,0.160000,0.450000,0.030000,0.140000,0.000000,0.000000,False,2,3
1776,2018-08-01,AFG,4852,AFG,3,0.750000,0.790000,0.400000,0.480000,0.100000,0.150000,0.000000,0.000000,False,3,3
1776,2019-08-01,AFG,4853,AFG,2,0.600000,0.760000,0.150000,0.450000,0.050000,0.120000,0.000000,0.000000,False,2,3
1776,2020-04-01,AFG,4854,AFG,3,0.800000,0.650000,0.500000,0.360000,0.150000,0.090000,0.000000,0.000000,False,3,3
1776,2020-08-01,AFG,4855,AFG,3,0.800000,0.780000,0.500000,0.410000,0.150000,0.120000,0.000000,0.000000,False,3,3
1776,2021-03-01,AFG,4856,AFG,3,0.800000,0.690000,0.450000,0.310000,0.150000,0.090000,0.000000,0.000000,False,3,3
1776,2022-03-01,AFG,4857,AFG,4,0.850000,0.750000,0.450000,0.420000,0.200000,0.100000,0.000000,0.000000,False,4,3
1776,2022-09-01,AFG,4858,AFG,3,0.700000,0.770000,0.400000,0.440000,0.150000,0.130000,0.000000,0.000000,False,3,3
1777,2017-08-01,AFG,4859,AFG,3,0.700000,0.710000,0.450000,0.400000,0.100000,0.110000,0.000000,0.000000,False,3,3
1777,2018-08-01,AFG,4860,AFG,3,0.850000,0.720000,0.530000,0.430000,0.150000,0.120000,0.000000,0.000000,False,3,3
1777,2019-08-01,AFG,4861,AFG,4,0.850000,0.610000,0.550000,0.290000,0.250000,0.080000,0.000000,0.000000,False,4,3
1777,2020-04-01,AFG,4862,AFG,3,0.850000,0.710000,0.600000,0.360000,0.150000,0.100000,0.000000,0.000000,False,3,3
1777,2020-08-01,AFG,4863,AFG,4,0.800000,0.690000,0.450000,0.330000,0.200000,0.110000,0.000000,0.000000,False,4,3
1777,2021-03-01,AFG,4864,AFG,3,0.750000,0.640000,0.350000,0.270000,0.100000,0.100000,0.000000,0.000000,False,3,3
1777,2022-03-01,AFG,4865,AFG,4,0.850000,0.690000,0.450000,0.320000,0.200000,0.110000,0.000000,0.000000,False,4,3
1777,2022-09-01,AFG,4866,AFG,3,0.800000,0.660000,0.450000,0.300000,0.150000,0.110000,0.000000,0.000000,False,3,3
1778,2017-08-01,AFG,4867,AFG,3,0.750000,0.800000,0.450000,0.490000,0.100000,0.140000,0.000000,0.000000,False,3,3
1778,2018-08-01,AFG,4868,AFG,3,0.750000,0.780000,0.400000,0.440000,0.050000,0.110000,0.000000,0.000000,False,3,3
1778,2019-08-01,AFG,4869,AFG,3,0.700000,0.760000,0.400000,0.400000,0.100000,0.100000,0.000000,0.000000,False,3,3
1778,2020-04-01,AFG,4870,AFG,3,0.750000,0.770000,0.400000,0.400000,0.100000,0.090000,0.000000,0.000000,False,3,3
1778,2020-08-01,AFG,4871,AFG,3,0.800000,0.800000,0.400000,0.400000,0.100000,0.100000,0.000000,0.000000,False,3,3
1778,2021-03-01,AFG,4872,AFG,3,0.800000,0.790000,0.400000,0.430000,0.050000,0.120000,0.000000,0.000000,False,3,3
1778,2022-03-01,AFG,4873,AFG,3,0.850000,0.780000,0.450000,0.460000,0.150000,0.130000,0.000000,0.000000,False,3,3
1779,2017-08-01,AFG,4874,AFG,3,0.760000,0.720000,0.530000,0.430000,0.100000,0.110000,0.000000,0.000000,False,3,3
1779,2018-08-01,AFG,4875,AFG,3,0.850000,0.730000,0.600000,0.480000,0.150000,0.120000,0.000000,0.000000,False,3,3
1779,2019-08-01,AFG,4876,AFG,3,0.750000,0.670000,0.550000,0.350000,0.150000,0.120000,0.000000,0.000000,False,3,3
1779,2020-04-01,AFG,4877,AFG,4,0.850000,0.710000,0.450000,0.400000,0.200000,0.120000,0.000000,0.000000,False,4,3
1779,2020-08-01,AFG,4878,AFG,4,0.700000,0.720000,0.450000,0.380000,0.200000,0.110000,0.000000,0.000000,False,4,3
1779,2021-03-01,AFG,4879,AFG,4,0.800000,0.680000,0.550000,0.340000,0.250000,0.110000,0.000000,0.000000,False,4,3
1779,2021-09-01,AFG,4880,AFG,4,0.800000,0.710000,0.500000,0.380000,0.200000,0.130000,0.000000,0.000000,False,4,3
1779,2022-03-01,AFG,4881,AFG,4,0.850000,0.690000,0.550000,0.410000,0.200000,0.130000,0.000000,0.000000,False,4,3
1782,2017-08-01,AFG,4890,AFG,2,0.600000,0.690000,0.180000,0.390000,0.030000,0.100000,0.000000,0.000000,False,2,3
1782,2017-11-01,AFG,4891,AFG,3,0.550000,0.770000,0.240000,0.470000,0.070000,0.150000,0.000000,0.000000,False,3,3
1782,2018-08-01,AFG,4892,AFG,3,0.700000,0.700000,0.400000,0.410000,0.050000,0.100000,0.000000,0.000000,False,3,3
1782,2019-08-01,AFG,4893,AFG,3,0.700000,0.610000,0.450000,0.370000,0.050000,0.070000,0.000000,0.000000,False,3,3
1782,2020-04-01,AFG,4894,AFG,3,0.650000,0.630000,0.300000,0.360000,0.100000,0.100000,0.000000,0.000000,False,3,3
1782,2020-08-01,AFG,4895,AFG,3,0.750000,0.670000,0.450000,0.340000,0.150000,0.100000,0.000000,0.000000,False,3,3
1782,2021-03-01,AFG,4896,AFG,3,0.750000,0.580000,0.400000,0.280000,0.050000,0.090000,0.000000,0.000000,False,3,3
1782,2021-09-01,AFG,4897,AFG,4,0.850000,0.710000,0.550000,0.360000,0.200000,0.100000,0.000000,0.000000,False,4,3
1782,2022-03-01,AFG,4898,AFG,4,0.850000,0.720000,0.550000,0.390000,0.200000,0.110000,0.000000,0.000000,False,4,3
1782,2022-09-01,AFG,4899,AFG,3,0.750000,0.710000,0.400000,0.420000,0.100000,0.130000,0.000000,0.000000,False,3,3
1783,2017-11-01,AFG,4900,AFG,3,0.550000,0.770000,0.240000,0.470000,0.070000,0.150000,0.000000,0.000000,False,3,3
1783,2018-08-01,AFG,4901,AFG,3,0.700000,0.700000,0.400000,0.440000,0.050000,0.100000,0.000000,0.000000,False,3,3
1783,2019-08-01,AFG,4902,AFG,3,0.700000,0.610000,0.450000,0.390000,0.050000,0.090000,0.000000,0.000000,False,3,3
1783,2020-08-01,AFG,4903,AFG,3,0.750000,0.670000,0.400000,0.370000,0.150000,0.100000,0.000000,0.000000,False,3,3
1783,2021-03-01,AFG,4904,AFG,3,0.750000,0.620000,0.450000,0.320000,0.100000,0.120000,0.000000,0.000000,False,3,3
1783,2021-09-01,AFG,4905,AFG,4,0.850000,0.740000,0.550000,0.380000,0.200000,0.120000,0.000000,0.000000,False,4,3
1783,2022-03-01,AFG,4906,AFG,3,0.900000,0.720000,0.500000,0.410000,0.150000,0.110000,0.000000,0.000000,False,3,3
1783,2022-09-01,AFG,4907,AFG,3,0.800000,0.710000,0.450000,0.410000,0.150000,0.120000,0.000000,0.000000,False,3,3
1785,2017-08-01,AFG,4910,AFG,2,0.630000,0.620000,0.180000,0.400000,0.050000,0.100000,0.000000,0.000000,False,2,3
1785,2018-08-01,AFG,4911,AFG,3,0.850000,0.690000,0.450000,0.430000,0.100000,0.110000,0.000000,0.000000,False,3,3
1785,2018-10-01,AFG,4912,AFG,3,0.600000,0.710000,0.350000,0.450000,0.100000,0.120000,0.000000,0.000000,False,3,3
1785,2019-08-01,AFG,4913,AFG,3,0.700000,0.620000,0.400000,0.310000,0.100000,0.080000,0.000000,0.000000,False,3,3
1785,2020-04-01,AFG,4914,AFG,3,0.750000,0.700000,0.400000,0.340000,0.150000,0.090000,0.000000,0.000000,False,3,3
1785,2020-08-01,AFG,4915,AFG,3,0.800000,0.700000,0.400000,0.330000,0.100000,0.100000,0.000000,0.000000,False,3,3
1785,2021-03-01,AFG,4916,AFG,3,0.650000,0.650000,0.350000,0.290000,0.050000,0.090000,0.000000,0.000000,False,3,3
1785,2022-03-01,AFG,4917,AFG,3,0.800000,0.660000,0.500000,0.360000,0.150000,0.130000,0.000000,0.000000,False,3,3
1785,2022-07-01,AFG,4918,AFG,3,0.650000,0.640000,0.300000,0.350000,0.100000,0.090000,0.000000,0.000000,False,3,3
1785,2022-09-01,AFG,4919,AFG,3,0.750000,0.670000,0.450000,0.320000,0.150000,0.110000,0.000000,0.000000,False,3,3
1786,2019-08-01,AFG,4920,AFG,3,0.700000,0.650000,0.400000,0.390000,0.100000,0.090000,0.000000,0.000000,False,3,3
1786,2022-09-01,AFG,4921,AFG,3,0.900000,0.720000,0.400000,0.380000,0.050000,0.110000,0.000000,0.000000,False,3,3
1789,2017-08-01,AFG,4926,AFG,3,0.670000,0.660000,0.340000,0.410000,0.060000,0.090000,0.000000,0.000000,False,3,3
1789,2017-11-01,AFG,4927,AFG,2,0.650000,0.760000,0.190000,0.480000,0.040000,0.150000,0.000000,0.000000,False,2,3
1789,2018-08-01,AFG,4928,AFG,3,0.700000,0.700000,0.400000,0.450000,0.050000,0.110000,0.000000,0.000000,False,3,3
1789,2019-08-01,AFG,4929,AFG,3,0.700000,0.650000,0.400000,0.360000,0.100000,0.070000,0.000000,0.000000,False,3,3
1789,2020-04-01,AFG,4930,AFG,3,0.750000,0.730000,0.500000,0.340000,0.150000,0.100000,0.000000,0.000000,False,3,3
1789,2020-08-01,AFG,4931,AFG,3,0.800000,0.730000,0.400000,0.330000,0.150000,0.090000,0.000000,0.000000,False,3,3
1789,2021-03-01,AFG,4932,AFG,3,0.700000,0.720000,0.400000,0.290000,0.150000,0.090000,0.000000,0.000000,False,3,3
1789,2022-09-01,AFG,4933,AFG,3,0.750000,0.740000,0.400000,0.350000,0.150000,0.100000,0.000000,0.000000,False,3,3
1791,2017-08-01,AFG,4936,AFG,3,0.670000,0.740000,0.320000,0.410000,0.070000,0.120000,0.000000,0.000000,False,3,3
1791,2018-08-01,AFG,4937,AFG,3,0.700000,0.700000,0.350000,0.420000,0.100000,0.110000,0.000000,0.000000,False,3,3
1791,2019-08-01,AFG,4938,AFG,2,0.650000,0.680000,0.150000,0.400000,0.050000,0.080000,0.000000,0.000000,False,2,3
1791,2020-04-01,AFG,4939,AFG,3,0.700000,0.740000,0.300000,0.430000,0.100000,0.120000,0.000000,0.000000,False,3,3
1791,2020-08-01,AFG,4940,AFG,3,0.650000,0.730000,0.300000,0.370000,0.100000,0.100000,0.000000,0.000000,False,3,3
1791,2021-03-01,AFG,4941,AFG,3,0.700000,0.740000,0.250000,0.410000,0.050000,0.120000,0.000000,0.000000,False,3,3
1791,2021-09-01,AFG,4942,AFG,4,0.850000,0.710000,0.550000,0.400000,0.250000,0.110000,0.000000,0.000000,False,4,3
1791,2022-03-01,AFG,4943,AFG,3,0.800000,0.770000,0.400000,0.440000,0.100000,0.140000,0.000000,0.000000,False,3,3
1791,2022-09-01,AFG,4944,AFG,3,0.650000,0.740000,0.250000,0.440000,0.050000,0.130000,0.000000,0.000000,False,3,3
1793,2017-05-01,AFG,4947,AFG,3,0.590000,0.700000,0.390000,0.450000,0.110000,0.110000,0.000000,0.000000,False,3,3
1793,2017-08-01,AFG,4948,AFG,3,0.700000,0.730000,0.250000,0.450000,0.050000,0.100000,0.000000,0.000000,False,3,3
1793,2017-11-01,AFG,4949,AFG,3,0.760000,0.820000,0.490000,0.540000,0.040000,0.180000,0.000000,0.000000,False,3,3
1793,2018-08-01,AFG,4950,AFG,3,0.700000,0.740000,0.300000,0.490000,0.100000,0.120000,0.000000,0.000000,False,3,3
1793,2019-08-01,AFG,4951,AFG,3,0.700000,0.650000,0.400000,0.420000,0.100000,0.090000,0.000000,0.000000,False,3,3
1793,2020-04-01,AFG,4952,AFG,3,0.700000,0.720000,0.350000,0.420000,0.100000,0.120000,0.000000,0.000000,False,3,3
1793,2020-08-01,AFG,4953,AFG,3,0.700000,0.730000,0.400000,0.400000,0.150000,0.110000,0.000000,0.000000,False,3,3
1793,2021-03-01,AFG,4954,AFG,3,0.700000,0.660000,0.250000,0.350000,0.050000,0.110000,0.000000,0.000000,False,3,3
1793,2022-03-01,AFG,4955,AFG,4,0.850000,0.730000,0.500000,0.430000,0.200000,0.120000,0.000000,0.000000,False,4,3
1793,2022-09-01,AFG,4956,AFG,3,0.800000,0.720000,0.400000,0.420000,0.050000,0.120000,0.000000,0.000000,False,3,3
1795,2017-11-01,AFG,4959,AFG,3,0.760000,0.780000,0.490000,0.430000,0.040000,0.170000,0.000000,0.000000,False,3,3
1795,2018-08-01,AFG,4960,AFG,2,0.300000,0.700000,0.100000,0.380000,0.000000,0.100000,0.000000,0.000000,False,2,3
1795,2022-03-01,AFG,4961,AFG,3,0.750000,0.740000,0.350000,0.400000,0.150000,0.140000,0.000000,0.000000,False,3,3
1796,2017-05-01,AFG,4962,AFG,2,0.630000,0.710000,0.130000,0.410000,0.030000,0.160000,0.000000,0.000000,False,2,3
1796,2017-08-01,AFG,4963,AFG,2,0.650000,0.660000,0.150000,0.380000,0.050000,0.120000,0.000000,0.000000,False,2,3
1796,2017-11-01,AFG,4964,AFG,2,0.650000,0.790000,0.190000,0.480000,0.040000,0.170000,0.000000,0.000000,False,2,3
1796,2018-08-01,AFG,4965,AFG,3,0.700000,0.740000,0.400000,0.430000,0.050000,0.130000,0.000000,0.000000,False,3,3
1796,2019-08-01,AFG,4966,AFG,2,0.600000,0.580000,0.150000,0.330000,0.050000,0.070000,0.000000,0.000000,False,2,3
1796,2020-04-01,AFG,4967,AFG,3,0.800000,0.680000,0.450000,0.370000,0.100000,0.100000,0.000000,0.000000,False,3,3
1796,2020-08-01,AFG,4968,AFG,3,0.750000,0.680000,0.350000,0.320000,0.100000,0.100000,0.000000,0.000000,False,3,3
1796,2021-03-01,AFG,4969,AFG,3,0.700000,0.630000,0.400000,0.250000,0.100000,0.090000,0.000000,0.000000,False,3,3
1796,2022-03-01,AFG,4970,AFG,3,0.800000,0.700000,0.400000,0.420000,0.150000,0.120000,0.000000,0.000000,False,3,3
1797,2017-05-01,AFG,4971,AFG,2,0.630000,0.690000,0.130000,0.440000,0.030000,0.140000,0.000000,0.000000,False,2,3
1797,2017-08-01,AFG,4972,AFG,2,0.650000,0.660000,0.150000,0.370000,0.050000,0.100000,0.000000,0.000000,False,2,3
1797,2017-11-01,AFG,4973,AFG,2,0.650000,0.770000,0.190000,0.500000,0.040000,0.160000,0.000000,0.000000,False,2,3
1797,2018-08-01,AFG,4974,AFG,3,0.700000,0.720000,0.400000,0.410000,0.050000,0.100000,0.000000,0.000000,False,3,3
1797,2019-08-01,AFG,4975,AFG,2,0.600000,0.600000,0.150000,0.320000,0.050000,0.070000,0.000000,0.000000,False,2,3
1797,2020-04-01,AFG,4976,AFG,3,0.800000,0.690000,0.450000,0.350000,0.100000,0.100000,0.000000,0.000000,False,3,3
1797,2020-08-01,AFG,4977,AFG,3,0.750000,0.690000,0.350000,0.330000,0.100000,0.100000,0.000000,0.000000,False,3,3
1797,2021-03-01,AFG,4978,AFG,3,0.700000,0.640000,0.400000,0.250000,0.100000,0.090000,0.000000,0.000000,False,3,3
1797,2022-03-01,AFG,4979,AFG,3,0.800000,0.710000,0.400000,0.430000,0.150000,0.120000,0.000000,0.000000,False,3,3
1798,2017-08-01,AFG,4980,AFG,2,0.550000,0.690000,0.190000,0.440000,0.020000,0.140000,0.000000,0.000000,False,2,3
1798,2017-11-01,AFG,4981,AFG,3,0.550000,0.790000,0.240000,0.490000,0.070000,0.180000,0.000000,0.000000,False,3,3
1798,2018-08-01,AFG,4982,AFG,3,0.600000,0.720000,0.350000,0.480000,0.100000,0.150000,0.000000,0.000000,False,3,3
1798,2019-08-01,AFG,4983,AFG,2,0.600000,0.610000,0.150000,0.430000,0.050000,0.120000,0.000000,0.000000,False,2,3
1798,2020-04-01,AFG,4984,AFG,3,0.600000,0.720000,0.250000,0.410000,0.050000,0.120000,0.000000,0.000000,False,3,3
1798,2020-08-01,AFG,4985,AFG,3,0.700000,0.650000,0.250000,0.400000,0.050000,0.100000,0.000000,0.000000,False,3,3
1798,2021-03-01,AFG,4986,AFG,3,0.650000,0.660000,0.300000,0.340000,0.100000,0.110000,0.000000,0.000000,False,3,3
1798,2022-03-01,AFG,4987,AFG,3,0.850000,0.780000,0.400000,0.440000,0.100000,0.130000,0.000000,0.000000,False,3,3
1799,2017-08-01,AFG,4988,AFG,3,0.500000,0.630000,0.400000,0.470000,0.100000,0.110000,0.000000,0.000000,False,3,3
1799,2018-08-01,AFG,4989,AFG,3,0.700000,0.690000,0.400000,0.480000,0.150000,0.120000,0.000000,0.000000,False,3,3
1799,2019-08-01,AFG,4990,AFG,2,0.500000,0.650000,0.150000,0.380000,0.050000,0.100000,0.000000,0.000000,False,2,3
1799,2019-11-01,AFG,4991,AFG,3,0.450000,0.730000,0.250000,0.420000,0.100000,0.110000,0.000000,0.000000,False,3,3
1799,2020-04-01,AFG,4992,AFG,3,0.800000,0.760000,0.350000,0.430000,0.100000,0.120000,0.000000,0.000000,False,3,3
1799,2020-08-01,AFG,4993,AFG,3,0.600000,0.680000,0.250000,0.360000,0.050000,0.110000,0.000000,0.000000,False,3,3
1799,2021-03-01,AFG,4994,AFG,3,0.650000,0.740000,0.250000,0.370000,0.100000,0.110000,0.000000,0.000000,False,3,3
1799,2021-09-01,AFG,4995,AFG,3,0.800000,0.730000,0.500000,0.370000,0.150000,0.120000,0.000000,0.000000,False,3,3
1799,2021-10-01,AFG,4996,AFG,3,0.850000,0.710000,0.500000,0.400000,0.100000,0.120000,0.000000,0.000000,False,3,3
1799,2022-03-01,AFG,4997,AFG,3,0.900000,0.740000,0.500000,0.420000,0.150000,0.120000,0.000000,0.000000,False,3,3
1799,2022-09-01,AFG,4998,AFG,3,0.850000,0.710000,0.450000,0.410000,0.150000,0.120000,0.000000,0.000000,False,3,3
1800,2017-08-01,AFG,4999,AFG,2,0.550000,0.650000,0.190000,0.360000,0.020000,0.100000,0.000000,0.000000,False,2,3
1800,2017-11-01,AFG,5000,AFG,3,0.550000,0.800000,0.240000,0.470000,0.070000,0.150000,0.000000,0.000000,False,3,3
1800,2018-08-01,AFG,5001,AFG,3,0.600000,0.720000,0.350000,0.390000,0.100000,0.100000,0.000000,0.000000,False,3,3
1800,2019-08-01,AFG,5002,AFG,2,0.600000,0.600000,0.150000,0.350000,0.050000,0.070000,0.000000,0.000000,False,2,3
1800,2020-04-01,AFG,5003,AFG,3,0.600000,0.630000,0.250000,0.350000,0.050000,0.100000,0.000000,0.000000,False,3,3
1800,2020-08-01,AFG,5004,AFG,3,0.700000,0.620000,0.250000,0.320000,0.050000,0.080000,0.000000,0.000000,False,3,3
1800,2021-03-01,AFG,5005,AFG,3,0.650000,0.590000,0.300000,0.290000,0.100000,0.090000,0.000000,0.000000,False,3,3
1800,2021-09-01,AFG,5006,AFG,3,0.600000,0.690000,0.400000,0.320000,0.150000,0.100000,0.000000,0.000000,False,3,3
1800,2022-03-01,AFG,5007,AFG,3,0.850000,0.750000,0.400000,0.390000,0.100000,0.110000,0.000000,0.000000,False,3,3
1800,2022-09-01,AFG,5008,AFG,3,0.800000,0.720000,0.350000,0.380000,0.100000,0.110000,0.000000,0.000000,False,3,3
1802,2017-08-01,AFG,5009,AFG,2,0.550000,0.660000,0.190000,0.370000,0.020000,0.100000,0.000000,0.000000,False,2,3
1802,2017-11-01,AFG,5010,AFG,2,0.570000,0.760000,0.170000,0.470000,0.080000,0.140000,0.000000,0.000000,False,2,3
1802,2018-08-01,AFG,5011,AFG,3,0.600000,0.600000,0.350000,0.380000,0.100000,0.080000,0.000000,0.000000,False,3,3
1802,2019-08-01,AFG,5012,AFG,2,0.600000,0.620000,0.150000,0.360000,0.050000,0.070000,0.000000,0.000000,False,2,3
1802,2020-04-01,AFG,5013,AFG,2,0.600000,0.690000,0.150000,0.400000,0.050000,0.100000,0.000000,0.000000,False,2,3
1802,2020-08-01,AFG,5014,AFG,2,0.600000,0.640000,0.150000,0.340000,0.050000,0.090000,0.000000,0.000000,False,2,3
1802,2021-03-01,AFG,5015,AFG,3,0.650000,0.660000,0.250000,0.260000,0.050000,0.090000,0.000000,0.000000,False,3,3
1802,2021-09-01,AFG,5016,AFG,4,0.800000,0.710000,0.500000,0.340000,0.200000,0.100000,0.000000,0.000000,False,4,3
1802,2022-03-01,AFG,5017,AFG,3,0.800000,0.740000,0.450000,0.450000,0.150000,0.120000,0.000000,0.000000,False,3,3
1802,2022-09-01,AFG,5018,AFG,3,0.700000,0.720000,0.300000,0.470000,0.050000,0.110000,0.000000,0.000000,False,3,3
1803,2017-08-01,AFG,5019,AFG,2,0.550000,0.650000,0.190000,0.370000,0.020000,0.100000,0.000000,0.000000,False,2,3
1803,2017-11-01,AFG,5020,AFG,2,0.570000,0.770000,0.170000,0.510000,0.080000,0.150000,0.000000,0.000000,False,2,3
1803,2018-08-01,AFG,5021,AFG,3,0.600000,0.630000,0.350000,0.400000,0.100000,0.080000,0.000000,0.000000,False,3,3
1803,2019-08-01,AFG,5022,AFG,2,0.600000,0.620000,0.150000,0.370000,0.050000,0.070000,0.000000,0.000000,False,2,3
1803,2020-04-01,AFG,5023,AFG,2,0.600000,0.670000,0.150000,0.390000,0.050000,0.100000,0.000000,0.000000,False,2,3
1803,2020-08-01,AFG,5024,AFG,2,0.600000,0.640000,0.150000,0.350000,0.050000,0.090000,0.000000,0.000000,False,2,3
1803,2021-03-01,AFG,5025,AFG,3,0.650000,0.640000,0.250000,0.290000,0.050000,0.090000,0.000000,0.000000,False,3,3
1803,2021-09-01,AFG,5026,AFG,4,0.800000,0.700000,0.500000,0.340000,0.200000,0.100000,0.000000,0.000000,False,4,3
1803,2022-03-01,AFG,5027,AFG,3,0.800000,0.750000,0.450000,0.460000,0.150000,0.120000,0.000000,0.000000,False,3,3
1803,2022-09-01,AFG,5028,AFG,3,0.700000,0.730000,0.300000,0.450000,0.050000,0.110000,0.000000,0.000000,False,3,3
1804,2017-08-01,AFG,5029,AFG,2,0.650000,0.690000,0.150000,0.430000,0.050000,0.130000,0.000000,0.000000,False,2,3
1804,2017-11-01,AFG,5030,AFG,3,0.760000,0.800000,0.490000,0.550000,0.040000,0.190000,0.000000,0.000000,False,3,3
1804,2018-08-01,AFG,5031,AFG,2,0.300000,0.700000,0.100000,0.430000,0.000000,0.130000,0.000000,0.000000,False,2,3
1804,2019-08-01,AFG,5032,AFG,2,0.500000,0.610000,0.150000,0.360000,0.050000,0.080000,0.000000,0.000000,False,2,3
1804,2019-11-01,AFG,5033,AFG,3,0.600000,0.750000,0.250000,0.390000,0.100000,0.120000,0.000000,0.000000,False,3,3
1804,2020-04-01,AFG,5034,AFG,3,0.700000,0.710000,0.300000,0.390000,0.100000,0.100000,0.000000,0.000000,False,3,3
1804,2020-08-01,AFG,5035,AFG,3,0.650000,0.740000,0.250000,0.360000,0.050000,0.100000,0.000000,0.000000,False,3,3
1804,2021-03-01,AFG,5036,AFG,3,0.750000,0.660000,0.350000,0.340000,0.100000,0.100000,0.000000,0.000000,False,3,3
1804,2021-09-01,AFG,5037,AFG,3,0.800000,0.730000,0.500000,0.350000,0.150000,0.100000,0.000000,0.000000,False,3,3
1804,2021-10-01,AFG,5038,AFG,3,0.650000,0.700000,0.250000,0.430000,0.050000,0.120000,0.000000,0.000000,False,3,3
1804,2022-03-01,AFG,5039,AFG,3,0.750000,0.720000,0.350000,0.440000,0.150000,0.140000,0.000000,0.000000,False,3,3
1804,2022-07-01,AFG,5040,AFG,3,0.750000,0.680000,0.400000,0.430000,0.100000,0.090000,0.000000,0.000000,False,3,3
1804,2022-09-01,AFG,5041,AFG,3,0.750000,0.730000,0.350000,0.420000,0.050000,0.110000,0.000000,0.000000,False,3,3
1806,2017-05-01,AFG,5042,AFG,2,0.630000,0.700000,0.130000,0.440000,0.030000,0.140000,0.000000,0.000000,False,2,3
1806,2017-08-01,AFG,5043,AFG,2,0.650000,0.690000,0.150000,0.440000,0.050000,0.110000,0.000000,0.000000,False,2,3
1806,2017-11-01,AFG,5044,AFG,2,0.650000,0.770000,0.190000,0.490000,0.040000,0.130000,0.000000,0.000000,False,2,3
1806,2018-08-01,AFG,5045,AFG,3,0.700000,0.640000,0.400000,0.450000,0.050000,0.090000,0.000000,0.000000,False,3,3
1806,2019-08-01,AFG,5046,AFG,2,0.600000,0.640000,0.150000,0.400000,0.050000,0.080000,0.000000,0.000000,False,2,3
1806,2020-04-01,AFG,5047,AFG,3,0.750000,0.740000,0.300000,0.360000,0.050000,0.100000,0.000000,0.000000,False,3,3
1806,2020-08-01,AFG,5048,AFG,2,0.600000,0.690000,0.150000,0.380000,0.050000,0.090000,0.000000,0.000000,False,2,3
1806,2021-03-01,AFG,5049,AFG,3,0.700000,0.680000,0.300000,0.320000,0.100000,0.090000,0.000000,0.000000,False,3,3
1806,2021-09-01,AFG,5050,AFG,3,0.550000,0.750000,0.250000,0.410000,0.100000,0.110000,0.000000,0.000000,False,3,3
1806,2022-03-01,AFG,5051,AFG,3,0.850000,0.740000,0.400000,0.350000,0.150000,0.130000,0.000000,0.000000,False,3,3
1806,2022-09-01,AFG,5052,AFG,3,0.750000,0.780000,0.350000,0.420000,0.100000,0.110000,0.000000,0.000000,False,3,3
1810,2017-05-01,AFG,5060,AFG,2,0.630000,0.690000,0.130000,0.450000,0.030000,0.140000,0.000000,0.000000,False,2,3
1810,2017-08-01,AFG,5061,AFG,2,0.650000,0.550000,0.150000,0.390000,0.050000,0.080000,0.000000,0.000000,False,2,3
1810,2017-11-01,AFG,5062,AFG,2,0.680000,0.800000,0.180000,0.520000,0.030000,0.150000,0.000000,0.000000,False,2,3
1810,2018-08-01,AFG,5063,AFG,3,0.700000,0.710000,0.400000,0.430000,0.050000,0.110000,0.000000,0.000000,False,3,3
1810,2019-08-01,AFG,5064,AFG,2,0.600000,0.580000,0.150000,0.370000,0.050000,0.080000,0.000000,0.000000,False,2,3
1810,2020-08-01,AFG,5065,AFG,2,0.600000,0.690000,0.150000,0.360000,0.050000,0.080000,0.000000,0.000000,False,2,3
1810,2021-03-01,AFG,5066,AFG,3,0.700000,0.660000,0.300000,0.320000,0.100000,0.090000,0.000000,0.000000,False,3,3
1810,2022-03-01,AFG,5067,AFG,3,0.850000,0.720000,0.400000,0.390000,0.150000,0.110000,0.000000,0.000000,False,3,3
1810,2022-09-01,AFG,5068,AFG,3,0.750000,0.760000,0.350000,0.450000,0.100000,0.130000,0.000000,0.000000,False,3,3
1811,2017-05-01,AFG,5069,AFG,3,0.590000,0.660000,0.390000,0.440000,0.110000,0.110000,0.000000,0.000000,False,3,3
1811,2017-08-01,AFG,5070,AFG,2,0.450000,0.600000,0.170000,0.370000,0.020000,0.080000,0.000000,0.000000,False,2,3
1811,2017-11-01,AFG,5071,AFG,3,0.760000,0.780000,0.490000,0.540000,0.040000,0.180000,0.000000,0.000000,False,3,3
1811,2018-08-01,AFG,5072,AFG,2,0.400000,0.690000,0.180000,0.440000,0.080000,0.090000,0.000000,0.000000,False,2,3
1811,2019-08-01,AFG,5073,AFG,3,0.650000,0.580000,0.300000,0.380000,0.050000,0.070000,0.000000,0.000000,False,3,3
1811,2019-11-01,AFG,5074,AFG,3,0.600000,0.720000,0.250000,0.380000,0.100000,0.120000,0.000000,0.000000,False,3,3
1811,2020-04-01,AFG,5075,AFG,3,0.600000,0.710000,0.300000,0.390000,0.100000,0.100000,0.000000,0.000000,False,3,3
1811,2020-08-01,AFG,5076,AFG,3,0.700000,0.660000,0.300000,0.340000,0.100000,0.070000,0.000000,0.000000,False,3,3
1811,2021-03-01,AFG,5077,AFG,3,0.750000,0.620000,0.350000,0.330000,0.100000,0.110000,0.000000,0.000000,False,3,3
1811,2021-09-01,AFG,5078,AFG,3,0.850000,0.700000,0.400000,0.380000,0.100000,0.100000,0.000000,0.000000,False,3,3
1811,2021-10-01,AFG,5079,AFG,3,0.650000,0.690000,0.250000,0.430000,0.050000,0.120000,0.000000,0.000000,False,3,3
1811,2022-03-01,AFG,5080,AFG,3,0.800000,0.710000,0.500000,0.420000,0.150000,0.120000,0.000000,0.000000,False,3,3
1811,2022-07-01,AFG,5081,AFG,3,0.750000,0.630000,0.400000,0.400000,0.100000,0.080000,0.000000,0.000000,False,3,3
1811,2022-09-01,AFG,5082,AFG,3,0.750000,0.720000,0.450000,0.390000,0.100000,0.100000,0.000000,0.000000,False,3,3
1813,2017-05-01,AFG,5083,AFG,3,0.590000,0.700000,0.390000,0.450000,0.110000,0.130000,0.000000,0.000000,False,3,3
1813,2017-08-01,AFG,5084,AFG,2,0.600000,0.630000,0.160000,0.460000,0.060000,0.140000,0.000000,0.000000,False,2,3
1813,2017-11-01,AFG,5085,AFG,3,0.760000,0.800000,0.490000,0.540000,0.040000,0.200000,0.000000,0.000000,False,3,4
1813,2018-08-01,AFG,5086,AFG,3,0.600000,0.720000,0.250000,0.490000,0.050000,0.160000,0.000000,0.000000,False,3,3
1813,2019-08-01,AFG,5087,AFG,2,0.450000,0.590000,0.150000,0.400000,0.050000,0.100000,0.000000,0.000000,False,2,3
1813,2019-11-01,AFG,5088,AFG,3,0.600000,0.730000,0.250000,0.390000,0.100000,0.120000,0.000000,0.000000,False,3,3
1813,2020-04-01,AFG,5089,AFG,3,0.700000,0.740000,0.300000,0.400000,0.050000,0.120000,0.000000,0.000000,False,3,3
1813,2020-08-01,AFG,5090,AFG,3,0.700000,0.670000,0.350000,0.390000,0.100000,0.100000,0.000000,0.000000,False,3,3
1813,2021-03-01,AFG,5091,AFG,3,0.750000,0.630000,0.300000,0.320000,0.050000,0.110000,0.000000,0.000000,False,3,3
1813,2021-09-01,AFG,5092,AFG,3,0.800000,0.740000,0.350000,0.410000,0.100000,0.120000,0.000000,0.000000,False,3,3
1813,2022-03-01,AFG,5093,AFG,3,0.700000,0.720000,0.400000,0.430000,0.100000,0.120000,0.000000,0.000000,False,3,3
1813,2022-07-01,AFG,5094,AFG,3,0.750000,0.650000,0.400000,0.440000,0.100000,0.100000,0.000000,0.000000,False,3,3
1813,2022-09-01,AFG,5095,AFG,3,0.850000,0.740000,0.450000,0.430000,0.100000,0.120000,0.000000,0.000000,False,3,3
1815,2017-08-01,AFG,5100,AFG,2,0.650000,0.630000,0.150000,0.370000,0.050000,0.090000,0.000000,0.000000,False,2,3
1815,2019-08-01,AFG,5101,AFG,2,0.600000,0.700000,0.150000,0.380000,0.050000,0.080000,0.000000,0.000000,False,2,3
1815,2020-04-01,AFG,5102,AFG,3,0.750000,0.800000,0.300000,0.390000,0.050000,0.090000,0.000000,0.000000,False,3,3
1815,2020-08-01,AFG,5103,AFG,2,0.600000,0.800000,0.150000,0.380000,0.050000,0.090000,0.000000,0.000000,False,2,3
1815,2021-03-01,AFG,5104,AFG,3,0.700000,0.800000,0.300000,0.440000,0.100000,0.110000,0.000000,0.000000,False,3,3
1815,2021-09-01,AFG,5105,AFG,3,0.550000,0.780000,0.250000,0.390000,0.100000,0.100000,0.000000,0.000000,False,3,3
1815,2022-03-01,AFG,5106,AFG,3,0.850000,0.790000,0.400000,0.460000,0.150000,0.130000,0.000000,0.000000,False,3,3
1817,2017-05-01,AFG,5107,AFG,3,0.590000,0.690000,0.390000,0.410000,0.110000,0.110000,0.000000,0.000000,False,3,3
1817,2017-08-01,AFG,5108,AFG,2,0.450000,0.620000,0.170000,0.440000,0.020000,0.120000,0.000000,0.000000,False,2,3
1817,2017-11-01,AFG,5109,AFG,3,0.880000,0.830000,0.510000,0.530000,0.110000,0.160000,0.000000,0.000000,False,3,3
1817,2018-08-01,AFG,5110,AFG,2,0.400000,0.780000,0.180000,0.490000,0.080000,0.140000,0.000000,0.000000,False,2,3
1817,2019-08-01,AFG,5111,AFG,3,0.650000,0.590000,0.300000,0.430000,0.050000,0.100000,0.000000,0.000000,False,3,3
1817,2019-11-01,AFG,5112,AFG,3,0.600000,0.750000,0.250000,0.400000,0.100000,0.120000,0.000000,0.000000,False,3,3
1817,2020-04-01,AFG,5113,AFG,3,0.750000,0.730000,0.400000,0.410000,0.150000,0.090000,0.000000,0.000000,False,3,3
1817,2020-08-01,AFG,5114,AFG,3,0.650000,0.770000,0.250000,0.420000,0.100000,0.110000,0.000000,0.000000,False,3,3
1817,2021-03-01,AFG,5115,AFG,3,0.750000,0.710000,0.350000,0.410000,0.100000,0.110000,0.000000,0.000000,False,3,3
1817,2021-09-01,AFG,5116,AFG,4,0.850000,0.740000,0.450000,0.440000,0.200000,0.130000,0.000000,0.000000,False,4,3
1817,2021-10-01,AFG,5117,AFG,3,0.650000,0.750000,0.250000,0.460000,0.050000,0.130000,0.000000,0.000000,False,3,3
1817,2022-03-01,AFG,5118,AFG,3,0.800000,0.720000,0.500000,0.450000,0.150000,0.130000,0.000000,0.000000,False,3,3
1817,2022-07-01,AFG,5119,AFG,3,0.750000,0.730000,0.400000,0.460000,0.100000,0.110000,0.000000,0.000000,False,3,3
1817,2022-09-01,AFG,5120,AFG,3,0.800000,0.780000,0.400000,0.500000,0.100000,0.120000,0.000000,0.000000,False,3,3
1818,2017-05-01,AFG,5121,AFG,3,0.590000,0.710000,0.390000,0.430000,0.110000,0.120000,0.000000,0.000000,False,3,3
1818,2017-08-01,AFG,5122,AFG,2,0.400000,0.720000,0.170000,0.460000,0.020000,0.130000,0.000000,0.000000,False,2,3
1818,2018-08-01,AFG,5123,AFG,3,0.750000,0.720000,0.450000,0.470000,0.150000,0.130000,0.000000,0.000000,False,3,3
1818,2019-08-01,AFG,5124,AFG,3,0.550000,0.660000,0.200000,0.410000,0.050000,0.120000,0.000000,0.000000,False,3,3
1818,2019-11-01,AFG,5125,AFG,3,0.600000,0.730000,0.250000,0.400000,0.100000,0.130000,0.000000,0.000000,False,3,3
1818,2020-04-01,AFG,5126,AFG,2,0.650000,0.740000,0.150000,0.440000,0.050000,0.130000,0.000000,0.000000,False,2,3
1818,2020-08-01,AFG,5127,AFG,3,0.600000,0.710000,0.250000,0.410000,0.050000,0.120000,0.000000,0.000000,False,3,3
1818,2021-03-01,AFG,5128,AFG,2,0.600000,0.720000,0.150000,0.420000,0.050000,0.130000,0.000000,0.000000,False,2,3
1818,2021-10-01,AFG,5129,AFG,3,0.650000,0.780000,0.250000,0.460000,0.050000,0.140000,0.000000,0.000000,False,3,3
1818,2022-03-01,AFG,5130,AFG,3,0.800000,0.760000,0.350000,0.460000,0.100000,0.140000,0.000000,0.000000,False,3,3
1818,2022-07-01,AFG,5131,AFG,3,0.750000,0.720000,0.400000,0.390000,0.100000,0.090000,0.000000,0.000000,False,3,3
1818,2022-09-01,AFG,5132,AFG,3,0.800000,0.800000,0.400000,0.490000,0.100000,0.140000,0.000000,0.000000,False,3,3
1819,2017-05-01,AFG,5133,AFG,2,0.630000,0.720000,0.130000,0.470000,0.030000,0.140000,0.000000,0.000000,False,2,3
1819,2017-08-01,AFG,5134,AFG,3,0.550000,0.640000,0.220000,0.460000,0.020000,0.120000,0.000000,0.000000,False,3,3
1819,2017-11-01,AFG,5135,AFG,2,0.700000,0.800000,0.150000,0.520000,0.050000,0.160000,0.000000,0.000000,False,2,3
1819,2018-08-01,AFG,5136,AFG,3,0.750000,0.700000,0.400000,0.480000,0.050000,0.120000,0.000000,0.000000,False,3,3
1819,2019-08-01,AFG,5137,AFG,3,0.600000,0.720000,0.300000,0.460000,0.050000,0.110000,0.000000,0.000000,False,3,3
1819,2020-04-01,AFG,5138,AFG,2,0.500000,0.740000,0.150000,0.390000,0.050000,0.110000,0.000000,0.000000,False,2,3
1819,2020-08-01,AFG,5139,AFG,3,0.700000,0.770000,0.300000,0.410000,0.100000,0.140000,0.000000,0.000000,False,3,3
1819,2021-03-01,AFG,5140,AFG,3,0.700000,0.720000,0.300000,0.370000,0.050000,0.120000,0.000000,0.000000,False,3,3
1819,2021-09-01,AFG,5141,AFG,3,0.700000,0.730000,0.350000,0.400000,0.150000,0.140000,0.000000,0.000000,False,3,3
1819,2022-03-01,AFG,5142,AFG,4,0.900000,0.720000,0.550000,0.480000,0.200000,0.120000,0.000000,0.000000,False,4,3
1819,2022-09-01,AFG,5143,AFG,3,0.800000,0.800000,0.400000,0.570000,0.100000,0.140000,0.000000,0.000000,False,3,3
1820,2017-08-01,AFG,5144,AFG,3,0.550000,0.790000,0.220000,0.440000,0.020000,0.130000,0.000000,0.000000,False,3,3
1820,2017-11-01,AFG,5145,AFG,3,0.850000,0.860000,0.550000,0.490000,0.150000,0.150000,0.000000,0.000000,False,3,3
1820,2018-08-01,AFG,5146,AFG,3,0.750000,0.750000,0.400000,0.420000,0.050000,0.120000,0.000000,0.000000,False,3,3
1820,2019-08-01,AFG,5147,AFG,3,0.600000,0.690000,0.300000,0.420000,0.050000,0.110000,0.000000,0.000000,False,3,3
1820,2020-04-01,AFG,5148,AFG,2,0.500000,0.690000,0.150000,0.360000,0.050000,0.100000,0.000000,0.000000,False,2,3
1820,2020-08-01,AFG,5149,AFG,3,0.700000,0.750000,0.300000,0.360000,0.100000,0.120000,0.000000,0.000000,False,3,3
1820,2021-03-01,AFG,5150,AFG,3,0.700000,0.670000,0.300000,0.290000,0.050000,0.090000,0.000000,0.000000,False,3,3
1820,2022-03-01,AFG,5151,AFG,4,0.900000,0.760000,0.550000,0.440000,0.200000,0.110000,0.000000,0.000000,False,4,3
1820,2022-09-01,AFG,5152,AFG,3,0.800000,0.790000,0.400000,0.480000,0.100000,0.130000,0.000000,0.000000,False,3,3
1821,2018-08-01,AFG,5153,AFG,3,0.750000,0.680000,0.400000,0.370000,0.050000,0.100000,0.000000,0.000000,False,3,3
1821,2020-04-01,AFG,5154,AFG,2,0.500000,0.700000,0.150000,0.340000,0.050000,0.100000,0.000000,0.000000,False,2,3
1821,2020-08-01,AFG,5155,AFG,3,0.700000,0.740000,0.300000,0.330000,0.100000,0.110000,0.000000,0.000000,False,3,3
1821,2021-03-01,AFG,5156,AFG,3,0.700000,0.680000,0.300000,0.280000,0.050000,0.090000,0.000000,0.000000,False,3,3
1821,2021-09-01,AFG,5157,AFG,3,0.700000,0.710000,0.350000,0.330000,0.150000,0.110000,0.000000,0.000000,False,3,3
1821,2022-03-01,AFG,5158,AFG,4,0.900000,0.780000,0.550000,0.460000,0.200000,0.120000,0.000000,0.000000,False,4,3
1821,2022-09-01,AFG,5159,AFG,3,0.800000,0.780000,0.400000,0.490000,0.100000,0.110000,0.000000,0.000000,False,3,3
1822,2017-08-01,AFG,5160,AFG,3,0.820000,0.610000,0.320000,0.360000,0.020000,0.100000,0.000000,0.000000,False,3,3
1822,2017-11-01,AFG,5161,AFG,3,0.880000,0.860000,0.510000,0.490000,0.110000,0.170000,0.000000,0.000000,False,3,3
1822,2018-08-01,AFG,5162,AFG,2,0.550000,0.700000,0.150000,0.400000,0.030000,0.100000,0.000000,0.000000,False,2,3
1822,2019-08-01,AFG,5163,AFG,2,0.650000,0.690000,0.150000,0.340000,0.000000,0.090000,0.000000,0.000000,False,2,3
1822,2019-11-01,AFG,5164,AFG,3,0.600000,0.780000,0.250000,0.340000,0.100000,0.130000,0.000000,0.000000,False,3,3
1822,2020-04-01,AFG,5165,AFG,2,0.650000,0.740000,0.150000,0.350000,0.000000,0.100000,0.000000,0.000000,False,2,3
1822,2020-08-01,AFG,5166,AFG,2,0.550000,0.730000,0.150000,0.330000,0.050000,0.090000,0.000000,0.000000,False,2,3
1822,2021-03-01,AFG,5167,AFG,3,0.600000,0.700000,0.200000,0.310000,0.050000,0.090000,0.000000,0.000000,False,3,3
1822,2021-09-01,AFG,5168,AFG,3,0.750000,0.740000,0.400000,0.340000,0.100000,0.100000,0.000000,0.000000,False,3,3
1822,2021-10-01,AFG,5169,AFG,3,0.650000,0.750000,0.250000,0.400000,0.050000,0.110000,0.000000,0.000000,False,3,3
1822,2022-03-01,AFG,5170,AFG,3,0.800000,0.710000,0.450000,0.350000,0.150000,0.100000,0.000000,0.000000,False,3,3
1822,2022-07-01,AFG,5171,AFG,3,0.750000,0.710000,0.400000,0.380000,0.100000,0.090000,0.000000,0.000000,False,3,3
1822,2022-09-01,AFG,5172,AFG,3,0.750000,0.760000,0.350000,0.430000,0.050000,0.100000,0.000000,0.000000,False,3,3
1824,2021-03-01,AFG,5174,AFG,2,0.650000,0.740000,0.150000,0.350000,0.050000,0.110000,0.000000,0.000000,False,2,3
1824,2022-03-01,AFG,5175,AFG,3,0.700000,0.760000,0.350000,0.390000,0.100000,0.110000,0.000000,0.000000,False,3,3
1824,2022-09-01,AFG,5176,AFG,3,0.750000,0.820000,0.350000,0.430000,0.100000,0.110000,0.000000,0.000000,False,3,3
1825,2020-04-01,AFG,5177,AFG,3,0.650000,0.780000,0.250000,0.380000,0.100000,0.090000,0.000000,0.000000,False,3,3
1825,2021-03-01,AFG,5178,AFG,3,0.650000,0.810000,0.250000,0.430000,0.050000,0.120000,0.000000,0.000000,False,3,3
1825,2022-09-01,AFG,5179,AFG,3,0.750000,0.800000,0.350000,0.510000,0.100000,0.140000,0.000000,0.000000,False,3,3
1829,2017-05-01,AFG,5202,AFG,2,0.630000,0.750000,0.130000,0.480000,0.030000,0.140000,0.000000,0.000000,False,2,3
1829,2017-08-01,AFG,5203,AFG,3,0.550000,0.650000,0.220000,0.460000,0.020000,0.130000,0.000000,0.000000,False,3,3
1829,2017-11-01,AFG,5204,AFG,3,0.850000,0.840000,0.550000,0.530000,0.100000,0.180000,0.000000,0.000000,False,3,3
1829,2018-08-01,AFG,5205,AFG,3,0.750000,0.740000,0.400000,0.490000,0.050000,0.130000,0.000000,0.000000,False,3,3
1829,2019-08-01,AFG,5206,AFG,3,0.600000,0.720000,0.300000,0.490000,0.050000,0.120000,0.000000,0.000000,False,3,3
1829,2020-04-01,AFG,5207,AFG,3,0.650000,0.770000,0.250000,0.410000,0.100000,0.090000,0.000000,0.000000,False,3,3
1829,2020-08-01,AFG,5208,AFG,3,0.750000,0.760000,0.350000,0.450000,0.100000,0.120000,0.000000,0.000000,False,3,3
1829,2021-03-01,AFG,5209,AFG,3,0.650000,0.770000,0.250000,0.450000,0.050000,0.130000,0.000000,0.000000,False,3,3
1829,2021-09-01,AFG,5210,AFG,3,0.700000,0.780000,0.250000,0.470000,0.100000,0.150000,0.000000,0.000000,False,3,3
1829,2022-03-01,AFG,5211,AFG,3,0.800000,0.770000,0.500000,0.510000,0.150000,0.140000,0.000000,0.000000,False,3,3
1829,2022-09-01,AFG,5212,AFG,3,0.750000,0.800000,0.350000,0.520000,0.100000,0.150000,0.000000,0.000000,False,3,3
1830,2017-05-01,AFG,5213,AFG,2,0.630000,0.770000,0.130000,0.410000,0.030000,0.140000,0.000000,0.000000,False,2,3
1830,2019-08-01,AFG,5214,AFG,2,0.500000,0.710000,0.150000,0.360000,0.050000,0.090000,0.000000,0.000000,False,2,3
1830,2019-11-01,AFG,5215,AFG,3,0.500000,0.830000,0.250000,0.420000,0.100000,0.110000,0.000000,0.000000,False,3,3
1830,2021-09-01,AFG,5216,AFG,3,0.750000,0.770000,0.350000,0.370000,0.100000,0.130000,0.000000,0.000000,False,3,3
1830,2021-10-01,AFG,5217,AFG,3,0.600000,0.810000,0.250000,0.460000,0.050000,0.140000,0.000000,0.000000,False,3,3
1830,2022-03-01,AFG,5218,AFG,3,0.700000,0.810000,0.350000,0.470000,0.100000,0.140000,0.000000,0.000000,False,3,3
1830,2022-07-01,AFG,5219,AFG,3,0.650000,0.760000,0.250000,0.380000,0.100000,0.090000,0.000000,0.000000,False,3,3
1830,2022-09-01,AFG,5220,AFG,3,0.750000,0.850000,0.350000,0.480000,0.100000,0.130000,0.000000,0.000000,False,3,3
1831,2017-05-01,AFG,5221,AFG,3,0.590000,0.690000,0.390000,0.380000,0.110000,0.130000,0.000000,0.000000,False,3,3
1831,2017-08-01,AFG,5222,AFG,3,0.490000,0.650000,0.350000,0.350000,0.150000,0.120000,0.000000,0.000000,False,3,3
1831,2018-08-01,AFG,5223,AFG,2,0.650000,0.670000,0.150000,0.360000,0.050000,0.120000,0.000000,0.000000,False,2,3
1831,2019-08-01,AFG,5224,AFG,2,0.550000,0.610000,0.150000,0.340000,0.050000,0.090000,0.000000,0.000000,False,2,3
1831,2019-11-01,AFG,5225,AFG,3,0.500000,0.710000,0.200000,0.380000,0.050000,0.100000,0.000000,0.000000,False,3,3
1831,2020-04-01,AFG,5226,AFG,2,0.600000,0.650000,0.150000,0.370000,0.050000,0.090000,0.000000,0.000000,False,2,3
1831,2020-08-01,AFG,5227,AFG,3,0.700000,0.700000,0.300000,0.360000,0.100000,0.100000,0.000000,0.000000,False,3,3
1831,2021-03-01,AFG,5228,AFG,2,0.550000,0.690000,0.150000,0.400000,0.050000,0.100000,0.000000,0.000000,False,2,3
1831,2021-10-01,AFG,5229,AFG,3,0.700000,0.770000,0.300000,0.470000,0.050000,0.120000,0.000000,0.000000,False,3,3
1831,2022-03-01,AFG,5230,AFG,3,0.800000,0.760000,0.400000,0.470000,0.100000,0.120000,0.000000,0.000000,False,3,3
1831,2022-07-01,AFG,5231,AFG,3,0.650000,0.680000,0.250000,0.400000,0.050000,0.090000,0.000000,0.000000,False,3,3
1831,2022-09-01,AFG,5232,AFG,3,0.750000,0.750000,0.250000,0.410000,0.050000,0.110000,0.000000,0.000000,False,3,3
1832,2017-08-01,AFG,5233,AFG,3,0.550000,0.670000,0.220000,0.340000,0.020000,0.090000,0.000000,0.000000,False,3,3
1832,2017-11-01,AFG,5234,AFG,3,0.920000,0.830000,0.520000,0.460000,0.070000,0.130000,0.000000,0.000000,False,3,3
1832,2018-08-01,AFG,5235,AFG,3,0.750000,0.750000,0.400000,0.380000,0.050000,0.090000,0.000000,0.000000,False,3,3
1832,2019-08-01,AFG,5236,AFG,3,0.600000,0.710000,0.300000,0.390000,0.050000,0.080000,0.000000,0.000000,False,3,3
1832,2020-08-01,AFG,5237,AFG,3,0.700000,0.720000,0.300000,0.320000,0.100000,0.090000,0.000000,0.000000,False,3,3
1832,2021-03-01,AFG,5238,AFG,3,0.700000,0.700000,0.300000,0.300000,0.050000,0.090000,0.000000,0.000000,False,3,3
1832,2022-03-01,AFG,5239,AFG,4,0.900000,0.770000,0.550000,0.370000,0.200000,0.100000,0.000000,0.000000,False,4,3
1832,2022-09-01,AFG,5240,AFG,3,0.800000,0.800000,0.400000,0.470000,0.100000,0.110000,0.000000,0.000000,False,3,3
1834,2017-05-01,AFG,5241,AFG,3,0.590000,0.690000,0.390000,0.370000,0.110000,0.110000,0.000000,0.000000,False,3,3
1834,2017-08-01,AFG,5242,AFG,3,0.500000,0.620000,0.300000,0.330000,0.050000,0.120000,0.000000,0.000000,False,3,3
1834,2017-11-01,AFG,5243,AFG,3,0.880000,0.880000,0.510000,0.510000,0.110000,0.170000,0.000000,0.000000,False,3,3
1834,2018-08-01,AFG,5244,AFG,3,0.800000,0.690000,0.500000,0.370000,0.100000,0.090000,0.000000,0.000000,False,3,3
1834,2019-08-01,AFG,5245,AFG,3,0.700000,0.660000,0.400000,0.320000,0.100000,0.080000,0.000000,0.000000,False,3,3
1834,2019-11-01,AFG,5246,AFG,3,0.600000,0.760000,0.250000,0.360000,0.100000,0.130000,0.000000,0.000000,False,3,3
1834,2020-04-01,AFG,5247,AFG,3,0.750000,0.740000,0.450000,0.330000,0.150000,0.090000,0.000000,0.000000,False,3,3
1834,2020-08-01,AFG,5248,AFG,3,0.700000,0.690000,0.400000,0.310000,0.100000,0.080000,0.000000,0.000000,False,3,3
1834,2021-03-01,AFG,5249,AFG,3,0.700000,0.730000,0.350000,0.330000,0.100000,0.090000,0.000000,0.000000,False,3,3
1834,2021-09-01,AFG,5250,AFG,3,0.850000,0.710000,0.450000,0.350000,0.150000,0.100000,0.000000,0.000000,False,3,3
1834,2021-10-01,AFG,5251,AFG,3,0.650000,0.770000,0.250000,0.410000,0.050000,0.110000,0.000000,0.000000,False,3,3
1837,2017-08-01,AFG,5274,AFG,3,0.550000,0.610000,0.400000,0.350000,0.100000,0.090000,0.000000,0.000000,False,3,3
1837,2017-11-01,AFG,5275,AFG,3,0.880000,0.800000,0.510000,0.440000,0.110000,0.130000,0.000000,0.000000,False,3,3
1837,2018-08-01,AFG,5276,AFG,3,0.800000,0.700000,0.500000,0.380000,0.100000,0.090000,0.000000,0.000000,False,3,3
1837,2019-08-01,AFG,5277,AFG,3,0.700000,0.730000,0.400000,0.360000,0.100000,0.080000,0.000000,0.000000,False,3,3
1837,2019-11-01,AFG,5278,AFG,3,0.550000,0.770000,0.200000,0.350000,0.050000,0.080000,0.000000,0.000000,False,3,3
1837,2020-04-01,AFG,5279,AFG,3,0.700000,0.720000,0.300000,0.390000,0.050000,0.080000,0.000000,0.000000,False,3,3
1837,2020-08-01,AFG,5280,AFG,3,0.700000,0.740000,0.350000,0.350000,0.100000,0.080000,0.000000,0.000000,False,3,3
1837,2021-03-01,AFG,5281,AFG,3,0.750000,0.760000,0.350000,0.350000,0.100000,0.080000,0.000000,0.000000,False,3,3
1838,2020-08-01,AFG,5282,AFG,3,0.750000,0.770000,0.350000,0.360000,0.100000,0.090000,0.000000,0.000000,False,3,3
1838,2022-03-01,AFG,5283,AFG,3,0.800000,0.800000,0.500000,0.450000,0.150000,0.140000,0.000000,0.000000,False,3,3
1838,2022-09-01,AFG,5284,AFG,3,0.750000,0.820000,0.350000,0.450000,0.100000,0.130000,0.000000,0.000000,False,3,3
1839,2017-05-01,AFG,5285,AFG,3,0.590000,0.720000,0.370000,0.420000,0.120000,0.110000,0.000000,0.000000,False,3,3
1839,2017-08-01,AFG,5286,AFG,3,0.550000,0.630000,0.400000,0.470000,0.100000,0.120000,0.000000,0.000000,False,3,3
1839,2017-11-01,AFG,5287,AFG,3,0.880000,0.820000,0.510000,0.540000,0.110000,0.160000,0.000000,0.000000,False,3,3
1839,2018-08-01,AFG,5288,AFG,3,0.800000,0.680000,0.500000,0.500000,0.100000,0.130000,0.000000,0.000000,False,3,3
1839,2019-08-01,AFG,5289,AFG,3,0.700000,0.650000,0.400000,0.430000,0.100000,0.110000,0.000000,0.000000,False,3,3
1839,2019-11-01,AFG,5290,AFG,3,0.600000,0.710000,0.250000,0.410000,0.100000,0.120000,0.000000,0.000000,False,3,3
1839,2020-04-01,AFG,5291,AFG,3,0.700000,0.740000,0.300000,0.380000,0.050000,0.100000,0.000000,0.000000,False,3,3
1839,2020-08-01,AFG,5292,AFG,3,0.700000,0.670000,0.350000,0.390000,0.100000,0.090000,0.000000,0.000000,False,3,3
1839,2021-03-01,AFG,5293,AFG,3,0.750000,0.710000,0.350000,0.370000,0.100000,0.090000,0.000000,0.000000,False,3,3
1839,2022-07-01,AFG,5294,AFG,3,0.750000,0.670000,0.400000,0.470000,0.100000,0.120000,0.000000,0.000000,False,3,3
1841,2017-05-01,AFG,5295,AFG,3,0.590000,0.710000,0.370000,0.430000,0.120000,0.110000,0.000000,0.000000,False,3,3
1841,2017-08-01,AFG,5296,AFG,3,0.550000,0.620000,0.400000,0.410000,0.100000,0.100000,0.000000,0.000000,False,3,3
1841,2017-11-01,AFG,5297,AFG,3,0.880000,0.840000,0.510000,0.540000,0.110000,0.170000,0.000000,0.000000,False,3,3
1841,2018-08-01,AFG,5298,AFG,3,0.800000,0.690000,0.500000,0.450000,0.100000,0.110000,0.000000,0.000000,False,3,3
1841,2019-08-01,AFG,5299,AFG,3,0.700000,0.690000,0.400000,0.400000,0.100000,0.090000,0.000000,0.000000,False,3,3
1841,2019-11-01,AFG,5300,AFG,3,0.550000,0.750000,0.200000,0.410000,0.050000,0.120000,0.000000,0.000000,False,3,3
1841,2020-04-01,AFG,5301,AFG,3,0.700000,0.730000,0.300000,0.380000,0.050000,0.090000,0.000000,0.000000,False,3,3
1841,2020-08-01,AFG,5302,AFG,3,0.700000,0.710000,0.350000,0.380000,0.100000,0.090000,0.000000,0.000000,False,3,3
1841,2021-03-01,AFG,5303,AFG,3,0.750000,0.740000,0.350000,0.370000,0.100000,0.090000,0.000000,0.000000,False,3,3
1841,2021-10-01,AFG,5304,AFG,3,0.650000,0.800000,0.350000,0.460000,0.050000,0.120000,0.000000,0.000000,False,3,3
1841,2022-07-01,AFG,5305,AFG,3,0.650000,0.720000,0.250000,0.420000,0.050000,0.090000,0.000000,0.000000,False,3,3
1843,2017-08-01,AFG,5307,AFG,3,0.550000,0.620000,0.400000,0.380000,0.100000,0.100000,0.000000,0.000000,False,3,3
1843,2017-11-01,AFG,5308,AFG,3,0.880000,0.830000,0.510000,0.540000,0.110000,0.160000,0.000000,0.000000,False,3,3
1843,2018-08-01,AFG,5309,AFG,3,0.800000,0.680000,0.500000,0.440000,0.100000,0.120000,0.000000,0.000000,False,3,3
1843,2019-08-01,AFG,5310,AFG,3,0.700000,0.660000,0.400000,0.440000,0.100000,0.110000,0.000000,0.000000,False,3,3
1843,2019-11-01,AFG,5311,AFG,3,0.550000,0.720000,0.200000,0.410000,0.050000,0.110000,0.000000,0.000000,False,3,3
1843,2020-04-01,AFG,5312,AFG,3,0.700000,0.670000,0.300000,0.390000,0.050000,0.090000,0.000000,0.000000,False,3,3
1843,2020-08-01,AFG,5313,AFG,3,0.700000,0.670000,0.350000,0.380000,0.100000,0.090000,0.000000,0.000000,False,3,3
1843,2021-03-01,AFG,5314,AFG,3,0.750000,0.700000,0.350000,0.350000,0.100000,0.090000,0.000000,0.000000,False,3,3
1843,2021-10-01,AFG,5315,AFG,3,0.650000,0.760000,0.350000,0.490000,0.050000,0.140000,0.000000,0.000000,False,3,3
1843,2022-07-01,AFG,5316,AFG,3,0.650000,0.670000,0.250000,0.400000,0.050000,0.090000,0.000000,0.000000,False,3,3
1844,2017-05-01,AFG,5317,AFG,2,0.650000,0.710000,0.160000,0.400000,0.070000,0.110000,0.000000,0.000000,False,2,3
1844,2017-08-01,AFG,5318,AFG,3,0.500000,0.630000,0.300000,0.350000,0.050000,0.090000,0.000000,0.000000,False,3,3
1844,2017-11-01,AFG,5319,AFG,3,0.880000,0.870000,0.510000,0.520000,0.110000,0.170000,0.000000,0.000000,False,3,3
1844,2018-08-01,AFG,5320,AFG,3,0.800000,0.700000,0.500000,0.380000,0.100000,0.100000,0.000000,0.000000,False,3,3
1844,2019-08-01,AFG,5321,AFG,3,0.700000,0.630000,0.400000,0.360000,0.100000,0.080000,0.000000,0.000000,False,3,3
1844,2019-11-01,AFG,5322,AFG,3,0.600000,0.730000,0.250000,0.380000,0.100000,0.130000,0.000000,0.000000,False,3,3
1844,2020-04-01,AFG,5323,AFG,3,0.750000,0.710000,0.450000,0.360000,0.150000,0.090000,0.000000,0.000000,False,3,3
1844,2020-08-01,AFG,5324,AFG,3,0.700000,0.670000,0.400000,0.350000,0.100000,0.080000,0.000000,0.000000,False,3,3
1844,2021-03-01,AFG,5325,AFG,3,0.700000,0.700000,0.350000,0.330000,0.100000,0.090000,0.000000,0.000000,False,3,3
1844,2021-09-01,AFG,5326,AFG,3,0.850000,0.690000,0.450000,0.380000,0.150000,0.110000,0.000000,0.000000,False,3,3
1844,2021-10-01,AFG,5327,AFG,3,0.650000,0.750000,0.250000,0.440000,0.050000,0.110000,0.000000,0.000000,False,3,3
1844,2022-03-01,AFG,5328,AFG,3,0.800000,0.710000,0.450000,0.400000,0.150000,0.110000,0.000000,0.000000,False,3,3
1844,2022-07-01,AFG,5329,AFG,3,0.750000,0.670000,0.400000,0.380000,0.100000,0.090000,0.000000,0.000000,False,3,3
1844,2022-09-01,AFG,5330,AFG,3,0.800000,0.710000,0.450000,0.430000,0.100000,0.110000,0.000000,0.000000,False,3,3
1847,2017-08-01,AFG,5337,AFG,3,0.650000,0.650000,0.250000,0.400000,0.050000,0.090000,0.000000,0.000000,False,3,3
1847,2017-11-01,AFG,5338,AFG,4,0.950000,0.840000,0.780000,0.490000,0.410000,0.180000,0.000000,0.000000,False,4,3
1847,2019-08-01,AFG,5339,AFG,4,0.750000,0.700000,0.550000,0.340000,0.200000,0.080000,0.000000,0.000000,False,4,3
1848,2017-11-01,AFG,5340,AFG,3,0.720000,0.840000,0.450000,0.520000,0.150000,0.170000,0.000000,0.000000,False,3,3
1848,2018-08-01,AFG,5341,AFG,3,0.750000,0.750000,0.400000,0.470000,0.050000,0.130000,0.000000,0.000000,False,3,3
1848,2019-08-01,AFG,5342,AFG,3,0.600000,0.700000,0.300000,0.430000,0.050000,0.120000,0.000000,0.000000,False,3,3
1848,2020-04-01,AFG,5343,AFG,3,0.650000,0.770000,0.250000,0.400000,0.100000,0.110000,0.000000,0.000000,False,3,3
1848,2020-08-01,AFG,5344,AFG,3,0.750000,0.730000,0.350000,0.400000,0.100000,0.120000,0.000000,0.000000,False,3,3
1848,2022-03-01,AFG,5345,AFG,3,0.800000,0.800000,0.500000,0.430000,0.150000,0.130000,0.000000,0.000000,False,3,3
1848,2022-09-01,AFG,5346,AFG,3,0.750000,0.850000,0.350000,0.480000,0.100000,0.140000,0.000000,0.000000,False,3,3
1849,2017-08-01,AFG,5347,AFG,3,0.500000,0.630000,0.300000,0.340000,0.050000,0.090000,0.000000,0.000000,False,3,3
1849,2017-11-01,AFG,5348,AFG,3,0.880000,0.880000,0.510000,0.450000,0.110000,0.150000,0.000000,0.000000,False,3,3
1849,2018-08-01,AFG,5349,AFG,3,0.800000,0.680000,0.500000,0.370000,0.100000,0.100000,0.000000,0.000000,False,3,3
1849,2019-08-01,AFG,5350,AFG,3,0.700000,0.620000,0.400000,0.360000,0.100000,0.080000,0.000000,0.000000,False,3,3
1849,2019-11-01,AFG,5351,AFG,3,0.400000,0.700000,0.200000,0.340000,0.050000,0.100000,0.000000,0.000000,False,3,3
1849,2020-04-01,AFG,5352,AFG,3,0.800000,0.700000,0.500000,0.330000,0.150000,0.100000,0.000000,0.000000,False,3,3
1849,2020-08-01,AFG,5353,AFG,3,0.800000,0.640000,0.500000,0.320000,0.100000,0.090000,0.000000,0.000000,False,3,3
1849,2021-03-01,AFG,5354,AFG,3,0.700000,0.680000,0.400000,0.290000,0.100000,0.100000,0.000000,0.000000,False,3,3
1849,2021-09-01,AFG,5355,AFG,3,0.850000,0.690000,0.500000,0.360000,0.150000,0.120000,0.000000,0.000000,False,3,3
1849,2021-10-01,AFG,5356,AFG,3,0.500000,0.740000,0.200000,0.400000,0.050000,0.110000,0.000000,0.000000,False,3,3
1849,2022-03-01,AFG,5357,AFG,4,0.800000,0.730000,0.400000,0.440000,0.200000,0.120000,0.000000,0.000000,False,4,3
1849,2022-07-01,AFG,5358,AFG,3,0.650000,0.690000,0.250000,0.370000,0.050000,0.090000,0.000000,0.000000,False,3,3
1849,2022-09-01,AFG,5359,AFG,3,0.750000,0.700000,0.450000,0.430000,0.150000,0.110000,0.000000,0.000000,False,3,3
1850,2017-08-01,AFG,5360,AFG,3,0.500000,0.640000,0.300000,0.420000,0.050000,0.110000,0.000000,0.000000,False,3,3
1850,2017-11-01,AFG,5361,AFG,3,0.880000,0.870000,0.510000,0.490000,0.110000,0.160000,0.000000,0.000000,False,3,3
1850,2018-08-01,AFG,5362,AFG,3,0.800000,0.690000,0.500000,0.440000,0.100000,0.120000,0.000000,0.000000,False,3,3
1850,2019-08-01,AFG,5363,AFG,3,0.700000,0.610000,0.400000,0.430000,0.100000,0.100000,0.000000,0.000000,False,3,3
1850,2019-11-01,AFG,5364,AFG,3,0.600000,0.690000,0.250000,0.380000,0.100000,0.120000,0.000000,0.000000,False,3,3
1850,2020-04-01,AFG,5365,AFG,3,0.750000,0.700000,0.450000,0.370000,0.150000,0.090000,0.000000,0.000000,False,3,3
1850,2020-08-01,AFG,5366,AFG,3,0.700000,0.650000,0.400000,0.380000,0.100000,0.080000,0.000000,0.000000,False,3,3
1850,2021-03-01,AFG,5367,AFG,3,0.700000,0.690000,0.350000,0.340000,0.100000,0.090000,0.000000,0.000000,False,3,3
1850,2021-09-01,AFG,5368,AFG,3,0.850000,0.660000,0.450000,0.420000,0.150000,0.120000,0.000000,0.000000,False,3,3
1850,2021-10-01,AFG,5369,AFG,3,0.650000,0.740000,0.250000,0.470000,0.050000,0.130000,0.000000,0.000000,False,3,3
1850,2022-03-01,AFG,5370,AFG,3,0.800000,0.700000,0.450000,0.420000,0.150000,0.110000,0.000000,0.000000,False,3,3
1850,2022-07-01,AFG,5371,AFG,3,0.750000,0.680000,0.400000,0.400000,0.100000,0.090000,0.000000,0.000000,False,3,3
1850,2022-09-01,AFG,5372,AFG,3,0.800000,0.710000,0.450000,0.440000,0.100000,0.120000,0.000000,0.000000,False,3,3
1851,2022-07-01,AFG,5373,AFG,3,0.650000,0.680000,0.250000,0.370000,0.050000,0.100000,0.000000,0.000000,False,3,3
1852,2017-08-01,AFG,5374,AFG,3,0.690000,0.610000,0.350000,0.310000,0.050000,0.090000,0.000000,0.000000,False,3,3
1852,2019-08-01,AFG,5375,AFG,3,0.800000,0.690000,0.600000,0.350000,0.150000,0.080000,0.000000,0.000000,False,3,3
1852,2020-04-01,AFG,5376,AFG,4,0.850000,0.770000,0.550000,0.430000,0.300000,0.110000,0.000000,0.000000,False,4,3
1852,2020-08-01,AFG,5377,AFG,4,0.800000,0.740000,0.450000,0.320000,0.200000,0.080000,0.000000,0.000000,False,4,3
1852,2021-03-01,AFG,5378,AFG,4,0.900000,0.780000,0.650000,0.380000,0.300000,0.110000,0.000000,0.000000,False,4,3
1852,2022-03-01,AFG,5379,AFG,4,0.900000,0.830000,0.550000,0.420000,0.250000,0.130000,0.000000,0.000000,False,4,3
1852,2022-09-01,AFG,5380,AFG,4,0.850000,0.810000,0.500000,0.400000,0.200000,0.100000,0.000000,0.000000,False,4,3
1853,2017-08-01,AFG,5381,AFG,3,0.500000,0.640000,0.300000,0.350000,0.050000,0.090000,0.000000,0.000000,False,3,3
1853,2018-08-01,AFG,5382,AFG,3,0.800000,0.700000,0.500000,0.380000,0.100000,0.100000,0.000000,0.000000,False,3,3
1853,2019-08-01,AFG,5383,AFG,3,0.700000,0.620000,0.400000,0.360000,0.100000,0.080000,0.000000,0.000000,False,3,3
1853,2019-11-01,AFG,5384,AFG,3,0.400000,0.730000,0.200000,0.340000,0.050000,0.100000,0.000000,0.000000,False,3,3
1853,2020-04-01,AFG,5385,AFG,3,0.750000,0.700000,0.450000,0.360000,0.150000,0.090000,0.000000,0.000000,False,3,3
1853,2021-03-01,AFG,5386,AFG,3,0.700000,0.690000,0.350000,0.330000,0.100000,0.090000,0.000000,0.000000,False,3,3
1853,2021-10-01,AFG,5387,AFG,3,0.500000,0.730000,0.200000,0.440000,0.050000,0.130000,0.000000,0.000000,False,3,3
1853,2022-03-01,AFG,5388,AFG,3,0.800000,0.710000,0.450000,0.430000,0.150000,0.110000,0.000000,0.000000,False,3,3
1853,2022-07-01,AFG,5389,AFG,3,0.650000,0.670000,0.250000,0.390000,0.050000,0.090000,0.000000,0.000000,False,3,3
1854,2017-08-01,AFG,5390,AFG,3,0.500000,0.670000,0.300000,0.430000,0.050000,0.120000,0.000000,0.000000,False,3,3
1854,2017-11-01,AFG,5391,AFG,4,0.950000,0.890000,0.780000,0.560000,0.410000,0.200000,0.000000,0.000000,False,4,4
1854,2019-08-01,AFG,5392,AFG,3,0.700000,0.650000,0.400000,0.430000,0.100000,0.090000,0.000000,0.000000,False,3,3
1854,2019-11-01,AFG,5393,AFG,3,0.550000,0.730000,0.200000,0.390000,0.050000,0.100000,0.000000,0.000000,False,3,3
1854,2020-08-01,AFG,5394,AFG,3,0.800000,0.670000,0.500000,0.390000,0.100000,0.100000,0.000000,0.000000,False,3,3
1854,2021-03-01,AFG,5395,AFG,3,0.700000,0.690000,0.400000,0.300000,0.100000,0.100000,0.000000,0.000000,False,3,3
1854,2021-09-01,AFG,5396,AFG,3,0.850000,0.710000,0.500000,0.410000,0.150000,0.120000,0.000000,0.000000,False,3,3
1854,2021-10-01,AFG,5397,AFG,3,0.650000,0.750000,0.350000,0.490000,0.050000,0.130000,0.000000,0.000000,False,3,3
1854,2022-09-01,AFG,5398,AFG,3,0.750000,0.750000,0.450000,0.510000,0.150000,0.120000,0.000000,0.000000,False,3,3
1855,2019-08-01,AFG,5399,AFG,4,0.750000,0.730000,0.550000,0.370000,0.200000,0.110000,0.000000,0.000000,False,4,3
1855,2019-11-01,AFG,5400,AFG,3,0.500000,0.790000,0.250000,0.430000,0.100000,0.110000,0.000000,0.000000,False,3,3
1855,2020-04-01,AFG,5401,AFG,3,0.700000,0.750000,0.350000,0.400000,0.100000,0.120000,0.000000,0.000000,False,3,3
1855,2021-10-01,AFG,5402,AFG,3,0.600000,0.840000,0.250000,0.440000,0.050000,0.130000,0.000000,0.000000,False,3,3
1855,2022-03-01,AFG,5403,AFG,4,0.850000,0.800000,0.550000,0.450000,0.200000,0.130000,0.000000,0.000000,False,4,3
1855,2022-09-01,AFG,5404,AFG,4,0.800000,0.840000,0.500000,0.420000,0.200000,0.130000,0.000000,0.000000,False,4,3
1856,2017-08-01,AFG,5405,AFG,3,0.650000,0.700000,0.250000,0.400000,0.050000,0.110000,0.000000,0.000000,False,3,3
1856,2017-11-01,AFG,5406,AFG,4,0.950000,0.840000,0.780000,0.490000,0.410000,0.170000,0.000000,0.000000,False,4,3
1856,2018-08-01,AFG,5407,AFG,4,0.800000,0.810000,0.600000,0.430000,0.200000,0.120000,0.000000,0.000000,False,4,3
1856,2019-08-01,AFG,5408,AFG,4,0.750000,0.740000,0.550000,0.350000,0.200000,0.100000,0.000000,0.000000,False,4,3
1856,2019-11-01,AFG,5409,AFG,3,0.500000,0.790000,0.250000,0.390000,0.100000,0.100000,0.000000,0.000000,False,3,3
1856,2020-04-01,AFG,5410,AFG,3,0.700000,0.740000,0.350000,0.370000,0.100000,0.110000,0.000000,0.000000,False,3,3
1856,2020-08-01,AFG,5411,AFG,3,0.750000,0.750000,0.400000,0.340000,0.150000,0.100000,0.000000,0.000000,False,3,3
1856,2021-03-01,AFG,5412,AFG,3,0.650000,0.730000,0.350000,0.340000,0.100000,0.110000,0.000000,0.000000,False,3,3
1856,2022-09-01,AFG,5413,AFG,4,0.800000,0.770000,0.500000,0.470000,0.200000,0.110000,0.000000,0.000000,False,4,3
1857,2017-08-01,AFG,5414,AFG,3,0.500000,0.610000,0.300000,0.350000,0.100000,0.120000,0.000000,0.000000,False,3,3
1857,2017-11-01,AFG,5415,AFG,4,0.950000,0.870000,0.780000,0.520000,0.410000,0.200000,0.000000,0.000000,False,4,4
1857,2018-08-01,AFG,5416,AFG,3,0.800000,0.680000,0.400000,0.400000,0.100000,0.130000,0.000000,0.000000,False,3,3
1857,2019-08-01,AFG,5417,AFG,3,0.650000,0.660000,0.350000,0.330000,0.100000,0.090000,0.000000,0.000000,False,3,3
1857,2019-11-01,AFG,5418,AFG,3,0.500000,0.710000,0.250000,0.310000,0.100000,0.090000,0.000000,0.000000,False,3,3
1857,2020-08-01,AFG,5419,AFG,3,0.750000,0.670000,0.450000,0.320000,0.150000,0.090000,0.000000,0.000000,False,3,3
1857,2021-03-01,AFG,5420,AFG,3,0.700000,0.690000,0.350000,0.310000,0.100000,0.090000,0.000000,0.000000,False,3,3
1857,2022-03-01,AFG,5421,AFG,3,0.800000,0.700000,0.450000,0.380000,0.100000,0.110000,0.000000,0.000000,False,3,3
1857,2022-07-01,AFG,5422,AFG,3,0.650000,0.690000,0.250000,0.350000,0.100000,0.090000,0.000000,0.000000,False,3,3
1857,2022-09-01,AFG,5423,AFG,3,0.750000,0.710000,0.350000,0.410000,0.100000,0.100000,0.000000,0.000000,False,3,3
1858,2017-08-01,AFG,5424,AFG,3,0.650000,0.670000,0.250000,0.370000,0.050000,0.090000,0.000000,0.000000,False,3,3
1858,2017-11-01,AFG,5425,AFG,4,0.950000,0.850000,0.780000,0.480000,0.410000,0.150000,0.000000,0.000000,False,4,3
1858,2018-08-01,AFG,5426,AFG,4,0.800000,0.770000,0.600000,0.400000,0.200000,0.100000,0.000000,0.000000,False,4,3
1858,2020-08-01,AFG,5427,AFG,3,0.750000,0.720000,0.400000,0.340000,0.150000,0.080000,0.000000,0.000000,False,3,3
1858,2021-03-01,AFG,5428,AFG,3,0.650000,0.710000,0.350000,0.330000,0.100000,0.090000,0.000000,0.000000,False,3,3
1858,2022-09-01,AFG,5429,AFG,4,0.800000,0.790000,0.500000,0.480000,0.200000,0.100000,0.000000,0.000000,False,4,3
1859,2017-08-01,AFG,5430,AFG,3,0.500000,0.620000,0.300000,0.330000,0.100000,0.130000,0.000000,0.000000,False,3,3
1859,2017-11-01,AFG,5431,AFG,4,0.950000,0.850000,0.780000,0.470000,0.410000,0.190000,0.000000,0.000000,False,4,3
1859,2018-08-01,AFG,5432,AFG,3,0.800000,0.680000,0.400000,0.380000,0.100000,0.130000,0.000000,0.000000,False,3,3
1859,2019-08-01,AFG,5433,AFG,3,0.650000,0.670000,0.350000,0.330000,0.100000,0.090000,0.000000,0.000000,False,3,3
1859,2019-11-01,AFG,5434,AFG,3,0.550000,0.720000,0.200000,0.300000,0.050000,0.090000,0.000000,0.000000,False,3,3
1859,2020-04-01,AFG,5435,AFG,3,0.700000,0.740000,0.350000,0.350000,0.150000,0.100000,0.000000,0.000000,False,3,3
1859,2020-08-01,AFG,5436,AFG,3,0.750000,0.680000,0.450000,0.320000,0.150000,0.100000,0.000000,0.000000,False,3,3
1859,2021-03-01,AFG,5437,AFG,3,0.700000,0.720000,0.350000,0.320000,0.100000,0.100000,0.000000,0.000000,False,3,3
1859,2021-09-01,AFG,5438,AFG,3,0.800000,0.700000,0.450000,0.360000,0.150000,0.110000,0.000000,0.000000,False,3,3
1859,2021-10-01,AFG,5439,AFG,3,0.650000,0.730000,0.350000,0.420000,0.050000,0.120000,0.000000,0.000000,False,3,3
1859,2022-03-01,AFG,5440,AFG,3,0.800000,0.700000,0.450000,0.380000,0.100000,0.110000,0.000000,0.000000,False,3,3
1859,2022-07-01,AFG,5441,AFG,3,0.650000,0.660000,0.250000,0.350000,0.050000,0.100000,0.000000,0.000000,False,3,3
1859,2022-09-01,AFG,5442,AFG,3,0.750000,0.740000,0.350000,0.430000,0.100000,0.110000,0.000000,0.000000,False,3,3
1860,2018-08-01,AFG,5443,AFG,3,0.900000,0.770000,0.600000,0.380000,0.180000,0.100000,0.000000,0.000000,False,3,3
1860,2019-08-01,AFG,5444,AFG,3,0.800000,0.730000,0.600000,0.380000,0.150000,0.090000,0.000000,0.000000,False,3,3
1860,2020-04-01,AFG,5445,AFG,4,0.850000,0.790000,0.550000,0.430000,0.300000,0.120000,0.000000,0.000000,False,4,3
1860,2020-08-01,AFG,5446,AFG,4,0.800000,0.750000,0.450000,0.380000,0.200000,0.090000,0.000000,0.000000,False,4,3
1860,2021-03-01,AFG,5447,AFG,4,0.900000,0.760000,0.650000,0.450000,0.300000,0.120000,0.000000,0.000000,False,4,3
1860,2022-03-01,AFG,5448,AFG,4,0.900000,0.840000,0.550000,0.470000,0.250000,0.140000,0.000000,0.000000,False,4,3
1863,2017-08-01,AFG,5451,AFG,3,0.500000,0.640000,0.300000,0.330000,0.050000,0.090000,0.000000,0.000000,False,3,3
1863,2018-08-01,AFG,5452,AFG,3,0.800000,0.690000,0.500000,0.380000,0.100000,0.100000,0.000000,0.000000,False,3,3
1863,2019-08-01,AFG,5453,AFG,3,0.700000,0.640000,0.400000,0.320000,0.100000,0.080000,0.000000,0.000000,False,3,3
1863,2019-11-01,AFG,5454,AFG,3,0.400000,0.750000,0.200000,0.360000,0.050000,0.110000,0.000000,0.000000,False,3,3
1863,2020-04-01,AFG,5455,AFG,3,0.750000,0.670000,0.450000,0.340000,0.150000,0.080000,0.000000,0.000000,False,3,3
1863,2020-08-01,AFG,5456,AFG,3,0.700000,0.690000,0.400000,0.330000,0.100000,0.080000,0.000000,0.000000,False,3,3
1863,2021-03-01,AFG,5457,AFG,3,0.700000,0.710000,0.350000,0.310000,0.100000,0.090000,0.000000,0.000000,False,3,3
1863,2021-09-01,AFG,5458,AFG,3,0.850000,0.690000,0.450000,0.360000,0.150000,0.110000,0.000000,0.000000,False,3,3
1863,2021-10-01,AFG,5459,AFG,3,0.500000,0.760000,0.200000,0.420000,0.050000,0.110000,0.000000,0.000000,False,3,3
1863,2022-03-01,AFG,5460,AFG,3,0.800000,0.690000,0.450000,0.380000,0.150000,0.110000,0.000000,0.000000,False,3,3
1864,2017-08-01,AFG,5461,AFG,3,0.500000,0.620000,0.300000,0.360000,0.100000,0.100000,0.000000,0.000000,False,3,3
1864,2017-11-01,AFG,5462,AFG,4,0.950000,0.860000,0.780000,0.550000,0.410000,0.180000,0.000000,0.000000,False,4,3
1864,2018-08-01,AFG,5463,AFG,3,0.800000,0.680000,0.400000,0.390000,0.100000,0.110000,0.000000,0.000000,False,3,3
1864,2019-08-01,AFG,5464,AFG,3,0.650000,0.680000,0.350000,0.360000,0.100000,0.090000,0.000000,0.000000,False,3,3
1864,2019-11-01,AFG,5465,AFG,3,0.550000,0.750000,0.200000,0.390000,0.050000,0.110000,0.000000,0.000000,False,3,3
1864,2020-08-01,AFG,5466,AFG,3,0.750000,0.690000,0.450000,0.360000,0.150000,0.090000,0.000000,0.000000,False,3,3
1864,2021-03-01,AFG,5467,AFG,3,0.700000,0.730000,0.350000,0.320000,0.100000,0.090000,0.000000,0.000000,False,3,3
1864,2022-07-01,AFG,5468,AFG,3,0.650000,0.670000,0.250000,0.390000,0.050000,0.090000,0.000000,0.000000,False,3,3
1864,2022-09-01,AFG,5469,AFG,3,0.750000,0.700000,0.350000,0.420000,0.100000,0.100000,0.000000,0.000000,False,3,3
1867,2017-08-01,AFG,5490,AFG,3,0.500000,0.610000,0.300000,0.340000,0.100000,0.100000,0.000000,0.000000,False,3,3
1867,2017-11-01,AFG,5491,AFG,4,0.950000,0.870000,0.780000,0.470000,0.410000,0.160000,0.000000,0.000000,False,4,3
1867,2018-08-01,AFG,5492,AFG,3,0.800000,0.650000,0.400000,0.370000,0.100000,0.100000,0.000000,0.000000,False,3,3
1867,2019-08-01,AFG,5493,AFG,3,0.650000,0.660000,0.350000,0.340000,0.100000,0.090000,0.000000,0.000000,False,3,3
1867,2019-11-01,AFG,5494,AFG,3,0.500000,0.710000,0.250000,0.320000,0.100000,0.090000,0.000000,0.000000,False,3,3
1867,2020-04-01,AFG,5495,AFG,3,0.700000,0.720000,0.350000,0.350000,0.150000,0.100000,0.000000,0.000000,False,3,3
1867,2020-08-01,AFG,5496,AFG,3,0.750000,0.660000,0.450000,0.330000,0.150000,0.090000,0.000000,0.000000,False,3,3
1867,2021-03-01,AFG,5497,AFG,3,0.700000,0.690000,0.350000,0.320000,0.100000,0.090000,0.000000,0.000000,False,3,3
1867,2021-09-01,AFG,5498,AFG,3,0.800000,0.680000,0.450000,0.370000,0.150000,0.110000,0.000000,0.000000,False,3,3
1867,2021-10-01,AFG,5499,AFG,3,0.600000,0.690000,0.250000,0.400000,0.050000,0.120000,0.000000,0.000000,False,3,3
1867,2022-03-01,AFG,5500,AFG,3,0.800000,0.670000,0.450000,0.370000,0.100000,0.100000,0.000000,0.000000,False,3,3
1867,2022-07-01,AFG,5501,AFG,3,0.650000,0.650000,0.250000,0.370000,0.100000,0.090000,0.000000,0.000000,False,3,3
1867,2022-09-01,AFG,5502,AFG,3,0.750000,0.690000,0.350000,0.400000,0.100000,0.100000,0.000000,0.000000,False,3,3
1868,2017-11-01,AFG,5503,AFG,4,0.950000,0.890000,0.450000,0.470000,0.300000,0.170000,0.000000,0.000000,False,4,3
1868,2018-08-01,AFG,5504,AFG,3,0.900000,0.770000,0.600000,0.370000,0.180000,0.100000,0.000000,0.000000,False,3,3
1868,2020-04-01,AFG,5505,AFG,4,0.850000,0.790000,0.550000,0.450000,0.300000,0.120000,0.000000,0.000000,False,4,3
1868,2021-03-01,AFG,5506,AFG,4,0.900000,0.780000,0.650000,0.430000,0.300000,0.120000,0.000000,0.000000,False,4,3
1868,2021-09-01,AFG,5507,AFG,4,0.900000,0.800000,0.550000,0.420000,0.250000,0.110000,0.000000,0.000000,False,4,3
1868,2022-09-01,AFG,5508,AFG,4,0.850000,0.830000,0.500000,0.440000,0.200000,0.110000,0.000000,0.000000,False,4,3
1869,2017-08-01,AFG,5509,AFG,3,0.650000,0.680000,0.250000,0.390000,0.050000,0.090000,0.000000,0.000000,False,3,3
1869,2018-08-01,AFG,5510,AFG,4,0.800000,0.790000,0.600000,0.410000,0.200000,0.090000,0.000000,0.000000,False,4,3
1869,2019-08-01,AFG,5511,AFG,4,0.750000,0.720000,0.550000,0.340000,0.200000,0.080000,0.000000,0.000000,False,4,3
1869,2019-11-01,AFG,5512,AFG,3,0.500000,0.810000,0.250000,0.400000,0.100000,0.100000,0.000000,0.000000,False,3,3
1869,2020-04-01,AFG,5513,AFG,3,0.700000,0.750000,0.350000,0.370000,0.100000,0.110000,0.000000,0.000000,False,3,3
1869,2020-08-01,AFG,5514,AFG,3,0.750000,0.720000,0.400000,0.340000,0.150000,0.080000,0.000000,0.000000,False,3,3
1870,2017-08-01,AFG,5515,AFG,3,0.500000,0.600000,0.300000,0.340000,0.100000,0.090000,0.000000,0.000000,False,3,3
1870,2017-11-01,AFG,5516,AFG,4,0.950000,0.840000,0.780000,0.500000,0.410000,0.150000,0.000000,0.000000,False,4,3
1870,2018-08-01,AFG,5517,AFG,3,0.800000,0.700000,0.400000,0.370000,0.100000,0.090000,0.000000,0.000000,False,3,3
1870,2019-08-01,AFG,5518,AFG,3,0.650000,0.720000,0.350000,0.370000,0.100000,0.080000,0.000000,0.000000,False,3,3
1870,2019-11-01,AFG,5519,AFG,3,0.500000,0.760000,0.250000,0.360000,0.100000,0.080000,0.000000,0.000000,False,3,3
1870,2020-08-01,AFG,5520,AFG,3,0.750000,0.720000,0.450000,0.350000,0.150000,0.080000,0.000000,0.000000,False,3,3
1870,2021-03-01,AFG,5521,AFG,3,0.700000,0.730000,0.350000,0.350000,0.100000,0.090000,0.000000,0.000000,False,3,3
1870,2021-09-01,AFG,5522,AFG,3,0.800000,0.750000,0.450000,0.380000,0.150000,0.100000,0.000000,0.000000,False,3,3
1870,2022-03-01,AFG,5523,AFG,3,0.800000,0.740000,0.450000,0.350000,0.100000,0.090000,0.000000,0.000000,False,3,3
1870,2022-07-01,AFG,5524,AFG,3,0.650000,0.710000,0.250000,0.350000,0.100000,0.080000,0.000000,0.000000,False,3,3
1870,2022-09-01,AFG,5525,AFG,3,0.750000,0.780000,0.350000,0.400000,0.100000,0.100000,0.000000,0.000000,False,3,3
1874,2017-08-01,AFG,5546,AFG,3,0.500000,0.620000,0.300000,0.380000,0.100000,0.100000,0.000000,0.000000,False,3,3
1874,2017-11-01,AFG,5547,AFG,4,0.950000,0.870000,0.780000,0.510000,0.410000,0.160000,0.000000,0.000000,False,4,3
1874,2018-08-01,AFG,5548,AFG,3,0.800000,0.690000,0.400000,0.410000,0.100000,0.100000,0.000000,0.000000,False,3,3
1874,2019-08-01,AFG,5549,AFG,3,0.650000,0.690000,0.350000,0.390000,0.100000,0.090000,0.000000,0.000000,False,3,3
1874,2020-04-01,AFG,5550,AFG,3,0.700000,0.770000,0.350000,0.390000,0.150000,0.100000,0.000000,0.000000,False,3,3
1874,2020-08-01,AFG,5551,AFG,3,0.750000,0.720000,0.450000,0.390000,0.150000,0.090000,0.000000,0.000000,False,3,3
1874,2021-10-01,AFG,5552,AFG,3,0.600000,0.770000,0.250000,0.420000,0.050000,0.110000,0.000000,0.000000,False,3,3
651,2017-04-01,BDI,1723,BDI,2,0.650000,0.530000,0.190000,0.170000,0.050000,0.080000,0.000000,0.000000,False,2,2
651,2017-06-01,BDI,1724,BDI,2,1.000000,0.620000,0.100000,0.120000,0.000000,0.050000,0.000000,0.000000,False,2,2
651,2017-08-01,BDI,1725,BDI,2,0.800000,0.610000,0.190000,0.210000,0.030000,0.050000,0.000000,0.000000,False,2,3
651,2018-03-01,BDI,1726,BDI,2,0.450000,0.460000,0.100000,0.120000,0.000000,0.040000,0.000000,0.000000,False,2,2
651,2018-07-01,BDI,1727,BDI,2,0.700000,0.580000,0.150000,0.190000,0.000000,0.050000,0.000000,0.000000,False,2,2
651,2018-08-01,BDI,1728,BDI,2,0.600000,0.580000,0.050000,0.140000,0.000000,0.050000,0.000000,0.000000,False,2,2
651,2019-07-01,BDI,1729,BDI,3,0.650000,0.560000,0.200000,0.260000,0.000000,0.040000,0.000000,0.000000,False,3,3
651,2020-05-01,BDI,1730,BDI,2,0.350000,0.480000,0.150000,0.130000,0.000000,0.070000,0.000000,0.000000,False,2,2
651,2020-07-01,BDI,1731,BDI,3,0.750000,0.580000,0.400000,0.190000,0.150000,0.040000,0.000000,0.000000,False,3,2
651,2020-08-01,BDI,1732,BDI,2,0.200000,0.590000,0.050000,0.150000,0.000000,0.050000,0.000000,0.000000,False,2,2
651,2021-02-01,BDI,1733,BDI,3,0.650000,0.520000,0.250000,0.260000,0.050000,0.040000,0.000000,0.000000,False,3,3
651,2021-04-01,BDI,1734,BDI,2,0.400000,0.430000,0.100000,0.100000,0.000000,0.070000,0.000000,0.000000,False,2,2
651,2021-06-01,BDI,1735,BDI,2,0.250000,0.580000,0.050000,0.190000,0.000000,0.050000,0.000000,0.000000,False,2,2
651,2021-09-01,BDI,1736,BDI,3,0.650000,0.550000,0.200000,0.180000,0.050000,0.040000,0.000000,0.000000,False,3,2
651,2022-04-01,BDI,1737,BDI,2,0.300000,0.450000,0.100000,0.160000,0.000000,0.040000,0.000000,0.000000,False,2,2
651,2022-06-01,BDI,1738,BDI,1,0.150000,0.690000,0.050000,0.160000,0.000000,0.040000,0.000000,0.000000,False,1,2
651,2022-07-01,BDI,1739,BDI,3,0.750000,0.710000,0.300000,0.220000,0.050000,0.040000,0.000000,0.000000,False,3,3
652,2017-04-01,BDI,1740,BDI,2,0.650000,0.530000,0.190000,0.170000,0.050000,0.080000,0.000000,0.000000,False,2,2
652,2017-06-01,BDI,1741,BDI,2,1.000000,0.620000,0.100000,0.120000,0.000000,0.050000,0.000000,0.000000,False,2,2
652,2017-08-01,BDI,1742,BDI,2,0.800000,0.610000,0.190000,0.210000,0.030000,0.050000,0.000000,0.000000,False,2,3
652,2018-03-01,BDI,1743,BDI,2,0.450000,0.460000,0.100000,0.120000,0.000000,0.040000,0.000000,0.000000,False,2,2
652,2018-07-01,BDI,1744,BDI,2,0.700000,0.580000,0.150000,0.190000,0.000000,0.050000,0.000000,0.000000,False,2,2
652,2018-08-01,BDI,1745,BDI,2,0.600000,0.580000,0.050000,0.140000,0.000000,0.050000,0.000000,0.000000,False,2,2
652,2019-07-01,BDI,1746,BDI,3,0.650000,0.560000,0.200000,0.260000,0.000000,0.040000,0.000000,0.000000,False,3,3
652,2020-05-01,BDI,1747,BDI,2,0.350000,0.480000,0.150000,0.130000,0.000000,0.070000,0.000000,0.000000,False,2,2
652,2020-07-01,BDI,1748,BDI,3,0.750000,0.580000,0.400000,0.190000,0.150000,0.040000,0.000000,0.000000,False,3,2
652,2020-08-01,BDI,1749,BDI,2,0.200000,0.590000,0.050000,0.150000,0.000000,0.050000,0.000000,0.000000,False,2,2
652,2021-02-01,BDI,1750,BDI,3,0.650000,0.520000,0.250000,0.260000,0.050000,0.040000,0.000000,0.000000,False,3,3
652,2021-04-01,BDI,1751,BDI,2,0.400000,0.430000,0.100000,0.100000,0.000000,0.070000,0.000000,0.000000,False,2,2
652,2021-06-01,BDI,1752,BDI,2,0.250000,0.580000,0.050000,0.190000,0.000000,0.050000,0.000000,0.000000,False,2,2
652,2021-09-01,BDI,1753,BDI,3,0.650000,0.550000,0.200000,0.180000,0.050000,0.040000,0.000000,0.000000,False,3,2
652,2022-04-01,BDI,1754,BDI,2,0.300000,0.450000,0.100000,0.160000,0.000000,0.040000,0.000000,0.000000,False,2,2
652,2022-06-01,BDI,1755,BDI,1,0.150000,0.690000,0.050000,0.160000,0.000000,0.040000,0.000000,0.000000,False,1,2
652,2022-07-01,BDI,1756,BDI,3,0.750000,0.710000,0.300000,0.220000,0.050000,0.040000,0.000000,0.000000,False,3,3
674,2017-04-01,BDI,1859,BDI,3,0.550000,0.560000,0.200000,0.210000,0.050000,0.050000,0.000000,0.000000,False,3,3
674,2017-08-01,BDI,1860,BDI,2,0.800000,0.600000,0.170000,0.240000,0.020000,0.060000,0.000000,0.000000,False,2,3
674,2018-03-01,BDI,1861,BDI,2,0.250000,0.560000,0.100000,0.170000,0.000000,0.040000,0.000000,0.000000,False,2,2
674,2018-07-01,BDI,1862,BDI,2,0.450000,0.640000,0.050000,0.190000,0.000000,0.050000,0.000000,0.000000,False,2,2
674,2018-08-01,BDI,1863,BDI,3,0.700000,0.580000,0.250000,0.190000,0.050000,0.050000,0.000000,0.000000,False,3,2
674,2019-07-01,BDI,1864,BDI,3,0.650000,0.580000,0.200000,0.270000,0.000000,0.050000,0.000000,0.000000,False,3,3
674,2020-05-01,BDI,1865,BDI,2,0.400000,0.580000,0.100000,0.180000,0.000000,0.050000,0.000000,0.000000,False,2,2
674,2021-06-01,BDI,1866,BDI,2,0.300000,0.620000,0.050000,0.180000,0.000000,0.050000,0.000000,0.000000,False,2,2
674,2021-09-01,BDI,1867,BDI,3,0.750000,0.590000,0.250000,0.180000,0.050000,0.050000,0.000000,0.000000,False,3,2
674,2022-07-01,BDI,1868,BDI,3,0.800000,0.690000,0.400000,0.210000,0.050000,0.040000,0.000000,0.000000,False,3,3
675,2017-04-01,BDI,1869,BDI,3,0.550000,0.590000,0.200000,0.210000,0.050000,0.050000,0.000000,0.000000,False,3,3
675,2017-08-01,BDI,1870,BDI,2,0.800000,0.610000,0.170000,0.260000,0.020000,0.060000,0.000000,0.000000,False,2,3
675,2018-03-01,BDI,1871,BDI,2,0.250000,0.570000,0.100000,0.200000,0.000000,0.050000,0.000000,0.000000,False,2,3
675,2018-07-01,BDI,1872,BDI,2,0.450000,0.650000,0.050000,0.220000,0.000000,0.050000,0.000000,0.000000,False,2,3
675,2018-08-01,BDI,1873,BDI,3,0.700000,0.580000,0.250000,0.190000,0.050000,0.050000,0.000000,0.000000,False,3,2
675,2019-07-01,BDI,1874,BDI,3,0.650000,0.620000,0.200000,0.270000,0.000000,0.050000,0.000000,0.000000,False,3,3
675,2020-05-01,BDI,1875,BDI,2,0.400000,0.590000,0.100000,0.190000,0.000000,0.050000,0.000000,0.000000,False,2,2
675,2021-06-01,BDI,1876,BDI,2,0.300000,0.650000,0.050000,0.210000,0.000000,0.050000,0.000000,0.000000,False,2,3
675,2021-09-01,BDI,1877,BDI,3,0.750000,0.630000,0.250000,0.200000,0.050000,0.050000,0.000000,0.000000,False,3,3
675,2022-07-01,BDI,1878,BDI,3,0.800000,0.680000,0.400000,0.240000,0.050000,0.040000,0.000000,0.000000,False,3,3
676,2017-04-01,BDI,1879,BDI,2,0.650000,0.430000,0.190000,0.110000,0.060000,0.060000,0.000000,0.000000,False,2,2
676,2017-06-01,BDI,1880,BDI,2,1.000000,0.720000,0.100000,0.130000,0.000000,0.050000,0.000000,0.000000,False,2,2
676,2017-08-01,BDI,1881,BDI,2,0.700000,0.610000,0.140000,0.200000,0.020000,0.050000,0.000000,0.000000,False,2,3
676,2018-03-01,BDI,1882,BDI,2,0.450000,0.440000,0.150000,0.140000,0.000000,0.070000,0.000000,0.000000,False,2,2
676,2018-07-01,BDI,1883,BDI,2,0.650000,0.620000,0.130000,0.230000,0.000000,0.060000,0.000000,0.000000,False,2,3
676,2018-08-01,BDI,1884,BDI,2,0.600000,0.630000,0.050000,0.150000,0.000000,0.050000,0.000000,0.000000,False,2,2
676,2019-07-01,BDI,1885,BDI,3,0.650000,0.610000,0.200000,0.230000,0.000000,0.050000,0.000000,0.000000,False,3,3
676,2020-05-01,BDI,1886,BDI,2,0.450000,0.440000,0.150000,0.110000,0.000000,0.050000,0.000000,0.000000,False,2,2
676,2020-07-01,BDI,1887,BDI,3,0.750000,0.570000,0.400000,0.200000,0.150000,0.050000,0.000000,0.000000,False,3,3
676,2020-08-01,BDI,1888,BDI,2,0.350000,0.640000,0.100000,0.160000,0.000000,0.050000,0.000000,0.000000,False,2,2
676,2021-02-01,BDI,1889,BDI,3,0.650000,0.490000,0.250000,0.210000,0.050000,0.050000,0.000000,0.000000,False,3,3
676,2021-04-01,BDI,1890,BDI,2,0.600000,0.360000,0.150000,0.090000,0.000000,0.050000,0.000000,0.000000,False,2,2
676,2021-06-01,BDI,1891,BDI,2,0.500000,0.530000,0.100000,0.150000,0.000000,0.050000,0.000000,0.000000,False,2,2
676,2021-09-01,BDI,1892,BDI,3,0.650000,0.550000,0.200000,0.170000,0.050000,0.050000,0.000000,0.000000,False,3,2
676,2022-04-01,BDI,1893,BDI,2,0.400000,0.460000,0.100000,0.180000,0.000000,0.050000,0.000000,0.000000,False,2,2
676,2022-06-01,BDI,1894,BDI,2,0.400000,0.680000,0.100000,0.160000,0.000000,0.050000,0.000000,0.000000,False,2,2
676,2022-07-01,BDI,1895,BDI,3,0.750000,0.690000,0.300000,0.240000,0.050000,0.050000,0.000000,0.000000,False,3,3
677,2017-04-01,BDI,1896,BDI,2,0.650000,0.440000,0.190000,0.110000,0.060000,0.060000,0.000000,0.000000,False,2,2
677,2017-06-01,BDI,1897,BDI,2,1.000000,0.710000,0.100000,0.130000,0.000000,0.050000,0.000000,0.000000,False,2,2
677,2017-08-01,BDI,1898,BDI,2,0.700000,0.610000,0.140000,0.200000,0.020000,0.050000,0.000000,0.000000,False,2,3
677,2018-03-01,BDI,1899,BDI,2,0.450000,0.440000,0.150000,0.140000,0.000000,0.070000,0.000000,0.000000,False,2,2
677,2018-07-01,BDI,1900,BDI,2,0.650000,0.620000,0.130000,0.230000,0.000000,0.060000,0.000000,0.000000,False,2,3
677,2018-08-01,BDI,1901,BDI,2,0.600000,0.630000,0.050000,0.150000,0.000000,0.050000,0.000000,0.000000,False,2,2
677,2019-07-01,BDI,1902,BDI,3,0.650000,0.610000,0.200000,0.230000,0.000000,0.050000,0.000000,0.000000,False,3,3
677,2020-05-01,BDI,1903,BDI,2,0.450000,0.440000,0.150000,0.110000,0.000000,0.050000,0.000000,0.000000,False,2,2
677,2020-07-01,BDI,1904,BDI,3,0.750000,0.570000,0.400000,0.200000,0.150000,0.050000,0.000000,0.000000,False,3,3
677,2020-08-01,BDI,1905,BDI,2,0.350000,0.640000,0.100000,0.160000,0.000000,0.050000,0.000000,0.000000,False,2,2
677,2021-02-01,BDI,1906,BDI,3,0.650000,0.490000,0.250000,0.210000,0.050000,0.050000,0.000000,0.000000,False,3,3
677,2021-04-01,BDI,1907,BDI,2,0.600000,0.360000,0.150000,0.090000,0.000000,0.050000,0.000000,0.000000,False,2,2
677,2021-06-01,BDI,1908,BDI,2,0.500000,0.520000,0.100000,0.150000,0.000000,0.050000,0.000000,0.000000,False,2,2
677,2021-09-01,BDI,1909,BDI,3,0.650000,0.550000,0.200000,0.170000,0.050000,0.050000,0.000000,0.000000,False,3,2
677,2022-04-01,BDI,1910,BDI,2,0.400000,0.460000,0.100000,0.180000,0.000000,0.050000,0.000000,0.000000,False,2,2
677,2022-06-01,BDI,1911,BDI,2,0.400000,0.670000,0.100000,0.160000,0.000000,0.050000,0.000000,0.000000,False,2,2
677,2022-07-01,BDI,1912,BDI,3,0.750000,0.690000,0.300000,0.240000,0.050000,0.050000,0.000000,0.000000,False,3,3
699,2017-04-01,BDI,1996,BDI,4,0.750000,0.580000,0.450000,0.140000,0.200000,0.050000,0.000000,0.000000,False,4,2
699,2017-08-01,BDI,1997,BDI,2,0.700000,0.590000,0.190000,0.220000,0.070000,0.050000,0.000000,0.000000,False,2,3
699,2018-03-01,BDI,1998,BDI,2,0.550000,0.450000,0.150000,0.150000,0.000000,0.070000,0.000000,0.000000,False,2,2
699,2018-07-01,BDI,1999,BDI,2,0.400000,0.590000,0.120000,0.230000,0.020000,0.070000,0.000000,0.000000,False,2,3
699,2018-08-01,BDI,2000,BDI,2,0.550000,0.610000,0.050000,0.230000,0.000000,0.060000,0.000000,0.000000,False,2,3
699,2019-07-01,BDI,2001,BDI,3,0.700000,0.580000,0.200000,0.250000,0.000000,0.050000,0.000000,0.000000,False,3,3
699,2020-05-01,BDI,2002,BDI,2,0.500000,0.440000,0.100000,0.150000,0.000000,0.050000,0.000000,0.000000,False,2,2
699,2020-07-01,BDI,2003,BDI,3,0.700000,0.510000,0.200000,0.200000,0.000000,0.050000,0.000000,0.000000,False,3,3
699,2020-08-01,BDI,2004,BDI,2,0.350000,0.440000,0.050000,0.180000,0.000000,0.050000,0.000000,0.000000,False,2,2
699,2021-02-01,BDI,2005,BDI,2,0.750000,0.450000,0.150000,0.240000,0.000000,0.050000,0.000000,0.000000,False,2,3
699,2021-04-01,BDI,2006,BDI,3,0.650000,0.420000,0.200000,0.110000,0.050000,0.050000,0.000000,0.000000,False,3,2
699,2021-09-01,BDI,2007,BDI,2,0.650000,0.510000,0.100000,0.230000,0.000000,0.050000,0.000000,0.000000,False,2,3
699,2022-04-01,BDI,2008,BDI,2,0.350000,0.420000,0.100000,0.160000,0.000000,0.050000,0.000000,0.000000,False,2,2
699,2022-06-01,BDI,2009,BDI,2,0.400000,0.640000,0.150000,0.170000,0.000000,0.050000,0.000000,0.000000,False,2,2
699,2022-07-01,BDI,2010,BDI,2,0.750000,0.720000,0.150000,0.250000,0.000000,0.050000,0.000000,0.000000,False,2,3
700,2017-04-01,BDI,2011,BDI,4,0.750000,0.540000,0.450000,0.160000,0.200000,0.050000,0.000000,0.000000,False,4,2
700,2017-08-01,BDI,2012,BDI,2,0.700000,0.590000,0.190000,0.240000,0.070000,0.050000,0.000000,0.000000,False,2,3
700,2018-03-01,BDI,2013,BDI,2,0.550000,0.450000,0.150000,0.160000,0.000000,0.070000,0.000000,0.000000,False,2,2
700,2018-07-01,BDI,2014,BDI,2,0.400000,0.600000,0.120000,0.250000,0.020000,0.070000,0.000000,0.000000,False,2,3
700,2018-08-01,BDI,2015,BDI,2,0.550000,0.630000,0.050000,0.250000,0.000000,0.060000,0.000000,0.000000,False,2,3
700,2019-07-01,BDI,2016,BDI,3,0.700000,0.570000,0.200000,0.230000,0.000000,0.050000,0.000000,0.000000,False,3,3
700,2020-05-01,BDI,2017,BDI,2,0.500000,0.440000,0.100000,0.170000,0.000000,0.050000,0.000000,0.000000,False,2,2
700,2020-07-01,BDI,2018,BDI,3,0.700000,0.530000,0.200000,0.210000,0.000000,0.050000,0.000000,0.000000,False,3,3
700,2020-08-01,BDI,2019,BDI,2,0.350000,0.440000,0.050000,0.200000,0.000000,0.050000,0.000000,0.000000,False,2,3
700,2021-02-01,BDI,2020,BDI,2,0.750000,0.460000,0.150000,0.240000,0.000000,0.050000,0.000000,0.000000,False,2,3
700,2021-04-01,BDI,2021,BDI,3,0.650000,0.430000,0.200000,0.100000,0.050000,0.050000,0.000000,0.000000,False,3,2
700,2021-09-01,BDI,2022,BDI,2,0.650000,0.500000,0.100000,0.220000,0.000000,0.050000,0.000000,0.000000,False,2,3
700,2022-04-01,BDI,2023,BDI,2,0.350000,0.420000,0.100000,0.150000,0.000000,0.050000,0.000000,0.000000,False,2,2
700,2022-07-01,BDI,2024,BDI,2,0.750000,0.730000,0.150000,0.240000,0.000000,0.050000,0.000000,0.000000,False,2,3
703,2017-04-01,BDI,2033,BDI,3,0.800000,0.510000,0.400000,0.160000,0.100000,0.080000,0.000000,0.000000,False,3,2
703,2017-08-01,BDI,2034,BDI,2,0.750000,0.590000,0.180000,0.230000,0.020000,0.050000,0.000000,0.000000,False,2,3
703,2018-03-01,BDI,2035,BDI,2,0.450000,0.410000,0.150000,0.150000,0.000000,0.070000,0.000000,0.000000,False,2,2
703,2018-07-01,BDI,2036,BDI,2,0.500000,0.660000,0.150000,0.250000,0.000000,0.060000,0.000000,0.000000,False,2,3
703,2018-08-01,BDI,2037,BDI,2,0.600000,0.640000,0.050000,0.180000,0.000000,0.050000,0.000000,0.000000,False,2,2
703,2019-07-01,BDI,2038,BDI,3,0.650000,0.540000,0.200000,0.240000,0.000000,0.050000,0.000000,0.000000,False,3,3
703,2020-05-01,BDI,2039,BDI,2,0.650000,0.440000,0.100000,0.140000,0.000000,0.080000,0.000000,0.000000,False,2,2
703,2020-07-01,BDI,2040,BDI,3,0.750000,0.510000,0.400000,0.220000,0.150000,0.050000,0.000000,0.000000,False,3,3
703,2020-08-01,BDI,2041,BDI,2,0.500000,0.600000,0.050000,0.180000,0.000000,0.050000,0.000000,0.000000,False,2,2
703,2021-02-01,BDI,2042,BDI,3,0.650000,0.490000,0.250000,0.230000,0.050000,0.050000,0.000000,0.000000,False,3,3
703,2021-04-01,BDI,2043,BDI,2,0.650000,0.410000,0.150000,0.120000,0.000000,0.070000,0.000000,0.000000,False,2,2
703,2021-06-01,BDI,2044,BDI,2,0.600000,0.510000,0.100000,0.160000,0.000000,0.050000,0.000000,0.000000,False,2,2
703,2021-09-01,BDI,2045,BDI,3,0.650000,0.500000,0.200000,0.200000,0.050000,0.050000,0.000000,0.000000,False,3,3
703,2022-04-01,BDI,2046,BDI,2,0.300000,0.380000,0.100000,0.170000,0.000000,0.050000,0.000000,0.000000,False,2,2
703,2022-06-01,BDI,2047,BDI,2,0.350000,0.620000,0.100000,0.170000,0.000000,0.040000,0.000000,0.000000,False,2,2
703,2022-07-01,BDI,2048,BDI,3,0.750000,0.690000,0.300000,0.240000,0.050000,0.050000,0.000000,0.000000,False,3,3
704,2017-04-01,BDI,2049,BDI,3,0.800000,0.470000,0.400000,0.150000,0.100000,0.080000,0.000000,0.000000,False,3,2
704,2017-08-01,BDI,2050,BDI,2,0.750000,0.590000,0.180000,0.210000,0.020000,0.050000,0.000000,0.000000,False,2,3
704,2018-03-01,BDI,2051,BDI,2,0.450000,0.390000,0.150000,0.190000,0.000000,0.070000,0.000000,0.000000,False,2,2
704,2018-07-01,BDI,2052,BDI,2,0.500000,0.640000,0.150000,0.230000,0.000000,0.060000,0.000000,0.000000,False,2,3
704,2018-08-01,BDI,2053,BDI,2,0.600000,0.650000,0.050000,0.170000,0.000000,0.050000,0.000000,0.000000,False,2,2
704,2019-07-01,BDI,2054,BDI,3,0.650000,0.570000,0.200000,0.230000,0.000000,0.050000,0.000000,0.000000,False,3,3
704,2020-05-01,BDI,2055,BDI,2,0.650000,0.430000,0.100000,0.120000,0.000000,0.080000,0.000000,0.000000,False,2,2
704,2020-07-01,BDI,2056,BDI,3,0.750000,0.490000,0.400000,0.220000,0.150000,0.050000,0.000000,0.000000,False,3,3
704,2020-08-01,BDI,2057,BDI,2,0.500000,0.580000,0.050000,0.160000,0.000000,0.050000,0.000000,0.000000,False,2,2
704,2021-02-01,BDI,2058,BDI,3,0.650000,0.490000,0.250000,0.220000,0.050000,0.040000,0.000000,0.000000,False,3,3
704,2021-04-01,BDI,2059,BDI,2,0.650000,0.400000,0.150000,0.100000,0.000000,0.070000,0.000000,0.000000,False,2,2
704,2021-06-01,BDI,2060,BDI,2,0.600000,0.510000,0.100000,0.140000,0.000000,0.050000,0.000000,0.000000,False,2,2
704,2021-09-01,BDI,2061,BDI,3,0.650000,0.490000,0.200000,0.190000,0.050000,0.050000,0.000000,0.000000,False,3,2
704,2022-04-01,BDI,2062,BDI,2,0.300000,0.350000,0.100000,0.150000,0.000000,0.050000,0.000000,0.000000,False,2,2
704,2022-06-01,BDI,2063,BDI,2,0.350000,0.630000,0.100000,0.140000,0.000000,0.040000,0.000000,0.000000,False,2,2
704,2022-07-01,BDI,2064,BDI,3,0.750000,0.720000,0.300000,0.210000,0.050000,0.040000,0.000000,0.000000,False,3,3
707,2017-08-01,BDI,2077,BDI,2,0.640000,0.600000,0.160000,0.260000,0.040000,0.060000,0.000000,0.000000,False,2,3
707,2018-03-01,BDI,2078,BDI,2,0.500000,0.460000,0.150000,0.190000,0.000000,0.080000,0.000000,0.000000,False,2,2
707,2018-07-01,BDI,2079,BDI,2,0.550000,0.650000,0.190000,0.250000,0.050000,0.070000,0.000000,0.000000,False,2,3
707,2018-08-01,BDI,2080,BDI,2,0.600000,0.600000,0.050000,0.170000,0.000000,0.060000,0.000000,0.000000,False,2,2
707,2019-07-01,BDI,2081,BDI,3,0.650000,0.610000,0.200000,0.250000,0.000000,0.060000,0.000000,0.000000,False,3,3
707,2020-05-01,BDI,2082,BDI,2,0.400000,0.430000,0.100000,0.180000,0.000000,0.060000,0.000000,0.000000,False,2,2
707,2020-07-01,BDI,2083,BDI,3,0.750000,0.480000,0.400000,0.220000,0.150000,0.060000,0.000000,0.000000,False,3,3
707,2020-08-01,BDI,2084,BDI,2,0.500000,0.510000,0.100000,0.190000,0.000000,0.060000,0.000000,0.000000,False,2,2
707,2021-02-01,BDI,2085,BDI,3,0.650000,0.500000,0.250000,0.250000,0.050000,0.050000,0.000000,0.000000,False,3,3
707,2021-04-01,BDI,2086,BDI,2,0.500000,0.420000,0.150000,0.160000,0.000000,0.060000,0.000000,0.000000,False,2,2
707,2022-04-01,BDI,2087,BDI,2,0.450000,0.530000,0.150000,0.240000,0.000000,0.060000,0.000000,0.000000,False,2,3
707,2022-06-01,BDI,2088,BDI,2,0.450000,0.670000,0.150000,0.180000,0.000000,0.060000,0.000000,0.000000,False,2,2
707,2022-07-01,BDI,2089,BDI,3,0.750000,0.690000,0.300000,0.280000,0.050000,0.060000,0.000000,0.000000,False,3,3
708,2017-08-01,BDI,2090,BDI,2,0.640000,0.590000,0.160000,0.260000,0.040000,0.060000,0.000000,0.000000,False,2,3
708,2018-03-01,BDI,2091,BDI,2,0.500000,0.470000,0.150000,0.180000,0.000000,0.080000,0.000000,0.000000,False,2,2
708,2018-07-01,BDI,2092,BDI,2,0.550000,0.660000,0.190000,0.250000,0.050000,0.070000,0.000000,0.000000,False,2,3
708,2018-08-01,BDI,2093,BDI,2,0.600000,0.600000,0.050000,0.180000,0.000000,0.060000,0.000000,0.000000,False,2,2
708,2019-07-01,BDI,2094,BDI,3,0.650000,0.650000,0.200000,0.260000,0.000000,0.060000,0.000000,0.000000,False,3,3
708,2020-05-01,BDI,2095,BDI,2,0.400000,0.440000,0.100000,0.180000,0.000000,0.060000,0.000000,0.000000,False,2,2
708,2020-07-01,BDI,2096,BDI,3,0.750000,0.460000,0.400000,0.220000,0.150000,0.060000,0.000000,0.000000,False,3,3
708,2020-08-01,BDI,2097,BDI,2,0.500000,0.530000,0.100000,0.180000,0.000000,0.060000,0.000000,0.000000,False,2,2
708,2021-02-01,BDI,2098,BDI,3,0.650000,0.500000,0.250000,0.240000,0.050000,0.050000,0.000000,0.000000,False,3,3
708,2021-04-01,BDI,2099,BDI,2,0.500000,0.420000,0.150000,0.170000,0.000000,0.060000,0.000000,0.000000,False,2,2
708,2022-04-01,BDI,2100,BDI,2,0.450000,0.520000,0.150000,0.230000,0.000000,0.060000,0.000000,0.000000,False,2,3
708,2022-06-01,BDI,2101,BDI,2,0.450000,0.660000,0.150000,0.170000,0.000000,0.060000,0.000000,0.000000,False,2,2
708,2022-07-01,BDI,2102,BDI,3,0.750000,0.670000,0.300000,0.280000,0.050000,0.060000,0.000000,0.000000,False,3,3
132,2017-02-01,CAF,700,CAF,2,0.640000,0.680000,0.140000,0.280000,0.050000,0.050000,0.000000,0.000000,False,2,3
132,2020-09-01,CAF,701,CAF,3,0.800000,0.630000,0.400000,0.290000,0.050000,0.060000,0.000000,0.000000,False,3,3
132,2021-09-01,CAF,702,CAF,3,0.700000,0.610000,0.400000,0.340000,0.100000,0.070000,0.000000,0.000000,False,3,3
133,2021-09-01,CAF,703,CAF,3,0.700000,0.610000,0.250000,0.400000,0.100000,0.070000,0.000000,0.000000,False,3,3
134,2018-08-01,CAF,704,CAF,3,0.900000,0.710000,0.600000,0.270000,0.150000,0.090000,0.000000,0.000000,False,3,3
134,2021-09-01,CAF,705,CAF,3,0.750000,0.640000,0.400000,0.410000,0.100000,0.070000,0.000000,0.000000,False,3,3
158,2021-09-01,CAF,712,CAF,4,0.800000,0.660000,0.600000,0.530000,0.350000,0.150000,0.000000,0.000000,False,4,3
159,2017-02-01,CAF,713,CAF,2,0.640000,0.710000,0.140000,0.320000,0.050000,0.100000,0.000000,0.000000,False,2,3
159,2019-05-01,CAF,714,CAF,3,0.800000,0.550000,0.250000,0.290000,0.050000,0.100000,0.000000,0.000000,False,3,3
159,2020-09-01,CAF,715,CAF,3,0.600000,0.640000,0.300000,0.380000,0.050000,0.100000,0.000000,0.000000,False,3,3
159,2021-09-01,CAF,716,CAF,3,0.650000,0.660000,0.300000,0.500000,0.100000,0.120000,0.000000,0.000000,False,3,3
162,2019-05-01,CAF,719,CAF,3,0.800000,0.480000,0.250000,0.280000,0.050000,0.070000,0.000000,0.000000,False,3,3
162,2020-09-01,CAF,720,CAF,3,0.600000,0.580000,0.300000,0.320000,0.050000,0.070000,0.000000,0.000000,False,3,3
162,2021-09-01,CAF,721,CAF,3,0.650000,0.650000,0.300000,0.470000,0.100000,0.100000,0.000000,0.000000,False,3,3
165,2020-09-01,CAF,722,CAF,3,0.850000,0.730000,0.550000,0.360000,0.150000,0.090000,0.000000,0.000000,False,3,3
165,2021-09-01,CAF,723,CAF,4,0.850000,0.710000,0.650000,0.480000,0.250000,0.150000,0.000000,0.000000,False,4,3
165,2022-09-01,CAF,724,CAF,4,0.850000,0.750000,0.600000,0.500000,0.200000,0.140000,0.000000,0.000000,False,4,3
166,2017-02-01,CAF,725,CAF,3,0.790000,0.670000,0.580000,0.260000,0.180000,0.070000,0.000000,0.000000,False,3,3
166,2019-05-01,CAF,726,CAF,3,0.850000,0.590000,0.500000,0.280000,0.150000,0.080000,0.000000,0.000000,False,3,3
166,2020-09-01,CAF,727,CAF,3,0.850000,0.650000,0.450000,0.320000,0.100000,0.080000,0.000000,0.000000,False,3,3
166,2021-09-01,CAF,728,CAF,4,0.800000,0.670000,0.600000,0.490000,0.350000,0.140000,0.000000,0.000000,False,4,3
167,2017-02-01,CAF,729,CAF,2,0.640000,0.720000,0.140000,0.250000,0.040000,0.060000,0.000000,0.000000,False,2,3
167,2021-09-01,CAF,730,CAF,3,0.700000,0.640000,0.300000,0.320000,0.100000,0.080000,0.000000,0.000000,False,3,3
168,2017-02-01,CAF,731,CAF,2,0.640000,0.720000,0.140000,0.250000,0.040000,0.050000,0.000000,0.000000,False,2,3
168,2018-08-01,CAF,732,CAF,3,0.900000,0.700000,0.600000,0.240000,0.150000,0.080000,0.000000,0.000000,False,3,3
168,2021-09-01,CAF,733,CAF,3,0.600000,0.650000,0.250000,0.360000,0.050000,0.070000,0.000000,0.000000,False,3,3
170,2019-05-01,CAF,736,CAF,3,0.850000,0.590000,0.200000,0.240000,0.050000,0.060000,0.000000,0.000000,False,3,3
174,2017-02-01,CAF,737,CAF,3,0.790000,0.710000,0.580000,0.260000,0.180000,0.100000,0.000000,0.000000,False,3,3
174,2018-03-01,CAF,738,CAF,3,0.850000,0.700000,0.500000,0.260000,0.100000,0.140000,0.000000,0.000000,False,3,3
174,2018-08-01,CAF,739,CAF,4,0.900000,0.690000,0.600000,0.260000,0.200000,0.090000,0.000000,0.000000,False,4,3
174,2019-05-01,CAF,740,CAF,3,0.850000,0.620000,0.500000,0.270000,0.150000,0.090000,0.000000,0.000000,False,3,3
174,2019-09-01,CAF,741,CAF,3,0.800000,0.690000,0.400000,0.540000,0.050000,0.130000,0.000000,0.000000,False,3,3
174,2020-09-01,CAF,742,CAF,3,0.850000,0.640000,0.450000,0.360000,0.100000,0.090000,0.000000,0.000000,False,3,3
174,2021-09-01,CAF,743,CAF,4,0.800000,0.710000,0.600000,0.530000,0.350000,0.180000,0.000000,0.000000,False,4,3
174,2022-09-01,CAF,744,CAF,3,0.850000,0.770000,0.550000,0.540000,0.150000,0.150000,0.000000,0.000000,False,3,3
175,2017-02-01,CAF,745,CAF,3,0.790000,0.670000,0.580000,0.260000,0.180000,0.100000,0.000000,0.000000,False,3,3
175,2018-03-01,CAF,746,CAF,3,0.850000,0.720000,0.500000,0.260000,0.100000,0.140000,0.000000,0.000000,False,3,3
175,2018-08-01,CAF,747,CAF,4,0.900000,0.700000,0.600000,0.250000,0.200000,0.090000,0.000000,0.000000,False,4,3
175,2019-05-01,CAF,748,CAF,3,0.850000,0.600000,0.500000,0.280000,0.150000,0.090000,0.000000,0.000000,False,3,3
175,2019-09-01,CAF,749,CAF,3,0.800000,0.690000,0.400000,0.540000,0.050000,0.150000,0.000000,0.000000,False,3,3
175,2020-09-01,CAF,750,CAF,3,0.850000,0.640000,0.450000,0.350000,0.100000,0.090000,0.000000,0.000000,False,3,3
175,2021-09-01,CAF,751,CAF,4,0.800000,0.690000,0.600000,0.530000,0.350000,0.180000,0.000000,0.000000,False,4,3
175,2022-09-01,CAF,752,CAF,3,0.850000,0.770000,0.550000,0.530000,0.150000,0.140000,0.000000,0.000000,False,3,3
177,2017-02-01,CAF,753,CAF,3,0.790000,0.670000,0.580000,0.260000,0.180000,0.110000,0.000000,0.000000,False,3,3
177,2018-03-01,CAF,754,CAF,3,0.850000,0.710000,0.500000,0.260000,0.100000,0.130000,0.000000,0.000000,False,3,3
177,2018-08-01,CAF,755,CAF,4,0.900000,0.660000,0.600000,0.220000,0.200000,0.090000,0.000000,0.000000,False,4,3
177,2019-05-01,CAF,756,CAF,3,0.850000,0.590000,0.500000,0.280000,0.150000,0.080000,0.000000,0.000000,False,3,3
177,2019-09-01,CAF,757,CAF,3,0.800000,0.680000,0.400000,0.510000,0.050000,0.110000,0.000000,0.000000,False,3,3
177,2020-09-01,CAF,758,CAF,3,0.850000,0.620000,0.450000,0.300000,0.100000,0.080000,0.000000,0.000000,False,3,3
177,2021-09-01,CAF,759,CAF,4,0.800000,0.690000,0.600000,0.520000,0.350000,0.180000,0.000000,0.000000,False,4,3
177,2022-09-01,CAF,760,CAF,3,0.850000,0.780000,0.550000,0.540000,0.150000,0.140000,0.000000,0.000000,False,3,3
178,2019-05-01,CAF,761,CAF,3,0.850000,0.600000,0.200000,0.290000,0.050000,0.050000,0.000000,0.000000,False,3,3
180,2021-09-01,CAF,762,CAF,4,0.800000,0.660000,0.650000,0.500000,0.200000,0.120000,0.000000,0.000000,False,4,3
181,2018-03-01,CAF,763,CAF,3,0.850000,0.730000,0.500000,0.360000,0.150000,0.150000,0.000000,0.000000,False,3,3
181,2018-08-01,CAF,764,CAF,3,0.900000,0.700000,0.500000,0.330000,0.100000,0.120000,0.000000,0.000000,False,3,3
181,2019-05-01,CAF,765,CAF,3,0.850000,0.610000,0.500000,0.260000,0.150000,0.100000,0.000000,0.000000,False,3,3
181,2019-09-01,CAF,766,CAF,3,0.850000,0.710000,0.350000,0.500000,0.050000,0.160000,0.000000,0.000000,False,3,3
181,2020-09-01,CAF,767,CAF,3,0.800000,0.710000,0.500000,0.360000,0.100000,0.110000,0.000000,0.000000,False,3,3
181,2021-09-01,CAF,768,CAF,3,0.850000,0.730000,0.600000,0.520000,0.150000,0.200000,0.000000,0.000000,False,3,4
183,2018-03-01,CAF,769,CAF,3,0.850000,0.720000,0.500000,0.330000,0.150000,0.130000,0.000000,0.000000,False,3,3
183,2019-05-01,CAF,770,CAF,3,0.850000,0.630000,0.500000,0.280000,0.150000,0.090000,0.000000,0.000000,False,3,3
183,2019-09-01,CAF,771,CAF,3,0.850000,0.710000,0.350000,0.470000,0.050000,0.140000,0.000000,0.000000,False,3,3
183,2021-09-01,CAF,772,CAF,3,0.850000,0.740000,0.600000,0.500000,0.150000,0.160000,0.000000,0.000000,False,3,3
184,2018-03-01,CAF,773,CAF,3,0.850000,0.720000,0.500000,0.350000,0.150000,0.130000,0.000000,0.000000,False,3,3
184,2019-05-01,CAF,774,CAF,3,0.850000,0.630000,0.500000,0.300000,0.150000,0.080000,0.000000,0.000000,False,3,3
184,2019-09-01,CAF,775,CAF,3,0.850000,0.700000,0.350000,0.470000,0.050000,0.140000,0.000000,0.000000,False,3,3
184,2021-09-01,CAF,776,CAF,3,0.850000,0.730000,0.600000,0.510000,0.150000,0.180000,0.000000,0.000000,False,3,3
187,2020-09-01,CAF,777,CAF,3,0.700000,0.580000,0.350000,0.310000,0.050000,0.070000,0.000000,0.000000,False,3,3
191,2018-03-01,CAF,780,CAF,3,0.850000,0.720000,0.500000,0.340000,0.150000,0.140000,0.000000,0.000000,False,3,3
198,2018-03-01,CAF,781,CAF,3,0.850000,0.770000,0.500000,0.380000,0.150000,0.150000,0.000000,0.000000,False,3,3
198,2020-09-01,CAF,782,CAF,3,0.800000,0.680000,0.500000,0.400000,0.150000,0.120000,0.000000,0.000000,False,3,3
200,2018-08-01,CAF,783,CAF,3,0.850000,0.700000,0.450000,0.250000,0.150000,0.090000,0.000000,0.000000,False,3,3
201,2017-02-01,CAF,784,CAF,3,0.740000,0.720000,0.440000,0.270000,0.140000,0.090000,0.000000,0.000000,False,3,3
205,2021-02-01,CAF,785,CAF,3,0.600000,0.700000,0.250000,0.340000,0.050000,0.090000,0.000000,0.000000,False,3,3
206,2020-07-01,CAF,786,CAF,3,0.750000,0.680000,0.250000,0.270000,0.050000,0.060000,0.000000,0.000000,False,3,3
210,2017-02-01,CAF,787,CAF,3,0.740000,0.720000,0.440000,0.290000,0.140000,0.120000,0.000000,0.000000,False,3,3
210,2018-03-01,CAF,788,CAF,3,0.800000,0.780000,0.450000,0.310000,0.150000,0.100000,0.000000,0.000000,False,3,3
210,2018-08-01,CAF,789,CAF,3,0.850000,0.720000,0.450000,0.220000,0.150000,0.120000,0.000000,0.000000,False,3,3
210,2020-09-01,CAF,790,CAF,3,0.900000,0.640000,0.550000,0.350000,0.100000,0.120000,0.000000,0.000000,False,3,3
210,2021-09-01,CAF,791,CAF,3,0.700000,0.810000,0.400000,0.480000,0.150000,0.160000,0.000000,0.000000,False,3,3
211,2017-02-01,CAF,792,CAF,3,0.740000,0.720000,0.440000,0.290000,0.140000,0.120000,0.000000,0.000000,False,3,3
211,2018-03-01,CAF,793,CAF,3,0.800000,0.780000,0.450000,0.310000,0.150000,0.100000,0.000000,0.000000,False,3,3
211,2018-08-01,CAF,794,CAF,3,0.850000,0.720000,0.450000,0.220000,0.150000,0.120000,0.000000,0.000000,False,3,3
211,2020-09-01,CAF,795,CAF,3,0.900000,0.640000,0.550000,0.350000,0.100000,0.120000,0.000000,0.000000,False,3,3
211,2021-09-01,CAF,796,CAF,3,0.700000,0.810000,0.400000,0.480000,0.150000,0.160000,0.000000,0.000000,False,3,3
212,2020-07-01,CAF,797,CAF,3,0.750000,0.680000,0.250000,0.280000,0.050000,0.060000,0.000000,0.000000,False,3,3
213,2018-08-01,CAF,798,CAF,4,0.950000,0.740000,0.800000,0.330000,0.350000,0.110000,0.000000,0.000000,False,4,3
216,2021-02-01,CAF,799,CAF,3,0.600000,0.620000,0.250000,0.310000,0.050000,0.110000,0.000000,0.000000,False,3,3
216,2021-09-01,CAF,800,CAF,3,0.800000,0.620000,0.450000,0.430000,0.150000,0.100000,0.000000,0.000000,False,3,3
216,2022-09-01,CAF,801,CAF,3,0.800000,0.610000,0.450000,0.390000,0.150000,0.110000,0.000000,0.000000,False,3,3
217,2021-02-01,CAF,802,CAF,3,0.600000,0.700000,0.250000,0.310000,0.050000,0.100000,0.000000,0.000000,False,3,3
217,2021-09-01,CAF,803,CAF,3,0.800000,0.670000,0.450000,0.410000,0.150000,0.090000,0.000000,0.000000,False,3,3
223,2018-08-01,CAF,804,CAF,4,0.950000,0.780000,0.800000,0.330000,0.350000,0.110000,0.000000,0.000000,False,4,3
224,2018-08-01,CAF,805,CAF,3,0.850000,0.700000,0.450000,0.240000,0.150000,0.100000,0.000000,0.000000,False,3,3
224,2021-09-01,CAF,806,CAF,3,0.800000,0.790000,0.400000,0.510000,0.100000,0.170000,0.000000,0.000000,False,3,3
226,2018-08-01,CAF,807,CAF,4,0.950000,0.750000,0.800000,0.340000,0.350000,0.130000,0.000000,0.000000,False,4,3
228,2018-08-01,CAF,808,CAF,4,0.950000,0.750000,0.800000,0.360000,0.350000,0.110000,0.000000,0.000000,False,4,3
229,2021-02-01,CAF,809,CAF,3,0.600000,0.620000,0.250000,0.330000,0.050000,0.100000,0.000000,0.000000,False,3,3
229,2021-09-01,CAF,810,CAF,3,0.750000,0.680000,0.450000,0.400000,0.100000,0.090000,0.000000,0.000000,False,3,3
229,2022-09-01,CAF,811,CAF,3,0.750000,0.660000,0.400000,0.280000,0.150000,0.090000,0.000000,0.000000,False,3,3
231,2021-09-01,CAF,813,CAF,3,0.750000,0.710000,0.300000,0.340000,0.100000,0.060000,0.000000,0.000000,False,3,3
232,2017-02-01,CAF,814,CAF,2,0.580000,0.660000,0.140000,0.280000,0.000000,0.050000,0.000000,0.000000,False,2,3
232,2018-03-01,CAF,815,CAF,2,0.600000,0.720000,0.150000,0.280000,0.050000,0.050000,0.000000,0.000000,False,2,3
232,2019-05-01,CAF,816,CAF,3,0.750000,0.570000,0.350000,0.290000,0.150000,0.080000,0.000000,0.000000,False,3,3
232,2021-09-01,CAF,817,CAF,3,0.750000,0.680000,0.300000,0.320000,0.100000,0.060000,0.000000,0.000000,False,3,3
233,2020-07-01,CAF,818,CAF,3,0.750000,0.640000,0.250000,0.270000,0.050000,0.060000,0.000000,0.000000,False,3,3
234,2022-07-01,CAF,819,CAF,3,0.750000,0.630000,0.300000,0.260000,0.050000,0.050000,0.000000,0.000000,False,3,3
234,2022-09-01,CAF,820,CAF,3,0.550000,0.600000,0.200000,0.290000,0.000000,0.060000,0.000000,0.000000,False,3,3
235,2017-06-01,CAF,821,CAF,2,1.000000,0.610000,0.040000,0.130000,0.000000,0.050000,0.000000,0.000000,False,2,2
235,2018-08-01,CAF,822,CAF,2,0.600000,0.620000,0.150000,0.330000,0.050000,0.060000,0.000000,0.000000,False,2,3
235,2021-02-01,CAF,823,CAF,3,0.600000,0.650000,0.250000,0.290000,0.050000,0.080000,0.000000,0.000000,False,3,3
237,2017-02-01,CAF,824,CAF,2,0.580000,0.670000,0.140000,0.270000,0.000000,0.050000,0.000000,0.000000,False,2,3
237,2017-06-01,CAF,825,CAF,2,1.000000,0.610000,0.040000,0.130000,0.000000,0.050000,0.000000,0.000000,False,2,2
237,2018-03-01,CAF,826,CAF,2,0.600000,0.710000,0.150000,0.320000,0.050000,0.050000,0.000000,0.000000,False,2,3
237,2018-08-01,CAF,827,CAF,2,0.600000,0.710000,0.150000,0.280000,0.050000,0.050000,0.000000,0.000000,False,2,3
237,2019-05-01,CAF,828,CAF,2,0.800000,0.650000,0.180000,0.270000,0.030000,0.050000,0.000000,0.000000,False,2,3
237,2020-07-01,CAF,829,CAF,3,0.750000,0.710000,0.250000,0.250000,0.050000,0.070000,0.000000,0.000000,False,3,3
237,2021-02-01,CAF,830,CAF,3,0.600000,0.670000,0.250000,0.310000,0.050000,0.080000,0.000000,0.000000,False,3,3
237,2021-09-01,CAF,831,CAF,3,0.750000,0.730000,0.300000,0.310000,0.100000,0.060000,0.000000,0.000000,False,3,3
237,2022-07-01,CAF,832,CAF,3,0.750000,0.690000,0.300000,0.300000,0.050000,0.050000,0.000000,0.000000,False,3,3
237,2022-09-01,CAF,833,CAF,3,0.550000,0.650000,0.200000,0.290000,0.000000,0.050000,0.000000,0.000000,False,3,3
239,2017-02-01,CAF,834,CAF,2,0.580000,0.660000,0.140000,0.270000,0.000000,0.050000,0.000000,0.000000,False,2,3
239,2017-06-01,CAF,835,CAF,2,1.000000,0.610000,0.040000,0.130000,0.000000,0.050000,0.000000,0.000000,False,2,2
239,2018-03-01,CAF,836,CAF,2,0.600000,0.710000,0.150000,0.270000,0.050000,0.050000,0.000000,0.000000,False,2,3
239,2018-08-01,CAF,837,CAF,2,0.600000,0.720000,0.150000,0.320000,0.050000,0.050000,0.000000,0.000000,False,2,3
239,2019-05-01,CAF,838,CAF,2,0.800000,0.640000,0.180000,0.270000,0.030000,0.050000,0.000000,0.000000,False,2,3
239,2020-07-01,CAF,839,CAF,3,0.750000,0.710000,0.250000,0.280000,0.050000,0.070000,0.000000,0.000000,False,3,3
239,2021-02-01,CAF,840,CAF,3,0.600000,0.660000,0.250000,0.310000,0.050000,0.080000,0.000000,0.000000,False,3,3
239,2021-09-01,CAF,841,CAF,3,0.750000,0.730000,0.300000,0.310000,0.100000,0.060000,0.000000,0.000000,False,3,3
239,2022-07-01,CAF,842,CAF,3,0.750000,0.690000,0.300000,0.320000,0.050000,0.050000,0.000000,0.000000,False,3,3
239,2022-09-01,CAF,843,CAF,3,0.550000,0.620000,0.200000,0.290000,0.000000,0.050000,0.000000,0.000000,False,3,3
251,2022-09-01,CAF,847,CAF,3,0.700000,0.690000,0.350000,0.330000,0.050000,0.060000,0.000000,0.000000,False,3,3
253,2019-05-01,CAF,848,CAF,4,0.800000,0.750000,0.550000,0.410000,0.200000,0.110000,0.000000,0.000000,False,4,3
253,2021-09-01,CAF,849,CAF,3,0.800000,0.750000,0.400000,0.520000,0.100000,0.200000,0.000000,0.000000,False,3,4
254,2019-05-01,CAF,850,CAF,4,0.800000,0.750000,0.550000,0.440000,0.200000,0.110000,0.000000,0.000000,False,4,3
254,2021-09-01,CAF,851,CAF,3,0.800000,0.730000,0.400000,0.510000,0.100000,0.210000,0.000000,0.000000,False,3,4
255,2019-05-01,CAF,852,CAF,3,0.900000,0.760000,0.500000,0.400000,0.150000,0.120000,0.000000,0.000000,False,3,3
255,2021-09-01,CAF,853,CAF,3,0.800000,0.800000,0.400000,0.520000,0.100000,0.220000,0.000000,0.000000,False,3,4
258,2022-09-01,CAF,854,CAF,3,0.700000,0.710000,0.350000,0.370000,0.050000,0.070000,0.000000,0.000000,False,3,3
259,2018-08-01,CAF,855,CAF,4,0.900000,0.750000,0.600000,0.270000,0.300000,0.090000,0.000000,0.000000,False,4,3
259,2019-05-01,CAF,856,CAF,3,0.900000,0.690000,0.500000,0.380000,0.150000,0.140000,0.000000,0.000000,False,3,3
259,2021-09-01,CAF,857,CAF,3,0.800000,0.850000,0.400000,0.530000,0.100000,0.200000,0.000000,0.000000,False,3,4
260,2018-08-01,CAF,858,CAF,4,0.900000,0.760000,0.600000,0.280000,0.300000,0.090000,0.000000,0.000000,False,4,3
260,2019-05-01,CAF,859,CAF,3,0.900000,0.690000,0.500000,0.380000,0.150000,0.140000,0.000000,0.000000,False,3,3
260,2021-09-01,CAF,860,CAF,3,0.800000,0.850000,0.400000,0.530000,0.100000,0.200000,0.000000,0.000000,False,3,4
269,2018-08-01,CAF,864,CAF,4,0.900000,0.610000,0.600000,0.310000,0.300000,0.110000,0.000000,0.000000,False,4,3
271,2018-08-01,CAF,865,CAF,3,0.850000,0.720000,0.200000,0.250000,0.000000,0.060000,0.000000,0.000000,False,3,3
271,2021-02-01,CAF,866,CAF,3,0.700000,0.730000,0.250000,0.330000,0.100000,0.070000,0.000000,0.000000,False,3,3
271,2021-09-01,CAF,867,CAF,3,0.850000,0.670000,0.500000,0.410000,0.150000,0.070000,0.000000,0.000000,False,3,3
274,2019-09-01,CAF,868,CAF,3,0.700000,0.650000,0.300000,0.370000,0.050000,0.110000,0.000000,0.000000,False,3,3
277,2018-08-01,CAF,869,CAF,3,0.900000,0.750000,0.650000,0.260000,0.150000,0.050000,0.000000,0.000000,False,3,3
277,2019-09-01,CAF,870,CAF,4,0.800000,0.680000,0.500000,0.290000,0.200000,0.050000,0.000000,0.000000,False,4,3
280,2018-03-01,CAF,871,CAF,3,0.750000,0.720000,0.400000,0.390000,0.150000,0.140000,0.000000,0.000000,False,3,3
280,2019-09-01,CAF,872,CAF,3,0.750000,0.790000,0.300000,0.490000,0.050000,0.140000,0.000000,0.000000,False,3,3
280,2022-09-01,CAF,873,CAF,3,0.800000,0.770000,0.450000,0.510000,0.100000,0.230000,0.000000,0.000000,False,3,4
282,2018-03-01,CAF,874,CAF,4,0.900000,0.700000,0.600000,0.410000,0.200000,0.060000,0.000000,0.000000,False,4,3
282,2018-08-01,CAF,875,CAF,3,0.900000,0.730000,0.650000,0.280000,0.150000,0.050000,0.000000,0.000000,False,3,3
282,2019-05-01,CAF,876,CAF,3,0.800000,0.680000,0.400000,0.320000,0.100000,0.090000,0.000000,0.000000,False,3,3
282,2019-09-01,CAF,877,CAF,3,0.850000,0.710000,0.500000,0.370000,0.100000,0.050000,0.000000,0.000000,False,3,3
282,2021-02-01,CAF,878,CAF,2,0.550000,0.710000,0.050000,0.370000,0.000000,0.090000,0.000000,0.000000,False,2,3
282,2021-09-01,CAF,879,CAF,3,0.700000,0.740000,0.350000,0.390000,0.050000,0.130000,0.000000,0.000000,False,3,3
282,2022-07-01,CAF,880,CAF,3,0.500000,0.690000,0.200000,0.310000,0.000000,0.060000,0.000000,0.000000,False,3,3
282,2022-09-01,CAF,881,CAF,3,0.750000,0.670000,0.450000,0.350000,0.100000,0.070000,0.000000,0.000000,False,3,3
283,2018-03-01,CAF,882,CAF,4,0.900000,0.700000,0.600000,0.390000,0.200000,0.060000,0.000000,0.000000,False,4,3
283,2018-08-01,CAF,883,CAF,3,0.900000,0.730000,0.650000,0.280000,0.150000,0.050000,0.000000,0.000000,False,3,3
283,2019-05-01,CAF,884,CAF,3,0.800000,0.690000,0.400000,0.330000,0.100000,0.080000,0.000000,0.000000,False,3,3
283,2019-09-01,CAF,885,CAF,3,0.850000,0.710000,0.500000,0.370000,0.100000,0.050000,0.000000,0.000000,False,3,3
283,2021-02-01,CAF,886,CAF,2,0.550000,0.710000,0.050000,0.390000,0.000000,0.120000,0.000000,0.000000,False,2,3
283,2021-09-01,CAF,887,CAF,3,0.700000,0.750000,0.350000,0.390000,0.050000,0.120000,0.000000,0.000000,False,3,3
283,2022-07-01,CAF,888,CAF,3,0.500000,0.680000,0.200000,0.310000,0.000000,0.060000,0.000000,0.000000,False,3,3
283,2022-09-01,CAF,889,CAF,3,0.750000,0.690000,0.450000,0.350000,0.100000,0.070000,0.000000,0.000000,False,3,3
286,2017-02-01,CAF,896,CAF,3,0.590000,0.630000,0.260000,0.280000,0.150000,0.050000,0.000000,0.000000,False,3,3
286,2018-03-01,CAF,897,CAF,3,0.900000,0.690000,0.550000,0.390000,0.150000,0.090000,0.000000,0.000000,False,3,3
286,2018-08-01,CAF,898,CAF,4,0.900000,0.720000,0.600000,0.310000,0.200000,0.060000,0.000000,0.000000,False,4,3
286,2019-05-01,CAF,899,CAF,3,0.850000,0.700000,0.450000,0.350000,0.100000,0.060000,0.000000,0.000000,False,3,3
286,2019-09-01,CAF,900,CAF,3,0.850000,0.730000,0.500000,0.360000,0.100000,0.090000,0.000000,0.000000,False,3,3
286,2020-09-01,CAF,901,CAF,3,0.800000,0.660000,0.400000,0.360000,0.100000,0.060000,0.000000,0.000000,False,3,3
286,2021-09-01,CAF,902,CAF,3,0.700000,0.720000,0.350000,0.390000,0.050000,0.090000,0.000000,0.000000,False,3,3
286,2022-09-01,CAF,903,CAF,3,0.750000,0.720000,0.450000,0.380000,0.100000,0.090000,0.000000,0.000000,False,3,3
287,2021-09-01,CAF,904,CAF,3,0.800000,0.750000,0.550000,0.380000,0.150000,0.060000,0.000000,0.000000,False,3,3
290,2018-03-01,CAF,905,CAF,3,0.750000,0.800000,0.400000,0.410000,0.150000,0.130000,0.000000,0.000000,False,3,3
290,2022-09-01,CAF,906,CAF,3,0.800000,0.750000,0.450000,0.480000,0.100000,0.230000,0.000000,0.000000,False,3,4
291,2017-02-01,CAF,907,CAF,3,0.590000,0.660000,0.260000,0.290000,0.150000,0.060000,0.000000,0.000000,False,3,3
291,2018-03-01,CAF,908,CAF,4,0.900000,0.730000,0.600000,0.410000,0.200000,0.070000,0.000000,0.000000,False,4,3
291,2018-08-01,CAF,909,CAF,3,0.900000,0.770000,0.650000,0.290000,0.150000,0.070000,0.000000,0.000000,False,3,3
291,2019-05-01,CAF,910,CAF,3,0.800000,0.700000,0.400000,0.320000,0.100000,0.060000,0.000000,0.000000,False,3,3
291,2019-09-01,CAF,911,CAF,3,0.850000,0.720000,0.500000,0.350000,0.100000,0.060000,0.000000,0.000000,False,3,3
291,2020-07-01,CAF,912,CAF,2,0.500000,0.670000,0.050000,0.300000,0.000000,0.070000,0.000000,0.000000,False,2,3
291,2021-02-01,CAF,913,CAF,2,0.550000,0.750000,0.050000,0.370000,0.000000,0.080000,0.000000,0.000000,False,2,3
291,2021-09-01,CAF,914,CAF,3,0.700000,0.740000,0.350000,0.390000,0.050000,0.070000,0.000000,0.000000,False,3,3
291,2022-07-01,CAF,915,CAF,3,0.500000,0.700000,0.200000,0.290000,0.000000,0.070000,0.000000,0.000000,False,3,3
291,2022-09-01,CAF,916,CAF,3,0.750000,0.710000,0.450000,0.380000,0.100000,0.080000,0.000000,0.000000,False,3,3
298,2017-06-01,CAF,921,CAF,2,1.000000,0.680000,0.150000,0.180000,0.000000,0.050000,0.000000,0.000000,False,2,2
298,2018-03-01,CAF,922,CAF,3,0.900000,0.800000,0.500000,0.410000,0.100000,0.080000,0.000000,0.000000,False,3,3
298,2018-08-01,CAF,923,CAF,3,0.950000,0.770000,0.700000,0.340000,0.100000,0.050000,0.000000,0.000000,False,3,3
300,2017-06-01,CAF,924,CAF,2,1.000000,0.650000,0.150000,0.140000,0.000000,0.050000,0.000000,0.000000,False,2,2
300,2018-03-01,CAF,925,CAF,3,0.900000,0.740000,0.500000,0.380000,0.100000,0.080000,0.000000,0.000000,False,3,3
300,2018-08-01,CAF,926,CAF,3,0.950000,0.790000,0.700000,0.260000,0.100000,0.050000,0.000000,0.000000,False,3,3
302,2017-06-01,CAF,927,CAF,2,1.000000,0.660000,0.150000,0.150000,0.000000,0.050000,0.000000,0.000000,False,2,2
302,2018-03-01,CAF,928,CAF,3,0.900000,0.750000,0.500000,0.380000,0.100000,0.080000,0.000000,0.000000,False,3,3
302,2018-08-01,CAF,929,CAF,3,0.950000,0.740000,0.700000,0.270000,0.100000,0.050000,0.000000,0.000000,False,3,3
304,2017-02-01,CAF,930,CAF,3,0.590000,0.700000,0.260000,0.270000,0.150000,0.060000,0.000000,0.000000,False,3,3
304,2018-03-01,CAF,931,CAF,4,0.800000,0.710000,0.550000,0.340000,0.250000,0.140000,0.000000,0.000000,False,4,3
304,2020-09-01,CAF,932,CAF,3,0.800000,0.660000,0.500000,0.350000,0.100000,0.100000,0.000000,0.000000,False,3,3
305,2017-06-01,CAF,933,CAF,2,1.000000,0.630000,0.150000,0.150000,0.000000,0.050000,0.000000,0.000000,False,2,2
305,2019-05-01,CAF,934,CAF,3,0.900000,0.720000,0.650000,0.350000,0.100000,0.050000,0.000000,0.000000,False,3,3
305,2021-09-01,CAF,935,CAF,3,0.800000,0.740000,0.550000,0.400000,0.150000,0.060000,0.000000,0.000000,False,3,3
305,2022-07-01,CAF,936,CAF,3,0.500000,0.710000,0.200000,0.280000,0.000000,0.050000,0.000000,0.000000,False,3,3
313,2019-05-01,CAF,937,CAF,3,0.900000,0.660000,0.650000,0.340000,0.100000,0.060000,0.000000,0.000000,False,3,3
313,2021-09-01,CAF,938,CAF,4,0.800000,0.710000,0.550000,0.420000,0.200000,0.090000,0.000000,0.000000,False,4,3
314,2022-07-01,CAF,939,CAF,3,0.700000,0.750000,0.300000,0.310000,0.050000,0.060000,0.000000,0.000000,False,3,3
319,2018-03-01,CAF,943,CAF,4,0.800000,0.710000,0.550000,0.360000,0.250000,0.150000,0.000000,0.000000,False,4,3
319,2018-08-01,CAF,944,CAF,3,0.950000,0.760000,0.650000,0.360000,0.150000,0.100000,0.000000,0.000000,False,3,3
319,2020-09-01,CAF,945,CAF,3,0.800000,0.690000,0.350000,0.370000,0.100000,0.120000,0.000000,0.000000,False,3,3
319,2021-09-01,CAF,946,CAF,3,0.850000,0.790000,0.450000,0.500000,0.150000,0.160000,0.000000,0.000000,False,3,3
319,2022-09-01,CAF,947,CAF,3,0.800000,0.800000,0.450000,0.510000,0.100000,0.200000,0.000000,0.000000,False,3,4
322,2018-03-01,CAF,948,CAF,4,0.800000,0.720000,0.550000,0.360000,0.250000,0.150000,0.000000,0.000000,False,4,3
322,2018-08-01,CAF,949,CAF,3,0.950000,0.740000,0.650000,0.350000,0.150000,0.100000,0.000000,0.000000,False,3,3
322,2020-09-01,CAF,950,CAF,3,0.800000,0.670000,0.350000,0.390000,0.100000,0.120000,0.000000,0.000000,False,3,3
322,2021-09-01,CAF,951,CAF,3,0.850000,0.800000,0.450000,0.480000,0.150000,0.160000,0.000000,0.000000,False,3,3
322,2022-09-01,CAF,952,CAF,3,0.800000,0.780000,0.450000,0.460000,0.100000,0.220000,0.000000,0.000000,False,3,4
323,2018-03-01,CAF,953,CAF,4,0.800000,0.700000,0.550000,0.320000,0.250000,0.130000,0.000000,0.000000,False,4,3
323,2018-08-01,CAF,954,CAF,3,0.950000,0.760000,0.650000,0.340000,0.150000,0.080000,0.000000,0.000000,False,3,3
323,2020-09-01,CAF,955,CAF,3,0.800000,0.670000,0.350000,0.370000,0.100000,0.100000,0.000000,0.000000,False,3,3
323,2021-09-01,CAF,956,CAF,3,0.850000,0.770000,0.450000,0.500000,0.150000,0.120000,0.000000,0.000000,False,3,3
323,2022-09-01,CAF,957,CAF,3,0.800000,0.790000,0.450000,0.450000,0.100000,0.160000,0.000000,0.000000,False,3,3
334,2019-09-01,CAF,966,CAF,3,0.850000,0.740000,0.450000,0.500000,0.100000,0.130000,0.000000,0.000000,False,3,3
334,2021-04-01,CAF,967,CAF,2,0.500000,0.690000,0.150000,0.400000,0.050000,0.120000,0.000000,0.000000,False,2,3
334,2022-04-01,CAF,968,CAF,2,0.450000,0.680000,0.150000,0.410000,0.050000,0.170000,0.000000,0.000000,False,2,3
335,2019-09-01,CAF,969,CAF,3,0.850000,0.750000,0.450000,0.480000,0.100000,0.130000,0.000000,0.000000,False,3,3
335,2021-04-01,CAF,970,CAF,2,0.500000,0.710000,0.150000,0.380000,0.050000,0.160000,0.000000,0.000000,False,2,3
335,2022-04-01,CAF,971,CAF,2,0.450000,0.720000,0.150000,0.360000,0.050000,0.160000,0.000000,0.000000,False,2,3
340,2019-09-01,CAF,974,CAF,3,1.000000,0.760000,0.800000,0.470000,0.150000,0.130000,0.000000,0.000000,False,3,3
340,2021-04-01,CAF,975,CAF,3,0.550000,0.690000,0.200000,0.340000,0.050000,0.120000,0.000000,0.000000,False,3,3
342,2021-02-01,CAF,976,CAF,2,0.650000,0.780000,0.150000,0.360000,0.050000,0.060000,0.000000,0.000000,False,2,3
347,2022-09-01,CAF,979,CAF,4,0.900000,0.700000,0.550000,0.430000,0.200000,0.190000,0.000000,0.000000,False,4,3
364,2021-02-01,CAF,982,CAF,2,0.850000,0.740000,0.150000,0.330000,0.050000,0.060000,0.000000,0.000000,False,2,3
366,2017-02-01,CAF,983,CAF,2,0.650000,0.710000,0.150000,0.250000,0.000000,0.090000,0.000000,0.000000,False,2,3
366,2021-02-01,CAF,984,CAF,2,0.850000,0.790000,0.150000,0.510000,0.050000,0.110000,0.000000,0.000000,False,2,3
389,2018-03-01,CAF,999,CAF,4,0.900000,0.770000,0.700000,0.390000,0.350000,0.090000,0.000000,0.000000,False,4,3
390,2018-03-01,CAF,1000,CAF,4,0.900000,0.760000,0.700000,0.350000,0.350000,0.090000,0.000000,0.000000,False,4,3
396,2017-02-01,CAF,1004,CAF,2,0.650000,0.710000,0.150000,0.270000,0.000000,0.100000,0.000000,0.000000,False,2,3
396,2018-03-01,CAF,1005,CAF,4,0.900000,0.730000,0.700000,0.400000,0.350000,0.100000,0.000000,0.000000,False,4,3
416,2017-02-01,CAF,1014,CAF,3,0.720000,0.760000,0.330000,0.300000,0.090000,0.070000,0.000000,0.000000,False,3,3
423,2017-02-01,CAF,1022,CAF,3,0.720000,0.700000,0.330000,0.350000,0.090000,0.140000,0.000000,0.000000,False,3,3
423,2017-06-01,CAF,1023,CAF,2,1.000000,0.680000,0.130000,0.170000,0.000000,0.100000,0.000000,0.000000,False,2,2
423,2018-03-01,CAF,1024,CAF,3,0.950000,0.730000,0.600000,0.460000,0.150000,0.110000,0.000000,0.000000,False,3,3
423,2020-09-01,CAF,1025,CAF,4,0.850000,0.710000,0.600000,0.370000,0.250000,0.100000,0.000000,0.000000,False,4,3
435,2017-01-01,CAF,1026,CAF,1,0.190000,0.640000,0.080000,0.330000,0.000000,0.140000,0.000000,0.000000,False,1,3
435,2017-02-01,CAF,1027,CAF,3,0.720000,0.680000,0.330000,0.340000,0.090000,0.170000,0.000000,0.000000,False,3,3
435,2017-05-01,CAF,1028,CAF,2,0.590000,0.620000,0.150000,0.370000,0.000000,0.130000,0.000000,0.000000,False,2,3
435,2017-09-01,CAF,1029,CAF,2,0.650000,0.650000,0.150000,0.370000,0.000000,0.130000,0.000000,0.000000,False,2,3
435,2018-01-01,CAF,1030,CAF,2,0.530000,0.650000,0.090000,0.380000,0.000000,0.100000,0.000000,0.000000,False,2,3
435,2018-03-01,CAF,1031,CAF,3,0.950000,0.680000,0.600000,0.420000,0.150000,0.130000,0.000000,0.000000,False,3,3
435,2018-09-01,CAF,1032,CAF,2,0.790000,0.710000,0.090000,0.420000,0.000000,0.110000,0.000000,0.000000,False,2,3
435,2019-01-01,CAF,1033,CAF,2,0.240000,0.690000,0.050000,0.410000,0.000000,0.120000,0.000000,0.000000,False,2,3
435,2019-09-01,CAF,1034,CAF,4,0.900000,0.750000,0.550000,0.500000,0.200000,0.140000,0.000000,0.000000,False,4,3
435,2020-10-01,CAF,1035,CAF,2,0.400000,0.780000,0.050000,0.560000,0.000000,0.180000,0.000000,0.000000,False,2,3
435,2022-10-01,CAF,1036,CAF,3,0.850000,0.700000,0.400000,0.510000,0.100000,0.180000,0.000000,0.000000,False,3,3
436,2017-01-01,CAF,1037,CAF,1,0.190000,0.670000,0.080000,0.340000,0.000000,0.140000,0.000000,0.000000,False,1,3
436,2017-02-01,CAF,1038,CAF,3,0.720000,0.700000,0.330000,0.360000,0.090000,0.170000,0.000000,0.000000,False,3,3
436,2017-05-01,CAF,1039,CAF,2,0.590000,0.610000,0.150000,0.380000,0.000000,0.130000,0.000000,0.000000,False,2,3
436,2017-09-01,CAF,1040,CAF,2,0.650000,0.670000,0.150000,0.380000,0.000000,0.130000,0.000000,0.000000,False,2,3
436,2018-01-01,CAF,1041,CAF,2,0.530000,0.710000,0.090000,0.430000,0.000000,0.100000,0.000000,0.000000,False,2,3
436,2018-03-01,CAF,1042,CAF,3,0.950000,0.740000,0.600000,0.430000,0.150000,0.130000,0.000000,0.000000,False,3,3
436,2018-09-01,CAF,1043,CAF,2,0.790000,0.780000,0.090000,0.430000,0.000000,0.110000,0.000000,0.000000,False,2,3
436,2019-01-01,CAF,1044,CAF,2,0.240000,0.730000,0.050000,0.420000,0.000000,0.120000,0.000000,0.000000,False,2,3
436,2019-09-01,CAF,1045,CAF,4,0.900000,0.760000,0.550000,0.510000,0.200000,0.140000,0.000000,0.000000,False,4,3
436,2020-10-01,CAF,1046,CAF,2,0.400000,0.790000,0.050000,0.580000,0.000000,0.180000,0.000000,0.000000,False,2,3
436,2022-10-01,CAF,1047,CAF,3,0.850000,0.740000,0.400000,0.510000,0.100000,0.190000,0.000000,0.000000,False,3,3
441,2017-01-01,CAF,1056,CAF,1,0.190000,0.670000,0.080000,0.340000,0.000000,0.140000,0.000000,0.000000,False,1,3
441,2017-02-01,CAF,1057,CAF,3,0.720000,0.720000,0.330000,0.350000,0.090000,0.170000,0.000000,0.000000,False,3,3
441,2017-05-01,CAF,1058,CAF,2,0.590000,0.610000,0.150000,0.390000,0.000000,0.130000,0.000000,0.000000,False,2,3
441,2017-09-01,CAF,1059,CAF,2,0.650000,0.660000,0.150000,0.390000,0.000000,0.130000,0.000000,0.000000,False,2,3
441,2018-01-01,CAF,1060,CAF,2,0.530000,0.710000,0.090000,0.390000,0.000000,0.100000,0.000000,0.000000,False,2,3
441,2018-03-01,CAF,1061,CAF,3,0.950000,0.750000,0.600000,0.430000,0.150000,0.130000,0.000000,0.000000,False,3,3
441,2018-09-01,CAF,1062,CAF,2,0.790000,0.770000,0.090000,0.430000,0.000000,0.110000,0.000000,0.000000,False,2,3
441,2019-01-01,CAF,1063,CAF,2,0.240000,0.730000,0.050000,0.420000,0.000000,0.120000,0.000000,0.000000,False,2,3
441,2019-09-01,CAF,1064,CAF,4,0.900000,0.740000,0.550000,0.520000,0.200000,0.140000,0.000000,0.000000,False,4,3
441,2020-10-01,CAF,1065,CAF,2,0.400000,0.810000,0.050000,0.590000,0.000000,0.180000,0.000000,0.000000,False,2,3
441,2022-10-01,CAF,1066,CAF,3,0.850000,0.740000,0.400000,0.510000,0.100000,0.190000,0.000000,0.000000,False,3,3
458,2017-01-01,CAF,1086,CAF,1,0.190000,0.640000,0.080000,0.260000,0.000000,0.130000,0.000000,0.000000,False,1,3
458,2017-09-01,CAF,1087,CAF,2,0.650000,0.640000,0.150000,0.270000,0.000000,0.110000,0.000000,0.000000,False,2,3
458,2018-03-01,CAF,1088,CAF,4,0.900000,0.630000,0.650000,0.350000,0.200000,0.090000,0.000000,0.000000,False,4,3
458,2018-09-01,CAF,1089,CAF,2,0.790000,0.760000,0.090000,0.390000,0.000000,0.090000,0.000000,0.000000,False,2,3
458,2019-09-01,CAF,1090,CAF,4,0.900000,0.770000,0.650000,0.480000,0.250000,0.080000,0.000000,0.000000,False,4,3
458,2020-09-01,CAF,1091,CAF,3,0.800000,0.710000,0.500000,0.360000,0.150000,0.090000,0.000000,0.000000,False,3,3
461,2018-03-01,CAF,1096,CAF,4,0.900000,0.660000,0.650000,0.380000,0.200000,0.110000,0.000000,0.000000,False,4,3
461,2018-09-01,CAF,1097,CAF,2,0.790000,0.720000,0.090000,0.330000,0.000000,0.100000,0.000000,0.000000,False,2,3
463,2018-03-01,CAF,1099,CAF,4,0.900000,0.670000,0.650000,0.380000,0.200000,0.110000,0.000000,0.000000,False,4,3
463,2018-09-01,CAF,1100,CAF,2,0.790000,0.700000,0.090000,0.340000,0.000000,0.100000,0.000000,0.000000,False,2,3
493,2020-10-01,CAF,1124,CAF,2,0.400000,0.790000,0.050000,0.490000,0.000000,0.110000,0.000000,0.000000,False,2,3
122,2020-07-01,COD,694,COD,2,0.450000,0.660000,0.100000,0.270000,0.000000,0.070000,0.000000,0.000000,False,2,3
126,2021-09-01,COD,695,COD,3,0.650000,0.590000,0.250000,0.350000,0.050000,0.070000,0.000000,0.000000,False,3,3
127,2021-09-01,COD,696,COD,3,0.650000,0.640000,0.250000,0.350000,0.050000,0.070000,0.000000,0.000000,False,3,3
128,2019-07-01,COD,697,COD,2,0.750000,0.550000,0.050000,0.300000,0.000000,0.070000,0.000000,0.000000,False,2,3
128,2020-07-01,COD,698,COD,2,0.500000,0.620000,0.150000,0.270000,0.000000,0.070000,0.000000,0.000000,False,2,3
128,2021-09-01,COD,699,COD,3,0.650000,0.640000,0.250000,0.310000,0.050000,0.070000,0.000000,0.000000,False,3,3
136,2022-07-01,COD,706,COD,2,0.600000,0.600000,0.150000,0.190000,0.000000,0.050000,0.000000,0.000000,False,2,2
149,2017-06-01,COD,707,COD,2,1.000000,0.450000,0.000000,0.120000,0.000000,0.040000,0.000000,0.000000,False,2,2
149,2021-02-01,COD,708,COD,2,0.550000,0.680000,0.150000,0.260000,0.000000,0.070000,0.000000,0.000000,False,2,3
150,2017-06-01,COD,709,COD,2,1.000000,0.450000,0.000000,0.130000,0.000000,0.040000,0.000000,0.000000,False,2,2
150,2021-02-01,COD,710,COD,2,0.550000,0.690000,0.150000,0.270000,0.000000,0.070000,0.000000,0.000000,False,2,3
157,2017-06-01,COD,711,COD,2,1.000000,0.470000,0.000000,0.130000,0.000000,0.040000,0.000000,0.000000,False,2,2
160,2022-07-01,COD,717,COD,3,0.800000,0.630000,0.250000,0.210000,0.050000,0.050000,0.000000,0.000000,False,3,3
161,2022-07-01,COD,718,COD,3,0.800000,0.620000,0.250000,0.210000,0.050000,0.050000,0.000000,0.000000,False,3,3
169,2021-02-01,COD,734,COD,2,0.600000,0.590000,0.150000,0.270000,0.000000,0.070000,0.000000,0.000000,False,2,3
169,2022-07-01,COD,735,COD,3,0.750000,0.650000,0.250000,0.230000,0.050000,0.050000,0.000000,0.000000,False,3,3
189,2022-07-01,COD,778,COD,3,0.750000,0.570000,0.200000,0.270000,0.050000,0.060000,0.000000,0.000000,False,3,3
190,2022-07-01,COD,779,COD,3,0.750000,0.570000,0.200000,0.240000,0.050000,0.060000,0.000000,0.000000,False,3,3
230,2022-07-01,COD,812,COD,3,0.550000,0.650000,0.200000,0.260000,0.000000,0.050000,0.000000,0.000000,False,3,3
242,2022-07-01,COD,844,COD,2,0.500000,0.550000,0.150000,0.170000,0.000000,0.050000,0.000000,0.000000,False,2,2
250,2019-07-01,COD,846,COD,2,0.700000,0.580000,0.150000,0.250000,0.050000,0.070000,0.000000,0.000000,False,2,3
261,2018-03-01,COD,861,COD,2,0.600000,0.680000,0.150000,0.230000,0.050000,0.130000,0.000000,0.000000,False,2,3
263,2022-07-01,COD,862,COD,3,0.650000,0.640000,0.200000,0.250000,0.000000,0.050000,0.000000,0.000000,False,3,3
264,2022-07-01,COD,863,COD,3,0.650000,0.640000,0.200000,0.250000,0.000000,0.050000,0.000000,0.000000,False,3,3
284,2018-08-01,COD,890,COD,4,0.800000,0.440000,0.600000,0.210000,0.200000,0.070000,0.000000,0.000000,False,4,3
284,2020-07-01,COD,891,COD,3,0.850000,0.550000,0.450000,0.240000,0.150000,0.070000,0.000000,0.000000,False,3,3
284,2022-07-01,COD,892,COD,3,0.700000,0.570000,0.400000,0.280000,0.050000,0.060000,0.000000,0.000000,False,3,3
285,2018-08-01,COD,893,COD,4,0.800000,0.440000,0.600000,0.210000,0.200000,0.070000,0.000000,0.000000,False,4,3
285,2020-07-01,COD,894,COD,3,0.850000,0.550000,0.450000,0.240000,0.150000,0.070000,0.000000,0.000000,False,3,3
285,2022-07-01,COD,895,COD,3,0.700000,0.570000,0.400000,0.280000,0.050000,0.060000,0.000000,0.000000,False,3,3
296,2018-08-01,COD,917,COD,3,0.850000,0.510000,0.550000,0.160000,0.150000,0.080000,0.000000,0.000000,False,3,2
296,2020-07-01,COD,918,COD,3,0.850000,0.600000,0.450000,0.250000,0.050000,0.070000,0.000000,0.000000,False,3,3
296,2021-09-01,COD,919,COD,3,0.750000,0.540000,0.350000,0.250000,0.050000,0.070000,0.000000,0.000000,False,3,3
296,2022-07-01,COD,920,COD,3,0.850000,0.610000,0.350000,0.230000,0.000000,0.040000,0.000000,0.000000,False,3,3
315,2021-09-01,COD,940,COD,3,0.800000,0.630000,0.450000,0.300000,0.150000,0.070000,0.000000,0.000000,False,3,3
316,2021-09-01,COD,941,COD,3,0.800000,0.620000,0.450000,0.290000,0.150000,0.070000,0.000000,0.000000,False,3,3
317,2021-02-01,COD,942,COD,2,0.600000,0.660000,0.150000,0.290000,0.000000,0.080000,0.000000,0.000000,False,2,3
330,2018-08-01,COD,958,COD,3,0.850000,0.450000,0.300000,0.190000,0.050000,0.080000,0.000000,0.000000,False,3,2
330,2021-02-01,COD,959,COD,3,0.850000,0.610000,0.400000,0.300000,0.150000,0.070000,0.000000,0.000000,False,3,3
331,2018-08-01,COD,960,COD,3,0.850000,0.450000,0.300000,0.190000,0.050000,0.080000,0.000000,0.000000,False,3,2
331,2021-02-01,COD,961,COD,3,0.850000,0.590000,0.400000,0.300000,0.150000,0.070000,0.000000,0.000000,False,3,3
333,2017-06-01,COD,962,COD,3,1.000000,0.380000,0.340000,0.140000,0.120000,0.040000,0.000000,0.000000,False,3,2
333,2018-08-01,COD,963,COD,3,0.850000,0.470000,0.300000,0.180000,0.050000,0.080000,0.000000,0.000000,False,3,2
333,2019-07-01,COD,964,COD,4,0.750000,0.630000,0.350000,0.300000,0.200000,0.080000,0.000000,0.000000,False,4,3
333,2021-02-01,COD,965,COD,4,0.900000,0.600000,0.600000,0.290000,0.200000,0.070000,0.000000,0.000000,False,4,3
337,2017-06-01,COD,972,COD,3,1.000000,0.650000,0.340000,0.190000,0.120000,0.040000,0.000000,0.000000,False,3,2
338,2017-06-01,COD,973,COD,3,1.000000,0.650000,0.340000,0.190000,0.120000,0.040000,0.000000,0.000000,False,3,2
343,2018-08-01,COD,977,COD,3,0.850000,0.470000,0.300000,0.210000,0.050000,0.080000,0.000000,0.000000,False,3,3
344,2018-08-01,COD,978,COD,3,0.850000,0.470000,0.300000,0.210000,0.050000,0.080000,0.000000,0.000000,False,3,3
367,2019-07-01,COD,985,COD,2,0.650000,0.630000,0.150000,0.290000,0.000000,0.080000,0.000000,0.000000,False,2,3
368,2019-07-01,COD,986,COD,2,0.650000,0.630000,0.150000,0.290000,0.000000,0.080000,0.000000,0.000000,False,2,3
370,2017-06-01,COD,987,COD,3,1.000000,0.440000,0.230000,0.170000,0.080000,0.040000,0.000000,0.000000,False,3,2
370,2020-07-01,COD,988,COD,3,0.700000,0.580000,0.250000,0.210000,0.050000,0.070000,0.000000,0.000000,False,3,3
370,2021-02-01,COD,989,COD,3,0.700000,0.580000,0.350000,0.260000,0.100000,0.070000,0.000000,0.000000,False,3,3
370,2022-07-01,COD,990,COD,3,0.700000,0.560000,0.300000,0.230000,0.000000,0.050000,0.000000,0.000000,False,3,3
374,2020-07-01,COD,991,COD,3,0.700000,0.540000,0.250000,0.210000,0.050000,0.070000,0.000000,0.000000,False,3,3
374,2021-02-01,COD,992,COD,3,0.700000,0.560000,0.350000,0.250000,0.100000,0.070000,0.000000,0.000000,False,3,3
374,2022-07-01,COD,993,COD,3,0.700000,0.540000,0.300000,0.210000,0.000000,0.040000,0.000000,0.000000,False,3,3
375,2018-08-01,COD,994,COD,2,0.800000,0.500000,0.100000,0.170000,0.000000,0.080000,0.000000,0.000000,False,2,2
375,2019-07-01,COD,995,COD,2,0.650000,0.600000,0.150000,0.250000,0.000000,0.080000,0.000000,0.000000,False,2,3
376,2017-06-01,COD,996,COD,3,1.000000,0.620000,0.230000,0.180000,0.080000,0.040000,0.000000,0.000000,False,3,2
377,2017-06-01,COD,997,COD,3,1.000000,0.620000,0.230000,0.180000,0.080000,0.040000,0.000000,0.000000,False,3,2
387,2019-07-01,COD,998,COD,2,0.650000,0.580000,0.100000,0.270000,0.000000,0.080000,0.000000,0.000000,False,2,3
391,2022-07-01,COD,1001,COD,3,0.750000,0.710000,0.250000,0.300000,0.050000,0.060000,0.000000,0.000000,False,3,3
392,2018-03-01,COD,1002,COD,4,0.900000,0.670000,0.700000,0.330000,0.350000,0.160000,0.000000,0.000000,False,4,3
393,2018-03-01,COD,1003,COD,4,0.900000,0.660000,0.700000,0.350000,0.350000,0.170000,0.000000,0.000000,False,4,3
407,2018-08-01,COD,1006,COD,2,0.600000,0.500000,0.100000,0.180000,0.000000,0.080000,0.000000,0.000000,False,2,2
408,2018-08-01,COD,1007,COD,2,0.600000,0.500000,0.100000,0.180000,0.000000,0.080000,0.000000,0.000000,False,2,2
409,2019-07-01,COD,1008,COD,2,0.750000,0.630000,0.150000,0.410000,0.000000,0.090000,0.000000,0.000000,False,2,3
409,2022-07-01,COD,1009,COD,2,0.600000,0.640000,0.150000,0.310000,0.000000,0.050000,0.000000,0.000000,False,2,3
410,2019-07-01,COD,1010,COD,2,0.750000,0.610000,0.150000,0.410000,0.000000,0.090000,0.000000,0.000000,False,2,3
410,2022-07-01,COD,1011,COD,2,0.600000,0.610000,0.150000,0.310000,0.000000,0.050000,0.000000,0.000000,False,2,3
413,2019-07-01,COD,1012,COD,2,0.750000,0.620000,0.150000,0.280000,0.000000,0.070000,0.000000,0.000000,False,2,3
413,2022-07-01,COD,1013,COD,2,0.600000,0.590000,0.150000,0.260000,0.000000,0.050000,0.000000,0.000000,False,2,3
417,2017-06-01,COD,1015,COD,2,1.000000,0.650000,0.130000,0.200000,0.000000,0.070000,0.000000,0.000000,False,2,3
417,2018-08-01,COD,1016,COD,2,0.720000,0.560000,0.030000,0.190000,0.000000,0.120000,0.000000,0.000000,False,2,2
417,2020-07-01,COD,1017,COD,3,0.700000,0.630000,0.200000,0.230000,0.050000,0.100000,0.000000,0.000000,False,3,3
417,2020-09-01,COD,1018,COD,4,0.850000,0.700000,0.600000,0.370000,0.250000,0.110000,0.000000,0.000000,False,4,3
417,2021-02-01,COD,1019,COD,3,0.800000,0.670000,0.450000,0.380000,0.050000,0.110000,0.000000,0.000000,False,3,3
417,2022-07-01,COD,1020,COD,3,0.650000,0.660000,0.200000,0.300000,0.050000,0.110000,0.000000,0.000000,False,3,3
420,2022-07-01,COD,1021,COD,2,0.650000,0.600000,0.150000,0.230000,0.000000,0.040000,0.000000,0.000000,False,2,3
443,2021-09-01,COD,1067,COD,3,0.650000,0.630000,0.250000,0.270000,0.050000,0.080000,0.000000,0.000000,False,3,3
443,2022-07-01,COD,1068,COD,3,0.750000,0.590000,0.300000,0.230000,0.050000,0.050000,0.000000,0.000000,False,3,3
444,2021-09-01,COD,1069,COD,3,0.650000,0.680000,0.250000,0.310000,0.050000,0.070000,0.000000,0.000000,False,3,3
445,2021-09-01,COD,1070,COD,3,0.650000,0.630000,0.250000,0.300000,0.050000,0.070000,0.000000,0.000000,False,3,3
446,2022-07-01,COD,1071,COD,2,0.700000,0.610000,0.150000,0.170000,0.000000,0.040000,0.000000,0.000000,False,2,2
451,2017-06-01,COD,1072,COD,2,1.000000,0.720000,0.130000,0.170000,0.000000,0.090000,0.000000,0.000000,False,2,2
451,2018-03-01,COD,1073,COD,4,0.900000,0.680000,0.650000,0.340000,0.200000,0.120000,0.000000,0.000000,False,4,3
451,2018-08-01,COD,1074,COD,2,0.920000,0.560000,0.100000,0.210000,0.000000,0.070000,0.000000,0.000000,False,2,3
451,2020-07-01,COD,1075,COD,3,0.700000,0.660000,0.200000,0.210000,0.050000,0.080000,0.000000,0.000000,False,3,3
451,2020-09-01,COD,1076,COD,3,0.800000,0.730000,0.500000,0.310000,0.150000,0.090000,0.000000,0.000000,False,3,3
451,2022-07-01,COD,1077,COD,3,0.700000,0.610000,0.200000,0.370000,0.050000,0.060000,0.000000,0.000000,False,3,3
452,2017-06-01,COD,1078,COD,2,1.000000,0.730000,0.130000,0.160000,0.000000,0.090000,0.000000,0.000000,False,2,2
452,2018-03-01,COD,1079,COD,4,0.900000,0.680000,0.650000,0.330000,0.200000,0.120000,0.000000,0.000000,False,4,3
452,2018-08-01,COD,1080,COD,2,0.920000,0.580000,0.100000,0.220000,0.000000,0.070000,0.000000,0.000000,False,2,3
452,2020-07-01,COD,1081,COD,3,0.700000,0.680000,0.200000,0.200000,0.050000,0.080000,0.000000,0.000000,False,3,3
452,2020-09-01,COD,1082,COD,3,0.800000,0.720000,0.500000,0.300000,0.150000,0.090000,0.000000,0.000000,False,3,3
452,2022-07-01,COD,1083,COD,3,0.700000,0.610000,0.200000,0.360000,0.050000,0.060000,0.000000,0.000000,False,3,3
455,2019-07-01,COD,1084,COD,3,0.650000,0.620000,0.200000,0.310000,0.000000,0.080000,0.000000,0.000000,False,3,3
456,2019-07-01,COD,1085,COD,3,0.650000,0.610000,0.200000,0.320000,0.000000,0.080000,0.000000,0.000000,False,3,3
459,2018-08-01,COD,1092,COD,3,0.700000,0.540000,0.250000,0.220000,0.050000,0.070000,0.000000,0.000000,False,3,3
459,2020-07-01,COD,1093,COD,3,0.800000,0.630000,0.250000,0.210000,0.050000,0.070000,0.000000,0.000000,False,3,3
459,2021-09-01,COD,1094,COD,3,0.650000,0.580000,0.250000,0.250000,0.050000,0.070000,0.000000,0.000000,False,3,3
459,2022-07-01,COD,1095,COD,3,0.750000,0.580000,0.300000,0.200000,0.050000,0.040000,0.000000,0.000000,False,3,3
462,2019-07-01,COD,1098,COD,3,0.650000,0.640000,0.250000,0.320000,0.050000,0.080000,0.000000,0.000000,False,3,3
464,2019-07-01,COD,1101,COD,3,0.650000,0.630000,0.250000,0.290000,0.050000,0.080000,0.000000,0.000000,False,3,3
471,2021-07-01,COD,1102,COD,2,0.500000,0.630000,0.100000,0.330000,0.000000,0.080000,0.000000,0.000000,False,2,3
471,2022-07-01,COD,1103,COD,2,0.750000,0.630000,0.100000,0.250000,0.000000,0.050000,0.000000,0.000000,False,2,3
472,2021-07-01,COD,1104,COD,2,0.500000,0.630000,0.100000,0.330000,0.000000,0.080000,0.000000,0.000000,False,2,3
472,2022-07-01,COD,1105,COD,2,0.750000,0.630000,0.100000,0.250000,0.000000,0.050000,0.000000,0.000000,False,2,3
480,2017-06-01,COD,1114,COD,2,1.000000,0.650000,0.130000,0.150000,0.000000,0.050000,0.000000,0.000000,False,2,2
481,2017-06-01,COD,1115,COD,2,1.000000,0.650000,0.130000,0.150000,0.000000,0.050000,0.000000,0.000000,False,2,2
482,2018-08-01,COD,1116,COD,3,0.850000,0.490000,0.550000,0.230000,0.100000,0.080000,0.000000,0.000000,False,3,3
482,2020-07-01,COD,1117,COD,3,0.700000,0.620000,0.350000,0.240000,0.100000,0.070000,0.000000,0.000000,False,3,3
483,2018-08-01,COD,1118,COD,3,0.850000,0.490000,0.550000,0.230000,0.100000,0.080000,0.000000,0.000000,False,3,3
483,2020-07-01,COD,1119,COD,3,0.700000,0.620000,0.350000,0.240000,0.100000,0.070000,0.000000,0.000000,False,3,3
492,2022-07-01,COD,1123,COD,3,0.700000,0.600000,0.250000,0.230000,0.050000,0.040000,0.000000,0.000000,False,3,3
494,2022-07-01,COD,1125,COD,3,0.700000,0.580000,0.250000,0.210000,0.050000,0.040000,0.000000,0.000000,False,3,3
507,2021-02-01,COD,1149,COD,4,0.750000,0.610000,0.400000,0.320000,0.200000,0.070000,0.000000,0.000000,False,4,3
508,2021-02-01,COD,1150,COD,4,0.750000,0.610000,0.400000,0.320000,0.200000,0.070000,0.000000,0.000000,False,4,3
509,2018-08-01,COD,1151,COD,3,0.700000,0.570000,0.250000,0.200000,0.050000,0.070000,0.000000,0.000000,False,3,3
509,2019-07-01,COD,1152,COD,4,0.750000,0.590000,0.400000,0.270000,0.200000,0.070000,0.000000,0.000000,False,4,3
509,2020-07-01,COD,1153,COD,3,0.900000,0.640000,0.500000,0.210000,0.150000,0.070000,0.000000,0.000000,False,3,3
509,2021-02-01,COD,1154,COD,3,0.850000,0.580000,0.400000,0.260000,0.100000,0.070000,0.000000,0.000000,False,3,3
510,2018-08-01,COD,1155,COD,3,0.700000,0.570000,0.250000,0.200000,0.050000,0.070000,0.000000,0.000000,False,3,3
510,2019-07-01,COD,1156,COD,4,0.750000,0.590000,0.400000,0.270000,0.200000,0.070000,0.000000,0.000000,False,4,3
510,2020-07-01,COD,1157,COD,3,0.900000,0.640000,0.500000,0.210000,0.150000,0.070000,0.000000,0.000000,False,3,3
510,2021-02-01,COD,1158,COD,3,0.850000,0.580000,0.400000,0.260000,0.100000,0.070000,0.000000,0.000000,False,3,3
518,2018-08-01,COD,1170,COD,3,0.800000,0.510000,0.350000,0.210000,0.150000,0.070000,0.000000,0.000000,False,3,3
518,2019-07-01,COD,1171,COD,3,0.650000,0.630000,0.250000,0.300000,0.050000,0.080000,0.000000,0.000000,False,3,3
518,2020-07-01,COD,1172,COD,3,0.850000,0.620000,0.400000,0.220000,0.150000,0.070000,0.000000,0.000000,False,3,3
518,2021-09-01,COD,1173,COD,3,0.650000,0.600000,0.300000,0.260000,0.100000,0.070000,0.000000,0.000000,False,3,3
518,2022-07-01,COD,1174,COD,3,0.800000,0.610000,0.400000,0.220000,0.100000,0.050000,0.000000,0.000000,False,3,3
519,2018-08-01,COD,1175,COD,3,0.800000,0.510000,0.350000,0.210000,0.150000,0.070000,0.000000,0.000000,False,3,3
519,2019-07-01,COD,1176,COD,3,0.650000,0.630000,0.250000,0.300000,0.050000,0.080000,0.000000,0.000000,False,3,3
519,2020-07-01,COD,1177,COD,3,0.850000,0.620000,0.400000,0.220000,0.150000,0.070000,0.000000,0.000000,False,3,3
519,2021-09-01,COD,1178,COD,3,0.650000,0.610000,0.300000,0.260000,0.100000,0.070000,0.000000,0.000000,False,3,3
519,2022-07-01,COD,1179,COD,3,0.800000,0.620000,0.400000,0.210000,0.100000,0.050000,0.000000,0.000000,False,3,3
534,2019-01-01,COD,1187,COD,3,0.700000,0.620000,0.250000,0.380000,0.050000,0.090000,0.000000,0.000000,False,3,3
534,2019-08-01,COD,1188,COD,3,0.800000,0.660000,0.400000,0.310000,0.150000,0.090000,0.000000,0.000000,False,3,3
534,2020-01-01,COD,1189,COD,3,0.650000,0.620000,0.200000,0.320000,0.050000,0.080000,0.000000,0.000000,False,3,3
534,2021-02-01,COD,1190,COD,3,0.750000,0.680000,0.250000,0.390000,0.000000,0.110000,0.000000,0.000000,False,3,3
534,2022-02-01,COD,1191,COD,3,0.700000,0.730000,0.250000,0.400000,0.000000,0.090000,0.000000,0.000000,False,3,3
534,2022-10-01,COD,1192,COD,2,0.550000,0.710000,0.150000,0.300000,0.000000,0.140000,0.000000,0.000000,False,2,3
537,2018-01-01,COD,1195,COD,3,0.600000,0.670000,0.200000,0.230000,0.000000,0.080000,0.000000,0.000000,False,3,3
537,2019-01-01,COD,1196,COD,3,0.700000,0.630000,0.250000,0.310000,0.050000,0.080000,0.000000,0.000000,False,3,3
537,2019-08-01,COD,1197,COD,3,0.800000,0.660000,0.400000,0.260000,0.150000,0.090000,0.000000,0.000000,False,3,3
537,2020-01-01,COD,1198,COD,3,0.650000,0.620000,0.200000,0.270000,0.050000,0.070000,0.000000,0.000000,False,3,3
537,2021-02-01,COD,1199,COD,3,0.750000,0.670000,0.250000,0.390000,0.000000,0.100000,0.000000,0.000000,False,3,3
537,2022-02-01,COD,1200,COD,3,0.700000,0.720000,0.250000,0.400000,0.000000,0.080000,0.000000,0.000000,False,3,3
537,2022-10-01,COD,1201,COD,2,0.550000,0.710000,0.150000,0.280000,0.000000,0.130000,0.000000,0.000000,False,2,3
538,2020-07-01,COD,1202,COD,4,0.900000,0.660000,0.650000,0.200000,0.250000,0.070000,0.000000,0.000000,False,4,3
539,2020-07-01,COD,1203,COD,4,0.900000,0.660000,0.650000,0.200000,0.250000,0.070000,0.000000,0.000000,False,4,3
547,2017-06-01,COD,1213,COD,3,1.000000,0.530000,0.330000,0.130000,0.130000,0.040000,0.000000,0.000000,False,3,2
547,2018-08-01,COD,1214,COD,4,0.850000,0.560000,0.600000,0.210000,0.250000,0.070000,0.000000,0.000000,False,4,3
547,2019-07-01,COD,1215,COD,4,0.750000,0.540000,0.400000,0.270000,0.200000,0.070000,0.000000,0.000000,False,4,3
547,2020-07-01,COD,1216,COD,4,0.800000,0.630000,0.450000,0.190000,0.200000,0.070000,0.000000,0.000000,False,4,2
547,2021-02-01,COD,1217,COD,4,0.750000,0.610000,0.400000,0.250000,0.200000,0.070000,0.000000,0.000000,False,4,3
547,2022-07-01,COD,1218,COD,3,0.850000,0.560000,0.400000,0.210000,0.100000,0.040000,0.000000,0.000000,False,3,3
553,2018-08-01,COD,1232,COD,3,0.750000,0.550000,0.300000,0.200000,0.050000,0.080000,0.000000,0.000000,False,3,3
553,2019-07-01,COD,1233,COD,3,0.650000,0.590000,0.250000,0.260000,0.050000,0.070000,0.000000,0.000000,False,3,3
553,2020-07-01,COD,1234,COD,3,0.750000,0.580000,0.350000,0.210000,0.100000,0.070000,0.000000,0.000000,False,3,3
553,2021-02-01,COD,1235,COD,3,0.800000,0.620000,0.450000,0.260000,0.150000,0.070000,0.000000,0.000000,False,3,3
553,2021-09-01,COD,1236,COD,3,0.700000,0.600000,0.250000,0.250000,0.050000,0.070000,0.000000,0.000000,False,3,3
555,2017-06-01,COD,1237,COD,2,1.000000,0.700000,0.080000,0.150000,0.000000,0.040000,0.000000,0.000000,False,2,2
555,2018-08-01,COD,1238,COD,3,0.750000,0.570000,0.300000,0.210000,0.050000,0.080000,0.000000,0.000000,False,3,3
555,2019-07-01,COD,1239,COD,3,0.650000,0.590000,0.250000,0.270000,0.050000,0.070000,0.000000,0.000000,False,3,3
555,2020-07-01,COD,1240,COD,3,0.750000,0.580000,0.350000,0.220000,0.100000,0.070000,0.000000,0.000000,False,3,3
555,2021-02-01,COD,1241,COD,3,0.800000,0.620000,0.450000,0.280000,0.150000,0.070000,0.000000,0.000000,False,3,3
555,2021-09-01,COD,1242,COD,3,0.700000,0.620000,0.250000,0.260000,0.050000,0.070000,0.000000,0.000000,False,3,3
555,2022-07-01,COD,1243,COD,3,0.700000,0.630000,0.350000,0.200000,0.100000,0.040000,0.000000,0.000000,False,3,3
564,2017-04-01,COD,1252,COD,3,0.700000,0.530000,0.350000,0.220000,0.100000,0.120000,0.000000,0.000000,False,3,3
564,2017-08-01,COD,1253,COD,3,0.780000,0.680000,0.390000,0.170000,0.040000,0.040000,0.000000,0.000000,False,3,2
564,2018-07-01,COD,1254,COD,2,0.600000,0.530000,0.150000,0.190000,0.050000,0.080000,0.000000,0.000000,False,2,2
564,2018-08-01,COD,1255,COD,2,0.650000,0.550000,0.120000,0.190000,0.000000,0.080000,0.000000,0.000000,False,2,2
564,2019-07-01,COD,1256,COD,3,0.650000,0.560000,0.200000,0.270000,0.000000,0.070000,0.000000,0.000000,False,3,3
564,2020-05-01,COD,1257,COD,2,0.650000,0.630000,0.150000,0.230000,0.050000,0.110000,0.000000,0.000000,False,2,3
564,2020-07-01,COD,1258,COD,3,0.800000,0.620000,0.250000,0.200000,0.050000,0.070000,0.000000,0.000000,False,3,3
564,2020-08-01,COD,1259,COD,2,0.500000,0.540000,0.100000,0.200000,0.050000,0.060000,0.000000,0.000000,False,2,3
564,2021-02-01,COD,1260,COD,3,0.800000,0.570000,0.250000,0.230000,0.000000,0.110000,0.000000,0.000000,False,3,3
564,2021-04-01,COD,1261,COD,2,0.700000,0.520000,0.150000,0.220000,0.050000,0.070000,0.000000,0.000000,False,2,3
564,2021-06-01,COD,1262,COD,2,0.500000,0.490000,0.100000,0.230000,0.000000,0.110000,0.000000,0.000000,False,2,3
564,2021-09-01,COD,1263,COD,2,0.700000,0.610000,0.150000,0.230000,0.050000,0.070000,0.000000,0.000000,False,2,3
564,2022-04-01,COD,1264,COD,2,0.400000,0.580000,0.050000,0.280000,0.000000,0.090000,0.000000,0.000000,False,2,3
564,2022-06-01,COD,1265,COD,2,0.750000,0.640000,0.150000,0.200000,0.050000,0.050000,0.000000,0.000000,False,2,3
564,2022-07-01,COD,1266,COD,3,0.800000,0.670000,0.250000,0.260000,0.050000,0.040000,0.000000,0.000000,False,3,3
565,2017-04-01,COD,1267,COD,3,0.700000,0.540000,0.350000,0.220000,0.100000,0.120000,0.000000,0.000000,False,3,3
565,2017-08-01,COD,1268,COD,3,0.780000,0.680000,0.390000,0.180000,0.040000,0.040000,0.000000,0.000000,False,3,2
565,2018-07-01,COD,1269,COD,2,0.600000,0.520000,0.150000,0.200000,0.050000,0.080000,0.000000,0.000000,False,2,3
565,2018-08-01,COD,1270,COD,2,0.650000,0.550000,0.120000,0.190000,0.000000,0.080000,0.000000,0.000000,False,2,2
565,2019-07-01,COD,1271,COD,3,0.650000,0.550000,0.200000,0.270000,0.000000,0.070000,0.000000,0.000000,False,3,3
565,2020-05-01,COD,1272,COD,2,0.650000,0.630000,0.150000,0.230000,0.050000,0.110000,0.000000,0.000000,False,2,3
565,2020-07-01,COD,1273,COD,3,0.800000,0.610000,0.250000,0.200000,0.050000,0.070000,0.000000,0.000000,False,3,3
565,2020-08-01,COD,1274,COD,2,0.500000,0.540000,0.100000,0.210000,0.050000,0.060000,0.000000,0.000000,False,2,3
565,2021-02-01,COD,1275,COD,3,0.800000,0.570000,0.250000,0.230000,0.000000,0.110000,0.000000,0.000000,False,3,3
565,2021-04-01,COD,1276,COD,2,0.700000,0.530000,0.150000,0.220000,0.050000,0.070000,0.000000,0.000000,False,2,3
565,2021-06-01,COD,1277,COD,2,0.500000,0.490000,0.100000,0.230000,0.000000,0.110000,0.000000,0.000000,False,2,3
565,2021-09-01,COD,1278,COD,2,0.700000,0.620000,0.150000,0.230000,0.050000,0.070000,0.000000,0.000000,False,2,3
565,2022-04-01,COD,1279,COD,2,0.400000,0.580000,0.050000,0.280000,0.000000,0.090000,0.000000,0.000000,False,2,3
565,2022-06-01,COD,1280,COD,2,0.750000,0.640000,0.150000,0.200000,0.050000,0.050000,0.000000,0.000000,False,2,3
565,2022-07-01,COD,1281,COD,3,0.800000,0.660000,0.250000,0.260000,0.050000,0.040000,0.000000,0.000000,False,3,3
570,2017-01-01,COD,1286,COD,2,0.500000,0.520000,0.150000,0.220000,0.000000,0.070000,0.000000,0.000000,False,2,3
570,2017-05-01,COD,1287,COD,3,0.690000,0.630000,0.290000,0.340000,0.120000,0.080000,0.000000,0.000000,False,3,3
570,2017-06-01,COD,1288,COD,2,1.000000,0.670000,0.040000,0.200000,0.000000,0.090000,0.000000,0.000000,False,2,3
570,2018-01-01,COD,1289,COD,3,0.600000,0.660000,0.200000,0.260000,0.000000,0.070000,0.000000,0.000000,False,3,3
570,2018-09-01,COD,1290,COD,3,0.900000,0.590000,0.400000,0.270000,0.050000,0.060000,0.000000,0.000000,False,3,3
570,2019-01-01,COD,1291,COD,3,0.700000,0.630000,0.250000,0.240000,0.050000,0.060000,0.000000,0.000000,False,3,3
570,2019-07-01,COD,1292,COD,3,0.800000,0.690000,0.250000,0.280000,0.050000,0.080000,0.000000,0.000000,False,3,3
570,2019-08-01,COD,1293,COD,3,0.800000,0.720000,0.400000,0.220000,0.150000,0.070000,0.000000,0.000000,False,3,3
570,2020-01-01,COD,1294,COD,3,0.650000,0.690000,0.200000,0.210000,0.050000,0.060000,0.000000,0.000000,False,3,3
570,2020-07-01,COD,1295,COD,3,0.600000,0.690000,0.300000,0.170000,0.050000,0.070000,0.000000,0.000000,False,3,2
570,2020-10-01,COD,1296,COD,3,0.600000,0.660000,0.200000,0.360000,0.000000,0.130000,0.000000,0.000000,False,3,3
570,2021-02-01,COD,1297,COD,3,0.750000,0.680000,0.350000,0.380000,0.050000,0.090000,0.000000,0.000000,False,3,3
570,2021-09-01,COD,1298,COD,3,0.800000,0.630000,0.350000,0.260000,0.050000,0.060000,0.000000,0.000000,False,3,3
570,2022-02-01,COD,1299,COD,3,0.700000,0.700000,0.250000,0.380000,0.000000,0.090000,0.000000,0.000000,False,3,3
571,2017-01-01,COD,1300,COD,2,0.500000,0.460000,0.150000,0.220000,0.000000,0.070000,0.000000,0.000000,False,2,3
571,2017-05-01,COD,1301,COD,3,0.690000,0.620000,0.290000,0.330000,0.120000,0.080000,0.000000,0.000000,False,3,3
571,2017-06-01,COD,1302,COD,2,1.000000,0.650000,0.040000,0.200000,0.000000,0.050000,0.000000,0.000000,False,2,3
571,2018-01-01,COD,1303,COD,3,0.600000,0.690000,0.200000,0.260000,0.000000,0.070000,0.000000,0.000000,False,3,3
571,2018-09-01,COD,1304,COD,3,0.900000,0.600000,0.400000,0.260000,0.050000,0.060000,0.000000,0.000000,False,3,3
571,2019-01-01,COD,1305,COD,3,0.700000,0.620000,0.250000,0.250000,0.050000,0.060000,0.000000,0.000000,False,3,3
571,2019-07-01,COD,1306,COD,3,0.800000,0.680000,0.250000,0.270000,0.050000,0.080000,0.000000,0.000000,False,3,3
571,2019-08-01,COD,1307,COD,3,0.800000,0.710000,0.400000,0.230000,0.150000,0.070000,0.000000,0.000000,False,3,3
571,2020-01-01,COD,1308,COD,3,0.650000,0.660000,0.200000,0.220000,0.050000,0.060000,0.000000,0.000000,False,3,3
571,2020-07-01,COD,1309,COD,3,0.600000,0.680000,0.300000,0.190000,0.050000,0.070000,0.000000,0.000000,False,3,2
571,2020-10-01,COD,1310,COD,3,0.600000,0.640000,0.200000,0.360000,0.000000,0.130000,0.000000,0.000000,False,3,3
571,2021-02-01,COD,1311,COD,3,0.750000,0.660000,0.350000,0.400000,0.050000,0.090000,0.000000,0.000000,False,3,3
571,2021-09-01,COD,1312,COD,3,0.800000,0.610000,0.350000,0.280000,0.050000,0.070000,0.000000,0.000000,False,3,3
571,2022-02-01,COD,1313,COD,3,0.700000,0.710000,0.250000,0.350000,0.000000,0.070000,0.000000,0.000000,False,3,3
586,2017-01-01,COD,1346,COD,2,0.500000,0.570000,0.150000,0.310000,0.000000,0.080000,0.000000,0.000000,False,2,3
586,2017-05-01,COD,1347,COD,3,0.690000,0.640000,0.290000,0.350000,0.120000,0.080000,0.000000,0.000000,False,3,3
586,2017-06-01,COD,1348,COD,2,1.000000,0.650000,0.040000,0.210000,0.000000,0.090000,0.000000,0.000000,False,2,3
586,2018-01-01,COD,1349,COD,3,0.600000,0.690000,0.200000,0.310000,0.000000,0.080000,0.000000,0.000000,False,3,3
586,2018-09-01,COD,1350,COD,3,0.900000,0.520000,0.400000,0.270000,0.050000,0.070000,0.000000,0.000000,False,3,3
586,2019-01-01,COD,1351,COD,3,0.700000,0.650000,0.250000,0.310000,0.050000,0.110000,0.000000,0.000000,False,3,3
586,2019-08-01,COD,1352,COD,3,0.800000,0.660000,0.400000,0.280000,0.150000,0.100000,0.000000,0.000000,False,3,3
586,2020-01-01,COD,1353,COD,3,0.650000,0.650000,0.200000,0.250000,0.050000,0.090000,0.000000,0.000000,False,3,3
586,2020-07-01,COD,1354,COD,3,0.550000,0.670000,0.200000,0.210000,0.000000,0.100000,0.000000,0.000000,False,3,3
586,2020-10-01,COD,1355,COD,3,0.600000,0.610000,0.200000,0.340000,0.000000,0.120000,0.000000,0.000000,False,3,3
586,2021-02-01,COD,1356,COD,3,0.750000,0.660000,0.250000,0.380000,0.000000,0.120000,0.000000,0.000000,False,3,3
586,2021-09-01,COD,1357,COD,3,0.700000,0.670000,0.300000,0.350000,0.050000,0.080000,0.000000,0.000000,False,3,3
586,2022-02-01,COD,1358,COD,3,0.700000,0.670000,0.250000,0.310000,0.000000,0.070000,0.000000,0.000000,False,3,3
586,2022-07-01,COD,1359,COD,3,0.750000,0.660000,0.300000,0.280000,0.050000,0.060000,0.000000,0.000000,False,3,3
586,2022-10-01,COD,1360,COD,2,0.550000,0.690000,0.150000,0.370000,0.000000,0.120000,0.000000,0.000000,False,2,3
587,2017-06-01,COD,1361,COD,2,1.000000,0.650000,0.100000,0.140000,0.000000,0.040000,0.000000,0.000000,False,2,2
587,2018-03-01,COD,1362,COD,2,0.450000,0.460000,0.100000,0.240000,0.000000,0.120000,0.000000,0.000000,False,2,3
587,2018-07-01,COD,1363,COD,2,0.700000,0.510000,0.150000,0.190000,0.000000,0.080000,0.000000,0.000000,False,2,2
587,2018-08-01,COD,1364,COD,3,0.650000,0.570000,0.200000,0.200000,0.050000,0.080000,0.000000,0.000000,False,3,3
587,2019-07-01,COD,1365,COD,4,0.700000,0.570000,0.300000,0.250000,0.200000,0.060000,0.000000,0.000000,False,4,3
587,2020-05-01,COD,1366,COD,2,0.350000,0.560000,0.150000,0.230000,0.000000,0.110000,0.000000,0.000000,False,2,3
587,2020-07-01,COD,1367,COD,4,0.800000,0.620000,0.450000,0.190000,0.200000,0.060000,0.000000,0.000000,False,4,2
587,2020-08-01,COD,1368,COD,2,0.200000,0.590000,0.050000,0.200000,0.000000,0.070000,0.000000,0.000000,False,2,3
587,2021-02-01,COD,1369,COD,3,0.800000,0.510000,0.200000,0.270000,0.050000,0.110000,0.000000,0.000000,False,3,3
587,2021-04-01,COD,1370,COD,2,0.400000,0.470000,0.100000,0.230000,0.000000,0.070000,0.000000,0.000000,False,2,3
587,2021-06-01,COD,1371,COD,2,0.250000,0.600000,0.050000,0.220000,0.000000,0.070000,0.000000,0.000000,False,2,3
587,2021-09-01,COD,1372,COD,3,0.750000,0.640000,0.250000,0.230000,0.050000,0.070000,0.000000,0.000000,False,3,3
587,2022-04-01,COD,1373,COD,2,0.300000,0.610000,0.100000,0.230000,0.000000,0.080000,0.000000,0.000000,False,2,3
587,2022-06-01,COD,1374,COD,1,0.150000,0.570000,0.050000,0.150000,0.000000,0.040000,0.000000,0.000000,False,1,2
587,2022-07-01,COD,1375,COD,3,0.800000,0.610000,0.300000,0.170000,0.050000,0.040000,0.000000,0.000000,False,3,2
591,2017-06-01,COD,1378,COD,2,1.000000,0.750000,0.100000,0.150000,0.000000,0.040000,0.000000,0.000000,False,2,2
591,2018-03-01,COD,1379,COD,2,0.450000,0.480000,0.100000,0.230000,0.000000,0.070000,0.000000,0.000000,False,2,3
591,2018-08-01,COD,1380,COD,2,0.650000,0.540000,0.050000,0.220000,0.000000,0.080000,0.000000,0.000000,False,2,3
591,2019-07-01,COD,1381,COD,3,0.650000,0.590000,0.250000,0.290000,0.050000,0.070000,0.000000,0.000000,False,3,3
591,2020-05-01,COD,1382,COD,2,0.350000,0.550000,0.150000,0.240000,0.000000,0.110000,0.000000,0.000000,False,2,3
591,2020-07-01,COD,1383,COD,3,0.800000,0.630000,0.300000,0.220000,0.050000,0.060000,0.000000,0.000000,False,3,3
591,2020-08-01,COD,1384,COD,2,0.200000,0.600000,0.050000,0.220000,0.000000,0.060000,0.000000,0.000000,False,2,3
591,2021-02-01,COD,1385,COD,2,0.800000,0.550000,0.150000,0.310000,0.000000,0.110000,0.000000,0.000000,False,2,3
591,2021-04-01,COD,1386,COD,2,0.400000,0.450000,0.100000,0.280000,0.000000,0.070000,0.000000,0.000000,False,2,3
591,2021-06-01,COD,1387,COD,2,0.250000,0.580000,0.050000,0.250000,0.000000,0.070000,0.000000,0.000000,False,2,3
591,2021-09-01,COD,1388,COD,2,0.700000,0.550000,0.150000,0.260000,0.000000,0.070000,0.000000,0.000000,False,2,3
591,2022-04-01,COD,1389,COD,2,0.300000,0.580000,0.100000,0.270000,0.000000,0.080000,0.000000,0.000000,False,2,3
591,2022-07-01,COD,1390,COD,3,0.800000,0.610000,0.300000,0.230000,0.050000,0.040000,0.000000,0.000000,False,3,3
592,2017-06-01,COD,1391,COD,2,1.000000,0.740000,0.100000,0.150000,0.000000,0.040000,0.000000,0.000000,False,2,2
592,2018-03-01,COD,1392,COD,2,0.450000,0.480000,0.100000,0.230000,0.000000,0.070000,0.000000,0.000000,False,2,3
592,2018-08-01,COD,1393,COD,2,0.650000,0.540000,0.050000,0.220000,0.000000,0.080000,0.000000,0.000000,False,2,3
592,2019-07-01,COD,1394,COD,3,0.650000,0.590000,0.250000,0.290000,0.050000,0.070000,0.000000,0.000000,False,3,3
592,2020-05-01,COD,1395,COD,2,0.350000,0.550000,0.150000,0.240000,0.000000,0.110000,0.000000,0.000000,False,2,3
592,2020-07-01,COD,1396,COD,3,0.800000,0.620000,0.300000,0.220000,0.050000,0.060000,0.000000,0.000000,False,3,3
592,2020-08-01,COD,1397,COD,2,0.200000,0.600000,0.050000,0.220000,0.000000,0.060000,0.000000,0.000000,False,2,3
592,2021-02-01,COD,1398,COD,2,0.800000,0.550000,0.150000,0.310000,0.000000,0.110000,0.000000,0.000000,False,2,3
592,2021-04-01,COD,1399,COD,2,0.400000,0.450000,0.100000,0.280000,0.000000,0.070000,0.000000,0.000000,False,2,3
592,2021-06-01,COD,1400,COD,2,0.250000,0.580000,0.050000,0.250000,0.000000,0.070000,0.000000,0.000000,False,2,3
592,2021-09-01,COD,1401,COD,2,0.700000,0.550000,0.150000,0.260000,0.000000,0.070000,0.000000,0.000000,False,2,3
592,2022-04-01,COD,1402,COD,2,0.300000,0.580000,0.100000,0.270000,0.000000,0.080000,0.000000,0.000000,False,2,3
592,2022-07-01,COD,1403,COD,3,0.800000,0.610000,0.300000,0.230000,0.050000,0.040000,0.000000,0.000000,False,3,3
593,2017-08-01,COD,1404,COD,2,0.800000,0.750000,0.190000,0.150000,0.030000,0.040000,0.000000,0.000000,False,2,2
593,2018-03-01,COD,1405,COD,2,0.450000,0.450000,0.100000,0.220000,0.000000,0.070000,0.000000,0.000000,False,2,3
593,2018-08-01,COD,1406,COD,2,0.550000,0.540000,0.050000,0.220000,0.000000,0.080000,0.000000,0.000000,False,2,3
593,2021-02-01,COD,1407,COD,2,0.750000,0.530000,0.150000,0.290000,0.000000,0.070000,0.000000,0.000000,False,2,3
593,2021-09-01,COD,1408,COD,2,0.800000,0.590000,0.150000,0.240000,0.000000,0.070000,0.000000,0.000000,False,2,3
594,2017-08-01,COD,1409,COD,2,0.800000,0.750000,0.190000,0.150000,0.030000,0.040000,0.000000,0.000000,False,2,2
594,2018-03-01,COD,1410,COD,2,0.450000,0.440000,0.100000,0.220000,0.000000,0.070000,0.000000,0.000000,False,2,3
594,2018-08-01,COD,1411,COD,2,0.550000,0.540000,0.050000,0.220000,0.000000,0.080000,0.000000,0.000000,False,2,3
594,2021-02-01,COD,1412,COD,2,0.750000,0.520000,0.150000,0.290000,0.000000,0.070000,0.000000,0.000000,False,2,3
594,2021-09-01,COD,1413,COD,2,0.800000,0.580000,0.150000,0.240000,0.000000,0.070000,0.000000,0.000000,False,2,3
598,2017-01-01,COD,1414,COD,2,0.350000,0.490000,0.070000,0.100000,0.000000,0.040000,0.000000,0.000000,False,2,2
598,2017-06-01,COD,1415,COD,2,1.000000,0.680000,0.080000,0.140000,0.000000,0.040000,0.000000,0.000000,False,2,2
598,2017-11-01,COD,1416,COD,1,0.070000,0.460000,0.000000,0.130000,0.000000,0.050000,0.000000,0.000000,False,1,2
598,2018-08-01,COD,1417,COD,3,0.650000,0.550000,0.250000,0.200000,0.050000,0.080000,0.000000,0.000000,False,3,3
598,2019-07-01,COD,1418,COD,3,0.650000,0.530000,0.250000,0.280000,0.050000,0.070000,0.000000,0.000000,False,3,3
598,2020-06-01,COD,1419,COD,3,0.600000,0.620000,0.300000,0.200000,0.100000,0.080000,0.000000,0.000000,False,3,3
598,2020-07-01,COD,1420,COD,3,0.700000,0.570000,0.300000,0.190000,0.100000,0.070000,0.000000,0.000000,False,3,2
598,2021-02-01,COD,1421,COD,2,0.600000,0.580000,0.200000,0.240000,0.050000,0.070000,0.000000,0.000000,False,3,3
598,2021-09-01,COD,1422,COD,3,0.700000,0.590000,0.250000,0.250000,0.050000,0.070000,0.000000,0.000000,False,3,3
598,2022-07-01,COD,1423,COD,3,0.700000,0.600000,0.350000,0.190000,0.100000,0.040000,0.000000,0.000000,False,3,2
602,2017-06-01,COD,1424,COD,2,1.000000,0.630000,0.100000,0.160000,0.000000,0.040000,0.000000,0.000000,False,2,2
602,2017-08-01,COD,1425,COD,3,0.780000,0.550000,0.390000,0.170000,0.040000,0.040000,0.000000,0.000000,False,3,2
602,2018-03-01,COD,1426,COD,2,0.250000,0.480000,0.050000,0.220000,0.000000,0.110000,0.000000,0.000000,False,2,3
602,2018-07-01,COD,1427,COD,2,0.600000,0.550000,0.150000,0.190000,0.050000,0.080000,0.000000,0.000000,False,2,2
602,2019-07-01,COD,1428,COD,3,0.650000,0.580000,0.200000,0.260000,0.000000,0.070000,0.000000,0.000000,False,3,3
602,2020-05-01,COD,1429,COD,2,0.650000,0.610000,0.150000,0.210000,0.050000,0.110000,0.000000,0.000000,False,2,3
602,2020-07-01,COD,1430,COD,4,0.800000,0.640000,0.450000,0.190000,0.200000,0.070000,0.000000,0.000000,False,4,2
602,2020-08-01,COD,1431,COD,2,0.500000,0.610000,0.100000,0.220000,0.050000,0.070000,0.000000,0.000000,False,2,3
602,2021-02-01,COD,1432,COD,3,0.800000,0.590000,0.350000,0.240000,0.050000,0.110000,0.000000,0.000000,False,3,3
602,2021-04-01,COD,1433,COD,2,0.700000,0.510000,0.150000,0.220000,0.050000,0.070000,0.000000,0.000000,False,2,3
602,2021-06-01,COD,1434,COD,2,0.500000,0.550000,0.100000,0.230000,0.000000,0.070000,0.000000,0.000000,False,2,3
602,2021-09-01,COD,1435,COD,3,0.750000,0.600000,0.250000,0.220000,0.050000,0.070000,0.000000,0.000000,False,3,3
602,2022-04-01,COD,1436,COD,2,0.400000,0.520000,0.050000,0.250000,0.000000,0.080000,0.000000,0.000000,False,2,3
602,2022-06-01,COD,1437,COD,2,0.750000,0.620000,0.150000,0.170000,0.050000,0.040000,0.000000,0.000000,False,2,2
602,2022-07-01,COD,1438,COD,3,0.800000,0.590000,0.400000,0.260000,0.050000,0.060000,0.000000,0.000000,False,3,3
607,2017-06-01,COD,1449,COD,2,1.000000,0.710000,0.080000,0.140000,0.000000,0.040000,0.000000,0.000000,False,2,2
607,2018-08-01,COD,1450,COD,3,0.650000,0.540000,0.250000,0.180000,0.050000,0.070000,0.000000,0.000000,False,3,2
607,2019-07-01,COD,1451,COD,3,0.650000,0.580000,0.250000,0.270000,0.050000,0.070000,0.000000,0.000000,False,3,3
607,2020-06-01,COD,1452,COD,3,0.600000,0.630000,0.300000,0.190000,0.100000,0.100000,0.000000,0.000000,False,3,2
607,2020-07-01,COD,1453,COD,3,0.700000,0.590000,0.300000,0.190000,0.100000,0.070000,0.000000,0.000000,False,3,2
607,2021-09-01,COD,1454,COD,3,0.700000,0.580000,0.250000,0.230000,0.050000,0.090000,0.000000,0.000000,False,3,3
607,2022-07-01,COD,1455,COD,3,0.700000,0.610000,0.350000,0.230000,0.100000,0.070000,0.000000,0.000000,False,3,3
608,2017-06-01,COD,1456,COD,2,0.990000,0.640000,0.100000,0.130000,0.020000,0.040000,0.000000,0.000000,False,2,2
608,2019-07-01,COD,1457,COD,3,0.800000,0.590000,0.450000,0.270000,0.050000,0.070000,0.000000,0.000000,False,3,3
608,2020-06-01,COD,1458,COD,2,0.600000,0.570000,0.150000,0.160000,0.050000,0.070000,0.000000,0.000000,False,2,2
608,2020-07-01,COD,1459,COD,3,0.800000,0.600000,0.400000,0.180000,0.050000,0.070000,0.000000,0.000000,False,3,2
608,2021-02-01,COD,1460,COD,3,0.850000,0.590000,0.450000,0.270000,0.050000,0.070000,0.000000,0.000000,False,3,3
608,2021-09-01,COD,1461,COD,3,0.750000,0.600000,0.450000,0.250000,0.100000,0.070000,0.000000,0.000000,False,3,3
608,2022-07-01,COD,1462,COD,3,0.850000,0.620000,0.400000,0.220000,0.100000,0.050000,0.000000,0.000000,False,3,3
609,2017-06-01,COD,1463,COD,2,0.990000,0.640000,0.100000,0.130000,0.020000,0.040000,0.000000,0.000000,False,2,2
609,2019-07-01,COD,1464,COD,3,0.800000,0.610000,0.450000,0.270000,0.050000,0.070000,0.000000,0.000000,False,3,3
609,2020-06-01,COD,1465,COD,2,0.600000,0.570000,0.150000,0.160000,0.050000,0.070000,0.000000,0.000000,False,2,2
609,2020-07-01,COD,1466,COD,3,0.800000,0.620000,0.400000,0.200000,0.050000,0.070000,0.000000,0.000000,False,3,3
609,2021-02-01,COD,1467,COD,3,0.850000,0.600000,0.450000,0.270000,0.050000,0.070000,0.000000,0.000000,False,3,3
609,2021-09-01,COD,1468,COD,3,0.750000,0.630000,0.450000,0.260000,0.100000,0.070000,0.000000,0.000000,False,3,3
609,2022-07-01,COD,1469,COD,3,0.850000,0.620000,0.400000,0.230000,0.100000,0.050000,0.000000,0.000000,False,3,3
611,2017-01-01,COD,1470,COD,2,0.350000,0.500000,0.070000,0.130000,0.000000,0.040000,0.000000,0.000000,False,2,2
611,2017-06-01,COD,1471,COD,2,1.000000,0.590000,0.080000,0.150000,0.000000,0.040000,0.000000,0.000000,False,2,2
611,2017-11-01,COD,1472,COD,1,0.070000,0.420000,0.000000,0.170000,0.000000,0.050000,0.000000,0.000000,False,1,2
611,2018-08-01,COD,1473,COD,3,0.650000,0.530000,0.250000,0.190000,0.050000,0.080000,0.000000,0.000000,False,3,2
611,2019-07-01,COD,1474,COD,3,0.650000,0.570000,0.250000,0.280000,0.050000,0.090000,0.000000,0.000000,False,3,3
611,2020-06-01,COD,1475,COD,3,0.600000,0.630000,0.300000,0.210000,0.100000,0.100000,0.000000,0.000000,False,3,3
611,2020-07-01,COD,1476,COD,3,0.700000,0.580000,0.300000,0.200000,0.100000,0.100000,0.000000,0.000000,False,3,3
611,2021-02-01,COD,1477,COD,2,0.600000,0.630000,0.200000,0.240000,0.050000,0.090000,0.000000,0.000000,False,3,3
611,2021-09-01,COD,1478,COD,3,0.700000,0.580000,0.250000,0.230000,0.050000,0.090000,0.000000,0.000000,False,3,3
611,2022-06-01,COD,1479,COD,2,0.300000,0.630000,0.100000,0.230000,0.000000,0.080000,0.000000,0.000000,False,2,3
611,2022-07-01,COD,1480,COD,3,0.700000,0.620000,0.350000,0.240000,0.100000,0.070000,0.000000,0.000000,False,3,3
613,2018-03-01,COD,1481,COD,2,0.550000,0.500000,0.150000,0.210000,0.000000,0.130000,0.000000,0.000000,False,2,3
613,2018-07-01,COD,1482,COD,2,0.400000,0.570000,0.120000,0.170000,0.020000,0.080000,0.000000,0.000000,False,2,2
613,2018-08-01,COD,1483,COD,3,0.700000,0.470000,0.300000,0.160000,0.150000,0.070000,0.000000,0.000000,False,3,2
613,2019-07-01,COD,1484,COD,3,0.600000,0.550000,0.250000,0.220000,0.050000,0.070000,0.000000,0.000000,False,3,3
613,2020-05-01,COD,1485,COD,2,0.500000,0.590000,0.100000,0.190000,0.000000,0.110000,0.000000,0.000000,False,2,2
613,2020-07-01,COD,1486,COD,3,0.800000,0.570000,0.300000,0.180000,0.100000,0.070000,0.000000,0.000000,False,3,2
613,2020-08-01,COD,1487,COD,2,0.350000,0.580000,0.050000,0.180000,0.000000,0.070000,0.000000,0.000000,False,2,2
613,2021-02-01,COD,1488,COD,3,0.750000,0.550000,0.350000,0.220000,0.050000,0.110000,0.000000,0.000000,False,3,3
613,2021-04-01,COD,1489,COD,3,0.650000,0.550000,0.200000,0.220000,0.050000,0.080000,0.000000,0.000000,False,3,3
613,2021-06-01,COD,1490,COD,2,0.450000,0.560000,0.150000,0.210000,0.000000,0.080000,0.000000,0.000000,False,2,3
613,2021-09-01,COD,1491,COD,3,0.700000,0.550000,0.250000,0.210000,0.050000,0.070000,0.000000,0.000000,False,3,3
613,2022-04-01,COD,1492,COD,2,0.350000,0.620000,0.100000,0.240000,0.000000,0.050000,0.000000,0.000000,False,2,3
613,2022-06-01,COD,1493,COD,2,0.400000,0.580000,0.150000,0.190000,0.000000,0.050000,0.000000,0.000000,False,2,2
613,2022-07-01,COD,1494,COD,3,0.850000,0.590000,0.500000,0.190000,0.150000,0.050000,0.000000,0.000000,False,3,2
614,2017-06-01,COD,1495,COD,3,1.000000,0.570000,0.330000,0.130000,0.130000,0.040000,0.000000,0.000000,False,3,2
614,2018-08-01,COD,1496,COD,4,0.850000,0.560000,0.650000,0.180000,0.300000,0.070000,0.000000,0.000000,False,4,2
614,2019-07-01,COD,1497,COD,3,0.800000,0.580000,0.300000,0.260000,0.100000,0.070000,0.000000,0.000000,False,3,3
614,2021-02-01,COD,1498,COD,3,0.800000,0.600000,0.350000,0.220000,0.150000,0.110000,0.000000,0.000000,False,3,3
614,2022-07-01,COD,1499,COD,3,0.900000,0.570000,0.450000,0.210000,0.100000,0.050000,0.000000,0.000000,False,3,3
615,2017-06-01,COD,1500,COD,2,1.000000,0.580000,0.100000,0.130000,0.000000,0.040000,0.000000,0.000000,False,2,2
615,2017-08-01,COD,1501,COD,3,0.780000,0.620000,0.390000,0.150000,0.040000,0.040000,0.000000,0.000000,False,3,2
615,2018-03-01,COD,1502,COD,2,0.250000,0.480000,0.050000,0.220000,0.000000,0.110000,0.000000,0.000000,False,2,3
615,2018-07-01,COD,1503,COD,2,0.600000,0.570000,0.150000,0.190000,0.050000,0.080000,0.000000,0.000000,False,2,2
615,2019-07-01,COD,1504,COD,3,0.650000,0.600000,0.200000,0.270000,0.000000,0.070000,0.000000,0.000000,False,3,3
615,2020-05-01,COD,1505,COD,2,0.650000,0.580000,0.150000,0.220000,0.050000,0.110000,0.000000,0.000000,False,2,3
615,2020-07-01,COD,1506,COD,4,0.800000,0.650000,0.450000,0.190000,0.200000,0.070000,0.000000,0.000000,False,4,2
615,2020-08-01,COD,1507,COD,2,0.500000,0.600000,0.100000,0.220000,0.050000,0.070000,0.000000,0.000000,False,2,3
615,2021-02-01,COD,1508,COD,3,0.800000,0.600000,0.350000,0.250000,0.050000,0.110000,0.000000,0.000000,False,3,3
615,2021-04-01,COD,1509,COD,2,0.700000,0.530000,0.150000,0.250000,0.050000,0.070000,0.000000,0.000000,False,2,3
615,2021-06-01,COD,1510,COD,2,0.500000,0.560000,0.100000,0.240000,0.000000,0.070000,0.000000,0.000000,False,2,3
615,2021-09-01,COD,1511,COD,3,0.750000,0.620000,0.250000,0.230000,0.050000,0.070000,0.000000,0.000000,False,3,3
615,2022-04-01,COD,1512,COD,2,0.400000,0.440000,0.050000,0.230000,0.000000,0.090000,0.000000,0.000000,False,2,3
615,2022-06-01,COD,1513,COD,2,0.750000,0.570000,0.150000,0.180000,0.050000,0.040000,0.000000,0.000000,False,2,2
615,2022-07-01,COD,1514,COD,3,0.800000,0.600000,0.400000,0.240000,0.050000,0.040000,0.000000,0.000000,False,3,3
616,2018-03-01,COD,1515,COD,2,0.450000,0.440000,0.100000,0.220000,0.000000,0.070000,0.000000,0.000000,False,2,3
616,2019-07-01,COD,1516,COD,3,0.650000,0.600000,0.250000,0.290000,0.050000,0.070000,0.000000,0.000000,False,3,3
616,2020-05-01,COD,1517,COD,2,0.350000,0.510000,0.150000,0.220000,0.000000,0.070000,0.000000,0.000000,False,2,3
616,2020-07-01,COD,1518,COD,2,0.550000,0.620000,0.150000,0.180000,0.000000,0.060000,0.000000,0.000000,False,2,2
616,2021-02-01,COD,1519,COD,2,0.600000,0.540000,0.100000,0.270000,0.000000,0.070000,0.000000,0.000000,False,2,3
616,2021-09-01,COD,1520,COD,2,0.600000,0.550000,0.050000,0.220000,0.000000,0.070000,0.000000,0.000000,False,2,3
616,2022-04-01,COD,1521,COD,2,0.300000,0.480000,0.100000,0.230000,0.000000,0.040000,0.000000,0.000000,False,2,3
618,2017-01-01,COD,1522,COD,2,0.350000,0.460000,0.070000,0.130000,0.000000,0.040000,0.000000,0.000000,False,2,2
618,2017-04-01,COD,1523,COD,4,0.750000,0.570000,0.450000,0.210000,0.200000,0.080000,0.000000,0.000000,False,4,3
618,2018-03-01,COD,1524,COD,2,0.550000,0.490000,0.150000,0.240000,0.000000,0.120000,0.000000,0.000000,False,2,3
618,2018-07-01,COD,1525,COD,2,0.400000,0.560000,0.120000,0.200000,0.020000,0.070000,0.000000,0.000000,False,2,3
618,2018-08-01,COD,1526,COD,3,0.700000,0.470000,0.300000,0.190000,0.150000,0.070000,0.000000,0.000000,False,3,2
618,2019-07-01,COD,1527,COD,3,0.600000,0.560000,0.250000,0.270000,0.050000,0.060000,0.000000,0.000000,False,3,3
618,2020-05-01,COD,1528,COD,2,0.500000,0.580000,0.100000,0.230000,0.000000,0.110000,0.000000,0.000000,False,2,3
618,2020-07-01,COD,1529,COD,3,0.800000,0.580000,0.300000,0.220000,0.100000,0.070000,0.000000,0.000000,False,3,3
618,2020-08-01,COD,1530,COD,2,0.350000,0.590000,0.050000,0.220000,0.000000,0.070000,0.000000,0.000000,False,2,3
618,2021-02-01,COD,1531,COD,3,0.750000,0.570000,0.350000,0.260000,0.050000,0.110000,0.000000,0.000000,False,3,3
618,2021-04-01,COD,1532,COD,3,0.650000,0.570000,0.200000,0.270000,0.050000,0.070000,0.000000,0.000000,False,3,3
618,2021-06-01,COD,1533,COD,2,0.450000,0.540000,0.150000,0.250000,0.000000,0.070000,0.000000,0.000000,False,2,3
618,2021-09-01,COD,1534,COD,3,0.700000,0.550000,0.250000,0.250000,0.050000,0.070000,0.000000,0.000000,False,3,3
618,2022-04-01,COD,1535,COD,2,0.350000,0.580000,0.100000,0.230000,0.000000,0.050000,0.000000,0.000000,False,2,3
618,2022-06-01,COD,1536,COD,2,0.400000,0.590000,0.150000,0.170000,0.000000,0.040000,0.000000,0.000000,False,2,2
618,2022-07-01,COD,1537,COD,3,0.850000,0.590000,0.500000,0.180000,0.150000,0.040000,0.000000,0.000000,False,3,2
623,2017-06-01,COD,1542,COD,3,1.000000,0.630000,0.330000,0.150000,0.130000,0.040000,0.000000,0.000000,False,3,2
623,2018-08-01,COD,1543,COD,4,0.850000,0.560000,0.650000,0.220000,0.300000,0.070000,0.000000,0.000000,False,4,3
623,2019-07-01,COD,1544,COD,3,0.800000,0.620000,0.300000,0.290000,0.100000,0.080000,0.000000,0.000000,False,3,3
623,2021-02-01,COD,1545,COD,3,0.800000,0.590000,0.350000,0.240000,0.150000,0.070000,0.000000,0.000000,False,3,3
623,2022-07-01,COD,1546,COD,3,0.900000,0.580000,0.450000,0.240000,0.100000,0.050000,0.000000,0.000000,False,3,3
625,2017-06-01,COD,1547,COD,2,1.000000,0.740000,0.100000,0.130000,0.000000,0.040000,0.000000,0.000000,False,2,2
625,2017-08-01,COD,1548,COD,2,0.800000,0.680000,0.190000,0.150000,0.030000,0.040000,0.000000,0.000000,False,2,2
625,2018-03-01,COD,1549,COD,2,0.450000,0.490000,0.100000,0.220000,0.000000,0.110000,0.000000,0.000000,False,2,3
625,2018-07-01,COD,1550,COD,2,0.700000,0.590000,0.150000,0.200000,0.000000,0.070000,0.000000,0.000000,False,2,3
625,2018-08-01,COD,1551,COD,2,0.600000,0.540000,0.050000,0.230000,0.000000,0.070000,0.000000,0.000000,False,2,3
625,2019-07-01,COD,1552,COD,3,0.650000,0.580000,0.200000,0.250000,0.000000,0.070000,0.000000,0.000000,False,3,3
625,2020-05-01,COD,1553,COD,2,0.350000,0.530000,0.150000,0.220000,0.000000,0.070000,0.000000,0.000000,False,2,3
625,2020-07-01,COD,1554,COD,3,0.750000,0.670000,0.400000,0.190000,0.150000,0.060000,0.000000,0.000000,False,3,2
625,2020-08-01,COD,1555,COD,2,0.200000,0.590000,0.050000,0.220000,0.000000,0.070000,0.000000,0.000000,False,2,3
625,2021-02-01,COD,1556,COD,3,0.650000,0.610000,0.250000,0.260000,0.050000,0.070000,0.000000,0.000000,False,3,3
625,2021-04-01,COD,1557,COD,2,0.400000,0.510000,0.100000,0.250000,0.000000,0.070000,0.000000,0.000000,False,2,3
625,2021-06-01,COD,1558,COD,2,0.250000,0.530000,0.050000,0.250000,0.000000,0.070000,0.000000,0.000000,False,2,3
625,2021-09-01,COD,1559,COD,3,0.650000,0.620000,0.200000,0.240000,0.050000,0.070000,0.000000,0.000000,False,3,3
625,2022-04-01,COD,1560,COD,2,0.300000,0.560000,0.100000,0.220000,0.000000,0.050000,0.000000,0.000000,False,2,3
625,2022-06-01,COD,1561,COD,1,0.150000,0.570000,0.050000,0.160000,0.000000,0.040000,0.000000,0.000000,False,1,2
625,2022-07-01,COD,1562,COD,3,0.750000,0.610000,0.300000,0.190000,0.050000,0.040000,0.000000,0.000000,False,3,2
626,2017-06-01,COD,1563,COD,2,1.000000,0.790000,0.100000,0.130000,0.000000,0.040000,0.000000,0.000000,False,2,2
626,2017-08-01,COD,1564,COD,2,0.800000,0.680000,0.190000,0.150000,0.030000,0.040000,0.000000,0.000000,False,2,2
626,2018-03-01,COD,1565,COD,2,0.450000,0.490000,0.100000,0.220000,0.000000,0.110000,0.000000,0.000000,False,2,3
626,2018-07-01,COD,1566,COD,2,0.700000,0.630000,0.150000,0.200000,0.000000,0.070000,0.000000,0.000000,False,2,3
626,2018-08-01,COD,1567,COD,2,0.600000,0.550000,0.050000,0.230000,0.000000,0.070000,0.000000,0.000000,False,2,3
626,2019-07-01,COD,1568,COD,3,0.650000,0.580000,0.200000,0.250000,0.000000,0.070000,0.000000,0.000000,False,3,3
626,2020-05-01,COD,1569,COD,2,0.350000,0.490000,0.150000,0.220000,0.000000,0.070000,0.000000,0.000000,False,2,3
626,2020-07-01,COD,1570,COD,3,0.750000,0.650000,0.400000,0.180000,0.150000,0.060000,0.000000,0.000000,False,3,2
626,2020-08-01,COD,1571,COD,2,0.200000,0.560000,0.050000,0.220000,0.000000,0.070000,0.000000,0.000000,False,2,3
626,2021-02-01,COD,1572,COD,3,0.650000,0.580000,0.250000,0.260000,0.050000,0.070000,0.000000,0.000000,False,3,3
626,2021-04-01,COD,1573,COD,2,0.400000,0.470000,0.100000,0.250000,0.000000,0.070000,0.000000,0.000000,False,2,3
626,2021-06-01,COD,1574,COD,2,0.250000,0.510000,0.050000,0.250000,0.000000,0.070000,0.000000,0.000000,False,2,3
626,2021-09-01,COD,1575,COD,3,0.650000,0.600000,0.200000,0.240000,0.050000,0.070000,0.000000,0.000000,False,3,3
626,2022-04-01,COD,1576,COD,2,0.300000,0.530000,0.100000,0.220000,0.000000,0.050000,0.000000,0.000000,False,2,3
626,2022-06-01,COD,1577,COD,1,0.150000,0.530000,0.050000,0.160000,0.000000,0.040000,0.000000,0.000000,False,1,2
626,2022-07-01,COD,1578,COD,3,0.750000,0.600000,0.300000,0.220000,0.050000,0.040000,0.000000,0.000000,False,3,3
634,2017-01-01,COD,1585,COD,2,0.350000,0.520000,0.070000,0.150000,0.000000,0.080000,0.000000,0.000000,False,2,2
634,2017-04-01,COD,1586,COD,4,0.750000,0.540000,0.450000,0.240000,0.200000,0.080000,0.000000,0.000000,False,4,3
634,2017-06-01,COD,1587,COD,2,1.000000,0.800000,0.080000,0.130000,0.000000,0.040000,0.000000,0.000000,False,2,2
634,2017-08-01,COD,1588,COD,2,0.700000,0.690000,0.190000,0.150000,0.070000,0.080000,0.000000,0.000000,False,2,2
634,2018-03-01,COD,1589,COD,2,0.550000,0.510000,0.150000,0.220000,0.000000,0.120000,0.000000,0.000000,False,2,3
634,2019-07-01,COD,1590,COD,3,0.700000,0.560000,0.300000,0.250000,0.100000,0.060000,0.000000,0.000000,False,3,3
634,2020-05-01,COD,1591,COD,2,0.500000,0.590000,0.100000,0.220000,0.000000,0.100000,0.000000,0.000000,False,2,3
634,2020-06-01,COD,1592,COD,3,0.700000,0.610000,0.200000,0.180000,0.050000,0.070000,0.000000,0.000000,False,3,2
634,2020-07-01,COD,1593,COD,2,0.600000,0.580000,0.150000,0.180000,0.000000,0.060000,0.000000,0.000000,False,2,2
634,2021-02-01,COD,1594,COD,2,0.450000,0.580000,0.150000,0.240000,0.050000,0.100000,0.000000,0.000000,False,2,3
634,2021-04-01,COD,1595,COD,3,0.650000,0.520000,0.200000,0.230000,0.050000,0.070000,0.000000,0.000000,False,3,3
634,2021-06-01,COD,1596,COD,2,0.450000,0.550000,0.150000,0.210000,0.000000,0.070000,0.000000,0.000000,False,2,3
634,2021-09-01,COD,1597,COD,2,0.700000,0.590000,0.150000,0.220000,0.050000,0.070000,0.000000,0.000000,False,2,3
634,2022-04-01,COD,1598,COD,2,0.350000,0.610000,0.100000,0.230000,0.000000,0.040000,0.000000,0.000000,False,2,3
634,2022-06-01,COD,1599,COD,2,0.400000,0.570000,0.150000,0.170000,0.000000,0.040000,0.000000,0.000000,False,2,2
634,2022-07-01,COD,1600,COD,2,0.650000,0.580000,0.150000,0.190000,0.050000,0.040000,0.000000,0.000000,False,2,2
641,2017-06-01,COD,1641,COD,2,1.000000,0.670000,0.040000,0.200000,0.000000,0.050000,0.000000,0.000000,False,2,3
644,2017-01-01,COD,1646,COD,2,0.350000,0.520000,0.070000,0.120000,0.000000,0.040000,0.000000,0.000000,False,2,2
644,2017-11-01,COD,1647,COD,1,0.070000,0.480000,0.000000,0.120000,0.000000,0.040000,0.000000,0.000000,False,1,2
644,2020-07-01,COD,1648,COD,2,0.650000,0.640000,0.150000,0.180000,0.000000,0.060000,0.000000,0.000000,False,2,2
644,2021-09-01,COD,1649,COD,2,0.750000,0.600000,0.150000,0.250000,0.050000,0.090000,0.000000,0.000000,False,2,3
644,2022-06-01,COD,1650,COD,2,0.300000,0.670000,0.100000,0.240000,0.000000,0.060000,0.000000,0.000000,False,2,3
644,2022-07-01,COD,1651,COD,2,0.650000,0.670000,0.150000,0.210000,0.050000,0.040000,0.000000,0.000000,False,2,3
645,2017-01-01,COD,1652,COD,2,0.350000,0.520000,0.070000,0.120000,0.000000,0.040000,0.000000,0.000000,False,2,2
645,2017-11-01,COD,1653,COD,1,0.070000,0.480000,0.000000,0.120000,0.000000,0.040000,0.000000,0.000000,False,1,2
645,2020-07-01,COD,1654,COD,2,0.650000,0.640000,0.150000,0.180000,0.000000,0.060000,0.000000,0.000000,False,2,2
645,2021-09-01,COD,1655,COD,2,0.750000,0.600000,0.150000,0.250000,0.050000,0.090000,0.000000,0.000000,False,2,3
645,2022-06-01,COD,1656,COD,2,0.300000,0.670000,0.100000,0.240000,0.000000,0.060000,0.000000,0.000000,False,2,3
645,2022-07-01,COD,1657,COD,2,0.650000,0.670000,0.150000,0.210000,0.050000,0.040000,0.000000,0.000000,False,2,3
646,2017-01-01,COD,1658,COD,2,0.350000,0.520000,0.070000,0.140000,0.000000,0.080000,0.000000,0.000000,False,2,2
646,2017-04-01,COD,1659,COD,4,0.750000,0.600000,0.450000,0.270000,0.200000,0.160000,0.000000,0.000000,False,4,3
646,2018-07-01,COD,1660,COD,2,0.400000,0.640000,0.120000,0.200000,0.020000,0.080000,0.000000,0.000000,False,2,3
646,2019-07-01,COD,1661,COD,3,0.700000,0.580000,0.300000,0.280000,0.100000,0.070000,0.000000,0.000000,False,3,3
646,2020-05-01,COD,1662,COD,2,0.500000,0.590000,0.100000,0.240000,0.000000,0.180000,0.000000,0.000000,False,2,3
646,2020-06-01,COD,1663,COD,3,0.700000,0.580000,0.200000,0.180000,0.050000,0.070000,0.000000,0.000000,False,3,2
646,2020-08-01,COD,1664,COD,2,0.350000,0.550000,0.050000,0.200000,0.000000,0.070000,0.000000,0.000000,False,2,3
646,2021-02-01,COD,1665,COD,3,0.650000,0.620000,0.300000,0.270000,0.050000,0.100000,0.000000,0.000000,False,3,3
646,2021-04-01,COD,1666,COD,3,0.650000,0.560000,0.200000,0.250000,0.050000,0.070000,0.000000,0.000000,False,3,3
646,2021-09-01,COD,1667,COD,3,0.750000,0.640000,0.250000,0.240000,0.050000,0.070000,0.000000,0.000000,False,3,3
646,2022-04-01,COD,1668,COD,2,0.350000,0.620000,0.100000,0.290000,0.000000,0.090000,0.000000,0.000000,False,2,3
646,2022-07-01,COD,1669,COD,3,0.800000,0.600000,0.450000,0.210000,0.100000,0.040000,0.000000,0.000000,False,3,3
647,2017-01-01,COD,1670,COD,2,0.350000,0.520000,0.070000,0.140000,0.000000,0.080000,0.000000,0.000000,False,2,2
647,2017-04-01,COD,1671,COD,4,0.750000,0.600000,0.450000,0.270000,0.200000,0.160000,0.000000,0.000000,False,4,3
647,2018-07-01,COD,1672,COD,2,0.400000,0.640000,0.120000,0.200000,0.020000,0.080000,0.000000,0.000000,False,2,3
647,2019-07-01,COD,1673,COD,3,0.700000,0.580000,0.300000,0.280000,0.100000,0.070000,0.000000,0.000000,False,3,3
647,2020-05-01,COD,1674,COD,2,0.500000,0.590000,0.100000,0.240000,0.000000,0.180000,0.000000,0.000000,False,2,3
647,2020-06-01,COD,1675,COD,3,0.700000,0.580000,0.200000,0.180000,0.050000,0.070000,0.000000,0.000000,False,3,2
647,2020-08-01,COD,1676,COD,2,0.350000,0.550000,0.050000,0.200000,0.000000,0.070000,0.000000,0.000000,False,2,3
647,2021-02-01,COD,1677,COD,3,0.650000,0.620000,0.300000,0.270000,0.050000,0.100000,0.000000,0.000000,False,3,3
647,2021-04-01,COD,1678,COD,3,0.650000,0.560000,0.200000,0.250000,0.050000,0.070000,0.000000,0.000000,False,3,3
647,2021-09-01,COD,1679,COD,3,0.750000,0.640000,0.250000,0.240000,0.050000,0.070000,0.000000,0.000000,False,3,3
647,2022-04-01,COD,1680,COD,2,0.350000,0.620000,0.100000,0.290000,0.000000,0.090000,0.000000,0.000000,False,2,3
647,2022-07-01,COD,1681,COD,3,0.800000,0.600000,0.450000,0.210000,0.100000,0.040000,0.000000,0.000000,False,3,3
649,2017-01-01,COD,1683,COD,2,0.350000,0.470000,0.070000,0.130000,0.000000,0.040000,0.000000,0.000000,False,2,2
649,2017-04-01,COD,1684,COD,4,0.750000,0.510000,0.450000,0.210000,0.200000,0.080000,0.000000,0.000000,False,4,3
649,2017-06-01,COD,1685,COD,2,1.000000,0.640000,0.080000,0.120000,0.000000,0.040000,0.000000,0.000000,False,2,2
649,2017-08-01,COD,1686,COD,2,0.700000,0.660000,0.190000,0.150000,0.070000,0.040000,0.000000,0.000000,False,2,2
649,2017-11-01,COD,1687,COD,1,0.070000,0.420000,0.000000,0.140000,0.000000,0.050000,0.000000,0.000000,False,1,2
649,2018-03-01,COD,1688,COD,2,0.550000,0.490000,0.150000,0.220000,0.000000,0.080000,0.000000,0.000000,False,2,3
649,2018-07-01,COD,1689,COD,2,0.400000,0.560000,0.120000,0.180000,0.020000,0.070000,0.000000,0.000000,False,2,2
649,2018-08-01,COD,1690,COD,3,0.750000,0.500000,0.350000,0.180000,0.100000,0.070000,0.000000,0.000000,False,3,2
649,2019-07-01,COD,1691,COD,3,0.650000,0.570000,0.250000,0.250000,0.050000,0.070000,0.000000,0.000000,False,3,3
649,2020-05-01,COD,1692,COD,2,0.500000,0.590000,0.100000,0.180000,0.000000,0.070000,0.000000,0.000000,False,2,2
649,2020-06-01,COD,1693,COD,2,0.550000,0.620000,0.150000,0.200000,0.050000,0.070000,0.000000,0.000000,False,2,3
649,2020-07-01,COD,1694,COD,3,0.800000,0.620000,0.350000,0.170000,0.100000,0.060000,0.000000,0.000000,False,3,2
649,2020-08-01,COD,1695,COD,2,0.350000,0.610000,0.050000,0.180000,0.000000,0.070000,0.000000,0.000000,False,2,2
649,2021-02-01,COD,1696,COD,3,0.650000,0.610000,0.350000,0.240000,0.100000,0.070000,0.000000,0.000000,False,3,3
649,2021-04-01,COD,1697,COD,3,0.650000,0.580000,0.200000,0.250000,0.050000,0.080000,0.000000,0.000000,False,3,3
649,2021-06-01,COD,1698,COD,2,0.450000,0.610000,0.150000,0.220000,0.000000,0.080000,0.000000,0.000000,False,2,3
649,2021-09-01,COD,1699,COD,3,0.650000,0.570000,0.200000,0.240000,0.050000,0.070000,0.000000,0.000000,False,3,3
649,2022-04-01,COD,1700,COD,2,0.350000,0.610000,0.100000,0.240000,0.000000,0.080000,0.000000,0.000000,False,2,3
649,2022-06-01,COD,1701,COD,2,0.350000,0.670000,0.150000,0.200000,0.000000,0.060000,0.000000,0.000000,False,2,3
649,2022-07-01,COD,1702,COD,3,0.650000,0.630000,0.300000,0.190000,0.050000,0.040000,0.000000,0.000000,False,3,2
650,2017-01-01,COD,1703,COD,2,0.350000,0.490000,0.070000,0.130000,0.000000,0.080000,0.000000,0.000000,False,2,2
650,2017-04-01,COD,1704,COD,4,0.750000,0.500000,0.450000,0.210000,0.200000,0.040000,0.000000,0.000000,False,4,3
650,2017-06-01,COD,1705,COD,2,1.000000,0.640000,0.080000,0.120000,0.000000,0.040000,0.000000,0.000000,False,2,2
650,2017-08-01,COD,1706,COD,2,0.700000,0.640000,0.190000,0.140000,0.070000,0.040000,0.000000,0.000000,False,2,2
650,2017-11-01,COD,1707,COD,1,0.070000,0.400000,0.000000,0.150000,0.000000,0.050000,0.000000,0.000000,False,1,2
650,2018-03-01,COD,1708,COD,2,0.550000,0.500000,0.150000,0.210000,0.000000,0.080000,0.000000,0.000000,False,2,3
650,2018-07-01,COD,1709,COD,2,0.400000,0.570000,0.120000,0.180000,0.020000,0.070000,0.000000,0.000000,False,2,2
650,2018-08-01,COD,1710,COD,3,0.750000,0.500000,0.350000,0.170000,0.100000,0.070000,0.000000,0.000000,False,3,2
650,2019-07-01,COD,1711,COD,3,0.650000,0.570000,0.250000,0.250000,0.050000,0.060000,0.000000,0.000000,False,3,3
650,2020-05-01,COD,1712,COD,2,0.500000,0.580000,0.100000,0.190000,0.000000,0.110000,0.000000,0.000000,False,2,2
650,2020-06-01,COD,1713,COD,2,0.550000,0.620000,0.150000,0.190000,0.050000,0.070000,0.000000,0.000000,False,2,2
650,2020-07-01,COD,1714,COD,3,0.800000,0.590000,0.350000,0.160000,0.100000,0.060000,0.000000,0.000000,False,3,2
650,2020-08-01,COD,1715,COD,2,0.350000,0.610000,0.050000,0.170000,0.000000,0.070000,0.000000,0.000000,False,2,2
650,2021-02-01,COD,1716,COD,3,0.650000,0.590000,0.350000,0.230000,0.100000,0.070000,0.000000,0.000000,False,3,3
650,2021-04-01,COD,1717,COD,3,0.650000,0.550000,0.200000,0.240000,0.050000,0.070000,0.000000,0.000000,False,3,3
650,2021-06-01,COD,1718,COD,2,0.450000,0.550000,0.150000,0.210000,0.000000,0.070000,0.000000,0.000000,False,2,3
650,2021-09-01,COD,1719,COD,3,0.650000,0.550000,0.200000,0.230000,0.050000,0.070000,0.000000,0.000000,False,3,3
650,2022-04-01,COD,1720,COD,2,0.350000,0.610000,0.100000,0.220000,0.000000,0.080000,0.000000,0.000000,False,2,3
650,2022-06-01,COD,1721,COD,2,0.350000,0.650000,0.150000,0.200000,0.000000,0.060000,0.000000,0.000000,False,2,3
650,2022-07-01,COD,1722,COD,3,0.650000,0.620000,0.300000,0.180000,0.050000,0.040000,0.000000,0.000000,False,3,2
654,2017-01-01,COD,1757,COD,1,0.180000,0.460000,0.000000,0.120000,0.000000,0.040000,0.000000,0.000000,False,1,2
654,2017-06-01,COD,1758,COD,2,0.990000,0.620000,0.100000,0.130000,0.020000,0.040000,0.000000,0.000000,False,2,2
654,2017-11-01,COD,1759,COD,1,0.080000,0.350000,0.000000,0.150000,0.000000,0.050000,0.000000,0.000000,False,1,2
654,2018-08-01,COD,1760,COD,3,0.900000,0.570000,0.650000,0.180000,0.150000,0.070000,0.000000,0.000000,False,3,2
654,2019-07-01,COD,1761,COD,4,0.750000,0.590000,0.450000,0.300000,0.200000,0.070000,0.000000,0.000000,False,4,3
654,2020-06-01,COD,1762,COD,2,0.600000,0.600000,0.150000,0.160000,0.050000,0.070000,0.000000,0.000000,False,2,2
654,2020-07-01,COD,1763,COD,3,0.800000,0.610000,0.450000,0.190000,0.100000,0.060000,0.000000,0.000000,False,3,2
654,2021-02-01,COD,1764,COD,3,0.850000,0.570000,0.500000,0.220000,0.150000,0.070000,0.000000,0.000000,False,3,3
654,2021-09-01,COD,1765,COD,3,0.850000,0.540000,0.600000,0.260000,0.150000,0.070000,0.000000,0.000000,False,3,3
654,2022-06-01,COD,1766,COD,2,0.300000,0.590000,0.150000,0.220000,0.000000,0.050000,0.000000,0.000000,False,2,3
654,2022-07-01,COD,1767,COD,3,0.800000,0.570000,0.350000,0.240000,0.050000,0.040000,0.000000,0.000000,False,3,3
655,2017-01-01,COD,1768,COD,2,0.350000,0.490000,0.070000,0.130000,0.000000,0.040000,0.000000,0.000000,False,2,2
655,2017-06-01,COD,1769,COD,2,0.990000,0.640000,0.100000,0.140000,0.020000,0.040000,0.000000,0.000000,False,2,2
655,2017-11-01,COD,1770,COD,1,0.070000,0.460000,0.000000,0.110000,0.000000,0.040000,0.000000,0.000000,False,1,2
655,2018-08-01,COD,1771,COD,2,0.700000,0.520000,0.150000,0.190000,0.050000,0.080000,0.000000,0.000000,False,2,2
655,2019-07-01,COD,1772,COD,3,0.600000,0.550000,0.250000,0.280000,0.050000,0.070000,0.000000,0.000000,False,3,3
655,2020-06-01,COD,1773,COD,3,0.600000,0.610000,0.300000,0.190000,0.100000,0.070000,0.000000,0.000000,False,3,2
655,2020-07-01,COD,1774,COD,3,0.500000,0.640000,0.200000,0.190000,0.000000,0.070000,0.000000,0.000000,False,3,2
655,2021-02-01,COD,1775,COD,3,0.600000,0.600000,0.200000,0.240000,0.050000,0.070000,0.000000,0.000000,False,3,3
655,2021-09-01,COD,1776,COD,3,0.700000,0.580000,0.250000,0.250000,0.050000,0.080000,0.000000,0.000000,False,3,3
655,2022-06-01,COD,1777,COD,2,0.300000,0.590000,0.100000,0.240000,0.000000,0.050000,0.000000,0.000000,False,2,3
655,2022-07-01,COD,1778,COD,3,0.750000,0.580000,0.350000,0.170000,0.100000,0.040000,0.000000,0.000000,False,3,2
658,2017-01-01,COD,1779,COD,2,0.350000,0.490000,0.070000,0.140000,0.000000,0.040000,0.000000,0.000000,False,2,2
658,2017-06-01,COD,1780,COD,2,1.000000,0.680000,0.080000,0.140000,0.000000,0.040000,0.000000,0.000000,False,2,2
658,2017-11-01,COD,1781,COD,1,0.070000,0.470000,0.000000,0.120000,0.000000,0.040000,0.000000,0.000000,False,1,2
658,2018-08-01,COD,1782,COD,2,0.700000,0.520000,0.150000,0.170000,0.050000,0.080000,0.000000,0.000000,False,2,2
658,2019-07-01,COD,1783,COD,3,0.600000,0.550000,0.250000,0.260000,0.050000,0.070000,0.000000,0.000000,False,3,3
658,2020-06-01,COD,1784,COD,3,0.600000,0.600000,0.300000,0.210000,0.100000,0.070000,0.000000,0.000000,False,3,3
658,2020-07-01,COD,1785,COD,3,0.800000,0.600000,0.400000,0.170000,0.150000,0.100000,0.000000,0.000000,False,3,2
658,2021-02-01,COD,1786,COD,4,0.650000,0.550000,0.400000,0.240000,0.200000,0.070000,0.000000,0.000000,False,4,3
658,2021-09-01,COD,1787,COD,3,0.700000,0.530000,0.300000,0.240000,0.100000,0.070000,0.000000,0.000000,False,3,3
658,2022-06-01,COD,1788,COD,2,0.300000,0.580000,0.100000,0.230000,0.000000,0.090000,0.000000,0.000000,False,2,3
658,2022-07-01,COD,1789,COD,3,0.800000,0.590000,0.450000,0.180000,0.150000,0.040000,0.000000,0.000000,False,3,2
660,2017-06-01,COD,1791,COD,3,1.000000,0.450000,0.330000,0.140000,0.130000,0.040000,0.000000,0.000000,False,3,2
660,2020-07-01,COD,1792,COD,4,0.900000,0.560000,0.450000,0.180000,0.200000,0.070000,0.000000,0.000000,False,4,2
661,2017-01-01,COD,1793,COD,2,0.350000,0.510000,0.070000,0.140000,0.000000,0.040000,0.000000,0.000000,False,2,2
661,2017-06-01,COD,1794,COD,2,0.990000,0.660000,0.100000,0.140000,0.020000,0.040000,0.000000,0.000000,False,2,2
661,2017-11-01,COD,1795,COD,1,0.070000,0.460000,0.000000,0.120000,0.000000,0.040000,0.000000,0.000000,False,1,2
661,2018-08-01,COD,1796,COD,2,0.700000,0.550000,0.150000,0.190000,0.050000,0.080000,0.000000,0.000000,False,2,2
661,2019-07-01,COD,1797,COD,3,0.600000,0.560000,0.250000,0.280000,0.050000,0.070000,0.000000,0.000000,False,3,3
661,2020-06-01,COD,1798,COD,3,0.600000,0.580000,0.300000,0.230000,0.100000,0.070000,0.000000,0.000000,False,3,3
661,2020-07-01,COD,1799,COD,3,0.800000,0.560000,0.400000,0.170000,0.150000,0.100000,0.000000,0.000000,False,3,2
661,2021-02-01,COD,1800,COD,4,0.650000,0.560000,0.400000,0.250000,0.200000,0.070000,0.000000,0.000000,False,4,3
661,2021-09-01,COD,1801,COD,3,0.700000,0.540000,0.300000,0.240000,0.100000,0.080000,0.000000,0.000000,False,3,3
661,2022-06-01,COD,1802,COD,2,0.300000,0.580000,0.100000,0.200000,0.000000,0.090000,0.000000,0.000000,False,2,3
661,2022-07-01,COD,1803,COD,3,0.800000,0.580000,0.450000,0.180000,0.150000,0.050000,0.000000,0.000000,False,3,2
667,2020-07-01,COD,1816,COD,4,0.900000,0.600000,0.450000,0.190000,0.200000,0.070000,0.000000,0.000000,False,4,2
680,2018-01-01,COD,1925,COD,3,0.950000,0.700000,0.450000,0.260000,0.000000,0.080000,0.000000,0.000000,False,3,3
680,2021-02-01,COD,1926,COD,3,0.750000,0.610000,0.400000,0.320000,0.100000,0.090000,0.000000,0.000000,False,3,3
680,2022-02-01,COD,1927,COD,3,0.800000,0.700000,0.450000,0.300000,0.050000,0.090000,0.000000,0.000000,False,3,3
680,2022-07-01,COD,1928,COD,3,0.750000,0.700000,0.250000,0.290000,0.050000,0.060000,0.000000,0.000000,False,3,3
680,2022-10-01,COD,1929,COD,3,0.800000,0.710000,0.350000,0.310000,0.050000,0.120000,0.000000,0.000000,False,3,3
681,2017-01-01,COD,1930,COD,1,0.180000,0.400000,0.000000,0.140000,0.000000,0.040000,0.000000,0.000000,False,1,2
681,2017-06-01,COD,1931,COD,2,0.990000,0.600000,0.100000,0.130000,0.020000,0.050000,0.000000,0.000000,False,2,2
681,2017-11-01,COD,1932,COD,1,0.080000,0.430000,0.000000,0.160000,0.000000,0.050000,0.000000,0.000000,False,1,2
681,2018-08-01,COD,1933,COD,3,0.900000,0.560000,0.650000,0.170000,0.150000,0.080000,0.000000,0.000000,False,3,2
681,2019-07-01,COD,1934,COD,4,0.750000,0.610000,0.450000,0.280000,0.200000,0.070000,0.000000,0.000000,False,4,3
681,2020-06-01,COD,1935,COD,2,0.600000,0.610000,0.150000,0.170000,0.050000,0.070000,0.000000,0.000000,False,2,2
681,2020-07-01,COD,1936,COD,3,0.800000,0.620000,0.450000,0.180000,0.100000,0.070000,0.000000,0.000000,False,3,2
681,2021-02-01,COD,1937,COD,3,0.850000,0.580000,0.500000,0.280000,0.150000,0.110000,0.000000,0.000000,False,3,3
681,2021-09-01,COD,1938,COD,3,0.850000,0.550000,0.600000,0.230000,0.150000,0.100000,0.000000,0.000000,False,3,3
681,2022-06-01,COD,1939,COD,2,0.300000,0.600000,0.150000,0.290000,0.000000,0.050000,0.000000,0.000000,False,2,3
681,2022-07-01,COD,1940,COD,3,0.800000,0.610000,0.350000,0.240000,0.050000,0.040000,0.000000,0.000000,False,3,3
684,2017-01-01,COD,1945,COD,1,0.180000,0.390000,0.000000,0.140000,0.000000,0.040000,0.000000,0.000000,False,1,2
684,2017-06-01,COD,1946,COD,2,0.990000,0.560000,0.100000,0.130000,0.020000,0.040000,0.000000,0.000000,False,2,2
684,2017-11-01,COD,1947,COD,1,0.080000,0.390000,0.000000,0.160000,0.000000,0.050000,0.000000,0.000000,False,1,2
684,2018-08-01,COD,1948,COD,3,0.900000,0.550000,0.650000,0.170000,0.150000,0.080000,0.000000,0.000000,False,3,2
684,2019-07-01,COD,1949,COD,4,0.750000,0.600000,0.450000,0.280000,0.200000,0.070000,0.000000,0.000000,False,4,3
684,2020-06-01,COD,1950,COD,2,0.600000,0.580000,0.150000,0.170000,0.050000,0.070000,0.000000,0.000000,False,2,2
684,2020-07-01,COD,1951,COD,3,0.800000,0.610000,0.450000,0.190000,0.100000,0.060000,0.000000,0.000000,False,3,2
684,2021-02-01,COD,1952,COD,3,0.850000,0.580000,0.500000,0.280000,0.150000,0.110000,0.000000,0.000000,False,3,3
684,2021-09-01,COD,1953,COD,3,0.850000,0.550000,0.600000,0.240000,0.150000,0.080000,0.000000,0.000000,False,3,3
684,2022-06-01,COD,1954,COD,2,0.300000,0.600000,0.150000,0.290000,0.000000,0.050000,0.000000,0.000000,False,2,3
684,2022-07-01,COD,1955,COD,3,0.800000,0.600000,0.350000,0.240000,0.050000,0.040000,0.000000,0.000000,False,3,3
685,2018-01-01,COD,1956,COD,3,0.950000,0.700000,0.450000,0.300000,0.000000,0.080000,0.000000,0.000000,False,3,3
685,2021-02-01,COD,1957,COD,3,0.750000,0.630000,0.400000,0.340000,0.100000,0.090000,0.000000,0.000000,False,3,3
685,2022-02-01,COD,1958,COD,3,0.800000,0.690000,0.450000,0.350000,0.050000,0.080000,0.000000,0.000000,False,3,3
685,2022-07-01,COD,1959,COD,3,0.750000,0.690000,0.250000,0.320000,0.050000,0.080000,0.000000,0.000000,False,3,3
706,2017-11-01,COD,2068,COD,1,0.080000,0.410000,0.000000,0.130000,0.000000,0.040000,0.000000,0.000000,False,1,2
706,2018-08-01,COD,2069,COD,4,0.900000,0.550000,0.800000,0.170000,0.250000,0.080000,0.000000,0.000000,False,4,2
706,2019-07-01,COD,2070,COD,4,0.800000,0.570000,0.400000,0.270000,0.200000,0.070000,0.000000,0.000000,False,4,3
706,2020-06-01,COD,2071,COD,3,0.650000,0.640000,0.350000,0.190000,0.100000,0.060000,0.000000,0.000000,False,3,2
706,2020-07-01,COD,2072,COD,4,0.900000,0.660000,0.600000,0.200000,0.200000,0.060000,0.000000,0.000000,False,4,3
706,2021-02-01,COD,2073,COD,4,0.850000,0.540000,0.550000,0.240000,0.200000,0.070000,0.000000,0.000000,False,4,3
706,2021-09-01,COD,2074,COD,4,0.800000,0.530000,0.600000,0.260000,0.200000,0.090000,0.000000,0.000000,False,4,3
706,2022-06-01,COD,2075,COD,2,0.300000,0.640000,0.150000,0.200000,0.000000,0.050000,0.000000,0.000000,False,2,3
706,2022-07-01,COD,2076,COD,3,0.750000,0.560000,0.350000,0.190000,0.050000,0.050000,0.000000,0.000000,False,3,2
716,2017-01-01,COD,2140,COD,3,0.550000,0.560000,0.250000,0.200000,0.050000,0.050000,0.000000,0.000000,False,3,3
716,2018-01-01,COD,2141,COD,3,0.950000,0.720000,0.600000,0.220000,0.050000,0.070000,0.000000,0.000000,False,3,3
716,2019-08-01,COD,2142,COD,3,0.700000,0.720000,0.250000,0.350000,0.000000,0.080000,0.000000,0.000000,False,3,3
716,2020-06-01,COD,2143,COD,3,0.550000,0.650000,0.200000,0.280000,0.050000,0.070000,0.000000,0.000000,False,3,3
716,2020-07-01,COD,2144,COD,3,0.700000,0.660000,0.300000,0.250000,0.050000,0.060000,0.000000,0.000000,False,3,3
716,2021-09-01,COD,2145,COD,3,0.600000,0.650000,0.200000,0.230000,0.050000,0.080000,0.000000,0.000000,False,3,3
716,2022-02-01,COD,2146,COD,3,0.800000,0.710000,0.450000,0.350000,0.050000,0.080000,0.000000,0.000000,False,3,3
716,2022-06-01,COD,2147,COD,3,0.600000,0.700000,0.200000,0.260000,0.000000,0.070000,0.000000,0.000000,False,3,3
717,2017-01-01,COD,2148,COD,3,0.550000,0.590000,0.250000,0.210000,0.050000,0.060000,0.000000,0.000000,False,3,3
717,2018-01-01,COD,2149,COD,3,0.950000,0.760000,0.600000,0.290000,0.050000,0.070000,0.000000,0.000000,False,3,3
717,2019-08-01,COD,2150,COD,3,0.700000,0.740000,0.250000,0.330000,0.000000,0.070000,0.000000,0.000000,False,3,3
717,2020-06-01,COD,2151,COD,3,0.550000,0.680000,0.200000,0.300000,0.050000,0.090000,0.000000,0.000000,False,3,3
717,2020-07-01,COD,2152,COD,3,0.700000,0.680000,0.300000,0.250000,0.050000,0.050000,0.000000,0.000000,False,3,3
717,2021-09-01,COD,2153,COD,3,0.600000,0.660000,0.200000,0.250000,0.050000,0.090000,0.000000,0.000000,False,3,3
717,2022-02-01,COD,2154,COD,3,0.800000,0.730000,0.450000,0.410000,0.050000,0.090000,0.000000,0.000000,False,3,3
717,2022-06-01,COD,2155,COD,3,0.600000,0.700000,0.200000,0.300000,0.000000,0.090000,0.000000,0.000000,False,3,3
726,2019-07-01,COD,2166,COD,3,0.750000,0.570000,0.450000,0.270000,0.050000,0.070000,0.000000,0.000000,False,3,3
726,2020-01-01,COD,2167,COD,3,0.800000,0.580000,0.300000,0.220000,0.000000,0.070000,0.000000,0.000000,False,3,3
726,2020-06-01,COD,2168,COD,3,0.700000,0.660000,0.300000,0.220000,0.050000,0.070000,0.000000,0.000000,False,3,3
726,2021-02-01,COD,2169,COD,3,0.900000,0.540000,0.600000,0.220000,0.150000,0.070000,0.000000,0.000000,False,3,3
726,2021-09-01,COD,2170,COD,3,0.900000,0.530000,0.600000,0.260000,0.150000,0.070000,0.000000,0.000000,False,3,3
726,2022-02-01,COD,2171,COD,3,0.800000,0.640000,0.450000,0.280000,0.050000,0.070000,0.000000,0.000000,False,3,3
1215,2021-01-01,DJI,3182,DJI,2,0.490000,0.620000,0.150000,0.170000,0.050000,0.030000,0.000000,0.000000,False,2,2
1215,2022-10-01,DJI,3183,DJI,2,0.200000,0.560000,0.050000,0.340000,0.000000,0.100000,0.000000,0.000000,False,2,3
1233,2021-01-01,DJI,3281,DJI,2,0.490000,0.620000,0.150000,0.170000,0.050000,0.030000,0.000000,0.000000,False,2,2
2,2018-10-01,DOM,0,DOM,3,0.700000,0.650000,0.350000,0.340000,0.050000,0.090000,0.000000,0.000000,False,3,3
2,2022-10-01,DOM,1,DOM,2,0.500000,0.680000,0.150000,0.230000,0.010000,0.060000,0.000000,0.000000,False,2,3
5,2022-10-01,DOM,2,DOM,2,0.550000,0.660000,0.180000,0.280000,0.020000,0.060000,0.000000,0.000000,False,2,3
9,2022-09-01,DOM,3,DOM,4,0.800000,0.720000,0.550000,0.340000,0.200000,0.070000,0.000000,0.000000,False,4,3
1065,2020-07-01,ETH,2860,ETH,3,0.600000,0.580000,0.250000,0.270000,0.050000,0.060000,0.000000,0.000000,False,3,3
1074,2021-05-01,ETH,2872,ETH,3,0.450000,0.620000,0.200000,0.330000,0.050000,0.120000,0.000000,0.000000,False,3,3
1086,2021-02-01,ETH,2875,ETH,2,0.600000,0.700000,0.150000,0.250000,0.050000,0.070000,0.000000,0.000000,False,2,3
1087,2021-02-01,ETH,2876,ETH,2,0.600000,0.700000,0.150000,0.250000,0.050000,0.070000,0.000000,0.000000,False,2,3
1090,2021-05-01,ETH,2877,ETH,3,0.800000,0.630000,0.400000,0.280000,0.150000,0.070000,0.000000,0.000000,False,3,3
1116,2020-07-01,ETH,2892,ETH,3,0.550000,0.580000,0.200000,0.330000,0.000000,0.060000,0.000000,0.000000,False,3,3
1116,2020-10-01,ETH,2893,ETH,2,0.500000,0.660000,0.100000,0.390000,0.000000,0.130000,0.000000,0.000000,False,2,3
1116,2021-05-01,ETH,2894,ETH,3,0.600000,0.640000,0.200000,0.340000,0.000000,0.120000,0.000000,0.000000,False,3,3
1120,2021-05-01,ETH,2896,ETH,3,0.600000,0.650000,0.300000,0.300000,0.000000,0.070000,0.000000,0.000000,False,3,3
1130,2021-05-01,ETH,2904,ETH,3,0.750000,0.670000,0.450000,0.370000,0.150000,0.100000,0.000000,0.000000,False,3,3
1132,2021-05-01,ETH,2912,ETH,4,0.900000,0.660000,0.650000,0.400000,0.200000,0.120000,0.000000,0.000000,False,4,3
1139,2021-05-01,ETH,2913,ETH,3,0.750000,0.680000,0.450000,0.350000,0.150000,0.090000,0.000000,0.000000,False,3,3
1143,2020-07-01,ETH,2914,ETH,2,0.500000,0.610000,0.150000,0.320000,0.000000,0.070000,0.000000,0.000000,False,2,3
1143,2020-10-01,ETH,2915,ETH,2,0.450000,0.710000,0.150000,0.410000,0.050000,0.110000,0.000000,0.000000,False,2,3
1144,2020-07-01,ETH,2916,ETH,2,0.500000,0.580000,0.150000,0.320000,0.000000,0.060000,0.000000,0.000000,False,2,3
1144,2020-10-01,ETH,2917,ETH,2,0.450000,0.690000,0.150000,0.400000,0.050000,0.130000,0.000000,0.000000,False,2,3
1155,2021-05-01,ETH,2934,ETH,2,0.450000,0.720000,0.100000,0.330000,0.000000,0.100000,0.000000,0.000000,False,2,3
1156,2021-02-01,ETH,2935,ETH,3,0.600000,0.650000,0.200000,0.330000,0.050000,0.070000,0.000000,0.000000,False,3,3
1174,2020-10-01,ETH,3001,ETH,3,0.650000,0.620000,0.200000,0.370000,0.050000,0.120000,0.000000,0.000000,False,3,3
1176,2020-08-01,ETH,3002,ETH,2,0.600000,0.670000,0.150000,0.340000,0.050000,0.070000,0.000000,0.000000,False,2,3
1176,2021-05-01,ETH,3003,ETH,3,0.800000,0.650000,0.450000,0.320000,0.150000,0.070000,0.000000,0.000000,False,3,3
1192,2019-01-01,ETH,3073,ETH,3,0.670000,0.690000,0.270000,0.320000,0.070000,0.080000,0.000000,0.000000,False,3,3
1192,2020-08-01,ETH,3074,ETH,2,0.600000,0.730000,0.150000,0.320000,0.050000,0.080000,0.000000,0.000000,False,2,3
1192,2021-05-01,ETH,3075,ETH,3,0.800000,0.660000,0.400000,0.290000,0.050000,0.070000,0.000000,0.000000,False,3,3
1192,2021-07-01,ETH,3076,ETH,3,0.600000,0.700000,0.200000,0.300000,0.050000,0.080000,0.000000,0.000000,False,3,3
1192,2022-10-01,ETH,3077,ETH,2,0.250000,0.570000,0.100000,0.340000,0.000000,0.080000,0.000000,0.000000,False,2,3
1193,2019-01-01,ETH,3078,ETH,3,0.370000,0.680000,0.200000,0.370000,0.000000,0.100000,0.000000,0.000000,False,3,3
1193,2020-10-01,ETH,3079,ETH,3,0.600000,0.630000,0.200000,0.400000,0.050000,0.110000,0.000000,0.000000,False,3,3
1193,2021-05-01,ETH,3080,ETH,3,0.700000,0.660000,0.250000,0.360000,0.050000,0.090000,0.000000,0.000000,False,3,3
1194,2019-01-01,ETH,3081,ETH,3,0.370000,0.680000,0.200000,0.360000,0.000000,0.100000,0.000000,0.000000,False,3,3
1198,2018-01-01,ETH,3125,ETH,1,0.100000,0.640000,0.040000,0.390000,0.000000,0.110000,0.000000,0.000000,False,1,3
1198,2019-01-01,ETH,3126,ETH,3,0.370000,0.660000,0.200000,0.410000,0.000000,0.100000,0.000000,0.000000,False,3,3
1198,2020-01-01,ETH,3127,ETH,2,0.290000,0.640000,0.060000,0.400000,0.000000,0.110000,0.000000,0.000000,False,2,3
1198,2020-10-01,ETH,3128,ETH,3,0.600000,0.650000,0.250000,0.410000,0.050000,0.120000,0.000000,0.000000,False,3,3
1198,2021-01-01,ETH,3129,ETH,2,0.360000,0.640000,0.110000,0.310000,0.010000,0.110000,0.000000,0.000000,False,2,3
1210,2022-07-01,ETH,3156,ETH,2,0.300000,0.610000,0.100000,0.280000,0.000000,0.090000,0.000000,0.000000,False,2,3
1219,2018-01-01,ETH,3202,ETH,1,0.100000,0.560000,0.040000,0.360000,0.000000,0.100000,0.000000,0.000000,False,1,3
1219,2019-01-01,ETH,3203,ETH,3,0.370000,0.680000,0.200000,0.410000,0.000000,0.100000,0.000000,0.000000,False,3,3
1219,2020-01-01,ETH,3204,ETH,2,0.290000,0.600000,0.060000,0.370000,0.000000,0.110000,0.000000,0.000000,False,2,3
1219,2021-07-01,ETH,3205,ETH,2,0.320000,0.650000,0.110000,0.360000,0.040000,0.120000,0.000000,0.000000,False,2,3
1234,2020-01-01,ETH,3282,ETH,2,0.290000,0.670000,0.060000,0.410000,0.000000,0.110000,0.000000,0.000000,False,2,3
1234,2022-10-01,ETH,3283,ETH,2,0.200000,0.680000,0.050000,0.330000,0.000000,0.110000,0.000000,0.000000,False,2,3
1256,2020-01-01,ETH,3336,ETH,2,0.320000,0.670000,0.070000,0.350000,0.000000,0.110000,0.000000,0.000000,False,2,3
1256,2022-10-01,ETH,3337,ETH,3,0.550000,0.690000,0.350000,0.320000,0.100000,0.090000,0.000000,0.000000,False,3,3
1269,2018-01-01,ETH,3360,ETH,2,0.420000,0.640000,0.140000,0.400000,0.010000,0.110000,0.000000,0.000000,False,2,3
1326,2020-07-01,ETH,3466,ETH,3,0.750000,0.590000,0.350000,0.270000,0.000000,0.060000,0.000000,0.000000,False,3,3
1326,2021-01-01,ETH,3467,ETH,2,0.230000,0.660000,0.090000,0.380000,0.010000,0.070000,0.000000,0.000000,False,2,3
1326,2021-07-01,ETH,3468,ETH,2,0.260000,0.660000,0.110000,0.370000,0.020000,0.080000,0.000000,0.000000,False,2,3
1326,2022-05-01,ETH,3469,ETH,3,0.700000,0.680000,0.480000,0.380000,0.180000,0.100000,0.010000,0.000000,False,3,3
1326,2022-07-01,ETH,3470,ETH,3,0.450000,0.590000,0.250000,0.360000,0.100000,0.100000,0.000000,0.000000,False,3,3
1327,2020-07-01,ETH,3471,ETH,3,0.750000,0.600000,0.350000,0.250000,0.000000,0.070000,0.000000,0.000000,False,3,3
1327,2021-07-01,ETH,3472,ETH,2,0.260000,0.640000,0.110000,0.350000,0.020000,0.090000,0.000000,0.000000,False,2,3
1327,2022-07-01,ETH,3473,ETH,3,0.450000,0.610000,0.250000,0.380000,0.100000,0.100000,0.000000,0.000000,False,3,3
1426,2018-01-01,ETH,3683,ETH,3,0.520000,0.680000,0.300000,0.390000,0.050000,0.120000,0.000000,0.000000,False,3,3
1473,2018-01-01,ETH,3802,ETH,2,0.280000,0.660000,0.140000,0.370000,0.000000,0.110000,0.000000,0.000000,False,2,3
1587,2018-01-01,ETH,4204,ETH,2,0.280000,0.700000,0.140000,0.410000,0.000000,0.120000,0.000000,0.000000,False,2,3
58,2018-02-01,GTM,252,GTM,2,0.620000,0.610000,0.150000,0.150000,0.000000,0.040000,0.000000,0.000000,False,2,2
58,2018-11-01,GTM,253,GTM,2,0.550000,0.540000,0.150000,0.190000,0.020000,0.040000,0.000000,0.000000,False,2,2
58,2018-12-01,GTM,254,GTM,2,0.400000,0.540000,0.150000,0.200000,0.050000,0.040000,0.000000,0.000000,False,2,3
58,2019-10-01,GTM,255,GTM,3,0.750000,0.550000,0.280000,0.170000,0.010000,0.040000,0.000000,0.000000,False,3,2
58,2019-11-01,GTM,256,GTM,3,0.500000,0.590000,0.220000,0.210000,0.040000,0.040000,0.000000,0.000000,False,3,3
58,2019-12-01,GTM,257,GTM,2,0.450000,0.560000,0.150000,0.230000,0.050000,0.040000,0.000000,0.000000,False,2,3
58,2020-08-01,GTM,258,GTM,2,0.700000,0.650000,0.100000,0.210000,0.010000,0.040000,0.000000,0.000000,False,2,3
58,2020-10-01,GTM,259,GTM,3,0.750000,0.580000,0.330000,0.170000,0.030000,0.040000,0.000000,0.000000,False,3,2
58,2020-12-01,GTM,260,GTM,3,0.600000,0.610000,0.250000,0.240000,0.030000,0.040000,0.000000,0.000000,False,3,3
58,2021-05-01,GTM,261,GTM,3,0.700000,0.670000,0.200000,0.230000,0.000000,0.050000,0.000000,0.000000,False,3,3
58,2021-07-01,GTM,262,GTM,2,0.600000,0.640000,0.100000,0.190000,0.000000,0.040000,0.000000,0.000000,False,2,2
58,2021-11-01,GTM,263,GTM,3,0.660000,0.620000,0.210000,0.180000,0.010000,0.040000,0.000000,0.000000,False,3,2
58,2022-03-01,GTM,264,GTM,3,0.700000,0.660000,0.290000,0.250000,0.040000,0.060000,0.000000,0.000000,False,3,3
59,2018-02-01,GTM,265,GTM,2,0.620000,0.610000,0.150000,0.150000,0.000000,0.040000,0.000000,0.000000,False,2,2
59,2018-11-01,GTM,266,GTM,2,0.550000,0.540000,0.150000,0.190000,0.020000,0.040000,0.000000,0.000000,False,2,2
59,2018-12-01,GTM,267,GTM,2,0.400000,0.540000,0.150000,0.200000,0.050000,0.040000,0.000000,0.000000,False,2,3
59,2019-10-01,GTM,268,GTM,3,0.750000,0.550000,0.280000,0.170000,0.010000,0.040000,0.000000,0.000000,False,3,2
59,2019-11-01,GTM,269,GTM,3,0.500000,0.590000,0.220000,0.210000,0.040000,0.040000,0.000000,0.000000,False,3,3
59,2019-12-01,GTM,270,GTM,2,0.450000,0.560000,0.150000,0.230000,0.050000,0.040000,0.000000,0.000000,False,2,3
59,2020-08-01,GTM,271,GTM,2,0.700000,0.650000,0.100000,0.210000,0.010000,0.040000,0.000000,0.000000,False,2,3
59,2020-10-01,GTM,272,GTM,3,0.750000,0.590000,0.330000,0.170000,0.030000,0.040000,0.000000,0.000000,False,3,2
59,2020-12-01,GTM,273,GTM,3,0.600000,0.610000,0.250000,0.240000,0.030000,0.040000,0.000000,0.000000,False,3,3
59,2021-05-01,GTM,274,GTM,3,0.700000,0.670000,0.200000,0.230000,0.000000,0.050000,0.000000,0.000000,False,3,3
59,2021-07-01,GTM,275,GTM,2,0.600000,0.640000,0.100000,0.190000,0.000000,0.040000,0.000000,0.000000,False,2,2
59,2021-11-01,GTM,276,GTM,3,0.660000,0.620000,0.210000,0.180000,0.010000,0.040000,0.000000,0.000000,False,3,2
59,2022-03-01,GTM,277,GTM,3,0.700000,0.660000,0.290000,0.250000,0.040000,0.060000,0.000000,0.000000,False,3,3
67,2018-02-01,GTM,339,GTM,2,0.620000,0.580000,0.150000,0.140000,0.000000,0.030000,0.000000,0.000000,False,2,2
67,2018-11-01,GTM,340,GTM,3,0.700000,0.520000,0.380000,0.150000,0.030000,0.030000,0.000000,0.000000,False,3,2
67,2019-10-01,GTM,341,GTM,3,0.750000,0.520000,0.280000,0.160000,0.010000,0.030000,0.000000,0.000000,False,3,2
67,2019-11-01,GTM,342,GTM,2,0.500000,0.540000,0.130000,0.150000,0.030000,0.030000,0.000000,0.000000,False,2,2
67,2020-08-01,GTM,343,GTM,3,0.630000,0.610000,0.290000,0.210000,0.030000,0.040000,0.000000,0.000000,False,3,3
67,2020-10-01,GTM,344,GTM,3,0.750000,0.530000,0.330000,0.200000,0.030000,0.030000,0.000000,0.000000,False,3,3
67,2020-11-01,GTM,345,GTM,2,0.570000,0.510000,0.120000,0.180000,0.020000,0.030000,0.000000,0.000000,False,2,2
67,2021-05-01,GTM,346,GTM,3,0.650000,0.630000,0.310000,0.200000,0.030000,0.040000,0.000000,0.000000,False,3,3
67,2021-07-01,GTM,347,GTM,2,0.600000,0.580000,0.110000,0.190000,0.010000,0.040000,0.000000,0.000000,False,2,2
67,2022-03-01,GTM,348,GTM,3,0.650000,0.540000,0.250000,0.220000,0.030000,0.050000,0.000000,0.000000,False,3,3
68,2018-02-01,GTM,349,GTM,2,0.620000,0.590000,0.150000,0.150000,0.000000,0.040000,0.000000,0.000000,False,2,2
68,2018-11-01,GTM,350,GTM,3,0.670000,0.520000,0.370000,0.170000,0.120000,0.040000,0.000000,0.000000,False,3,2
68,2019-10-01,GTM,351,GTM,3,0.750000,0.510000,0.280000,0.170000,0.010000,0.030000,0.000000,0.000000,False,3,2
68,2019-11-01,GTM,352,GTM,2,0.500000,0.560000,0.130000,0.160000,0.030000,0.030000,0.000000,0.000000,False,2,2
68,2020-08-01,GTM,353,GTM,3,0.630000,0.640000,0.290000,0.210000,0.030000,0.040000,0.000000,0.000000,False,3,3
68,2020-10-01,GTM,354,GTM,3,0.750000,0.540000,0.330000,0.200000,0.030000,0.040000,0.000000,0.000000,False,3,3
68,2020-11-01,GTM,355,GTM,2,0.570000,0.540000,0.120000,0.180000,0.020000,0.040000,0.000000,0.000000,False,2,2
68,2021-05-01,GTM,356,GTM,3,0.650000,0.640000,0.310000,0.200000,0.030000,0.040000,0.000000,0.000000,False,3,3
68,2021-07-01,GTM,357,GTM,2,0.600000,0.610000,0.110000,0.190000,0.010000,0.040000,0.000000,0.000000,False,2,2
68,2022-03-01,GTM,358,GTM,3,0.650000,0.560000,0.250000,0.240000,0.030000,0.060000,0.000000,0.000000,False,3,3
69,2018-02-01,GTM,359,GTM,2,0.620000,0.590000,0.150000,0.150000,0.000000,0.040000,0.000000,0.000000,False,2,2
69,2018-11-01,GTM,360,GTM,3,0.670000,0.530000,0.370000,0.170000,0.120000,0.040000,0.000000,0.000000,False,3,2
69,2019-10-01,GTM,361,GTM,3,0.750000,0.510000,0.280000,0.170000,0.010000,0.030000,0.000000,0.000000,False,3,2
69,2019-11-01,GTM,362,GTM,2,0.500000,0.560000,0.130000,0.160000,0.030000,0.030000,0.000000,0.000000,False,2,2
69,2020-08-01,GTM,363,GTM,3,0.630000,0.640000,0.290000,0.210000,0.030000,0.040000,0.000000,0.000000,False,3,3
69,2020-10-01,GTM,364,GTM,3,0.750000,0.540000,0.330000,0.200000,0.030000,0.040000,0.000000,0.000000,False,3,3
69,2020-11-01,GTM,365,GTM,2,0.570000,0.540000,0.120000,0.180000,0.020000,0.040000,0.000000,0.000000,False,2,2
69,2021-05-01,GTM,366,GTM,3,0.650000,0.640000,0.310000,0.200000,0.030000,0.040000,0.000000,0.000000,False,3,3
69,2021-07-01,GTM,367,GTM,2,0.600000,0.610000,0.110000,0.190000,0.010000,0.040000,0.000000,0.000000,False,2,2
69,2022-03-01,GTM,368,GTM,3,0.650000,0.560000,0.250000,0.240000,0.030000,0.060000,0.000000,0.000000,False,3,3
70,2019-10-01,GTM,369,GTM,3,0.750000,0.580000,0.280000,0.240000,0.010000,0.040000,0.000000,0.000000,False,3,3
70,2019-12-01,GTM,370,GTM,2,0.400000,0.560000,0.060000,0.320000,0.010000,0.040000,0.000000,0.000000,False,2,3
70,2020-08-01,GTM,371,GTM,3,0.550000,0.630000,0.210000,0.180000,0.020000,0.040000,0.000000,0.000000,False,3,2
70,2020-10-01,GTM,372,GTM,3,0.750000,0.550000,0.330000,0.160000,0.030000,0.040000,0.000000,0.000000,False,3,2
70,2020-11-01,GTM,373,GTM,2,0.570000,0.550000,0.120000,0.180000,0.020000,0.040000,0.000000,0.000000,False,2,2
70,2020-12-01,GTM,374,GTM,3,0.600000,0.610000,0.250000,0.230000,0.030000,0.040000,0.000000,0.000000,False,3,3
70,2021-05-01,GTM,375,GTM,3,0.590000,0.670000,0.250000,0.190000,0.020000,0.040000,0.000000,0.000000,False,3,2
70,2021-11-01,GTM,376,GTM,3,0.660000,0.610000,0.210000,0.160000,0.010000,0.040000,0.000000,0.000000,False,3,2
70,2021-12-01,GTM,377,GTM,3,0.600000,0.600000,0.240000,0.230000,0.020000,0.040000,0.000000,0.000000,False,3,3
70,2022-03-01,GTM,378,GTM,3,0.650000,0.580000,0.250000,0.230000,0.020000,0.070000,0.000000,0.000000,False,3,3
71,2019-10-01,GTM,379,GTM,3,0.750000,0.580000,0.280000,0.240000,0.010000,0.040000,0.000000,0.000000,False,3,3
71,2019-12-01,GTM,380,GTM,2,0.400000,0.560000,0.060000,0.320000,0.010000,0.040000,0.000000,0.000000,False,2,3
71,2020-08-01,GTM,381,GTM,3,0.550000,0.630000,0.210000,0.180000,0.020000,0.040000,0.000000,0.000000,False,3,2
71,2020-10-01,GTM,382,GTM,3,0.750000,0.550000,0.330000,0.160000,0.030000,0.040000,0.000000,0.000000,False,3,2
71,2020-11-01,GTM,383,GTM,2,0.570000,0.550000,0.120000,0.180000,0.020000,0.040000,0.000000,0.000000,False,2,2
71,2020-12-01,GTM,384,GTM,3,0.600000,0.610000,0.250000,0.230000,0.030000,0.040000,0.000000,0.000000,False,3,3
71,2021-05-01,GTM,385,GTM,3,0.590000,0.670000,0.250000,0.190000,0.020000,0.040000,0.000000,0.000000,False,3,2
71,2021-11-01,GTM,386,GTM,3,0.660000,0.610000,0.210000,0.160000,0.010000,0.040000,0.000000,0.000000,False,3,2
71,2021-12-01,GTM,387,GTM,3,0.600000,0.600000,0.240000,0.230000,0.020000,0.040000,0.000000,0.000000,False,3,3
71,2022-03-01,GTM,388,GTM,3,0.650000,0.580000,0.250000,0.230000,0.020000,0.070000,0.000000,0.000000,False,3,3
74,2019-12-01,GTM,416,GTM,2,0.380000,0.490000,0.080000,0.220000,0.030000,0.030000,0.000000,0.000000,False,2,3
74,2020-08-01,GTM,417,GTM,3,0.580000,0.610000,0.200000,0.200000,0.020000,0.040000,0.000000,0.000000,False,2,3
74,2022-03-01,GTM,418,GTM,2,0.450000,0.500000,0.150000,0.200000,0.000000,0.060000,0.000000,0.000000,False,2,3
75,2018-11-01,GTM,419,GTM,2,0.470000,0.550000,0.120000,0.160000,0.020000,0.030000,0.000000,0.000000,False,2,2
75,2019-11-01,GTM,420,GTM,2,0.500000,0.530000,0.130000,0.160000,0.030000,0.030000,0.000000,0.000000,False,2,2
75,2019-12-01,GTM,421,GTM,2,0.380000,0.530000,0.080000,0.230000,0.030000,0.030000,0.000000,0.000000,False,2,3
75,2020-08-01,GTM,422,GTM,3,0.580000,0.640000,0.200000,0.210000,0.020000,0.040000,0.000000,0.000000,False,2,3
75,2020-10-01,GTM,423,GTM,2,0.500000,0.540000,0.100000,0.170000,0.010000,0.030000,0.000000,0.000000,False,2,2
75,2020-11-01,GTM,424,GTM,3,0.600000,0.550000,0.230000,0.190000,0.030000,0.030000,0.000000,0.000000,False,3,2
75,2021-11-01,GTM,425,GTM,2,0.440000,0.550000,0.100000,0.150000,0.000000,0.040000,0.000000,0.000000,False,2,2
75,2021-12-01,GTM,426,GTM,3,0.540000,0.590000,0.220000,0.210000,0.020000,0.030000,0.000000,0.000000,False,3,3
75,2022-03-01,GTM,427,GTM,2,0.450000,0.530000,0.150000,0.230000,0.000000,0.050000,0.000000,0.000000,False,2,3
76,2018-11-01,GTM,428,GTM,2,0.470000,0.550000,0.120000,0.160000,0.020000,0.030000,0.000000,0.000000,False,2,2
76,2019-11-01,GTM,429,GTM,2,0.500000,0.530000,0.130000,0.150000,0.030000,0.030000,0.000000,0.000000,False,2,2
76,2019-12-01,GTM,430,GTM,2,0.380000,0.530000,0.080000,0.230000,0.030000,0.030000,0.000000,0.000000,False,2,3
76,2020-08-01,GTM,431,GTM,3,0.580000,0.640000,0.200000,0.200000,0.020000,0.040000,0.000000,0.000000,False,2,3
76,2020-10-01,GTM,432,GTM,2,0.500000,0.540000,0.100000,0.160000,0.010000,0.030000,0.000000,0.000000,False,2,2
76,2020-11-01,GTM,433,GTM,3,0.600000,0.550000,0.230000,0.190000,0.030000,0.030000,0.000000,0.000000,False,3,2
76,2021-11-01,GTM,434,GTM,2,0.440000,0.540000,0.100000,0.150000,0.000000,0.040000,0.000000,0.000000,False,2,2
76,2021-12-01,GTM,435,GTM,3,0.540000,0.590000,0.220000,0.210000,0.020000,0.030000,0.000000,0.000000,False,3,3
76,2022-03-01,GTM,436,GTM,2,0.450000,0.530000,0.150000,0.220000,0.000000,0.050000,0.000000,0.000000,False,2,3
78,2018-11-01,GTM,451,GTM,3,0.550000,0.550000,0.220000,0.160000,0.050000,0.030000,0.000000,0.000000,False,3,2
78,2019-11-01,GTM,452,GTM,2,0.500000,0.530000,0.130000,0.160000,0.030000,0.030000,0.000000,0.000000,False,2,2
78,2020-08-01,GTM,453,GTM,3,0.580000,0.640000,0.260000,0.220000,0.040000,0.040000,0.000000,0.000000,False,3,3
78,2020-10-01,GTM,454,GTM,2,0.500000,0.530000,0.100000,0.170000,0.010000,0.030000,0.000000,0.000000,False,2,2
78,2020-11-01,GTM,455,GTM,2,0.570000,0.550000,0.120000,0.190000,0.020000,0.030000,0.000000,0.000000,False,2,2
78,2020-12-01,GTM,456,GTM,3,0.550000,0.570000,0.220000,0.230000,0.020000,0.030000,0.000000,0.000000,False,3,3
78,2021-05-01,GTM,457,GTM,3,0.600000,0.650000,0.260000,0.210000,0.020000,0.040000,0.000000,0.000000,False,3,3
78,2022-03-01,GTM,458,GTM,2,0.500000,0.580000,0.150000,0.250000,0.010000,0.050000,0.000000,0.000000,False,2,3
79,2018-11-01,GTM,459,GTM,3,0.550000,0.550000,0.220000,0.160000,0.050000,0.030000,0.000000,0.000000,False,3,2
79,2019-11-01,GTM,460,GTM,2,0.500000,0.520000,0.130000,0.160000,0.030000,0.030000,0.000000,0.000000,False,2,2
79,2020-08-01,GTM,461,GTM,3,0.580000,0.640000,0.260000,0.220000,0.040000,0.040000,0.000000,0.000000,False,3,3
79,2020-10-01,GTM,462,GTM,2,0.500000,0.530000,0.100000,0.170000,0.010000,0.030000,0.000000,0.000000,False,2,2
79,2020-11-01,GTM,463,GTM,2,0.570000,0.550000,0.120000,0.190000,0.020000,0.030000,0.000000,0.000000,False,2,2
79,2020-12-01,GTM,464,GTM,3,0.550000,0.570000,0.220000,0.220000,0.020000,0.030000,0.000000,0.000000,False,3,3
79,2021-05-01,GTM,465,GTM,3,0.600000,0.650000,0.260000,0.210000,0.020000,0.040000,0.000000,0.000000,False,3,3
79,2022-03-01,GTM,466,GTM,2,0.500000,0.580000,0.150000,0.250000,0.010000,0.050000,0.000000,0.000000,False,2,3
80,2019-12-01,GTM,467,GTM,2,0.400000,0.590000,0.100000,0.330000,0.010000,0.070000,0.000000,0.000000,False,2,3
80,2022-03-01,GTM,468,GTM,3,0.750000,0.580000,0.290000,0.250000,0.040000,0.070000,0.000000,0.000000,False,3,3
81,2019-12-01,GTM,469,GTM,2,0.400000,0.590000,0.100000,0.330000,0.010000,0.070000,0.000000,0.000000,False,2,3
81,2022-03-01,GTM,470,GTM,3,0.750000,0.580000,0.290000,0.250000,0.040000,0.070000,0.000000,0.000000,False,3,3
82,2018-02-01,GTM,471,GTM,2,0.450000,0.510000,0.070000,0.120000,0.000000,0.040000,0.000000,0.000000,False,2,2
82,2018-12-01,GTM,472,GTM,2,0.430000,0.540000,0.160000,0.180000,0.020000,0.040000,0.000000,0.000000,False,2,2
82,2019-12-01,GTM,473,GTM,2,0.500000,0.480000,0.100000,0.210000,0.000000,0.040000,0.000000,0.000000,False,2,3
82,2020-08-01,GTM,474,GTM,3,0.650000,0.650000,0.200000,0.190000,0.000000,0.040000,0.000000,0.000000,False,3,2
82,2020-10-01,GTM,475,GTM,2,0.500000,0.550000,0.100000,0.180000,0.010000,0.040000,0.000000,0.000000,False,2,2
82,2021-05-01,GTM,476,GTM,3,0.700000,0.680000,0.250000,0.160000,0.010000,0.040000,0.000000,0.000000,False,3,2
82,2021-12-01,GTM,477,GTM,3,0.540000,0.610000,0.220000,0.220000,0.020000,0.030000,0.000000,0.000000,False,3,3
82,2022-03-01,GTM,478,GTM,2,0.550000,0.590000,0.170000,0.250000,0.020000,0.060000,0.000000,0.000000,False,2,3
83,2018-02-01,GTM,479,GTM,2,0.450000,0.510000,0.070000,0.120000,0.000000,0.040000,0.000000,0.000000,False,2,2
83,2018-12-01,GTM,480,GTM,2,0.430000,0.540000,0.160000,0.180000,0.020000,0.040000,0.000000,0.000000,False,2,2
83,2019-12-01,GTM,481,GTM,2,0.500000,0.480000,0.100000,0.210000,0.000000,0.040000,0.000000,0.000000,False,2,3
83,2020-08-01,GTM,482,GTM,3,0.650000,0.650000,0.200000,0.190000,0.000000,0.040000,0.000000,0.000000,False,3,2
83,2020-10-01,GTM,483,GTM,2,0.500000,0.550000,0.100000,0.180000,0.010000,0.040000,0.000000,0.000000,False,2,2
83,2021-05-01,GTM,484,GTM,3,0.700000,0.680000,0.250000,0.160000,0.010000,0.040000,0.000000,0.000000,False,3,2
83,2021-12-01,GTM,485,GTM,3,0.540000,0.610000,0.220000,0.220000,0.020000,0.030000,0.000000,0.000000,False,3,3
83,2022-03-01,GTM,486,GTM,2,0.550000,0.590000,0.170000,0.250000,0.020000,0.060000,0.000000,0.000000,False,2,3
84,2018-02-01,GTM,487,GTM,2,0.620000,0.620000,0.150000,0.170000,0.000000,0.040000,0.000000,0.000000,False,2,2
84,2019-12-01,GTM,488,GTM,3,0.400000,0.560000,0.230000,0.230000,0.080000,0.050000,0.000000,0.000000,False,3,3
84,2020-08-01,GTM,489,GTM,3,0.750000,0.650000,0.200000,0.190000,0.020000,0.050000,0.000000,0.000000,False,2,2
84,2020-10-01,GTM,490,GTM,3,0.750000,0.590000,0.330000,0.220000,0.030000,0.040000,0.000000,0.000000,False,3,3
84,2020-11-01,GTM,491,GTM,2,0.570000,0.590000,0.120000,0.200000,0.020000,0.040000,0.000000,0.000000,False,2,3
84,2020-12-01,GTM,492,GTM,3,0.600000,0.620000,0.250000,0.240000,0.030000,0.040000,0.000000,0.000000,False,3,3
84,2021-05-01,GTM,493,GTM,3,0.750000,0.680000,0.250000,0.200000,0.020000,0.050000,0.000000,0.000000,False,3,3
84,2021-07-01,GTM,494,GTM,2,0.600000,0.660000,0.110000,0.200000,0.010000,0.050000,0.000000,0.000000,False,2,3
84,2021-11-01,GTM,495,GTM,3,0.660000,0.630000,0.210000,0.180000,0.010000,0.050000,0.000000,0.000000,False,3,2
84,2021-12-01,GTM,496,GTM,3,0.600000,0.640000,0.240000,0.230000,0.020000,0.040000,0.000000,0.000000,False,3,3
85,2018-02-01,GTM,497,GTM,2,0.620000,0.620000,0.150000,0.170000,0.000000,0.040000,0.000000,0.000000,False,2,2
85,2019-12-01,GTM,498,GTM,3,0.400000,0.560000,0.230000,0.230000,0.080000,0.050000,0.000000,0.000000,False,3,3
85,2020-08-01,GTM,499,GTM,3,0.750000,0.650000,0.200000,0.190000,0.020000,0.050000,0.000000,0.000000,False,2,2
85,2020-10-01,GTM,500,GTM,3,0.750000,0.590000,0.330000,0.220000,0.030000,0.040000,0.000000,0.000000,False,3,3
85,2020-11-01,GTM,501,GTM,2,0.570000,0.590000,0.120000,0.200000,0.020000,0.040000,0.000000,0.000000,False,2,3
85,2020-12-01,GTM,502,GTM,3,0.600000,0.620000,0.250000,0.240000,0.030000,0.040000,0.000000,0.000000,False,3,3
85,2021-05-01,GTM,503,GTM,3,0.750000,0.680000,0.250000,0.200000,0.020000,0.050000,0.000000,0.000000,False,3,3
85,2021-07-01,GTM,504,GTM,2,0.600000,0.660000,0.110000,0.200000,0.010000,0.050000,0.000000,0.000000,False,2,3
85,2021-11-01,GTM,505,GTM,3,0.660000,0.630000,0.210000,0.180000,0.010000,0.050000,0.000000,0.000000,False,3,2
85,2021-12-01,GTM,506,GTM,3,0.600000,0.640000,0.240000,0.230000,0.020000,0.040000,0.000000,0.000000,False,3,3
86,2018-12-01,GTM,507,GTM,2,0.430000,0.570000,0.160000,0.170000,0.020000,0.030000,0.000000,0.000000,False,2,2
86,2019-10-01,GTM,508,GTM,2,0.350000,0.510000,0.060000,0.140000,0.010000,0.030000,0.000000,0.000000,False,2,2
86,2019-12-01,GTM,509,GTM,2,0.550000,0.520000,0.080000,0.220000,0.010000,0.040000,0.000000,0.000000,False,2,3
86,2020-08-01,GTM,510,GTM,3,0.550000,0.640000,0.250000,0.210000,0.050000,0.030000,0.000000,0.000000,False,3,3
86,2020-10-01,GTM,511,GTM,2,0.500000,0.550000,0.100000,0.150000,0.010000,0.030000,0.000000,0.000000,False,2,2
86,2020-12-01,GTM,512,GTM,3,0.550000,0.570000,0.220000,0.220000,0.020000,0.030000,0.000000,0.000000,False,3,3
86,2021-05-01,GTM,513,GTM,3,0.600000,0.640000,0.250000,0.190000,0.020000,0.040000,0.000000,0.000000,False,3,2
86,2021-07-01,GTM,514,GTM,3,0.660000,0.620000,0.220000,0.210000,0.020000,0.030000,0.000000,0.000000,False,3,3
86,2022-03-01,GTM,515,GTM,2,0.630000,0.550000,0.150000,0.230000,0.000000,0.050000,0.000000,0.000000,False,2,3
87,2018-12-01,GTM,516,GTM,2,0.430000,0.570000,0.160000,0.170000,0.020000,0.030000,0.000000,0.000000,False,2,2
87,2019-10-01,GTM,517,GTM,2,0.350000,0.510000,0.060000,0.140000,0.010000,0.030000,0.000000,0.000000,False,2,2
87,2019-12-01,GTM,518,GTM,2,0.550000,0.520000,0.080000,0.220000,0.010000,0.040000,0.000000,0.000000,False,2,3
87,2020-08-01,GTM,519,GTM,3,0.550000,0.640000,0.250000,0.210000,0.050000,0.030000,0.000000,0.000000,False,3,3
87,2020-10-01,GTM,520,GTM,2,0.500000,0.550000,0.100000,0.150000,0.010000,0.030000,0.000000,0.000000,False,2,2
87,2020-12-01,GTM,521,GTM,3,0.550000,0.570000,0.220000,0.220000,0.020000,0.030000,0.000000,0.000000,False,3,3
87,2021-05-01,GTM,522,GTM,3,0.600000,0.640000,0.250000,0.190000,0.020000,0.040000,0.000000,0.000000,False,3,2
87,2021-07-01,GTM,523,GTM,3,0.660000,0.620000,0.220000,0.210000,0.020000,0.030000,0.000000,0.000000,False,3,3
87,2022-03-01,GTM,524,GTM,2,0.630000,0.550000,0.150000,0.230000,0.000000,0.050000,0.000000,0.000000,False,2,3
88,2018-02-01,GTM,525,GTM,2,0.450000,0.490000,0.070000,0.120000,0.000000,0.040000,0.000000,0.000000,False,2,2
88,2019-10-01,GTM,526,GTM,3,0.750000,0.540000,0.280000,0.170000,0.010000,0.040000,0.000000,0.000000,False,3,2
88,2019-11-01,GTM,527,GTM,2,0.500000,0.570000,0.130000,0.160000,0.030000,0.040000,0.000000,0.000000,False,2,2
88,2019-12-01,GTM,528,GTM,2,0.480000,0.540000,0.180000,0.210000,0.060000,0.040000,0.000000,0.000000,False,2,3
88,2020-12-01,GTM,529,GTM,3,0.550000,0.580000,0.220000,0.220000,0.020000,0.030000,0.000000,0.000000,False,3,3
88,2021-07-01,GTM,530,GTM,2,0.600000,0.640000,0.110000,0.200000,0.010000,0.040000,0.000000,0.000000,False,2,3
89,2018-02-01,GTM,531,GTM,2,0.450000,0.490000,0.070000,0.120000,0.000000,0.040000,0.000000,0.000000,False,2,2
89,2019-10-01,GTM,532,GTM,3,0.750000,0.540000,0.280000,0.170000,0.010000,0.040000,0.000000,0.000000,False,3,2
89,2019-11-01,GTM,533,GTM,2,0.500000,0.570000,0.130000,0.160000,0.030000,0.040000,0.000000,0.000000,False,2,2
89,2019-12-01,GTM,534,GTM,2,0.480000,0.540000,0.180000,0.210000,0.060000,0.040000,0.000000,0.000000,False,2,3
89,2020-12-01,GTM,535,GTM,3,0.550000,0.580000,0.220000,0.220000,0.020000,0.030000,0.000000,0.000000,False,3,3
89,2021-07-01,GTM,536,GTM,2,0.600000,0.640000,0.110000,0.200000,0.010000,0.040000,0.000000,0.000000,False,2,3
90,2018-02-01,GTM,537,GTM,2,0.450000,0.490000,0.070000,0.110000,0.000000,0.030000,0.000000,0.000000,False,2,2
90,2018-11-01,GTM,538,GTM,1,0.190000,0.520000,0.070000,0.160000,0.000000,0.030000,0.000000,0.000000,False,1,2
90,2018-12-01,GTM,539,GTM,2,0.430000,0.550000,0.160000,0.170000,0.020000,0.030000,0.000000,0.000000,False,2,2
90,2019-10-01,GTM,540,GTM,2,0.350000,0.520000,0.060000,0.150000,0.010000,0.030000,0.000000,0.000000,False,2,2
90,2019-11-01,GTM,541,GTM,2,0.500000,0.560000,0.130000,0.150000,0.030000,0.030000,0.000000,0.000000,False,2,2
90,2019-12-01,GTM,542,GTM,2,0.500000,0.520000,0.080000,0.220000,0.000000,0.030000,0.000000,0.000000,False,2,3
90,2020-08-01,GTM,543,GTM,2,0.520000,0.600000,0.120000,0.190000,0.020000,0.040000,0.000000,0.000000,False,2,2
90,2020-10-01,GTM,544,GTM,2,0.500000,0.530000,0.100000,0.150000,0.010000,0.030000,0.000000,0.000000,False,2,2
90,2020-11-01,GTM,545,GTM,3,0.600000,0.490000,0.230000,0.180000,0.030000,0.030000,0.000000,0.000000,False,3,2
90,2020-12-01,GTM,546,GTM,3,0.550000,0.580000,0.220000,0.220000,0.020000,0.030000,0.000000,0.000000,False,3,3
90,2021-05-01,GTM,547,GTM,2,0.580000,0.630000,0.130000,0.180000,0.000000,0.040000,0.000000,0.000000,False,2,2
90,2021-07-01,GTM,548,GTM,3,0.660000,0.620000,0.220000,0.210000,0.020000,0.040000,0.000000,0.000000,False,3,3
90,2021-11-01,GTM,549,GTM,2,0.440000,0.510000,0.100000,0.150000,0.000000,0.040000,0.000000,0.000000,False,2,2
90,2021-12-01,GTM,550,GTM,3,0.540000,0.540000,0.220000,0.210000,0.020000,0.030000,0.000000,0.000000,False,3,3
90,2022-03-01,GTM,551,GTM,2,0.630000,0.510000,0.180000,0.210000,0.010000,0.070000,0.000000,0.000000,False,2,3
91,2018-02-01,GTM,552,GTM,2,0.450000,0.520000,0.070000,0.110000,0.000000,0.030000,0.000000,0.000000,False,2,2
91,2018-11-01,GTM,553,GTM,1,0.190000,0.510000,0.070000,0.160000,0.000000,0.030000,0.000000,0.000000,False,1,2
91,2018-12-01,GTM,554,GTM,2,0.430000,0.540000,0.160000,0.170000,0.020000,0.030000,0.000000,0.000000,False,2,2
91,2019-10-01,GTM,555,GTM,2,0.350000,0.530000,0.060000,0.150000,0.010000,0.030000,0.000000,0.000000,False,2,2
91,2019-11-01,GTM,556,GTM,2,0.500000,0.560000,0.130000,0.150000,0.030000,0.030000,0.000000,0.000000,False,2,2
91,2019-12-01,GTM,557,GTM,2,0.500000,0.530000,0.080000,0.220000,0.000000,0.030000,0.000000,0.000000,False,2,3
91,2020-08-01,GTM,558,GTM,2,0.670000,0.620000,0.170000,0.190000,0.020000,0.040000,0.000000,0.000000,False,2,2
91,2020-10-01,GTM,559,GTM,2,0.500000,0.560000,0.100000,0.150000,0.010000,0.030000,0.000000,0.000000,False,2,2
91,2020-11-01,GTM,560,GTM,3,0.600000,0.520000,0.230000,0.180000,0.030000,0.030000,0.000000,0.000000,False,3,2
91,2020-12-01,GTM,561,GTM,3,0.550000,0.570000,0.220000,0.220000,0.020000,0.030000,0.000000,0.000000,False,3,3
91,2021-05-01,GTM,562,GTM,2,0.580000,0.620000,0.130000,0.180000,0.000000,0.040000,0.000000,0.000000,False,2,2
91,2021-07-01,GTM,563,GTM,3,0.660000,0.630000,0.220000,0.210000,0.020000,0.040000,0.000000,0.000000,False,3,3
91,2021-11-01,GTM,564,GTM,2,0.440000,0.540000,0.100000,0.150000,0.000000,0.040000,0.000000,0.000000,False,2,2
91,2021-12-01,GTM,565,GTM,3,0.540000,0.550000,0.220000,0.210000,0.020000,0.030000,0.000000,0.000000,False,3,3
91,2022-03-01,GTM,566,GTM,2,0.630000,0.510000,0.180000,0.210000,0.010000,0.070000,0.000000,0.000000,False,2,3
92,2018-02-01,GTM,567,GTM,2,0.450000,0.520000,0.070000,0.110000,0.000000,0.030000,0.000000,0.000000,False,2,2
92,2018-11-01,GTM,568,GTM,1,0.190000,0.510000,0.070000,0.160000,0.000000,0.030000,0.000000,0.000000,False,1,2
92,2018-12-01,GTM,569,GTM,2,0.430000,0.540000,0.160000,0.170000,0.020000,0.030000,0.000000,0.000000,False,2,2
92,2019-10-01,GTM,570,GTM,2,0.350000,0.530000,0.060000,0.150000,0.010000,0.030000,0.000000,0.000000,False,2,2
92,2019-11-01,GTM,571,GTM,2,0.500000,0.560000,0.130000,0.150000,0.030000,0.030000,0.000000,0.000000,False,2,2
92,2019-12-01,GTM,572,GTM,2,0.500000,0.530000,0.080000,0.220000,0.000000,0.030000,0.000000,0.000000,False,2,3
92,2020-08-01,GTM,573,GTM,2,0.670000,0.640000,0.170000,0.190000,0.020000,0.040000,0.000000,0.000000,False,2,2
92,2020-10-01,GTM,574,GTM,2,0.500000,0.560000,0.100000,0.150000,0.010000,0.030000,0.000000,0.000000,False,2,2
92,2020-11-01,GTM,575,GTM,3,0.600000,0.520000,0.230000,0.180000,0.030000,0.030000,0.000000,0.000000,False,3,2
92,2020-12-01,GTM,576,GTM,3,0.550000,0.570000,0.220000,0.220000,0.020000,0.030000,0.000000,0.000000,False,3,3
92,2021-05-01,GTM,577,GTM,2,0.580000,0.620000,0.130000,0.180000,0.000000,0.040000,0.000000,0.000000,False,2,2
92,2021-07-01,GTM,578,GTM,3,0.660000,0.630000,0.220000,0.210000,0.020000,0.040000,0.000000,0.000000,False,3,3
92,2021-11-01,GTM,579,GTM,2,0.440000,0.540000,0.100000,0.150000,0.000000,0.040000,0.000000,0.000000,False,2,2
92,2021-12-01,GTM,580,GTM,3,0.540000,0.550000,0.220000,0.210000,0.020000,0.030000,0.000000,0.000000,False,3,3
92,2022-03-01,GTM,581,GTM,2,0.630000,0.510000,0.180000,0.210000,0.010000,0.070000,0.000000,0.000000,False,2,3
93,2018-02-01,GTM,582,GTM,2,0.450000,0.510000,0.070000,0.110000,0.000000,0.030000,0.000000,0.000000,False,2,2
93,2018-11-01,GTM,583,GTM,1,0.150000,0.530000,0.050000,0.150000,0.000000,0.030000,0.000000,0.000000,False,1,2
93,2018-12-01,GTM,584,GTM,2,0.430000,0.550000,0.160000,0.170000,0.020000,0.030000,0.000000,0.000000,False,2,2
93,2019-10-01,GTM,585,GTM,2,0.350000,0.520000,0.060000,0.150000,0.010000,0.040000,0.000000,0.000000,False,2,2
93,2019-11-01,GTM,586,GTM,2,0.500000,0.540000,0.130000,0.150000,0.030000,0.030000,0.000000,0.000000,False,2,2
93,2020-11-01,GTM,587,GTM,3,0.600000,0.510000,0.230000,0.180000,0.030000,0.030000,0.000000,0.000000,False,3,2
93,2021-05-01,GTM,588,GTM,2,0.640000,0.650000,0.140000,0.190000,0.010000,0.040000,0.000000,0.000000,False,2,2
93,2021-07-01,GTM,589,GTM,3,0.660000,0.640000,0.220000,0.210000,0.020000,0.040000,0.000000,0.000000,False,3,3
93,2021-12-01,GTM,590,GTM,3,0.540000,0.580000,0.220000,0.200000,0.020000,0.030000,0.000000,0.000000,False,3,3
93,2022-03-01,GTM,591,GTM,2,0.640000,0.600000,0.180000,0.220000,0.020000,0.060000,0.000000,0.000000,False,2,3
94,2018-02-01,GTM,592,GTM,2,0.450000,0.520000,0.070000,0.110000,0.000000,0.030000,0.000000,0.000000,False,2,2
94,2018-11-01,GTM,593,GTM,1,0.150000,0.530000,0.050000,0.150000,0.000000,0.030000,0.000000,0.000000,False,1,2
94,2018-12-01,GTM,594,GTM,2,0.430000,0.560000,0.160000,0.170000,0.020000,0.030000,0.000000,0.000000,False,2,2
94,2019-10-01,GTM,595,GTM,2,0.350000,0.520000,0.060000,0.150000,0.010000,0.040000,0.000000,0.000000,False,2,2
94,2019-11-01,GTM,596,GTM,2,0.500000,0.540000,0.130000,0.150000,0.030000,0.030000,0.000000,0.000000,False,2,2
94,2020-11-01,GTM,597,GTM,3,0.600000,0.510000,0.230000,0.180000,0.030000,0.030000,0.000000,0.000000,False,3,2
94,2021-05-01,GTM,598,GTM,2,0.640000,0.650000,0.140000,0.190000,0.010000,0.040000,0.000000,0.000000,False,2,2
94,2021-07-01,GTM,599,GTM,3,0.660000,0.640000,0.220000,0.210000,0.020000,0.040000,0.000000,0.000000,False,3,3
94,2021-12-01,GTM,600,GTM,3,0.540000,0.580000,0.220000,0.200000,0.020000,0.030000,0.000000,0.000000,False,3,3
94,2022-03-01,GTM,601,GTM,2,0.640000,0.610000,0.180000,0.220000,0.020000,0.060000,0.000000,0.000000,False,2,3
95,2018-02-01,GTM,602,GTM,2,0.450000,0.500000,0.070000,0.120000,0.000000,0.040000,0.000000,0.000000,False,2,2
95,2019-10-01,GTM,603,GTM,2,0.350000,0.480000,0.060000,0.160000,0.010000,0.040000,0.000000,0.000000,False,2,2
95,2019-12-01,GTM,604,GTM,2,0.470000,0.560000,0.070000,0.230000,0.000000,0.040000,0.000000,0.000000,False,2,3
95,2020-08-01,GTM,605,GTM,3,0.700000,0.640000,0.250000,0.210000,0.050000,0.040000,0.000000,0.000000,False,3,3
95,2020-10-01,GTM,606,GTM,2,0.500000,0.560000,0.100000,0.170000,0.010000,0.040000,0.000000,0.000000,False,2,2
95,2020-11-01,GTM,607,GTM,3,0.600000,0.570000,0.230000,0.200000,0.030000,0.040000,0.000000,0.000000,False,3,3
95,2021-05-01,GTM,608,GTM,3,0.800000,0.640000,0.200000,0.200000,0.000000,0.050000,0.000000,0.000000,False,3,3
96,2018-02-01,GTM,609,GTM,2,0.450000,0.500000,0.070000,0.120000,0.000000,0.040000,0.000000,0.000000,False,2,2
96,2019-10-01,GTM,610,GTM,2,0.350000,0.480000,0.060000,0.160000,0.010000,0.040000,0.000000,0.000000,False,2,2
96,2019-12-01,GTM,611,GTM,2,0.470000,0.560000,0.070000,0.230000,0.000000,0.040000,0.000000,0.000000,False,2,3
96,2020-08-01,GTM,612,GTM,3,0.700000,0.640000,0.250000,0.210000,0.050000,0.040000,0.000000,0.000000,False,3,3
96,2020-10-01,GTM,613,GTM,2,0.500000,0.560000,0.100000,0.170000,0.010000,0.040000,0.000000,0.000000,False,2,2
96,2020-11-01,GTM,614,GTM,3,0.600000,0.570000,0.230000,0.200000,0.030000,0.040000,0.000000,0.000000,False,3,3
96,2021-05-01,GTM,615,GTM,3,0.800000,0.640000,0.200000,0.200000,0.000000,0.050000,0.000000,0.000000,False,3,3
97,2018-11-01,GTM,616,GTM,2,0.450000,0.550000,0.180000,0.180000,0.070000,0.040000,0.000000,0.000000,False,2,2
97,2019-12-01,GTM,617,GTM,2,0.620000,0.560000,0.170000,0.230000,0.020000,0.040000,0.000000,0.000000,False,2,3
97,2020-08-01,GTM,618,GTM,3,0.750000,0.650000,0.300000,0.180000,0.020000,0.040000,0.000000,0.000000,False,3,2
97,2021-05-01,GTM,619,GTM,3,0.760000,0.660000,0.260000,0.200000,0.010000,0.050000,0.000000,0.000000,False,3,3
98,2018-11-01,GTM,620,GTM,2,0.450000,0.550000,0.180000,0.180000,0.070000,0.040000,0.000000,0.000000,False,2,2
98,2019-12-01,GTM,621,GTM,2,0.620000,0.560000,0.170000,0.230000,0.020000,0.040000,0.000000,0.000000,False,2,3
98,2020-08-01,GTM,622,GTM,3,0.750000,0.650000,0.300000,0.180000,0.020000,0.040000,0.000000,0.000000,False,3,2
98,2021-05-01,GTM,623,GTM,3,0.760000,0.660000,0.260000,0.200000,0.010000,0.050000,0.000000,0.000000,False,3,3
99,2018-02-01,GTM,624,GTM,2,0.450000,0.560000,0.070000,0.110000,0.000000,0.040000,0.000000,0.000000,False,2,2
99,2018-11-01,GTM,625,GTM,2,0.500000,0.570000,0.150000,0.180000,0.050000,0.040000,0.000000,0.000000,False,2,2
99,2019-10-01,GTM,626,GTM,2,0.350000,0.570000,0.060000,0.150000,0.010000,0.040000,0.000000,0.000000,False,2,2
99,2019-12-01,GTM,627,GTM,2,0.540000,0.560000,0.120000,0.230000,0.010000,0.040000,0.000000,0.000000,False,2,3
99,2020-08-01,GTM,628,GTM,2,0.550000,0.630000,0.170000,0.200000,0.020000,0.040000,0.000000,0.000000,False,2,3
99,2020-10-01,GTM,629,GTM,2,0.500000,0.590000,0.100000,0.160000,0.010000,0.040000,0.000000,0.000000,False,2,2
99,2020-11-01,GTM,630,GTM,3,0.600000,0.590000,0.230000,0.180000,0.030000,0.040000,0.000000,0.000000,False,3,2
99,2021-11-01,GTM,631,GTM,2,0.440000,0.590000,0.100000,0.150000,0.000000,0.040000,0.000000,0.000000,False,2,2
99,2022-03-01,GTM,632,GTM,2,0.660000,0.650000,0.160000,0.210000,0.000000,0.060000,0.000000,0.000000,False,2,3
100,2018-02-01,GTM,633,GTM,2,0.450000,0.560000,0.070000,0.110000,0.000000,0.040000,0.000000,0.000000,False,2,2
100,2018-11-01,GTM,634,GTM,2,0.500000,0.570000,0.150000,0.180000,0.050000,0.040000,0.000000,0.000000,False,2,2
100,2019-10-01,GTM,635,GTM,2,0.350000,0.570000,0.060000,0.150000,0.010000,0.040000,0.000000,0.000000,False,2,2
100,2019-12-01,GTM,636,GTM,2,0.540000,0.560000,0.120000,0.230000,0.010000,0.040000,0.000000,0.000000,False,2,3
100,2020-08-01,GTM,637,GTM,2,0.550000,0.640000,0.170000,0.200000,0.020000,0.040000,0.000000,0.000000,False,2,3
100,2020-10-01,GTM,638,GTM,2,0.500000,0.590000,0.100000,0.160000,0.010000,0.040000,0.000000,0.000000,False,2,2
100,2020-11-01,GTM,639,GTM,3,0.600000,0.590000,0.230000,0.180000,0.030000,0.040000,0.000000,0.000000,False,3,2
100,2021-11-01,GTM,640,GTM,2,0.440000,0.590000,0.100000,0.150000,0.000000,0.040000,0.000000,0.000000,False,2,2
100,2022-03-01,GTM,641,GTM,2,0.660000,0.650000,0.160000,0.210000,0.000000,0.060000,0.000000,0.000000,False,2,3
101,2019-10-01,GTM,642,GTM,2,0.350000,0.510000,0.060000,0.160000,0.010000,0.030000,0.000000,0.000000,False,2,2
101,2020-08-01,GTM,643,GTM,3,0.600000,0.620000,0.300000,0.200000,0.060000,0.040000,0.000000,0.000000,False,3,3
101,2020-10-01,GTM,644,GTM,2,0.500000,0.520000,0.100000,0.160000,0.010000,0.040000,0.000000,0.000000,False,2,2
101,2020-11-01,GTM,645,GTM,3,0.600000,0.510000,0.230000,0.200000,0.030000,0.040000,0.000000,0.000000,False,3,3
101,2021-05-01,GTM,646,GTM,3,0.600000,0.670000,0.230000,0.200000,0.030000,0.040000,0.000000,0.000000,False,3,3
101,2021-11-01,GTM,647,GTM,2,0.440000,0.520000,0.100000,0.160000,0.000000,0.040000,0.000000,0.000000,False,2,2
102,2019-10-01,GTM,648,GTM,2,0.350000,0.510000,0.060000,0.160000,0.010000,0.030000,0.000000,0.000000,False,2,2
102,2020-08-01,GTM,649,GTM,3,0.600000,0.620000,0.300000,0.200000,0.060000,0.040000,0.000000,0.000000,False,3,3
102,2020-10-01,GTM,650,GTM,2,0.500000,0.520000,0.100000,0.160000,0.010000,0.040000,0.000000,0.000000,False,2,2
102,2020-11-01,GTM,651,GTM,3,0.600000,0.510000,0.230000,0.200000,0.030000,0.040000,0.000000,0.000000,False,3,3
102,2021-05-01,GTM,652,GTM,3,0.600000,0.660000,0.230000,0.200000,0.030000,0.040000,0.000000,0.000000,False,3,3
102,2021-11-01,GTM,653,GTM,2,0.440000,0.520000,0.100000,0.160000,0.000000,0.040000,0.000000,0.000000,False,2,2
103,2020-08-01,GTM,654,GTM,3,0.720000,0.650000,0.270000,0.200000,0.020000,0.040000,0.000000,0.000000,False,3,3
104,2020-08-01,GTM,655,GTM,3,0.720000,0.650000,0.270000,0.200000,0.020000,0.040000,0.000000,0.000000,False,3,3
105,2018-02-01,GTM,656,GTM,2,0.450000,0.570000,0.070000,0.130000,0.000000,0.040000,0.000000,0.000000,False,2,2
105,2020-10-01,GTM,657,GTM,2,0.500000,0.570000,0.100000,0.170000,0.010000,0.040000,0.000000,0.000000,False,2,2
105,2020-11-01,GTM,658,GTM,3,0.600000,0.540000,0.230000,0.200000,0.030000,0.040000,0.000000,0.000000,False,3,3
105,2021-05-01,GTM,659,GTM,3,0.650000,0.660000,0.220000,0.200000,0.020000,0.040000,0.000000,0.000000,False,3,3
106,2018-02-01,GTM,660,GTM,2,0.450000,0.570000,0.070000,0.130000,0.000000,0.040000,0.000000,0.000000,False,2,2
106,2020-10-01,GTM,661,GTM,2,0.500000,0.570000,0.100000,0.170000,0.010000,0.040000,0.000000,0.000000,False,2,2
106,2020-11-01,GTM,662,GTM,3,0.600000,0.550000,0.230000,0.200000,0.030000,0.040000,0.000000,0.000000,False,3,3
106,2021-05-01,GTM,663,GTM,3,0.650000,0.660000,0.220000,0.200000,0.020000,0.040000,0.000000,0.000000,False,3,3
107,2020-08-01,GTM,664,GTM,3,0.750000,0.630000,0.320000,0.170000,0.020000,0.040000,0.000000,0.000000,False,3,2
107,2021-05-01,GTM,665,GTM,3,0.780000,0.640000,0.270000,0.190000,0.020000,0.050000,0.000000,0.000000,False,3,2
108,2020-08-01,GTM,666,GTM,3,0.750000,0.630000,0.320000,0.170000,0.020000,0.040000,0.000000,0.000000,False,3,2
108,2021-05-01,GTM,667,GTM,3,0.780000,0.640000,0.270000,0.190000,0.020000,0.050000,0.000000,0.000000,False,3,2
109,2018-11-01,GTM,668,GTM,2,0.300000,0.520000,0.100000,0.180000,0.000000,0.040000,0.000000,0.000000,False,2,2
109,2019-12-01,GTM,669,GTM,2,0.420000,0.560000,0.120000,0.230000,0.020000,0.040000,0.000000,0.000000,False,2,3
109,2020-08-01,GTM,670,GTM,3,0.550000,0.630000,0.200000,0.190000,0.020000,0.040000,0.000000,0.000000,False,2,2
109,2021-05-01,GTM,671,GTM,3,0.650000,0.620000,0.210000,0.200000,0.010000,0.040000,0.000000,0.000000,False,3,3
109,2022-03-01,GTM,672,GTM,3,0.700000,0.560000,0.250000,0.210000,0.020000,0.060000,0.000000,0.000000,False,3,3
110,2018-11-01,GTM,673,GTM,2,0.300000,0.520000,0.100000,0.180000,0.000000,0.040000,0.000000,0.000000,False,2,2
110,2019-12-01,GTM,674,GTM,2,0.420000,0.560000,0.120000,0.230000,0.020000,0.040000,0.000000,0.000000,False,2,3
110,2020-08-01,GTM,675,GTM,3,0.550000,0.630000,0.200000,0.190000,0.020000,0.040000,0.000000,0.000000,False,2,2
110,2021-05-01,GTM,676,GTM,3,0.650000,0.620000,0.210000,0.200000,0.010000,0.040000,0.000000,0.000000,False,3,3
110,2022-03-01,GTM,677,GTM,3,0.700000,0.560000,0.250000,0.210000,0.020000,0.060000,0.000000,0.000000,False,3,3
111,2018-11-01,GTM,678,GTM,2,0.550000,0.570000,0.150000,0.180000,0.050000,0.030000,0.000000,0.000000,False,2,2
111,2020-08-01,GTM,679,GTM,2,0.560000,0.630000,0.180000,0.210000,0.030000,0.040000,0.000000,0.000000,False,2,3
111,2021-05-01,GTM,680,GTM,2,0.520000,0.670000,0.140000,0.210000,0.000000,0.040000,0.000000,0.000000,False,2,3
111,2022-03-01,GTM,681,GTM,2,0.600000,0.610000,0.150000,0.220000,0.010000,0.050000,0.000000,0.000000,False,2,3
112,2018-11-01,GTM,682,GTM,2,0.550000,0.570000,0.150000,0.180000,0.050000,0.030000,0.000000,0.000000,False,2,2
112,2020-08-01,GTM,683,GTM,2,0.560000,0.630000,0.180000,0.200000,0.030000,0.040000,0.000000,0.000000,False,2,3
112,2021-05-01,GTM,684,GTM,2,0.520000,0.650000,0.140000,0.190000,0.000000,0.040000,0.000000,0.000000,False,2,2
112,2022-03-01,GTM,685,GTM,2,0.600000,0.590000,0.150000,0.230000,0.010000,0.050000,0.000000,0.000000,False,2,3
113,2019-12-01,GTM,686,GTM,2,0.500000,0.530000,0.130000,0.230000,0.020000,0.040000,0.000000,0.000000,False,2,3
113,2020-08-01,GTM,687,GTM,3,0.600000,0.640000,0.300000,0.200000,0.050000,0.040000,0.000000,0.000000,False,3,3
113,2021-05-01,GTM,688,GTM,3,0.600000,0.630000,0.220000,0.210000,0.020000,0.040000,0.000000,0.000000,False,3,3
113,2022-03-01,GTM,689,GTM,3,0.600000,0.560000,0.230000,0.220000,0.030000,0.080000,0.000000,0.000000,False,3,3
114,2019-12-01,GTM,690,GTM,2,0.500000,0.530000,0.130000,0.230000,0.020000,0.040000,0.000000,0.000000,False,2,3
114,2020-08-01,GTM,691,GTM,3,0.600000,0.630000,0.300000,0.200000,0.050000,0.040000,0.000000,0.000000,False,3,3
114,2021-05-01,GTM,692,GTM,3,0.600000,0.630000,0.220000,0.210000,0.020000,0.040000,0.000000,0.000000,False,3,3
114,2022-03-01,GTM,693,GTM,3,0.600000,0.560000,0.230000,0.220000,0.030000,0.080000,0.000000,0.000000,False,3,3
34,2019-11-01,HND,39,HND,2,0.530000,0.580000,0.170000,0.240000,0.020000,0.030000,0.000000,0.000000,False,2,3
34,2020-12-01,HND,40,HND,3,0.640000,0.590000,0.250000,0.240000,0.060000,0.030000,0.000000,0.000000,False,3,3
34,2021-12-01,HND,41,HND,3,0.580000,0.550000,0.230000,0.250000,0.030000,0.030000,0.000000,0.000000,False,3,3
35,2018-12-01,HND,42,HND,2,0.550000,0.540000,0.250000,0.210000,0.050000,0.030000,0.000000,0.000000,False,3,3
35,2019-11-01,HND,43,HND,2,0.530000,0.590000,0.170000,0.220000,0.020000,0.030000,0.000000,0.000000,False,2,3
35,2020-12-01,HND,44,HND,3,0.720000,0.550000,0.300000,0.220000,0.050000,0.030000,0.000000,0.000000,False,3,3
35,2021-12-01,HND,45,HND,3,0.700000,0.520000,0.230000,0.210000,0.030000,0.030000,0.000000,0.000000,False,3,3
36,2018-12-01,HND,46,HND,2,0.550000,0.450000,0.250000,0.180000,0.050000,0.030000,0.000000,0.000000,False,3,2
36,2019-11-01,HND,47,HND,3,0.550000,0.570000,0.220000,0.190000,0.050000,0.030000,0.000000,0.000000,False,3,2
36,2020-11-01,HND,48,HND,2,0.400000,0.560000,0.100000,0.200000,0.000000,0.020000,0.000000,0.000000,False,2,3
36,2020-12-01,HND,49,HND,3,0.630000,0.550000,0.300000,0.200000,0.050000,0.020000,0.000000,0.000000,False,3,3
36,2021-07-01,HND,50,HND,2,0.680000,0.580000,0.180000,0.230000,0.020000,0.020000,0.000000,0.000000,False,2,3
36,2021-12-01,HND,51,HND,3,0.610000,0.570000,0.270000,0.200000,0.030000,0.020000,0.000000,0.000000,False,3,3
37,2018-12-01,HND,52,HND,2,0.550000,0.440000,0.250000,0.180000,0.050000,0.030000,0.000000,0.000000,False,3,2
37,2019-11-01,HND,53,HND,3,0.550000,0.560000,0.220000,0.190000,0.050000,0.030000,0.000000,0.000000,False,3,2
37,2020-11-01,HND,54,HND,2,0.400000,0.560000,0.100000,0.200000,0.000000,0.020000,0.000000,0.000000,False,2,3
37,2020-12-01,HND,55,HND,3,0.630000,0.540000,0.300000,0.200000,0.050000,0.020000,0.000000,0.000000,False,3,3
37,2021-07-01,HND,56,HND,2,0.680000,0.580000,0.180000,0.230000,0.020000,0.020000,0.000000,0.000000,False,2,3
37,2021-12-01,HND,57,HND,3,0.610000,0.550000,0.270000,0.210000,0.030000,0.020000,0.000000,0.000000,False,3,3
38,2018-11-01,HND,58,HND,2,0.550000,0.570000,0.150000,0.210000,0.020000,0.040000,0.000000,0.000000,False,2,3
38,2018-12-01,HND,59,HND,2,0.450000,0.550000,0.150000,0.210000,0.030000,0.030000,0.000000,0.000000,False,2,3
38,2019-11-01,HND,60,HND,2,0.470000,0.580000,0.100000,0.220000,0.020000,0.030000,0.000000,0.000000,False,2,3
38,2019-12-01,HND,61,HND,2,0.450000,0.560000,0.150000,0.210000,0.050000,0.030000,0.000000,0.000000,False,2,3
38,2020-08-01,HND,62,HND,2,0.700000,0.610000,0.100000,0.220000,0.010000,0.020000,0.000000,0.000000,False,2,3
38,2020-12-01,HND,63,HND,3,0.630000,0.610000,0.290000,0.210000,0.040000,0.020000,0.000000,0.000000,False,3,3
38,2021-05-01,HND,64,HND,3,0.700000,0.660000,0.200000,0.210000,0.000000,0.030000,0.000000,0.000000,False,3,3
38,2021-12-01,HND,65,HND,3,0.590000,0.550000,0.230000,0.210000,0.030000,0.020000,0.000000,0.000000,False,3,3
38,2022-03-01,HND,66,HND,3,0.700000,0.660000,0.290000,0.240000,0.040000,0.030000,0.000000,0.000000,False,3,3
39,2018-02-01,HND,67,HND,2,0.590000,0.480000,0.000000,0.120000,0.000000,0.020000,0.000000,0.000000,False,2,2
39,2018-11-01,HND,68,HND,2,0.350000,0.430000,0.150000,0.150000,0.000000,0.030000,0.000000,0.000000,False,2,2
39,2018-12-01,HND,69,HND,2,0.630000,0.440000,0.180000,0.150000,0.030000,0.030000,0.000000,0.000000,False,2,2
39,2019-11-01,HND,70,HND,3,0.630000,0.550000,0.220000,0.200000,0.050000,0.030000,0.000000,0.000000,False,3,3
39,2020-11-01,HND,71,HND,2,0.400000,0.520000,0.100000,0.210000,0.000000,0.020000,0.000000,0.000000,False,2,3
39,2020-12-01,HND,72,HND,3,0.700000,0.520000,0.280000,0.190000,0.030000,0.020000,0.000000,0.000000,False,3,2
39,2021-07-01,HND,73,HND,2,0.680000,0.510000,0.180000,0.250000,0.020000,0.020000,0.000000,0.000000,False,2,3
39,2021-12-01,HND,74,HND,3,0.610000,0.530000,0.210000,0.200000,0.010000,0.020000,0.000000,0.000000,False,3,3
40,2018-02-01,HND,75,HND,2,0.590000,0.480000,0.000000,0.120000,0.000000,0.020000,0.000000,0.000000,False,2,2
40,2018-11-01,HND,76,HND,2,0.350000,0.430000,0.150000,0.150000,0.000000,0.030000,0.000000,0.000000,False,2,2
40,2018-12-01,HND,77,HND,2,0.630000,0.440000,0.180000,0.150000,0.030000,0.030000,0.000000,0.000000,False,2,2
40,2019-11-01,HND,78,HND,3,0.630000,0.550000,0.220000,0.200000,0.050000,0.030000,0.000000,0.000000,False,3,3
40,2020-11-01,HND,79,HND,2,0.400000,0.520000,0.100000,0.210000,0.000000,0.020000,0.000000,0.000000,False,2,3
40,2020-12-01,HND,80,HND,3,0.700000,0.520000,0.280000,0.190000,0.030000,0.020000,0.000000,0.000000,False,3,2
40,2021-07-01,HND,81,HND,2,0.680000,0.510000,0.180000,0.250000,0.020000,0.020000,0.000000,0.000000,False,2,3
40,2021-12-01,HND,82,HND,3,0.610000,0.530000,0.210000,0.200000,0.010000,0.020000,0.000000,0.000000,False,3,3
41,2018-11-01,HND,83,HND,2,0.550000,0.610000,0.150000,0.210000,0.020000,0.040000,0.000000,0.000000,False,2,3
41,2018-12-01,HND,84,HND,2,0.630000,0.520000,0.180000,0.200000,0.030000,0.030000,0.000000,0.000000,False,2,3
41,2019-11-01,HND,85,HND,2,0.470000,0.580000,0.100000,0.230000,0.020000,0.030000,0.000000,0.000000,False,2,3
41,2019-12-01,HND,86,HND,2,0.450000,0.530000,0.150000,0.220000,0.050000,0.030000,0.000000,0.000000,False,2,3
41,2020-11-01,HND,87,HND,2,0.350000,0.590000,0.050000,0.210000,0.000000,0.020000,0.000000,0.000000,False,2,3
41,2020-12-01,HND,88,HND,3,0.700000,0.600000,0.350000,0.220000,0.050000,0.020000,0.000000,0.000000,False,3,3
41,2021-05-01,HND,89,HND,3,0.700000,0.660000,0.200000,0.220000,0.000000,0.030000,0.000000,0.000000,False,3,3
41,2021-07-01,HND,90,HND,3,0.700000,0.580000,0.200000,0.210000,0.030000,0.020000,0.000000,0.000000,False,3,3
41,2021-12-01,HND,91,HND,3,0.700000,0.560000,0.280000,0.220000,0.030000,0.020000,0.000000,0.000000,False,3,3
41,2022-03-01,HND,92,HND,3,0.700000,0.660000,0.290000,0.270000,0.040000,0.030000,0.000000,0.000000,False,3,3
42,2018-02-01,HND,93,HND,2,0.590000,0.490000,0.000000,0.140000,0.000000,0.020000,0.000000,0.000000,False,2,2
42,2018-11-01,HND,94,HND,2,0.350000,0.460000,0.150000,0.150000,0.000000,0.030000,0.000000,0.000000,False,2,2
42,2019-10-01,HND,95,HND,2,0.310000,0.520000,0.110000,0.160000,0.010000,0.020000,0.000000,0.000000,False,2,2
42,2019-11-01,HND,96,HND,2,0.650000,0.560000,0.150000,0.200000,0.020000,0.030000,0.000000,0.000000,False,2,3
42,2019-12-01,HND,97,HND,2,0.450000,0.510000,0.150000,0.190000,0.050000,0.030000,0.000000,0.000000,False,2,2
42,2020-08-01,HND,98,HND,2,0.700000,0.590000,0.100000,0.200000,0.010000,0.020000,0.000000,0.000000,False,2,3
42,2020-10-01,HND,99,HND,2,0.400000,0.520000,0.150000,0.160000,0.020000,0.020000,0.000000,0.000000,False,2,2
42,2020-11-01,HND,100,HND,2,0.350000,0.550000,0.050000,0.190000,0.000000,0.020000,0.000000,0.000000,False,2,2
42,2020-12-01,HND,101,HND,3,0.750000,0.580000,0.300000,0.190000,0.030000,0.020000,0.000000,0.000000,False,3,2
42,2021-05-01,HND,102,HND,3,0.700000,0.610000,0.200000,0.200000,0.000000,0.030000,0.000000,0.000000,False,3,3
42,2021-07-01,HND,103,HND,3,0.700000,0.600000,0.200000,0.210000,0.030000,0.020000,0.000000,0.000000,False,3,3
42,2021-12-01,HND,104,HND,3,0.620000,0.570000,0.220000,0.200000,0.020000,0.020000,0.000000,0.000000,False,3,3
42,2022-03-01,HND,105,HND,3,0.700000,0.600000,0.290000,0.230000,0.040000,0.030000,0.000000,0.000000,False,3,3
43,2018-02-01,HND,106,HND,2,0.590000,0.460000,0.000000,0.130000,0.000000,0.030000,0.000000,0.000000,False,2,2
43,2018-12-01,HND,107,HND,2,0.490000,0.470000,0.190000,0.190000,0.040000,0.030000,0.000000,0.000000,False,2,2
43,2020-08-01,HND,108,HND,3,0.630000,0.520000,0.290000,0.200000,0.030000,0.020000,0.000000,0.000000,False,3,3
43,2020-10-01,HND,109,HND,2,0.200000,0.290000,0.050000,0.140000,0.000000,0.020000,0.000000,0.000000,False,2,2
43,2020-11-01,HND,110,HND,2,0.350000,0.540000,0.050000,0.190000,0.000000,0.020000,0.000000,0.000000,False,2,2
43,2020-12-01,HND,111,HND,3,0.720000,0.600000,0.300000,0.210000,0.030000,0.020000,0.000000,0.000000,False,3,3
43,2021-05-01,HND,112,HND,3,0.650000,0.610000,0.310000,0.210000,0.030000,0.030000,0.000000,0.000000,False,3,3
43,2021-11-01,HND,113,HND,2,0.230000,0.350000,0.060000,0.150000,0.000000,0.030000,0.000000,0.000000,False,2,2
44,2018-02-01,HND,114,HND,2,0.590000,0.470000,0.000000,0.130000,0.000000,0.030000,0.000000,0.000000,False,2,2
44,2018-12-01,HND,115,HND,2,0.490000,0.470000,0.190000,0.190000,0.040000,0.030000,0.000000,0.000000,False,2,2
44,2020-08-01,HND,116,HND,3,0.630000,0.530000,0.290000,0.200000,0.030000,0.020000,0.000000,0.000000,False,3,3
44,2020-10-01,HND,117,HND,2,0.200000,0.290000,0.050000,0.140000,0.000000,0.020000,0.000000,0.000000,False,2,2
44,2020-11-01,HND,118,HND,2,0.350000,0.540000,0.050000,0.190000,0.000000,0.020000,0.000000,0.000000,False,2,2
44,2020-12-01,HND,119,HND,3,0.720000,0.600000,0.300000,0.210000,0.030000,0.020000,0.000000,0.000000,False,3,3
44,2021-05-01,HND,120,HND,3,0.650000,0.610000,0.310000,0.210000,0.030000,0.030000,0.000000,0.000000,False,3,3
44,2021-11-01,HND,121,HND,2,0.230000,0.360000,0.060000,0.150000,0.000000,0.030000,0.000000,0.000000,False,2,2
46,2019-11-01,HND,132,HND,3,0.660000,0.620000,0.260000,0.230000,0.060000,0.030000,0.000000,0.000000,False,3,3
46,2019-12-01,HND,133,HND,3,0.600000,0.520000,0.260000,0.200000,0.060000,0.030000,0.000000,0.000000,False,3,3
46,2020-10-01,HND,134,HND,2,0.400000,0.460000,0.150000,0.170000,0.020000,0.030000,0.000000,0.000000,False,2,2
46,2020-12-01,HND,135,HND,3,0.750000,0.610000,0.300000,0.200000,0.040000,0.030000,0.000000,0.000000,False,3,3
46,2021-11-01,HND,136,HND,2,0.390000,0.430000,0.090000,0.200000,0.010000,0.030000,0.000000,0.000000,False,2,3
48,2018-02-01,HND,151,HND,2,0.450000,0.480000,0.000000,0.160000,0.000000,0.030000,0.000000,0.000000,False,2,2
48,2018-11-01,HND,152,HND,2,0.550000,0.580000,0.150000,0.200000,0.020000,0.030000,0.000000,0.000000,False,2,3
48,2018-12-01,HND,153,HND,2,0.450000,0.450000,0.150000,0.210000,0.030000,0.030000,0.000000,0.000000,False,2,3
48,2019-10-01,HND,154,HND,2,0.310000,0.540000,0.110000,0.180000,0.010000,0.030000,0.000000,0.000000,False,2,2
48,2019-11-01,HND,155,HND,2,0.410000,0.540000,0.170000,0.220000,0.020000,0.030000,0.000000,0.000000,False,2,3
48,2020-10-01,HND,156,HND,2,0.400000,0.490000,0.150000,0.180000,0.020000,0.030000,0.000000,0.000000,False,2,2
48,2021-05-01,HND,157,HND,3,0.700000,0.630000,0.200000,0.220000,0.000000,0.030000,0.000000,0.000000,False,3,3
48,2021-07-01,HND,158,HND,2,0.600000,0.570000,0.100000,0.230000,0.000000,0.030000,0.000000,0.000000,False,2,3
48,2021-11-01,HND,159,HND,2,0.390000,0.500000,0.090000,0.200000,0.010000,0.030000,0.000000,0.000000,False,2,3
48,2021-12-01,HND,160,HND,3,0.630000,0.560000,0.240000,0.220000,0.030000,0.030000,0.000000,0.000000,False,3,3
48,2022-03-01,HND,161,HND,3,0.700000,0.650000,0.290000,0.240000,0.040000,0.040000,0.000000,0.000000,False,3,3
49,2018-02-01,HND,162,HND,2,0.450000,0.500000,0.000000,0.170000,0.000000,0.030000,0.000000,0.000000,False,2,2
49,2018-11-01,HND,163,HND,2,0.550000,0.590000,0.150000,0.210000,0.020000,0.040000,0.000000,0.000000,False,2,3
49,2018-12-01,HND,164,HND,2,0.450000,0.470000,0.150000,0.210000,0.030000,0.030000,0.000000,0.000000,False,2,3
49,2019-10-01,HND,165,HND,2,0.310000,0.550000,0.110000,0.190000,0.010000,0.030000,0.000000,0.000000,False,2,2
49,2019-11-01,HND,166,HND,2,0.410000,0.530000,0.170000,0.230000,0.020000,0.030000,0.000000,0.000000,False,2,3
49,2020-10-01,HND,167,HND,2,0.400000,0.500000,0.150000,0.190000,0.020000,0.030000,0.000000,0.000000,False,2,2
49,2021-05-01,HND,168,HND,3,0.700000,0.640000,0.200000,0.220000,0.000000,0.030000,0.000000,0.000000,False,3,3
49,2021-07-01,HND,169,HND,2,0.600000,0.570000,0.100000,0.230000,0.000000,0.030000,0.000000,0.000000,False,2,3
49,2021-11-01,HND,170,HND,2,0.390000,0.500000,0.090000,0.210000,0.010000,0.030000,0.000000,0.000000,False,2,3
49,2021-12-01,HND,171,HND,3,0.630000,0.550000,0.240000,0.220000,0.030000,0.030000,0.000000,0.000000,False,3,3
49,2022-03-01,HND,172,HND,3,0.700000,0.650000,0.290000,0.250000,0.040000,0.040000,0.000000,0.000000,False,3,3
51,2018-02-01,HND,187,HND,2,0.590000,0.510000,0.000000,0.140000,0.000000,0.030000,0.000000,0.000000,False,2,2
51,2018-11-01,HND,188,HND,2,0.350000,0.500000,0.150000,0.140000,0.000000,0.040000,0.000000,0.000000,False,2,2
51,2019-10-01,HND,189,HND,2,0.310000,0.440000,0.110000,0.150000,0.010000,0.020000,0.000000,0.000000,False,2,2
51,2021-05-01,HND,190,HND,3,0.650000,0.590000,0.310000,0.200000,0.030000,0.020000,0.000000,0.000000,False,3,3
51,2021-11-01,HND,191,HND,2,0.390000,0.470000,0.090000,0.200000,0.010000,0.020000,0.000000,0.000000,False,2,3
51,2021-12-01,HND,192,HND,3,0.740000,0.550000,0.320000,0.200000,0.040000,0.020000,0.000000,0.000000,False,3,3
51,2022-03-01,HND,193,HND,3,0.650000,0.640000,0.250000,0.210000,0.030000,0.040000,0.000000,0.000000,False,3,3
52,2018-02-01,HND,194,HND,2,0.590000,0.520000,0.000000,0.140000,0.000000,0.030000,0.000000,0.000000,False,2,2
52,2018-11-01,HND,195,HND,2,0.350000,0.500000,0.150000,0.140000,0.000000,0.040000,0.000000,0.000000,False,2,2
52,2019-10-01,HND,196,HND,2,0.310000,0.450000,0.110000,0.150000,0.010000,0.020000,0.000000,0.000000,False,2,2
52,2021-05-01,HND,197,HND,3,0.650000,0.610000,0.310000,0.200000,0.030000,0.020000,0.000000,0.000000,False,3,3
52,2021-11-01,HND,198,HND,2,0.390000,0.480000,0.090000,0.200000,0.010000,0.020000,0.000000,0.000000,False,2,3
52,2021-12-01,HND,199,HND,3,0.740000,0.560000,0.320000,0.200000,0.040000,0.020000,0.000000,0.000000,False,3,3
52,2022-03-01,HND,200,HND,3,0.650000,0.640000,0.250000,0.210000,0.030000,0.040000,0.000000,0.000000,False,3,3
55,2018-02-01,HND,213,HND,2,0.450000,0.500000,0.000000,0.170000,0.000000,0.030000,0.000000,0.000000,False,2,2
55,2018-11-01,HND,214,HND,2,0.200000,0.510000,0.100000,0.170000,0.020000,0.030000,0.000000,0.000000,False,1,2
55,2018-12-01,HND,215,HND,2,0.400000,0.460000,0.150000,0.210000,0.050000,0.030000,0.000000,0.000000,False,2,3
55,2019-10-01,HND,216,HND,2,0.310000,0.520000,0.110000,0.170000,0.010000,0.030000,0.000000,0.000000,False,2,2
55,2019-11-01,HND,217,HND,3,0.500000,0.540000,0.220000,0.220000,0.040000,0.030000,0.000000,0.000000,False,3,3
55,2019-12-01,HND,218,HND,3,0.600000,0.490000,0.260000,0.200000,0.060000,0.030000,0.000000,0.000000,False,3,3
55,2020-10-01,HND,219,HND,2,0.400000,0.490000,0.150000,0.180000,0.020000,0.030000,0.000000,0.000000,False,2,2
55,2020-11-01,HND,220,HND,2,0.400000,0.590000,0.050000,0.210000,0.000000,0.030000,0.000000,0.000000,False,2,3
55,2020-12-01,HND,221,HND,3,0.600000,0.570000,0.250000,0.220000,0.030000,0.030000,0.000000,0.000000,False,3,3
55,2021-05-01,HND,222,HND,3,0.650000,0.640000,0.310000,0.220000,0.030000,0.030000,0.000000,0.000000,False,3,3
55,2021-07-01,HND,223,HND,2,0.600000,0.560000,0.100000,0.220000,0.000000,0.030000,0.000000,0.000000,False,2,3
55,2021-11-01,HND,224,HND,2,0.390000,0.490000,0.090000,0.200000,0.010000,0.030000,0.000000,0.000000,False,2,3
55,2021-12-01,HND,225,HND,3,0.600000,0.560000,0.240000,0.220000,0.020000,0.030000,0.000000,0.000000,False,3,3
55,2022-03-01,HND,226,HND,3,0.650000,0.640000,0.250000,0.240000,0.030000,0.040000,0.000000,0.000000,False,3,3
56,2018-02-01,HND,227,HND,2,0.450000,0.480000,0.000000,0.170000,0.000000,0.030000,0.000000,0.000000,False,2,2
56,2018-11-01,HND,228,HND,2,0.200000,0.510000,0.100000,0.170000,0.020000,0.030000,0.000000,0.000000,False,1,2
56,2018-12-01,HND,229,HND,2,0.400000,0.460000,0.150000,0.210000,0.050000,0.030000,0.000000,0.000000,False,2,3
56,2019-10-01,HND,230,HND,2,0.310000,0.520000,0.110000,0.170000,0.010000,0.030000,0.000000,0.000000,False,2,2
56,2019-11-01,HND,231,HND,3,0.500000,0.530000,0.220000,0.220000,0.040000,0.030000,0.000000,0.000000,False,3,3
56,2019-12-01,HND,232,HND,3,0.600000,0.480000,0.260000,0.200000,0.060000,0.030000,0.000000,0.000000,False,3,3
56,2020-10-01,HND,233,HND,2,0.400000,0.490000,0.150000,0.180000,0.020000,0.030000,0.000000,0.000000,False,2,2
56,2020-11-01,HND,234,HND,2,0.400000,0.590000,0.050000,0.210000,0.000000,0.030000,0.000000,0.000000,False,2,3
56,2020-12-01,HND,235,HND,3,0.600000,0.570000,0.250000,0.220000,0.030000,0.030000,0.000000,0.000000,False,3,3
56,2021-05-01,HND,236,HND,3,0.650000,0.640000,0.310000,0.220000,0.030000,0.030000,0.000000,0.000000,False,3,3
56,2021-07-01,HND,237,HND,2,0.600000,0.560000,0.100000,0.210000,0.000000,0.030000,0.000000,0.000000,False,2,3
56,2021-11-01,HND,238,HND,2,0.390000,0.500000,0.090000,0.200000,0.010000,0.030000,0.000000,0.000000,False,2,3
56,2021-12-01,HND,239,HND,3,0.600000,0.570000,0.240000,0.220000,0.020000,0.030000,0.000000,0.000000,False,3,3
56,2022-03-01,HND,240,HND,3,0.650000,0.630000,0.250000,0.240000,0.030000,0.040000,0.000000,0.000000,False,3,3
61,2018-11-01,HND,290,HND,2,0.200000,0.500000,0.100000,0.140000,0.020000,0.030000,0.000000,0.000000,False,1,2
61,2019-10-01,HND,291,HND,2,0.310000,0.450000,0.110000,0.160000,0.010000,0.020000,0.000000,0.000000,False,2,2
61,2020-08-01,HND,292,HND,3,0.630000,0.550000,0.290000,0.220000,0.030000,0.020000,0.000000,0.000000,False,3,3
61,2020-12-01,HND,293,HND,3,0.550000,0.540000,0.220000,0.220000,0.020000,0.020000,0.000000,0.000000,False,3,3
61,2021-11-01,HND,294,HND,2,0.390000,0.450000,0.090000,0.190000,0.010000,0.020000,0.000000,0.000000,False,2,2
62,2018-11-01,HND,295,HND,2,0.200000,0.500000,0.100000,0.140000,0.020000,0.030000,0.000000,0.000000,False,1,2
62,2019-10-01,HND,296,HND,2,0.310000,0.450000,0.110000,0.160000,0.010000,0.020000,0.000000,0.000000,False,2,2
62,2020-08-01,HND,297,HND,3,0.630000,0.550000,0.290000,0.220000,0.030000,0.020000,0.000000,0.000000,False,3,3
62,2020-12-01,HND,298,HND,3,0.550000,0.540000,0.220000,0.220000,0.020000,0.020000,0.000000,0.000000,False,3,3
62,2021-11-01,HND,299,HND,2,0.390000,0.470000,0.090000,0.190000,0.010000,0.020000,0.000000,0.000000,False,2,2
64,2018-11-01,HND,305,HND,2,0.200000,0.490000,0.100000,0.150000,0.020000,0.040000,0.000000,0.000000,False,1,2
64,2020-08-01,HND,306,HND,3,0.630000,0.540000,0.290000,0.220000,0.030000,0.020000,0.000000,0.000000,False,3,3
64,2020-12-01,HND,307,HND,3,0.550000,0.520000,0.220000,0.220000,0.020000,0.030000,0.000000,0.000000,False,3,3
64,2021-11-01,HND,308,HND,2,0.390000,0.450000,0.090000,0.210000,0.010000,0.030000,0.000000,0.000000,False,2,3
10,2020-08-01,HTI,4,HTI,3,0.750000,0.600000,0.400000,0.230000,0.100000,0.050000,0.000000,0.000000,False,3,3
10,2021-09-01,HTI,5,HTI,4,0.750000,0.560000,0.500000,0.240000,0.200000,0.050000,0.000000,0.000000,False,4,3
10,2022-09-01,HTI,6,HTI,4,0.850000,0.660000,0.600000,0.250000,0.250000,0.050000,0.000000,0.000000,False,4,3
10,2022-10-01,HTI,7,HTI,3,0.650000,0.530000,0.220000,0.250000,0.010000,0.050000,0.000000,0.000000,False,3,3
11,2019-10-01,HTI,8,HTI,3,0.700000,0.540000,0.350000,0.230000,0.100000,0.050000,0.000000,0.000000,False,3,3
11,2020-08-01,HTI,9,HTI,3,0.750000,0.610000,0.400000,0.240000,0.100000,0.050000,0.000000,0.000000,False,3,3
11,2021-09-01,HTI,10,HTI,4,0.750000,0.550000,0.500000,0.250000,0.200000,0.050000,0.000000,0.000000,False,4,3
11,2022-09-01,HTI,11,HTI,4,0.850000,0.660000,0.600000,0.230000,0.250000,0.060000,0.000000,0.000000,False,4,3
11,2022-10-01,HTI,12,HTI,3,0.650000,0.520000,0.220000,0.240000,0.010000,0.050000,0.000000,0.000000,False,3,3
12,2019-10-01,HTI,13,HTI,3,0.700000,0.540000,0.350000,0.230000,0.100000,0.050000,0.000000,0.000000,False,3,3
12,2020-08-01,HTI,14,HTI,3,0.750000,0.610000,0.400000,0.240000,0.100000,0.050000,0.000000,0.000000,False,3,3
12,2021-09-01,HTI,15,HTI,4,0.750000,0.550000,0.500000,0.250000,0.200000,0.050000,0.000000,0.000000,False,4,3
12,2022-09-01,HTI,16,HTI,4,0.850000,0.660000,0.600000,0.230000,0.250000,0.060000,0.000000,0.000000,False,4,3
12,2022-10-01,HTI,17,HTI,3,0.650000,0.520000,0.220000,0.240000,0.010000,0.050000,0.000000,0.000000,False,3,3
13,2019-10-01,HTI,18,HTI,3,0.700000,0.490000,0.350000,0.230000,0.100000,0.060000,0.000000,0.000000,False,3,3
13,2022-09-01,HTI,19,HTI,3,0.750000,0.660000,0.500000,0.290000,0.150000,0.060000,0.000000,0.000000,False,3,3
16,2020-08-01,HTI,20,HTI,3,0.800000,0.620000,0.500000,0.220000,0.100000,0.050000,0.000000,0.000000,False,3,3
16,2021-09-01,HTI,21,HTI,3,0.750000,0.550000,0.450000,0.220000,0.150000,0.050000,0.000000,0.000000,False,3,3
16,2022-10-01,HTI,22,HTI,2,0.600000,0.530000,0.150000,0.220000,0.000000,0.050000,0.000000,0.000000,False,2,3
17,2021-09-01,HTI,23,HTI,3,0.750000,0.550000,0.500000,0.250000,0.150000,0.050000,0.000000,0.000000,False,3,3
18,2021-09-01,HTI,24,HTI,3,0.750000,0.550000,0.500000,0.250000,0.150000,0.050000,0.000000,0.000000,False,3,3
19,2019-10-01,HTI,25,HTI,3,0.700000,0.490000,0.350000,0.220000,0.100000,0.050000,0.000000,0.000000,False,3,3
19,2020-08-01,HTI,26,HTI,3,0.750000,0.600000,0.400000,0.230000,0.100000,0.050000,0.000000,0.000000,False,3,3
19,2022-10-01,HTI,27,HTI,3,0.650000,0.540000,0.220000,0.250000,0.010000,0.050000,0.000000,0.000000,False,3,3
20,2019-10-01,HTI,28,HTI,3,0.700000,0.490000,0.350000,0.220000,0.100000,0.050000,0.000000,0.000000,False,3,3
20,2020-08-01,HTI,29,HTI,3,0.750000,0.600000,0.400000,0.230000,0.100000,0.050000,0.000000,0.000000,False,3,3
20,2022-10-01,HTI,30,HTI,3,0.650000,0.540000,0.220000,0.250000,0.010000,0.050000,0.000000,0.000000,False,3,3
21,2022-09-01,HTI,31,HTI,3,0.750000,0.640000,0.450000,0.250000,0.150000,0.070000,0.000000,0.000000,False,3,3
21,2022-10-01,HTI,32,HTI,3,0.650000,0.540000,0.220000,0.280000,0.010000,0.060000,0.000000,0.000000,False,3,3
22,2022-09-01,HTI,33,HTI,3,0.750000,0.640000,0.450000,0.250000,0.150000,0.070000,0.000000,0.000000,False,3,3
22,2022-10-01,HTI,34,HTI,3,0.650000,0.530000,0.220000,0.260000,0.010000,0.060000,0.000000,0.000000,False,3,3
28,2019-10-01,HTI,35,HTI,3,0.600000,0.490000,0.250000,0.220000,0.050000,0.050000,0.000000,0.000000,False,3,3
29,2019-10-01,HTI,36,HTI,3,0.600000,0.490000,0.250000,0.220000,0.050000,0.050000,0.000000,0.000000,False,3,3
32,2021-09-01,HTI,37,HTI,3,0.650000,0.470000,0.450000,0.160000,0.150000,0.060000,0.000000,0.000000,False,3,2
33,2021-09-01,HTI,38,HTI,3,0.650000,0.470000,0.450000,0.170000,0.150000,0.060000,0.000000,0.000000,False,3,2
957,2021-11-01,KEN,2726,KEN,2,0.300000,0.500000,0.050000,0.190000,0.000000,0.030000,0.000000,0.000000,False,2,2
957,2022-07-01,KEN,2727,KEN,2,0.250000,0.520000,0.050000,0.240000,0.000000,0.040000,0.000000,0.000000,False,2,3
994,2018-10-01,KEN,2763,KEN,2,0.490000,0.630000,0.100000,0.200000,0.000000,0.040000,0.000000,0.000000,False,2,3
994,2020-06-01,KEN,2764,KEN,2,0.500000,0.530000,0.150000,0.220000,0.000000,0.030000,0.000000,0.000000,False,2,3
994,2022-02-01,KEN,2765,KEN,2,0.200000,0.400000,0.050000,0.270000,0.000000,0.050000,0.000000,0.000000,False,2,3
994,2022-06-01,KEN,2766,KEN,2,0.500000,0.590000,0.150000,0.300000,0.000000,0.050000,0.000000,0.000000,False,2,3
995,2018-10-01,KEN,2767,KEN,2,0.490000,0.620000,0.100000,0.210000,0.000000,0.040000,0.000000,0.000000,False,2,3
995,2020-06-01,KEN,2768,KEN,2,0.500000,0.530000,0.150000,0.220000,0.000000,0.030000,0.000000,0.000000,False,2,3
995,2022-02-01,KEN,2769,KEN,2,0.200000,0.400000,0.050000,0.250000,0.000000,0.050000,0.000000,0.000000,False,2,3
995,2022-06-01,KEN,2770,KEN,2,0.500000,0.610000,0.150000,0.280000,0.000000,0.050000,0.000000,0.000000,False,2,3
1003,2017-11-01,KEN,2778,KEN,2,0.450000,0.620000,0.100000,0.210000,0.000000,0.060000,0.000000,0.000000,False,2,3
1003,2018-10-01,KEN,2779,KEN,2,0.700000,0.650000,0.120000,0.320000,0.000000,0.040000,0.000000,0.000000,False,2,3
1003,2019-07-01,KEN,2780,KEN,3,0.800000,0.590000,0.350000,0.270000,0.100000,0.030000,0.000000,0.000000,False,3,3
1003,2022-02-01,KEN,2781,KEN,3,0.750000,0.650000,0.400000,0.310000,0.100000,0.070000,0.000000,0.000000,False,3,3
1003,2022-03-01,KEN,2782,KEN,3,0.800000,0.730000,0.500000,0.430000,0.150000,0.080000,0.000000,0.000000,False,3,3
1003,2022-07-01,KEN,2783,KEN,3,0.900000,0.620000,0.500000,0.340000,0.150000,0.070000,0.000000,0.000000,False,3,3
1005,2017-11-01,KEN,2785,KEN,2,0.450000,0.610000,0.100000,0.230000,0.000000,0.060000,0.000000,0.000000,False,2,3
1005,2019-07-01,KEN,2786,KEN,3,0.800000,0.600000,0.350000,0.270000,0.100000,0.030000,0.000000,0.000000,False,3,3
1005,2022-02-01,KEN,2787,KEN,3,0.750000,0.660000,0.400000,0.320000,0.100000,0.090000,0.000000,0.000000,False,3,3
1005,2022-03-01,KEN,2788,KEN,3,0.800000,0.750000,0.500000,0.430000,0.150000,0.100000,0.000000,0.000000,False,3,3
1005,2022-07-01,KEN,2789,KEN,3,0.900000,0.620000,0.500000,0.330000,0.150000,0.090000,0.000000,0.000000,False,3,3
1011,2017-01-01,KEN,2793,KEN,2,0.250000,0.220000,0.000000,0.140000,0.000000,0.050000,0.000000,0.000000,False,2,2
1011,2018-10-01,KEN,2794,KEN,2,0.490000,0.590000,0.100000,0.200000,0.000000,0.040000,0.000000,0.000000,False,2,3
1011,2021-07-01,KEN,2795,KEN,3,0.500000,0.480000,0.200000,0.250000,0.050000,0.030000,0.000000,0.000000,False,3,3
1011,2022-02-01,KEN,2796,KEN,3,0.700000,0.470000,0.350000,0.210000,0.050000,0.050000,0.000000,0.000000,False,3,3
1011,2022-03-01,KEN,2797,KEN,3,0.600000,0.550000,0.300000,0.230000,0.050000,0.050000,0.000000,0.000000,False,3,3
1011,2022-06-01,KEN,2798,KEN,2,0.500000,0.610000,0.150000,0.240000,0.000000,0.050000,0.000000,0.000000,False,2,3
1011,2022-07-01,KEN,2799,KEN,3,0.700000,0.570000,0.400000,0.230000,0.050000,0.050000,0.000000,0.000000,False,3,3
1014,2020-08-01,KEN,2802,KEN,1,0.150000,0.550000,0.000000,0.210000,0.000000,0.030000,0.000000,0.000000,False,1,3
1014,2021-07-01,KEN,2803,KEN,1,0.150000,0.500000,0.050000,0.260000,0.000000,0.030000,0.000000,0.000000,False,1,3
1015,2020-08-01,KEN,2804,KEN,1,0.150000,0.550000,0.000000,0.210000,0.000000,0.030000,0.000000,0.000000,False,1,3
1015,2021-07-01,KEN,2805,KEN,1,0.150000,0.500000,0.050000,0.260000,0.000000,0.030000,0.000000,0.000000,False,1,3
1032,2018-10-01,KEN,2813,KEN,2,0.490000,0.600000,0.100000,0.160000,0.000000,0.040000,0.000000,0.000000,False,2,2
1032,2020-02-01,KEN,2814,KEN,2,0.300000,0.520000,0.050000,0.190000,0.000000,0.030000,0.000000,0.000000,False,2,2
1032,2022-02-01,KEN,2815,KEN,3,0.700000,0.400000,0.350000,0.150000,0.050000,0.050000,0.000000,0.000000,False,3,2
1032,2022-03-01,KEN,2816,KEN,3,0.600000,0.560000,0.300000,0.230000,0.050000,0.050000,0.000000,0.000000,False,3,3
1032,2022-06-01,KEN,2817,KEN,2,0.500000,0.550000,0.150000,0.240000,0.000000,0.050000,0.000000,0.000000,False,2,3
1033,2018-10-01,KEN,2818,KEN,2,0.490000,0.570000,0.100000,0.160000,0.000000,0.040000,0.000000,0.000000,False,2,2
1033,2020-02-01,KEN,2819,KEN,2,0.300000,0.470000,0.050000,0.210000,0.000000,0.030000,0.000000,0.000000,False,2,3
1033,2022-02-01,KEN,2820,KEN,3,0.700000,0.440000,0.350000,0.180000,0.050000,0.050000,0.000000,0.000000,False,3,2
1033,2022-03-01,KEN,2821,KEN,3,0.600000,0.550000,0.300000,0.240000,0.050000,0.050000,0.000000,0.000000,False,3,3
1033,2022-06-01,KEN,2822,KEN,2,0.500000,0.550000,0.150000,0.240000,0.000000,0.050000,0.000000,0.000000,False,2,3
1046,2020-02-01,KEN,2829,KEN,2,0.400000,0.530000,0.050000,0.240000,0.000000,0.030000,0.000000,0.000000,False,2,3
1046,2021-07-01,KEN,2830,KEN,2,0.500000,0.580000,0.050000,0.240000,0.000000,0.030000,0.000000,0.000000,False,2,3
1046,2022-02-01,KEN,2831,KEN,2,0.600000,0.460000,0.100000,0.160000,0.000000,0.040000,0.000000,0.000000,False,2,2
1046,2022-07-01,KEN,2832,KEN,3,0.700000,0.540000,0.250000,0.190000,0.050000,0.050000,0.000000,0.000000,False,3,2
1047,2020-02-01,KEN,2833,KEN,2,0.400000,0.530000,0.050000,0.240000,0.000000,0.030000,0.000000,0.000000,False,2,3
1047,2021-07-01,KEN,2834,KEN,2,0.500000,0.580000,0.050000,0.240000,0.000000,0.030000,0.000000,0.000000,False,2,3
1047,2022-02-01,KEN,2835,KEN,2,0.600000,0.450000,0.100000,0.170000,0.000000,0.040000,0.000000,0.000000,False,2,2
1047,2022-07-01,KEN,2836,KEN,3,0.700000,0.540000,0.250000,0.190000,0.050000,0.050000,0.000000,0.000000,False,3,2
1048,2022-07-01,KEN,2837,KEN,2,0.600000,0.520000,0.150000,0.250000,0.000000,0.050000,0.000000,0.000000,False,2,3
1048,2022-10-01,KEN,2838,KEN,3,0.600000,0.520000,0.250000,0.220000,0.050000,0.040000,0.000000,0.000000,False,3,3
1049,2022-10-01,KEN,2839,KEN,3,0.600000,0.510000,0.250000,0.180000,0.050000,0.060000,0.000000,0.000000,False,3,2
1050,2022-10-01,KEN,2840,KEN,3,0.600000,0.490000,0.250000,0.180000,0.050000,0.060000,0.000000,0.000000,False,3,2
1059,2021-07-01,KEN,2847,KEN,2,0.550000,0.600000,0.150000,0.280000,0.050000,0.030000,0.000000,0.000000,False,2,3
1059,2022-02-01,KEN,2848,KEN,3,0.750000,0.520000,0.350000,0.270000,0.100000,0.070000,0.000000,0.000000,False,3,3
1059,2022-07-01,KEN,2849,KEN,3,0.850000,0.540000,0.450000,0.260000,0.150000,0.070000,0.000000,0.000000,False,3,3
1060,2021-07-01,KEN,2850,KEN,2,0.550000,0.590000,0.150000,0.280000,0.050000,0.030000,0.000000,0.000000,False,2,3
1060,2022-02-01,KEN,2851,KEN,3,0.750000,0.510000,0.350000,0.270000,0.100000,0.040000,0.000000,0.000000,False,3,3
1060,2022-07-01,KEN,2852,KEN,3,0.850000,0.530000,0.450000,0.270000,0.150000,0.050000,0.000000,0.000000,False,3,3
1061,2019-11-01,KEN,2853,KEN,3,0.750000,0.530000,0.300000,0.200000,0.050000,0.030000,0.000000,0.000000,False,3,3
1061,2020-02-01,KEN,2854,KEN,1,0.150000,0.610000,0.000000,0.250000,0.000000,0.030000,0.000000,0.000000,False,1,3
1061,2020-08-01,KEN,2855,KEN,3,0.700000,0.550000,0.350000,0.220000,0.050000,0.030000,0.000000,0.000000,False,3,3
1061,2021-07-01,KEN,2856,KEN,2,0.300000,0.530000,0.100000,0.250000,0.000000,0.030000,0.000000,0.000000,False,2,3
1061,2022-07-01,KEN,2857,KEN,2,0.500000,0.460000,0.150000,0.220000,0.050000,0.050000,0.000000,0.000000,False,2,3
1068,2019-07-01,KEN,2862,KEN,3,0.850000,0.640000,0.350000,0.270000,0.050000,0.030000,0.000000,0.000000,False,3,3
1068,2021-05-01,KEN,2863,KEN,3,0.750000,0.580000,0.450000,0.250000,0.150000,0.030000,0.000000,0.000000,False,3,3
1068,2021-07-01,KEN,2864,KEN,3,0.700000,0.580000,0.350000,0.230000,0.100000,0.030000,0.000000,0.000000,False,3,3
1068,2022-02-01,KEN,2865,KEN,3,0.900000,0.560000,0.500000,0.350000,0.150000,0.060000,0.000000,0.000000,False,3,3
1068,2022-07-01,KEN,2866,KEN,3,0.900000,0.540000,0.450000,0.260000,0.100000,0.060000,0.000000,0.000000,False,3,3
1071,2019-07-01,KEN,2867,KEN,3,0.850000,0.630000,0.350000,0.290000,0.050000,0.030000,0.000000,0.000000,False,3,3
1071,2021-05-01,KEN,2868,KEN,3,0.750000,0.580000,0.450000,0.240000,0.150000,0.030000,0.000000,0.000000,False,3,3
1071,2021-07-01,KEN,2869,KEN,3,0.700000,0.550000,0.350000,0.240000,0.100000,0.030000,0.000000,0.000000,False,3,3
1071,2022-02-01,KEN,2870,KEN,3,0.900000,0.570000,0.500000,0.340000,0.150000,0.080000,0.000000,0.000000,False,3,3
1071,2022-07-01,KEN,2871,KEN,3,0.900000,0.530000,0.450000,0.280000,0.100000,0.080000,0.000000,0.000000,False,3,3
1078,2019-11-01,KEN,2873,KEN,3,0.750000,0.580000,0.300000,0.170000,0.050000,0.030000,0.000000,0.000000,False,3,2
1079,2019-11-01,KEN,2874,KEN,3,0.750000,0.540000,0.300000,0.160000,0.050000,0.030000,0.000000,0.000000,False,3,2
1097,2022-02-01,KEN,2878,KEN,3,0.450000,0.550000,0.200000,0.230000,0.050000,0.080000,0.000000,0.000000,False,3,3
1099,2022-02-01,KEN,2879,KEN,3,0.450000,0.560000,0.200000,0.230000,0.050000,0.080000,0.000000,0.000000,False,3,3
1102,2019-07-01,KEN,2880,KEN,3,0.800000,0.490000,0.350000,0.260000,0.050000,0.030000,0.000000,0.000000,False,3,3
1102,2021-07-01,KEN,2881,KEN,3,0.750000,0.600000,0.400000,0.290000,0.100000,0.030000,0.000000,0.000000,False,3,3
1102,2022-02-01,KEN,2882,KEN,3,0.750000,0.580000,0.300000,0.330000,0.050000,0.050000,0.000000,0.000000,False,3,3
1102,2022-07-01,KEN,2883,KEN,3,0.800000,0.530000,0.500000,0.320000,0.150000,0.050000,0.000000,0.000000,False,3,3
1103,2019-07-01,KEN,2884,KEN,3,0.800000,0.480000,0.350000,0.260000,0.050000,0.030000,0.000000,0.000000,False,3,3
1103,2021-07-01,KEN,2885,KEN,3,0.750000,0.600000,0.400000,0.290000,0.100000,0.030000,0.000000,0.000000,False,3,3
1103,2022-02-01,KEN,2886,KEN,3,0.750000,0.580000,0.300000,0.330000,0.050000,0.050000,0.000000,0.000000,False,3,3
1103,2022-07-01,KEN,2887,KEN,3,0.800000,0.530000,0.500000,0.320000,0.150000,0.050000,0.000000,0.000000,False,3,3
1157,2018-01-01,KEN,2936,KEN,1,0.090000,0.380000,0.000000,0.180000,0.000000,0.030000,0.000000,0.000000,False,1,2
1157,2020-01-01,KEN,2937,KEN,2,0.510000,0.510000,0.050000,0.250000,0.010000,0.030000,0.000000,0.000000,False,2,3
1157,2020-02-01,KEN,2938,KEN,2,0.650000,0.460000,0.150000,0.290000,0.050000,0.030000,0.000000,0.000000,False,2,3
1157,2020-07-01,KEN,2939,KEN,2,0.250000,0.600000,0.070000,0.250000,0.010000,0.040000,0.000000,0.000000,False,2,3
1157,2021-01-01,KEN,2940,KEN,2,0.370000,0.610000,0.150000,0.240000,0.040000,0.030000,0.000000,0.000000,False,2,3
1157,2021-02-01,KEN,2941,KEN,2,0.650000,0.500000,0.100000,0.250000,0.050000,0.030000,0.000000,0.000000,False,2,3
1157,2021-07-01,KEN,2942,KEN,3,0.800000,0.450000,0.250000,0.240000,0.050000,0.030000,0.000000,0.000000,False,3,3
1157,2022-02-01,KEN,2943,KEN,3,0.850000,0.620000,0.350000,0.340000,0.050000,0.050000,0.000000,0.000000,False,3,3
1157,2022-07-01,KEN,2944,KEN,3,0.900000,0.550000,0.450000,0.310000,0.100000,0.060000,0.000000,0.000000,False,3,3
1157,2022-10-01,KEN,2945,KEN,2,0.250000,0.580000,0.100000,0.220000,0.000000,0.050000,0.000000,0.000000,False,2,3
1158,2018-01-01,KEN,2946,KEN,1,0.090000,0.370000,0.000000,0.210000,0.000000,0.030000,0.000000,0.000000,False,1,3
1158,2020-01-01,KEN,2947,KEN,2,0.510000,0.510000,0.050000,0.250000,0.010000,0.030000,0.000000,0.000000,False,2,3
1158,2020-02-01,KEN,2948,KEN,2,0.650000,0.470000,0.150000,0.290000,0.050000,0.030000,0.000000,0.000000,False,2,3
1158,2020-07-01,KEN,2949,KEN,2,0.250000,0.610000,0.070000,0.250000,0.010000,0.040000,0.000000,0.000000,False,2,3
1158,2021-01-01,KEN,2950,KEN,2,0.370000,0.610000,0.150000,0.240000,0.040000,0.030000,0.000000,0.000000,False,2,3
1158,2021-02-01,KEN,2951,KEN,2,0.650000,0.470000,0.100000,0.250000,0.050000,0.030000,0.000000,0.000000,False,2,3
1158,2021-07-01,KEN,2952,KEN,3,0.800000,0.450000,0.250000,0.240000,0.050000,0.030000,0.000000,0.000000,False,3,3
1158,2022-02-01,KEN,2953,KEN,3,0.850000,0.620000,0.350000,0.340000,0.050000,0.050000,0.000000,0.000000,False,3,3
1158,2022-07-01,KEN,2954,KEN,3,0.900000,0.570000,0.450000,0.310000,0.100000,0.060000,0.000000,0.000000,False,3,3
1158,2022-10-01,KEN,2955,KEN,2,0.250000,0.580000,0.100000,0.220000,0.000000,0.050000,0.000000,0.000000,False,2,3
1160,2017-07-01,KEN,2956,KEN,2,0.310000,0.420000,0.150000,0.220000,0.000000,0.050000,0.000000,0.000000,False,2,3
1160,2018-01-01,KEN,2957,KEN,2,0.210000,0.400000,0.090000,0.150000,0.000000,0.020000,0.000000,0.000000,False,2,2
1160,2019-01-01,KEN,2958,KEN,1,0.150000,0.420000,0.010000,0.210000,0.000000,0.030000,0.000000,0.000000,False,1,3
1160,2019-07-01,KEN,2959,KEN,3,0.750000,0.520000,0.350000,0.210000,0.050000,0.030000,0.000000,0.000000,False,3,3
1160,2020-01-01,KEN,2960,KEN,2,0.210000,0.570000,0.040000,0.210000,0.000000,0.030000,0.000000,0.000000,False,2,3
1160,2020-02-01,KEN,2961,KEN,2,0.450000,0.500000,0.100000,0.220000,0.000000,0.030000,0.000000,0.000000,False,2,3
1160,2020-07-01,KEN,2962,KEN,1,0.190000,0.580000,0.070000,0.220000,0.000000,0.030000,0.000000,0.000000,False,1,3
1160,2020-08-01,KEN,2963,KEN,2,0.500000,0.480000,0.100000,0.220000,0.000000,0.030000,0.000000,0.000000,False,2,3
1160,2021-01-01,KEN,2964,KEN,2,0.270000,0.610000,0.100000,0.210000,0.000000,0.030000,0.000000,0.000000,False,2,3
1160,2021-02-01,KEN,2965,KEN,2,0.600000,0.480000,0.150000,0.230000,0.050000,0.030000,0.000000,0.000000,False,2,3
1160,2021-07-01,KEN,2966,KEN,3,0.650000,0.490000,0.200000,0.230000,0.050000,0.030000,0.000000,0.000000,False,3,3
1160,2022-01-01,KEN,2967,KEN,3,0.470000,0.570000,0.230000,0.280000,0.040000,0.050000,0.000000,0.000000,False,3,3
1160,2022-02-01,KEN,2968,KEN,3,0.550000,0.560000,0.250000,0.270000,0.050000,0.070000,0.000000,0.000000,False,3,3
1160,2022-05-01,KEN,2969,KEN,3,0.670000,0.530000,0.410000,0.280000,0.130000,0.050000,0.000000,0.000000,False,3,3
1160,2022-07-01,KEN,2970,KEN,3,0.700000,0.490000,0.450000,0.230000,0.150000,0.050000,0.000000,0.000000,False,3,3
1160,2022-10-01,KEN,2971,KEN,1,0.150000,0.490000,0.050000,0.170000,0.000000,0.070000,0.000000,0.000000,False,1,2
1161,2017-07-01,KEN,2972,KEN,2,0.310000,0.420000,0.150000,0.220000,0.000000,0.050000,0.000000,0.000000,False,2,3
1161,2018-01-01,KEN,2973,KEN,2,0.210000,0.380000,0.090000,0.150000,0.000000,0.020000,0.000000,0.000000,False,2,2
1161,2019-01-01,KEN,2974,KEN,1,0.150000,0.410000,0.010000,0.210000,0.000000,0.030000,0.000000,0.000000,False,1,3
1161,2019-07-01,KEN,2975,KEN,3,0.750000,0.500000,0.350000,0.220000,0.050000,0.030000,0.000000,0.000000,False,3,3
1161,2020-01-01,KEN,2976,KEN,2,0.210000,0.550000,0.040000,0.210000,0.000000,0.030000,0.000000,0.000000,False,2,3
1161,2020-02-01,KEN,2977,KEN,2,0.450000,0.520000,0.100000,0.230000,0.000000,0.030000,0.000000,0.000000,False,2,3
1161,2020-07-01,KEN,2978,KEN,1,0.190000,0.570000,0.070000,0.220000,0.000000,0.030000,0.000000,0.000000,False,1,3
1161,2020-08-01,KEN,2979,KEN,2,0.500000,0.490000,0.100000,0.220000,0.000000,0.030000,0.000000,0.000000,False,2,3
1161,2021-01-01,KEN,2980,KEN,2,0.270000,0.610000,0.100000,0.210000,0.000000,0.030000,0.000000,0.000000,False,2,3
1161,2021-02-01,KEN,2981,KEN,2,0.600000,0.480000,0.150000,0.230000,0.050000,0.030000,0.000000,0.000000,False,2,3
1161,2021-07-01,KEN,2982,KEN,3,0.650000,0.500000,0.200000,0.240000,0.050000,0.030000,0.000000,0.000000,False,3,3
1161,2022-01-01,KEN,2983,KEN,3,0.470000,0.590000,0.230000,0.280000,0.040000,0.050000,0.000000,0.000000,False,3,3
1161,2022-02-01,KEN,2984,KEN,3,0.550000,0.580000,0.250000,0.270000,0.050000,0.070000,0.000000,0.000000,False,3,3
1161,2022-05-01,KEN,2985,KEN,3,0.670000,0.520000,0.410000,0.280000,0.130000,0.050000,0.000000,0.000000,False,3,3
1161,2022-07-01,KEN,2986,KEN,3,0.700000,0.490000,0.450000,0.230000,0.150000,0.050000,0.000000,0.000000,False,3,3
1161,2022-10-01,KEN,2987,KEN,1,0.150000,0.480000,0.050000,0.170000,0.000000,0.070000,0.000000,0.000000,False,1,2
1173,2017-07-01,KEN,2988,KEN,3,0.350000,0.610000,0.230000,0.340000,0.010000,0.070000,0.000000,0.000000,False,3,3
1173,2018-01-01,KEN,2989,KEN,1,0.120000,0.550000,0.000000,0.250000,0.000000,0.030000,0.000000,0.000000,False,1,3
1173,2020-01-01,KEN,2990,KEN,2,0.530000,0.550000,0.120000,0.300000,0.030000,0.030000,0.000000,0.000000,False,2,3
1173,2020-02-01,KEN,2991,KEN,2,0.500000,0.530000,0.150000,0.290000,0.050000,0.030000,0.000000,0.000000,False,2,3
1173,2020-10-01,KEN,2992,KEN,3,0.600000,0.600000,0.200000,0.220000,0.050000,0.030000,0.000000,0.000000,False,3,3
1173,2021-01-01,KEN,2993,KEN,2,0.430000,0.590000,0.150000,0.220000,0.020000,0.030000,0.000000,0.000000,False,2,3
1173,2021-02-01,KEN,2994,KEN,3,0.600000,0.600000,0.200000,0.240000,0.050000,0.030000,0.000000,0.000000,False,3,3
1173,2021-05-01,KEN,2995,KEN,3,0.800000,0.590000,0.450000,0.270000,0.150000,0.030000,0.000000,0.000000,False,3,3
1173,2021-07-01,KEN,2996,KEN,3,0.600000,0.540000,0.200000,0.240000,0.050000,0.040000,0.000000,0.000000,False,3,3
1173,2022-01-01,KEN,2997,KEN,2,0.400000,0.530000,0.130000,0.290000,0.000000,0.070000,0.000000,0.000000,False,2,3
1173,2022-02-01,KEN,2998,KEN,3,0.700000,0.620000,0.350000,0.300000,0.100000,0.070000,0.000000,0.000000,False,3,3
1173,2022-07-01,KEN,2999,KEN,3,0.750000,0.500000,0.450000,0.340000,0.150000,0.070000,0.000000,0.000000,False,3,3
1173,2022-10-01,KEN,3000,KEN,2,0.250000,0.550000,0.100000,0.260000,0.000000,0.070000,0.000000,0.000000,False,2,3
997,2022-09-01,LBN,2774,LBN,3,0.850000,0.650000,0.450000,0.270000,0.100000,0.070000,0.000000,0.000000,False,3,3
1001,2022-09-01,LBN,2777,LBN,3,0.850000,0.650000,0.400000,0.320000,0.050000,0.080000,0.000000,0.000000,False,3,3
1008,2022-09-01,LBN,2791,LBN,3,0.750000,0.630000,0.300000,0.290000,0.050000,0.070000,0.000000,0.000000,False,3,3
1016,2022-09-01,LBN,2806,LBN,3,0.850000,0.630000,0.400000,0.280000,0.050000,0.080000,0.000000,0.000000,False,3,3
1017,2022-09-01,LBN,2807,LBN,3,0.800000,0.610000,0.350000,0.260000,0.050000,0.080000,0.000000,0.000000,False,3,3
1020,2022-09-01,LBN,2808,LBN,3,0.850000,0.600000,0.450000,0.260000,0.100000,0.080000,0.000000,0.000000,False,3,3
1023,2022-09-01,LBN,2809,LBN,2,0.700000,0.650000,0.150000,0.300000,0.000000,0.080000,0.000000,0.000000,False,2,3
1038,2022-09-01,LBN,2824,LBN,3,0.900000,0.640000,0.550000,0.290000,0.100000,0.080000,0.000000,0.000000,False,3,3
1039,2022-09-01,LBN,2825,LBN,3,0.900000,0.660000,0.500000,0.300000,0.100000,0.080000,0.000000,0.000000,False,3,3
504,2020-09-01,LSO,1148,LSO,3,0.450000,0.600000,0.200000,0.260000,0.050000,0.050000,0.000000,0.000000,False,3,3
529,2020-07-01,LSO,1184,LSO,3,0.700000,0.560000,0.350000,0.280000,0.050000,0.050000,0.000000,0.000000,False,3,3
529,2020-09-01,LSO,1185,LSO,3,0.450000,0.580000,0.200000,0.270000,0.050000,0.050000,0.000000,0.000000,False,3,3
1345,2021-11-01,MDG,3489,MDG,3,0.650000,0.640000,0.200000,0.230000,0.000000,0.060000,0.000000,0.000000,False,3,3
1346,2021-11-01,MDG,3490,MDG,3,0.650000,0.640000,0.200000,0.230000,0.000000,0.060000,0.000000,0.000000,False,3,3
1448,2019-07-01,MDG,3737,MDG,3,0.550000,0.600000,0.250000,0.190000,0.000000,0.030000,0.000000,0.000000,False,3,2
1448,2022-11-01,MDG,3738,MDG,3,0.800000,0.600000,0.550000,0.240000,0.100000,0.040000,0.000000,0.000000,False,3,3
1449,2019-07-01,MDG,3739,MDG,3,0.550000,0.600000,0.250000,0.190000,0.000000,0.030000,0.000000,0.000000,False,3,2
1449,2022-11-01,MDG,3740,MDG,3,0.800000,0.600000,0.550000,0.240000,0.100000,0.040000,0.000000,0.000000,False,3,3
1450,2017-08-01,MDG,3741,MDG,3,0.850000,0.430000,0.550000,0.200000,0.100000,0.050000,0.000000,0.000000,False,3,3
1450,2018-03-01,MDG,3742,MDG,3,0.850000,0.490000,0.500000,0.170000,0.100000,0.030000,0.000000,0.000000,False,3,2
1451,2017-08-01,MDG,3743,MDG,3,0.850000,0.430000,0.550000,0.200000,0.100000,0.050000,0.000000,0.000000,False,3,3
1451,2018-03-01,MDG,3744,MDG,3,0.850000,0.500000,0.500000,0.170000,0.100000,0.030000,0.000000,0.000000,False,3,2
1544,2019-07-01,MDG,3999,MDG,2,0.550000,0.620000,0.150000,0.190000,0.000000,0.030000,0.000000,0.000000,False,2,2
1544,2021-11-01,MDG,4000,MDG,3,0.900000,0.610000,0.600000,0.210000,0.150000,0.070000,0.000000,0.000000,False,3,3
1545,2019-07-01,MDG,4001,MDG,2,0.550000,0.620000,0.150000,0.200000,0.000000,0.030000,0.000000,0.000000,False,2,3
1545,2021-11-01,MDG,4002,MDG,3,0.900000,0.610000,0.600000,0.220000,0.150000,0.070000,0.000000,0.000000,False,3,3
1547,2019-07-01,MDG,4003,MDG,2,0.550000,0.610000,0.150000,0.200000,0.000000,0.030000,0.000000,0.000000,False,2,3
1547,2021-11-01,MDG,4004,MDG,3,0.900000,0.600000,0.600000,0.240000,0.150000,0.070000,0.000000,0.000000,False,3,3
1580,2021-11-01,MDG,4182,MDG,4,0.900000,0.580000,0.700000,0.220000,0.250000,0.060000,0.000000,0.000000,False,4,3
1580,2022-04-01,MDG,4183,MDG,3,0.850000,0.610000,0.450000,0.200000,0.050000,0.040000,0.000000,0.000000,False,3,3
1580,2022-11-01,MDG,4184,MDG,3,0.900000,0.590000,0.500000,0.270000,0.050000,0.050000,0.000000,0.000000,False,3,3
1581,2021-11-01,MDG,4185,MDG,4,0.900000,0.610000,0.700000,0.210000,0.250000,0.060000,0.000000,0.000000,False,4,3
1581,2022-04-01,MDG,4186,MDG,3,0.850000,0.620000,0.450000,0.210000,0.050000,0.040000,0.000000,0.000000,False,3,3
1581,2022-11-01,MDG,4187,MDG,3,0.900000,0.600000,0.500000,0.250000,0.050000,0.050000,0.000000,0.000000,False,3,3
1582,2021-11-01,MDG,4188,MDG,4,0.900000,0.610000,0.700000,0.210000,0.250000,0.060000,0.000000,0.000000,False,4,3
1582,2022-04-01,MDG,4189,MDG,3,0.850000,0.620000,0.450000,0.210000,0.050000,0.040000,0.000000,0.000000,False,3,3
1582,2022-11-01,MDG,4190,MDG,3,0.900000,0.600000,0.500000,0.250000,0.050000,0.050000,0.000000,0.000000,False,3,3
1590,2018-08-01,MDG,4212,MDG,3,0.700000,0.500000,0.360000,0.150000,0.130000,0.030000,0.000000,0.000000,False,3,2
1590,2019-06-01,MDG,4213,MDG,2,0.650000,0.620000,0.180000,0.250000,0.030000,0.030000,0.000000,0.000000,False,2,3
1590,2019-07-01,MDG,4214,MDG,2,0.550000,0.600000,0.150000,0.210000,0.000000,0.030000,0.000000,0.000000,False,2,3
1590,2022-04-01,MDG,4215,MDG,2,0.700000,0.620000,0.150000,0.190000,0.000000,0.050000,0.000000,0.000000,False,2,2
1591,2018-08-01,MDG,4216,MDG,3,0.700000,0.500000,0.360000,0.150000,0.130000,0.030000,0.000000,0.000000,False,3,2
1591,2019-06-01,MDG,4217,MDG,2,0.650000,0.620000,0.180000,0.250000,0.030000,0.030000,0.000000,0.000000,False,2,3
1591,2019-07-01,MDG,4218,MDG,2,0.550000,0.600000,0.150000,0.210000,0.000000,0.030000,0.000000,0.000000,False,2,3
1591,2022-04-01,MDG,4219,MDG,2,0.700000,0.620000,0.150000,0.190000,0.000000,0.050000,0.000000,0.000000,False,2,2
1612,2020-10-01,MDG,4295,MDG,4,0.850000,0.540000,0.650000,0.230000,0.200000,0.050000,0.000000,0.000000,False,4,3
1612,2021-04-01,MDG,4296,MDG,4,0.950000,0.560000,0.750000,0.280000,0.300000,0.050000,0.050000,0.000000,False,4,3
1612,2021-11-01,MDG,4297,MDG,4,0.950000,0.590000,0.750000,0.200000,0.250000,0.060000,0.000000,0.000000,False,4,3
1613,2020-10-01,MDG,4298,MDG,4,0.850000,0.560000,0.650000,0.220000,0.200000,0.050000,0.000000,0.000000,False,4,3
1613,2021-04-01,MDG,4299,MDG,4,0.950000,0.560000,0.750000,0.290000,0.300000,0.050000,0.050000,0.000000,False,4,3
1613,2021-11-01,MDG,4300,MDG,4,0.950000,0.610000,0.750000,0.200000,0.250000,0.060000,0.000000,0.000000,False,4,3
1614,2020-10-01,MDG,4301,MDG,4,0.850000,0.560000,0.650000,0.220000,0.200000,0.050000,0.000000,0.000000,False,4,3
1614,2021-04-01,MDG,4302,MDG,4,0.950000,0.560000,0.750000,0.290000,0.300000,0.050000,0.050000,0.000000,False,4,3
1614,2021-11-01,MDG,4303,MDG,4,0.950000,0.610000,0.750000,0.200000,0.250000,0.060000,0.000000,0.000000,False,4,3
1630,2019-06-01,MDG,4359,MDG,2,0.500000,0.590000,0.150000,0.170000,0.000000,0.030000,0.000000,0.000000,False,2,2
1631,2019-06-01,MDG,4360,MDG,2,0.500000,0.590000,0.150000,0.170000,0.000000,0.030000,0.000000,0.000000,False,2,2
1654,2017-03-01,MDG,4411,MDG,3,0.680000,0.460000,0.390000,0.190000,0.100000,0.030000,0.000000,0.000000,False,3,2
1654,2017-08-01,MDG,4412,MDG,3,0.840000,0.410000,0.600000,0.210000,0.100000,0.040000,0.000000,0.000000,False,3,3
1654,2019-07-01,MDG,4413,MDG,2,0.450000,0.600000,0.150000,0.190000,0.000000,0.030000,0.000000,0.000000,False,2,2
1655,2017-03-01,MDG,4414,MDG,3,0.680000,0.470000,0.390000,0.190000,0.100000,0.030000,0.000000,0.000000,False,3,2
1655,2017-08-01,MDG,4415,MDG,3,0.840000,0.410000,0.600000,0.210000,0.100000,0.040000,0.000000,0.000000,False,3,3
1655,2019-07-01,MDG,4416,MDG,2,0.450000,0.600000,0.150000,0.190000,0.000000,0.030000,0.000000,0.000000,False,2,2
1659,2022-08-01,MDG,4418,MDG,3,0.750000,0.610000,0.350000,0.180000,0.050000,0.040000,0.000000,0.000000,False,3,2
1660,2022-08-01,MDG,4419,MDG,3,0.750000,0.610000,0.350000,0.180000,0.050000,0.040000,0.000000,0.000000,False,3,2
1665,2019-06-01,MDG,4444,MDG,1,0.190000,0.580000,0.050000,0.200000,0.000000,0.030000,0.000000,0.000000,False,1,3
1665,2022-08-01,MDG,4445,MDG,2,0.750000,0.610000,0.150000,0.190000,0.000000,0.040000,0.000000,0.000000,False,2,2
1666,2019-06-01,MDG,4446,MDG,1,0.190000,0.580000,0.050000,0.200000,0.000000,0.030000,0.000000,0.000000,False,1,3
1666,2022-08-01,MDG,4447,MDG,2,0.750000,0.610000,0.150000,0.190000,0.000000,0.040000,0.000000,0.000000,False,2,2
1668,2020-10-01,MDG,4459,MDG,2,0.550000,0.580000,0.100000,0.160000,0.000000,0.050000,0.000000,0.000000,False,2,2
1668,2022-08-01,MDG,4460,MDG,3,0.700000,0.620000,0.250000,0.190000,0.000000,0.040000,0.000000,0.000000,False,3,2
1669,2020-10-01,MDG,4461,MDG,2,0.550000,0.580000,0.100000,0.160000,0.000000,0.050000,0.000000,0.000000,False,2,2
1669,2022-08-01,MDG,4462,MDG,3,0.700000,0.620000,0.250000,0.190000,0.000000,0.040000,0.000000,0.000000,False,3,2
1670,2020-10-01,MDG,4463,MDG,2,0.550000,0.550000,0.100000,0.160000,0.000000,0.050000,0.000000,0.000000,False,2,2
1670,2022-08-01,MDG,4464,MDG,3,0.700000,0.620000,0.250000,0.190000,0.000000,0.040000,0.000000,0.000000,False,3,2
1677,2021-11-01,MDG,4508,MDG,2,0.650000,0.650000,0.150000,0.190000,0.000000,0.060000,0.000000,0.000000,False,2,2
1678,2021-11-01,MDG,4509,MDG,2,0.650000,0.650000,0.150000,0.190000,0.000000,0.060000,0.000000,0.000000,False,2,2
1680,2021-11-01,MDG,4511,MDG,2,0.650000,0.630000,0.150000,0.200000,0.000000,0.060000,0.000000,0.000000,False,2,3
1686,2022-08-01,MDG,4525,MDG,3,0.750000,0.620000,0.350000,0.180000,0.050000,0.040000,0.000000,0.000000,False,3,2
1687,2022-08-01,MDG,4526,MDG,3,0.750000,0.620000,0.350000,0.180000,0.050000,0.040000,0.000000,0.000000,False,3,2
1693,2017-08-01,MDG,4545,MDG,2,0.530000,0.430000,0.170000,0.220000,0.040000,0.040000,0.000000,0.000000,False,2,3
1694,2017-08-01,MDG,4546,MDG,2,0.530000,0.430000,0.170000,0.220000,0.040000,0.040000,0.000000,0.000000,False,2,3
742,2019-10-01,MOZ,2238,MOZ,3,0.620000,0.590000,0.250000,0.220000,0.030000,0.040000,0.000000,0.000000,False,3,3
835,2019-06-01,MOZ,2468,MOZ,3,0.700000,0.600000,0.250000,0.210000,0.050000,0.040000,0.000000,0.000000,False,3,3
840,2019-06-01,MOZ,2471,MOZ,3,0.700000,0.560000,0.250000,0.200000,0.050000,0.040000,0.000000,0.000000,False,3,3
841,2019-06-01,MOZ,2472,MOZ,3,0.700000,0.560000,0.250000,0.200000,0.050000,0.040000,0.000000,0.000000,False,3,3
847,2020-10-01,MOZ,2505,MOZ,2,0.770000,0.440000,0.170000,0.220000,0.000000,0.040000,0.000000,0.000000,False,2,3
847,2021-07-01,MOZ,2506,MOZ,3,0.600000,0.550000,0.350000,0.190000,0.050000,0.030000,0.000000,0.000000,False,3,2
850,2020-10-01,MOZ,2508,MOZ,2,0.770000,0.470000,0.170000,0.210000,0.000000,0.040000,0.000000,0.000000,False,2,3
850,2021-07-01,MOZ,2509,MOZ,3,0.600000,0.580000,0.350000,0.240000,0.050000,0.030000,0.000000,0.000000,False,3,3
860,2017-03-01,MOZ,2526,MOZ,3,0.770000,0.420000,0.220000,0.140000,0.020000,0.060000,0.000000,0.000000,False,3,2
860,2018-09-01,MOZ,2527,MOZ,2,0.480000,0.510000,0.130000,0.160000,0.010000,0.040000,0.000000,0.000000,False,2,2
860,2019-04-01,MOZ,2528,MOZ,3,0.700000,0.630000,0.300000,0.230000,0.050000,0.040000,0.000000,0.000000,False,3,3
860,2019-07-01,MOZ,2529,MOZ,2,0.350000,0.560000,0.080000,0.200000,0.000000,0.040000,0.000000,0.000000,False,2,3
860,2019-10-01,MOZ,2530,MOZ,3,0.620000,0.540000,0.220000,0.220000,0.020000,0.040000,0.000000,0.000000,False,3,3
860,2020-02-01,MOZ,2531,MOZ,3,0.900000,0.540000,0.600000,0.220000,0.100000,0.040000,0.000000,0.000000,False,3,3
872,2017-06-01,MOZ,2542,MOZ,1,0.000000,0.610000,0.000000,0.190000,0.000000,0.060000,0.000000,0.000000,False,1,2
884,2017-03-01,MOZ,2559,MOZ,3,0.360000,0.390000,0.260000,0.130000,0.010000,0.060000,0.000000,0.000000,False,3,2
884,2017-06-01,MOZ,2560,MOZ,1,0.000000,0.600000,0.000000,0.220000,0.000000,0.060000,0.000000,0.000000,False,1,3
892,2017-03-01,MOZ,2561,MOZ,3,0.650000,0.420000,0.440000,0.180000,0.040000,0.050000,0.000000,0.000000,False,3,2
892,2017-06-01,MOZ,2562,MOZ,1,0.000000,0.600000,0.000000,0.210000,0.000000,0.050000,0.000000,0.000000,False,1,3
892,2018-09-01,MOZ,2563,MOZ,2,0.310000,0.480000,0.060000,0.160000,0.030000,0.040000,0.000000,0.000000,False,2,2
892,2019-06-01,MOZ,2564,MOZ,3,0.400000,0.640000,0.200000,0.180000,0.050000,0.040000,0.000000,0.000000,False,3,2
892,2020-02-01,MOZ,2565,MOZ,3,0.700000,0.590000,0.500000,0.210000,0.100000,0.040000,0.000000,0.000000,False,3,3
895,2018-09-01,MOZ,2580,MOZ,2,0.310000,0.480000,0.060000,0.170000,0.030000,0.040000,0.000000,0.000000,False,2,2
895,2020-02-01,MOZ,2581,MOZ,3,0.700000,0.560000,0.500000,0.210000,0.100000,0.040000,0.000000,0.000000,False,3,3
903,2018-09-01,MOZ,2599,MOZ,2,0.480000,0.500000,0.130000,0.160000,0.010000,0.040000,0.000000,0.000000,False,2,2
903,2019-07-01,MOZ,2600,MOZ,2,0.350000,0.640000,0.080000,0.170000,0.000000,0.040000,0.000000,0.000000,False,2,2
903,2020-02-01,MOZ,2601,MOZ,3,0.750000,0.590000,0.500000,0.200000,0.150000,0.040000,0.000000,0.000000,False,3,3
925,2019-06-01,MOZ,2632,MOZ,3,0.400000,0.610000,0.200000,0.190000,0.050000,0.040000,0.000000,0.000000,False,3,2
925,2020-02-01,MOZ,2633,MOZ,3,0.700000,0.620000,0.500000,0.210000,0.100000,0.040000,0.000000,0.000000,False,3,3
926,2019-06-01,MOZ,2634,MOZ,3,0.400000,0.610000,0.200000,0.190000,0.050000,0.040000,0.000000,0.000000,False,3,2
926,2020-02-01,MOZ,2635,MOZ,3,0.700000,0.620000,0.500000,0.210000,0.100000,0.040000,0.000000,0.000000,False,3,3
932,2019-04-01,MOZ,2657,MOZ,3,0.850000,0.620000,0.650000,0.200000,0.100000,0.040000,0.000000,0.000000,False,3,3
932,2020-10-01,MOZ,2658,MOZ,2,0.800000,0.580000,0.150000,0.190000,0.000000,0.040000,0.000000,0.000000,False,2,2
933,2019-04-01,MOZ,2659,MOZ,3,0.850000,0.620000,0.650000,0.200000,0.100000,0.040000,0.000000,0.000000,False,3,3
933,2020-10-01,MOZ,2660,MOZ,2,0.800000,0.570000,0.150000,0.190000,0.000000,0.040000,0.000000,0.000000,False,2,2
936,2018-09-01,MOZ,2661,MOZ,2,0.480000,0.520000,0.130000,0.160000,0.010000,0.040000,0.000000,0.000000,False,2,2
936,2019-07-01,MOZ,2662,MOZ,2,0.350000,0.620000,0.080000,0.190000,0.000000,0.040000,0.000000,0.000000,False,2,2
936,2020-02-01,MOZ,2663,MOZ,3,0.750000,0.600000,0.500000,0.220000,0.150000,0.040000,0.000000,0.000000,False,3,3
947,2019-04-01,MOZ,2698,MOZ,3,0.550000,0.510000,0.250000,0.250000,0.050000,0.040000,0.000000,0.000000,False,3,3
949,2019-10-01,MOZ,2703,MOZ,3,0.750000,0.560000,0.350000,0.210000,0.050000,0.040000,0.000000,0.000000,False,3,3
949,2020-10-01,MOZ,2704,MOZ,2,0.600000,0.560000,0.100000,0.220000,0.000000,0.040000,0.000000,0.000000,False,2,3
950,2019-10-01,MOZ,2705,MOZ,3,0.750000,0.560000,0.350000,0.210000,0.050000,0.040000,0.000000,0.000000,False,3,3
950,2020-10-01,MOZ,2706,MOZ,2,0.600000,0.570000,0.100000,0.250000,0.000000,0.040000,0.000000,0.000000,False,2,3
954,2019-04-01,MOZ,2723,MOZ,3,0.700000,0.540000,0.400000,0.220000,0.050000,0.040000,0.000000,0.000000,False,3,3
955,2019-04-01,MOZ,2724,MOZ,3,0.700000,0.540000,0.400000,0.220000,0.050000,0.040000,0.000000,0.000000,False,3,3
956,2017-03-01,MOZ,2725,MOZ,3,0.660000,0.420000,0.200000,0.150000,0.050000,0.060000,0.000000,0.000000,False,3,2
962,2017-06-01,MOZ,2728,MOZ,1,0.020000,0.530000,0.000000,0.190000,0.000000,0.060000,0.000000,0.000000,False,1,2
973,2019-04-01,MOZ,2757,MOZ,3,0.750000,0.580000,0.450000,0.220000,0.000000,0.040000,0.000000,0.000000,False,3,3
973,2020-10-01,MOZ,2758,MOZ,2,0.600000,0.560000,0.100000,0.220000,0.000000,0.040000,0.000000,0.000000,False,2,3
981,2020-10-01,MOZ,2759,MOZ,2,0.600000,0.500000,0.150000,0.180000,0.000000,0.030000,0.000000,0.000000,False,2,2
983,2022-06-01,MOZ,2760,MOZ,3,0.600000,0.580000,0.250000,0.240000,0.000000,0.080000,0.000000,0.000000,False,3,3
984,2022-06-01,MOZ,2761,MOZ,3,0.600000,0.580000,0.250000,0.260000,0.000000,0.070000,0.000000,0.000000,False,3,3
985,2022-06-01,MOZ,2762,MOZ,3,0.600000,0.580000,0.250000,0.260000,0.000000,0.070000,0.000000,0.000000,False,3,3
996,2018-09-01,MOZ,2771,MOZ,1,0.190000,0.470000,0.070000,0.150000,0.020000,0.040000,0.000000,0.000000,False,1,2
996,2020-07-01,MOZ,2772,MOZ,2,0.350000,0.450000,0.100000,0.210000,0.000000,0.040000,0.000000,0.000000,False,2,3
996,2021-07-01,MOZ,2773,MOZ,2,0.200000,0.490000,0.000000,0.220000,0.000000,0.030000,0.000000,0.000000,False,2,3
1007,2017-06-01,MOZ,2790,MOZ,1,0.000000,0.650000,0.000000,0.190000,0.000000,0.040000,0.000000,0.000000,False,1,2
1026,2020-11-01,MOZ,2810,MOZ,2,0.400000,0.500000,0.100000,0.190000,0.000000,0.030000,0.000000,0.000000,False,2,2
1027,2020-11-01,MOZ,2811,MOZ,2,0.400000,0.500000,0.100000,0.190000,0.000000,0.030000,0.000000,0.000000,False,2,2
1034,2020-11-01,MOZ,2823,MOZ,2,0.650000,0.510000,0.150000,0.180000,0.000000,0.030000,0.000000,0.000000,False,2,2
1044,2018-09-01,MOZ,2826,MOZ,1,0.190000,0.510000,0.070000,0.150000,0.020000,0.040000,0.000000,0.000000,False,1,2
1045,2018-09-01,MOZ,2827,MOZ,1,0.190000,0.520000,0.070000,0.160000,0.020000,0.040000,0.000000,0.000000,False,1,2
1045,2021-11-01,MOZ,2828,MOZ,1,0.150000,0.530000,0.050000,0.200000,0.000000,0.030000,0.000000,0.000000,False,1,3
1053,2018-07-01,MOZ,2841,MOZ,2,0.480000,0.560000,0.180000,0.170000,0.030000,0.030000,0.000000,0.000000,False,2,2
1053,2019-07-01,MOZ,2842,MOZ,2,0.310000,0.550000,0.050000,0.230000,0.000000,0.030000,0.000000,0.000000,False,2,3
1053,2020-11-01,MOZ,2843,MOZ,2,0.650000,0.540000,0.150000,0.210000,0.000000,0.030000,0.000000,0.000000,False,2,3
1053,2021-11-01,MOZ,2844,MOZ,2,0.700000,0.550000,0.150000,0.210000,0.000000,0.030000,0.000000,0.000000,False,2,3
1054,2021-11-01,MOZ,2845,MOZ,2,0.550000,0.550000,0.050000,0.230000,0.000000,0.030000,0.000000,0.000000,False,2,3
1063,2021-11-01,MOZ,2858,MOZ,2,0.500000,0.570000,0.100000,0.220000,0.000000,0.030000,0.000000,0.000000,False,2,3
1064,2021-11-01,MOZ,2859,MOZ,2,0.500000,0.560000,0.100000,0.220000,0.000000,0.030000,0.000000,0.000000,False,2,3
1067,2021-11-01,MOZ,2861,MOZ,2,0.500000,0.560000,0.100000,0.200000,0.000000,0.030000,0.000000,0.000000,False,2,3
1107,2022-10-01,MOZ,2888,MOZ,2,0.650000,0.490000,0.150000,0.170000,0.050000,0.050000,0.000000,0.000000,False,2,2
1112,2022-10-01,MOZ,2889,MOZ,2,0.350000,0.480000,0.050000,0.160000,0.000000,0.050000,0.000000,0.000000,False,2,2
1113,2022-10-01,MOZ,2890,MOZ,2,0.350000,0.520000,0.050000,0.180000,0.000000,0.060000,0.000000,0.000000,False,2,2
1114,2022-10-01,MOZ,2891,MOZ,2,0.350000,0.510000,0.050000,0.180000,0.000000,0.060000,0.000000,0.000000,False,2,2
1119,2021-11-01,MOZ,2895,MOZ,3,0.850000,0.560000,0.650000,0.220000,0.050000,0.030000,0.000000,0.000000,False,3,3
1124,2017-03-01,MOZ,2897,MOZ,3,0.760000,0.440000,0.450000,0.180000,0.060000,0.070000,0.000000,0.000000,False,3,2
1124,2019-10-01,MOZ,2898,MOZ,2,0.500000,0.580000,0.150000,0.230000,0.000000,0.040000,0.000000,0.000000,False,2,3
1124,2022-10-01,MOZ,2899,MOZ,2,0.650000,0.500000,0.150000,0.200000,0.000000,0.070000,0.000000,0.000000,False,2,3
1126,2017-03-01,MOZ,2900,MOZ,3,0.760000,0.500000,0.450000,0.150000,0.060000,0.050000,0.000000,0.000000,False,3,2
1127,2017-03-01,MOZ,2901,MOZ,3,0.760000,0.500000,0.450000,0.150000,0.060000,0.050000,0.000000,0.000000,False,3,2
1128,2019-10-01,MOZ,2902,MOZ,2,0.500000,0.610000,0.150000,0.190000,0.000000,0.040000,0.000000,0.000000,False,2,2
1128,2022-10-01,MOZ,2903,MOZ,2,0.650000,0.480000,0.150000,0.180000,0.000000,0.060000,0.000000,0.000000,False,2,2
1131,2018-04-01,MOZ,2905,MOZ,1,0.140000,0.480000,0.060000,0.180000,0.010000,0.040000,0.000000,0.000000,False,1,2
1131,2018-09-01,MOZ,2906,MOZ,2,0.370000,0.500000,0.030000,0.170000,0.000000,0.040000,0.000000,0.000000,False,2,2
1131,2019-04-01,MOZ,2907,MOZ,2,0.550000,0.490000,0.100000,0.190000,0.000000,0.040000,0.000000,0.000000,False,2,2
1131,2019-10-01,MOZ,2908,MOZ,3,0.800000,0.510000,0.400000,0.190000,0.000000,0.040000,0.000000,0.000000,False,3,2
1131,2020-10-01,MOZ,2909,MOZ,3,0.550000,0.500000,0.300000,0.180000,0.100000,0.040000,0.000000,0.000000,False,3,2
1131,2021-11-01,MOZ,2910,MOZ,3,0.600000,0.540000,0.200000,0.190000,0.000000,0.030000,0.000000,0.000000,False,3,2
1131,2022-10-01,MOZ,2911,MOZ,3,0.800000,0.500000,0.400000,0.170000,0.050000,0.060000,0.000000,0.000000,False,3,2
1145,2021-11-01,MOZ,2918,MOZ,2,0.600000,0.560000,0.150000,0.230000,0.000000,0.030000,0.000000,0.000000,False,2,3
1145,2022-10-01,MOZ,2919,MOZ,3,0.650000,0.590000,0.200000,0.150000,0.050000,0.050000,0.000000,0.000000,False,3,2
1146,2021-11-01,MOZ,2920,MOZ,2,0.600000,0.560000,0.150000,0.230000,0.000000,0.030000,0.000000,0.000000,False,2,3
1146,2022-10-01,MOZ,2921,MOZ,3,0.650000,0.590000,0.200000,0.150000,0.050000,0.050000,0.000000,0.000000,False,3,2
1148,2022-10-01,MOZ,2922,MOZ,3,0.850000,0.570000,0.500000,0.190000,0.150000,0.060000,0.000000,0.000000,False,3,2
1150,2022-10-01,MOZ,2923,MOZ,3,0.850000,0.570000,0.500000,0.200000,0.150000,0.060000,0.000000,0.000000,False,3,3
1151,2020-10-01,MOZ,2924,MOZ,3,0.850000,0.550000,0.450000,0.230000,0.100000,0.040000,0.000000,0.000000,False,3,3
1151,2021-11-01,MOZ,2925,MOZ,3,0.800000,0.580000,0.600000,0.210000,0.050000,0.030000,0.000000,0.000000,False,3,3
1151,2022-10-01,MOZ,2926,MOZ,3,0.800000,0.610000,0.400000,0.210000,0.050000,0.060000,0.000000,0.000000,False,3,3
1152,2020-10-01,MOZ,2927,MOZ,3,0.850000,0.560000,0.450000,0.230000,0.100000,0.040000,0.000000,0.000000,False,3,3
1152,2021-11-01,MOZ,2928,MOZ,3,0.800000,0.600000,0.600000,0.210000,0.050000,0.030000,0.000000,0.000000,False,3,3
1152,2022-10-01,MOZ,2929,MOZ,3,0.800000,0.600000,0.400000,0.210000,0.050000,0.060000,0.000000,0.000000,False,3,3
1154,2019-10-01,MOZ,2930,MOZ,3,0.800000,0.490000,0.400000,0.180000,0.000000,0.030000,0.000000,0.000000,False,3,2
1154,2020-10-01,MOZ,2931,MOZ,3,0.850000,0.560000,0.450000,0.200000,0.100000,0.030000,0.000000,0.000000,False,3,3
1154,2021-11-01,MOZ,2932,MOZ,3,0.600000,0.500000,0.200000,0.180000,0.000000,0.030000,0.000000,0.000000,False,3,2
1154,2022-10-01,MOZ,2933,MOZ,3,0.800000,0.510000,0.400000,0.160000,0.050000,0.050000,0.000000,0.000000,False,3,2
900,2021-11-01,MWI,2594,MWI,1,0.150000,0.580000,0.050000,0.190000,0.000000,0.070000,0.000000,0.000000,False,1,2
915,2019-10-01,MWI,2620,MWI,3,0.700000,0.650000,0.300000,0.270000,0.030000,0.050000,0.000000,0.000000,False,3,3
915,2022-10-01,MWI,2621,MWI,2,0.500000,0.570000,0.100000,0.230000,0.000000,0.050000,0.000000,0.000000,False,2,3
921,2019-10-01,MWI,2630,MWI,3,0.700000,0.670000,0.300000,0.280000,0.030000,0.050000,0.000000,0.000000,False,3,3
921,2022-10-01,MWI,2631,MWI,2,0.300000,0.550000,0.030000,0.220000,0.000000,0.050000,0.000000,0.000000,False,2,3
999,2021-07-01,MWI,2775,MWI,2,0.450000,0.570000,0.150000,0.200000,0.000000,0.050000,0.000000,0.000000,False,2,3
1000,2021-07-01,MWI,2776,MWI,2,0.450000,0.570000,0.150000,0.210000,0.000000,0.050000,0.000000,0.000000,False,2,3
1004,2021-07-01,MWI,2784,MWI,2,0.350000,0.580000,0.100000,0.190000,0.000000,0.040000,0.000000,0.000000,False,2,2
1009,2018-04-01,MWI,2792,MWI,2,0.350000,0.520000,0.120000,0.170000,0.010000,0.050000,0.000000,0.000000,False,2,2
1013,2018-04-01,MWI,2800,MWI,2,0.350000,0.490000,0.120000,0.170000,0.010000,0.050000,0.000000,0.000000,False,2,2
1013,2020-07-01,MWI,2801,MWI,2,0.500000,0.560000,0.100000,0.260000,0.000000,0.050000,0.000000,0.000000,False,2,3
1760,2018-10-01,PAK,4752,PAK,3,0.900000,0.550000,0.650000,0.280000,0.100000,0.060000,0.000000,0.000000,False,3,3
1760,2021-03-01,PAK,4753,PAK,3,0.750000,0.620000,0.350000,0.280000,0.050000,0.070000,0.000000,0.000000,False,3,3
1760,2021-10-01,PAK,4754,PAK,3,0.650000,0.610000,0.250000,0.270000,0.050000,0.070000,0.000000,0.000000,False,3,3
1760,2022-07-01,PAK,4755,PAK,3,0.650000,0.690000,0.250000,0.310000,0.050000,0.110000,0.000000,0.000000,False,3,3
1761,2018-10-01,PAK,4756,PAK,4,0.900000,0.630000,0.650000,0.300000,0.250000,0.060000,0.000000,0.000000,False,4,3
1764,2021-03-01,PAK,4773,PAK,3,0.650000,0.630000,0.250000,0.320000,0.050000,0.070000,0.000000,0.000000,False,3,3
1764,2021-10-01,PAK,4774,PAK,3,0.550000,0.610000,0.300000,0.270000,0.100000,0.070000,0.000000,0.000000,False,3,3
1765,2018-10-01,PAK,4775,PAK,4,0.900000,0.610000,0.650000,0.300000,0.250000,0.080000,0.000000,0.000000,False,4,3
1770,2018-10-01,PAK,4809,PAK,3,0.900000,0.580000,0.700000,0.270000,0.100000,0.060000,0.000000,0.000000,False,3,3
1770,2021-03-01,PAK,4810,PAK,3,0.500000,0.620000,0.200000,0.300000,0.050000,0.070000,0.000000,0.000000,False,3,3
1770,2021-10-01,PAK,4811,PAK,3,0.550000,0.600000,0.300000,0.270000,0.100000,0.070000,0.000000,0.000000,False,3,3
1770,2022-07-01,PAK,4812,PAK,3,0.600000,0.690000,0.300000,0.300000,0.050000,0.110000,0.000000,0.000000,False,3,3
1771,2021-03-01,PAK,4813,PAK,3,0.750000,0.630000,0.300000,0.300000,0.100000,0.070000,0.000000,0.000000,False,3,3
1771,2021-10-01,PAK,4814,PAK,3,0.600000,0.560000,0.300000,0.250000,0.050000,0.070000,0.000000,0.000000,False,3,3
1771,2022-07-01,PAK,4815,PAK,3,0.600000,0.670000,0.250000,0.300000,0.050000,0.100000,0.000000,0.000000,False,3,3
1775,2017-08-01,PAK,4848,PAK,3,0.700000,0.650000,0.280000,0.250000,0.110000,0.100000,0.000000,0.000000,False,3,3
1775,2018-08-01,PAK,4849,PAK,4,0.800000,0.620000,0.500000,0.310000,0.200000,0.060000,0.000000,0.000000,False,4,3
1775,2020-08-01,PAK,4850,PAK,3,0.650000,0.640000,0.350000,0.300000,0.150000,0.070000,0.000000,0.000000,False,3,3
1780,2018-10-01,PAK,4882,PAK,3,0.800000,0.580000,0.550000,0.230000,0.150000,0.050000,0.000000,0.000000,False,3,3
1780,2021-10-01,PAK,4883,PAK,2,0.500000,0.570000,0.150000,0.270000,0.050000,0.060000,0.000000,0.000000,False,2,3
1781,2018-08-01,PAK,4884,PAK,4,0.800000,0.600000,0.500000,0.310000,0.200000,0.060000,0.000000,0.000000,False,4,3
1781,2018-10-01,PAK,4885,PAK,3,0.600000,0.570000,0.350000,0.290000,0.100000,0.060000,0.000000,0.000000,False,3,3
1781,2020-04-01,PAK,4886,PAK,3,0.800000,0.630000,0.450000,0.280000,0.100000,0.070000,0.000000,0.000000,False,3,3
1781,2020-08-01,PAK,4887,PAK,3,0.650000,0.650000,0.350000,0.300000,0.150000,0.070000,0.000000,0.000000,False,3,3
1781,2021-03-01,PAK,4888,PAK,3,0.750000,0.690000,0.400000,0.310000,0.100000,0.070000,0.000000,0.000000,False,3,3
1781,2022-07-01,PAK,4889,PAK,3,0.650000,0.680000,0.300000,0.330000,0.100000,0.100000,0.000000,0.000000,False,3,3
1784,2019-08-01,PAK,4908,PAK,3,0.700000,0.600000,0.350000,0.310000,0.100000,0.050000,0.000000,0.000000,False,3,3
1784,2022-07-01,PAK,4909,PAK,3,0.750000,0.670000,0.400000,0.320000,0.150000,0.090000,0.000000,0.000000,False,3,3
1787,2018-10-01,PAK,4922,PAK,3,0.500000,0.610000,0.250000,0.320000,0.050000,0.070000,0.000000,0.000000,False,3,3
1787,2021-03-01,PAK,4923,PAK,3,0.750000,0.610000,0.350000,0.300000,0.150000,0.070000,0.000000,0.000000,False,3,3
1787,2022-07-01,PAK,4924,PAK,3,0.600000,0.620000,0.300000,0.290000,0.100000,0.090000,0.000000,0.000000,False,3,3
1788,2022-07-01,PAK,4925,PAK,2,0.650000,0.680000,0.150000,0.280000,0.050000,0.080000,0.000000,0.000000,False,2,3
1790,2017-02-01,PAK,4934,PAK,4,0.790000,0.570000,0.470000,0.230000,0.200000,0.090000,0.000000,0.000000,False,4,3
1790,2018-10-01,PAK,4935,PAK,4,0.800000,0.560000,0.550000,0.250000,0.200000,0.050000,0.000000,0.000000,False,4,3
1792,2021-10-01,PAK,4945,PAK,3,0.600000,0.610000,0.250000,0.260000,0.050000,0.060000,0.000000,0.000000,False,3,3
1792,2022-07-01,PAK,4946,PAK,3,0.600000,0.600000,0.300000,0.290000,0.100000,0.090000,0.000000,0.000000,False,3,3
1794,2017-02-01,PAK,4957,PAK,4,0.790000,0.580000,0.470000,0.230000,0.200000,0.130000,0.000000,0.000000,False,4,3
1794,2022-07-01,PAK,4958,PAK,2,0.500000,0.680000,0.150000,0.330000,0.000000,0.120000,0.000000,0.000000,False,2,3
1808,2018-10-01,PAK,5053,PAK,3,0.800000,0.610000,0.500000,0.320000,0.150000,0.060000,0.000000,0.000000,False,3,3
1808,2022-07-01,PAK,5054,PAK,3,0.700000,0.660000,0.400000,0.280000,0.100000,0.100000,0.000000,0.000000,False,3,3
1809,2017-02-01,PAK,5055,PAK,4,0.720000,0.540000,0.520000,0.250000,0.220000,0.090000,0.000000,0.000000,False,4,3
1809,2018-10-01,PAK,5056,PAK,4,0.800000,0.570000,0.600000,0.260000,0.250000,0.070000,0.000000,0.000000,False,4,3
1809,2021-03-01,PAK,5057,PAK,3,0.550000,0.640000,0.200000,0.320000,0.050000,0.060000,0.000000,0.000000,False,3,3
1809,2021-10-01,PAK,5058,PAK,3,0.600000,0.610000,0.250000,0.290000,0.050000,0.070000,0.000000,0.000000,False,3,3
1809,2022-07-01,PAK,5059,PAK,3,0.600000,0.670000,0.300000,0.350000,0.050000,0.090000,0.000000,0.000000,False,3,3
1814,2017-02-01,PAK,5096,PAK,4,0.720000,0.540000,0.520000,0.220000,0.220000,0.130000,0.000000,0.000000,False,4,3
1814,2018-10-01,PAK,5097,PAK,3,0.800000,0.560000,0.550000,0.290000,0.150000,0.060000,0.000000,0.000000,False,3,3
1814,2021-03-01,PAK,5098,PAK,2,0.400000,0.580000,0.150000,0.310000,0.050000,0.060000,0.000000,0.000000,False,2,3
1814,2022-07-01,PAK,5099,PAK,3,0.600000,0.710000,0.300000,0.340000,0.050000,0.120000,0.000000,0.000000,False,3,3
1823,2021-03-01,PAK,5173,PAK,3,0.550000,0.600000,0.300000,0.330000,0.100000,0.070000,0.000000,0.000000,False,3,3
1826,2017-08-01,PAK,5180,PAK,3,0.500000,0.610000,0.400000,0.280000,0.100000,0.080000,0.000000,0.000000,False,3,3
1826,2018-08-01,PAK,5181,PAK,3,0.700000,0.550000,0.400000,0.310000,0.150000,0.060000,0.000000,0.000000,False,3,3
1826,2019-08-01,PAK,5182,PAK,2,0.500000,0.560000,0.150000,0.280000,0.050000,0.050000,0.000000,0.000000,False,2,3
1826,2020-04-01,PAK,5183,PAK,3,0.800000,0.660000,0.350000,0.290000,0.100000,0.070000,0.000000,0.000000,False,3,3
1826,2020-08-01,PAK,5184,PAK,3,0.600000,0.610000,0.250000,0.290000,0.050000,0.070000,0.000000,0.000000,False,3,3
1826,2021-03-01,PAK,5185,PAK,3,0.650000,0.670000,0.250000,0.300000,0.100000,0.080000,0.000000,0.000000,False,3,3
1826,2021-09-01,PAK,5186,PAK,3,0.800000,0.550000,0.500000,0.310000,0.150000,0.070000,0.000000,0.000000,False,3,3
1826,2021-10-01,PAK,5187,PAK,3,0.850000,0.580000,0.500000,0.320000,0.100000,0.070000,0.000000,0.000000,False,3,3
1826,2022-03-01,PAK,5188,PAK,3,0.900000,0.650000,0.500000,0.350000,0.150000,0.110000,0.000000,0.000000,False,3,3
1826,2022-07-01,PAK,5189,PAK,3,0.600000,0.660000,0.300000,0.370000,0.050000,0.100000,0.000000,0.000000,False,3,3
1826,2022-09-01,PAK,5190,PAK,3,0.850000,0.680000,0.450000,0.400000,0.150000,0.090000,0.000000,0.000000,False,3,3
1827,2017-08-01,PAK,5191,PAK,3,0.500000,0.620000,0.400000,0.280000,0.100000,0.080000,0.000000,0.000000,False,3,3
1827,2018-08-01,PAK,5192,PAK,3,0.700000,0.550000,0.400000,0.310000,0.150000,0.060000,0.000000,0.000000,False,3,3
1827,2019-08-01,PAK,5193,PAK,2,0.500000,0.560000,0.150000,0.280000,0.050000,0.050000,0.000000,0.000000,False,2,3
1827,2020-04-01,PAK,5194,PAK,3,0.800000,0.670000,0.350000,0.290000,0.100000,0.070000,0.000000,0.000000,False,3,3
1827,2020-08-01,PAK,5195,PAK,3,0.600000,0.610000,0.250000,0.290000,0.050000,0.070000,0.000000,0.000000,False,3,3
1827,2021-03-01,PAK,5196,PAK,3,0.650000,0.670000,0.250000,0.300000,0.100000,0.080000,0.000000,0.000000,False,3,3
1827,2021-09-01,PAK,5197,PAK,3,0.800000,0.550000,0.500000,0.310000,0.150000,0.070000,0.000000,0.000000,False,3,3
1827,2021-10-01,PAK,5198,PAK,3,0.850000,0.580000,0.500000,0.320000,0.100000,0.070000,0.000000,0.000000,False,3,3
1827,2022-03-01,PAK,5199,PAK,3,0.900000,0.650000,0.500000,0.350000,0.150000,0.110000,0.000000,0.000000,False,3,3
1827,2022-07-01,PAK,5200,PAK,3,0.600000,0.660000,0.300000,0.370000,0.050000,0.100000,0.000000,0.000000,False,3,3
1827,2022-09-01,PAK,5201,PAK,3,0.850000,0.680000,0.450000,0.400000,0.150000,0.090000,0.000000,0.000000,False,3,3
1835,2017-05-01,PAK,5252,PAK,3,0.660000,0.610000,0.240000,0.340000,0.120000,0.090000,0.000000,0.000000,False,3,3
1835,2018-08-01,PAK,5253,PAK,2,0.650000,0.590000,0.150000,0.270000,0.050000,0.050000,0.000000,0.000000,False,2,3
1835,2019-08-01,PAK,5254,PAK,2,0.550000,0.620000,0.150000,0.260000,0.050000,0.050000,0.000000,0.000000,False,2,3
1835,2019-11-01,PAK,5255,PAK,3,0.500000,0.620000,0.200000,0.240000,0.050000,0.050000,0.000000,0.000000,False,3,3
1835,2020-04-01,PAK,5256,PAK,2,0.600000,0.630000,0.150000,0.260000,0.050000,0.070000,0.000000,0.000000,False,2,3
1835,2021-03-01,PAK,5257,PAK,2,0.550000,0.660000,0.150000,0.260000,0.050000,0.070000,0.000000,0.000000,False,2,3
1835,2021-09-01,PAK,5258,PAK,3,0.600000,0.600000,0.300000,0.290000,0.050000,0.070000,0.000000,0.000000,False,3,3
1835,2021-10-01,PAK,5259,PAK,3,0.700000,0.590000,0.300000,0.280000,0.050000,0.070000,0.000000,0.000000,False,3,3
1835,2022-03-01,PAK,5260,PAK,3,0.800000,0.690000,0.400000,0.340000,0.100000,0.090000,0.000000,0.000000,False,3,3
1835,2022-07-01,PAK,5261,PAK,3,0.650000,0.690000,0.250000,0.350000,0.050000,0.090000,0.000000,0.000000,False,3,3
1835,2022-09-01,PAK,5262,PAK,3,0.750000,0.710000,0.250000,0.380000,0.050000,0.100000,0.000000,0.000000,False,3,3
1836,2017-05-01,PAK,5263,PAK,3,0.660000,0.610000,0.240000,0.340000,0.120000,0.090000,0.000000,0.000000,False,3,3
1836,2018-08-01,PAK,5264,PAK,2,0.650000,0.580000,0.150000,0.260000,0.050000,0.050000,0.000000,0.000000,False,2,3
1836,2019-08-01,PAK,5265,PAK,2,0.550000,0.600000,0.150000,0.260000,0.050000,0.050000,0.000000,0.000000,False,2,3
1836,2019-11-01,PAK,5266,PAK,3,0.500000,0.620000,0.200000,0.240000,0.050000,0.050000,0.000000,0.000000,False,3,3
1836,2020-04-01,PAK,5267,PAK,2,0.600000,0.620000,0.150000,0.250000,0.050000,0.070000,0.000000,0.000000,False,2,3
1836,2021-03-01,PAK,5268,PAK,2,0.550000,0.670000,0.150000,0.260000,0.050000,0.070000,0.000000,0.000000,False,2,3
1836,2021-09-01,PAK,5269,PAK,3,0.600000,0.600000,0.300000,0.280000,0.050000,0.070000,0.000000,0.000000,False,3,3
1836,2021-10-01,PAK,5270,PAK,3,0.700000,0.580000,0.300000,0.280000,0.050000,0.070000,0.000000,0.000000,False,3,3
1836,2022-03-01,PAK,5271,PAK,3,0.800000,0.680000,0.400000,0.330000,0.100000,0.090000,0.000000,0.000000,False,3,3
1836,2022-07-01,PAK,5272,PAK,3,0.650000,0.690000,0.250000,0.350000,0.050000,0.090000,0.000000,0.000000,False,3,3
1836,2022-09-01,PAK,5273,PAK,3,0.750000,0.700000,0.250000,0.370000,0.050000,0.100000,0.000000,0.000000,False,3,3
1842,2019-11-01,PAK,5306,PAK,3,0.400000,0.620000,0.200000,0.260000,0.050000,0.050000,0.000000,0.000000,False,3,3
1845,2017-05-01,PAK,5331,PAK,3,0.660000,0.610000,0.240000,0.380000,0.120000,0.090000,0.000000,0.000000,False,3,3
1845,2021-10-01,PAK,5332,PAK,3,0.650000,0.560000,0.250000,0.300000,0.050000,0.070000,0.000000,0.000000,False,3,3
1845,2022-09-01,PAK,5333,PAK,3,0.750000,0.720000,0.250000,0.390000,0.050000,0.100000,0.000000,0.000000,False,3,3
1846,2017-05-01,PAK,5334,PAK,3,0.660000,0.610000,0.240000,0.380000,0.120000,0.090000,0.000000,0.000000,False,3,3
1846,2021-10-01,PAK,5335,PAK,3,0.650000,0.560000,0.250000,0.300000,0.050000,0.070000,0.000000,0.000000,False,3,3
1846,2022-09-01,PAK,5336,PAK,3,0.750000,0.720000,0.250000,0.390000,0.050000,0.100000,0.000000,0.000000,False,3,3
1861,2018-08-01,PAK,5449,PAK,3,0.800000,0.620000,0.500000,0.310000,0.100000,0.080000,0.000000,0.000000,False,3,3
1862,2018-08-01,PAK,5450,PAK,3,0.800000,0.610000,0.500000,0.310000,0.100000,0.080000,0.000000,0.000000,False,3,3
1865,2017-08-01,PAK,5470,PAK,3,0.500000,0.600000,0.300000,0.320000,0.050000,0.100000,0.000000,0.000000,False,3,3
1865,2018-08-01,PAK,5471,PAK,3,0.800000,0.610000,0.500000,0.290000,0.100000,0.090000,0.000000,0.000000,False,3,3
1865,2019-08-01,PAK,5472,PAK,3,0.700000,0.560000,0.400000,0.290000,0.100000,0.090000,0.000000,0.000000,False,3,3
1865,2019-11-01,PAK,5473,PAK,3,0.400000,0.550000,0.200000,0.280000,0.050000,0.100000,0.000000,0.000000,False,3,3
1865,2020-04-01,PAK,5474,PAK,3,0.750000,0.590000,0.450000,0.300000,0.150000,0.080000,0.000000,0.000000,False,3,3
1865,2021-03-01,PAK,5475,PAK,3,0.700000,0.600000,0.350000,0.320000,0.100000,0.080000,0.000000,0.000000,False,3,3
1865,2021-09-01,PAK,5476,PAK,3,0.850000,0.550000,0.450000,0.290000,0.150000,0.080000,0.000000,0.000000,False,3,3
1865,2022-03-01,PAK,5477,PAK,3,0.800000,0.660000,0.450000,0.340000,0.150000,0.120000,0.000000,0.000000,False,3,3
1865,2022-07-01,PAK,5478,PAK,3,0.650000,0.720000,0.250000,0.340000,0.050000,0.110000,0.000000,0.000000,False,3,3
1865,2022-09-01,PAK,5479,PAK,3,0.800000,0.740000,0.450000,0.380000,0.100000,0.100000,0.000000,0.000000,False,3,3
1866,2017-08-01,PAK,5480,PAK,3,0.500000,0.600000,0.300000,0.320000,0.050000,0.100000,0.000000,0.000000,False,3,3
1866,2018-08-01,PAK,5481,PAK,3,0.800000,0.600000,0.500000,0.290000,0.100000,0.070000,0.000000,0.000000,False,3,3
1866,2019-08-01,PAK,5482,PAK,3,0.700000,0.560000,0.400000,0.260000,0.100000,0.070000,0.000000,0.000000,False,3,3
1866,2019-11-01,PAK,5483,PAK,3,0.400000,0.550000,0.200000,0.250000,0.050000,0.090000,0.000000,0.000000,False,3,3
1866,2020-04-01,PAK,5484,PAK,3,0.750000,0.590000,0.450000,0.300000,0.150000,0.080000,0.000000,0.000000,False,3,3
1866,2021-03-01,PAK,5485,PAK,3,0.700000,0.600000,0.350000,0.320000,0.100000,0.080000,0.000000,0.000000,False,3,3
1866,2021-09-01,PAK,5486,PAK,3,0.850000,0.550000,0.450000,0.290000,0.150000,0.080000,0.000000,0.000000,False,3,3
1866,2022-03-01,PAK,5487,PAK,3,0.800000,0.660000,0.450000,0.340000,0.150000,0.120000,0.000000,0.000000,False,3,3
1866,2022-07-01,PAK,5488,PAK,3,0.650000,0.720000,0.250000,0.340000,0.050000,0.110000,0.000000,0.000000,False,3,3
1866,2022-09-01,PAK,5489,PAK,3,0.800000,0.740000,0.450000,0.380000,0.100000,0.100000,0.000000,0.000000,False,3,3
1871,2017-11-01,PAK,5526,PAK,4,0.950000,0.670000,0.780000,0.470000,0.410000,0.190000,0.000000,0.000000,False,4,3
1871,2019-08-01,PAK,5527,PAK,3,0.650000,0.620000,0.350000,0.280000,0.100000,0.070000,0.000000,0.000000,False,3,3
1871,2020-04-01,PAK,5528,PAK,3,0.700000,0.610000,0.350000,0.300000,0.150000,0.080000,0.000000,0.000000,False,3,3
1871,2021-09-01,PAK,5529,PAK,3,0.800000,0.610000,0.450000,0.290000,0.150000,0.080000,0.000000,0.000000,False,3,3
1871,2022-09-01,PAK,5530,PAK,3,0.750000,0.720000,0.350000,0.380000,0.100000,0.110000,0.000000,0.000000,False,3,3
1872,2017-11-01,PAK,5531,PAK,4,0.950000,0.670000,0.780000,0.470000,0.410000,0.190000,0.000000,0.000000,False,4,3
1872,2019-08-01,PAK,5532,PAK,3,0.650000,0.630000,0.350000,0.280000,0.100000,0.070000,0.000000,0.000000,False,3,3
1872,2020-04-01,PAK,5533,PAK,3,0.700000,0.610000,0.350000,0.300000,0.150000,0.080000,0.000000,0.000000,False,3,3
1872,2021-09-01,PAK,5534,PAK,3,0.800000,0.630000,0.450000,0.290000,0.150000,0.080000,0.000000,0.000000,False,3,3
1872,2022-09-01,PAK,5535,PAK,3,0.750000,0.730000,0.350000,0.380000,0.100000,0.110000,0.000000,0.000000,False,3,3
1875,2017-08-01,PAK,5553,PAK,3,0.500000,0.620000,0.300000,0.340000,0.100000,0.090000,0.000000,0.000000,False,3,3
1875,2017-11-01,PAK,5554,PAK,4,0.950000,0.690000,0.780000,0.480000,0.410000,0.170000,0.000000,0.000000,False,4,3
1875,2019-08-01,PAK,5555,PAK,3,0.650000,0.590000,0.350000,0.280000,0.100000,0.070000,0.000000,0.000000,False,3,3
1875,2019-11-01,PAK,5556,PAK,3,0.500000,0.530000,0.250000,0.270000,0.100000,0.090000,0.000000,0.000000,False,3,3
1875,2020-08-01,PAK,5557,PAK,3,0.750000,0.600000,0.450000,0.310000,0.150000,0.080000,0.000000,0.000000,False,3,3
1875,2021-03-01,PAK,5558,PAK,3,0.700000,0.640000,0.350000,0.310000,0.100000,0.080000,0.000000,0.000000,False,3,3
1875,2021-09-01,PAK,5559,PAK,3,0.800000,0.570000,0.450000,0.310000,0.150000,0.080000,0.000000,0.000000,False,3,3
1875,2021-10-01,PAK,5560,PAK,3,0.600000,0.530000,0.250000,0.300000,0.050000,0.080000,0.000000,0.000000,False,3,3
1875,2022-03-01,PAK,5561,PAK,3,0.800000,0.680000,0.450000,0.360000,0.100000,0.110000,0.000000,0.000000,False,3,3
1875,2022-07-01,PAK,5562,PAK,3,0.650000,0.720000,0.250000,0.350000,0.100000,0.110000,0.000000,0.000000,False,3,3
1875,2022-09-01,PAK,5563,PAK,3,0.750000,0.720000,0.350000,0.380000,0.100000,0.110000,0.000000,0.000000,False,3,3
1876,2017-08-01,PAK,5564,PAK,3,0.500000,0.610000,0.300000,0.340000,0.100000,0.090000,0.000000,0.000000,False,3,3
1876,2017-11-01,PAK,5565,PAK,4,0.950000,0.690000,0.780000,0.480000,0.410000,0.170000,0.000000,0.000000,False,4,3
1876,2019-08-01,PAK,5566,PAK,3,0.650000,0.590000,0.350000,0.280000,0.100000,0.070000,0.000000,0.000000,False,3,3
1876,2019-11-01,PAK,5567,PAK,3,0.500000,0.530000,0.250000,0.270000,0.100000,0.090000,0.000000,0.000000,False,3,3
1876,2020-08-01,PAK,5568,PAK,3,0.750000,0.610000,0.450000,0.310000,0.150000,0.080000,0.000000,0.000000,False,3,3
1876,2021-03-01,PAK,5569,PAK,3,0.700000,0.650000,0.350000,0.310000,0.100000,0.080000,0.000000,0.000000,False,3,3
1876,2021-09-01,PAK,5570,PAK,3,0.800000,0.570000,0.450000,0.310000,0.150000,0.080000,0.000000,0.000000,False,3,3
1876,2021-10-01,PAK,5571,PAK,3,0.600000,0.530000,0.250000,0.300000,0.050000,0.080000,0.000000,0.000000,False,3,3
1876,2022-03-01,PAK,5572,PAK,3,0.800000,0.680000,0.450000,0.360000,0.100000,0.110000,0.000000,0.000000,False,3,3
1876,2022-07-01,PAK,5573,PAK,3,0.650000,0.720000,0.250000,0.350000,0.100000,0.110000,0.000000,0.000000,False,3,3
1876,2022-09-01,PAK,5574,PAK,3,0.750000,0.720000,0.350000,0.380000,0.100000,0.110000,0.000000,0.000000,False,3,3
793,2017-01-01,SDN,2377,SDN,3,0.740000,0.600000,0.200000,0.410000,0.000000,0.120000,0.000000,0.000000,False,3,3
793,2017-05-01,SDN,2378,SDN,4,0.930000,0.660000,0.740000,0.450000,0.250000,0.130000,0.000000,0.000000,False,4,3
793,2022-02-01,SDN,2379,SDN,3,0.750000,0.650000,0.400000,0.480000,0.100000,0.170000,0.000000,0.000000,False,3,3
825,2022-04-01,SDN,2461,SDN,3,0.700000,0.710000,0.300000,0.450000,0.100000,0.230000,0.000000,0.000000,False,3,4
828,2017-01-01,SDN,2462,SDN,3,0.740000,0.570000,0.200000,0.480000,0.000000,0.110000,0.000000,0.000000,False,3,3
828,2017-05-01,SDN,2463,SDN,4,0.930000,0.650000,0.740000,0.430000,0.250000,0.130000,0.000000,0.000000,False,4,3
828,2022-04-01,SDN,2464,SDN,3,0.450000,0.660000,0.200000,0.530000,0.050000,0.170000,0.000000,0.000000,False,3,3
829,2017-01-01,SDN,2465,SDN,3,0.740000,0.570000,0.200000,0.460000,0.000000,0.110000,0.000000,0.000000,False,3,3
829,2017-05-01,SDN,2466,SDN,4,0.930000,0.650000,0.740000,0.420000,0.250000,0.130000,0.000000,0.000000,False,4,3
829,2022-04-01,SDN,2467,SDN,3,0.450000,0.650000,0.200000,0.530000,0.050000,0.170000,0.000000,0.000000,False,3,3
1028,2021-04-01,SDN,2812,SDN,3,0.550000,0.580000,0.200000,0.240000,0.050000,0.060000,0.000000,0.000000,False,3,3
45,2018-02-01,SLV,122,SLV,2,0.590000,0.620000,0.000000,0.210000,0.000000,0.050000,0.000000,0.000000,False,2,3
45,2018-12-01,SLV,123,SLV,2,0.500000,0.620000,0.150000,0.210000,0.050000,0.060000,0.000000,0.000000,False,2,3
45,2019-11-01,SLV,124,SLV,3,0.700000,0.680000,0.250000,0.210000,0.030000,0.060000,0.000000,0.000000,False,3,3
45,2019-12-01,SLV,125,SLV,3,0.600000,0.610000,0.260000,0.200000,0.060000,0.080000,0.000000,0.000000,False,3,3
45,2020-10-01,SLV,126,SLV,2,0.200000,0.550000,0.050000,0.130000,0.000000,0.050000,0.000000,0.000000,False,2,2
45,2020-11-01,SLV,127,SLV,2,0.350000,0.630000,0.050000,0.120000,0.000000,0.040000,0.000000,0.000000,False,2,2
45,2020-12-01,SLV,128,SLV,3,0.720000,0.700000,0.300000,0.170000,0.030000,0.030000,0.000000,0.000000,False,3,2
45,2021-05-01,SLV,129,SLV,3,0.650000,0.690000,0.310000,0.400000,0.030000,0.080000,0.000000,0.000000,False,3,3
45,2021-11-01,SLV,130,SLV,2,0.230000,0.390000,0.060000,0.220000,0.000000,0.050000,0.000000,0.000000,False,2,3
45,2022-03-01,SLV,131,SLV,3,0.650000,0.630000,0.250000,0.240000,0.030000,0.040000,0.000000,0.000000,False,3,3
47,2018-02-01,SLV,137,SLV,2,0.590000,0.600000,0.000000,0.210000,0.000000,0.050000,0.000000,0.000000,False,2,3
47,2018-11-01,SLV,138,SLV,2,0.350000,0.550000,0.150000,0.220000,0.000000,0.060000,0.000000,0.000000,False,2,3
47,2018-12-01,SLV,139,SLV,2,0.380000,0.610000,0.150000,0.260000,0.000000,0.060000,0.000000,0.000000,False,2,3
47,2019-10-01,SLV,140,SLV,2,0.200000,0.530000,0.050000,0.170000,0.000000,0.050000,0.000000,0.000000,False,2,2
47,2019-11-01,SLV,141,SLV,3,0.550000,0.670000,0.300000,0.190000,0.050000,0.060000,0.000000,0.000000,False,3,2
47,2019-12-01,SLV,142,SLV,3,0.600000,0.620000,0.260000,0.200000,0.060000,0.080000,0.000000,0.000000,False,3,3
47,2020-08-01,SLV,143,SLV,3,0.630000,0.610000,0.290000,0.270000,0.030000,0.050000,0.000000,0.000000,False,3,3
47,2020-11-01,SLV,144,SLV,2,0.350000,0.550000,0.100000,0.190000,0.000000,0.040000,0.000000,0.000000,False,2,2
47,2020-12-01,SLV,145,SLV,3,0.700000,0.700000,0.350000,0.150000,0.050000,0.030000,0.000000,0.000000,False,3,2
47,2021-05-01,SLV,146,SLV,3,0.650000,0.590000,0.310000,0.400000,0.030000,0.080000,0.000000,0.000000,False,3,3
47,2021-07-01,SLV,147,SLV,2,0.720000,0.680000,0.180000,0.250000,0.020000,0.040000,0.000000,0.000000,False,2,3
47,2021-11-01,SLV,148,SLV,2,0.230000,0.440000,0.060000,0.220000,0.000000,0.050000,0.000000,0.000000,False,2,3
47,2021-12-01,SLV,149,SLV,3,0.630000,0.710000,0.230000,0.250000,0.030000,0.050000,0.000000,0.000000,False,3,3
47,2022-03-01,SLV,150,SLV,3,0.650000,0.630000,0.250000,0.220000,0.030000,0.040000,0.000000,0.000000,False,3,3
50,2018-02-01,SLV,173,SLV,2,0.590000,0.570000,0.000000,0.210000,0.000000,0.050000,0.000000,0.000000,False,2,3
50,2018-11-01,SLV,174,SLV,2,0.350000,0.530000,0.150000,0.220000,0.000000,0.100000,0.000000,0.000000,False,2,3
50,2018-12-01,SLV,175,SLV,2,0.550000,0.600000,0.180000,0.260000,0.030000,0.060000,0.000000,0.000000,False,2,3
50,2019-10-01,SLV,176,SLV,2,0.200000,0.530000,0.050000,0.170000,0.000000,0.050000,0.000000,0.000000,False,2,2
50,2019-11-01,SLV,177,SLV,3,0.550000,0.670000,0.300000,0.190000,0.050000,0.060000,0.000000,0.000000,False,3,2
50,2019-12-01,SLV,178,SLV,3,0.600000,0.640000,0.260000,0.200000,0.060000,0.080000,0.000000,0.000000,False,3,3
50,2020-08-01,SLV,179,SLV,3,0.630000,0.650000,0.290000,0.270000,0.030000,0.050000,0.000000,0.000000,False,3,3
50,2020-10-01,SLV,180,SLV,2,0.200000,0.540000,0.050000,0.130000,0.000000,0.050000,0.000000,0.000000,False,2,2
50,2020-11-01,SLV,181,SLV,2,0.300000,0.580000,0.100000,0.190000,0.000000,0.040000,0.000000,0.000000,False,2,2
50,2020-12-01,SLV,182,SLV,3,0.700000,0.700000,0.350000,0.160000,0.050000,0.030000,0.000000,0.000000,False,3,2
50,2021-05-01,SLV,183,SLV,3,0.650000,0.610000,0.310000,0.400000,0.030000,0.080000,0.000000,0.000000,False,3,3
50,2021-07-01,SLV,184,SLV,2,0.630000,0.700000,0.180000,0.270000,0.030000,0.040000,0.000000,0.000000,False,2,3
50,2021-11-01,SLV,185,SLV,2,0.230000,0.470000,0.060000,0.220000,0.000000,0.050000,0.000000,0.000000,False,2,3
50,2022-03-01,SLV,186,SLV,3,0.650000,0.640000,0.250000,0.220000,0.030000,0.040000,0.000000,0.000000,False,3,3
53,2018-02-01,SLV,201,SLV,2,0.590000,0.600000,0.000000,0.200000,0.000000,0.050000,0.000000,0.000000,False,2,3
53,2018-11-01,SLV,202,SLV,2,0.350000,0.530000,0.150000,0.220000,0.000000,0.060000,0.000000,0.000000,False,2,3
53,2019-12-01,SLV,203,SLV,3,0.600000,0.610000,0.260000,0.190000,0.060000,0.080000,0.000000,0.000000,False,3,2
53,2021-07-01,SLV,204,SLV,2,0.650000,0.560000,0.190000,0.240000,0.020000,0.040000,0.000000,0.000000,False,2,3
53,2021-11-01,SLV,205,SLV,2,0.230000,0.400000,0.060000,0.220000,0.000000,0.050000,0.000000,0.000000,False,2,3
54,2018-02-01,SLV,206,SLV,1,0.110000,0.520000,0.000000,0.210000,0.000000,0.050000,0.000000,0.000000,False,1,3
54,2018-11-01,SLV,207,SLV,2,0.360000,0.460000,0.110000,0.220000,0.030000,0.070000,0.000000,0.000000,False,2,3
54,2018-12-01,SLV,208,SLV,2,0.550000,0.610000,0.180000,0.270000,0.030000,0.060000,0.000000,0.000000,False,2,3
54,2019-10-01,SLV,209,SLV,2,0.200000,0.490000,0.050000,0.190000,0.000000,0.050000,0.000000,0.000000,False,2,2
54,2019-11-01,SLV,210,SLV,2,0.470000,0.650000,0.140000,0.240000,0.040000,0.060000,0.000000,0.000000,False,2,3
54,2021-07-01,SLV,211,SLV,2,0.620000,0.570000,0.120000,0.240000,0.020000,0.040000,0.000000,0.000000,False,2,3
54,2022-03-01,SLV,212,SLV,3,0.650000,0.630000,0.250000,0.230000,0.030000,0.040000,0.000000,0.000000,False,3,3
57,2018-02-01,SLV,241,SLV,1,0.110000,0.570000,0.000000,0.200000,0.000000,0.050000,0.000000,0.000000,False,1,3
57,2018-11-01,SLV,242,SLV,2,0.360000,0.480000,0.110000,0.200000,0.030000,0.070000,0.000000,0.000000,False,2,3
57,2019-10-01,SLV,243,SLV,2,0.200000,0.510000,0.050000,0.160000,0.000000,0.050000,0.000000,0.000000,False,2,2
57,2019-11-01,SLV,244,SLV,2,0.470000,0.660000,0.140000,0.230000,0.040000,0.060000,0.000000,0.000000,False,2,3
57,2019-12-01,SLV,245,SLV,2,0.380000,0.610000,0.080000,0.210000,0.030000,0.080000,0.000000,0.000000,False,2,3
57,2020-08-01,SLV,246,SLV,3,0.580000,0.670000,0.200000,0.270000,0.020000,0.050000,0.000000,0.000000,False,2,3
57,2020-11-01,SLV,247,SLV,2,0.250000,0.610000,0.050000,0.200000,0.000000,0.040000,0.000000,0.000000,False,2,3
57,2021-05-01,SLV,248,SLV,2,0.800000,0.650000,0.180000,0.380000,0.000000,0.080000,0.000000,0.000000,False,2,3
57,2021-11-01,SLV,249,SLV,2,0.230000,0.480000,0.060000,0.190000,0.000000,0.050000,0.000000,0.000000,False,2,2
57,2021-12-01,SLV,250,SLV,3,0.740000,0.680000,0.320000,0.290000,0.040000,0.050000,0.000000,0.000000,False,3,3
57,2022-03-01,SLV,251,SLV,2,0.450000,0.610000,0.150000,0.230000,0.000000,0.040000,0.000000,0.000000,False,2,3
60,2018-02-01,SLV,278,SLV,1,0.110000,0.500000,0.000000,0.200000,0.000000,0.050000,0.000000,0.000000,False,1,3
60,2018-11-01,SLV,279,SLV,2,0.360000,0.440000,0.110000,0.220000,0.030000,0.110000,0.000000,0.000000,False,2,3
60,2018-12-01,SLV,280,SLV,2,0.430000,0.620000,0.160000,0.200000,0.020000,0.060000,0.000000,0.000000,False,2,3
60,2019-10-01,SLV,281,SLV,2,0.200000,0.500000,0.050000,0.170000,0.000000,0.050000,0.000000,0.000000,False,2,2
60,2019-11-01,SLV,282,SLV,2,0.500000,0.620000,0.130000,0.180000,0.030000,0.060000,0.000000,0.000000,False,2,2
60,2019-12-01,SLV,283,SLV,2,0.380000,0.600000,0.080000,0.210000,0.030000,0.080000,0.000000,0.000000,False,2,3
60,2020-08-01,SLV,284,SLV,3,0.580000,0.680000,0.200000,0.260000,0.020000,0.050000,0.000000,0.000000,False,2,3
60,2020-11-01,SLV,285,SLV,2,0.400000,0.600000,0.050000,0.150000,0.000000,0.040000,0.000000,0.000000,False,2,2
60,2020-12-01,SLV,286,SLV,3,0.550000,0.600000,0.220000,0.150000,0.020000,0.030000,0.000000,0.000000,False,3,2
60,2021-05-01,SLV,287,SLV,2,0.800000,0.680000,0.180000,0.390000,0.000000,0.080000,0.000000,0.000000,False,2,3
60,2021-11-01,SLV,288,SLV,2,0.230000,0.420000,0.060000,0.200000,0.000000,0.050000,0.000000,0.000000,False,2,3
60,2022-03-01,SLV,289,SLV,2,0.450000,0.640000,0.150000,0.190000,0.000000,0.050000,0.000000,0.000000,False,2,2
63,2018-12-01,SLV,300,SLV,2,0.430000,0.620000,0.160000,0.230000,0.020000,0.060000,0.000000,0.000000,False,2,3
63,2019-11-01,SLV,301,SLV,2,0.500000,0.630000,0.130000,0.220000,0.030000,0.060000,0.000000,0.000000,False,2,3
63,2020-08-01,SLV,302,SLV,3,0.630000,0.660000,0.290000,0.270000,0.030000,0.050000,0.000000,0.000000,False,3,3
63,2020-11-01,SLV,303,SLV,2,0.400000,0.610000,0.050000,0.160000,0.000000,0.040000,0.000000,0.000000,False,2,2
63,2022-03-01,SLV,304,SLV,3,0.650000,0.580000,0.250000,0.210000,0.030000,0.040000,0.000000,0.000000,False,3,3
65,2018-02-01,SLV,309,SLV,1,0.090000,0.590000,0.000000,0.200000,0.000000,0.050000,0.000000,0.000000,False,1,3
65,2018-11-01,SLV,310,SLV,2,0.720000,0.480000,0.130000,0.230000,0.020000,0.070000,0.000000,0.000000,False,2,3
65,2018-12-01,SLV,311,SLV,2,0.430000,0.620000,0.160000,0.200000,0.020000,0.060000,0.000000,0.000000,False,2,3
65,2019-10-01,SLV,312,SLV,2,0.200000,0.510000,0.050000,0.170000,0.000000,0.050000,0.000000,0.000000,False,2,2
65,2019-11-01,SLV,313,SLV,2,0.500000,0.610000,0.130000,0.180000,0.030000,0.060000,0.000000,0.000000,False,2,2
65,2019-12-01,SLV,314,SLV,2,0.380000,0.580000,0.080000,0.200000,0.030000,0.080000,0.000000,0.000000,False,2,3
65,2020-08-01,SLV,315,SLV,3,0.580000,0.640000,0.200000,0.260000,0.020000,0.050000,0.000000,0.000000,False,2,3
65,2020-10-01,SLV,316,SLV,2,0.200000,0.550000,0.050000,0.120000,0.000000,0.050000,0.000000,0.000000,False,2,2
65,2020-11-01,SLV,317,SLV,2,0.450000,0.600000,0.100000,0.190000,0.030000,0.040000,0.000000,0.000000,False,2,2
65,2020-12-01,SLV,318,SLV,3,0.550000,0.590000,0.220000,0.150000,0.020000,0.030000,0.000000,0.000000,False,3,2
65,2021-05-01,SLV,319,SLV,2,0.800000,0.650000,0.180000,0.380000,0.000000,0.080000,0.000000,0.000000,False,2,3
65,2021-07-01,SLV,320,SLV,2,0.600000,0.700000,0.100000,0.240000,0.000000,0.040000,0.000000,0.000000,False,2,3
65,2021-11-01,SLV,321,SLV,2,0.230000,0.420000,0.060000,0.200000,0.000000,0.050000,0.000000,0.000000,False,2,3
65,2021-12-01,SLV,322,SLV,3,0.540000,0.640000,0.220000,0.250000,0.020000,0.050000,0.000000,0.000000,False,3,3
65,2022-03-01,SLV,323,SLV,2,0.450000,0.650000,0.150000,0.190000,0.000000,0.050000,0.000000,0.000000,False,2,2
66,2018-02-01,SLV,324,SLV,1,0.090000,0.600000,0.000000,0.200000,0.000000,0.050000,0.000000,0.000000,False,1,3
66,2018-11-01,SLV,325,SLV,2,0.720000,0.480000,0.130000,0.230000,0.020000,0.070000,0.000000,0.000000,False,2,3
66,2018-12-01,SLV,326,SLV,2,0.430000,0.630000,0.160000,0.200000,0.020000,0.060000,0.000000,0.000000,False,2,3
66,2019-10-01,SLV,327,SLV,2,0.200000,0.510000,0.050000,0.180000,0.000000,0.050000,0.000000,0.000000,False,2,2
66,2019-11-01,SLV,328,SLV,2,0.500000,0.640000,0.130000,0.180000,0.030000,0.060000,0.000000,0.000000,False,2,2
66,2019-12-01,SLV,329,SLV,2,0.380000,0.600000,0.080000,0.200000,0.030000,0.080000,0.000000,0.000000,False,2,3
66,2020-08-01,SLV,330,SLV,3,0.580000,0.650000,0.200000,0.260000,0.020000,0.050000,0.000000,0.000000,False,2,3
66,2020-10-01,SLV,331,SLV,2,0.200000,0.560000,0.050000,0.120000,0.000000,0.050000,0.000000,0.000000,False,2,2
66,2020-11-01,SLV,332,SLV,2,0.500000,0.580000,0.120000,0.180000,0.020000,0.040000,0.000000,0.000000,False,2,2
66,2020-12-01,SLV,333,SLV,3,0.550000,0.580000,0.220000,0.150000,0.020000,0.030000,0.000000,0.000000,False,3,2
66,2021-05-01,SLV,334,SLV,2,0.800000,0.660000,0.180000,0.380000,0.000000,0.080000,0.000000,0.000000,False,2,3
66,2021-07-01,SLV,335,SLV,2,0.650000,0.670000,0.100000,0.230000,0.000000,0.040000,0.000000,0.000000,False,2,3
66,2021-11-01,SLV,336,SLV,2,0.230000,0.410000,0.060000,0.200000,0.000000,0.050000,0.000000,0.000000,False,2,3
66,2021-12-01,SLV,337,SLV,3,0.540000,0.630000,0.220000,0.230000,0.020000,0.050000,0.000000,0.000000,False,3,3
66,2022-03-01,SLV,338,SLV,2,0.450000,0.630000,0.150000,0.200000,0.000000,0.050000,0.000000,0.000000,False,2,3
72,2018-02-01,SLV,389,SLV,1,0.090000,0.590000,0.000000,0.210000,0.000000,0.050000,0.000000,0.000000,False,1,3
72,2018-11-01,SLV,390,SLV,2,0.720000,0.510000,0.130000,0.220000,0.020000,0.070000,0.000000,0.000000,False,2,3
72,2018-12-01,SLV,391,SLV,2,0.430000,0.580000,0.160000,0.200000,0.020000,0.060000,0.000000,0.000000,False,2,3
72,2019-10-01,SLV,392,SLV,2,0.350000,0.550000,0.060000,0.200000,0.010000,0.050000,0.000000,0.000000,False,2,3
72,2019-11-01,SLV,393,SLV,2,0.500000,0.630000,0.130000,0.200000,0.030000,0.060000,0.000000,0.000000,False,2,3
72,2019-12-01,SLV,394,SLV,2,0.380000,0.590000,0.080000,0.180000,0.030000,0.080000,0.000000,0.000000,False,2,2
72,2020-08-01,SLV,395,SLV,3,0.580000,0.670000,0.200000,0.270000,0.020000,0.050000,0.000000,0.000000,False,2,3
72,2020-10-01,SLV,396,SLV,2,0.500000,0.610000,0.100000,0.170000,0.010000,0.050000,0.000000,0.000000,False,2,2
72,2020-12-01,SLV,397,SLV,3,0.550000,0.570000,0.220000,0.150000,0.020000,0.030000,0.000000,0.000000,False,3,2
72,2021-05-01,SLV,398,SLV,2,0.800000,0.630000,0.180000,0.380000,0.000000,0.080000,0.000000,0.000000,False,2,3
72,2021-07-01,SLV,399,SLV,2,0.600000,0.670000,0.110000,0.270000,0.010000,0.040000,0.000000,0.000000,False,2,3
72,2021-11-01,SLV,400,SLV,2,0.440000,0.520000,0.100000,0.250000,0.000000,0.050000,0.000000,0.000000,False,2,3
72,2021-12-01,SLV,401,SLV,3,0.540000,0.600000,0.220000,0.250000,0.020000,0.050000,0.000000,0.000000,False,3,3
72,2022-03-01,SLV,402,SLV,2,0.450000,0.510000,0.150000,0.190000,0.000000,0.040000,0.000000,0.000000,False,2,2
73,2018-02-01,SLV,403,SLV,1,0.090000,0.560000,0.000000,0.210000,0.000000,0.050000,0.000000,0.000000,False,1,3
73,2018-11-01,SLV,404,SLV,2,0.720000,0.490000,0.130000,0.220000,0.020000,0.070000,0.000000,0.000000,False,2,3
73,2018-12-01,SLV,405,SLV,2,0.430000,0.620000,0.160000,0.200000,0.020000,0.060000,0.000000,0.000000,False,2,3
73,2019-10-01,SLV,406,SLV,2,0.350000,0.540000,0.060000,0.200000,0.010000,0.050000,0.000000,0.000000,False,2,3
73,2019-11-01,SLV,407,SLV,2,0.500000,0.620000,0.130000,0.180000,0.030000,0.060000,0.000000,0.000000,False,2,2
73,2019-12-01,SLV,408,SLV,2,0.380000,0.610000,0.080000,0.190000,0.030000,0.080000,0.000000,0.000000,False,2,2
73,2020-10-01,SLV,409,SLV,2,0.500000,0.600000,0.100000,0.150000,0.010000,0.050000,0.000000,0.000000,False,2,2
73,2020-11-01,SLV,410,SLV,2,0.460000,0.540000,0.100000,0.190000,0.000000,0.040000,0.000000,0.000000,False,2,2
73,2020-12-01,SLV,411,SLV,3,0.550000,0.570000,0.220000,0.140000,0.020000,0.030000,0.000000,0.000000,False,3,2
73,2021-05-01,SLV,412,SLV,2,0.800000,0.600000,0.180000,0.370000,0.000000,0.080000,0.000000,0.000000,False,2,3
73,2021-07-01,SLV,413,SLV,2,0.580000,0.640000,0.130000,0.280000,0.010000,0.040000,0.000000,0.000000,False,2,3
73,2021-11-01,SLV,414,SLV,2,0.440000,0.550000,0.100000,0.250000,0.000000,0.050000,0.000000,0.000000,False,2,3
73,2022-03-01,SLV,415,SLV,2,0.450000,0.560000,0.150000,0.210000,0.000000,0.040000,0.000000,0.000000,False,2,3
77,2018-02-01,SLV,437,SLV,1,0.090000,0.580000,0.000000,0.220000,0.000000,0.060000,0.000000,0.000000,False,1,3
77,2018-11-01,SLV,438,SLV,2,0.470000,0.620000,0.120000,0.250000,0.020000,0.100000,0.000000,0.000000,False,2,3
77,2018-12-01,SLV,439,SLV,2,0.430000,0.610000,0.160000,0.210000,0.020000,0.070000,0.000000,0.000000,False,2,3
77,2019-10-01,SLV,440,SLV,2,0.350000,0.540000,0.060000,0.210000,0.010000,0.060000,0.000000,0.000000,False,2,3
77,2019-11-01,SLV,441,SLV,2,0.500000,0.660000,0.130000,0.210000,0.030000,0.070000,0.000000,0.000000,False,2,3
77,2019-12-01,SLV,442,SLV,2,0.380000,0.610000,0.080000,0.210000,0.030000,0.090000,0.000000,0.000000,False,2,3
77,2020-08-01,SLV,443,SLV,3,0.580000,0.680000,0.200000,0.280000,0.020000,0.060000,0.000000,0.000000,False,2,3
77,2020-10-01,SLV,444,SLV,2,0.500000,0.610000,0.100000,0.180000,0.010000,0.060000,0.000000,0.000000,False,2,2
77,2020-12-01,SLV,445,SLV,3,0.550000,0.560000,0.220000,0.160000,0.020000,0.030000,0.000000,0.000000,False,3,2
77,2021-05-01,SLV,446,SLV,2,0.800000,0.640000,0.180000,0.390000,0.000000,0.080000,0.000000,0.000000,False,2,3
77,2021-07-01,SLV,447,SLV,3,0.660000,0.680000,0.220000,0.250000,0.020000,0.040000,0.000000,0.000000,False,3,3
77,2021-11-01,SLV,448,SLV,2,0.440000,0.510000,0.100000,0.250000,0.000000,0.050000,0.000000,0.000000,False,2,3
77,2021-12-01,SLV,449,SLV,3,0.540000,0.610000,0.220000,0.260000,0.020000,0.050000,0.000000,0.000000,False,3,3
77,2022-03-01,SLV,450,SLV,2,0.450000,0.560000,0.150000,0.210000,0.000000,0.050000,0.000000,0.000000,False,2,3
1177,2019-07-01,SOM,3004,SOM,2,0.550000,0.680000,0.060000,0.210000,0.020000,0.080000,0.000000,0.000000,False,2,3
1178,2019-07-01,SOM,3005,SOM,2,0.550000,0.680000,0.060000,0.210000,0.020000,0.080000,0.000000,0.000000,False,2,3
1181,2017-07-01,SOM,3006,SOM,2,0.310000,0.470000,0.150000,0.190000,0.000000,0.050000,0.000000,0.000000,False,2,2
1181,2018-01-01,SOM,3007,SOM,2,0.210000,0.500000,0.090000,0.160000,0.000000,0.050000,0.000000,0.000000,False,2,2
1181,2019-01-01,SOM,3008,SOM,1,0.150000,0.600000,0.010000,0.180000,0.000000,0.060000,0.000000,0.000000,False,1,2
1181,2019-07-01,SOM,3009,SOM,1,0.190000,0.640000,0.110000,0.180000,0.020000,0.050000,0.000000,0.000000,False,1,2
1181,2020-02-01,SOM,3010,SOM,2,0.450000,0.590000,0.100000,0.180000,0.000000,0.040000,0.000000,0.000000,False,2,2
1182,2017-07-01,SOM,3011,SOM,2,0.290000,0.510000,0.100000,0.240000,0.000000,0.050000,0.000000,0.000000,False,2,3
1182,2018-01-01,SOM,3012,SOM,1,0.150000,0.580000,0.010000,0.160000,0.000000,0.050000,0.000000,0.000000,False,1,2
1182,2019-01-01,SOM,3013,SOM,1,0.150000,0.600000,0.030000,0.220000,0.010000,0.060000,0.000000,0.000000,False,1,3
1182,2020-01-01,SOM,3014,SOM,2,0.270000,0.500000,0.060000,0.190000,0.000000,0.040000,0.000000,0.000000,False,2,2
1182,2020-02-01,SOM,3015,SOM,2,0.450000,0.540000,0.100000,0.160000,0.000000,0.040000,0.000000,0.000000,False,2,2
1182,2020-08-01,SOM,3016,SOM,2,0.500000,0.590000,0.100000,0.170000,0.000000,0.060000,0.000000,0.000000,False,2,2
1182,2021-01-01,SOM,3017,SOM,2,0.290000,0.650000,0.130000,0.220000,0.010000,0.050000,0.000000,0.000000,False,2,3
1182,2021-02-01,SOM,3018,SOM,2,0.600000,0.560000,0.150000,0.160000,0.050000,0.050000,0.000000,0.000000,False,2,2
1182,2021-07-01,SOM,3019,SOM,2,0.270000,0.600000,0.090000,0.150000,0.010000,0.060000,0.000000,0.000000,False,2,2
1182,2022-01-01,SOM,3020,SOM,3,0.470000,0.530000,0.230000,0.220000,0.040000,0.060000,0.000000,0.000000,False,3,3
1182,2022-05-01,SOM,3021,SOM,3,0.670000,0.590000,0.410000,0.240000,0.130000,0.060000,0.000000,0.000000,False,3,3
1182,2022-10-01,SOM,3022,SOM,1,0.150000,0.560000,0.050000,0.210000,0.000000,0.060000,0.000000,0.000000,False,1,3
1183,2017-07-01,SOM,3023,SOM,2,0.280000,0.470000,0.140000,0.230000,0.000000,0.070000,0.000000,0.000000,False,2,3
1183,2018-01-01,SOM,3024,SOM,1,0.090000,0.430000,0.000000,0.160000,0.000000,0.060000,0.000000,0.000000,False,1,2
1183,2019-07-01,SOM,3025,SOM,2,0.550000,0.670000,0.060000,0.190000,0.020000,0.070000,0.000000,0.000000,False,2,2
1183,2021-01-01,SOM,3026,SOM,2,0.370000,0.530000,0.150000,0.210000,0.040000,0.060000,0.000000,0.000000,False,2,3
1183,2021-07-01,SOM,3027,SOM,2,0.460000,0.630000,0.150000,0.250000,0.010000,0.070000,0.000000,0.000000,False,2,3
1183,2022-01-01,SOM,3028,SOM,2,0.400000,0.730000,0.130000,0.270000,0.000000,0.070000,0.000000,0.000000,False,2,3
1183,2022-02-01,SOM,3029,SOM,3,0.700000,0.760000,0.350000,0.280000,0.100000,0.070000,0.000000,0.000000,False,3,3
1184,2017-07-01,SOM,3030,SOM,2,0.280000,0.470000,0.140000,0.230000,0.000000,0.070000,0.000000,0.000000,False,2,3
1184,2018-01-01,SOM,3031,SOM,1,0.090000,0.450000,0.000000,0.160000,0.000000,0.060000,0.000000,0.000000,False,1,2
1184,2019-07-01,SOM,3032,SOM,2,0.550000,0.660000,0.060000,0.200000,0.020000,0.060000,0.000000,0.000000,False,2,3
1184,2021-01-01,SOM,3033,SOM,2,0.370000,0.530000,0.150000,0.210000,0.040000,0.070000,0.000000,0.000000,False,2,3
1184,2021-07-01,SOM,3034,SOM,2,0.460000,0.650000,0.150000,0.250000,0.010000,0.070000,0.000000,0.000000,False,2,3
1184,2022-01-01,SOM,3035,SOM,2,0.400000,0.720000,0.130000,0.270000,0.000000,0.070000,0.000000,0.000000,False,2,3
1184,2022-02-01,SOM,3036,SOM,3,0.700000,0.730000,0.350000,0.280000,0.100000,0.070000,0.000000,0.000000,False,3,3
1185,2017-07-01,SOM,3037,SOM,3,0.400000,0.470000,0.210000,0.280000,0.040000,0.060000,0.000000,0.000000,False,3,3
1185,2019-07-01,SOM,3038,SOM,2,0.470000,0.650000,0.090000,0.240000,0.020000,0.060000,0.000000,0.000000,False,2,3
1188,2017-07-01,SOM,3039,SOM,3,0.400000,0.540000,0.210000,0.280000,0.040000,0.060000,0.000000,0.000000,False,3,3
1188,2019-01-01,SOM,3040,SOM,1,0.170000,0.690000,0.020000,0.250000,0.000000,0.060000,0.000000,0.000000,False,1,3
1188,2019-07-01,SOM,3041,SOM,2,0.470000,0.670000,0.090000,0.250000,0.020000,0.060000,0.000000,0.000000,False,2,3
1188,2020-01-01,SOM,3042,SOM,2,0.430000,0.540000,0.080000,0.200000,0.010000,0.050000,0.000000,0.000000,False,2,3
1188,2020-02-01,SOM,3043,SOM,2,0.500000,0.630000,0.150000,0.190000,0.050000,0.050000,0.000000,0.000000,False,2,2
1188,2020-08-01,SOM,3044,SOM,2,0.600000,0.640000,0.150000,0.210000,0.050000,0.060000,0.000000,0.000000,False,2,3
1188,2021-01-01,SOM,3045,SOM,2,0.400000,0.570000,0.140000,0.260000,0.010000,0.070000,0.000000,0.000000,False,2,3
1188,2021-02-01,SOM,3046,SOM,3,0.600000,0.630000,0.200000,0.180000,0.050000,0.060000,0.000000,0.000000,False,3,2
1188,2021-07-01,SOM,3047,SOM,2,0.460000,0.660000,0.150000,0.180000,0.010000,0.060000,0.000000,0.000000,False,2,2
1188,2022-01-01,SOM,3048,SOM,2,0.400000,0.590000,0.130000,0.240000,0.000000,0.060000,0.000000,0.000000,False,2,3
1188,2022-02-01,SOM,3049,SOM,3,0.700000,0.620000,0.350000,0.240000,0.100000,0.070000,0.000000,0.000000,False,3,3
1188,2022-05-01,SOM,3050,SOM,3,0.740000,0.670000,0.440000,0.260000,0.130000,0.060000,0.000000,0.000000,False,3,3
1188,2022-07-01,SOM,3051,SOM,3,0.500000,0.510000,0.300000,0.230000,0.050000,0.060000,0.000000,0.000000,False,3,3
1189,2017-07-01,SOM,3052,SOM,3,0.350000,0.480000,0.230000,0.230000,0.010000,0.070000,0.000000,0.000000,False,3,3
1189,2019-01-01,SOM,3053,SOM,1,0.040000,0.600000,0.000000,0.220000,0.000000,0.060000,0.000000,0.000000,False,1,3
1189,2020-02-01,SOM,3054,SOM,2,0.500000,0.620000,0.150000,0.220000,0.050000,0.050000,0.000000,0.000000,False,2,3
1189,2020-08-01,SOM,3055,SOM,2,0.600000,0.620000,0.150000,0.190000,0.050000,0.080000,0.000000,0.000000,False,2,2
1189,2021-01-01,SOM,3056,SOM,2,0.430000,0.540000,0.150000,0.200000,0.020000,0.060000,0.000000,0.000000,False,2,3
1189,2021-02-01,SOM,3057,SOM,3,0.600000,0.670000,0.200000,0.220000,0.050000,0.060000,0.000000,0.000000,False,3,3
1189,2022-01-01,SOM,3058,SOM,2,0.400000,0.680000,0.130000,0.280000,0.000000,0.070000,0.000000,0.000000,False,2,3
1189,2022-02-01,SOM,3059,SOM,3,0.700000,0.690000,0.350000,0.280000,0.100000,0.070000,0.000000,0.000000,False,3,3
1189,2022-10-01,SOM,3060,SOM,2,0.350000,0.540000,0.150000,0.270000,0.000000,0.060000,0.000000,0.000000,False,2,3
1190,2017-07-01,SOM,3061,SOM,2,0.290000,0.470000,0.100000,0.200000,0.000000,0.060000,0.000000,0.000000,False,2,3
1190,2018-01-01,SOM,3062,SOM,1,0.150000,0.560000,0.010000,0.180000,0.000000,0.060000,0.000000,0.000000,False,1,2
1190,2019-01-01,SOM,3063,SOM,1,0.150000,0.570000,0.030000,0.240000,0.010000,0.060000,0.000000,0.000000,False,1,3
1190,2019-07-01,SOM,3064,SOM,2,0.200000,0.600000,0.080000,0.250000,0.020000,0.060000,0.000000,0.000000,False,1,3
1190,2020-01-01,SOM,3065,SOM,2,0.270000,0.510000,0.060000,0.200000,0.000000,0.050000,0.000000,0.000000,False,2,3
1190,2020-07-01,SOM,3066,SOM,2,0.200000,0.580000,0.090000,0.240000,0.010000,0.060000,0.000000,0.000000,False,2,3
1190,2021-01-01,SOM,3067,SOM,2,0.290000,0.610000,0.130000,0.210000,0.010000,0.060000,0.000000,0.000000,False,2,3
1190,2021-07-01,SOM,3068,SOM,2,0.270000,0.570000,0.090000,0.150000,0.010000,0.060000,0.000000,0.000000,False,2,2
1190,2022-01-01,SOM,3069,SOM,3,0.470000,0.520000,0.230000,0.210000,0.040000,0.060000,0.000000,0.000000,False,3,3
1190,2022-05-01,SOM,3070,SOM,3,0.670000,0.580000,0.410000,0.230000,0.130000,0.060000,0.000000,0.000000,False,3,3
1190,2022-07-01,SOM,3071,SOM,2,0.350000,0.530000,0.150000,0.190000,0.050000,0.060000,0.000000,0.000000,False,2,2
1190,2022-10-01,SOM,3072,SOM,2,0.350000,0.540000,0.150000,0.220000,0.050000,0.060000,0.000000,0.000000,False,2,3
1195,2017-07-01,SOM,3082,SOM,2,0.290000,0.500000,0.100000,0.220000,0.000000,0.050000,0.000000,0.000000,False,2,3
1195,2019-01-01,SOM,3083,SOM,1,0.150000,0.560000,0.030000,0.250000,0.010000,0.060000,0.000000,0.000000,False,1,3
1195,2019-07-01,SOM,3084,SOM,2,0.200000,0.610000,0.080000,0.250000,0.020000,0.050000,0.000000,0.000000,False,1,3
1195,2020-01-01,SOM,3085,SOM,2,0.270000,0.510000,0.060000,0.200000,0.000000,0.040000,0.000000,0.000000,False,2,3
1195,2020-07-01,SOM,3086,SOM,2,0.200000,0.600000,0.090000,0.230000,0.010000,0.050000,0.000000,0.000000,False,2,3
1195,2021-01-01,SOM,3087,SOM,2,0.290000,0.580000,0.130000,0.230000,0.010000,0.050000,0.000000,0.000000,False,2,3
1195,2021-07-01,SOM,3088,SOM,2,0.270000,0.560000,0.090000,0.150000,0.010000,0.060000,0.000000,0.000000,False,2,2
1195,2022-01-01,SOM,3089,SOM,3,0.470000,0.530000,0.230000,0.200000,0.040000,0.060000,0.000000,0.000000,False,3,3
1195,2022-05-01,SOM,3090,SOM,3,0.670000,0.620000,0.410000,0.210000,0.130000,0.060000,0.000000,0.000000,False,3,3
1195,2022-07-01,SOM,3091,SOM,2,0.350000,0.520000,0.150000,0.180000,0.050000,0.060000,0.000000,0.000000,False,2,2
1195,2022-10-01,SOM,3092,SOM,2,0.350000,0.540000,0.150000,0.180000,0.050000,0.060000,0.000000,0.000000,False,2,2
1196,2017-07-01,SOM,3093,SOM,3,0.380000,0.630000,0.230000,0.220000,0.020000,0.060000,0.000000,0.000000,False,3,3
1196,2018-01-01,SOM,3094,SOM,1,0.140000,0.580000,0.000000,0.180000,0.000000,0.060000,0.000000,0.000000,False,1,2
1196,2019-01-01,SOM,3095,SOM,1,0.050000,0.660000,0.000000,0.280000,0.000000,0.060000,0.000000,0.000000,False,1,3
1196,2019-07-01,SOM,3096,SOM,2,0.490000,0.750000,0.020000,0.350000,0.000000,0.060000,0.000000,0.000000,False,2,3
1196,2020-01-01,SOM,3097,SOM,3,0.660000,0.580000,0.220000,0.220000,0.060000,0.060000,0.000000,0.000000,False,3,3
1196,2020-02-01,SOM,3098,SOM,2,0.500000,0.600000,0.150000,0.260000,0.050000,0.060000,0.000000,0.000000,False,2,3
1196,2020-07-01,SOM,3099,SOM,2,0.430000,0.670000,0.130000,0.330000,0.040000,0.060000,0.000000,0.000000,False,2,3
1196,2020-08-01,SOM,3100,SOM,2,0.600000,0.700000,0.150000,0.350000,0.050000,0.060000,0.000000,0.000000,False,2,3
1196,2021-01-01,SOM,3101,SOM,2,0.480000,0.600000,0.150000,0.270000,0.010000,0.070000,0.000000,0.000000,False,2,3
1196,2021-02-01,SOM,3102,SOM,3,0.600000,0.600000,0.200000,0.240000,0.050000,0.060000,0.000000,0.000000,False,3,3
1196,2021-07-01,SOM,3103,SOM,2,0.460000,0.630000,0.150000,0.310000,0.010000,0.060000,0.000000,0.000000,False,2,3
1196,2022-01-01,SOM,3104,SOM,2,0.400000,0.650000,0.130000,0.310000,0.000000,0.060000,0.000000,0.000000,False,2,3
1196,2022-02-01,SOM,3105,SOM,3,0.700000,0.690000,0.350000,0.320000,0.100000,0.060000,0.000000,0.000000,False,3,3
1196,2022-05-01,SOM,3106,SOM,3,0.740000,0.740000,0.440000,0.320000,0.130000,0.060000,0.000000,0.000000,False,3,3
1196,2022-07-01,SOM,3107,SOM,3,0.500000,0.590000,0.300000,0.260000,0.050000,0.060000,0.000000,0.000000,False,3,3
1196,2022-10-01,SOM,3108,SOM,2,0.350000,0.610000,0.150000,0.330000,0.000000,0.070000,0.000000,0.000000,False,2,3
1197,2017-07-01,SOM,3109,SOM,3,0.380000,0.630000,0.230000,0.220000,0.020000,0.060000,0.000000,0.000000,False,3,3
1197,2018-01-01,SOM,3110,SOM,1,0.140000,0.580000,0.000000,0.180000,0.000000,0.060000,0.000000,0.000000,False,1,2
1197,2019-01-01,SOM,3111,SOM,1,0.050000,0.660000,0.000000,0.280000,0.000000,0.060000,0.000000,0.000000,False,1,3
1197,2019-07-01,SOM,3112,SOM,2,0.490000,0.750000,0.020000,0.350000,0.000000,0.060000,0.000000,0.000000,False,2,3
1197,2020-01-01,SOM,3113,SOM,3,0.660000,0.580000,0.220000,0.220000,0.060000,0.060000,0.000000,0.000000,False,3,3
1197,2020-02-01,SOM,3114,SOM,2,0.500000,0.600000,0.150000,0.260000,0.050000,0.060000,0.000000,0.000000,False,2,3
1197,2020-07-01,SOM,3115,SOM,2,0.430000,0.670000,0.130000,0.330000,0.040000,0.060000,0.000000,0.000000,False,2,3
1197,2020-08-01,SOM,3116,SOM,2,0.600000,0.700000,0.150000,0.350000,0.050000,0.060000,0.000000,0.000000,False,2,3
1197,2021-01-01,SOM,3117,SOM,2,0.480000,0.600000,0.150000,0.270000,0.010000,0.070000,0.000000,0.000000,False,2,3
1197,2021-02-01,SOM,3118,SOM,3,0.600000,0.600000,0.200000,0.240000,0.050000,0.060000,0.000000,0.000000,False,3,3
1197,2021-07-01,SOM,3119,SOM,2,0.460000,0.630000,0.150000,0.310000,0.010000,0.060000,0.000000,0.000000,False,2,3
1197,2022-01-01,SOM,3120,SOM,2,0.400000,0.650000,0.130000,0.310000,0.000000,0.060000,0.000000,0.000000,False,2,3
1197,2022-02-01,SOM,3121,SOM,3,0.700000,0.690000,0.350000,0.320000,0.100000,0.060000,0.000000,0.000000,False,3,3
1197,2022-05-01,SOM,3122,SOM,3,0.740000,0.740000,0.440000,0.320000,0.130000,0.060000,0.000000,0.000000,False,3,3
1197,2022-07-01,SOM,3123,SOM,3,0.500000,0.590000,0.300000,0.260000,0.050000,0.060000,0.000000,0.000000,False,3,3
1197,2022-10-01,SOM,3124,SOM,2,0.350000,0.610000,0.150000,0.330000,0.000000,0.070000,0.000000,0.000000,False,2,3
1199,2021-05-01,SOM,3130,SOM,3,0.800000,0.690000,0.400000,0.240000,0.050000,0.060000,0.000000,0.000000,False,3,3
1200,2019-07-01,SOM,3131,SOM,2,0.430000,0.610000,0.140000,0.210000,0.010000,0.070000,0.000000,0.000000,False,2,3
1200,2020-01-01,SOM,3132,SOM,2,0.380000,0.500000,0.130000,0.210000,0.010000,0.040000,0.000000,0.000000,False,2,3
1200,2022-10-01,SOM,3133,SOM,3,0.650000,0.480000,0.450000,0.230000,0.150000,0.050000,0.000000,0.000000,False,3,3
1203,2019-01-01,SOM,3134,SOM,3,0.670000,0.690000,0.270000,0.230000,0.070000,0.060000,0.000000,0.000000,False,3,3
1203,2020-08-01,SOM,3135,SOM,2,0.600000,0.610000,0.150000,0.240000,0.050000,0.070000,0.000000,0.000000,False,2,3
1203,2021-05-01,SOM,3136,SOM,3,0.800000,0.700000,0.400000,0.230000,0.050000,0.060000,0.000000,0.000000,False,3,3
1203,2021-07-01,SOM,3137,SOM,2,0.460000,0.710000,0.150000,0.240000,0.010000,0.060000,0.000000,0.000000,False,2,3
1203,2022-02-01,SOM,3138,SOM,3,0.700000,0.700000,0.350000,0.260000,0.100000,0.080000,0.000000,0.000000,False,3,3
1203,2022-10-01,SOM,3139,SOM,3,0.550000,0.540000,0.350000,0.310000,0.100000,0.060000,0.000000,0.000000,False,3,3
1204,2019-01-01,SOM,3140,SOM,3,0.670000,0.670000,0.270000,0.220000,0.070000,0.060000,0.000000,0.000000,False,3,3
1204,2020-08-01,SOM,3141,SOM,2,0.600000,0.620000,0.150000,0.220000,0.050000,0.060000,0.000000,0.000000,False,2,3
1204,2021-05-01,SOM,3142,SOM,3,0.800000,0.680000,0.400000,0.220000,0.050000,0.070000,0.000000,0.000000,False,3,3
1204,2021-07-01,SOM,3143,SOM,2,0.460000,0.680000,0.150000,0.220000,0.010000,0.060000,0.000000,0.000000,False,2,3
1204,2022-02-01,SOM,3144,SOM,3,0.700000,0.700000,0.350000,0.250000,0.100000,0.070000,0.000000,0.000000,False,3,3
1204,2022-10-01,SOM,3145,SOM,3,0.550000,0.380000,0.350000,0.210000,0.050000,0.050000,0.000000,0.000000,False,3,3
1207,2017-07-01,SOM,3146,SOM,3,0.400000,0.500000,0.210000,0.280000,0.040000,0.060000,0.000000,0.000000,False,3,3
1207,2019-01-01,SOM,3147,SOM,1,0.170000,0.600000,0.020000,0.240000,0.000000,0.060000,0.000000,0.000000,False,1,3
1207,2019-07-01,SOM,3148,SOM,2,0.470000,0.680000,0.090000,0.250000,0.020000,0.060000,0.000000,0.000000,False,2,3
1207,2020-01-01,SOM,3149,SOM,2,0.430000,0.520000,0.080000,0.190000,0.010000,0.050000,0.000000,0.000000,False,2,2
1207,2021-01-01,SOM,3150,SOM,2,0.400000,0.550000,0.140000,0.260000,0.010000,0.070000,0.000000,0.000000,False,2,3
1207,2021-07-01,SOM,3151,SOM,2,0.460000,0.670000,0.150000,0.190000,0.010000,0.060000,0.000000,0.000000,False,2,2
1207,2022-01-01,SOM,3152,SOM,2,0.400000,0.610000,0.130000,0.280000,0.000000,0.060000,0.000000,0.000000,False,2,3
1207,2022-05-01,SOM,3153,SOM,3,0.740000,0.670000,0.440000,0.280000,0.130000,0.060000,0.000000,0.000000,False,3,3
1207,2022-07-01,SOM,3154,SOM,3,0.550000,0.530000,0.350000,0.240000,0.050000,0.050000,0.000000,0.000000,False,3,3
1208,2019-07-01,SOM,3155,SOM,2,0.360000,0.590000,0.130000,0.220000,0.000000,0.050000,0.000000,0.000000,False,2,3
1211,2017-07-01,SOM,3157,SOM,3,0.380000,0.540000,0.230000,0.230000,0.020000,0.070000,0.000000,0.000000,False,3,3
1211,2018-01-01,SOM,3158,SOM,1,0.140000,0.480000,0.000000,0.210000,0.000000,0.080000,0.000000,0.000000,False,1,3
1211,2019-01-01,SOM,3159,SOM,1,0.050000,0.670000,0.000000,0.280000,0.000000,0.070000,0.000000,0.000000,False,1,3
1211,2019-07-01,SOM,3160,SOM,2,0.490000,0.730000,0.020000,0.270000,0.000000,0.070000,0.000000,0.000000,False,2,3
1211,2020-07-01,SOM,3161,SOM,2,0.430000,0.620000,0.130000,0.250000,0.040000,0.070000,0.000000,0.000000,False,2,3
1211,2020-08-01,SOM,3162,SOM,2,0.600000,0.560000,0.150000,0.200000,0.050000,0.090000,0.000000,0.000000,False,2,3
1211,2021-01-01,SOM,3163,SOM,2,0.480000,0.650000,0.150000,0.250000,0.010000,0.080000,0.000000,0.000000,False,2,3
1211,2021-02-01,SOM,3164,SOM,3,0.600000,0.560000,0.200000,0.200000,0.050000,0.070000,0.000000,0.000000,False,3,3
1211,2021-07-01,SOM,3165,SOM,2,0.460000,0.600000,0.150000,0.220000,0.010000,0.070000,0.000000,0.000000,False,2,3
1211,2022-01-01,SOM,3166,SOM,2,0.400000,0.600000,0.130000,0.280000,0.000000,0.070000,0.000000,0.000000,False,2,3
1211,2022-05-01,SOM,3167,SOM,3,0.740000,0.620000,0.440000,0.270000,0.130000,0.070000,0.000000,0.000000,False,3,3
1211,2022-07-01,SOM,3168,SOM,3,0.400000,0.510000,0.200000,0.230000,0.050000,0.070000,0.000000,0.000000,False,3,3
1212,2019-07-01,SOM,3169,SOM,2,0.430000,0.570000,0.140000,0.200000,0.010000,0.060000,0.000000,0.000000,False,2,3
1212,2020-01-01,SOM,3170,SOM,2,0.380000,0.480000,0.130000,0.150000,0.010000,0.050000,0.000000,0.000000,False,2,2
1212,2022-10-01,SOM,3171,SOM,2,0.350000,0.480000,0.150000,0.250000,0.000000,0.060000,0.000000,0.000000,False,2,3
1213,2017-07-01,SOM,3172,SOM,3,0.520000,0.520000,0.390000,0.300000,0.160000,0.060000,0.000000,0.000000,False,3,3
1214,2017-07-01,SOM,3173,SOM,3,0.340000,0.500000,0.210000,0.260000,0.020000,0.060000,0.000000,0.000000,False,3,3
1214,2019-01-01,SOM,3174,SOM,1,0.130000,0.650000,0.010000,0.210000,0.000000,0.060000,0.000000,0.000000,False,1,3
1214,2019-07-01,SOM,3175,SOM,2,0.470000,0.630000,0.060000,0.240000,0.010000,0.050000,0.000000,0.000000,False,2,3
1214,2020-01-01,SOM,3176,SOM,2,0.430000,0.570000,0.040000,0.240000,0.000000,0.050000,0.000000,0.000000,False,2,3
1214,2021-01-01,SOM,3177,SOM,2,0.370000,0.520000,0.140000,0.180000,0.020000,0.060000,0.000000,0.000000,False,2,2
1214,2021-07-01,SOM,3178,SOM,2,0.460000,0.720000,0.150000,0.250000,0.010000,0.060000,0.000000,0.000000,False,2,3
1214,2022-05-01,SOM,3179,SOM,3,0.740000,0.690000,0.440000,0.270000,0.130000,0.050000,0.000000,0.000000,False,3,3
1214,2022-07-01,SOM,3180,SOM,3,0.550000,0.550000,0.350000,0.230000,0.050000,0.060000,0.000000,0.000000,False,3,3
1214,2022-10-01,SOM,3181,SOM,3,0.550000,0.380000,0.350000,0.240000,0.050000,0.050000,0.000000,0.000000,False,3,3
1216,2017-07-01,SOM,3184,SOM,2,0.310000,0.500000,0.070000,0.220000,0.000000,0.050000,0.000000,0.000000,False,2,3
1216,2019-01-01,SOM,3185,SOM,1,0.190000,0.580000,0.010000,0.230000,0.000000,0.060000,0.000000,0.000000,False,1,3
1216,2019-07-01,SOM,3186,SOM,2,0.360000,0.610000,0.130000,0.300000,0.000000,0.060000,0.000000,0.000000,False,2,3
1216,2020-01-01,SOM,3187,SOM,2,0.380000,0.510000,0.130000,0.200000,0.000000,0.050000,0.000000,0.000000,False,2,3
1216,2020-07-01,SOM,3188,SOM,2,0.370000,0.610000,0.160000,0.220000,0.040000,0.060000,0.000000,0.000000,False,2,3
1216,2021-01-01,SOM,3189,SOM,2,0.360000,0.480000,0.140000,0.210000,0.000000,0.060000,0.000000,0.000000,False,2,3
1216,2022-01-01,SOM,3190,SOM,3,0.440000,0.580000,0.210000,0.210000,0.040000,0.070000,0.000000,0.000000,False,3,3
1216,2022-10-01,SOM,3191,SOM,2,0.350000,0.510000,0.150000,0.250000,0.000000,0.060000,0.000000,0.000000,False,2,3
1217,2017-07-01,SOM,3192,SOM,2,0.310000,0.500000,0.070000,0.220000,0.000000,0.050000,0.000000,0.000000,False,2,3
1217,2019-01-01,SOM,3193,SOM,1,0.190000,0.580000,0.010000,0.230000,0.000000,0.060000,0.000000,0.000000,False,1,3
1217,2019-07-01,SOM,3194,SOM,2,0.360000,0.610000,0.130000,0.300000,0.000000,0.060000,0.000000,0.000000,False,2,3
1217,2020-01-01,SOM,3195,SOM,2,0.380000,0.510000,0.130000,0.200000,0.000000,0.050000,0.000000,0.000000,False,2,3
1217,2020-07-01,SOM,3196,SOM,2,0.370000,0.610000,0.160000,0.220000,0.040000,0.060000,0.000000,0.000000,False,2,3
1217,2021-01-01,SOM,3197,SOM,2,0.360000,0.480000,0.140000,0.210000,0.000000,0.060000,0.000000,0.000000,False,2,3
1217,2022-01-01,SOM,3198,SOM,3,0.440000,0.580000,0.210000,0.210000,0.040000,0.070000,0.000000,0.000000,False,3,3
1217,2022-10-01,SOM,3199,SOM,2,0.350000,0.510000,0.150000,0.250000,0.000000,0.060000,0.000000,0.000000,False,2,3
1218,2019-01-01,SOM,3200,SOM,1,0.190000,0.550000,0.010000,0.190000,0.000000,0.060000,0.000000,0.000000,False,1,2
1218,2019-07-01,SOM,3201,SOM,2,0.360000,0.600000,0.130000,0.200000,0.000000,0.050000,0.000000,0.000000,False,2,3
1220,2017-07-01,SOM,3206,SOM,3,0.430000,0.430000,0.280000,0.190000,0.000000,0.050000,0.000000,0.000000,False,3,2
1220,2018-01-01,SOM,3207,SOM,3,0.420000,0.540000,0.250000,0.120000,0.000000,0.050000,0.000000,0.000000,False,3,2
1220,2019-07-01,SOM,3208,SOM,3,0.360000,0.590000,0.200000,0.230000,0.020000,0.050000,0.000000,0.000000,False,2,3
1220,2020-01-01,SOM,3209,SOM,2,0.400000,0.480000,0.110000,0.170000,0.000000,0.040000,0.000000,0.000000,False,2,2
1220,2020-07-01,SOM,3210,SOM,2,0.290000,0.500000,0.130000,0.160000,0.030000,0.050000,0.000000,0.000000,False,2,2
1220,2021-01-01,SOM,3211,SOM,3,0.420000,0.420000,0.210000,0.180000,0.020000,0.050000,0.000000,0.000000,False,3,2
1220,2021-07-01,SOM,3212,SOM,2,0.270000,0.610000,0.090000,0.180000,0.010000,0.050000,0.000000,0.000000,False,2,2
1220,2022-01-01,SOM,3213,SOM,3,0.470000,0.500000,0.230000,0.220000,0.040000,0.060000,0.000000,0.000000,False,3,3
1220,2022-05-01,SOM,3214,SOM,3,0.670000,0.590000,0.410000,0.250000,0.130000,0.060000,0.000000,0.000000,False,3,3
1220,2022-07-01,SOM,3215,SOM,2,0.350000,0.520000,0.150000,0.180000,0.000000,0.050000,0.000000,0.000000,False,2,2
1220,2022-10-01,SOM,3216,SOM,2,0.350000,0.560000,0.150000,0.180000,0.000000,0.050000,0.000000,0.000000,False,2,2
1222,2017-07-01,SOM,3217,SOM,3,0.340000,0.480000,0.210000,0.250000,0.020000,0.060000,0.000000,0.000000,False,3,3
1222,2019-01-01,SOM,3218,SOM,1,0.130000,0.640000,0.010000,0.210000,0.000000,0.060000,0.000000,0.000000,False,1,3
1222,2019-07-01,SOM,3219,SOM,2,0.470000,0.620000,0.060000,0.230000,0.010000,0.050000,0.000000,0.000000,False,2,3
1222,2020-01-01,SOM,3220,SOM,2,0.430000,0.570000,0.040000,0.230000,0.000000,0.050000,0.000000,0.000000,False,2,3
1222,2021-01-01,SOM,3221,SOM,2,0.370000,0.540000,0.140000,0.170000,0.020000,0.060000,0.000000,0.000000,False,2,2
1222,2021-05-01,SOM,3222,SOM,3,0.800000,0.720000,0.400000,0.230000,0.050000,0.070000,0.000000,0.000000,False,3,3
1222,2021-07-01,SOM,3223,SOM,2,0.460000,0.720000,0.150000,0.250000,0.010000,0.060000,0.000000,0.000000,False,2,3
1222,2022-05-01,SOM,3224,SOM,3,0.740000,0.670000,0.440000,0.260000,0.130000,0.050000,0.000000,0.000000,False,3,3
1222,2022-07-01,SOM,3225,SOM,3,0.500000,0.600000,0.300000,0.230000,0.050000,0.060000,0.000000,0.000000,False,3,3
1222,2022-10-01,SOM,3226,SOM,2,0.350000,0.460000,0.150000,0.240000,0.000000,0.050000,0.000000,0.000000,False,2,3
1223,2018-01-01,SOM,3227,SOM,3,0.420000,0.580000,0.250000,0.180000,0.000000,0.050000,0.000000,0.000000,False,3,2
1223,2019-07-01,SOM,3228,SOM,3,0.360000,0.590000,0.200000,0.240000,0.020000,0.050000,0.000000,0.000000,False,2,3
1223,2020-01-01,SOM,3229,SOM,2,0.400000,0.510000,0.110000,0.200000,0.000000,0.050000,0.000000,0.000000,False,2,3
1223,2020-07-01,SOM,3230,SOM,2,0.290000,0.550000,0.130000,0.190000,0.030000,0.050000,0.000000,0.000000,False,2,2
1223,2021-01-01,SOM,3231,SOM,3,0.420000,0.520000,0.210000,0.210000,0.020000,0.050000,0.000000,0.000000,False,3,3
1223,2021-07-01,SOM,3232,SOM,2,0.270000,0.590000,0.090000,0.180000,0.010000,0.050000,0.000000,0.000000,False,2,2
1223,2022-01-01,SOM,3233,SOM,3,0.470000,0.570000,0.230000,0.230000,0.040000,0.060000,0.000000,0.000000,False,3,3
1223,2022-07-01,SOM,3234,SOM,2,0.350000,0.590000,0.150000,0.270000,0.000000,0.060000,0.000000,0.000000,False,2,3
1223,2022-10-01,SOM,3235,SOM,2,0.350000,0.490000,0.150000,0.220000,0.000000,0.060000,0.000000,0.000000,False,2,3
1224,2019-01-01,SOM,3236,SOM,1,0.190000,0.560000,0.010000,0.190000,0.000000,0.060000,0.000000,0.000000,False,1,2
1224,2019-07-01,SOM,3237,SOM,2,0.360000,0.580000,0.130000,0.190000,0.000000,0.060000,0.000000,0.000000,False,2,2
1225,2018-01-01,SOM,3238,SOM,2,0.300000,0.630000,0.090000,0.240000,0.000000,0.070000,0.000000,0.000000,False,2,3
1225,2019-01-01,SOM,3239,SOM,2,0.220000,0.650000,0.070000,0.280000,0.000000,0.070000,0.000000,0.000000,False,2,3
1225,2019-07-01,SOM,3240,SOM,3,0.420000,0.680000,0.200000,0.290000,0.040000,0.060000,0.000000,0.000000,False,3,3
1225,2020-01-01,SOM,3241,SOM,2,0.260000,0.610000,0.080000,0.240000,0.010000,0.050000,0.000000,0.000000,False,2,3
1225,2020-07-01,SOM,3242,SOM,2,0.330000,0.620000,0.120000,0.280000,0.020000,0.050000,0.000000,0.000000,False,2,3
1226,2018-01-01,SOM,3243,SOM,3,0.420000,0.540000,0.250000,0.190000,0.000000,0.060000,0.000000,0.000000,False,3,2
1226,2019-07-01,SOM,3244,SOM,3,0.360000,0.600000,0.200000,0.230000,0.020000,0.060000,0.000000,0.000000,False,2,3
1226,2020-01-01,SOM,3245,SOM,2,0.400000,0.500000,0.110000,0.200000,0.000000,0.050000,0.000000,0.000000,False,2,3
1226,2020-07-01,SOM,3246,SOM,2,0.290000,0.510000,0.130000,0.190000,0.030000,0.050000,0.000000,0.000000,False,2,2
1226,2021-01-01,SOM,3247,SOM,3,0.420000,0.520000,0.210000,0.180000,0.020000,0.050000,0.000000,0.000000,False,3,2
1226,2021-07-01,SOM,3248,SOM,2,0.270000,0.630000,0.090000,0.160000,0.010000,0.050000,0.000000,0.000000,False,2,2
1226,2022-01-01,SOM,3249,SOM,3,0.470000,0.570000,0.230000,0.230000,0.040000,0.060000,0.000000,0.000000,False,3,3
1226,2022-07-01,SOM,3250,SOM,3,0.400000,0.540000,0.200000,0.220000,0.000000,0.060000,0.000000,0.000000,False,3,3
1226,2022-10-01,SOM,3251,SOM,2,0.300000,0.550000,0.150000,0.290000,0.000000,0.060000,0.000000,0.000000,False,2,3
1227,2017-07-01,SOM,3252,SOM,4,0.530000,0.660000,0.420000,0.280000,0.220000,0.060000,0.000000,0.000000,False,4,3
1227,2018-01-01,SOM,3253,SOM,2,0.290000,0.660000,0.090000,0.190000,0.000000,0.060000,0.000000,0.000000,False,2,2
1227,2019-01-01,SOM,3254,SOM,2,0.270000,0.590000,0.080000,0.250000,0.000000,0.070000,0.000000,0.000000,False,2,3
1227,2019-07-01,SOM,3255,SOM,3,0.410000,0.690000,0.240000,0.250000,0.040000,0.060000,0.000000,0.000000,False,3,3
1227,2021-01-01,SOM,3256,SOM,2,0.390000,0.500000,0.100000,0.250000,0.000000,0.070000,0.000000,0.000000,False,2,3
1227,2021-07-01,SOM,3257,SOM,3,0.410000,0.580000,0.210000,0.210000,0.040000,0.070000,0.000000,0.000000,False,3,3
1227,2022-01-01,SOM,3258,SOM,2,0.390000,0.650000,0.180000,0.310000,0.010000,0.070000,0.000000,0.000000,False,2,3
1228,2017-07-01,SOM,3259,SOM,4,0.530000,0.650000,0.420000,0.270000,0.220000,0.060000,0.000000,0.000000,False,4,3
1228,2018-01-01,SOM,3260,SOM,2,0.290000,0.640000,0.090000,0.190000,0.000000,0.060000,0.000000,0.000000,False,2,2
1228,2019-01-01,SOM,3261,SOM,2,0.270000,0.660000,0.080000,0.250000,0.000000,0.070000,0.000000,0.000000,False,2,3
1228,2019-07-01,SOM,3262,SOM,3,0.410000,0.720000,0.240000,0.250000,0.040000,0.060000,0.000000,0.000000,False,3,3
1228,2021-01-01,SOM,3263,SOM,2,0.390000,0.500000,0.100000,0.250000,0.000000,0.070000,0.000000,0.000000,False,2,3
1228,2021-07-01,SOM,3264,SOM,3,0.410000,0.590000,0.210000,0.210000,0.040000,0.070000,0.000000,0.000000,False,3,3
1228,2022-01-01,SOM,3265,SOM,2,0.390000,0.650000,0.180000,0.310000,0.010000,0.070000,0.000000,0.000000,False,2,3
1228,2022-05-01,SOM,3266,SOM,4,0.760000,0.690000,0.520000,0.280000,0.210000,0.070000,0.030000,0.000000,False,4,3
1231,2017-07-01,SOM,3267,SOM,3,0.520000,0.530000,0.390000,0.320000,0.160000,0.060000,0.000000,0.000000,False,3,3
1231,2018-01-01,SOM,3268,SOM,2,0.300000,0.640000,0.090000,0.270000,0.000000,0.060000,0.000000,0.000000,False,2,3
1231,2019-01-01,SOM,3269,SOM,2,0.220000,0.680000,0.070000,0.290000,0.000000,0.070000,0.000000,0.000000,False,2,3
1231,2019-07-01,SOM,3270,SOM,3,0.420000,0.680000,0.200000,0.290000,0.040000,0.060000,0.000000,0.000000,False,3,3
1231,2020-01-01,SOM,3271,SOM,2,0.260000,0.620000,0.080000,0.240000,0.010000,0.050000,0.000000,0.000000,False,2,3
1231,2020-07-01,SOM,3272,SOM,2,0.330000,0.650000,0.120000,0.270000,0.020000,0.050000,0.000000,0.000000,False,2,3
1231,2021-01-01,SOM,3273,SOM,2,0.410000,0.660000,0.130000,0.270000,0.010000,0.060000,0.000000,0.000000,False,2,3
1231,2021-07-01,SOM,3274,SOM,3,0.410000,0.670000,0.210000,0.170000,0.040000,0.060000,0.000000,0.000000,False,3,2
1231,2022-01-01,SOM,3275,SOM,2,0.390000,0.560000,0.180000,0.260000,0.010000,0.070000,0.000000,0.000000,False,2,3
1231,2022-05-01,SOM,3276,SOM,4,0.760000,0.690000,0.520000,0.260000,0.210000,0.060000,0.030000,0.000000,False,4,3
1231,2022-10-01,SOM,3277,SOM,3,0.600000,0.530000,0.400000,0.260000,0.150000,0.060000,0.050000,0.000000,False,3,3
1238,2022-01-01,SOM,3290,SOM,3,0.450000,0.690000,0.210000,0.270000,0.050000,0.080000,0.000000,0.000000,False,3,3
1238,2022-07-01,SOM,3291,SOM,2,0.300000,0.510000,0.100000,0.210000,0.000000,0.070000,0.000000,0.000000,False,2,3
1238,2022-10-01,SOM,3292,SOM,2,0.300000,0.420000,0.100000,0.220000,0.000000,0.050000,0.000000,0.000000,False,2,3
1241,2017-07-01,SOM,3296,SOM,2,0.370000,0.540000,0.140000,0.200000,0.000000,0.050000,0.000000,0.000000,False,2,3
1241,2019-01-01,SOM,3297,SOM,1,0.170000,0.640000,0.010000,0.230000,0.000000,0.060000,0.000000,0.000000,False,1,3
1241,2019-07-01,SOM,3298,SOM,2,0.350000,0.640000,0.140000,0.230000,0.000000,0.060000,0.000000,0.000000,False,2,3
1241,2020-01-01,SOM,3299,SOM,2,0.340000,0.540000,0.100000,0.190000,0.000000,0.050000,0.000000,0.000000,False,2,2
1241,2020-07-01,SOM,3300,SOM,2,0.270000,0.580000,0.130000,0.220000,0.030000,0.060000,0.000000,0.000000,False,2,3
1241,2021-01-01,SOM,3301,SOM,2,0.260000,0.570000,0.110000,0.230000,0.000000,0.060000,0.000000,0.000000,False,2,3
1241,2022-01-01,SOM,3302,SOM,3,0.440000,0.570000,0.210000,0.250000,0.040000,0.060000,0.000000,0.000000,False,3,3
1241,2022-10-01,SOM,3303,SOM,2,0.400000,0.500000,0.150000,0.200000,0.050000,0.060000,0.000000,0.000000,False,2,3
1243,2022-05-01,SOM,3306,SOM,4,0.760000,0.640000,0.520000,0.270000,0.210000,0.060000,0.030000,0.000000,False,4,3
1249,2019-07-01,SOM,3310,SOM,2,0.440000,0.680000,0.040000,0.290000,0.010000,0.070000,0.000000,0.000000,False,2,3
1249,2020-01-01,SOM,3311,SOM,2,0.290000,0.600000,0.060000,0.250000,0.000000,0.080000,0.000000,0.000000,False,2,3
1249,2022-01-01,SOM,3312,SOM,2,0.300000,0.640000,0.080000,0.290000,0.010000,0.080000,0.000000,0.000000,False,2,3
1249,2022-03-01,SOM,3313,SOM,3,0.800000,0.610000,0.400000,0.310000,0.050000,0.080000,0.000000,0.000000,False,3,3
1249,2022-05-01,SOM,3314,SOM,3,0.470000,0.640000,0.200000,0.280000,0.030000,0.080000,0.000000,0.000000,False,3,3
1252,2019-07-01,SOM,3319,SOM,2,0.440000,0.660000,0.040000,0.270000,0.010000,0.070000,0.000000,0.000000,False,2,3
1252,2020-01-01,SOM,3320,SOM,2,0.290000,0.600000,0.060000,0.260000,0.000000,0.080000,0.000000,0.000000,False,2,3
1252,2022-01-01,SOM,3321,SOM,2,0.300000,0.610000,0.080000,0.280000,0.010000,0.080000,0.000000,0.000000,False,2,3
1252,2022-03-01,SOM,3322,SOM,3,0.800000,0.600000,0.400000,0.300000,0.050000,0.080000,0.000000,0.000000,False,3,3
1252,2022-05-01,SOM,3323,SOM,3,0.470000,0.600000,0.200000,0.270000,0.030000,0.080000,0.000000,0.000000,False,3,3
1254,2017-07-01,SOM,3325,SOM,4,0.540000,0.510000,0.440000,0.270000,0.220000,0.060000,0.000000,0.000000,False,4,3
1254,2019-07-01,SOM,3326,SOM,2,0.460000,0.710000,0.130000,0.270000,0.020000,0.050000,0.000000,0.000000,False,2,3
1254,2022-01-01,SOM,3327,SOM,3,0.450000,0.670000,0.210000,0.270000,0.050000,0.070000,0.000000,0.000000,False,3,3
1254,2022-05-01,SOM,3328,SOM,3,0.700000,0.690000,0.480000,0.270000,0.180000,0.050000,0.010000,0.000000,False,3,3
1254,2022-07-01,SOM,3329,SOM,3,0.550000,0.530000,0.350000,0.220000,0.100000,0.070000,0.000000,0.000000,False,3,3
1254,2022-10-01,SOM,3330,SOM,3,0.550000,0.470000,0.350000,0.220000,0.100000,0.060000,0.000000,0.000000,False,3,3
1255,2017-07-01,SOM,3331,SOM,2,0.370000,0.590000,0.140000,0.240000,0.000000,0.050000,0.000000,0.000000,False,2,3
1255,2019-07-01,SOM,3332,SOM,2,0.350000,0.640000,0.140000,0.260000,0.000000,0.050000,0.000000,0.000000,False,2,3
1255,2020-01-01,SOM,3333,SOM,2,0.340000,0.540000,0.100000,0.220000,0.000000,0.040000,0.000000,0.000000,False,2,3
1255,2021-01-01,SOM,3334,SOM,2,0.260000,0.620000,0.110000,0.240000,0.000000,0.050000,0.000000,0.000000,False,2,3
1255,2022-10-01,SOM,3335,SOM,2,0.350000,0.500000,0.150000,0.210000,0.000000,0.050000,0.000000,0.000000,False,2,3
1257,2017-07-01,SOM,3338,SOM,4,0.540000,0.500000,0.440000,0.270000,0.220000,0.060000,0.000000,0.000000,False,4,3
1257,2019-07-01,SOM,3339,SOM,2,0.460000,0.720000,0.130000,0.280000,0.020000,0.060000,0.000000,0.000000,False,2,3
1257,2022-05-01,SOM,3340,SOM,3,0.700000,0.700000,0.480000,0.280000,0.180000,0.050000,0.010000,0.000000,False,3,3
1257,2022-10-01,SOM,3341,SOM,3,0.550000,0.480000,0.350000,0.220000,0.100000,0.060000,0.000000,0.000000,False,3,3
1258,2019-01-01,SOM,3342,SOM,3,0.760000,0.670000,0.420000,0.240000,0.130000,0.080000,0.000000,0.000000,False,3,3
1276,2017-07-01,SOM,3364,SOM,4,0.540000,0.600000,0.440000,0.270000,0.220000,0.060000,0.000000,0.000000,False,4,3
1276,2018-01-01,SOM,3365,SOM,2,0.280000,0.530000,0.110000,0.240000,0.000000,0.060000,0.000000,0.000000,False,2,3
1276,2019-07-01,SOM,3366,SOM,2,0.460000,0.720000,0.130000,0.270000,0.020000,0.060000,0.000000,0.000000,False,2,3
1276,2020-07-01,SOM,3367,SOM,2,0.240000,0.560000,0.100000,0.240000,0.020000,0.060000,0.000000,0.000000,False,2,3
1276,2020-10-01,SOM,3368,SOM,3,0.700000,0.590000,0.350000,0.210000,0.050000,0.070000,0.000000,0.000000,False,3,3
1276,2021-01-01,SOM,3369,SOM,2,0.290000,0.550000,0.100000,0.210000,0.010000,0.060000,0.000000,0.000000,False,2,3
1276,2021-05-01,SOM,3370,SOM,3,0.800000,0.610000,0.400000,0.220000,0.050000,0.070000,0.000000,0.000000,False,3,3
1276,2021-07-01,SOM,3371,SOM,2,0.260000,0.600000,0.110000,0.240000,0.020000,0.060000,0.000000,0.000000,False,2,3
1276,2022-01-01,SOM,3372,SOM,3,0.450000,0.690000,0.210000,0.280000,0.050000,0.070000,0.000000,0.000000,False,3,3
1276,2022-05-01,SOM,3373,SOM,3,0.700000,0.670000,0.480000,0.280000,0.180000,0.050000,0.010000,0.000000,False,3,3
1276,2022-07-01,SOM,3374,SOM,4,0.550000,0.540000,0.350000,0.230000,0.100000,0.070000,0.000000,0.000000,False,3,3
1276,2022-10-01,SOM,3375,SOM,3,0.550000,0.480000,0.350000,0.230000,0.100000,0.070000,0.000000,0.000000,False,3,3
1284,2017-07-01,SOM,3381,SOM,4,0.540000,0.640000,0.440000,0.300000,0.220000,0.080000,0.000000,0.000000,False,4,3
1284,2018-01-01,SOM,3382,SOM,2,0.280000,0.560000,0.110000,0.250000,0.000000,0.070000,0.000000,0.000000,False,2,3
1284,2019-07-01,SOM,3383,SOM,2,0.460000,0.750000,0.130000,0.290000,0.020000,0.070000,0.000000,0.000000,False,2,3
1284,2020-07-01,SOM,3384,SOM,2,0.240000,0.590000,0.100000,0.250000,0.020000,0.080000,0.000000,0.000000,False,2,3
1284,2021-01-01,SOM,3385,SOM,2,0.290000,0.510000,0.100000,0.230000,0.010000,0.080000,0.000000,0.000000,False,2,3
1284,2021-07-01,SOM,3386,SOM,2,0.260000,0.610000,0.110000,0.250000,0.020000,0.070000,0.000000,0.000000,False,2,3
1284,2022-01-01,SOM,3387,SOM,3,0.450000,0.690000,0.210000,0.280000,0.050000,0.070000,0.000000,0.000000,False,3,3
1284,2022-05-01,SOM,3388,SOM,3,0.700000,0.730000,0.480000,0.280000,0.180000,0.070000,0.010000,0.000000,False,3,3
1284,2022-07-01,SOM,3389,SOM,4,0.850000,0.580000,0.650000,0.230000,0.350000,0.070000,0.100000,0.000000,False,4,3
1284,2022-10-01,SOM,3390,SOM,4,0.850000,0.530000,0.650000,0.230000,0.350000,0.070000,0.100000,0.000000,False,4,3
1288,2019-01-01,SOM,3394,SOM,1,0.090000,0.620000,0.030000,0.150000,0.000000,0.060000,0.000000,0.000000,False,1,2
1293,2017-07-01,SOM,3397,SOM,3,0.510000,0.700000,0.390000,0.300000,0.150000,0.070000,0.000000,0.000000,False,3,3
1293,2018-01-01,SOM,3398,SOM,2,0.280000,0.700000,0.060000,0.250000,0.000000,0.070000,0.000000,0.000000,False,2,3
1293,2019-01-01,SOM,3399,SOM,3,0.480000,0.710000,0.200000,0.300000,0.030000,0.070000,0.000000,0.000000,False,3,3
1293,2019-07-01,SOM,3400,SOM,2,0.410000,0.710000,0.190000,0.300000,0.030000,0.060000,0.000000,0.000000,False,2,3
1293,2020-01-01,SOM,3401,SOM,2,0.370000,0.590000,0.140000,0.270000,0.030000,0.060000,0.000000,0.000000,False,2,3
1293,2020-07-01,SOM,3402,SOM,2,0.360000,0.650000,0.140000,0.240000,0.030000,0.070000,0.000000,0.000000,False,2,3
1293,2021-01-01,SOM,3403,SOM,2,0.460000,0.650000,0.170000,0.220000,0.020000,0.070000,0.000000,0.000000,False,2,3
1293,2021-07-01,SOM,3404,SOM,3,0.410000,0.680000,0.210000,0.190000,0.040000,0.070000,0.000000,0.000000,False,3,2
1293,2022-01-01,SOM,3405,SOM,2,0.390000,0.630000,0.180000,0.280000,0.010000,0.070000,0.000000,0.000000,False,2,3
1293,2022-05-01,SOM,3406,SOM,4,0.760000,0.730000,0.520000,0.270000,0.210000,0.070000,0.030000,0.000000,False,4,3
1293,2022-07-01,SOM,3407,SOM,4,1.000000,0.600000,0.950000,0.240000,0.500000,0.060000,0.150000,0.000000,False,4,3
1293,2022-10-01,SOM,3408,SOM,4,1.000000,0.640000,0.950000,0.290000,0.500000,0.070000,0.150000,0.000000,False,4,3
1301,2019-01-01,SOM,3420,SOM,1,0.090000,0.610000,0.030000,0.160000,0.000000,0.060000,0.000000,0.000000,False,1,2
1301,2020-01-01,SOM,3421,SOM,2,0.260000,0.490000,0.040000,0.150000,0.010000,0.050000,0.000000,0.000000,False,2,2
1308,2017-07-01,SOM,3423,SOM,3,0.490000,0.670000,0.350000,0.330000,0.150000,0.060000,0.000000,0.000000,False,3,3
1308,2018-01-01,SOM,3424,SOM,2,0.280000,0.680000,0.100000,0.240000,0.000000,0.050000,0.000000,0.000000,False,2,3
1308,2019-01-01,SOM,3425,SOM,2,0.260000,0.750000,0.080000,0.280000,0.000000,0.070000,0.000000,0.000000,False,2,3
1308,2019-07-01,SOM,3426,SOM,3,0.370000,0.690000,0.230000,0.350000,0.040000,0.060000,0.000000,0.000000,False,3,3
1308,2020-01-01,SOM,3427,SOM,2,0.200000,0.590000,0.040000,0.250000,0.000000,0.050000,0.000000,0.000000,False,2,3
1308,2020-07-01,SOM,3428,SOM,2,0.320000,0.660000,0.120000,0.300000,0.020000,0.060000,0.000000,0.000000,False,2,3
1308,2021-01-01,SOM,3429,SOM,2,0.360000,0.620000,0.100000,0.290000,0.000000,0.060000,0.000000,0.000000,False,2,3
1308,2021-07-01,SOM,3430,SOM,3,0.410000,0.600000,0.210000,0.270000,0.040000,0.060000,0.000000,0.000000,False,3,3
1308,2022-01-01,SOM,3431,SOM,2,0.390000,0.660000,0.180000,0.290000,0.010000,0.070000,0.000000,0.000000,False,2,3
1308,2022-05-01,SOM,3432,SOM,4,0.760000,0.750000,0.520000,0.280000,0.210000,0.070000,0.030000,0.000000,False,4,3
1308,2022-07-01,SOM,3433,SOM,4,1.000000,0.640000,0.900000,0.250000,0.400000,0.060000,0.100000,0.000000,False,4,3
1308,2022-10-01,SOM,3434,SOM,4,1.000000,0.640000,0.900000,0.370000,0.400000,0.070000,0.100000,0.000000,False,4,3
1309,2017-07-01,SOM,3435,SOM,3,0.490000,0.670000,0.350000,0.320000,0.150000,0.060000,0.000000,0.000000,False,3,3
1309,2018-01-01,SOM,3436,SOM,2,0.280000,0.670000,0.100000,0.240000,0.000000,0.050000,0.000000,0.000000,False,2,3
1309,2019-01-01,SOM,3437,SOM,2,0.260000,0.750000,0.080000,0.280000,0.000000,0.070000,0.000000,0.000000,False,2,3
1309,2019-07-01,SOM,3438,SOM,3,0.370000,0.690000,0.230000,0.340000,0.040000,0.060000,0.000000,0.000000,False,3,3
1309,2020-01-01,SOM,3439,SOM,2,0.200000,0.580000,0.040000,0.250000,0.000000,0.050000,0.000000,0.000000,False,2,3
1309,2020-07-01,SOM,3440,SOM,2,0.320000,0.660000,0.120000,0.300000,0.020000,0.060000,0.000000,0.000000,False,2,3
1309,2021-01-01,SOM,3441,SOM,2,0.360000,0.620000,0.100000,0.290000,0.000000,0.060000,0.000000,0.000000,False,2,3
1309,2021-07-01,SOM,3442,SOM,3,0.410000,0.610000,0.210000,0.270000,0.040000,0.060000,0.000000,0.000000,False,3,3
1309,2022-01-01,SOM,3443,SOM,2,0.390000,0.660000,0.180000,0.290000,0.010000,0.070000,0.000000,0.000000,False,2,3
1309,2022-05-01,SOM,3444,SOM,4,0.760000,0.750000,0.520000,0.280000,0.210000,0.070000,0.030000,0.000000,False,4,3
1309,2022-07-01,SOM,3445,SOM,4,1.000000,0.640000,0.900000,0.250000,0.400000,0.060000,0.100000,0.000000,False,4,3
1309,2022-10-01,SOM,3446,SOM,4,1.000000,0.640000,0.900000,0.360000,0.400000,0.070000,0.100000,0.000000,False,4,3
1324,2017-07-01,SOM,3454,SOM,3,0.510000,0.710000,0.390000,0.270000,0.150000,0.050000,0.000000,0.000000,False,3,3
1324,2018-01-01,SOM,3455,SOM,2,0.280000,0.630000,0.060000,0.230000,0.000000,0.050000,0.000000,0.000000,False,2,3
1324,2019-01-01,SOM,3456,SOM,3,0.480000,0.700000,0.200000,0.290000,0.030000,0.070000,0.000000,0.000000,False,3,3
1324,2019-07-01,SOM,3457,SOM,2,0.410000,0.720000,0.190000,0.270000,0.030000,0.050000,0.000000,0.000000,False,2,3
1324,2020-01-01,SOM,3458,SOM,2,0.370000,0.570000,0.140000,0.250000,0.030000,0.040000,0.000000,0.000000,False,2,3
1324,2020-07-01,SOM,3459,SOM,2,0.360000,0.620000,0.140000,0.230000,0.030000,0.050000,0.000000,0.000000,False,2,3
1324,2021-01-01,SOM,3460,SOM,2,0.460000,0.600000,0.170000,0.210000,0.020000,0.050000,0.000000,0.000000,False,2,3
1324,2021-07-01,SOM,3461,SOM,3,0.410000,0.650000,0.210000,0.190000,0.040000,0.070000,0.000000,0.000000,False,3,2
1324,2022-01-01,SOM,3462,SOM,2,0.390000,0.630000,0.180000,0.280000,0.010000,0.070000,0.000000,0.000000,False,2,3
1324,2022-05-01,SOM,3463,SOM,4,0.760000,0.720000,0.520000,0.260000,0.210000,0.060000,0.030000,0.000000,False,4,3
1324,2022-07-01,SOM,3464,SOM,4,1.000000,0.590000,0.950000,0.240000,0.500000,0.060000,0.150000,0.000000,False,4,3
1324,2022-10-01,SOM,3465,SOM,4,1.000000,0.600000,0.950000,0.270000,0.500000,0.070000,0.150000,0.000000,False,4,3
1333,2020-01-01,SOM,3480,SOM,1,0.180000,0.480000,0.040000,0.140000,0.020000,0.050000,0.000000,0.000000,False,1,2
1351,2018-01-01,SOM,3491,SOM,3,0.440000,0.550000,0.290000,0.150000,0.000000,0.060000,0.000000,0.000000,False,3,2
1351,2019-07-01,SOM,3492,SOM,2,0.290000,0.620000,0.000000,0.220000,0.000000,0.060000,0.000000,0.000000,False,2,3
1351,2020-01-01,SOM,3493,SOM,1,0.180000,0.480000,0.040000,0.170000,0.020000,0.050000,0.000000,0.000000,False,1,2
1351,2021-01-01,SOM,3494,SOM,2,0.230000,0.520000,0.060000,0.200000,0.000000,0.060000,0.000000,0.000000,False,2,3
1351,2022-01-01,SOM,3495,SOM,2,0.270000,0.580000,0.080000,0.250000,0.010000,0.060000,0.000000,0.000000,False,2,3
1351,2022-05-01,SOM,3496,SOM,3,0.460000,0.610000,0.230000,0.250000,0.030000,0.060000,0.000000,0.000000,False,3,3
1351,2022-07-01,SOM,3497,SOM,1,0.150000,0.530000,0.050000,0.170000,0.000000,0.060000,0.000000,0.000000,False,1,2
1351,2022-10-01,SOM,3498,SOM,1,0.150000,0.520000,0.050000,0.190000,0.000000,0.060000,0.000000,0.000000,False,1,2
1354,2018-01-01,SOM,3499,SOM,3,0.440000,0.540000,0.290000,0.150000,0.000000,0.060000,0.000000,0.000000,False,3,2
1354,2019-07-01,SOM,3500,SOM,2,0.290000,0.620000,0.000000,0.210000,0.000000,0.060000,0.000000,0.000000,False,2,3
1354,2020-01-01,SOM,3501,SOM,1,0.180000,0.480000,0.040000,0.170000,0.020000,0.050000,0.000000,0.000000,False,1,2
1354,2021-01-01,SOM,3502,SOM,2,0.230000,0.510000,0.060000,0.200000,0.000000,0.060000,0.000000,0.000000,False,2,3
1354,2022-01-01,SOM,3503,SOM,2,0.270000,0.560000,0.080000,0.240000,0.010000,0.060000,0.000000,0.000000,False,2,3
1354,2022-05-01,SOM,3504,SOM,3,0.460000,0.630000,0.230000,0.250000,0.030000,0.060000,0.000000,0.000000,False,3,3
1354,2022-07-01,SOM,3505,SOM,1,0.150000,0.550000,0.050000,0.160000,0.000000,0.060000,0.000000,0.000000,False,1,2
1354,2022-10-01,SOM,3506,SOM,1,0.150000,0.530000,0.050000,0.190000,0.000000,0.060000,0.000000,0.000000,False,1,2
1357,2017-07-01,SOM,3508,SOM,4,0.550000,0.640000,0.450000,0.290000,0.220000,0.070000,0.000000,0.000000,False,4,3
1357,2018-01-01,SOM,3509,SOM,2,0.320000,0.620000,0.140000,0.210000,0.000000,0.070000,0.000000,0.000000,False,2,3
1357,2019-07-01,SOM,3510,SOM,2,0.510000,0.730000,0.160000,0.320000,0.030000,0.070000,0.000000,0.000000,False,2,3
1357,2020-10-01,SOM,3511,SOM,3,0.700000,0.650000,0.200000,0.250000,0.050000,0.080000,0.000000,0.000000,False,3,3
1357,2021-01-01,SOM,3512,SOM,2,0.340000,0.520000,0.120000,0.230000,0.010000,0.070000,0.000000,0.000000,False,2,3
1357,2021-05-01,SOM,3513,SOM,3,0.750000,0.670000,0.400000,0.230000,0.100000,0.070000,0.000000,0.000000,False,3,3
1357,2021-07-01,SOM,3514,SOM,2,0.260000,0.620000,0.110000,0.260000,0.020000,0.080000,0.000000,0.000000,False,2,3
1357,2022-01-01,SOM,3515,SOM,3,0.450000,0.670000,0.210000,0.280000,0.050000,0.080000,0.000000,0.000000,False,3,3
1357,2022-05-01,SOM,3516,SOM,3,0.700000,0.670000,0.480000,0.290000,0.180000,0.070000,0.010000,0.000000,False,3,3
1357,2022-07-01,SOM,3517,SOM,3,0.850000,0.560000,0.650000,0.250000,0.350000,0.070000,0.100000,0.000000,False,4,3
1357,2022-10-01,SOM,3518,SOM,3,0.550000,0.490000,0.350000,0.260000,0.100000,0.070000,0.000000,0.000000,False,3,3
1361,2017-07-01,SOM,3524,SOM,4,0.550000,0.670000,0.450000,0.290000,0.220000,0.070000,0.000000,0.000000,False,4,3
1361,2018-01-01,SOM,3525,SOM,2,0.320000,0.610000,0.140000,0.210000,0.000000,0.070000,0.000000,0.000000,False,2,3
1361,2019-01-01,SOM,3526,SOM,2,0.240000,0.740000,0.050000,0.290000,0.000000,0.080000,0.000000,0.000000,False,2,3
1361,2019-07-01,SOM,3527,SOM,2,0.510000,0.740000,0.160000,0.320000,0.030000,0.070000,0.000000,0.000000,False,2,3
1361,2020-10-01,SOM,3528,SOM,3,0.700000,0.660000,0.200000,0.250000,0.050000,0.080000,0.000000,0.000000,False,3,3
1361,2021-01-01,SOM,3529,SOM,2,0.340000,0.510000,0.120000,0.240000,0.010000,0.070000,0.000000,0.000000,False,2,3
1361,2021-05-01,SOM,3530,SOM,3,0.750000,0.690000,0.400000,0.230000,0.100000,0.070000,0.000000,0.000000,False,3,3
1361,2021-07-01,SOM,3531,SOM,2,0.260000,0.650000,0.110000,0.280000,0.020000,0.080000,0.000000,0.000000,False,2,3
1361,2022-01-01,SOM,3532,SOM,3,0.450000,0.650000,0.210000,0.280000,0.050000,0.080000,0.000000,0.000000,False,3,3
1361,2022-05-01,SOM,3533,SOM,3,0.700000,0.680000,0.480000,0.290000,0.180000,0.070000,0.010000,0.000000,False,3,3
1361,2022-07-01,SOM,3534,SOM,3,0.850000,0.590000,0.650000,0.250000,0.350000,0.070000,0.100000,0.000000,False,4,3
1361,2022-10-01,SOM,3535,SOM,3,0.550000,0.500000,0.350000,0.260000,0.100000,0.070000,0.000000,0.000000,False,3,3
1367,2017-07-01,SOM,3541,SOM,4,0.550000,0.640000,0.450000,0.280000,0.220000,0.070000,0.000000,0.000000,False,4,3
1367,2018-01-01,SOM,3542,SOM,2,0.320000,0.610000,0.140000,0.210000,0.000000,0.070000,0.000000,0.000000,False,2,3
1367,2019-01-01,SOM,3543,SOM,2,0.240000,0.730000,0.050000,0.290000,0.000000,0.080000,0.000000,0.000000,False,2,3
1367,2019-07-01,SOM,3544,SOM,2,0.510000,0.730000,0.160000,0.280000,0.030000,0.070000,0.000000,0.000000,False,2,3
1367,2020-01-01,SOM,3545,SOM,2,0.200000,0.570000,0.070000,0.210000,0.010000,0.070000,0.000000,0.000000,False,2,3
1367,2020-07-01,SOM,3546,SOM,2,0.280000,0.620000,0.120000,0.260000,0.030000,0.070000,0.000000,0.000000,False,2,3
1367,2020-10-01,SOM,3547,SOM,3,0.700000,0.630000,0.200000,0.260000,0.050000,0.080000,0.000000,0.000000,False,3,3
1367,2021-01-01,SOM,3548,SOM,2,0.340000,0.520000,0.120000,0.230000,0.010000,0.070000,0.000000,0.000000,False,2,3
1367,2021-05-01,SOM,3549,SOM,3,0.750000,0.650000,0.400000,0.300000,0.100000,0.070000,0.000000,0.000000,False,3,3
1367,2021-07-01,SOM,3550,SOM,2,0.260000,0.630000,0.110000,0.280000,0.020000,0.080000,0.000000,0.000000,False,2,3
1367,2022-01-01,SOM,3551,SOM,3,0.450000,0.660000,0.210000,0.270000,0.050000,0.080000,0.000000,0.000000,False,3,3
1367,2022-05-01,SOM,3552,SOM,3,0.700000,0.710000,0.480000,0.280000,0.180000,0.070000,0.010000,0.000000,False,3,3
1367,2022-07-01,SOM,3553,SOM,3,0.850000,0.570000,0.650000,0.240000,0.350000,0.070000,0.100000,0.000000,False,4,3
1367,2022-10-01,SOM,3554,SOM,3,0.550000,0.510000,0.350000,0.270000,0.100000,0.070000,0.000000,0.000000,False,3,3
1368,2017-07-01,SOM,3555,SOM,4,0.550000,0.640000,0.450000,0.280000,0.220000,0.070000,0.000000,0.000000,False,4,3
1368,2018-01-01,SOM,3556,SOM,2,0.320000,0.610000,0.140000,0.210000,0.000000,0.070000,0.000000,0.000000,False,2,3
1368,2019-01-01,SOM,3557,SOM,2,0.240000,0.730000,0.050000,0.290000,0.000000,0.080000,0.000000,0.000000,False,2,3
1368,2019-07-01,SOM,3558,SOM,2,0.510000,0.720000,0.160000,0.280000,0.030000,0.070000,0.000000,0.000000,False,2,3
1368,2020-01-01,SOM,3559,SOM,2,0.200000,0.570000,0.070000,0.210000,0.010000,0.070000,0.000000,0.000000,False,2,3
1368,2020-07-01,SOM,3560,SOM,2,0.280000,0.620000,0.120000,0.260000,0.030000,0.070000,0.000000,0.000000,False,2,3
1368,2020-10-01,SOM,3561,SOM,3,0.700000,0.630000,0.200000,0.260000,0.050000,0.080000,0.000000,0.000000,False,3,3
1368,2021-01-01,SOM,3562,SOM,2,0.340000,0.520000,0.120000,0.230000,0.010000,0.070000,0.000000,0.000000,False,2,3
1368,2021-05-01,SOM,3563,SOM,3,0.750000,0.650000,0.400000,0.300000,0.100000,0.070000,0.000000,0.000000,False,3,3
1368,2021-07-01,SOM,3564,SOM,2,0.260000,0.630000,0.110000,0.310000,0.020000,0.080000,0.000000,0.000000,False,2,3
1368,2022-01-01,SOM,3565,SOM,3,0.450000,0.660000,0.210000,0.270000,0.050000,0.080000,0.000000,0.000000,False,3,3
1368,2022-05-01,SOM,3566,SOM,3,0.700000,0.710000,0.480000,0.280000,0.180000,0.070000,0.010000,0.000000,False,3,3
1368,2022-07-01,SOM,3567,SOM,3,0.850000,0.580000,0.650000,0.240000,0.350000,0.070000,0.100000,0.000000,False,4,3
1368,2022-10-01,SOM,3568,SOM,3,0.550000,0.510000,0.350000,0.270000,0.100000,0.070000,0.000000,0.000000,False,3,3
1376,2018-01-01,SOM,3580,SOM,2,0.280000,0.730000,0.100000,0.230000,0.000000,0.050000,0.000000,0.000000,False,2,3
1376,2021-01-01,SOM,3581,SOM,2,0.360000,0.670000,0.100000,0.290000,0.000000,0.050000,0.000000,0.000000,False,2,3
1376,2022-05-01,SOM,3582,SOM,4,0.760000,0.660000,0.520000,0.300000,0.210000,0.060000,0.030000,0.000000,False,4,3
1378,2019-07-01,SOM,3583,SOM,2,0.390000,0.750000,0.000000,0.260000,0.000000,0.070000,0.000000,0.000000,False,2,3
1378,2020-01-01,SOM,3584,SOM,1,0.150000,0.520000,0.040000,0.210000,0.010000,0.070000,0.000000,0.000000,False,1,3
1378,2021-01-01,SOM,3585,SOM,2,0.230000,0.490000,0.090000,0.210000,0.010000,0.080000,0.000000,0.000000,False,2,3
1378,2022-05-01,SOM,3586,SOM,3,0.700000,0.700000,0.480000,0.390000,0.180000,0.080000,0.010000,0.000000,False,3,3
1378,2022-07-01,SOM,3587,SOM,2,0.300000,0.600000,0.100000,0.250000,0.000000,0.070000,0.000000,0.000000,False,2,3
1379,2019-07-01,SOM,3588,SOM,2,0.390000,0.750000,0.000000,0.260000,0.000000,0.070000,0.000000,0.000000,False,2,3
1379,2020-01-01,SOM,3589,SOM,1,0.150000,0.520000,0.040000,0.200000,0.010000,0.070000,0.000000,0.000000,False,1,3
1379,2021-01-01,SOM,3590,SOM,2,0.230000,0.490000,0.090000,0.200000,0.010000,0.080000,0.000000,0.000000,False,2,3
1379,2022-05-01,SOM,3591,SOM,3,0.700000,0.700000,0.480000,0.380000,0.180000,0.080000,0.010000,0.000000,False,3,3
1379,2022-07-01,SOM,3592,SOM,2,0.300000,0.600000,0.100000,0.230000,0.000000,0.070000,0.000000,0.000000,False,2,3
1380,2018-01-01,SOM,3593,SOM,2,0.280000,0.700000,0.100000,0.250000,0.000000,0.050000,0.000000,0.000000,False,2,3
1380,2019-01-01,SOM,3594,SOM,2,0.260000,0.730000,0.080000,0.330000,0.000000,0.060000,0.000000,0.000000,False,2,3
1380,2019-07-01,SOM,3595,SOM,3,0.370000,0.710000,0.230000,0.330000,0.040000,0.050000,0.000000,0.000000,False,3,3
1380,2020-07-01,SOM,3596,SOM,2,0.320000,0.640000,0.120000,0.290000,0.020000,0.050000,0.000000,0.000000,False,2,3
1380,2021-01-01,SOM,3597,SOM,2,0.360000,0.700000,0.100000,0.260000,0.000000,0.050000,0.000000,0.000000,False,2,3
1380,2021-07-01,SOM,3598,SOM,3,0.410000,0.640000,0.210000,0.230000,0.040000,0.060000,0.000000,0.000000,False,3,3
1380,2022-01-01,SOM,3599,SOM,2,0.390000,0.560000,0.180000,0.290000,0.010000,0.070000,0.000000,0.000000,False,2,3
1380,2022-05-01,SOM,3600,SOM,4,0.760000,0.640000,0.520000,0.300000,0.210000,0.060000,0.030000,0.000000,False,4,3
1380,2022-07-01,SOM,3601,SOM,4,1.000000,0.610000,0.900000,0.290000,0.400000,0.060000,0.100000,0.000000,False,4,3
1383,2017-07-01,SOM,3611,SOM,4,0.550000,0.670000,0.450000,0.280000,0.220000,0.060000,0.000000,0.000000,False,4,3
1383,2018-01-01,SOM,3612,SOM,2,0.320000,0.660000,0.140000,0.230000,0.000000,0.060000,0.000000,0.000000,False,2,3
1383,2019-01-01,SOM,3613,SOM,2,0.240000,0.710000,0.050000,0.300000,0.000000,0.080000,0.000000,0.000000,False,2,3
1383,2022-05-01,SOM,3614,SOM,3,0.700000,0.710000,0.480000,0.320000,0.180000,0.070000,0.010000,0.000000,False,3,3
1387,2018-01-01,SOM,3623,SOM,2,0.320000,0.610000,0.180000,0.210000,0.000000,0.050000,0.000000,0.000000,False,2,3
1387,2019-07-01,SOM,3624,SOM,2,0.340000,0.670000,0.070000,0.260000,0.020000,0.050000,0.000000,0.000000,False,2,3
1387,2021-01-01,SOM,3625,SOM,2,0.270000,0.640000,0.090000,0.280000,0.000000,0.050000,0.000000,0.000000,False,2,3
1397,2018-01-01,SOM,3631,SOM,2,0.420000,0.600000,0.140000,0.240000,0.010000,0.070000,0.000000,0.000000,False,2,3
1397,2018-07-01,SOM,3632,SOM,3,0.470000,0.660000,0.230000,0.250000,0.020000,0.080000,0.010000,0.000000,False,3,3
1397,2020-10-01,SOM,3633,SOM,3,0.550000,0.650000,0.200000,0.220000,0.050000,0.070000,0.000000,0.000000,False,3,3
1397,2022-05-01,SOM,3634,SOM,3,0.560000,0.620000,0.280000,0.260000,0.040000,0.080000,0.000000,0.000000,False,3,3
1397,2022-07-01,SOM,3635,SOM,3,0.550000,0.610000,0.350000,0.310000,0.100000,0.100000,0.000000,0.000000,False,3,3
1421,2018-01-01,SOM,3675,SOM,2,0.320000,0.600000,0.180000,0.220000,0.000000,0.050000,0.000000,0.000000,False,2,3
1421,2019-07-01,SOM,3676,SOM,2,0.340000,0.660000,0.070000,0.270000,0.020000,0.050000,0.000000,0.000000,False,2,3
1421,2021-01-01,SOM,3677,SOM,2,0.270000,0.630000,0.090000,0.310000,0.000000,0.050000,0.000000,0.000000,False,2,3
1422,2018-01-01,SOM,3678,SOM,2,0.420000,0.580000,0.140000,0.270000,0.010000,0.080000,0.000000,0.000000,False,2,3
1422,2018-07-01,SOM,3679,SOM,3,0.470000,0.690000,0.230000,0.270000,0.020000,0.090000,0.010000,0.000000,False,3,3
1422,2020-10-01,SOM,3680,SOM,3,0.550000,0.700000,0.200000,0.230000,0.050000,0.090000,0.000000,0.000000,False,3,3
1422,2022-05-01,SOM,3681,SOM,3,0.560000,0.680000,0.280000,0.290000,0.040000,0.110000,0.000000,0.000000,False,3,3
1422,2022-07-01,SOM,3682,SOM,3,0.550000,0.610000,0.350000,0.340000,0.100000,0.130000,0.000000,0.000000,False,3,3
1429,2017-07-01,SOM,3688,SOM,2,0.310000,0.560000,0.120000,0.300000,0.000000,0.060000,0.000000,0.000000,False,2,3
1429,2018-01-01,SOM,3689,SOM,2,0.230000,0.650000,0.090000,0.200000,0.000000,0.060000,0.000000,0.000000,False,2,3
1429,2019-01-01,SOM,3690,SOM,1,0.120000,0.620000,0.030000,0.310000,0.000000,0.070000,0.000000,0.000000,False,1,3
1429,2019-07-01,SOM,3691,SOM,2,0.330000,0.640000,0.070000,0.340000,0.020000,0.050000,0.000000,0.000000,False,2,3
1429,2020-01-01,SOM,3692,SOM,2,0.250000,0.590000,0.020000,0.240000,0.000000,0.050000,0.000000,0.000000,False,2,3
1429,2020-07-01,SOM,3693,SOM,2,0.210000,0.700000,0.060000,0.310000,0.000000,0.060000,0.000000,0.000000,False,2,3
1429,2021-01-01,SOM,3694,SOM,2,0.280000,0.630000,0.080000,0.280000,0.000000,0.060000,0.000000,0.000000,False,2,3
1429,2021-07-01,SOM,3695,SOM,2,0.390000,0.660000,0.190000,0.310000,0.030000,0.070000,0.000000,0.000000,False,2,3
1429,2022-01-01,SOM,3696,SOM,2,0.270000,0.580000,0.080000,0.300000,0.010000,0.070000,0.000000,0.000000,False,2,3
1429,2022-05-01,SOM,3697,SOM,3,0.460000,0.660000,0.230000,0.300000,0.030000,0.060000,0.000000,0.000000,False,3,3
1429,2022-07-01,SOM,3698,SOM,1,0.150000,0.550000,0.050000,0.260000,0.000000,0.060000,0.000000,0.000000,False,1,3
1429,2022-10-01,SOM,3699,SOM,1,0.150000,0.560000,0.050000,0.290000,0.000000,0.060000,0.000000,0.000000,False,1,3
1430,2017-07-01,SOM,3700,SOM,2,0.310000,0.560000,0.120000,0.300000,0.000000,0.060000,0.000000,0.000000,False,2,3
1430,2018-01-01,SOM,3701,SOM,2,0.230000,0.650000,0.090000,0.200000,0.000000,0.060000,0.000000,0.000000,False,2,3
1430,2019-01-01,SOM,3702,SOM,1,0.120000,0.620000,0.030000,0.310000,0.000000,0.070000,0.000000,0.000000,False,1,3
1430,2019-07-01,SOM,3703,SOM,2,0.330000,0.640000,0.070000,0.340000,0.020000,0.050000,0.000000,0.000000,False,2,3
1430,2020-01-01,SOM,3704,SOM,2,0.250000,0.590000,0.020000,0.240000,0.000000,0.050000,0.000000,0.000000,False,2,3
1430,2020-07-01,SOM,3705,SOM,2,0.210000,0.700000,0.060000,0.310000,0.000000,0.060000,0.000000,0.000000,False,2,3
1430,2021-01-01,SOM,3706,SOM,2,0.280000,0.630000,0.080000,0.280000,0.000000,0.060000,0.000000,0.000000,False,2,3
1430,2021-07-01,SOM,3707,SOM,2,0.390000,0.660000,0.190000,0.290000,0.030000,0.070000,0.000000,0.000000,False,2,3
1430,2022-01-01,SOM,3708,SOM,2,0.270000,0.580000,0.080000,0.300000,0.010000,0.070000,0.000000,0.000000,False,2,3
1430,2022-05-01,SOM,3709,SOM,3,0.460000,0.660000,0.230000,0.300000,0.030000,0.060000,0.000000,0.000000,False,3,3
1430,2022-07-01,SOM,3710,SOM,1,0.150000,0.550000,0.050000,0.260000,0.000000,0.060000,0.000000,0.000000,False,1,3
1430,2022-10-01,SOM,3711,SOM,1,0.150000,0.560000,0.050000,0.290000,0.000000,0.060000,0.000000,0.000000,False,1,3
1443,2017-07-01,SOM,3721,SOM,2,0.310000,0.540000,0.120000,0.270000,0.000000,0.060000,0.000000,0.000000,False,2,3
1443,2018-01-01,SOM,3722,SOM,2,0.230000,0.640000,0.090000,0.190000,0.000000,0.050000,0.000000,0.000000,False,2,2
1443,2019-01-01,SOM,3723,SOM,1,0.120000,0.630000,0.030000,0.260000,0.000000,0.070000,0.000000,0.000000,False,1,3
1443,2019-07-01,SOM,3724,SOM,2,0.330000,0.640000,0.070000,0.300000,0.020000,0.050000,0.000000,0.000000,False,2,3
1443,2020-01-01,SOM,3725,SOM,2,0.250000,0.620000,0.020000,0.230000,0.000000,0.050000,0.000000,0.000000,False,2,3
1443,2020-07-01,SOM,3726,SOM,2,0.210000,0.650000,0.060000,0.280000,0.000000,0.060000,0.000000,0.000000,False,2,3
1443,2021-01-01,SOM,3727,SOM,2,0.280000,0.660000,0.080000,0.250000,0.000000,0.050000,0.000000,0.000000,False,2,3
1443,2021-07-01,SOM,3728,SOM,2,0.390000,0.680000,0.190000,0.240000,0.030000,0.050000,0.000000,0.000000,False,2,3
1443,2022-01-01,SOM,3729,SOM,2,0.270000,0.550000,0.080000,0.260000,0.010000,0.060000,0.000000,0.000000,False,2,3
1443,2022-05-01,SOM,3730,SOM,3,0.460000,0.630000,0.230000,0.270000,0.030000,0.060000,0.000000,0.000000,False,3,3
1443,2022-07-01,SOM,3731,SOM,1,0.150000,0.490000,0.050000,0.230000,0.000000,0.050000,0.000000,0.000000,False,1,3
1443,2022-10-01,SOM,3732,SOM,1,0.150000,0.400000,0.050000,0.230000,0.000000,0.060000,0.000000,0.000000,False,1,3
1455,2019-01-01,SOM,3751,SOM,2,0.220000,0.700000,0.050000,0.260000,0.000000,0.070000,0.000000,0.000000,False,2,3
1455,2020-07-01,SOM,3752,SOM,2,0.230000,0.640000,0.100000,0.220000,0.020000,0.060000,0.000000,0.000000,False,2,3
1455,2021-01-01,SOM,3753,SOM,2,0.280000,0.530000,0.090000,0.190000,0.000000,0.060000,0.000000,0.000000,False,2,2
1458,2019-01-01,SOM,3757,SOM,2,0.220000,0.640000,0.050000,0.280000,0.000000,0.080000,0.000000,0.000000,False,2,3
1458,2020-07-01,SOM,3758,SOM,2,0.230000,0.600000,0.100000,0.240000,0.020000,0.060000,0.000000,0.000000,False,2,3
1458,2021-01-01,SOM,3759,SOM,2,0.280000,0.530000,0.090000,0.210000,0.000000,0.060000,0.000000,0.000000,False,2,3
1461,2018-01-01,SOM,3763,SOM,2,0.420000,0.690000,0.140000,0.260000,0.010000,0.070000,0.000000,0.000000,False,2,3
1461,2018-07-01,SOM,3764,SOM,3,0.470000,0.730000,0.230000,0.210000,0.020000,0.090000,0.010000,0.000000,False,3,3
1461,2019-01-01,SOM,3765,SOM,2,0.510000,0.680000,0.120000,0.260000,0.000000,0.080000,0.000000,0.000000,False,2,3
1461,2019-07-01,SOM,3766,SOM,2,0.490000,0.720000,0.040000,0.220000,0.010000,0.080000,0.000000,0.000000,False,2,3
1461,2020-07-01,SOM,3767,SOM,2,0.320000,0.700000,0.100000,0.230000,0.040000,0.100000,0.000000,0.000000,False,2,3
1461,2020-10-01,SOM,3768,SOM,3,0.550000,0.620000,0.200000,0.230000,0.050000,0.090000,0.000000,0.000000,False,3,3
1461,2022-05-01,SOM,3769,SOM,3,0.560000,0.640000,0.280000,0.310000,0.040000,0.110000,0.000000,0.000000,False,3,3
1461,2022-07-01,SOM,3770,SOM,2,0.350000,0.620000,0.150000,0.330000,0.050000,0.090000,0.000000,0.000000,False,2,3
1462,2018-01-01,SOM,3771,SOM,2,0.420000,0.670000,0.140000,0.260000,0.010000,0.070000,0.000000,0.000000,False,2,3
1462,2018-07-01,SOM,3772,SOM,3,0.470000,0.730000,0.230000,0.210000,0.020000,0.090000,0.010000,0.000000,False,3,3
1462,2019-01-01,SOM,3773,SOM,2,0.510000,0.680000,0.120000,0.260000,0.000000,0.080000,0.000000,0.000000,False,2,3
1462,2019-07-01,SOM,3774,SOM,2,0.490000,0.720000,0.040000,0.220000,0.010000,0.080000,0.000000,0.000000,False,2,3
1462,2020-07-01,SOM,3775,SOM,2,0.320000,0.710000,0.100000,0.230000,0.040000,0.100000,0.000000,0.000000,False,2,3
1462,2020-10-01,SOM,3776,SOM,3,0.550000,0.630000,0.200000,0.230000,0.050000,0.090000,0.000000,0.000000,False,3,3
1462,2022-05-01,SOM,3777,SOM,3,0.560000,0.640000,0.280000,0.310000,0.040000,0.110000,0.000000,0.000000,False,3,3
1462,2022-07-01,SOM,3778,SOM,2,0.350000,0.620000,0.150000,0.330000,0.050000,0.090000,0.000000,0.000000,False,2,3
1466,2017-07-01,SOM,3783,SOM,2,0.310000,0.510000,0.170000,0.320000,0.010000,0.050000,0.000000,0.000000,False,2,3
1466,2018-01-01,SOM,3784,SOM,2,0.220000,0.600000,0.030000,0.240000,0.000000,0.050000,0.000000,0.000000,False,2,3
1466,2019-01-01,SOM,3785,SOM,1,0.090000,0.620000,0.030000,0.300000,0.000000,0.070000,0.000000,0.000000,False,1,3
1466,2019-07-01,SOM,3786,SOM,2,0.370000,0.620000,0.050000,0.280000,0.010000,0.050000,0.000000,0.000000,False,2,3
1466,2020-01-01,SOM,3787,SOM,2,0.280000,0.580000,0.060000,0.270000,0.020000,0.040000,0.000000,0.000000,False,2,3
1466,2020-07-01,SOM,3788,SOM,2,0.250000,0.620000,0.080000,0.280000,0.010000,0.050000,0.000000,0.000000,False,2,3
1466,2021-01-01,SOM,3789,SOM,2,0.310000,0.620000,0.090000,0.310000,0.000000,0.050000,0.000000,0.000000,False,2,3
1466,2021-07-01,SOM,3790,SOM,2,0.390000,0.640000,0.190000,0.250000,0.030000,0.050000,0.000000,0.000000,False,2,3
1466,2022-01-01,SOM,3791,SOM,2,0.270000,0.560000,0.080000,0.270000,0.010000,0.050000,0.000000,0.000000,False,2,3
1466,2022-05-01,SOM,3792,SOM,3,0.460000,0.640000,0.230000,0.280000,0.030000,0.060000,0.000000,0.000000,False,3,3
1466,2022-07-01,SOM,3793,SOM,3,0.600000,0.570000,0.400000,0.290000,0.050000,0.050000,0.000000,0.000000,False,3,3
1466,2022-10-01,SOM,3794,SOM,2,0.350000,0.470000,0.150000,0.290000,0.000000,0.050000,0.000000,0.000000,False,2,3
1475,2017-07-01,SOM,3807,SOM,2,0.310000,0.500000,0.170000,0.300000,0.010000,0.050000,0.000000,0.000000,False,2,3
1475,2018-01-01,SOM,3808,SOM,2,0.220000,0.610000,0.030000,0.230000,0.000000,0.050000,0.000000,0.000000,False,2,3
1475,2019-01-01,SOM,3809,SOM,1,0.090000,0.650000,0.030000,0.290000,0.000000,0.060000,0.000000,0.000000,False,1,3
1475,2019-07-01,SOM,3810,SOM,2,0.370000,0.620000,0.050000,0.280000,0.010000,0.050000,0.000000,0.000000,False,2,3
1475,2020-01-01,SOM,3811,SOM,2,0.280000,0.580000,0.060000,0.260000,0.020000,0.040000,0.000000,0.000000,False,2,3
1475,2020-07-01,SOM,3812,SOM,2,0.250000,0.610000,0.080000,0.270000,0.010000,0.050000,0.000000,0.000000,False,2,3
1475,2021-01-01,SOM,3813,SOM,2,0.310000,0.610000,0.090000,0.270000,0.000000,0.050000,0.000000,0.000000,False,2,3
1475,2021-07-01,SOM,3814,SOM,2,0.390000,0.630000,0.190000,0.250000,0.030000,0.050000,0.000000,0.000000,False,2,3
1475,2022-01-01,SOM,3815,SOM,2,0.270000,0.590000,0.080000,0.260000,0.010000,0.050000,0.000000,0.000000,False,2,3
1475,2022-05-01,SOM,3816,SOM,3,0.460000,0.620000,0.230000,0.260000,0.030000,0.060000,0.000000,0.000000,False,3,3
1475,2022-07-01,SOM,3817,SOM,3,0.600000,0.610000,0.400000,0.320000,0.050000,0.050000,0.000000,0.000000,False,3,3
1475,2022-10-01,SOM,3818,SOM,2,0.350000,0.530000,0.150000,0.340000,0.000000,0.060000,0.000000,0.000000,False,2,3
1480,2017-07-01,SOM,3829,SOM,2,0.310000,0.480000,0.170000,0.310000,0.010000,0.050000,0.000000,0.000000,False,2,3
1480,2018-01-01,SOM,3830,SOM,2,0.220000,0.600000,0.030000,0.240000,0.000000,0.050000,0.000000,0.000000,False,2,3
1480,2019-01-01,SOM,3831,SOM,1,0.090000,0.630000,0.030000,0.300000,0.000000,0.060000,0.000000,0.000000,False,1,3
1480,2019-07-01,SOM,3832,SOM,2,0.370000,0.620000,0.050000,0.310000,0.010000,0.050000,0.000000,0.000000,False,2,3
1480,2020-01-01,SOM,3833,SOM,2,0.280000,0.550000,0.060000,0.270000,0.020000,0.040000,0.000000,0.000000,False,2,3
1480,2020-07-01,SOM,3834,SOM,2,0.250000,0.620000,0.080000,0.300000,0.010000,0.050000,0.000000,0.000000,False,2,3
1480,2021-01-01,SOM,3835,SOM,2,0.310000,0.600000,0.090000,0.280000,0.000000,0.050000,0.000000,0.000000,False,2,3
1480,2022-01-01,SOM,3836,SOM,2,0.270000,0.560000,0.080000,0.300000,0.010000,0.060000,0.000000,0.000000,False,2,3
1480,2022-05-01,SOM,3837,SOM,3,0.460000,0.630000,0.230000,0.310000,0.030000,0.060000,0.000000,0.000000,False,3,3
1480,2022-07-01,SOM,3838,SOM,1,0.150000,0.550000,0.050000,0.280000,0.000000,0.050000,0.000000,0.000000,False,1,3
1481,2017-07-01,SOM,3839,SOM,2,0.310000,0.470000,0.170000,0.250000,0.010000,0.050000,0.000000,0.000000,False,2,3
1481,2018-01-01,SOM,3840,SOM,2,0.220000,0.620000,0.030000,0.200000,0.000000,0.050000,0.000000,0.000000,False,2,3
1481,2019-01-01,SOM,3841,SOM,1,0.090000,0.630000,0.030000,0.300000,0.000000,0.060000,0.000000,0.000000,False,1,3
1481,2019-07-01,SOM,3842,SOM,2,0.370000,0.610000,0.050000,0.310000,0.010000,0.050000,0.000000,0.000000,False,2,3
1481,2020-01-01,SOM,3843,SOM,2,0.280000,0.580000,0.060000,0.250000,0.020000,0.040000,0.000000,0.000000,False,2,3
1481,2020-07-01,SOM,3844,SOM,2,0.250000,0.630000,0.080000,0.290000,0.010000,0.050000,0.000000,0.000000,False,2,3
1481,2021-01-01,SOM,3845,SOM,2,0.310000,0.630000,0.090000,0.260000,0.000000,0.050000,0.000000,0.000000,False,2,3
1481,2021-07-01,SOM,3846,SOM,2,0.390000,0.680000,0.190000,0.270000,0.030000,0.050000,0.000000,0.000000,False,2,3
1481,2022-01-01,SOM,3847,SOM,2,0.270000,0.540000,0.080000,0.250000,0.010000,0.060000,0.000000,0.000000,False,2,3
1481,2022-05-01,SOM,3848,SOM,3,0.460000,0.600000,0.230000,0.260000,0.030000,0.060000,0.000000,0.000000,False,3,3
1481,2022-07-01,SOM,3849,SOM,1,0.150000,0.540000,0.050000,0.250000,0.000000,0.050000,0.000000,0.000000,False,1,3
1481,2022-10-01,SOM,3850,SOM,1,0.150000,0.470000,0.050000,0.280000,0.000000,0.050000,0.000000,0.000000,False,1,3
1489,2019-07-01,SOM,3859,SOM,2,0.260000,0.730000,0.050000,0.300000,0.010000,0.050000,0.000000,0.000000,False,2,3
1489,2020-01-01,SOM,3860,SOM,1,0.170000,0.510000,0.010000,0.230000,0.000000,0.050000,0.000000,0.000000,False,1,3
1495,2017-07-01,SOM,3867,SOM,2,0.280000,0.650000,0.060000,0.320000,0.000000,0.070000,0.000000,0.000000,False,2,3
1495,2018-01-01,SOM,3868,SOM,1,0.130000,0.610000,0.000000,0.180000,0.000000,0.060000,0.000000,0.000000,False,1,2
1495,2019-01-01,SOM,3869,SOM,1,0.090000,0.710000,0.000000,0.250000,0.000000,0.060000,0.000000,0.000000,False,1,3
1495,2019-07-01,SOM,3870,SOM,2,0.260000,0.730000,0.050000,0.300000,0.010000,0.050000,0.000000,0.000000,False,2,3
1495,2020-01-01,SOM,3871,SOM,1,0.170000,0.510000,0.010000,0.210000,0.000000,0.060000,0.000000,0.000000,False,1,3
1495,2021-01-01,SOM,3872,SOM,2,0.280000,0.490000,0.070000,0.250000,0.000000,0.060000,0.000000,0.000000,False,2,3
1495,2022-01-01,SOM,3873,SOM,2,0.270000,0.640000,0.090000,0.300000,0.010000,0.070000,0.000000,0.000000,False,2,3
1495,2022-10-01,SOM,3874,SOM,1,0.150000,0.560000,0.050000,0.290000,0.000000,0.060000,0.000000,0.000000,False,1,3
1503,2017-07-01,SOM,3882,SOM,2,0.280000,0.510000,0.060000,0.350000,0.000000,0.060000,0.000000,0.000000,False,2,3
1503,2018-01-01,SOM,3883,SOM,1,0.130000,0.570000,0.000000,0.210000,0.000000,0.050000,0.000000,0.000000,False,1,3
1503,2019-01-01,SOM,3884,SOM,1,0.090000,0.610000,0.000000,0.290000,0.000000,0.050000,0.000000,0.000000,False,1,3
1503,2019-07-01,SOM,3885,SOM,2,0.260000,0.650000,0.050000,0.330000,0.010000,0.050000,0.000000,0.000000,False,2,3
1503,2020-01-01,SOM,3886,SOM,1,0.170000,0.530000,0.010000,0.240000,0.000000,0.050000,0.000000,0.000000,False,1,3
1503,2021-01-01,SOM,3887,SOM,2,0.280000,0.540000,0.070000,0.260000,0.000000,0.050000,0.000000,0.000000,False,2,3
1503,2022-01-01,SOM,3888,SOM,2,0.270000,0.550000,0.090000,0.310000,0.010000,0.060000,0.000000,0.000000,False,2,3
1503,2022-10-01,SOM,3889,SOM,2,0.350000,0.610000,0.150000,0.320000,0.000000,0.050000,0.000000,0.000000,False,2,3
1504,2019-07-01,SOM,3890,SOM,2,0.590000,0.690000,0.130000,0.240000,0.010000,0.080000,0.000000,0.000000,False,2,3
1507,2017-07-01,SOM,3897,SOM,2,0.310000,0.480000,0.170000,0.230000,0.010000,0.050000,0.000000,0.000000,False,2,3
1507,2019-01-01,SOM,3898,SOM,1,0.090000,0.640000,0.030000,0.200000,0.000000,0.050000,0.000000,0.000000,False,1,3
1509,2019-07-01,SOM,3900,SOM,2,0.530000,0.670000,0.110000,0.270000,0.000000,0.090000,0.000000,0.000000,False,2,3
1518,2017-07-01,SOM,3919,SOM,2,0.310000,0.480000,0.090000,0.360000,0.000000,0.060000,0.000000,0.000000,False,2,3
1518,2018-01-01,SOM,3920,SOM,1,0.140000,0.630000,0.000000,0.250000,0.000000,0.050000,0.000000,0.000000,False,1,3
1518,2019-01-01,SOM,3921,SOM,1,0.100000,0.660000,0.010000,0.320000,0.000000,0.050000,0.000000,0.000000,False,1,3
1518,2019-07-01,SOM,3922,SOM,2,0.380000,0.670000,0.060000,0.320000,0.010000,0.050000,0.000000,0.000000,False,2,3
1518,2020-01-01,SOM,3923,SOM,2,0.270000,0.640000,0.060000,0.260000,0.020000,0.050000,0.000000,0.000000,False,2,3
1518,2020-07-01,SOM,3924,SOM,2,0.290000,0.660000,0.100000,0.300000,0.010000,0.060000,0.000000,0.000000,False,2,3
1518,2021-01-01,SOM,3925,SOM,2,0.350000,0.640000,0.100000,0.330000,0.000000,0.050000,0.000000,0.000000,False,2,3
1518,2021-07-01,SOM,3926,SOM,2,0.260000,0.600000,0.080000,0.220000,0.000000,0.060000,0.000000,0.000000,False,2,3
1518,2022-01-01,SOM,3927,SOM,2,0.270000,0.570000,0.090000,0.280000,0.010000,0.060000,0.000000,0.000000,False,2,3
1518,2022-05-01,SOM,3928,SOM,3,0.460000,0.630000,0.230000,0.310000,0.030000,0.060000,0.000000,0.000000,False,3,3
1518,2022-07-01,SOM,3929,SOM,3,0.600000,0.590000,0.400000,0.310000,0.050000,0.050000,0.000000,0.000000,False,3,3
1518,2022-10-01,SOM,3930,SOM,2,0.350000,0.540000,0.150000,0.310000,0.000000,0.060000,0.000000,0.000000,False,2,3
1522,2017-07-01,SOM,3936,SOM,2,0.310000,0.500000,0.090000,0.350000,0.000000,0.060000,0.000000,0.000000,False,2,3
1522,2018-01-01,SOM,3937,SOM,1,0.140000,0.630000,0.000000,0.240000,0.000000,0.050000,0.000000,0.000000,False,1,3
1522,2019-01-01,SOM,3938,SOM,1,0.100000,0.650000,0.010000,0.310000,0.000000,0.050000,0.000000,0.000000,False,1,3
1522,2019-07-01,SOM,3939,SOM,2,0.380000,0.680000,0.060000,0.350000,0.010000,0.050000,0.000000,0.000000,False,2,3
1522,2020-01-01,SOM,3940,SOM,2,0.270000,0.610000,0.060000,0.280000,0.020000,0.050000,0.000000,0.000000,False,2,3
1522,2020-07-01,SOM,3941,SOM,2,0.290000,0.670000,0.100000,0.340000,0.010000,0.060000,0.000000,0.000000,False,2,3
1522,2021-01-01,SOM,3942,SOM,2,0.350000,0.670000,0.100000,0.320000,0.000000,0.050000,0.000000,0.000000,False,2,3
1522,2021-07-01,SOM,3943,SOM,2,0.260000,0.630000,0.080000,0.230000,0.000000,0.060000,0.000000,0.000000,False,2,3
1522,2022-01-01,SOM,3944,SOM,2,0.270000,0.560000,0.090000,0.300000,0.010000,0.060000,0.000000,0.000000,False,2,3
1522,2022-05-01,SOM,3945,SOM,3,0.460000,0.610000,0.230000,0.320000,0.030000,0.050000,0.000000,0.000000,False,3,3
1522,2022-07-01,SOM,3946,SOM,2,0.350000,0.680000,0.150000,0.320000,0.000000,0.050000,0.000000,0.000000,False,2,3
1522,2022-10-01,SOM,3947,SOM,2,0.350000,0.590000,0.150000,0.350000,0.000000,0.060000,0.000000,0.000000,False,2,3
1528,2017-07-01,SOM,3953,SOM,3,0.600000,0.690000,0.420000,0.340000,0.150000,0.080000,0.000000,0.000000,False,3,3
1528,2018-01-01,SOM,3954,SOM,3,0.380000,0.690000,0.240000,0.250000,0.040000,0.070000,0.000000,0.000000,False,3,3
1528,2018-07-01,SOM,3955,SOM,3,0.400000,0.750000,0.220000,0.310000,0.060000,0.080000,0.010000,0.000000,False,3,3
1528,2019-01-01,SOM,3956,SOM,2,0.360000,0.720000,0.100000,0.290000,0.000000,0.070000,0.000000,0.000000,False,2,3
1528,2019-07-01,SOM,3957,SOM,3,0.460000,0.750000,0.200000,0.310000,0.010000,0.080000,0.000000,0.000000,False,3,3
1528,2020-01-01,SOM,3958,SOM,2,0.310000,0.590000,0.080000,0.220000,0.010000,0.070000,0.000000,0.000000,False,2,3
1528,2020-07-01,SOM,3959,SOM,2,0.290000,0.690000,0.090000,0.300000,0.030000,0.070000,0.000000,0.000000,False,2,3
1528,2021-07-01,SOM,3960,SOM,2,0.350000,0.710000,0.160000,0.260000,0.020000,0.080000,0.000000,0.000000,False,2,3
1528,2022-01-01,SOM,3961,SOM,2,0.340000,0.620000,0.150000,0.280000,0.030000,0.080000,0.000000,0.000000,False,2,3
1528,2022-05-01,SOM,3962,SOM,3,0.580000,0.680000,0.330000,0.300000,0.090000,0.080000,0.000000,0.000000,False,3,3
1528,2022-07-01,SOM,3963,SOM,3,0.450000,0.620000,0.250000,0.260000,0.050000,0.070000,0.000000,0.000000,False,3,3
1528,2022-10-01,SOM,3964,SOM,3,0.450000,0.620000,0.250000,0.270000,0.050000,0.080000,0.000000,0.000000,False,3,3
1535,2019-01-01,SOM,3970,SOM,3,0.610000,0.650000,0.200000,0.300000,0.030000,0.080000,0.000000,0.000000,False,3,3
1535,2019-07-01,SOM,3971,SOM,2,0.550000,0.710000,0.100000,0.360000,0.030000,0.090000,0.000000,0.000000,False,2,3
1535,2020-07-01,SOM,3972,SOM,2,0.370000,0.640000,0.130000,0.330000,0.050000,0.100000,0.000000,0.000000,False,2,3
1539,2019-01-01,SOM,3978,SOM,3,0.610000,0.660000,0.200000,0.340000,0.030000,0.080000,0.000000,0.000000,False,3,3
1539,2019-07-01,SOM,3979,SOM,2,0.550000,0.660000,0.100000,0.380000,0.030000,0.110000,0.000000,0.000000,False,2,3
1539,2020-07-01,SOM,3980,SOM,2,0.370000,0.640000,0.130000,0.350000,0.050000,0.110000,0.000000,0.000000,False,2,3
1540,2017-07-01,SOM,3981,SOM,3,0.600000,0.700000,0.420000,0.340000,0.150000,0.080000,0.000000,0.000000,False,3,3
1540,2018-01-01,SOM,3982,SOM,3,0.380000,0.640000,0.240000,0.240000,0.040000,0.070000,0.000000,0.000000,False,3,3
1540,2018-07-01,SOM,3983,SOM,3,0.400000,0.690000,0.220000,0.320000,0.060000,0.080000,0.010000,0.000000,False,3,3
1540,2019-01-01,SOM,3984,SOM,2,0.360000,0.740000,0.100000,0.280000,0.000000,0.070000,0.000000,0.000000,False,2,3
1540,2019-07-01,SOM,3985,SOM,3,0.460000,0.740000,0.200000,0.300000,0.010000,0.080000,0.000000,0.000000,False,3,3
1540,2020-01-01,SOM,3986,SOM,2,0.310000,0.570000,0.080000,0.240000,0.010000,0.070000,0.000000,0.000000,False,2,3
1540,2020-07-01,SOM,3987,SOM,2,0.290000,0.690000,0.090000,0.300000,0.030000,0.070000,0.000000,0.000000,False,2,3
1540,2021-01-01,SOM,3988,SOM,2,0.370000,0.590000,0.130000,0.250000,0.000000,0.080000,0.000000,0.000000,False,2,3
1540,2021-07-01,SOM,3989,SOM,2,0.350000,0.630000,0.160000,0.260000,0.020000,0.080000,0.000000,0.000000,False,2,3
1540,2022-01-01,SOM,3990,SOM,2,0.340000,0.620000,0.150000,0.290000,0.030000,0.080000,0.000000,0.000000,False,2,3
1540,2022-05-01,SOM,3991,SOM,3,0.580000,0.720000,0.330000,0.310000,0.090000,0.080000,0.000000,0.000000,False,3,3
1540,2022-07-01,SOM,3992,SOM,3,0.400000,0.700000,0.200000,0.320000,0.050000,0.070000,0.000000,0.000000,False,3,3
1540,2022-10-01,SOM,3993,SOM,3,0.450000,0.700000,0.250000,0.290000,0.050000,0.080000,0.000000,0.000000,False,3,3
1551,2017-07-01,SOM,4010,SOM,2,0.280000,0.440000,0.100000,0.220000,0.000000,0.050000,0.000000,0.000000,False,2,3
1551,2018-01-01,SOM,4011,SOM,1,0.110000,0.500000,0.030000,0.190000,0.000000,0.050000,0.000000,0.000000,False,1,2
1551,2018-07-01,SOM,4012,SOM,2,0.410000,0.630000,0.130000,0.240000,0.020000,0.060000,0.000000,0.000000,False,2,3
1551,2019-01-01,SOM,4013,SOM,2,0.380000,0.600000,0.050000,0.260000,0.020000,0.050000,0.000000,0.000000,False,2,3
1551,2019-07-01,SOM,4014,SOM,1,0.190000,0.650000,0.060000,0.240000,0.020000,0.050000,0.000000,0.000000,False,1,3
1551,2020-01-01,SOM,4015,SOM,2,0.270000,0.530000,0.060000,0.250000,0.020000,0.040000,0.000000,0.000000,False,2,3
1551,2020-07-01,SOM,4016,SOM,2,0.270000,0.620000,0.080000,0.240000,0.010000,0.050000,0.000000,0.000000,False,2,3
1551,2021-01-01,SOM,4017,SOM,2,0.250000,0.570000,0.030000,0.270000,0.000000,0.050000,0.000000,0.000000,False,2,3
1551,2021-07-01,SOM,4018,SOM,2,0.260000,0.610000,0.080000,0.220000,0.000000,0.050000,0.000000,0.000000,False,2,3
1551,2022-01-01,SOM,4019,SOM,2,0.270000,0.550000,0.090000,0.250000,0.010000,0.060000,0.000000,0.000000,False,2,3
1551,2022-05-01,SOM,4020,SOM,3,0.460000,0.620000,0.230000,0.240000,0.030000,0.050000,0.000000,0.000000,False,3,3
1551,2022-07-01,SOM,4021,SOM,3,0.450000,0.630000,0.250000,0.280000,0.100000,0.060000,0.000000,0.000000,False,3,3
1551,2022-10-01,SOM,4022,SOM,2,0.250000,0.590000,0.050000,0.270000,0.000000,0.050000,0.000000,0.000000,False,2,3
1553,2017-07-01,SOM,4023,SOM,2,0.280000,0.500000,0.140000,0.340000,0.000000,0.060000,0.000000,0.000000,False,2,3
1553,2018-01-01,SOM,4024,SOM,1,0.120000,0.620000,0.000000,0.260000,0.000000,0.050000,0.000000,0.000000,False,1,3
1553,2019-01-01,SOM,4025,SOM,1,0.170000,0.660000,0.020000,0.320000,0.000000,0.050000,0.000000,0.000000,False,1,3
1553,2019-07-01,SOM,4026,SOM,2,0.380000,0.690000,0.070000,0.320000,0.010000,0.050000,0.000000,0.000000,False,2,3
1553,2020-01-01,SOM,4027,SOM,2,0.210000,0.620000,0.030000,0.300000,0.010000,0.050000,0.000000,0.000000,False,2,3
1553,2020-07-01,SOM,4028,SOM,2,0.260000,0.650000,0.080000,0.280000,0.010000,0.060000,0.000000,0.000000,False,2,3
1553,2021-01-01,SOM,4029,SOM,2,0.370000,0.620000,0.130000,0.290000,0.010000,0.050000,0.000000,0.000000,False,2,3
1553,2021-07-01,SOM,4030,SOM,2,0.260000,0.600000,0.080000,0.220000,0.000000,0.060000,0.000000,0.000000,False,2,3
1553,2022-01-01,SOM,4031,SOM,2,0.270000,0.550000,0.090000,0.300000,0.010000,0.060000,0.000000,0.000000,False,2,3
1553,2022-05-01,SOM,4032,SOM,3,0.460000,0.580000,0.230000,0.290000,0.030000,0.050000,0.000000,0.000000,False,3,3
1553,2022-07-01,SOM,4033,SOM,3,0.600000,0.590000,0.400000,0.310000,0.050000,0.050000,0.000000,0.000000,False,3,3
1553,2022-10-01,SOM,4034,SOM,2,0.300000,0.560000,0.100000,0.290000,0.000000,0.050000,0.000000,0.000000,False,2,3
1558,2017-07-01,SOM,4037,SOM,3,0.530000,0.700000,0.380000,0.300000,0.130000,0.070000,0.000000,0.000000,False,3,3
1558,2018-01-01,SOM,4038,SOM,3,0.370000,0.650000,0.250000,0.200000,0.040000,0.070000,0.000000,0.000000,False,3,3
1558,2019-01-01,SOM,4039,SOM,2,0.210000,0.690000,0.080000,0.260000,0.000000,0.070000,0.000000,0.000000,False,2,3
1558,2019-07-01,SOM,4040,SOM,2,0.430000,0.740000,0.180000,0.320000,0.010000,0.080000,0.000000,0.000000,False,2,3
1558,2020-01-01,SOM,4041,SOM,2,0.210000,0.530000,0.030000,0.200000,0.010000,0.070000,0.000000,0.000000,False,2,3
1558,2020-07-01,SOM,4042,SOM,2,0.210000,0.660000,0.070000,0.270000,0.010000,0.070000,0.000000,0.000000,False,2,3
1558,2021-01-01,SOM,4043,SOM,2,0.310000,0.550000,0.120000,0.230000,0.000000,0.070000,0.000000,0.000000,False,2,3
1558,2021-07-01,SOM,4044,SOM,2,0.350000,0.650000,0.160000,0.320000,0.020000,0.070000,0.000000,0.000000,False,2,3
1558,2022-01-01,SOM,4045,SOM,2,0.340000,0.640000,0.150000,0.270000,0.030000,0.080000,0.000000,0.000000,False,2,3
1558,2022-05-01,SOM,4046,SOM,3,0.580000,0.730000,0.330000,0.310000,0.090000,0.070000,0.000000,0.000000,False,3,3
1558,2022-07-01,SOM,4047,SOM,4,0.700000,0.660000,0.500000,0.280000,0.200000,0.070000,0.000000,0.000000,False,4,3
1558,2022-10-01,SOM,4048,SOM,3,0.650000,0.560000,0.450000,0.250000,0.150000,0.070000,0.000000,0.000000,False,3,3
1559,2017-07-01,SOM,4049,SOM,3,0.530000,0.700000,0.380000,0.300000,0.130000,0.070000,0.000000,0.000000,False,3,3
1559,2018-01-01,SOM,4050,SOM,3,0.370000,0.650000,0.250000,0.200000,0.040000,0.070000,0.000000,0.000000,False,3,3
1559,2019-01-01,SOM,4051,SOM,2,0.210000,0.690000,0.080000,0.260000,0.000000,0.070000,0.000000,0.000000,False,2,3
1559,2019-07-01,SOM,4052,SOM,2,0.430000,0.740000,0.180000,0.320000,0.010000,0.080000,0.000000,0.000000,False,2,3
1559,2020-01-01,SOM,4053,SOM,2,0.210000,0.530000,0.030000,0.200000,0.010000,0.070000,0.000000,0.000000,False,2,3
1559,2020-07-01,SOM,4054,SOM,2,0.210000,0.660000,0.070000,0.270000,0.010000,0.070000,0.000000,0.000000,False,2,3
1559,2021-01-01,SOM,4055,SOM,2,0.310000,0.550000,0.120000,0.230000,0.000000,0.070000,0.000000,0.000000,False,2,3
1559,2021-07-01,SOM,4056,SOM,2,0.350000,0.650000,0.160000,0.290000,0.020000,0.070000,0.000000,0.000000,False,2,3
1559,2022-01-01,SOM,4057,SOM,2,0.340000,0.630000,0.150000,0.270000,0.030000,0.080000,0.000000,0.000000,False,2,3
1559,2022-05-01,SOM,4058,SOM,3,0.580000,0.730000,0.330000,0.310000,0.090000,0.070000,0.000000,0.000000,False,3,3
1559,2022-07-01,SOM,4059,SOM,4,0.700000,0.660000,0.500000,0.270000,0.200000,0.070000,0.000000,0.000000,False,4,3
1559,2022-10-01,SOM,4060,SOM,3,0.650000,0.560000,0.450000,0.250000,0.150000,0.070000,0.000000,0.000000,False,3,3
1560,2017-07-01,SOM,4061,SOM,3,0.430000,0.710000,0.260000,0.340000,0.020000,0.090000,0.000000,0.000000,False,3,3
1560,2019-01-01,SOM,4062,SOM,2,0.590000,0.640000,0.140000,0.250000,0.000000,0.080000,0.000000,0.000000,False,2,3
1561,2017-07-01,SOM,4063,SOM,2,0.250000,0.700000,0.070000,0.310000,0.000000,0.050000,0.000000,0.000000,False,2,3
1561,2018-01-01,SOM,4064,SOM,1,0.110000,0.650000,0.000000,0.180000,0.000000,0.060000,0.000000,0.000000,False,1,2
1561,2019-01-01,SOM,4065,SOM,1,0.070000,0.740000,0.010000,0.240000,0.000000,0.060000,0.000000,0.000000,False,1,3
1561,2019-07-01,SOM,4066,SOM,2,0.370000,0.730000,0.040000,0.280000,0.010000,0.050000,0.000000,0.000000,False,2,3
1561,2020-01-01,SOM,4067,SOM,2,0.230000,0.600000,0.040000,0.180000,0.010000,0.040000,0.000000,0.000000,False,2,2
1561,2020-07-01,SOM,4068,SOM,2,0.280000,0.660000,0.100000,0.240000,0.020000,0.050000,0.000000,0.000000,False,2,3
1561,2021-01-01,SOM,4069,SOM,2,0.360000,0.560000,0.130000,0.210000,0.010000,0.050000,0.000000,0.000000,False,2,3
1561,2021-07-01,SOM,4070,SOM,2,0.430000,0.590000,0.150000,0.180000,0.010000,0.070000,0.000000,0.000000,False,2,2
1561,2022-01-01,SOM,4071,SOM,2,0.290000,0.610000,0.100000,0.250000,0.010000,0.070000,0.000000,0.000000,False,2,3
1561,2022-05-01,SOM,4072,SOM,3,0.550000,0.700000,0.310000,0.250000,0.080000,0.060000,0.000000,0.000000,False,3,3
1561,2022-07-01,SOM,4073,SOM,3,0.600000,0.670000,0.400000,0.260000,0.050000,0.060000,0.000000,0.000000,False,3,3
1561,2022-10-01,SOM,4074,SOM,2,0.300000,0.640000,0.100000,0.260000,0.000000,0.050000,0.000000,0.000000,False,2,3
1562,2017-07-01,SOM,4075,SOM,3,0.530000,0.670000,0.380000,0.310000,0.130000,0.070000,0.000000,0.000000,False,3,3
1562,2018-01-01,SOM,4076,SOM,3,0.370000,0.630000,0.250000,0.250000,0.040000,0.070000,0.000000,0.000000,False,3,3
1562,2019-01-01,SOM,4077,SOM,2,0.210000,0.710000,0.080000,0.270000,0.000000,0.060000,0.000000,0.000000,False,2,3
1562,2019-07-01,SOM,4078,SOM,2,0.430000,0.720000,0.180000,0.330000,0.010000,0.080000,0.000000,0.000000,False,2,3
1562,2020-01-01,SOM,4079,SOM,2,0.210000,0.560000,0.030000,0.220000,0.010000,0.060000,0.000000,0.000000,False,2,3
1562,2020-07-01,SOM,4080,SOM,2,0.210000,0.610000,0.070000,0.270000,0.010000,0.070000,0.000000,0.000000,False,2,3
1562,2021-01-01,SOM,4081,SOM,2,0.310000,0.540000,0.120000,0.230000,0.000000,0.070000,0.000000,0.000000,False,2,3
1562,2021-07-01,SOM,4082,SOM,2,0.350000,0.670000,0.160000,0.270000,0.020000,0.070000,0.000000,0.000000,False,2,3
1562,2022-05-01,SOM,4083,SOM,3,0.580000,0.680000,0.330000,0.300000,0.090000,0.070000,0.000000,0.000000,False,3,3
1562,2022-07-01,SOM,4084,SOM,3,0.450000,0.610000,0.250000,0.270000,0.050000,0.070000,0.000000,0.000000,False,3,3
1562,2022-10-01,SOM,4085,SOM,3,0.450000,0.550000,0.250000,0.240000,0.050000,0.070000,0.000000,0.000000,False,3,3
1563,2017-07-01,SOM,4086,SOM,3,0.530000,0.630000,0.380000,0.330000,0.130000,0.060000,0.000000,0.000000,False,3,3
1563,2018-01-01,SOM,4087,SOM,3,0.370000,0.650000,0.250000,0.230000,0.040000,0.050000,0.000000,0.000000,False,3,3
1563,2019-07-01,SOM,4088,SOM,2,0.430000,0.740000,0.180000,0.320000,0.010000,0.060000,0.000000,0.000000,False,2,3
1563,2020-07-01,SOM,4089,SOM,2,0.210000,0.610000,0.070000,0.260000,0.010000,0.060000,0.000000,0.000000,False,2,3
1563,2021-01-01,SOM,4090,SOM,2,0.310000,0.580000,0.120000,0.230000,0.000000,0.060000,0.000000,0.000000,False,2,3
1563,2021-07-01,SOM,4091,SOM,2,0.350000,0.660000,0.160000,0.260000,0.020000,0.070000,0.000000,0.000000,False,2,3
1563,2022-07-01,SOM,4092,SOM,3,0.450000,0.600000,0.250000,0.280000,0.050000,0.070000,0.000000,0.000000,False,3,3
1563,2022-10-01,SOM,4093,SOM,3,0.450000,0.510000,0.250000,0.250000,0.050000,0.050000,0.000000,0.000000,False,3,3
1566,2017-07-01,SOM,4099,SOM,2,0.250000,0.670000,0.070000,0.320000,0.000000,0.050000,0.000000,0.000000,False,2,3
1566,2018-01-01,SOM,4100,SOM,1,0.110000,0.670000,0.000000,0.230000,0.000000,0.050000,0.000000,0.000000,False,1,3
1566,2019-01-01,SOM,4101,SOM,1,0.070000,0.760000,0.010000,0.270000,0.000000,0.060000,0.000000,0.000000,False,1,3
1566,2019-07-01,SOM,4102,SOM,2,0.370000,0.730000,0.040000,0.290000,0.010000,0.050000,0.000000,0.000000,False,2,3
1566,2020-01-01,SOM,4103,SOM,2,0.230000,0.580000,0.040000,0.200000,0.010000,0.040000,0.000000,0.000000,False,2,3
1566,2020-07-01,SOM,4104,SOM,2,0.280000,0.640000,0.100000,0.260000,0.020000,0.060000,0.000000,0.000000,False,2,3
1566,2021-01-01,SOM,4105,SOM,2,0.360000,0.610000,0.130000,0.230000,0.010000,0.050000,0.000000,0.000000,False,2,3
1566,2021-07-01,SOM,4106,SOM,2,0.430000,0.600000,0.150000,0.190000,0.010000,0.070000,0.000000,0.000000,False,2,2
1566,2022-01-01,SOM,4107,SOM,2,0.290000,0.610000,0.100000,0.270000,0.010000,0.070000,0.000000,0.000000,False,2,3
1566,2022-05-01,SOM,4108,SOM,3,0.550000,0.700000,0.310000,0.260000,0.080000,0.060000,0.000000,0.000000,False,3,3
1566,2022-07-01,SOM,4109,SOM,3,0.650000,0.670000,0.450000,0.310000,0.100000,0.060000,0.000000,0.000000,False,3,3
1566,2022-10-01,SOM,4110,SOM,3,0.650000,0.670000,0.450000,0.280000,0.100000,0.060000,0.000000,0.000000,False,3,3
1569,2017-07-01,SOM,4115,SOM,3,0.490000,0.670000,0.330000,0.320000,0.080000,0.050000,0.000000,0.000000,False,3,3
1569,2018-01-01,SOM,4116,SOM,2,0.300000,0.570000,0.160000,0.200000,0.030000,0.060000,0.000000,0.000000,False,2,3
1569,2019-01-01,SOM,4117,SOM,1,0.180000,0.710000,0.060000,0.280000,0.000000,0.060000,0.000000,0.000000,False,1,3
1569,2019-07-01,SOM,4118,SOM,2,0.370000,0.720000,0.140000,0.300000,0.010000,0.060000,0.000000,0.000000,False,2,3
1569,2020-01-01,SOM,4119,SOM,1,0.170000,0.590000,0.010000,0.210000,0.000000,0.050000,0.000000,0.000000,False,1,3
1569,2020-07-01,SOM,4120,SOM,1,0.170000,0.620000,0.050000,0.270000,0.000000,0.050000,0.000000,0.000000,False,1,3
1569,2021-01-01,SOM,4121,SOM,2,0.270000,0.550000,0.100000,0.230000,0.000000,0.050000,0.000000,0.000000,False,2,3
1569,2022-05-01,SOM,4122,SOM,3,0.550000,0.700000,0.310000,0.310000,0.080000,0.070000,0.000000,0.000000,False,3,3
1569,2022-10-01,SOM,4123,SOM,3,0.450000,0.570000,0.250000,0.260000,0.050000,0.060000,0.000000,0.000000,False,3,3
1570,2017-07-01,SOM,4124,SOM,3,0.490000,0.650000,0.330000,0.320000,0.080000,0.050000,0.000000,0.000000,False,3,3
1570,2018-01-01,SOM,4125,SOM,2,0.300000,0.640000,0.160000,0.220000,0.030000,0.050000,0.000000,0.000000,False,2,3
1570,2019-01-01,SOM,4126,SOM,1,0.180000,0.740000,0.060000,0.270000,0.000000,0.060000,0.000000,0.000000,False,1,3
1570,2019-07-01,SOM,4127,SOM,2,0.370000,0.730000,0.140000,0.290000,0.010000,0.050000,0.000000,0.000000,False,2,3
1570,2020-01-01,SOM,4128,SOM,1,0.170000,0.540000,0.010000,0.200000,0.000000,0.060000,0.000000,0.000000,False,1,3
1570,2020-07-01,SOM,4129,SOM,1,0.170000,0.620000,0.050000,0.260000,0.000000,0.060000,0.000000,0.000000,False,1,3
1570,2021-01-01,SOM,4130,SOM,2,0.270000,0.620000,0.100000,0.230000,0.000000,0.050000,0.000000,0.000000,False,2,3
1570,2022-05-01,SOM,4131,SOM,3,0.550000,0.690000,0.310000,0.290000,0.080000,0.070000,0.000000,0.000000,False,3,3
1570,2022-10-01,SOM,4132,SOM,3,0.450000,0.580000,0.250000,0.250000,0.050000,0.060000,0.000000,0.000000,False,3,3
1571,2017-07-01,SOM,4133,SOM,2,0.280000,0.530000,0.140000,0.350000,0.000000,0.060000,0.000000,0.000000,False,2,3
1571,2018-01-01,SOM,4134,SOM,1,0.120000,0.650000,0.000000,0.260000,0.000000,0.050000,0.000000,0.000000,False,1,3
1571,2019-01-01,SOM,4135,SOM,1,0.170000,0.670000,0.020000,0.330000,0.000000,0.060000,0.000000,0.000000,False,1,3
1571,2019-07-01,SOM,4136,SOM,2,0.380000,0.720000,0.070000,0.330000,0.010000,0.050000,0.000000,0.000000,False,2,3
1571,2020-01-01,SOM,4137,SOM,2,0.210000,0.600000,0.030000,0.270000,0.010000,0.050000,0.000000,0.000000,False,2,3
1571,2020-07-01,SOM,4138,SOM,2,0.260000,0.660000,0.080000,0.300000,0.010000,0.060000,0.000000,0.000000,False,2,3
1571,2021-01-01,SOM,4139,SOM,2,0.370000,0.640000,0.130000,0.310000,0.010000,0.050000,0.000000,0.000000,False,2,3
1571,2021-07-01,SOM,4140,SOM,2,0.260000,0.580000,0.080000,0.220000,0.000000,0.060000,0.000000,0.000000,False,2,3
1571,2022-01-01,SOM,4141,SOM,2,0.270000,0.520000,0.090000,0.290000,0.010000,0.060000,0.000000,0.000000,False,2,3
1571,2022-05-01,SOM,4142,SOM,3,0.460000,0.610000,0.230000,0.290000,0.030000,0.050000,0.000000,0.000000,False,3,3
1571,2022-07-01,SOM,4143,SOM,3,0.650000,0.670000,0.450000,0.370000,0.100000,0.060000,0.000000,0.000000,False,3,3
1571,2022-10-01,SOM,4144,SOM,3,0.650000,0.590000,0.450000,0.360000,0.100000,0.060000,0.000000,0.000000,False,3,3
1574,2017-07-01,SOM,4149,SOM,3,0.420000,0.710000,0.230000,0.360000,0.030000,0.090000,0.000000,0.000000,False,3,3
1574,2019-01-01,SOM,4150,SOM,2,0.490000,0.670000,0.150000,0.290000,0.010000,0.080000,0.000000,0.000000,False,2,3
1574,2019-07-01,SOM,4151,SOM,2,0.440000,0.740000,0.120000,0.280000,0.010000,0.080000,0.000000,0.000000,False,2,3
1574,2020-07-01,SOM,4152,SOM,2,0.220000,0.710000,0.060000,0.260000,0.010000,0.100000,0.000000,0.000000,False,2,3
1574,2021-01-01,SOM,4153,SOM,3,0.420000,0.690000,0.200000,0.240000,0.040000,0.090000,0.000000,0.000000,False,3,3
1574,2022-01-01,SOM,4154,SOM,2,0.330000,0.670000,0.140000,0.350000,0.020000,0.090000,0.000000,0.000000,False,2,3
1574,2022-10-01,SOM,4155,SOM,3,0.750000,0.640000,0.550000,0.330000,0.150000,0.080000,0.000000,0.000000,False,3,3
1575,2017-07-01,SOM,4156,SOM,3,0.420000,0.710000,0.230000,0.360000,0.030000,0.090000,0.000000,0.000000,False,3,3
1575,2019-01-01,SOM,4157,SOM,2,0.490000,0.670000,0.150000,0.290000,0.010000,0.080000,0.000000,0.000000,False,2,3
1575,2019-07-01,SOM,4158,SOM,2,0.440000,0.740000,0.120000,0.280000,0.010000,0.080000,0.000000,0.000000,False,2,3
1575,2020-07-01,SOM,4159,SOM,2,0.220000,0.700000,0.060000,0.260000,0.010000,0.100000,0.000000,0.000000,False,2,3
1575,2021-01-01,SOM,4160,SOM,3,0.420000,0.680000,0.200000,0.240000,0.040000,0.090000,0.000000,0.000000,False,3,3
1575,2022-01-01,SOM,4161,SOM,2,0.330000,0.670000,0.140000,0.350000,0.020000,0.090000,0.000000,0.000000,False,2,3
1575,2022-10-01,SOM,4162,SOM,3,0.750000,0.630000,0.550000,0.330000,0.150000,0.080000,0.000000,0.000000,False,3,3
1577,2017-07-01,SOM,4167,SOM,3,0.420000,0.640000,0.230000,0.350000,0.030000,0.090000,0.000000,0.000000,False,3,3
1577,2019-01-01,SOM,4168,SOM,2,0.490000,0.670000,0.150000,0.260000,0.010000,0.080000,0.000000,0.000000,False,2,3
1578,2017-07-01,SOM,4169,SOM,3,0.600000,0.680000,0.420000,0.360000,0.150000,0.090000,0.000000,0.000000,False,3,3
1578,2018-01-01,SOM,4170,SOM,3,0.380000,0.630000,0.240000,0.300000,0.040000,0.080000,0.000000,0.000000,False,3,3
1578,2018-07-01,SOM,4171,SOM,3,0.400000,0.730000,0.220000,0.310000,0.060000,0.090000,0.010000,0.000000,False,3,3
1578,2019-01-01,SOM,4172,SOM,2,0.360000,0.730000,0.100000,0.310000,0.000000,0.080000,0.000000,0.000000,False,2,3
1578,2019-07-01,SOM,4173,SOM,3,0.460000,0.730000,0.200000,0.320000,0.010000,0.090000,0.000000,0.000000,False,3,3
1578,2020-07-01,SOM,4174,SOM,2,0.290000,0.640000,0.090000,0.300000,0.030000,0.080000,0.000000,0.000000,False,2,3
1578,2021-01-01,SOM,4175,SOM,2,0.370000,0.670000,0.130000,0.260000,0.000000,0.090000,0.000000,0.000000,False,2,3
1578,2021-07-01,SOM,4176,SOM,2,0.350000,0.710000,0.160000,0.270000,0.020000,0.090000,0.000000,0.000000,False,2,3
1578,2022-01-01,SOM,4177,SOM,2,0.340000,0.630000,0.150000,0.320000,0.030000,0.090000,0.000000,0.000000,False,2,3
1578,2022-05-01,SOM,4178,SOM,3,0.580000,0.690000,0.330000,0.310000,0.090000,0.090000,0.000000,0.000000,False,3,3
1578,2022-07-01,SOM,4179,SOM,3,0.700000,0.580000,0.500000,0.260000,0.100000,0.090000,0.000000,0.000000,False,3,3
1578,2022-10-01,SOM,4180,SOM,3,0.700000,0.540000,0.500000,0.260000,0.100000,0.090000,0.000000,0.000000,False,3,3
1579,2017-07-01,SOM,4181,SOM,3,0.420000,0.640000,0.230000,0.350000,0.030000,0.100000,0.000000,0.000000,False,3,3
1588,2017-07-01,SOM,4205,SOM,2,0.250000,0.670000,0.070000,0.330000,0.000000,0.070000,0.000000,0.000000,False,2,3
1588,2019-07-01,SOM,4206,SOM,2,0.370000,0.740000,0.040000,0.300000,0.010000,0.060000,0.000000,0.000000,False,2,3
1588,2020-01-01,SOM,4207,SOM,2,0.230000,0.580000,0.040000,0.210000,0.010000,0.060000,0.000000,0.000000,False,2,3
1588,2021-01-01,SOM,4208,SOM,2,0.360000,0.640000,0.130000,0.220000,0.010000,0.070000,0.000000,0.000000,False,2,3
1588,2021-07-01,SOM,4209,SOM,2,0.430000,0.610000,0.150000,0.210000,0.010000,0.070000,0.000000,0.000000,False,2,3
1588,2022-05-01,SOM,4210,SOM,3,0.550000,0.700000,0.310000,0.290000,0.080000,0.070000,0.000000,0.000000,False,3,3
1589,2022-01-01,SOM,4211,SOM,2,0.270000,0.560000,0.090000,0.260000,0.010000,0.060000,0.000000,0.000000,False,2,3
1595,2017-07-01,SOM,4228,SOM,2,0.330000,0.570000,0.170000,0.270000,0.000000,0.060000,0.000000,0.000000,False,2,3
1595,2018-01-01,SOM,4229,SOM,1,0.190000,0.580000,0.000000,0.180000,0.000000,0.060000,0.000000,0.000000,False,1,2
1595,2019-01-01,SOM,4230,SOM,2,0.250000,0.690000,0.040000,0.310000,0.000000,0.060000,0.000000,0.000000,False,2,3
1595,2019-07-01,SOM,4231,SOM,2,0.300000,0.680000,0.040000,0.350000,0.000000,0.060000,0.000000,0.000000,False,2,3
1595,2020-01-01,SOM,4232,SOM,1,0.090000,0.500000,0.000000,0.230000,0.000000,0.060000,0.000000,0.000000,False,1,3
1595,2020-07-01,SOM,4233,SOM,1,0.120000,0.560000,0.010000,0.240000,0.000000,0.060000,0.000000,0.000000,False,1,3
1595,2021-01-01,SOM,4234,SOM,2,0.260000,0.540000,0.100000,0.250000,0.000000,0.060000,0.000000,0.000000,False,2,3
1595,2021-07-01,SOM,4235,SOM,2,0.430000,0.620000,0.150000,0.310000,0.010000,0.070000,0.000000,0.000000,False,2,3
1595,2022-01-01,SOM,4236,SOM,2,0.290000,0.640000,0.100000,0.310000,0.010000,0.070000,0.000000,0.000000,False,2,3
1595,2022-05-01,SOM,4237,SOM,3,0.550000,0.740000,0.310000,0.330000,0.080000,0.070000,0.000000,0.000000,False,3,3
1595,2022-07-01,SOM,4238,SOM,3,0.600000,0.620000,0.400000,0.380000,0.100000,0.060000,0.000000,0.000000,False,3,3
1595,2022-10-01,SOM,4239,SOM,3,0.600000,0.640000,0.400000,0.340000,0.100000,0.060000,0.000000,0.000000,False,3,3
1596,2017-07-01,SOM,4240,SOM,2,0.330000,0.570000,0.170000,0.260000,0.000000,0.060000,0.000000,0.000000,False,2,3
1596,2018-01-01,SOM,4241,SOM,1,0.190000,0.580000,0.000000,0.180000,0.000000,0.060000,0.000000,0.000000,False,1,2
1596,2019-01-01,SOM,4242,SOM,2,0.250000,0.690000,0.040000,0.300000,0.000000,0.060000,0.000000,0.000000,False,2,3
1596,2019-07-01,SOM,4243,SOM,2,0.300000,0.680000,0.040000,0.350000,0.000000,0.060000,0.000000,0.000000,False,2,3
1596,2020-01-01,SOM,4244,SOM,1,0.090000,0.500000,0.000000,0.230000,0.000000,0.060000,0.000000,0.000000,False,1,3
1596,2020-07-01,SOM,4245,SOM,1,0.120000,0.560000,0.010000,0.240000,0.000000,0.060000,0.000000,0.000000,False,1,3
1596,2021-01-01,SOM,4246,SOM,2,0.260000,0.540000,0.100000,0.240000,0.000000,0.060000,0.000000,0.000000,False,2,3
1596,2021-07-01,SOM,4247,SOM,2,0.430000,0.610000,0.150000,0.280000,0.010000,0.070000,0.000000,0.000000,False,2,3
1596,2022-01-01,SOM,4248,SOM,2,0.290000,0.640000,0.100000,0.300000,0.010000,0.070000,0.000000,0.000000,False,2,3
1596,2022-05-01,SOM,4249,SOM,3,0.550000,0.740000,0.310000,0.320000,0.080000,0.070000,0.000000,0.000000,False,3,3
1596,2022-07-01,SOM,4250,SOM,3,0.600000,0.620000,0.400000,0.360000,0.100000,0.060000,0.000000,0.000000,False,3,3
1596,2022-10-01,SOM,4251,SOM,3,0.600000,0.640000,0.400000,0.330000,0.100000,0.060000,0.000000,0.000000,False,3,3
1600,2017-07-01,SOM,4254,SOM,3,0.560000,0.650000,0.360000,0.310000,0.100000,0.080000,0.000000,0.000000,False,3,3
1600,2018-01-01,SOM,4255,SOM,2,0.280000,0.560000,0.140000,0.240000,0.000000,0.080000,0.000000,0.000000,False,2,3
1600,2020-01-01,SOM,4256,SOM,3,0.560000,0.550000,0.210000,0.230000,0.030000,0.070000,0.000000,0.000000,False,3,3
1600,2020-10-01,SOM,4257,SOM,3,0.450000,0.670000,0.200000,0.270000,0.050000,0.080000,0.000000,0.000000,False,3,3
1600,2021-01-01,SOM,4258,SOM,2,0.460000,0.630000,0.130000,0.240000,0.000000,0.080000,0.000000,0.000000,False,2,3
1600,2021-05-01,SOM,4259,SOM,3,0.600000,0.680000,0.350000,0.300000,0.100000,0.080000,0.000000,0.000000,False,3,3
1600,2022-01-01,SOM,4260,SOM,3,0.430000,0.610000,0.220000,0.330000,0.020000,0.090000,0.000000,0.000000,False,3,3
1600,2022-05-01,SOM,4261,SOM,3,0.610000,0.700000,0.370000,0.320000,0.080000,0.080000,0.000000,0.000000,False,3,3
1600,2022-07-01,SOM,4262,SOM,3,0.700000,0.610000,0.500000,0.290000,0.100000,0.100000,0.000000,0.000000,False,3,3
1600,2022-10-01,SOM,4263,SOM,3,0.650000,0.620000,0.450000,0.290000,0.100000,0.080000,0.000000,0.000000,False,3,3
1604,2022-07-01,SOM,4266,SOM,3,0.700000,0.560000,0.500000,0.250000,0.100000,0.070000,0.000000,0.000000,False,3,3
1605,2017-07-01,SOM,4267,SOM,2,0.330000,0.560000,0.170000,0.280000,0.000000,0.060000,0.000000,0.000000,False,2,3
1605,2019-01-01,SOM,4268,SOM,2,0.250000,0.740000,0.040000,0.260000,0.000000,0.060000,0.000000,0.000000,False,2,3
1605,2019-07-01,SOM,4269,SOM,2,0.300000,0.710000,0.040000,0.230000,0.000000,0.050000,0.000000,0.000000,False,2,3
1605,2020-01-01,SOM,4270,SOM,1,0.090000,0.480000,0.000000,0.200000,0.000000,0.050000,0.000000,0.000000,False,1,3
1605,2020-07-01,SOM,4271,SOM,1,0.120000,0.530000,0.010000,0.230000,0.000000,0.060000,0.000000,0.000000,False,1,3
1605,2021-07-01,SOM,4272,SOM,2,0.430000,0.600000,0.150000,0.210000,0.010000,0.070000,0.000000,0.000000,False,2,3
1605,2022-07-01,SOM,4273,SOM,3,0.600000,0.570000,0.400000,0.310000,0.100000,0.060000,0.000000,0.000000,False,3,3
1605,2022-10-01,SOM,4274,SOM,3,0.600000,0.670000,0.400000,0.250000,0.100000,0.060000,0.000000,0.000000,False,3,3
1606,2019-07-01,SOM,4275,SOM,2,0.470000,0.630000,0.150000,0.290000,0.040000,0.090000,0.000000,0.000000,False,2,3
1608,2020-01-01,SOM,4278,SOM,3,0.560000,0.550000,0.210000,0.240000,0.030000,0.070000,0.000000,0.000000,False,3,3
1608,2020-07-01,SOM,4279,SOM,2,0.380000,0.590000,0.090000,0.300000,0.000000,0.080000,0.000000,0.000000,False,2,3
1608,2020-10-01,SOM,4280,SOM,3,0.450000,0.680000,0.200000,0.300000,0.050000,0.090000,0.000000,0.000000,False,3,3
1608,2021-01-01,SOM,4281,SOM,2,0.460000,0.620000,0.130000,0.280000,0.000000,0.060000,0.000000,0.000000,False,2,3
1608,2021-07-01,SOM,4282,SOM,2,0.450000,0.670000,0.140000,0.240000,0.010000,0.080000,0.000000,0.000000,False,2,3
1608,2022-01-01,SOM,4283,SOM,3,0.430000,0.650000,0.220000,0.340000,0.020000,0.090000,0.000000,0.000000,False,3,3
1608,2022-05-01,SOM,4284,SOM,3,0.610000,0.720000,0.370000,0.330000,0.080000,0.080000,0.000000,0.000000,False,3,3
1608,2022-07-01,SOM,4285,SOM,3,0.700000,0.590000,0.500000,0.320000,0.100000,0.100000,0.000000,0.000000,False,3,3
1608,2022-10-01,SOM,4286,SOM,3,0.650000,0.540000,0.450000,0.310000,0.100000,0.100000,0.000000,0.000000,False,3,3
1609,2017-07-01,SOM,4287,SOM,2,0.330000,0.580000,0.170000,0.270000,0.000000,0.060000,0.000000,0.000000,False,2,3
1609,2019-01-01,SOM,4288,SOM,2,0.250000,0.710000,0.040000,0.250000,0.000000,0.060000,0.000000,0.000000,False,2,3
1609,2019-07-01,SOM,4289,SOM,2,0.300000,0.730000,0.040000,0.260000,0.000000,0.050000,0.000000,0.000000,False,2,3
1609,2020-01-01,SOM,4290,SOM,1,0.090000,0.520000,0.000000,0.210000,0.000000,0.050000,0.000000,0.000000,False,1,3
1609,2020-07-01,SOM,4291,SOM,1,0.120000,0.530000,0.010000,0.220000,0.000000,0.050000,0.000000,0.000000,False,1,3
1609,2021-07-01,SOM,4292,SOM,2,0.430000,0.570000,0.150000,0.200000,0.010000,0.070000,0.000000,0.000000,False,2,3
1609,2022-07-01,SOM,4293,SOM,3,0.600000,0.590000,0.400000,0.300000,0.100000,0.060000,0.000000,0.000000,False,3,3
1609,2022-10-01,SOM,4294,SOM,3,0.600000,0.650000,0.400000,0.240000,0.100000,0.060000,0.000000,0.000000,False,3,3
1615,2017-07-01,SOM,4304,SOM,2,0.330000,0.610000,0.170000,0.250000,0.000000,0.050000,0.000000,0.000000,False,2,3
1615,2019-01-01,SOM,4305,SOM,2,0.250000,0.660000,0.040000,0.270000,0.000000,0.060000,0.000000,0.000000,False,2,3
1615,2019-07-01,SOM,4306,SOM,2,0.300000,0.690000,0.040000,0.260000,0.000000,0.050000,0.000000,0.000000,False,2,3
1615,2020-07-01,SOM,4307,SOM,1,0.120000,0.560000,0.010000,0.200000,0.000000,0.060000,0.000000,0.000000,False,1,3
1618,2019-01-01,SOM,4309,SOM,2,0.240000,0.650000,0.040000,0.220000,0.000000,0.070000,0.000000,0.000000,False,2,3
1618,2019-07-01,SOM,4310,SOM,2,0.290000,0.700000,0.040000,0.250000,0.000000,0.060000,0.000000,0.000000,False,2,3
1618,2020-01-01,SOM,4311,SOM,1,0.090000,0.530000,0.000000,0.170000,0.000000,0.050000,0.000000,0.000000,False,1,2
1618,2020-07-01,SOM,4312,SOM,1,0.120000,0.600000,0.010000,0.190000,0.000000,0.050000,0.000000,0.000000,False,1,2
1621,2019-01-01,SOM,4313,SOM,2,0.240000,0.690000,0.040000,0.210000,0.000000,0.060000,0.000000,0.000000,False,2,3
1621,2019-07-01,SOM,4314,SOM,2,0.290000,0.730000,0.040000,0.250000,0.000000,0.050000,0.000000,0.000000,False,2,3
1621,2020-01-01,SOM,4315,SOM,1,0.090000,0.480000,0.000000,0.160000,0.000000,0.050000,0.000000,0.000000,False,1,2
1621,2020-07-01,SOM,4316,SOM,1,0.120000,0.610000,0.010000,0.170000,0.000000,0.050000,0.000000,0.000000,False,1,2
1622,2020-07-01,SOM,4317,SOM,2,0.250000,0.620000,0.060000,0.260000,0.010000,0.090000,0.000000,0.000000,False,2,3
1622,2021-01-01,SOM,4318,SOM,2,0.420000,0.640000,0.180000,0.210000,0.010000,0.090000,0.000000,0.000000,False,2,3
1622,2022-01-01,SOM,4319,SOM,3,0.370000,0.660000,0.210000,0.350000,0.060000,0.080000,0.000000,0.000000,False,3,3
1622,2022-10-01,SOM,4320,SOM,3,0.750000,0.520000,0.550000,0.340000,0.150000,0.120000,0.000000,0.000000,False,3,3
1623,2020-07-01,SOM,4321,SOM,2,0.250000,0.600000,0.060000,0.270000,0.010000,0.090000,0.000000,0.000000,False,2,3
1623,2021-01-01,SOM,4322,SOM,2,0.420000,0.600000,0.180000,0.220000,0.010000,0.090000,0.000000,0.000000,False,2,3
1623,2022-01-01,SOM,4323,SOM,3,0.370000,0.660000,0.210000,0.350000,0.060000,0.080000,0.000000,0.000000,False,3,3
1623,2022-10-01,SOM,4324,SOM,3,0.750000,0.520000,0.550000,0.340000,0.150000,0.120000,0.000000,0.000000,False,3,3
1624,2017-07-01,SOM,4325,SOM,3,0.540000,0.670000,0.370000,0.360000,0.130000,0.060000,0.000000,0.000000,False,3,3
1624,2018-01-01,SOM,4326,SOM,2,0.330000,0.580000,0.180000,0.280000,0.000000,0.090000,0.000000,0.000000,False,2,3
1624,2019-07-01,SOM,4327,SOM,2,0.420000,0.680000,0.100000,0.290000,0.010000,0.090000,0.000000,0.000000,False,2,3
1624,2020-01-01,SOM,4328,SOM,3,0.580000,0.550000,0.220000,0.240000,0.040000,0.080000,0.000000,0.000000,False,3,3
1624,2020-07-01,SOM,4329,SOM,2,0.340000,0.600000,0.090000,0.290000,0.000000,0.090000,0.000000,0.000000,False,2,3
1624,2021-01-01,SOM,4330,SOM,2,0.380000,0.570000,0.100000,0.250000,0.000000,0.060000,0.000000,0.000000,False,2,3
1624,2021-07-01,SOM,4331,SOM,2,0.450000,0.680000,0.140000,0.240000,0.010000,0.090000,0.000000,0.000000,False,2,3
1624,2022-01-01,SOM,4332,SOM,3,0.430000,0.600000,0.220000,0.320000,0.020000,0.100000,0.000000,0.000000,False,3,3
1624,2022-05-01,SOM,4333,SOM,3,0.610000,0.710000,0.370000,0.310000,0.080000,0.090000,0.000000,0.000000,False,3,3
1624,2022-07-01,SOM,4334,SOM,3,0.750000,0.630000,0.550000,0.290000,0.150000,0.090000,0.050000,0.000000,False,3,3
1624,2022-10-01,SOM,4335,SOM,3,0.700000,0.530000,0.500000,0.310000,0.150000,0.110000,0.000000,0.000000,False,3,3
1625,2017-07-01,SOM,4336,SOM,3,0.600000,0.600000,0.380000,0.330000,0.150000,0.070000,0.000000,0.000000,False,3,3
1625,2018-01-01,SOM,4337,SOM,3,0.480000,0.600000,0.270000,0.250000,0.060000,0.070000,0.000000,0.000000,False,3,3
1625,2019-07-01,SOM,4338,SOM,2,0.470000,0.660000,0.150000,0.280000,0.040000,0.080000,0.000000,0.000000,False,2,3
1625,2021-07-01,SOM,4339,SOM,2,0.410000,0.650000,0.150000,0.230000,0.010000,0.070000,0.000000,0.000000,False,2,3
1629,2017-07-01,SOM,4348,SOM,3,0.470000,0.590000,0.330000,0.320000,0.120000,0.060000,0.000000,0.000000,False,3,3
1629,2018-01-01,SOM,4349,SOM,2,0.250000,0.570000,0.140000,0.270000,0.000000,0.060000,0.000000,0.000000,False,2,3
1629,2019-07-01,SOM,4350,SOM,2,0.490000,0.690000,0.080000,0.320000,0.000000,0.060000,0.000000,0.000000,False,2,3
1629,2020-01-01,SOM,4351,SOM,2,0.470000,0.550000,0.170000,0.220000,0.020000,0.080000,0.000000,0.000000,False,2,3
1629,2020-07-01,SOM,4352,SOM,2,0.310000,0.590000,0.080000,0.250000,0.000000,0.070000,0.000000,0.000000,False,2,3
1629,2021-01-01,SOM,4353,SOM,2,0.380000,0.540000,0.110000,0.260000,0.010000,0.060000,0.000000,0.000000,False,2,3
1629,2021-07-01,SOM,4354,SOM,2,0.450000,0.710000,0.140000,0.260000,0.010000,0.090000,0.000000,0.000000,False,2,3
1629,2022-01-01,SOM,4355,SOM,3,0.430000,0.670000,0.220000,0.350000,0.020000,0.090000,0.000000,0.000000,False,3,3
1629,2022-05-01,SOM,4356,SOM,3,0.610000,0.730000,0.370000,0.330000,0.080000,0.090000,0.000000,0.000000,False,3,3
1629,2022-07-01,SOM,4357,SOM,4,0.800000,0.620000,0.600000,0.300000,0.200000,0.090000,0.050000,0.000000,False,4,3
1629,2022-10-01,SOM,4358,SOM,3,0.750000,0.570000,0.550000,0.290000,0.150000,0.090000,0.050000,0.000000,False,3,3
1635,2020-01-01,SOM,4366,SOM,2,0.470000,0.550000,0.170000,0.180000,0.020000,0.070000,0.000000,0.000000,False,2,2
1635,2022-07-01,SOM,4367,SOM,4,0.800000,0.620000,0.600000,0.270000,0.200000,0.070000,0.050000,0.000000,False,4,3
1637,2020-01-01,SOM,4370,SOM,2,0.470000,0.530000,0.170000,0.180000,0.020000,0.070000,0.000000,0.000000,False,2,2
1638,2017-07-01,SOM,4371,SOM,3,0.470000,0.630000,0.330000,0.340000,0.100000,0.080000,0.000000,0.000000,False,3,3
1638,2020-10-01,SOM,4372,SOM,3,0.450000,0.650000,0.200000,0.270000,0.050000,0.090000,0.000000,0.000000,False,3,3
1638,2021-01-01,SOM,4373,SOM,2,0.390000,0.520000,0.100000,0.250000,0.000000,0.100000,0.000000,0.000000,False,2,3
1638,2021-05-01,SOM,4374,SOM,3,0.600000,0.680000,0.350000,0.290000,0.100000,0.100000,0.000000,0.000000,False,3,3
1638,2022-01-01,SOM,4375,SOM,3,0.430000,0.660000,0.220000,0.340000,0.020000,0.110000,0.000000,0.000000,False,3,3
1638,2022-05-01,SOM,4376,SOM,3,0.610000,0.680000,0.370000,0.320000,0.080000,0.090000,0.000000,0.000000,False,3,3
1639,2017-07-01,SOM,4377,SOM,3,0.600000,0.620000,0.380000,0.350000,0.150000,0.090000,0.000000,0.000000,False,3,3
1639,2018-01-01,SOM,4378,SOM,3,0.480000,0.610000,0.270000,0.280000,0.060000,0.070000,0.000000,0.000000,False,3,3
1639,2019-07-01,SOM,4379,SOM,2,0.470000,0.640000,0.150000,0.290000,0.040000,0.070000,0.000000,0.000000,False,2,3
1639,2021-07-01,SOM,4380,SOM,2,0.410000,0.610000,0.150000,0.300000,0.010000,0.070000,0.000000,0.000000,False,2,3
1640,2017-07-01,SOM,4381,SOM,3,0.540000,0.690000,0.370000,0.360000,0.130000,0.090000,0.000000,0.000000,False,3,3
1640,2018-01-01,SOM,4382,SOM,2,0.330000,0.590000,0.180000,0.280000,0.000000,0.090000,0.000000,0.000000,False,2,3
1640,2019-07-01,SOM,4383,SOM,2,0.420000,0.710000,0.100000,0.310000,0.010000,0.090000,0.000000,0.000000,False,2,3
1640,2020-01-01,SOM,4384,SOM,3,0.580000,0.570000,0.220000,0.240000,0.040000,0.080000,0.000000,0.000000,False,3,3
1640,2020-07-01,SOM,4385,SOM,2,0.340000,0.630000,0.090000,0.270000,0.000000,0.090000,0.000000,0.000000,False,2,3
1640,2021-01-01,SOM,4386,SOM,2,0.380000,0.630000,0.100000,0.250000,0.000000,0.090000,0.000000,0.000000,False,2,3
1640,2021-07-01,SOM,4387,SOM,2,0.450000,0.680000,0.140000,0.260000,0.010000,0.090000,0.000000,0.000000,False,2,3
1640,2022-01-01,SOM,4388,SOM,3,0.430000,0.640000,0.220000,0.310000,0.020000,0.090000,0.000000,0.000000,False,3,3
1640,2022-05-01,SOM,4389,SOM,3,0.610000,0.700000,0.370000,0.290000,0.080000,0.090000,0.000000,0.000000,False,3,3
1640,2022-10-01,SOM,4390,SOM,3,0.750000,0.660000,0.550000,0.280000,0.150000,0.090000,0.050000,0.000000,False,3,3
1646,2017-07-01,SOM,4391,SOM,3,0.470000,0.710000,0.330000,0.370000,0.100000,0.100000,0.000000,0.000000,False,3,3
1646,2020-10-01,SOM,4392,SOM,3,0.450000,0.640000,0.200000,0.270000,0.050000,0.090000,0.000000,0.000000,False,3,3
1646,2021-01-01,SOM,4393,SOM,2,0.390000,0.500000,0.100000,0.260000,0.000000,0.120000,0.000000,0.000000,False,2,3
1646,2021-05-01,SOM,4394,SOM,3,0.600000,0.680000,0.350000,0.310000,0.100000,0.100000,0.000000,0.000000,False,3,3
1646,2022-01-01,SOM,4395,SOM,3,0.430000,0.690000,0.220000,0.350000,0.020000,0.090000,0.000000,0.000000,False,3,3
1646,2022-05-01,SOM,4396,SOM,3,0.610000,0.730000,0.370000,0.330000,0.080000,0.100000,0.000000,0.000000,False,3,3
1647,2021-01-01,SOM,4397,SOM,2,0.430000,0.490000,0.170000,0.250000,0.030000,0.060000,0.000000,0.000000,False,2,3
1650,2018-01-01,SOM,4402,SOM,2,0.330000,0.560000,0.120000,0.260000,0.000000,0.100000,0.000000,0.000000,False,2,3
1650,2020-01-01,SOM,4403,SOM,2,0.430000,0.580000,0.110000,0.240000,0.020000,0.090000,0.000000,0.000000,False,2,3
1650,2020-07-01,SOM,4404,SOM,2,0.390000,0.550000,0.100000,0.270000,0.000000,0.110000,0.000000,0.000000,False,2,3
1650,2021-07-01,SOM,4405,SOM,2,0.350000,0.650000,0.140000,0.280000,0.010000,0.110000,0.000000,0.000000,False,2,3
1650,2022-05-01,SOM,4406,SOM,3,0.760000,0.700000,0.430000,0.320000,0.100000,0.110000,0.000000,0.000000,False,3,3
1650,2022-07-01,SOM,4407,SOM,3,0.700000,0.610000,0.500000,0.300000,0.100000,0.100000,0.000000,0.000000,False,3,3
1650,2022-10-01,SOM,4408,SOM,3,0.700000,0.570000,0.500000,0.290000,0.100000,0.130000,0.000000,0.000000,False,3,3
1652,2022-01-01,SOM,4410,SOM,3,0.540000,0.640000,0.220000,0.370000,0.020000,0.090000,0.000000,0.000000,False,3,3
1656,2021-01-01,SOM,4417,SOM,2,0.430000,0.500000,0.170000,0.240000,0.030000,0.060000,0.000000,0.000000,False,2,3
1661,2017-07-01,SOM,4420,SOM,3,0.590000,0.620000,0.340000,0.350000,0.140000,0.070000,0.000000,0.000000,False,3,3
1661,2019-07-01,SOM,4421,SOM,2,0.440000,0.680000,0.160000,0.290000,0.030000,0.090000,0.000000,0.000000,False,2,3
1663,2017-07-01,SOM,4422,SOM,3,0.710000,0.540000,0.460000,0.410000,0.160000,0.120000,0.000000,0.000000,False,3,3
1663,2018-01-01,SOM,4423,SOM,3,0.540000,0.610000,0.340000,0.300000,0.110000,0.110000,0.000000,0.000000,False,3,3
1663,2019-01-01,SOM,4424,SOM,3,0.880000,0.610000,0.380000,0.320000,0.000000,0.090000,0.000000,0.000000,False,3,3
1663,2020-01-01,SOM,4425,SOM,2,0.230000,0.530000,0.070000,0.270000,0.010000,0.090000,0.000000,0.000000,False,2,3
1663,2020-07-01,SOM,4426,SOM,2,0.340000,0.580000,0.140000,0.320000,0.060000,0.120000,0.000000,0.000000,False,2,3
1663,2021-01-01,SOM,4427,SOM,2,0.430000,0.550000,0.180000,0.270000,0.010000,0.130000,0.000000,0.000000,False,2,3
1663,2021-07-01,SOM,4428,SOM,3,0.430000,0.720000,0.200000,0.320000,0.050000,0.100000,0.000000,0.000000,False,3,3
1663,2022-01-01,SOM,4429,SOM,3,0.370000,0.710000,0.210000,0.360000,0.060000,0.090000,0.000000,0.000000,False,3,3
1663,2022-05-01,SOM,4430,SOM,3,0.650000,0.710000,0.420000,0.370000,0.110000,0.100000,0.000000,0.000000,False,3,3
1663,2022-07-01,SOM,4431,SOM,3,0.550000,0.630000,0.350000,0.430000,0.100000,0.110000,0.000000,0.000000,False,3,3
1663,2022-10-01,SOM,4432,SOM,3,0.550000,0.550000,0.350000,0.300000,0.100000,0.110000,0.000000,0.000000,False,3,3
1664,2017-07-01,SOM,4433,SOM,3,0.710000,0.540000,0.460000,0.410000,0.160000,0.120000,0.000000,0.000000,False,3,3
1664,2018-01-01,SOM,4434,SOM,3,0.540000,0.610000,0.340000,0.300000,0.110000,0.110000,0.000000,0.000000,False,3,3
1664,2019-01-01,SOM,4435,SOM,3,0.880000,0.610000,0.380000,0.320000,0.000000,0.090000,0.000000,0.000000,False,3,3
1664,2020-01-01,SOM,4436,SOM,2,0.230000,0.530000,0.070000,0.270000,0.010000,0.090000,0.000000,0.000000,False,2,3
1664,2020-07-01,SOM,4437,SOM,2,0.340000,0.580000,0.140000,0.320000,0.060000,0.120000,0.000000,0.000000,False,2,3
1664,2021-01-01,SOM,4438,SOM,2,0.430000,0.550000,0.180000,0.270000,0.010000,0.130000,0.000000,0.000000,False,2,3
1664,2021-07-01,SOM,4439,SOM,3,0.430000,0.720000,0.200000,0.320000,0.050000,0.100000,0.000000,0.000000,False,3,3
1664,2022-01-01,SOM,4440,SOM,3,0.370000,0.710000,0.210000,0.360000,0.060000,0.090000,0.000000,0.000000,False,3,3
1664,2022-05-01,SOM,4441,SOM,3,0.650000,0.710000,0.420000,0.370000,0.110000,0.100000,0.000000,0.000000,False,3,3
1664,2022-07-01,SOM,4442,SOM,3,0.550000,0.630000,0.350000,0.430000,0.100000,0.110000,0.000000,0.000000,False,3,3
1664,2022-10-01,SOM,4443,SOM,3,0.550000,0.550000,0.350000,0.300000,0.100000,0.110000,0.000000,0.000000,False,3,3
1667,2017-07-01,SOM,4448,SOM,3,0.630000,0.650000,0.390000,0.350000,0.110000,0.110000,0.000000,0.000000,False,3,3
1667,2018-01-01,SOM,4449,SOM,3,0.500000,0.650000,0.260000,0.280000,0.050000,0.060000,0.000000,0.000000,False,3,3
1667,2019-01-01,SOM,4450,SOM,2,0.610000,0.640000,0.160000,0.290000,0.000000,0.080000,0.000000,0.000000,False,2,3
1667,2020-01-01,SOM,4451,SOM,2,0.300000,0.610000,0.080000,0.240000,0.010000,0.080000,0.000000,0.000000,False,2,3
1667,2020-07-01,SOM,4452,SOM,2,0.310000,0.650000,0.090000,0.290000,0.030000,0.110000,0.000000,0.000000,False,2,3
1667,2021-01-01,SOM,4453,SOM,2,0.460000,0.650000,0.180000,0.250000,0.010000,0.090000,0.000000,0.000000,False,2,3
1667,2021-07-01,SOM,4454,SOM,3,0.430000,0.660000,0.200000,0.250000,0.050000,0.110000,0.000000,0.000000,False,3,3
1667,2022-01-01,SOM,4455,SOM,3,0.370000,0.680000,0.210000,0.370000,0.060000,0.080000,0.000000,0.000000,False,3,3
1667,2022-05-01,SOM,4456,SOM,3,0.650000,0.700000,0.420000,0.340000,0.110000,0.090000,0.000000,0.000000,False,3,3
1667,2022-07-01,SOM,4457,SOM,3,0.550000,0.640000,0.350000,0.320000,0.100000,0.100000,0.000000,0.000000,False,3,3
1667,2022-10-01,SOM,4458,SOM,3,0.550000,0.540000,0.350000,0.270000,0.100000,0.110000,0.000000,0.000000,False,3,3
1671,2017-07-01,SOM,4465,SOM,3,0.630000,0.630000,0.390000,0.360000,0.110000,0.110000,0.000000,0.000000,False,3,3
1671,2018-01-01,SOM,4466,SOM,3,0.500000,0.640000,0.260000,0.270000,0.050000,0.090000,0.000000,0.000000,False,3,3
1671,2019-01-01,SOM,4467,SOM,2,0.610000,0.640000,0.160000,0.300000,0.000000,0.090000,0.000000,0.000000,False,2,3
1671,2020-01-01,SOM,4468,SOM,2,0.300000,0.640000,0.080000,0.240000,0.010000,0.090000,0.000000,0.000000,False,2,3
1671,2020-07-01,SOM,4469,SOM,2,0.310000,0.640000,0.090000,0.270000,0.030000,0.110000,0.000000,0.000000,False,2,3
1671,2021-01-01,SOM,4470,SOM,2,0.460000,0.670000,0.180000,0.230000,0.010000,0.120000,0.000000,0.000000,False,2,3
1671,2021-07-01,SOM,4471,SOM,3,0.430000,0.700000,0.200000,0.260000,0.050000,0.110000,0.000000,0.000000,False,3,3
1671,2022-01-01,SOM,4472,SOM,3,0.370000,0.690000,0.210000,0.350000,0.060000,0.090000,0.000000,0.000000,False,3,3
1671,2022-05-01,SOM,4473,SOM,3,0.650000,0.690000,0.420000,0.360000,0.110000,0.100000,0.000000,0.000000,False,3,3
1671,2022-07-01,SOM,4474,SOM,3,0.550000,0.610000,0.350000,0.350000,0.100000,0.100000,0.000000,0.000000,False,3,3
1671,2022-10-01,SOM,4475,SOM,3,0.550000,0.540000,0.350000,0.270000,0.100000,0.120000,0.000000,0.000000,False,3,3
1673,2017-07-01,SOM,4478,SOM,3,0.590000,0.640000,0.340000,0.340000,0.140000,0.090000,0.000000,0.000000,False,3,3
1673,2018-01-01,SOM,4479,SOM,3,0.480000,0.640000,0.240000,0.300000,0.040000,0.080000,0.000000,0.000000,False,3,3
1673,2019-07-01,SOM,4480,SOM,2,0.440000,0.660000,0.160000,0.300000,0.030000,0.080000,0.000000,0.000000,False,2,3
1673,2020-07-01,SOM,4481,SOM,2,0.390000,0.680000,0.170000,0.330000,0.060000,0.100000,0.000000,0.000000,False,2,3
1673,2021-01-01,SOM,4482,SOM,3,0.500000,0.640000,0.240000,0.250000,0.030000,0.090000,0.000000,0.000000,False,3,3
1673,2021-07-01,SOM,4483,SOM,2,0.410000,0.660000,0.150000,0.280000,0.010000,0.090000,0.000000,0.000000,False,2,3
1673,2022-10-01,SOM,4484,SOM,3,0.550000,0.570000,0.350000,0.340000,0.100000,0.130000,0.000000,0.000000,False,3,3
1674,2017-07-01,SOM,4485,SOM,3,0.590000,0.640000,0.340000,0.340000,0.140000,0.090000,0.000000,0.000000,False,3,3
1674,2018-01-01,SOM,4486,SOM,3,0.480000,0.660000,0.240000,0.300000,0.040000,0.080000,0.000000,0.000000,False,3,3
1674,2019-07-01,SOM,4487,SOM,2,0.440000,0.670000,0.160000,0.300000,0.030000,0.080000,0.000000,0.000000,False,2,3
1674,2020-07-01,SOM,4488,SOM,2,0.390000,0.690000,0.170000,0.330000,0.060000,0.100000,0.000000,0.000000,False,2,3
1674,2021-01-01,SOM,4489,SOM,3,0.500000,0.650000,0.240000,0.250000,0.030000,0.090000,0.000000,0.000000,False,3,3
1674,2021-07-01,SOM,4490,SOM,2,0.410000,0.670000,0.150000,0.280000,0.010000,0.090000,0.000000,0.000000,False,2,3
1674,2022-10-01,SOM,4491,SOM,3,0.550000,0.570000,0.350000,0.340000,0.100000,0.130000,0.000000,0.000000,False,3,3
1675,2017-07-01,SOM,4492,SOM,3,0.920000,0.700000,0.580000,0.380000,0.050000,0.110000,0.000000,0.000000,False,3,3
1675,2018-01-01,SOM,4493,SOM,3,0.680000,0.610000,0.290000,0.300000,0.000000,0.080000,0.000000,0.000000,False,3,3
1675,2019-01-01,SOM,4494,SOM,2,0.410000,0.630000,0.100000,0.320000,0.000000,0.090000,0.000000,0.000000,False,2,3
1675,2019-07-01,SOM,4495,SOM,2,0.410000,0.700000,0.100000,0.290000,0.010000,0.100000,0.000000,0.000000,False,2,3
1675,2020-01-01,SOM,4496,SOM,2,0.470000,0.610000,0.150000,0.260000,0.030000,0.080000,0.000000,0.000000,False,2,3
1675,2020-07-01,SOM,4497,SOM,2,0.400000,0.600000,0.120000,0.300000,0.010000,0.110000,0.000000,0.000000,False,2,3
1675,2020-10-01,SOM,4498,SOM,3,0.450000,0.670000,0.200000,0.280000,0.050000,0.090000,0.000000,0.000000,False,3,3
1675,2021-01-01,SOM,4499,SOM,2,0.440000,0.680000,0.140000,0.250000,0.010000,0.090000,0.000000,0.000000,False,2,3
1675,2021-05-01,SOM,4500,SOM,3,0.600000,0.710000,0.350000,0.300000,0.100000,0.110000,0.000000,0.000000,False,3,3
1675,2021-07-01,SOM,4501,SOM,2,0.350000,0.650000,0.140000,0.260000,0.010000,0.110000,0.000000,0.000000,False,2,3
1675,2022-01-01,SOM,4502,SOM,3,0.540000,0.650000,0.220000,0.320000,0.020000,0.090000,0.000000,0.000000,False,3,3
1675,2022-05-01,SOM,4503,SOM,3,0.760000,0.700000,0.430000,0.320000,0.100000,0.110000,0.000000,0.000000,False,3,3
1675,2022-07-01,SOM,4504,SOM,3,0.700000,0.640000,0.500000,0.380000,0.100000,0.130000,0.000000,0.000000,False,3,3
1675,2022-10-01,SOM,4505,SOM,3,0.700000,0.590000,0.500000,0.300000,0.100000,0.130000,0.000000,0.000000,False,3,3
1676,2021-01-01,SOM,4506,SOM,3,0.500000,0.420000,0.250000,0.200000,0.090000,0.060000,0.000000,0.000000,False,3,3
1676,2021-07-01,SOM,4507,SOM,2,0.450000,0.660000,0.140000,0.240000,0.010000,0.080000,0.000000,0.000000,False,2,3
1681,2020-07-01,SOM,4512,SOM,2,0.400000,0.580000,0.120000,0.280000,0.010000,0.120000,0.000000,0.000000,False,2,3
1681,2021-01-01,SOM,4513,SOM,2,0.440000,0.590000,0.140000,0.230000,0.010000,0.080000,0.000000,0.000000,False,2,3
1681,2021-07-01,SOM,4514,SOM,2,0.350000,0.560000,0.140000,0.270000,0.010000,0.120000,0.000000,0.000000,False,2,3
1681,2022-10-01,SOM,4515,SOM,3,0.700000,0.600000,0.500000,0.270000,0.100000,0.110000,0.000000,0.000000,False,3,3
1683,2017-07-01,SOM,4516,SOM,3,0.590000,0.650000,0.340000,0.380000,0.140000,0.090000,0.000000,0.000000,False,3,3
1683,2018-01-01,SOM,4517,SOM,3,0.480000,0.630000,0.240000,0.300000,0.040000,0.090000,0.000000,0.000000,False,3,3
1683,2019-07-01,SOM,4518,SOM,2,0.440000,0.690000,0.160000,0.290000,0.030000,0.090000,0.000000,0.000000,False,2,3
1683,2020-07-01,SOM,4519,SOM,2,0.390000,0.690000,0.170000,0.280000,0.060000,0.100000,0.000000,0.000000,False,2,3
1683,2021-01-01,SOM,4520,SOM,3,0.500000,0.660000,0.240000,0.230000,0.030000,0.090000,0.000000,0.000000,False,3,3
1683,2022-10-01,SOM,4521,SOM,3,0.550000,0.520000,0.350000,0.320000,0.100000,0.130000,0.000000,0.000000,False,3,3
1684,2017-07-01,SOM,4522,SOM,3,0.350000,0.540000,0.250000,0.290000,0.040000,0.060000,0.000000,0.000000,False,3,3
1684,2021-01-01,SOM,4523,SOM,3,0.500000,0.420000,0.250000,0.190000,0.090000,0.060000,0.000000,0.000000,False,3,2
1684,2021-07-01,SOM,4524,SOM,2,0.450000,0.660000,0.140000,0.230000,0.010000,0.080000,0.000000,0.000000,False,2,3
1690,2017-07-01,SOM,4527,SOM,3,0.350000,0.560000,0.250000,0.300000,0.040000,0.060000,0.000000,0.000000,False,3,3
1690,2021-07-01,SOM,4528,SOM,2,0.450000,0.620000,0.140000,0.220000,0.010000,0.080000,0.000000,0.000000,False,2,3
1691,2017-07-01,SOM,4529,SOM,3,0.920000,0.680000,0.580000,0.390000,0.050000,0.100000,0.000000,0.000000,False,3,3
1691,2018-01-01,SOM,4530,SOM,3,0.680000,0.560000,0.290000,0.310000,0.000000,0.090000,0.000000,0.000000,False,3,3
1691,2019-01-01,SOM,4531,SOM,2,0.410000,0.640000,0.100000,0.370000,0.000000,0.090000,0.000000,0.000000,False,2,3
1691,2019-07-01,SOM,4532,SOM,2,0.410000,0.700000,0.100000,0.330000,0.010000,0.100000,0.000000,0.000000,False,2,3
1691,2020-01-01,SOM,4533,SOM,2,0.470000,0.630000,0.150000,0.270000,0.030000,0.080000,0.000000,0.000000,False,2,3
1691,2020-07-01,SOM,4534,SOM,2,0.400000,0.630000,0.120000,0.310000,0.010000,0.110000,0.000000,0.000000,False,2,3
1691,2021-01-01,SOM,4535,SOM,2,0.440000,0.680000,0.140000,0.280000,0.010000,0.070000,0.000000,0.000000,False,2,3
1691,2022-01-01,SOM,4536,SOM,3,0.540000,0.670000,0.220000,0.380000,0.020000,0.090000,0.000000,0.000000,False,3,3
1691,2022-05-01,SOM,4537,SOM,3,0.760000,0.700000,0.430000,0.360000,0.100000,0.110000,0.000000,0.000000,False,3,3
1691,2022-07-01,SOM,4538,SOM,3,0.700000,0.590000,0.500000,0.400000,0.100000,0.130000,0.000000,0.000000,False,3,3
1691,2022-10-01,SOM,4539,SOM,3,0.700000,0.620000,0.500000,0.330000,0.100000,0.130000,0.000000,0.000000,False,3,3
1692,2018-01-01,SOM,4540,SOM,3,0.480000,0.630000,0.240000,0.310000,0.040000,0.090000,0.000000,0.000000,False,3,3
1692,2019-07-01,SOM,4541,SOM,2,0.440000,0.680000,0.160000,0.310000,0.030000,0.090000,0.000000,0.000000,False,2,3
1692,2020-07-01,SOM,4542,SOM,2,0.390000,0.640000,0.170000,0.300000,0.060000,0.100000,0.000000,0.000000,False,2,3
1692,2021-01-01,SOM,4543,SOM,3,0.500000,0.640000,0.240000,0.250000,0.030000,0.070000,0.000000,0.000000,False,3,3
1692,2022-10-01,SOM,4544,SOM,3,0.550000,0.530000,0.350000,0.350000,0.100000,0.110000,0.000000,0.000000,False,3,3
1695,2017-07-01,SOM,4547,SOM,4,0.710000,0.690000,0.500000,0.370000,0.210000,0.090000,0.000000,0.000000,False,4,3
1695,2018-01-01,SOM,4548,SOM,3,0.410000,0.600000,0.250000,0.280000,0.000000,0.080000,0.000000,0.000000,False,3,3
1695,2019-01-01,SOM,4549,SOM,2,0.510000,0.710000,0.090000,0.290000,0.000000,0.090000,0.000000,0.000000,False,2,3
1695,2019-07-01,SOM,4550,SOM,2,0.360000,0.680000,0.130000,0.290000,0.000000,0.090000,0.000000,0.000000,False,2,3
1695,2020-01-01,SOM,4551,SOM,2,0.360000,0.500000,0.120000,0.230000,0.020000,0.070000,0.000000,0.000000,False,2,3
1695,2020-07-01,SOM,4552,SOM,2,0.330000,0.590000,0.110000,0.300000,0.010000,0.090000,0.000000,0.000000,False,2,3
1695,2021-01-01,SOM,4553,SOM,3,0.450000,0.470000,0.200000,0.240000,0.040000,0.100000,0.000000,0.000000,False,3,3
1695,2021-07-01,SOM,4554,SOM,2,0.350000,0.660000,0.140000,0.330000,0.010000,0.090000,0.000000,0.000000,False,2,3
1695,2022-01-01,SOM,4555,SOM,3,0.540000,0.680000,0.220000,0.340000,0.020000,0.090000,0.000000,0.000000,False,3,3
1695,2022-05-01,SOM,4556,SOM,3,0.760000,0.760000,0.430000,0.340000,0.100000,0.090000,0.000000,0.000000,False,3,3
1695,2022-07-01,SOM,4557,SOM,3,0.750000,0.700000,0.550000,0.330000,0.150000,0.090000,0.050000,0.000000,False,3,3
1695,2022-10-01,SOM,4558,SOM,3,0.750000,0.570000,0.550000,0.310000,0.150000,0.110000,0.050000,0.000000,False,3,3
1696,2017-07-01,SOM,4559,SOM,4,0.710000,0.690000,0.500000,0.370000,0.210000,0.090000,0.000000,0.000000,False,4,3
1696,2018-01-01,SOM,4560,SOM,3,0.410000,0.600000,0.250000,0.280000,0.000000,0.080000,0.000000,0.000000,False,3,3
1696,2019-01-01,SOM,4561,SOM,2,0.510000,0.710000,0.090000,0.290000,0.000000,0.090000,0.000000,0.000000,False,2,3
1696,2019-07-01,SOM,4562,SOM,2,0.360000,0.680000,0.130000,0.290000,0.000000,0.090000,0.000000,0.000000,False,2,3
1696,2020-01-01,SOM,4563,SOM,2,0.360000,0.500000,0.120000,0.230000,0.020000,0.070000,0.000000,0.000000,False,2,3
1696,2020-07-01,SOM,4564,SOM,2,0.330000,0.590000,0.110000,0.300000,0.010000,0.090000,0.000000,0.000000,False,2,3
1696,2021-01-01,SOM,4565,SOM,3,0.450000,0.470000,0.200000,0.240000,0.040000,0.100000,0.000000,0.000000,False,3,3
1696,2021-07-01,SOM,4566,SOM,2,0.350000,0.660000,0.140000,0.330000,0.010000,0.090000,0.000000,0.000000,False,2,3
1696,2022-01-01,SOM,4567,SOM,3,0.540000,0.680000,0.220000,0.340000,0.020000,0.090000,0.000000,0.000000,False,3,3
1696,2022-05-01,SOM,4568,SOM,3,0.760000,0.760000,0.430000,0.340000,0.100000,0.090000,0.000000,0.000000,False,3,3
1696,2022-07-01,SOM,4569,SOM,3,0.750000,0.700000,0.550000,0.330000,0.150000,0.090000,0.050000,0.000000,False,3,3
1696,2022-10-01,SOM,4570,SOM,3,0.750000,0.570000,0.550000,0.310000,0.150000,0.110000,0.050000,0.000000,False,3,3
1698,2019-07-01,SOM,4571,SOM,2,0.360000,0.690000,0.130000,0.270000,0.000000,0.090000,0.000000,0.000000,False,2,3
1698,2020-07-01,SOM,4572,SOM,2,0.330000,0.560000,0.110000,0.230000,0.010000,0.090000,0.000000,0.000000,False,2,3
1698,2021-01-01,SOM,4573,SOM,3,0.450000,0.550000,0.200000,0.230000,0.040000,0.090000,0.000000,0.000000,False,3,3
1698,2021-07-01,SOM,4574,SOM,2,0.350000,0.700000,0.140000,0.280000,0.010000,0.090000,0.000000,0.000000,False,2,3
1698,2022-05-01,SOM,4575,SOM,3,0.760000,0.710000,0.430000,0.330000,0.100000,0.090000,0.000000,0.000000,False,3,3
1698,2022-10-01,SOM,4576,SOM,3,0.750000,0.580000,0.550000,0.290000,0.150000,0.090000,0.050000,0.000000,False,3,3
1702,2020-01-01,SOM,4580,SOM,2,0.300000,0.520000,0.090000,0.200000,0.020000,0.090000,0.000000,0.000000,False,2,3
1702,2022-10-01,SOM,4581,SOM,3,0.700000,0.580000,0.500000,0.320000,0.100000,0.130000,0.000000,0.000000,False,3,3
1706,2019-07-01,SOM,4583,SOM,2,0.360000,0.720000,0.130000,0.260000,0.000000,0.070000,0.000000,0.000000,False,2,3
1706,2021-07-01,SOM,4584,SOM,2,0.350000,0.670000,0.140000,0.260000,0.010000,0.080000,0.000000,0.000000,False,2,3
1712,2017-07-01,SOM,4587,SOM,2,0.330000,0.620000,0.130000,0.360000,0.040000,0.100000,0.000000,0.000000,False,2,3
1712,2019-01-01,SOM,4588,SOM,2,0.380000,0.660000,0.080000,0.300000,0.000000,0.090000,0.000000,0.000000,False,2,3
1712,2019-07-01,SOM,4589,SOM,2,0.260000,0.710000,0.060000,0.300000,0.010000,0.100000,0.000000,0.000000,False,2,3
1712,2020-01-01,SOM,4590,SOM,2,0.300000,0.650000,0.110000,0.240000,0.010000,0.080000,0.000000,0.000000,False,2,3
1712,2020-07-01,SOM,4591,SOM,2,0.420000,0.670000,0.170000,0.300000,0.040000,0.120000,0.000000,0.000000,False,2,3
1712,2021-07-01,SOM,4592,SOM,2,0.310000,0.700000,0.150000,0.230000,0.020000,0.110000,0.000000,0.000000,False,2,3
1712,2022-01-01,SOM,4593,SOM,3,0.470000,0.680000,0.200000,0.370000,0.050000,0.090000,0.000000,0.000000,False,3,3
1712,2022-05-01,SOM,4594,SOM,3,0.680000,0.650000,0.390000,0.350000,0.100000,0.110000,0.000000,0.000000,False,3,3
1712,2022-10-01,SOM,4595,SOM,3,0.550000,0.610000,0.350000,0.340000,0.100000,0.110000,0.000000,0.000000,False,3,3
1715,2017-07-01,SOM,4599,SOM,2,0.330000,0.640000,0.130000,0.390000,0.040000,0.110000,0.000000,0.000000,False,2,3
1715,2019-01-01,SOM,4600,SOM,2,0.380000,0.670000,0.080000,0.330000,0.000000,0.090000,0.000000,0.000000,False,2,3
1715,2019-07-01,SOM,4601,SOM,2,0.260000,0.710000,0.060000,0.320000,0.010000,0.100000,0.000000,0.000000,False,2,3
1715,2020-01-01,SOM,4602,SOM,2,0.300000,0.650000,0.110000,0.270000,0.010000,0.080000,0.000000,0.000000,False,2,3
1715,2020-07-01,SOM,4603,SOM,2,0.420000,0.680000,0.170000,0.300000,0.040000,0.120000,0.000000,0.000000,False,2,3
1715,2021-07-01,SOM,4604,SOM,2,0.310000,0.700000,0.150000,0.260000,0.020000,0.110000,0.000000,0.000000,False,2,3
1715,2022-01-01,SOM,4605,SOM,3,0.470000,0.680000,0.200000,0.410000,0.050000,0.090000,0.000000,0.000000,False,3,3
1715,2022-05-01,SOM,4606,SOM,3,0.680000,0.650000,0.390000,0.390000,0.100000,0.110000,0.000000,0.000000,False,3,3
1715,2022-10-01,SOM,4607,SOM,3,0.550000,0.630000,0.350000,0.390000,0.100000,0.120000,0.000000,0.000000,False,3,3
1718,2017-07-01,SOM,4608,SOM,2,0.330000,0.670000,0.130000,0.350000,0.040000,0.130000,0.000000,0.000000,False,2,3
1718,2019-01-01,SOM,4609,SOM,2,0.380000,0.660000,0.080000,0.310000,0.000000,0.090000,0.000000,0.000000,False,2,3
1718,2019-07-01,SOM,4610,SOM,2,0.260000,0.720000,0.060000,0.310000,0.010000,0.120000,0.000000,0.000000,False,2,3
1718,2020-01-01,SOM,4611,SOM,2,0.300000,0.650000,0.110000,0.270000,0.010000,0.080000,0.000000,0.000000,False,2,3
1718,2020-07-01,SOM,4612,SOM,2,0.420000,0.720000,0.170000,0.340000,0.040000,0.130000,0.000000,0.000000,False,2,3
1718,2021-07-01,SOM,4613,SOM,2,0.310000,0.680000,0.150000,0.290000,0.020000,0.130000,0.000000,0.000000,False,2,3
1718,2022-01-01,SOM,4614,SOM,3,0.470000,0.700000,0.200000,0.350000,0.050000,0.090000,0.000000,0.000000,False,3,3
1718,2022-05-01,SOM,4615,SOM,3,0.680000,0.720000,0.390000,0.360000,0.100000,0.100000,0.000000,0.000000,False,3,3
1718,2022-10-01,SOM,4616,SOM,3,0.700000,0.540000,0.500000,0.290000,0.100000,0.120000,0.000000,0.000000,False,3,3
1719,2017-07-01,SOM,4617,SOM,2,0.330000,0.670000,0.130000,0.350000,0.040000,0.130000,0.000000,0.000000,False,2,3
1719,2019-01-01,SOM,4618,SOM,2,0.380000,0.660000,0.080000,0.310000,0.000000,0.090000,0.000000,0.000000,False,2,3
1719,2019-07-01,SOM,4619,SOM,2,0.260000,0.720000,0.060000,0.310000,0.010000,0.120000,0.000000,0.000000,False,2,3
1719,2020-01-01,SOM,4620,SOM,2,0.300000,0.650000,0.110000,0.270000,0.010000,0.080000,0.000000,0.000000,False,2,3
1719,2020-07-01,SOM,4621,SOM,2,0.420000,0.720000,0.170000,0.340000,0.040000,0.130000,0.000000,0.000000,False,2,3
1719,2021-07-01,SOM,4622,SOM,2,0.310000,0.680000,0.150000,0.290000,0.020000,0.130000,0.000000,0.000000,False,2,3
1719,2022-01-01,SOM,4623,SOM,3,0.470000,0.700000,0.200000,0.350000,0.050000,0.090000,0.000000,0.000000,False,3,3
1719,2022-05-01,SOM,4624,SOM,3,0.680000,0.720000,0.390000,0.360000,0.100000,0.100000,0.000000,0.000000,False,3,3
1719,2022-10-01,SOM,4625,SOM,3,0.700000,0.540000,0.500000,0.290000,0.100000,0.120000,0.000000,0.000000,False,3,3
1720,2019-01-01,SOM,4626,SOM,2,0.440000,0.640000,0.070000,0.280000,0.000000,0.090000,0.000000,0.000000,False,2,3
1720,2019-07-01,SOM,4627,SOM,2,0.360000,0.690000,0.090000,0.290000,0.010000,0.100000,0.000000,0.000000,False,2,3
1720,2021-07-01,SOM,4628,SOM,2,0.310000,0.690000,0.150000,0.240000,0.020000,0.110000,0.000000,0.000000,False,2,3
1721,2019-01-01,SOM,4629,SOM,2,0.440000,0.650000,0.070000,0.280000,0.000000,0.090000,0.000000,0.000000,False,2,3
1721,2019-07-01,SOM,4630,SOM,2,0.360000,0.710000,0.090000,0.300000,0.010000,0.100000,0.000000,0.000000,False,2,3
1721,2021-07-01,SOM,4631,SOM,2,0.310000,0.690000,0.150000,0.250000,0.020000,0.110000,0.000000,0.000000,False,2,3
1721,2022-10-01,SOM,4632,SOM,3,0.600000,0.580000,0.400000,0.350000,0.100000,0.130000,0.000000,0.000000,False,3,3
1725,2021-07-01,SOM,4633,SOM,2,0.310000,0.600000,0.150000,0.230000,0.020000,0.130000,0.000000,0.000000,False,2,3
1727,2017-07-01,SOM,4634,SOM,2,0.360000,0.620000,0.020000,0.370000,0.000000,0.120000,0.000000,0.000000,False,2,3
1727,2018-01-01,SOM,4635,SOM,2,0.300000,0.620000,0.010000,0.320000,0.000000,0.100000,0.000000,0.000000,False,2,3
1727,2018-07-01,SOM,4636,SOM,3,0.540000,0.660000,0.260000,0.370000,0.070000,0.120000,0.000000,0.000000,False,3,3
1727,2019-01-01,SOM,4637,SOM,2,0.490000,0.630000,0.130000,0.270000,0.010000,0.100000,0.000000,0.000000,False,2,3
1727,2019-07-01,SOM,4638,SOM,2,0.350000,0.660000,0.060000,0.260000,0.010000,0.100000,0.000000,0.000000,False,2,3
1727,2020-01-01,SOM,4639,SOM,2,0.350000,0.620000,0.100000,0.250000,0.010000,0.100000,0.000000,0.000000,False,2,3
1727,2020-07-01,SOM,4640,SOM,2,0.380000,0.640000,0.150000,0.240000,0.040000,0.130000,0.000000,0.000000,False,2,3
1727,2021-01-01,SOM,4641,SOM,3,0.500000,0.640000,0.230000,0.250000,0.010000,0.090000,0.000000,0.000000,False,3,3
1727,2022-01-01,SOM,4642,SOM,2,0.320000,0.640000,0.140000,0.290000,0.040000,0.140000,0.000000,0.000000,False,2,3
1727,2022-05-01,SOM,4643,SOM,3,0.470000,0.680000,0.240000,0.310000,0.060000,0.130000,0.000000,0.000000,False,3,3
1727,2022-07-01,SOM,4644,SOM,3,0.500000,0.630000,0.300000,0.280000,0.050000,0.120000,0.000000,0.000000,False,3,3
1727,2022-10-01,SOM,4645,SOM,3,0.500000,0.620000,0.300000,0.280000,0.050000,0.090000,0.000000,0.000000,False,3,3
1728,2017-07-01,SOM,4646,SOM,2,0.360000,0.610000,0.020000,0.360000,0.000000,0.120000,0.000000,0.000000,False,2,3
1728,2018-01-01,SOM,4647,SOM,2,0.300000,0.560000,0.010000,0.300000,0.000000,0.090000,0.000000,0.000000,False,2,3
1728,2018-07-01,SOM,4648,SOM,3,0.540000,0.670000,0.260000,0.340000,0.070000,0.120000,0.000000,0.000000,False,3,3
1728,2019-01-01,SOM,4649,SOM,2,0.490000,0.670000,0.130000,0.300000,0.010000,0.100000,0.000000,0.000000,False,2,3
1728,2019-07-01,SOM,4650,SOM,2,0.350000,0.710000,0.060000,0.280000,0.010000,0.100000,0.000000,0.000000,False,2,3
1728,2020-01-01,SOM,4651,SOM,2,0.350000,0.640000,0.100000,0.240000,0.010000,0.100000,0.000000,0.000000,False,2,3
1728,2020-07-01,SOM,4652,SOM,2,0.380000,0.650000,0.150000,0.250000,0.040000,0.110000,0.000000,0.000000,False,2,3
1728,2021-01-01,SOM,4653,SOM,3,0.500000,0.660000,0.230000,0.250000,0.010000,0.100000,0.000000,0.000000,False,3,3
1728,2022-01-01,SOM,4654,SOM,2,0.320000,0.650000,0.140000,0.370000,0.040000,0.110000,0.000000,0.000000,False,2,3
1728,2022-05-01,SOM,4655,SOM,3,0.470000,0.680000,0.240000,0.380000,0.060000,0.110000,0.000000,0.000000,False,3,3
1728,2022-07-01,SOM,4656,SOM,3,0.500000,0.620000,0.300000,0.370000,0.050000,0.120000,0.000000,0.000000,False,3,3
1728,2022-10-01,SOM,4657,SOM,3,0.500000,0.570000,0.300000,0.330000,0.050000,0.090000,0.000000,0.000000,False,3,3
1729,2017-07-01,SOM,4658,SOM,2,0.360000,0.590000,0.040000,0.290000,0.000000,0.080000,0.000000,0.000000,False,2,3
1729,2022-01-01,SOM,4659,SOM,2,0.320000,0.640000,0.140000,0.350000,0.040000,0.100000,0.000000,0.000000,False,2,3
1729,2022-10-01,SOM,4660,SOM,3,0.550000,0.550000,0.350000,0.280000,0.100000,0.070000,0.000000,0.000000,False,3,3
1730,2017-07-01,SOM,4661,SOM,2,0.360000,0.590000,0.040000,0.290000,0.000000,0.080000,0.000000,0.000000,False,2,3
1730,2022-01-01,SOM,4662,SOM,2,0.320000,0.640000,0.140000,0.350000,0.040000,0.100000,0.000000,0.000000,False,2,3
1730,2022-10-01,SOM,4663,SOM,3,0.550000,0.550000,0.350000,0.280000,0.100000,0.070000,0.000000,0.000000,False,3,3
1736,2017-07-01,SOM,4665,SOM,3,0.440000,0.660000,0.280000,0.260000,0.040000,0.080000,0.000000,0.000000,False,3,3
1736,2018-01-01,SOM,4666,SOM,2,0.340000,0.600000,0.160000,0.220000,0.000000,0.080000,0.000000,0.000000,False,2,3
1736,2019-01-01,SOM,4667,SOM,2,0.530000,0.630000,0.120000,0.240000,0.000000,0.080000,0.000000,0.000000,False,2,3
1736,2019-07-01,SOM,4668,SOM,2,0.280000,0.620000,0.070000,0.260000,0.010000,0.080000,0.000000,0.000000,False,2,3
1736,2020-01-01,SOM,4669,SOM,2,0.340000,0.600000,0.120000,0.220000,0.030000,0.090000,0.000000,0.000000,False,2,3
1736,2020-07-01,SOM,4670,SOM,2,0.420000,0.590000,0.170000,0.280000,0.050000,0.100000,0.000000,0.000000,False,2,3
1736,2021-01-01,SOM,4671,SOM,2,0.450000,0.570000,0.170000,0.230000,0.010000,0.080000,0.000000,0.000000,False,2,3
1736,2021-07-01,SOM,4672,SOM,2,0.360000,0.640000,0.150000,0.270000,0.010000,0.090000,0.000000,0.000000,False,2,3
1736,2022-01-01,SOM,4673,SOM,2,0.320000,0.680000,0.140000,0.340000,0.040000,0.090000,0.000000,0.000000,False,2,3
1736,2022-05-01,SOM,4674,SOM,3,0.470000,0.690000,0.240000,0.350000,0.060000,0.090000,0.000000,0.000000,False,3,3
1736,2022-07-01,SOM,4675,SOM,3,0.550000,0.650000,0.350000,0.350000,0.100000,0.100000,0.000000,0.000000,False,3,3
1736,2022-10-01,SOM,4676,SOM,3,0.550000,0.540000,0.350000,0.330000,0.100000,0.090000,0.000000,0.000000,False,3,3
1737,2017-07-01,SOM,4677,SOM,3,0.440000,0.660000,0.280000,0.260000,0.040000,0.080000,0.000000,0.000000,False,3,3
1737,2018-01-01,SOM,4678,SOM,2,0.340000,0.610000,0.160000,0.220000,0.000000,0.080000,0.000000,0.000000,False,2,3
1737,2019-01-01,SOM,4679,SOM,2,0.530000,0.630000,0.120000,0.240000,0.000000,0.080000,0.000000,0.000000,False,2,3
1737,2019-07-01,SOM,4680,SOM,2,0.280000,0.620000,0.070000,0.260000,0.010000,0.080000,0.000000,0.000000,False,2,3
1737,2020-01-01,SOM,4681,SOM,2,0.340000,0.600000,0.120000,0.220000,0.030000,0.090000,0.000000,0.000000,False,2,3
1737,2020-07-01,SOM,4682,SOM,2,0.420000,0.590000,0.170000,0.280000,0.050000,0.100000,0.000000,0.000000,False,2,3
1737,2021-01-01,SOM,4683,SOM,2,0.450000,0.570000,0.170000,0.230000,0.010000,0.080000,0.000000,0.000000,False,2,3
1737,2021-07-01,SOM,4684,SOM,2,0.360000,0.640000,0.150000,0.270000,0.010000,0.090000,0.000000,0.000000,False,2,3
1737,2022-01-01,SOM,4685,SOM,2,0.320000,0.680000,0.140000,0.340000,0.040000,0.090000,0.000000,0.000000,False,2,3
1737,2022-05-01,SOM,4686,SOM,3,0.470000,0.690000,0.240000,0.350000,0.060000,0.090000,0.000000,0.000000,False,3,3
1737,2022-07-01,SOM,4687,SOM,3,0.550000,0.650000,0.350000,0.350000,0.100000,0.100000,0.000000,0.000000,False,3,3
1737,2022-10-01,SOM,4688,SOM,3,0.550000,0.540000,0.350000,0.330000,0.100000,0.090000,0.000000,0.000000,False,3,3
1738,2019-01-01,SOM,4689,SOM,2,0.470000,0.680000,0.090000,0.240000,0.000000,0.090000,0.000000,0.000000,False,2,3
1738,2020-07-01,SOM,4690,SOM,2,0.430000,0.610000,0.180000,0.240000,0.060000,0.110000,0.000000,0.000000,False,2,3
1738,2021-07-01,SOM,4691,SOM,2,0.360000,0.650000,0.150000,0.250000,0.010000,0.100000,0.000000,0.000000,False,2,3
1738,2022-01-01,SOM,4692,SOM,2,0.320000,0.680000,0.140000,0.340000,0.040000,0.100000,0.000000,0.000000,False,2,3
1738,2022-07-01,SOM,4693,SOM,3,0.500000,0.650000,0.300000,0.290000,0.050000,0.120000,0.000000,0.000000,False,3,3
1739,2019-01-01,SOM,4694,SOM,2,0.470000,0.660000,0.090000,0.230000,0.000000,0.090000,0.000000,0.000000,False,2,3
1739,2020-07-01,SOM,4695,SOM,2,0.430000,0.590000,0.180000,0.230000,0.060000,0.110000,0.000000,0.000000,False,2,3
1739,2021-07-01,SOM,4696,SOM,2,0.360000,0.630000,0.150000,0.240000,0.010000,0.100000,0.000000,0.000000,False,2,3
1739,2022-01-01,SOM,4697,SOM,2,0.320000,0.680000,0.140000,0.340000,0.040000,0.100000,0.000000,0.000000,False,2,3
1739,2022-07-01,SOM,4698,SOM,3,0.500000,0.640000,0.300000,0.300000,0.050000,0.120000,0.000000,0.000000,False,3,3
1740,2018-01-01,SOM,4699,SOM,2,0.340000,0.590000,0.160000,0.220000,0.000000,0.080000,0.000000,0.000000,False,2,3
1740,2019-01-01,SOM,4700,SOM,2,0.530000,0.660000,0.120000,0.220000,0.000000,0.080000,0.000000,0.000000,False,2,3
1740,2021-01-01,SOM,4701,SOM,2,0.450000,0.560000,0.170000,0.210000,0.010000,0.090000,0.000000,0.000000,False,2,3
1740,2022-05-01,SOM,4702,SOM,3,0.470000,0.700000,0.240000,0.330000,0.060000,0.090000,0.000000,0.000000,False,3,3
1743,2018-01-01,SOM,4703,SOM,2,0.340000,0.630000,0.160000,0.230000,0.000000,0.090000,0.000000,0.000000,False,2,3
1743,2019-01-01,SOM,4704,SOM,2,0.530000,0.640000,0.120000,0.240000,0.000000,0.090000,0.000000,0.000000,False,2,3
1743,2020-07-01,SOM,4705,SOM,2,0.420000,0.590000,0.170000,0.230000,0.050000,0.110000,0.000000,0.000000,False,2,3
1743,2021-01-01,SOM,4706,SOM,2,0.450000,0.540000,0.170000,0.230000,0.010000,0.080000,0.000000,0.000000,False,2,3
1743,2022-05-01,SOM,4707,SOM,3,0.470000,0.670000,0.240000,0.340000,0.060000,0.100000,0.000000,0.000000,False,3,3
1745,2020-07-01,SOM,4708,SOM,2,0.420000,0.600000,0.170000,0.180000,0.050000,0.090000,0.000000,0.000000,False,2,2
1746,2018-01-01,SOM,4709,SOM,3,0.360000,0.630000,0.210000,0.220000,0.000000,0.090000,0.000000,0.000000,False,3,3
1748,2018-01-01,SOM,4710,SOM,2,0.340000,0.630000,0.160000,0.290000,0.000000,0.100000,0.000000,0.000000,False,2,3
437,2017-05-01,SSD,1048,SSD,3,0.830000,0.740000,0.540000,0.510000,0.150000,0.130000,0.000000,0.000000,False,3,3
437,2017-09-01,SSD,1049,SSD,4,0.950000,0.640000,0.650000,0.320000,0.300000,0.110000,0.000000,0.000000,False,4,3
437,2018-01-01,SSD,1050,SSD,3,0.900000,0.620000,0.690000,0.320000,0.120000,0.110000,0.000000,0.000000,False,3,3
437,2019-08-01,SSD,1051,SSD,3,0.760000,0.660000,0.550000,0.350000,0.000000,0.090000,0.000000,0.000000,False,3,3
438,2017-05-01,SSD,1052,SSD,3,0.830000,0.740000,0.540000,0.490000,0.150000,0.130000,0.000000,0.000000,False,3,3
438,2017-09-01,SSD,1053,SSD,4,0.950000,0.640000,0.650000,0.300000,0.300000,0.110000,0.000000,0.000000,False,4,3
438,2018-01-01,SSD,1054,SSD,3,0.900000,0.620000,0.690000,0.300000,0.120000,0.110000,0.000000,0.000000,False,3,3
438,2019-08-01,SSD,1055,SSD,3,0.760000,0.660000,0.550000,0.340000,0.000000,0.090000,0.000000,0.000000,False,3,3
473,2019-01-01,SSD,1106,SSD,3,0.850000,0.630000,0.550000,0.280000,0.100000,0.080000,0.000000,0.000000,False,3,3
473,2020-01-01,SSD,1107,SSD,3,0.900000,0.580000,0.500000,0.280000,0.050000,0.080000,0.000000,0.000000,False,3,3
474,2019-01-01,SSD,1108,SSD,3,0.850000,0.640000,0.550000,0.280000,0.100000,0.080000,0.000000,0.000000,False,3,3
474,2020-01-01,SSD,1109,SSD,3,0.900000,0.580000,0.500000,0.280000,0.050000,0.080000,0.000000,0.000000,False,3,3
475,2019-08-01,SSD,1110,SSD,4,0.800000,0.740000,0.550000,0.370000,0.200000,0.090000,0.000000,0.000000,False,4,3
475,2021-04-01,SSD,1111,SSD,2,0.550000,0.620000,0.150000,0.310000,0.050000,0.090000,0.000000,0.000000,False,2,3
476,2019-08-01,SSD,1112,SSD,4,0.800000,0.740000,0.550000,0.380000,0.200000,0.090000,0.000000,0.000000,False,4,3
476,2021-04-01,SSD,1113,SSD,2,0.550000,0.640000,0.150000,0.310000,0.050000,0.090000,0.000000,0.000000,False,2,3
495,2019-05-01,SSD,1126,SSD,4,0.900000,0.610000,0.650000,0.370000,0.250000,0.070000,0.000000,0.000000,False,4,3
495,2019-08-01,SSD,1127,SSD,2,0.650000,0.780000,0.150000,0.340000,0.050000,0.080000,0.000000,0.000000,False,2,3
495,2020-01-01,SSD,1128,SSD,2,0.600000,0.550000,0.150000,0.230000,0.000000,0.060000,0.000000,0.000000,False,2,3
495,2022-02-01,SSD,1129,SSD,4,0.950000,0.660000,0.850000,0.290000,0.500000,0.070000,0.050000,0.000000,False,4,3
495,2022-10-01,SSD,1130,SSD,3,0.850000,0.770000,0.400000,0.380000,0.100000,0.070000,0.000000,0.000000,False,3,3
496,2019-05-01,SSD,1131,SSD,4,0.900000,0.610000,0.650000,0.370000,0.250000,0.070000,0.000000,0.000000,False,4,3
496,2019-08-01,SSD,1132,SSD,2,0.650000,0.780000,0.150000,0.340000,0.050000,0.080000,0.000000,0.000000,False,2,3
496,2020-01-01,SSD,1133,SSD,2,0.600000,0.550000,0.150000,0.230000,0.000000,0.060000,0.000000,0.000000,False,2,3
496,2022-02-01,SSD,1134,SSD,4,0.950000,0.660000,0.850000,0.290000,0.500000,0.070000,0.050000,0.000000,False,4,3
496,2022-10-01,SSD,1135,SSD,3,0.850000,0.770000,0.400000,0.380000,0.100000,0.070000,0.000000,0.000000,False,3,3
499,2017-01-01,SSD,1136,SSD,3,0.800000,0.550000,0.330000,0.300000,0.060000,0.100000,0.000000,0.000000,False,3,3
499,2017-05-01,SSD,1137,SSD,3,0.840000,0.720000,0.340000,0.360000,0.040000,0.120000,0.000000,0.000000,False,3,3
499,2017-09-01,SSD,1138,SSD,4,0.950000,0.730000,0.800000,0.290000,0.450000,0.110000,0.050000,0.000000,False,4,3
499,2018-01-01,SSD,1139,SSD,3,0.900000,0.700000,0.540000,0.350000,0.020000,0.100000,0.000000,0.000000,False,3,3
499,2018-09-01,SSD,1140,SSD,4,0.950000,0.810000,0.710000,0.370000,0.210000,0.100000,0.000000,0.000000,False,4,3
499,2020-01-01,SSD,1141,SSD,3,0.850000,0.580000,0.500000,0.250000,0.050000,0.080000,0.000000,0.000000,False,3,3
500,2017-01-01,SSD,1142,SSD,3,0.800000,0.550000,0.330000,0.300000,0.060000,0.100000,0.000000,0.000000,False,3,3
500,2017-05-01,SSD,1143,SSD,3,0.840000,0.720000,0.340000,0.360000,0.040000,0.120000,0.000000,0.000000,False,3,3
500,2017-09-01,SSD,1144,SSD,4,0.950000,0.730000,0.800000,0.290000,0.450000,0.110000,0.050000,0.000000,False,4,3
500,2018-01-01,SSD,1145,SSD,3,0.900000,0.700000,0.540000,0.350000,0.020000,0.100000,0.000000,0.000000,False,3,3
500,2018-09-01,SSD,1146,SSD,4,0.950000,0.810000,0.710000,0.370000,0.210000,0.100000,0.000000,0.000000,False,4,3
500,2020-01-01,SSD,1147,SSD,3,0.850000,0.580000,0.500000,0.250000,0.050000,0.080000,0.000000,0.000000,False,3,3
512,2017-01-01,SSD,1159,SSD,3,0.850000,0.570000,0.550000,0.310000,0.150000,0.090000,0.000000,0.000000,False,3,3
512,2019-08-01,SSD,1160,SSD,4,0.850000,0.740000,0.600000,0.390000,0.250000,0.090000,0.000000,0.000000,False,4,3
512,2020-01-01,SSD,1161,SSD,3,0.800000,0.650000,0.600000,0.250000,0.100000,0.090000,0.000000,0.000000,False,3,3
512,2020-06-01,SSD,1162,SSD,3,0.700000,0.650000,0.250000,0.290000,0.050000,0.090000,0.000000,0.000000,False,3,3
512,2022-10-01,SSD,1163,SSD,4,0.900000,0.740000,0.650000,0.410000,0.300000,0.090000,0.000000,0.000000,False,4,3
513,2017-01-01,SSD,1164,SSD,3,0.850000,0.570000,0.550000,0.300000,0.150000,0.090000,0.000000,0.000000,False,3,3
513,2019-08-01,SSD,1165,SSD,4,0.850000,0.740000,0.600000,0.380000,0.250000,0.090000,0.000000,0.000000,False,4,3
513,2020-01-01,SSD,1166,SSD,3,0.800000,0.650000,0.600000,0.240000,0.100000,0.090000,0.000000,0.000000,False,3,3
513,2020-06-01,SSD,1167,SSD,3,0.700000,0.650000,0.250000,0.290000,0.050000,0.090000,0.000000,0.000000,False,3,3
513,2022-10-01,SSD,1168,SSD,4,0.900000,0.740000,0.650000,0.410000,0.300000,0.090000,0.000000,0.000000,False,4,3
520,2022-02-01,SSD,1180,SSD,3,0.850000,0.650000,0.600000,0.250000,0.150000,0.080000,0.000000,0.000000,False,3,3
521,2022-02-01,SSD,1181,SSD,3,0.850000,0.650000,0.600000,0.250000,0.150000,0.080000,0.000000,0.000000,False,3,3
522,2017-05-01,SSD,1182,SSD,2,0.420000,0.740000,0.120000,0.390000,0.000000,0.110000,0.000000,0.000000,False,2,3
523,2017-05-01,SSD,1183,SSD,2,0.420000,0.740000,0.120000,0.390000,0.000000,0.110000,0.000000,0.000000,False,2,3
535,2020-10-01,SSD,1193,SSD,2,0.500000,0.590000,0.150000,0.260000,0.000000,0.060000,0.000000,0.000000,False,2,3
536,2020-10-01,SSD,1194,SSD,2,0.500000,0.590000,0.150000,0.260000,0.000000,0.060000,0.000000,0.000000,False,2,3
545,2017-01-01,SSD,1205,SSD,2,0.700000,0.610000,0.150000,0.290000,0.000000,0.090000,0.000000,0.000000,False,2,3
545,2018-01-01,SSD,1206,SSD,2,0.280000,0.690000,0.070000,0.330000,0.000000,0.090000,0.000000,0.000000,False,2,3
545,2018-09-01,SSD,1207,SSD,3,0.850000,0.770000,0.300000,0.390000,0.050000,0.120000,0.000000,0.000000,False,3,3
545,2019-08-01,SSD,1208,SSD,3,0.900000,0.770000,0.700000,0.350000,0.100000,0.090000,0.000000,0.000000,False,3,3
546,2017-01-01,SSD,1209,SSD,2,0.700000,0.610000,0.150000,0.290000,0.000000,0.090000,0.000000,0.000000,False,2,3
546,2018-01-01,SSD,1210,SSD,2,0.280000,0.690000,0.070000,0.330000,0.000000,0.090000,0.000000,0.000000,False,2,3
546,2018-09-01,SSD,1211,SSD,3,0.850000,0.770000,0.300000,0.390000,0.050000,0.120000,0.000000,0.000000,False,3,3
546,2019-08-01,SSD,1212,SSD,3,0.900000,0.770000,0.700000,0.350000,0.100000,0.090000,0.000000,0.000000,False,3,3
550,2017-05-01,SSD,1221,SSD,3,0.780000,0.740000,0.490000,0.380000,0.100000,0.100000,0.000000,0.000000,False,3,3
550,2017-09-01,SSD,1222,SSD,4,0.900000,0.750000,0.700000,0.300000,0.300000,0.090000,0.000000,0.000000,False,4,3
550,2018-09-01,SSD,1223,SSD,4,0.900000,0.760000,0.600000,0.430000,0.200000,0.120000,0.000000,0.000000,False,4,3
550,2020-01-01,SSD,1224,SSD,3,0.700000,0.620000,0.400000,0.220000,0.100000,0.090000,0.000000,0.000000,False,3,3
550,2020-06-01,SSD,1225,SSD,3,0.700000,0.660000,0.250000,0.300000,0.050000,0.090000,0.000000,0.000000,False,3,3
551,2017-05-01,SSD,1226,SSD,3,0.780000,0.750000,0.490000,0.350000,0.100000,0.100000,0.000000,0.000000,False,3,3
551,2017-09-01,SSD,1227,SSD,4,0.900000,0.760000,0.700000,0.270000,0.300000,0.090000,0.000000,0.000000,False,4,3
551,2018-09-01,SSD,1228,SSD,4,0.900000,0.750000,0.600000,0.400000,0.200000,0.120000,0.000000,0.000000,False,4,3
551,2020-01-01,SSD,1229,SSD,3,0.700000,0.620000,0.400000,0.210000,0.100000,0.090000,0.000000,0.000000,False,3,3
551,2020-06-01,SSD,1230,SSD,3,0.700000,0.640000,0.250000,0.290000,0.050000,0.090000,0.000000,0.000000,False,3,3
556,2019-07-01,SSD,1244,SSD,3,0.800000,0.780000,0.250000,0.320000,0.050000,0.070000,0.000000,0.000000,False,3,3
557,2019-07-01,SSD,1245,SSD,3,0.800000,0.780000,0.250000,0.320000,0.050000,0.070000,0.000000,0.000000,False,3,3
568,2018-01-01,SSD,1282,SSD,3,0.850000,0.630000,0.490000,0.300000,0.080000,0.100000,0.000000,0.000000,False,3,3
568,2018-09-01,SSD,1283,SSD,3,0.900000,0.760000,0.400000,0.450000,0.100000,0.110000,0.000000,0.000000,False,3,3
568,2019-01-01,SSD,1284,SSD,3,0.850000,0.620000,0.400000,0.240000,0.050000,0.080000,0.000000,0.000000,False,3,3
568,2022-10-01,SSD,1285,SSD,4,0.850000,0.730000,0.650000,0.420000,0.300000,0.090000,0.000000,0.000000,False,4,3
577,2017-01-01,SSD,1316,SSD,2,0.500000,0.620000,0.150000,0.260000,0.000000,0.080000,0.000000,0.000000,False,2,3
577,2017-05-01,SSD,1317,SSD,3,0.690000,0.820000,0.290000,0.330000,0.120000,0.100000,0.000000,0.000000,False,3,3
577,2017-06-01,SSD,1318,SSD,2,1.000000,0.850000,0.040000,0.290000,0.000000,0.080000,0.000000,0.000000,False,2,3
577,2017-09-01,SSD,1319,SSD,2,0.700000,0.800000,0.150000,0.240000,0.050000,0.070000,0.000000,0.000000,False,2,3
577,2018-08-01,SSD,1320,SSD,2,0.850000,0.870000,0.050000,0.320000,0.000000,0.060000,0.000000,0.000000,False,2,3
577,2018-09-01,SSD,1321,SSD,3,0.900000,0.820000,0.400000,0.300000,0.050000,0.070000,0.000000,0.000000,False,3,3
577,2019-08-01,SSD,1322,SSD,3,0.800000,0.790000,0.400000,0.360000,0.150000,0.070000,0.000000,0.000000,False,3,3
577,2020-01-01,SSD,1323,SSD,3,0.650000,0.610000,0.200000,0.240000,0.050000,0.060000,0.000000,0.000000,False,3,3
577,2020-07-01,SSD,1324,SSD,3,0.600000,0.660000,0.300000,0.280000,0.050000,0.060000,0.000000,0.000000,False,3,3
577,2021-09-01,SSD,1325,SSD,3,0.800000,0.750000,0.350000,0.300000,0.050000,0.070000,0.000000,0.000000,False,3,3
577,2022-10-01,SSD,1326,SSD,2,0.550000,0.730000,0.150000,0.370000,0.000000,0.070000,0.000000,0.000000,False,2,3
578,2017-01-01,SSD,1327,SSD,2,0.500000,0.620000,0.150000,0.260000,0.000000,0.080000,0.000000,0.000000,False,2,3
578,2017-05-01,SSD,1328,SSD,3,0.690000,0.820000,0.290000,0.330000,0.120000,0.100000,0.000000,0.000000,False,3,3
578,2017-06-01,SSD,1329,SSD,2,1.000000,0.850000,0.040000,0.290000,0.000000,0.080000,0.000000,0.000000,False,2,3
578,2017-09-01,SSD,1330,SSD,2,0.700000,0.800000,0.150000,0.240000,0.050000,0.070000,0.000000,0.000000,False,2,3
578,2018-08-01,SSD,1331,SSD,2,0.850000,0.870000,0.050000,0.320000,0.000000,0.060000,0.000000,0.000000,False,2,3
578,2018-09-01,SSD,1332,SSD,3,0.900000,0.820000,0.400000,0.300000,0.050000,0.070000,0.000000,0.000000,False,3,3
578,2019-08-01,SSD,1333,SSD,3,0.800000,0.790000,0.400000,0.360000,0.150000,0.070000,0.000000,0.000000,False,3,3
578,2020-01-01,SSD,1334,SSD,3,0.650000,0.610000,0.200000,0.240000,0.050000,0.060000,0.000000,0.000000,False,3,3
578,2020-07-01,SSD,1335,SSD,3,0.600000,0.660000,0.300000,0.280000,0.050000,0.060000,0.000000,0.000000,False,3,3
578,2021-09-01,SSD,1336,SSD,3,0.800000,0.750000,0.350000,0.300000,0.050000,0.070000,0.000000,0.000000,False,3,3
578,2022-10-01,SSD,1337,SSD,2,0.550000,0.730000,0.150000,0.370000,0.000000,0.070000,0.000000,0.000000,False,2,3
583,2017-09-01,SSD,1341,SSD,4,0.900000,0.770000,0.500000,0.340000,0.250000,0.100000,0.000000,0.000000,False,4,3
583,2019-06-01,SSD,1342,SSD,2,0.500000,0.620000,0.150000,0.390000,0.030000,0.090000,0.000000,0.000000,False,2,3
584,2017-09-01,SSD,1343,SSD,4,0.900000,0.770000,0.500000,0.330000,0.250000,0.100000,0.000000,0.000000,False,4,3
584,2019-06-01,SSD,1344,SSD,2,0.500000,0.620000,0.150000,0.380000,0.030000,0.090000,0.000000,0.000000,False,2,3
605,2018-01-01,SSD,1441,SSD,3,0.790000,0.740000,0.380000,0.390000,0.020000,0.090000,0.000000,0.000000,False,3,3
605,2019-01-01,SSD,1442,SSD,3,0.800000,0.650000,0.350000,0.230000,0.050000,0.070000,0.000000,0.000000,False,3,3
605,2020-01-01,SSD,1443,SSD,3,0.700000,0.650000,0.450000,0.260000,0.150000,0.080000,0.000000,0.000000,False,3,3
605,2022-10-01,SSD,1444,SSD,4,0.800000,0.800000,0.550000,0.420000,0.300000,0.070000,0.000000,0.000000,False,4,3
606,2018-01-01,SSD,1445,SSD,3,0.790000,0.740000,0.380000,0.390000,0.020000,0.090000,0.000000,0.000000,False,3,3
606,2019-01-01,SSD,1446,SSD,3,0.800000,0.650000,0.350000,0.220000,0.050000,0.070000,0.000000,0.000000,False,3,3
606,2020-01-01,SSD,1447,SSD,3,0.700000,0.650000,0.450000,0.250000,0.150000,0.080000,0.000000,0.000000,False,3,3
606,2022-10-01,SSD,1448,SSD,4,0.800000,0.800000,0.550000,0.420000,0.300000,0.070000,0.000000,0.000000,False,4,3
619,2019-01-01,SSD,1538,SSD,3,0.900000,0.680000,0.550000,0.240000,0.050000,0.090000,0.000000,0.000000,False,3,3
619,2020-10-01,SSD,1539,SSD,4,0.800000,0.600000,0.550000,0.300000,0.200000,0.090000,0.050000,0.000000,False,4,3
620,2019-01-01,SSD,1540,SSD,3,0.900000,0.680000,0.550000,0.230000,0.050000,0.090000,0.000000,0.000000,False,3,3
620,2020-10-01,SSD,1541,SSD,4,0.800000,0.590000,0.550000,0.290000,0.200000,0.090000,0.050000,0.000000,False,4,3
628,2018-09-01,SSD,1579,SSD,3,0.860000,0.800000,0.660000,0.380000,0.000000,0.100000,0.000000,0.000000,False,3,3
629,2018-09-01,SSD,1580,SSD,3,0.860000,0.800000,0.660000,0.410000,0.000000,0.100000,0.000000,0.000000,False,3,3
631,2019-06-01,SSD,1582,SSD,2,0.500000,0.620000,0.150000,0.350000,0.030000,0.090000,0.000000,0.000000,False,2,3
632,2019-06-01,SSD,1583,SSD,2,0.500000,0.620000,0.150000,0.350000,0.030000,0.090000,0.000000,0.000000,False,2,3
635,2017-05-01,SSD,1601,SSD,2,0.580000,0.770000,0.140000,0.450000,0.000000,0.100000,0.000000,0.000000,False,2,3
635,2019-01-01,SSD,1602,SSD,3,0.800000,0.700000,0.450000,0.270000,0.050000,0.070000,0.000000,0.000000,False,3,3
635,2020-01-01,SSD,1603,SSD,2,0.650000,0.620000,0.100000,0.250000,0.000000,0.070000,0.000000,0.000000,False,2,3
636,2017-05-01,SSD,1604,SSD,2,0.580000,0.770000,0.140000,0.450000,0.000000,0.100000,0.000000,0.000000,False,2,3
636,2019-01-01,SSD,1605,SSD,3,0.800000,0.700000,0.450000,0.270000,0.050000,0.070000,0.000000,0.000000,False,3,3
636,2020-01-01,SSD,1606,SSD,2,0.650000,0.620000,0.100000,0.250000,0.000000,0.070000,0.000000,0.000000,False,2,3
637,2017-01-01,SSD,1607,SSD,3,0.800000,0.560000,0.300000,0.360000,0.050000,0.100000,0.000000,0.000000,False,3,3
637,2017-05-01,SSD,1608,SSD,3,0.930000,0.680000,0.440000,0.410000,0.100000,0.100000,0.000000,0.000000,False,3,3
637,2018-01-01,SSD,1609,SSD,3,0.820000,0.710000,0.410000,0.350000,0.090000,0.090000,0.000000,0.000000,False,3,3
637,2018-09-01,SSD,1610,SSD,3,0.950000,0.770000,0.650000,0.460000,0.150000,0.110000,0.000000,0.000000,False,3,3
637,2019-01-01,SSD,1611,SSD,3,0.900000,0.700000,0.600000,0.290000,0.100000,0.080000,0.000000,0.000000,False,3,3
637,2019-08-01,SSD,1612,SSD,3,0.850000,0.750000,0.500000,0.360000,0.050000,0.090000,0.000000,0.000000,False,3,3
637,2020-01-01,SSD,1613,SSD,3,0.900000,0.620000,0.550000,0.260000,0.100000,0.100000,0.000000,0.000000,False,3,3
637,2020-06-01,SSD,1614,SSD,2,0.400000,0.630000,0.150000,0.310000,0.050000,0.100000,0.000000,0.000000,False,2,3
637,2022-02-01,SSD,1615,SSD,4,0.950000,0.610000,0.650000,0.290000,0.200000,0.090000,0.000000,0.000000,False,4,3
637,2022-10-01,SSD,1616,SSD,4,0.850000,0.720000,0.550000,0.410000,0.200000,0.090000,0.000000,0.000000,False,4,3
638,2017-01-01,SSD,1617,SSD,3,0.800000,0.560000,0.300000,0.360000,0.050000,0.100000,0.000000,0.000000,False,3,3
638,2017-05-01,SSD,1618,SSD,3,0.930000,0.680000,0.440000,0.410000,0.100000,0.100000,0.000000,0.000000,False,3,3
638,2018-01-01,SSD,1619,SSD,3,0.820000,0.710000,0.410000,0.350000,0.090000,0.090000,0.000000,0.000000,False,3,3
638,2018-09-01,SSD,1620,SSD,3,0.950000,0.770000,0.650000,0.460000,0.150000,0.110000,0.000000,0.000000,False,3,3
638,2019-01-01,SSD,1621,SSD,3,0.900000,0.700000,0.600000,0.290000,0.100000,0.080000,0.000000,0.000000,False,3,3
638,2019-08-01,SSD,1622,SSD,3,0.850000,0.750000,0.500000,0.360000,0.050000,0.090000,0.000000,0.000000,False,3,3
638,2020-01-01,SSD,1623,SSD,3,0.900000,0.620000,0.550000,0.260000,0.100000,0.100000,0.000000,0.000000,False,3,3
638,2020-06-01,SSD,1624,SSD,2,0.400000,0.630000,0.150000,0.310000,0.050000,0.100000,0.000000,0.000000,False,2,3
638,2022-02-01,SSD,1625,SSD,4,0.950000,0.620000,0.650000,0.290000,0.200000,0.090000,0.000000,0.000000,False,4,3
638,2022-10-01,SSD,1626,SSD,4,0.850000,0.720000,0.550000,0.410000,0.200000,0.090000,0.000000,0.000000,False,4,3
639,2017-01-01,SSD,1627,SSD,2,0.600000,0.620000,0.150000,0.310000,0.050000,0.080000,0.000000,0.000000,False,2,3
639,2017-05-01,SSD,1628,SSD,3,0.640000,0.730000,0.240000,0.410000,0.040000,0.100000,0.000000,0.000000,False,3,3
639,2019-01-01,SSD,1629,SSD,4,0.850000,0.700000,0.650000,0.260000,0.300000,0.070000,0.050000,0.000000,False,4,3
639,2019-08-01,SSD,1630,SSD,4,0.850000,0.750000,0.600000,0.370000,0.200000,0.070000,0.000000,0.000000,False,4,3
639,2020-01-01,SSD,1631,SSD,3,0.950000,0.600000,0.600000,0.260000,0.100000,0.080000,0.000000,0.000000,False,3,3
639,2020-10-01,SSD,1632,SSD,4,0.900000,0.610000,0.650000,0.250000,0.200000,0.070000,0.000000,0.000000,False,4,3
639,2022-02-01,SSD,1633,SSD,4,0.850000,0.600000,0.650000,0.270000,0.300000,0.080000,0.000000,0.000000,False,4,3
640,2017-01-01,SSD,1634,SSD,2,0.600000,0.620000,0.150000,0.310000,0.050000,0.080000,0.000000,0.000000,False,2,3
640,2017-05-01,SSD,1635,SSD,3,0.640000,0.730000,0.240000,0.400000,0.040000,0.100000,0.000000,0.000000,False,3,3
640,2019-01-01,SSD,1636,SSD,4,0.850000,0.700000,0.650000,0.260000,0.300000,0.070000,0.050000,0.000000,False,4,3
640,2019-08-01,SSD,1637,SSD,4,0.850000,0.750000,0.600000,0.370000,0.200000,0.070000,0.000000,0.000000,False,4,3
640,2020-01-01,SSD,1638,SSD,3,0.950000,0.600000,0.600000,0.260000,0.100000,0.080000,0.000000,0.000000,False,3,3
640,2020-10-01,SSD,1639,SSD,4,0.900000,0.610000,0.650000,0.250000,0.200000,0.070000,0.000000,0.000000,False,4,3
640,2022-02-01,SSD,1640,SSD,4,0.850000,0.610000,0.650000,0.270000,0.300000,0.080000,0.000000,0.000000,False,4,3
642,2020-10-01,SSD,1642,SSD,4,0.850000,0.620000,0.650000,0.280000,0.250000,0.090000,0.000000,0.000000,False,4,3
642,2022-10-01,SSD,1643,SSD,4,0.800000,0.720000,0.550000,0.350000,0.250000,0.090000,0.000000,0.000000,False,4,3
643,2020-10-01,SSD,1644,SSD,4,0.850000,0.620000,0.650000,0.280000,0.250000,0.090000,0.000000,0.000000,False,4,3
643,2022-10-01,SSD,1645,SSD,4,0.800000,0.720000,0.550000,0.350000,0.250000,0.090000,0.000000,0.000000,False,4,3
664,2017-01-01,SSD,1804,SSD,2,0.900000,0.590000,0.150000,0.330000,0.000000,0.090000,0.000000,0.000000,False,2,3
664,2017-09-01,SSD,1805,SSD,3,0.900000,0.750000,0.600000,0.310000,0.100000,0.100000,0.000000,0.000000,False,3,3
664,2018-01-01,SSD,1806,SSD,3,0.900000,0.730000,0.600000,0.320000,0.040000,0.090000,0.000000,0.000000,False,3,3
664,2019-06-01,SSD,1807,SSD,2,0.500000,0.660000,0.150000,0.380000,0.030000,0.090000,0.000000,0.000000,False,2,3
664,2020-06-01,SSD,1808,SSD,2,0.400000,0.630000,0.150000,0.310000,0.050000,0.090000,0.000000,0.000000,False,2,3
664,2020-10-01,SSD,1809,SSD,4,0.850000,0.610000,0.550000,0.310000,0.200000,0.100000,0.000000,0.000000,False,4,3
665,2017-01-01,SSD,1810,SSD,2,0.900000,0.590000,0.150000,0.330000,0.000000,0.090000,0.000000,0.000000,False,2,3
665,2017-09-01,SSD,1811,SSD,3,0.900000,0.750000,0.600000,0.310000,0.100000,0.100000,0.000000,0.000000,False,3,3
665,2018-01-01,SSD,1812,SSD,3,0.900000,0.730000,0.600000,0.320000,0.040000,0.090000,0.000000,0.000000,False,3,3
665,2019-06-01,SSD,1813,SSD,2,0.500000,0.660000,0.150000,0.380000,0.030000,0.090000,0.000000,0.000000,False,2,3
665,2020-06-01,SSD,1814,SSD,2,0.400000,0.630000,0.150000,0.310000,0.050000,0.090000,0.000000,0.000000,False,2,3
665,2020-10-01,SSD,1815,SSD,4,0.850000,0.610000,0.550000,0.310000,0.200000,0.100000,0.000000,0.000000,False,4,3
668,2017-01-01,SSD,1817,SSD,1,0.150000,0.620000,0.050000,0.250000,0.000000,0.070000,0.000000,0.000000,False,1,3
668,2017-09-01,SSD,1818,SSD,3,0.560000,0.770000,0.260000,0.250000,0.000000,0.060000,0.000000,0.000000,False,3,3
668,2019-01-01,SSD,1819,SSD,3,0.650000,0.730000,0.350000,0.260000,0.050000,0.070000,0.000000,0.000000,False,3,3
668,2019-08-01,SSD,1820,SSD,2,0.600000,0.750000,0.100000,0.350000,0.000000,0.070000,0.000000,0.000000,False,2,3
668,2020-01-01,SSD,1821,SSD,2,0.350000,0.650000,0.000000,0.250000,0.000000,0.070000,0.000000,0.000000,False,2,3
668,2021-09-01,SSD,1822,SSD,3,0.750000,0.700000,0.400000,0.330000,0.050000,0.070000,0.000000,0.000000,False,3,3
668,2022-02-01,SSD,1823,SSD,2,0.500000,0.690000,0.150000,0.250000,0.000000,0.060000,0.000000,0.000000,False,2,3
668,2022-07-01,SSD,1824,SSD,3,0.750000,0.690000,0.250000,0.290000,0.050000,0.070000,0.000000,0.000000,False,3,3
669,2017-01-01,SSD,1825,SSD,1,0.150000,0.620000,0.050000,0.240000,0.000000,0.070000,0.000000,0.000000,False,1,3
669,2017-09-01,SSD,1826,SSD,3,0.560000,0.770000,0.260000,0.230000,0.000000,0.060000,0.000000,0.000000,False,3,3
669,2019-01-01,SSD,1827,SSD,3,0.650000,0.730000,0.350000,0.240000,0.050000,0.070000,0.000000,0.000000,False,3,3
669,2019-08-01,SSD,1828,SSD,2,0.600000,0.760000,0.100000,0.340000,0.000000,0.070000,0.000000,0.000000,False,2,3
669,2020-01-01,SSD,1829,SSD,2,0.350000,0.670000,0.000000,0.240000,0.000000,0.070000,0.000000,0.000000,False,2,3
669,2021-09-01,SSD,1830,SSD,3,0.750000,0.700000,0.400000,0.320000,0.050000,0.070000,0.000000,0.000000,False,3,3
669,2022-02-01,SSD,1831,SSD,2,0.500000,0.690000,0.150000,0.250000,0.000000,0.060000,0.000000,0.000000,False,2,3
669,2022-07-01,SSD,1832,SSD,3,0.750000,0.690000,0.250000,0.290000,0.050000,0.070000,0.000000,0.000000,False,3,3
670,2017-05-01,SSD,1833,SSD,3,0.680000,0.750000,0.290000,0.470000,0.100000,0.100000,0.000000,0.000000,False,3,3
670,2022-02-01,SSD,1834,SSD,4,0.900000,0.630000,0.650000,0.280000,0.250000,0.100000,0.000000,0.000000,False,4,3
671,2017-05-01,SSD,1835,SSD,3,0.680000,0.750000,0.290000,0.470000,0.100000,0.100000,0.000000,0.000000,False,3,3
671,2022-02-01,SSD,1836,SSD,4,0.900000,0.630000,0.650000,0.280000,0.250000,0.100000,0.000000,0.000000,False,4,3
672,2017-01-01,SSD,1837,SSD,2,0.750000,0.590000,0.250000,0.290000,0.050000,0.080000,0.000000,0.000000,False,3,3
672,2017-05-01,SSD,1838,SSD,3,0.800000,0.760000,0.300000,0.390000,0.100000,0.090000,0.000000,0.000000,False,3,3
672,2017-09-01,SSD,1839,SSD,4,0.750000,0.720000,0.400000,0.330000,0.200000,0.090000,0.000000,0.000000,False,4,3
672,2018-01-01,SSD,1840,SSD,3,0.850000,0.710000,0.500000,0.360000,0.150000,0.080000,0.000000,0.000000,False,3,3
672,2018-09-01,SSD,1841,SSD,3,0.950000,0.720000,0.650000,0.410000,0.100000,0.090000,0.000000,0.000000,False,3,3
672,2019-01-01,SSD,1842,SSD,3,0.850000,0.720000,0.600000,0.260000,0.100000,0.060000,0.000000,0.000000,False,3,3
672,2019-08-01,SSD,1843,SSD,3,0.800000,0.750000,0.550000,0.320000,0.150000,0.070000,0.000000,0.000000,False,3,3
672,2020-01-01,SSD,1844,SSD,3,0.850000,0.600000,0.500000,0.240000,0.100000,0.080000,0.000000,0.000000,False,3,3
672,2020-10-01,SSD,1845,SSD,4,0.750000,0.620000,0.450000,0.250000,0.200000,0.060000,0.000000,0.000000,False,4,3
672,2022-02-01,SSD,1846,SSD,3,0.800000,0.610000,0.450000,0.280000,0.150000,0.090000,0.000000,0.000000,False,3,3
672,2022-10-01,SSD,1847,SSD,3,0.800000,0.740000,0.550000,0.370000,0.150000,0.070000,0.000000,0.000000,False,3,3
673,2017-01-01,SSD,1848,SSD,2,0.750000,0.590000,0.250000,0.290000,0.050000,0.080000,0.000000,0.000000,False,3,3
673,2017-05-01,SSD,1849,SSD,3,0.800000,0.760000,0.300000,0.390000,0.100000,0.090000,0.000000,0.000000,False,3,3
673,2017-09-01,SSD,1850,SSD,4,0.750000,0.720000,0.400000,0.330000,0.200000,0.090000,0.000000,0.000000,False,4,3
673,2018-01-01,SSD,1851,SSD,3,0.850000,0.710000,0.500000,0.360000,0.150000,0.080000,0.000000,0.000000,False,3,3
673,2018-09-01,SSD,1852,SSD,3,0.950000,0.720000,0.650000,0.410000,0.100000,0.090000,0.000000,0.000000,False,3,3
673,2019-01-01,SSD,1853,SSD,3,0.850000,0.720000,0.600000,0.260000,0.100000,0.060000,0.000000,0.000000,False,3,3
673,2019-08-01,SSD,1854,SSD,3,0.800000,0.750000,0.550000,0.320000,0.150000,0.070000,0.000000,0.000000,False,3,3
673,2020-01-01,SSD,1855,SSD,3,0.850000,0.600000,0.500000,0.240000,0.100000,0.080000,0.000000,0.000000,False,3,3
673,2020-10-01,SSD,1856,SSD,4,0.750000,0.620000,0.450000,0.250000,0.200000,0.060000,0.000000,0.000000,False,4,3
673,2022-02-01,SSD,1857,SSD,3,0.800000,0.610000,0.450000,0.280000,0.150000,0.090000,0.000000,0.000000,False,3,3
673,2022-10-01,SSD,1858,SSD,3,0.800000,0.740000,0.550000,0.370000,0.150000,0.070000,0.000000,0.000000,False,3,3
678,2017-01-01,SSD,1913,SSD,5,0.950000,0.560000,0.800000,0.330000,0.500000,0.090000,0.200000,0.000000,False,5,3
678,2017-09-01,SSD,1914,SSD,3,0.900000,0.750000,0.700000,0.330000,0.150000,0.100000,0.000000,0.000000,False,3,3
678,2018-01-01,SSD,1915,SSD,3,0.870000,0.750000,0.640000,0.340000,0.090000,0.100000,0.000000,0.000000,False,3,3
678,2018-09-01,SSD,1916,SSD,4,0.950000,0.770000,0.850000,0.480000,0.400000,0.110000,0.000000,0.000000,False,4,3
678,2022-02-01,SSD,1917,SSD,4,0.950000,0.650000,0.800000,0.310000,0.350000,0.100000,0.000000,0.000000,False,4,3
678,2022-04-01,SSD,1918,SSD,2,0.400000,0.690000,0.150000,0.310000,0.050000,0.100000,0.000000,0.000000,False,2,3
679,2017-01-01,SSD,1919,SSD,5,0.950000,0.570000,0.800000,0.330000,0.500000,0.090000,0.200000,0.000000,False,5,3
679,2017-09-01,SSD,1920,SSD,3,0.900000,0.750000,0.700000,0.330000,0.150000,0.100000,0.000000,0.000000,False,3,3
679,2018-01-01,SSD,1921,SSD,3,0.870000,0.760000,0.640000,0.350000,0.090000,0.100000,0.000000,0.000000,False,3,3
679,2018-09-01,SSD,1922,SSD,4,0.950000,0.770000,0.850000,0.480000,0.400000,0.110000,0.000000,0.000000,False,4,3
679,2022-02-01,SSD,1923,SSD,4,0.950000,0.650000,0.800000,0.310000,0.350000,0.100000,0.000000,0.000000,False,4,3
679,2022-04-01,SSD,1924,SSD,2,0.400000,0.700000,0.150000,0.310000,0.050000,0.100000,0.000000,0.000000,False,2,3
682,2019-08-01,SSD,1941,SSD,4,0.890000,0.750000,0.740000,0.320000,0.350000,0.090000,0.000000,0.000000,False,4,3
682,2022-02-01,SSD,1942,SSD,4,0.950000,0.700000,0.850000,0.280000,0.500000,0.090000,0.050000,0.000000,False,4,3
683,2019-08-01,SSD,1943,SSD,4,0.890000,0.750000,0.740000,0.320000,0.350000,0.090000,0.000000,0.000000,False,4,3
683,2022-02-01,SSD,1944,SSD,4,0.950000,0.700000,0.850000,0.280000,0.500000,0.090000,0.050000,0.000000,False,4,3
687,2018-09-01,SSD,1960,SSD,4,0.950000,0.720000,0.700000,0.410000,0.250000,0.100000,0.000000,0.000000,False,4,3
687,2019-08-01,SSD,1961,SSD,4,0.800000,0.700000,0.550000,0.350000,0.200000,0.070000,0.000000,0.000000,False,4,3
687,2020-01-01,SSD,1962,SSD,3,0.850000,0.630000,0.600000,0.260000,0.150000,0.080000,0.000000,0.000000,False,3,3
688,2018-09-01,SSD,1963,SSD,4,0.950000,0.720000,0.700000,0.410000,0.250000,0.100000,0.000000,0.000000,False,4,3
688,2019-08-01,SSD,1964,SSD,4,0.800000,0.700000,0.550000,0.350000,0.200000,0.070000,0.000000,0.000000,False,4,3
688,2020-01-01,SSD,1965,SSD,3,0.850000,0.630000,0.600000,0.260000,0.150000,0.080000,0.000000,0.000000,False,3,3
689,2017-05-01,SSD,1966,SSD,2,0.580000,0.780000,0.140000,0.420000,0.000000,0.110000,0.000000,0.000000,False,2,3
689,2017-09-01,SSD,1967,SSD,4,0.950000,0.770000,0.700000,0.260000,0.350000,0.100000,0.000000,0.000000,False,4,3
689,2018-01-01,SSD,1968,SSD,3,0.890000,0.800000,0.370000,0.380000,0.000000,0.090000,0.000000,0.000000,False,3,3
689,2020-01-01,SSD,1969,SSD,2,0.650000,0.620000,0.150000,0.280000,0.000000,0.080000,0.000000,0.000000,False,2,3
690,2017-05-01,SSD,1970,SSD,2,0.580000,0.780000,0.140000,0.430000,0.000000,0.110000,0.000000,0.000000,False,2,3
690,2017-09-01,SSD,1971,SSD,4,0.950000,0.770000,0.700000,0.270000,0.350000,0.100000,0.000000,0.000000,False,4,3
690,2018-01-01,SSD,1972,SSD,3,0.890000,0.800000,0.370000,0.390000,0.000000,0.090000,0.000000,0.000000,False,3,3
690,2020-01-01,SSD,1973,SSD,2,0.650000,0.630000,0.150000,0.290000,0.000000,0.080000,0.000000,0.000000,False,2,3
691,2017-09-01,SSD,1974,SSD,3,1.000000,0.780000,0.810000,0.290000,0.110000,0.100000,0.000000,0.000000,False,3,3
691,2019-01-01,SSD,1975,SSD,4,0.950000,0.700000,0.750000,0.310000,0.200000,0.090000,0.000000,0.000000,False,4,3
691,2020-01-01,SSD,1976,SSD,3,0.900000,0.590000,0.550000,0.260000,0.150000,0.110000,0.000000,0.000000,False,3,3
691,2022-02-01,SSD,1977,SSD,3,0.850000,0.650000,0.550000,0.260000,0.150000,0.090000,0.000000,0.000000,False,3,3
692,2017-09-01,SSD,1978,SSD,3,1.000000,0.780000,0.810000,0.280000,0.110000,0.100000,0.000000,0.000000,False,3,3
692,2019-01-01,SSD,1979,SSD,4,0.950000,0.690000,0.750000,0.300000,0.200000,0.090000,0.000000,0.000000,False,4,3
692,2020-01-01,SSD,1980,SSD,3,0.900000,0.590000,0.550000,0.250000,0.150000,0.110000,0.000000,0.000000,False,3,3
692,2022-02-01,SSD,1981,SSD,3,0.850000,0.650000,0.550000,0.250000,0.150000,0.090000,0.000000,0.000000,False,3,3
694,2017-01-01,SSD,1982,SSD,2,0.650000,0.620000,0.150000,0.330000,0.000000,0.090000,0.000000,0.000000,False,2,3
694,2017-05-01,SSD,1983,SSD,2,0.450000,0.740000,0.120000,0.400000,0.030000,0.100000,0.000000,0.000000,False,2,3
694,2018-01-01,SSD,1984,SSD,3,0.900000,0.700000,0.440000,0.350000,0.030000,0.090000,0.000000,0.000000,False,3,3
695,2017-01-01,SSD,1985,SSD,2,0.650000,0.620000,0.150000,0.330000,0.000000,0.090000,0.000000,0.000000,False,2,3
695,2017-05-01,SSD,1986,SSD,2,0.450000,0.740000,0.120000,0.400000,0.030000,0.100000,0.000000,0.000000,False,2,3
695,2018-01-01,SSD,1987,SSD,3,0.900000,0.700000,0.440000,0.350000,0.030000,0.090000,0.000000,0.000000,False,3,3
697,2017-09-01,SSD,1988,SSD,3,0.850000,0.760000,0.450000,0.240000,0.150000,0.100000,0.000000,0.000000,False,3,3
697,2018-01-01,SSD,1989,SSD,3,0.940000,0.800000,0.520000,0.370000,0.010000,0.080000,0.000000,0.000000,False,3,3
697,2018-08-01,SSD,1990,SSD,2,0.550000,0.820000,0.100000,0.380000,0.000000,0.080000,0.000000,0.000000,False,2,3
697,2020-07-01,SSD,1991,SSD,3,0.650000,0.650000,0.350000,0.270000,0.050000,0.070000,0.000000,0.000000,False,3,3
698,2017-09-01,SSD,1992,SSD,3,0.850000,0.760000,0.450000,0.240000,0.150000,0.100000,0.000000,0.000000,False,3,3
698,2018-01-01,SSD,1993,SSD,3,0.940000,0.800000,0.520000,0.370000,0.010000,0.080000,0.000000,0.000000,False,3,3
698,2018-08-01,SSD,1994,SSD,2,0.550000,0.820000,0.100000,0.380000,0.000000,0.080000,0.000000,0.000000,False,2,3
698,2020-07-01,SSD,1995,SSD,3,0.650000,0.660000,0.350000,0.270000,0.050000,0.070000,0.000000,0.000000,False,3,3
701,2017-01-01,SSD,2025,SSD,5,1.000000,0.660000,0.900000,0.310000,0.600000,0.100000,0.300000,0.000000,False,5,3
701,2017-05-01,SSD,2026,SSD,4,1.000000,0.740000,0.850000,0.380000,0.250000,0.100000,0.050000,0.000000,False,4,3
701,2017-09-01,SSD,2027,SSD,4,0.950000,0.730000,0.850000,0.340000,0.250000,0.100000,0.000000,0.000000,False,4,3
701,2022-02-01,SSD,2028,SSD,4,0.950000,0.700000,0.800000,0.320000,0.500000,0.100000,0.050000,0.000000,False,4,3
702,2017-01-01,SSD,2029,SSD,5,1.000000,0.650000,0.900000,0.310000,0.600000,0.100000,0.300000,0.000000,False,5,3
702,2017-05-01,SSD,2030,SSD,4,1.000000,0.740000,0.850000,0.380000,0.250000,0.100000,0.050000,0.000000,False,4,3
702,2017-09-01,SSD,2031,SSD,4,0.950000,0.700000,0.850000,0.340000,0.250000,0.100000,0.000000,0.000000,False,4,3
702,2022-02-01,SSD,2032,SSD,4,0.950000,0.700000,0.800000,0.330000,0.500000,0.100000,0.050000,0.000000,False,4,3
709,2017-05-01,SSD,2103,SSD,3,0.840000,0.750000,0.690000,0.460000,0.100000,0.110000,0.000000,0.000000,False,3,3
710,2017-05-01,SSD,2104,SSD,3,0.840000,0.750000,0.690000,0.460000,0.100000,0.110000,0.000000,0.000000,False,3,3
711,2017-01-01,SSD,2105,SSD,3,0.650000,0.560000,0.350000,0.230000,0.050000,0.060000,0.000000,0.000000,False,3,3
711,2017-05-01,SSD,2106,SSD,3,0.690000,0.680000,0.350000,0.290000,0.050000,0.090000,0.000000,0.000000,False,3,3
711,2017-09-01,SSD,2107,SSD,4,0.900000,0.670000,0.700000,0.220000,0.200000,0.080000,0.000000,0.000000,False,4,3
711,2017-11-01,SSD,2108,SSD,1,0.180000,0.430000,0.050000,0.200000,0.000000,0.070000,0.000000,0.000000,False,1,3
711,2018-01-01,SSD,2109,SSD,3,0.950000,0.770000,0.450000,0.340000,0.000000,0.060000,0.000000,0.000000,False,3,3
711,2018-09-01,SSD,2110,SSD,5,1.000000,0.710000,0.900000,0.350000,0.600000,0.080000,0.300000,0.000000,False,5,3
711,2019-01-01,SSD,2111,SSD,3,0.900000,0.740000,0.450000,0.260000,0.050000,0.080000,0.000000,0.000000,False,3,3
711,2019-07-01,SSD,2112,SSD,3,0.750000,0.740000,0.250000,0.340000,0.050000,0.070000,0.000000,0.000000,False,3,3
711,2019-08-01,SSD,2113,SSD,3,0.650000,0.710000,0.200000,0.340000,0.000000,0.070000,0.000000,0.000000,False,3,3
711,2020-01-01,SSD,2114,SSD,3,0.900000,0.630000,0.450000,0.270000,0.100000,0.060000,0.000000,0.000000,False,3,3
711,2020-06-01,SSD,2115,SSD,3,0.700000,0.650000,0.250000,0.270000,0.000000,0.060000,0.000000,0.000000,False,3,3
711,2021-02-01,SSD,2116,SSD,3,0.750000,0.690000,0.400000,0.260000,0.100000,0.060000,0.000000,0.000000,False,3,3
711,2021-09-01,SSD,2117,SSD,3,0.750000,0.700000,0.400000,0.310000,0.050000,0.070000,0.000000,0.000000,False,3,3
711,2022-02-01,SSD,2118,SSD,3,0.800000,0.670000,0.450000,0.280000,0.050000,0.060000,0.000000,0.000000,False,3,3
711,2022-07-01,SSD,2119,SSD,3,0.750000,0.720000,0.250000,0.310000,0.050000,0.070000,0.000000,0.000000,False,3,3
712,2017-01-01,SSD,2120,SSD,3,0.650000,0.560000,0.350000,0.230000,0.050000,0.060000,0.000000,0.000000,False,3,3
712,2017-05-01,SSD,2121,SSD,3,0.690000,0.680000,0.350000,0.290000,0.050000,0.090000,0.000000,0.000000,False,3,3
712,2017-09-01,SSD,2122,SSD,4,0.900000,0.670000,0.700000,0.220000,0.200000,0.080000,0.000000,0.000000,False,4,3
712,2017-11-01,SSD,2123,SSD,1,0.180000,0.430000,0.050000,0.200000,0.000000,0.070000,0.000000,0.000000,False,1,3
712,2018-01-01,SSD,2124,SSD,3,0.950000,0.780000,0.450000,0.340000,0.000000,0.060000,0.000000,0.000000,False,3,3
712,2018-09-01,SSD,2125,SSD,5,1.000000,0.710000,0.900000,0.350000,0.600000,0.080000,0.300000,0.000000,False,5,3
712,2019-01-01,SSD,2126,SSD,3,0.900000,0.740000,0.450000,0.260000,0.050000,0.080000,0.000000,0.000000,False,3,3
712,2019-07-01,SSD,2127,SSD,3,0.750000,0.740000,0.250000,0.340000,0.050000,0.070000,0.000000,0.000000,False,3,3
712,2019-08-01,SSD,2128,SSD,3,0.650000,0.710000,0.200000,0.340000,0.000000,0.070000,0.000000,0.000000,False,3,3
712,2020-01-01,SSD,2129,SSD,3,0.900000,0.630000,0.450000,0.270000,0.100000,0.060000,0.000000,0.000000,False,3,3
712,2020-06-01,SSD,2130,SSD,3,0.700000,0.650000,0.250000,0.270000,0.000000,0.060000,0.000000,0.000000,False,3,3
712,2021-02-01,SSD,2131,SSD,3,0.750000,0.690000,0.400000,0.260000,0.100000,0.060000,0.000000,0.000000,False,3,3
712,2021-09-01,SSD,2132,SSD,3,0.750000,0.700000,0.400000,0.310000,0.050000,0.070000,0.000000,0.000000,False,3,3
712,2022-02-01,SSD,2133,SSD,3,0.800000,0.670000,0.450000,0.280000,0.050000,0.060000,0.000000,0.000000,False,3,3
712,2022-07-01,SSD,2134,SSD,3,0.750000,0.720000,0.250000,0.310000,0.050000,0.070000,0.000000,0.000000,False,3,3
715,2018-09-01,SSD,2135,SSD,4,0.900000,0.720000,0.750000,0.420000,0.250000,0.090000,0.050000,0.000000,False,4,3
715,2019-01-01,SSD,2136,SSD,4,0.800000,0.700000,0.500000,0.280000,0.200000,0.070000,0.000000,0.000000,False,4,3
715,2019-08-01,SSD,2137,SSD,4,0.800000,0.780000,0.550000,0.370000,0.200000,0.070000,0.000000,0.000000,False,4,3
715,2020-01-01,SSD,2138,SSD,3,0.800000,0.620000,0.400000,0.270000,0.050000,0.070000,0.000000,0.000000,False,3,3
715,2020-10-01,SSD,2139,SSD,3,0.850000,0.680000,0.600000,0.320000,0.150000,0.060000,0.000000,0.000000,False,3,3
721,2017-09-01,SSD,2156,SSD,3,0.810000,0.700000,0.350000,0.300000,0.150000,0.100000,0.000000,0.000000,False,3,3
721,2019-08-01,SSD,2157,SSD,3,0.850000,0.760000,0.450000,0.380000,0.150000,0.070000,0.000000,0.000000,False,3,3
722,2017-09-01,SSD,2158,SSD,3,0.810000,0.700000,0.350000,0.300000,0.150000,0.100000,0.000000,0.000000,False,3,3
722,2019-08-01,SSD,2159,SSD,3,0.850000,0.760000,0.450000,0.380000,0.150000,0.070000,0.000000,0.000000,False,3,3
723,2017-09-01,SSD,2160,SSD,4,0.950000,0.700000,0.750000,0.270000,0.200000,0.100000,0.000000,0.000000,False,4,3
723,2020-06-01,SSD,2161,SSD,3,0.750000,0.680000,0.200000,0.280000,0.050000,0.100000,0.000000,0.000000,False,3,3
723,2022-02-01,SSD,2162,SSD,4,1.000000,0.670000,0.850000,0.320000,0.500000,0.090000,0.080000,0.000000,False,4,3
724,2017-09-01,SSD,2163,SSD,4,0.950000,0.740000,0.750000,0.290000,0.200000,0.110000,0.000000,0.000000,False,4,3
724,2020-06-01,SSD,2164,SSD,3,0.750000,0.660000,0.200000,0.290000,0.050000,0.100000,0.000000,0.000000,False,3,3
724,2022-02-01,SSD,2165,SSD,4,1.000000,0.660000,0.850000,0.320000,0.500000,0.090000,0.080000,0.000000,False,4,3
730,2017-09-01,SSD,2181,SSD,4,0.800000,0.800000,0.500000,0.270000,0.200000,0.080000,0.000000,0.000000,False,4,3
730,2019-01-01,SSD,2182,SSD,4,0.900000,0.700000,0.700000,0.290000,0.250000,0.070000,0.000000,0.000000,False,4,3
730,2020-10-01,SSD,2183,SSD,4,0.850000,0.610000,0.600000,0.280000,0.200000,0.070000,0.000000,0.000000,False,4,3
731,2017-09-01,SSD,2184,SSD,4,0.800000,0.800000,0.500000,0.300000,0.200000,0.080000,0.000000,0.000000,False,4,3
731,2019-01-01,SSD,2185,SSD,4,0.900000,0.700000,0.700000,0.290000,0.250000,0.070000,0.000000,0.000000,False,4,3
731,2020-10-01,SSD,2186,SSD,4,0.850000,0.600000,0.600000,0.270000,0.200000,0.070000,0.000000,0.000000,False,4,3
732,2017-01-01,SSD,2187,SSD,3,0.550000,0.600000,0.250000,0.230000,0.050000,0.050000,0.000000,0.000000,False,3,3
732,2017-09-01,SSD,2188,SSD,5,1.000000,0.660000,0.900000,0.200000,0.600000,0.060000,0.300000,0.000000,False,5,3
732,2017-11-01,SSD,2189,SSD,1,0.180000,0.440000,0.050000,0.190000,0.000000,0.060000,0.000000,0.000000,False,1,2
732,2018-01-01,SSD,2190,SSD,3,0.950000,0.750000,0.600000,0.290000,0.050000,0.050000,0.000000,0.000000,False,3,3
732,2019-01-01,SSD,2191,SSD,3,0.850000,0.700000,0.500000,0.290000,0.050000,0.060000,0.000000,0.000000,False,3,3
732,2020-01-01,SSD,2192,SSD,3,0.800000,0.620000,0.300000,0.250000,0.000000,0.060000,0.000000,0.000000,False,3,3
732,2020-06-01,SSD,2193,SSD,3,0.700000,0.660000,0.250000,0.270000,0.000000,0.060000,0.000000,0.000000,False,3,3
732,2020-07-01,SSD,2194,SSD,3,0.700000,0.670000,0.300000,0.270000,0.050000,0.060000,0.000000,0.000000,False,3,3
732,2022-06-01,SSD,2195,SSD,3,0.500000,0.680000,0.200000,0.280000,0.000000,0.060000,0.000000,0.000000,False,3,3
732,2022-10-01,SSD,2196,SSD,3,0.800000,0.740000,0.300000,0.250000,0.050000,0.060000,0.000000,0.000000,False,3,3
733,2017-01-01,SSD,2197,SSD,3,0.550000,0.590000,0.250000,0.230000,0.050000,0.050000,0.000000,0.000000,False,3,3
733,2017-05-01,SSD,2198,SSD,3,0.700000,0.720000,0.400000,0.290000,0.100000,0.070000,0.000000,0.000000,False,3,3
733,2017-09-01,SSD,2199,SSD,5,1.000000,0.660000,0.900000,0.200000,0.600000,0.060000,0.300000,0.000000,False,5,3
733,2017-11-01,SSD,2200,SSD,1,0.180000,0.440000,0.050000,0.190000,0.000000,0.060000,0.000000,0.000000,False,1,2
733,2018-01-01,SSD,2201,SSD,3,0.950000,0.730000,0.600000,0.290000,0.050000,0.050000,0.000000,0.000000,False,3,3
733,2019-01-01,SSD,2202,SSD,3,0.850000,0.700000,0.500000,0.290000,0.050000,0.060000,0.000000,0.000000,False,3,3
733,2020-01-01,SSD,2203,SSD,3,0.800000,0.610000,0.300000,0.250000,0.000000,0.060000,0.000000,0.000000,False,3,3
733,2020-06-01,SSD,2204,SSD,3,0.700000,0.650000,0.250000,0.270000,0.000000,0.060000,0.000000,0.000000,False,3,3
733,2020-07-01,SSD,2205,SSD,3,0.700000,0.670000,0.300000,0.270000,0.050000,0.060000,0.000000,0.000000,False,3,3
733,2022-06-01,SSD,2206,SSD,3,0.500000,0.680000,0.200000,0.280000,0.000000,0.060000,0.000000,0.000000,False,3,3
733,2022-10-01,SSD,2207,SSD,3,0.800000,0.740000,0.300000,0.250000,0.050000,0.060000,0.000000,0.000000,False,3,3
735,2017-01-01,SSD,2213,SSD,3,0.550000,0.610000,0.280000,0.240000,0.030000,0.080000,0.000000,0.000000,False,3,3
735,2017-05-01,SSD,2214,SSD,4,0.850000,0.720000,0.600000,0.290000,0.250000,0.100000,0.000000,0.000000,False,4,3
735,2017-11-01,SSD,2215,SSD,1,0.180000,0.440000,0.050000,0.170000,0.000000,0.080000,0.000000,0.000000,False,1,2
735,2018-08-01,SSD,2216,SSD,2,0.550000,0.840000,0.100000,0.370000,0.000000,0.080000,0.000000,0.000000,False,2,3
735,2018-09-01,SSD,2217,SSD,5,1.000000,0.700000,0.900000,0.360000,0.600000,0.090000,0.300000,0.000000,False,5,3
735,2019-01-01,SSD,2218,SSD,3,0.900000,0.680000,0.500000,0.290000,0.050000,0.060000,0.000000,0.000000,False,3,3
735,2019-08-01,SSD,2219,SSD,3,0.850000,0.740000,0.350000,0.360000,0.050000,0.070000,0.000000,0.000000,False,3,3
735,2020-07-01,SSD,2220,SSD,3,0.650000,0.630000,0.350000,0.250000,0.050000,0.070000,0.000000,0.000000,False,3,3
735,2022-02-01,SSD,2221,SSD,3,0.900000,0.620000,0.550000,0.280000,0.050000,0.070000,0.000000,0.000000,False,3,3
735,2022-10-01,SSD,2222,SSD,3,0.800000,0.770000,0.350000,0.360000,0.050000,0.070000,0.000000,0.000000,False,3,3
736,2017-01-01,SSD,2223,SSD,3,0.550000,0.610000,0.280000,0.240000,0.030000,0.080000,0.000000,0.000000,False,3,3
736,2017-05-01,SSD,2224,SSD,4,0.850000,0.720000,0.600000,0.280000,0.250000,0.100000,0.000000,0.000000,False,4,3
736,2017-11-01,SSD,2225,SSD,1,0.180000,0.440000,0.050000,0.170000,0.000000,0.080000,0.000000,0.000000,False,1,2
736,2018-08-01,SSD,2226,SSD,2,0.550000,0.840000,0.100000,0.370000,0.000000,0.080000,0.000000,0.000000,False,2,3
736,2018-09-01,SSD,2227,SSD,5,1.000000,0.700000,0.900000,0.360000,0.600000,0.090000,0.300000,0.000000,False,5,3
736,2019-01-01,SSD,2228,SSD,3,0.900000,0.690000,0.500000,0.290000,0.050000,0.060000,0.000000,0.000000,False,3,3
736,2019-08-01,SSD,2229,SSD,3,0.850000,0.740000,0.350000,0.360000,0.050000,0.070000,0.000000,0.000000,False,3,3
736,2020-07-01,SSD,2230,SSD,3,0.650000,0.630000,0.350000,0.250000,0.050000,0.070000,0.000000,0.000000,False,3,3
736,2022-02-01,SSD,2231,SSD,3,0.900000,0.630000,0.550000,0.280000,0.050000,0.070000,0.000000,0.000000,False,3,3
736,2022-10-01,SSD,2232,SSD,3,0.800000,0.770000,0.350000,0.360000,0.050000,0.070000,0.000000,0.000000,False,3,3
748,2022-02-01,SSD,2239,SSD,4,0.950000,0.650000,0.850000,0.320000,0.400000,0.090000,0.000000,0.000000,False,4,3
749,2022-02-01,SSD,2240,SSD,4,0.950000,0.640000,0.850000,0.320000,0.400000,0.090000,0.000000,0.000000,False,4,3
757,2017-01-01,SSD,2259,SSD,3,0.850000,0.550000,0.350000,0.260000,0.050000,0.090000,0.000000,0.000000,False,3,3
757,2019-01-01,SSD,2260,SSD,3,0.950000,0.690000,0.650000,0.320000,0.150000,0.080000,0.000000,0.000000,False,3,3
757,2019-08-01,SSD,2261,SSD,4,0.900000,0.690000,0.750000,0.390000,0.200000,0.080000,0.000000,0.000000,False,4,3
757,2020-01-01,SSD,2262,SSD,4,0.900000,0.620000,0.700000,0.230000,0.300000,0.090000,0.050000,0.000000,False,4,3
757,2020-10-01,SSD,2263,SSD,4,0.900000,0.630000,0.750000,0.340000,0.350000,0.080000,0.000000,0.000000,False,4,3
758,2017-01-01,SSD,2264,SSD,3,0.850000,0.540000,0.350000,0.280000,0.050000,0.100000,0.000000,0.000000,False,3,3
758,2019-01-01,SSD,2265,SSD,3,0.950000,0.690000,0.650000,0.330000,0.150000,0.080000,0.000000,0.000000,False,3,3
758,2019-08-01,SSD,2266,SSD,4,0.900000,0.690000,0.750000,0.390000,0.200000,0.090000,0.000000,0.000000,False,4,3
758,2020-01-01,SSD,2267,SSD,4,0.900000,0.610000,0.700000,0.250000,0.300000,0.090000,0.050000,0.000000,False,4,3
758,2020-10-01,SSD,2268,SSD,4,0.900000,0.640000,0.750000,0.340000,0.350000,0.080000,0.000000,0.000000,False,4,3
760,2017-09-01,SSD,2276,SSD,4,0.800000,0.730000,0.500000,0.350000,0.200000,0.080000,0.000000,0.000000,False,4,3
760,2019-08-01,SSD,2277,SSD,3,0.800000,0.730000,0.500000,0.370000,0.150000,0.070000,0.000000,0.000000,False,3,3
760,2020-01-01,SSD,2278,SSD,3,0.850000,0.640000,0.550000,0.240000,0.100000,0.090000,0.000000,0.000000,False,3,3
760,2022-02-01,SSD,2279,SSD,3,0.850000,0.680000,0.500000,0.330000,0.100000,0.070000,0.000000,0.000000,False,3,3
762,2017-09-01,SSD,2287,SSD,4,0.800000,0.720000,0.500000,0.340000,0.200000,0.080000,0.000000,0.000000,False,4,3
762,2019-08-01,SSD,2288,SSD,3,0.800000,0.730000,0.500000,0.370000,0.150000,0.070000,0.000000,0.000000,False,3,3
762,2020-01-01,SSD,2289,SSD,3,0.850000,0.640000,0.550000,0.240000,0.100000,0.090000,0.000000,0.000000,False,3,3
762,2022-02-01,SSD,2290,SSD,3,0.850000,0.690000,0.500000,0.320000,0.100000,0.070000,0.000000,0.000000,False,3,3
768,2017-09-01,SSD,2293,SSD,4,0.950000,0.650000,0.550000,0.320000,0.200000,0.080000,0.000000,0.000000,False,4,3
768,2020-01-01,SSD,2294,SSD,3,0.850000,0.600000,0.600000,0.240000,0.150000,0.070000,0.000000,0.000000,False,3,3
768,2022-02-01,SSD,2295,SSD,4,0.900000,0.660000,0.750000,0.270000,0.350000,0.060000,0.000000,0.000000,False,4,3
769,2017-09-01,SSD,2296,SSD,4,0.950000,0.650000,0.550000,0.320000,0.200000,0.080000,0.000000,0.000000,False,4,3
769,2020-01-01,SSD,2297,SSD,3,0.850000,0.600000,0.600000,0.240000,0.150000,0.070000,0.000000,0.000000,False,3,3
769,2022-02-01,SSD,2298,SSD,4,0.900000,0.670000,0.750000,0.270000,0.350000,0.060000,0.000000,0.000000,False,4,3
771,2017-05-01,SSD,2301,SSD,2,0.600000,0.810000,0.150000,0.390000,0.000000,0.100000,0.000000,0.000000,False,2,3
771,2018-01-01,SSD,2302,SSD,3,1.000000,0.800000,0.600000,0.380000,0.050000,0.090000,0.000000,0.000000,False,3,3
771,2020-10-01,SSD,2303,SSD,4,0.850000,0.630000,0.600000,0.340000,0.200000,0.080000,0.000000,0.000000,False,4,3
772,2017-05-01,SSD,2304,SSD,2,0.600000,0.810000,0.150000,0.390000,0.000000,0.100000,0.000000,0.000000,False,2,3
772,2018-01-01,SSD,2305,SSD,3,1.000000,0.800000,0.600000,0.380000,0.050000,0.090000,0.000000,0.000000,False,3,3
772,2020-10-01,SSD,2306,SSD,4,0.850000,0.630000,0.600000,0.340000,0.200000,0.080000,0.000000,0.000000,False,4,3
779,2017-09-01,SSD,2314,SSD,4,0.950000,0.760000,0.700000,0.290000,0.250000,0.110000,0.000000,0.000000,False,4,3
779,2020-06-01,SSD,2315,SSD,3,0.750000,0.680000,0.200000,0.250000,0.050000,0.100000,0.000000,0.000000,False,3,3
779,2020-10-01,SSD,2316,SSD,4,0.900000,0.690000,0.700000,0.290000,0.300000,0.090000,0.000000,0.000000,False,4,3
779,2022-02-01,SSD,2317,SSD,4,0.950000,0.660000,0.850000,0.260000,0.450000,0.100000,0.050000,0.000000,False,4,3
779,2022-10-01,SSD,2318,SSD,4,0.900000,0.770000,0.750000,0.340000,0.450000,0.090000,0.050000,0.000000,False,4,3
780,2017-09-01,SSD,2319,SSD,4,0.950000,0.750000,0.700000,0.290000,0.250000,0.110000,0.000000,0.000000,False,4,3
780,2020-06-01,SSD,2320,SSD,3,0.750000,0.670000,0.200000,0.250000,0.050000,0.100000,0.000000,0.000000,False,3,3
780,2020-10-01,SSD,2321,SSD,4,0.900000,0.660000,0.700000,0.290000,0.300000,0.090000,0.000000,0.000000,False,4,3
780,2022-02-01,SSD,2322,SSD,4,0.950000,0.660000,0.850000,0.260000,0.450000,0.100000,0.050000,0.000000,False,4,3
780,2022-10-01,SSD,2323,SSD,4,0.900000,0.770000,0.750000,0.330000,0.450000,0.090000,0.050000,0.000000,False,4,3
781,2017-01-01,SSD,2324,SSD,3,0.650000,0.630000,0.200000,0.300000,0.000000,0.100000,0.000000,0.000000,False,3,3
781,2017-05-01,SSD,2325,SSD,4,0.940000,0.670000,0.740000,0.400000,0.240000,0.110000,0.000000,0.000000,False,4,3
781,2022-10-01,SSD,2326,SSD,5,1.000000,0.730000,0.900000,0.370000,0.600000,0.090000,0.300000,0.000000,False,5,3
782,2017-01-01,SSD,2327,SSD,3,0.650000,0.620000,0.200000,0.290000,0.000000,0.100000,0.000000,0.000000,False,3,3
782,2017-05-01,SSD,2328,SSD,4,0.940000,0.670000,0.740000,0.390000,0.240000,0.110000,0.000000,0.000000,False,4,3
782,2022-10-01,SSD,2329,SSD,5,1.000000,0.770000,0.900000,0.350000,0.600000,0.090000,0.300000,0.000000,False,5,3
783,2017-01-01,SSD,2330,SSD,2,0.400000,0.560000,0.180000,0.240000,0.010000,0.060000,0.000000,0.000000,False,2,3
783,2017-05-01,SSD,2331,SSD,3,0.800000,0.760000,0.500000,0.350000,0.150000,0.080000,0.000000,0.000000,False,3,3
783,2017-11-01,SSD,2332,SSD,1,0.180000,0.460000,0.050000,0.190000,0.000000,0.060000,0.000000,0.000000,False,1,2
783,2018-09-01,SSD,2333,SSD,4,0.950000,0.710000,0.650000,0.360000,0.200000,0.070000,0.000000,0.000000,False,4,3
783,2019-01-01,SSD,2334,SSD,3,0.900000,0.710000,0.500000,0.320000,0.050000,0.070000,0.000000,0.000000,False,3,3
783,2019-07-01,SSD,2335,SSD,3,0.750000,0.790000,0.500000,0.330000,0.100000,0.060000,0.000000,0.000000,False,3,3
783,2020-10-01,SSD,2336,SSD,4,0.800000,0.660000,0.550000,0.310000,0.200000,0.060000,0.000000,0.000000,False,4,3
783,2022-10-01,SSD,2337,SSD,3,0.800000,0.750000,0.400000,0.300000,0.050000,0.060000,0.000000,0.000000,False,3,3
784,2017-01-01,SSD,2338,SSD,2,0.400000,0.550000,0.180000,0.240000,0.010000,0.080000,0.000000,0.000000,False,2,3
784,2017-05-01,SSD,2339,SSD,3,0.800000,0.760000,0.500000,0.350000,0.150000,0.090000,0.000000,0.000000,False,3,3
784,2017-11-01,SSD,2340,SSD,1,0.180000,0.460000,0.050000,0.190000,0.000000,0.080000,0.000000,0.000000,False,1,2
784,2018-09-01,SSD,2341,SSD,4,0.950000,0.710000,0.650000,0.360000,0.200000,0.090000,0.000000,0.000000,False,4,3
784,2019-01-01,SSD,2342,SSD,3,0.900000,0.720000,0.500000,0.320000,0.050000,0.080000,0.000000,0.000000,False,3,3
784,2019-07-01,SSD,2343,SSD,3,0.750000,0.790000,0.500000,0.330000,0.100000,0.060000,0.000000,0.000000,False,3,3
784,2020-10-01,SSD,2344,SSD,4,0.800000,0.660000,0.550000,0.310000,0.200000,0.060000,0.000000,0.000000,False,4,3
784,2022-10-01,SSD,2345,SSD,3,0.800000,0.750000,0.400000,0.300000,0.050000,0.060000,0.000000,0.000000,False,3,3
785,2017-01-01,SSD,2346,SSD,3,0.540000,0.600000,0.240000,0.280000,0.020000,0.090000,0.000000,0.000000,False,3,3
785,2017-05-01,SSD,2347,SSD,3,0.380000,0.740000,0.190000,0.350000,0.020000,0.100000,0.000000,0.000000,False,2,3
785,2017-09-01,SSD,2348,SSD,3,0.800000,0.700000,0.500000,0.210000,0.150000,0.090000,0.000000,0.000000,False,3,3
785,2017-11-01,SSD,2349,SSD,1,0.180000,0.490000,0.050000,0.180000,0.000000,0.090000,0.000000,0.000000,False,1,2
785,2018-01-01,SSD,2350,SSD,3,0.850000,0.690000,0.450000,0.330000,0.050000,0.080000,0.000000,0.000000,False,3,3
785,2018-09-01,SSD,2351,SSD,3,0.950000,0.720000,0.500000,0.360000,0.050000,0.090000,0.000000,0.000000,False,3,3
785,2019-01-01,SSD,2352,SSD,3,0.850000,0.710000,0.500000,0.300000,0.050000,0.070000,0.000000,0.000000,False,3,3
785,2019-08-01,SSD,2353,SSD,3,0.600000,0.740000,0.250000,0.350000,0.000000,0.070000,0.000000,0.000000,False,3,3
785,2020-01-01,SSD,2354,SSD,3,0.800000,0.610000,0.400000,0.240000,0.050000,0.080000,0.000000,0.000000,False,3,3
785,2020-06-01,SSD,2355,SSD,3,0.700000,0.620000,0.300000,0.250000,0.100000,0.070000,0.000000,0.000000,False,3,3
785,2020-10-01,SSD,2356,SSD,3,0.800000,0.600000,0.400000,0.280000,0.100000,0.070000,0.000000,0.000000,False,3,3
785,2022-06-01,SSD,2357,SSD,3,0.600000,0.660000,0.250000,0.290000,0.050000,0.070000,0.000000,0.000000,False,3,3
785,2022-10-01,SSD,2358,SSD,3,0.850000,0.710000,0.450000,0.290000,0.100000,0.070000,0.000000,0.000000,False,3,3
786,2017-01-01,SSD,2359,SSD,3,0.540000,0.600000,0.240000,0.280000,0.020000,0.090000,0.000000,0.000000,False,3,3
786,2017-05-01,SSD,2360,SSD,3,0.380000,0.740000,0.190000,0.350000,0.020000,0.100000,0.000000,0.000000,False,2,3
786,2017-09-01,SSD,2361,SSD,3,0.800000,0.700000,0.500000,0.210000,0.150000,0.090000,0.000000,0.000000,False,3,3
786,2017-11-01,SSD,2362,SSD,1,0.180000,0.490000,0.050000,0.180000,0.000000,0.090000,0.000000,0.000000,False,1,2
786,2018-01-01,SSD,2363,SSD,3,0.850000,0.690000,0.450000,0.330000,0.050000,0.080000,0.000000,0.000000,False,3,3
786,2018-09-01,SSD,2364,SSD,3,0.950000,0.720000,0.500000,0.360000,0.050000,0.090000,0.000000,0.000000,False,3,3
786,2019-01-01,SSD,2365,SSD,3,0.850000,0.710000,0.500000,0.300000,0.050000,0.070000,0.000000,0.000000,False,3,3
786,2019-08-01,SSD,2366,SSD,3,0.600000,0.740000,0.250000,0.350000,0.000000,0.070000,0.000000,0.000000,False,3,3
786,2020-01-01,SSD,2367,SSD,3,0.800000,0.610000,0.400000,0.240000,0.050000,0.080000,0.000000,0.000000,False,3,3
786,2020-06-01,SSD,2368,SSD,3,0.700000,0.620000,0.300000,0.250000,0.100000,0.070000,0.000000,0.000000,False,3,3
786,2020-10-01,SSD,2369,SSD,3,0.800000,0.600000,0.400000,0.280000,0.100000,0.070000,0.000000,0.000000,False,3,3
786,2022-06-01,SSD,2370,SSD,3,0.600000,0.660000,0.250000,0.290000,0.050000,0.070000,0.000000,0.000000,False,3,3
786,2022-10-01,SSD,2371,SSD,3,0.850000,0.710000,0.450000,0.290000,0.100000,0.070000,0.000000,0.000000,False,3,3
789,2017-01-01,SSD,2373,SSD,3,0.800000,0.610000,0.350000,0.280000,0.050000,0.090000,0.000000,0.000000,False,3,3
789,2017-09-01,SSD,2374,SSD,4,0.940000,0.700000,0.690000,0.250000,0.250000,0.110000,0.000000,0.000000,False,4,3
789,2020-10-01,SSD,2375,SSD,3,0.900000,0.740000,0.600000,0.260000,0.150000,0.090000,0.000000,0.000000,False,3,3
789,2022-10-01,SSD,2376,SSD,4,0.900000,0.690000,0.650000,0.310000,0.250000,0.080000,0.000000,0.000000,False,4,3
800,2017-09-01,SSD,2397,SSD,4,0.880000,0.610000,0.590000,0.300000,0.220000,0.120000,0.000000,0.000000,False,4,3
800,2018-01-01,SSD,2398,SSD,3,0.930000,0.660000,0.560000,0.310000,0.120000,0.100000,0.000000,0.000000,False,3,3
800,2022-10-01,SSD,2399,SSD,4,0.950000,0.670000,0.600000,0.310000,0.200000,0.100000,0.000000,0.000000,False,4,3
801,2017-09-01,SSD,2400,SSD,4,0.880000,0.600000,0.590000,0.300000,0.220000,0.120000,0.000000,0.000000,False,4,3
801,2018-01-01,SSD,2401,SSD,3,0.930000,0.650000,0.560000,0.310000,0.120000,0.100000,0.000000,0.000000,False,3,3
801,2022-10-01,SSD,2402,SSD,4,0.950000,0.670000,0.600000,0.310000,0.200000,0.100000,0.000000,0.000000,False,4,3
806,2017-01-01,SSD,2403,SSD,3,0.800000,0.610000,0.300000,0.320000,0.050000,0.090000,0.000000,0.000000,False,3,3
806,2017-05-01,SSD,2404,SSD,4,0.880000,0.780000,0.590000,0.350000,0.200000,0.090000,0.000000,0.000000,False,4,3
806,2018-01-01,SSD,2405,SSD,2,0.750000,0.690000,0.150000,0.370000,0.050000,0.080000,0.000000,0.000000,False,2,3
806,2018-09-01,SSD,2406,SSD,3,0.900000,0.700000,0.650000,0.410000,0.150000,0.110000,0.000000,0.000000,False,3,3
806,2019-01-01,SSD,2407,SSD,3,0.900000,0.700000,0.650000,0.280000,0.100000,0.070000,0.000000,0.000000,False,3,3
806,2020-01-01,SSD,2408,SSD,3,0.800000,0.650000,0.550000,0.220000,0.050000,0.090000,0.000000,0.000000,False,3,3
806,2022-02-01,SSD,2409,SSD,3,0.850000,0.690000,0.650000,0.290000,0.150000,0.080000,0.000000,0.000000,False,3,3
806,2022-10-01,SSD,2410,SSD,3,0.850000,0.740000,0.500000,0.320000,0.100000,0.070000,0.000000,0.000000,False,3,3
807,2017-01-01,SSD,2411,SSD,3,0.800000,0.610000,0.300000,0.320000,0.050000,0.090000,0.000000,0.000000,False,3,3
807,2017-05-01,SSD,2412,SSD,4,0.880000,0.780000,0.590000,0.350000,0.200000,0.090000,0.000000,0.000000,False,4,3
807,2018-01-01,SSD,2413,SSD,2,0.750000,0.690000,0.150000,0.370000,0.050000,0.080000,0.000000,0.000000,False,2,3
807,2018-09-01,SSD,2414,SSD,3,0.900000,0.700000,0.650000,0.410000,0.150000,0.100000,0.000000,0.000000,False,3,3
807,2019-01-01,SSD,2415,SSD,3,0.900000,0.700000,0.650000,0.280000,0.100000,0.070000,0.000000,0.000000,False,3,3
807,2020-01-01,SSD,2416,SSD,3,0.800000,0.650000,0.550000,0.220000,0.050000,0.090000,0.000000,0.000000,False,3,3
807,2022-02-01,SSD,2417,SSD,3,0.850000,0.690000,0.650000,0.290000,0.150000,0.080000,0.000000,0.000000,False,3,3
807,2022-10-01,SSD,2418,SSD,3,0.850000,0.740000,0.500000,0.320000,0.100000,0.070000,0.000000,0.000000,False,3,3
815,2018-01-01,SSD,2419,SSD,4,0.950000,0.720000,0.650000,0.330000,0.250000,0.110000,0.000000,0.000000,False,4,3
815,2019-08-01,SSD,2420,SSD,3,0.900000,0.670000,0.450000,0.380000,0.100000,0.100000,0.000000,0.000000,False,3,3
815,2020-01-01,SSD,2421,SSD,4,0.900000,0.610000,0.650000,0.260000,0.200000,0.110000,0.000000,0.000000,False,4,3
815,2022-02-01,SSD,2422,SSD,4,0.900000,0.660000,0.750000,0.290000,0.300000,0.100000,0.050000,0.000000,False,4,3
815,2022-10-01,SSD,2423,SSD,4,0.900000,0.700000,0.700000,0.360000,0.300000,0.100000,0.000000,0.000000,False,4,3
816,2018-01-01,SSD,2424,SSD,4,0.950000,0.720000,0.650000,0.330000,0.250000,0.110000,0.000000,0.000000,False,4,3
816,2019-08-01,SSD,2425,SSD,3,0.900000,0.670000,0.450000,0.380000,0.100000,0.100000,0.000000,0.000000,False,3,3
816,2020-01-01,SSD,2426,SSD,4,0.900000,0.610000,0.650000,0.260000,0.200000,0.110000,0.000000,0.000000,False,4,3
816,2022-02-01,SSD,2427,SSD,4,0.900000,0.660000,0.750000,0.290000,0.300000,0.100000,0.050000,0.000000,False,4,3
816,2022-10-01,SSD,2428,SSD,4,0.900000,0.700000,0.700000,0.360000,0.300000,0.100000,0.000000,0.000000,False,4,3
817,2017-05-01,SSD,2429,SSD,4,0.930000,0.690000,0.690000,0.440000,0.190000,0.110000,0.000000,0.000000,False,3,3
817,2017-09-01,SSD,2430,SSD,4,0.900000,0.660000,0.700000,0.330000,0.350000,0.100000,0.050000,0.000000,False,4,3
817,2018-01-01,SSD,2431,SSD,4,0.900000,0.720000,0.650000,0.350000,0.250000,0.100000,0.000000,0.000000,False,4,3
817,2019-01-01,SSD,2432,SSD,3,0.900000,0.700000,0.600000,0.270000,0.150000,0.080000,0.000000,0.000000,False,3,3
817,2020-01-01,SSD,2433,SSD,4,0.950000,0.630000,0.750000,0.250000,0.250000,0.110000,0.000000,0.000000,False,4,3
817,2022-02-01,SSD,2434,SSD,4,0.900000,0.650000,0.750000,0.300000,0.250000,0.090000,0.000000,0.000000,False,4,3
817,2022-10-01,SSD,2435,SSD,4,0.900000,0.760000,0.750000,0.320000,0.400000,0.090000,0.000000,0.000000,False,4,3
818,2017-05-01,SSD,2436,SSD,4,0.930000,0.690000,0.690000,0.430000,0.190000,0.110000,0.000000,0.000000,False,3,3
818,2017-09-01,SSD,2437,SSD,4,0.900000,0.660000,0.700000,0.320000,0.350000,0.100000,0.050000,0.000000,False,4,3
818,2018-01-01,SSD,2438,SSD,4,0.900000,0.720000,0.650000,0.350000,0.250000,0.100000,0.000000,0.000000,False,4,3
818,2019-01-01,SSD,2439,SSD,3,0.900000,0.700000,0.600000,0.270000,0.150000,0.080000,0.000000,0.000000,False,3,3
818,2020-01-01,SSD,2440,SSD,4,0.950000,0.630000,0.750000,0.240000,0.250000,0.110000,0.000000,0.000000,False,4,3
818,2022-02-01,SSD,2441,SSD,4,0.900000,0.650000,0.750000,0.300000,0.250000,0.090000,0.000000,0.000000,False,4,3
818,2022-10-01,SSD,2442,SSD,4,0.900000,0.760000,0.750000,0.320000,0.400000,0.090000,0.000000,0.000000,False,4,3
820,2017-01-01,SSD,2443,SSD,3,0.600000,0.540000,0.340000,0.200000,0.120000,0.060000,0.000000,0.000000,False,3,3
820,2017-05-01,SSD,2444,SSD,3,0.690000,0.710000,0.390000,0.300000,0.150000,0.080000,0.000000,0.000000,False,3,3
820,2017-11-01,SSD,2445,SSD,2,0.240000,0.510000,0.080000,0.220000,0.000000,0.070000,0.000000,0.000000,False,2,3
820,2018-01-01,SSD,2446,SSD,2,0.600000,0.700000,0.150000,0.250000,0.000000,0.060000,0.000000,0.000000,False,2,3
820,2019-01-01,SSD,2447,SSD,3,0.650000,0.710000,0.450000,0.290000,0.050000,0.060000,0.000000,0.000000,False,3,3
820,2020-10-01,SSD,2448,SSD,3,0.700000,0.670000,0.250000,0.350000,0.050000,0.060000,0.000000,0.000000,False,3,3
820,2022-02-01,SSD,2449,SSD,3,0.550000,0.690000,0.200000,0.300000,0.000000,0.060000,0.000000,0.000000,False,3,3
820,2022-03-01,SSD,2450,SSD,3,0.700000,0.650000,0.350000,0.320000,0.050000,0.060000,0.000000,0.000000,False,3,3
820,2022-06-01,SSD,2451,SSD,3,0.600000,0.630000,0.300000,0.330000,0.050000,0.060000,0.000000,0.000000,False,3,3
821,2017-01-01,SSD,2452,SSD,3,0.600000,0.540000,0.340000,0.200000,0.120000,0.060000,0.000000,0.000000,False,3,3
821,2017-05-01,SSD,2453,SSD,3,0.690000,0.710000,0.390000,0.300000,0.150000,0.080000,0.000000,0.000000,False,3,3
821,2017-11-01,SSD,2454,SSD,2,0.240000,0.510000,0.080000,0.220000,0.000000,0.070000,0.000000,0.000000,False,2,3
821,2018-01-01,SSD,2455,SSD,2,0.600000,0.700000,0.150000,0.250000,0.000000,0.060000,0.000000,0.000000,False,2,3
821,2019-01-01,SSD,2456,SSD,3,0.650000,0.720000,0.450000,0.290000,0.050000,0.060000,0.000000,0.000000,False,3,3
821,2020-10-01,SSD,2457,SSD,3,0.700000,0.670000,0.250000,0.350000,0.050000,0.060000,0.000000,0.000000,False,3,3
821,2022-02-01,SSD,2458,SSD,3,0.550000,0.690000,0.200000,0.300000,0.000000,0.060000,0.000000,0.000000,False,3,3
821,2022-03-01,SSD,2459,SSD,3,0.700000,0.670000,0.350000,0.320000,0.050000,0.060000,0.000000,0.000000,False,3,3
821,2022-06-01,SSD,2460,SSD,3,0.600000,0.630000,0.300000,0.330000,0.050000,0.060000,0.000000,0.000000,False,3,3
842,2017-01-01,SSD,2473,SSD,3,0.800000,0.610000,0.450000,0.250000,0.050000,0.080000,0.000000,0.000000,False,3,3
842,2017-05-01,SSD,2474,SSD,4,0.830000,0.750000,0.640000,0.340000,0.190000,0.100000,0.000000,0.000000,False,3,3
842,2017-09-01,SSD,2475,SSD,3,0.850000,0.570000,0.600000,0.230000,0.150000,0.080000,0.000000,0.000000,False,3,3
842,2017-11-01,SSD,2476,SSD,2,0.240000,0.430000,0.080000,0.200000,0.000000,0.080000,0.000000,0.000000,False,2,3
842,2018-09-01,SSD,2477,SSD,2,0.600000,0.680000,0.150000,0.350000,0.050000,0.090000,0.000000,0.000000,False,2,3
842,2019-01-01,SSD,2478,SSD,3,0.700000,0.690000,0.500000,0.310000,0.150000,0.060000,0.000000,0.000000,False,3,3
842,2019-08-01,SSD,2479,SSD,3,0.700000,0.750000,0.350000,0.420000,0.000000,0.080000,0.000000,0.000000,False,3,3
842,2020-01-01,SSD,2480,SSD,2,0.650000,0.590000,0.150000,0.260000,0.000000,0.080000,0.000000,0.000000,False,2,3
842,2020-10-01,SSD,2481,SSD,3,0.750000,0.580000,0.350000,0.310000,0.050000,0.070000,0.000000,0.000000,False,3,3
842,2022-02-01,SSD,2482,SSD,3,0.750000,0.690000,0.400000,0.340000,0.100000,0.080000,0.000000,0.000000,False,3,3
842,2022-03-01,SSD,2483,SSD,3,0.700000,0.660000,0.350000,0.320000,0.050000,0.060000,0.000000,0.000000,False,3,3
842,2022-06-01,SSD,2484,SSD,3,0.600000,0.660000,0.300000,0.290000,0.050000,0.070000,0.000000,0.000000,False,3,3
842,2022-10-01,SSD,2485,SSD,3,0.700000,0.680000,0.350000,0.320000,0.100000,0.070000,0.000000,0.000000,False,3,3
843,2017-01-01,SSD,2486,SSD,3,0.800000,0.610000,0.450000,0.250000,0.050000,0.080000,0.000000,0.000000,False,3,3
843,2017-05-01,SSD,2487,SSD,4,0.830000,0.750000,0.640000,0.340000,0.190000,0.100000,0.000000,0.000000,False,3,3
843,2017-09-01,SSD,2488,SSD,3,0.850000,0.570000,0.600000,0.230000,0.150000,0.080000,0.000000,0.000000,False,3,3
843,2017-11-01,SSD,2489,SSD,2,0.240000,0.430000,0.080000,0.200000,0.000000,0.080000,0.000000,0.000000,False,2,3
843,2018-09-01,SSD,2490,SSD,2,0.600000,0.680000,0.150000,0.350000,0.050000,0.090000,0.000000,0.000000,False,2,3
843,2019-01-01,SSD,2491,SSD,3,0.700000,0.700000,0.500000,0.310000,0.150000,0.060000,0.000000,0.000000,False,3,3
843,2019-08-01,SSD,2492,SSD,3,0.700000,0.750000,0.350000,0.420000,0.000000,0.080000,0.000000,0.000000,False,3,3
843,2020-01-01,SSD,2493,SSD,2,0.650000,0.590000,0.150000,0.260000,0.000000,0.080000,0.000000,0.000000,False,2,3
843,2020-10-01,SSD,2494,SSD,3,0.750000,0.580000,0.350000,0.310000,0.050000,0.070000,0.000000,0.000000,False,3,3
843,2022-02-01,SSD,2495,SSD,3,0.750000,0.690000,0.400000,0.340000,0.100000,0.080000,0.000000,0.000000,False,3,3
843,2022-03-01,SSD,2496,SSD,3,0.700000,0.660000,0.350000,0.320000,0.050000,0.060000,0.000000,0.000000,False,3,3
843,2022-06-01,SSD,2497,SSD,3,0.600000,0.660000,0.300000,0.290000,0.050000,0.070000,0.000000,0.000000,False,3,3
843,2022-10-01,SSD,2498,SSD,3,0.700000,0.680000,0.350000,0.320000,0.100000,0.070000,0.000000,0.000000,False,3,3
844,2019-06-01,SSD,2499,SSD,2,0.520000,0.620000,0.190000,0.340000,0.080000,0.090000,0.000000,0.000000,False,2,3
844,2022-10-01,SSD,2500,SSD,3,0.800000,0.670000,0.500000,0.300000,0.100000,0.090000,0.000000,0.000000,False,3,3
845,2019-06-01,SSD,2501,SSD,2,0.520000,0.620000,0.190000,0.340000,0.080000,0.090000,0.000000,0.000000,False,2,3
845,2022-10-01,SSD,2502,SSD,3,0.800000,0.670000,0.500000,0.300000,0.100000,0.090000,0.000000,0.000000,False,3,3
853,2020-01-01,SSD,2513,SSD,3,0.650000,0.630000,0.400000,0.240000,0.050000,0.080000,0.000000,0.000000,False,3,3
853,2020-06-01,SSD,2514,SSD,3,0.700000,0.710000,0.400000,0.300000,0.050000,0.070000,0.000000,0.000000,False,3,3
853,2020-10-01,SSD,2515,SSD,3,0.650000,0.590000,0.350000,0.290000,0.050000,0.070000,0.000000,0.000000,False,3,3
854,2020-01-01,SSD,2516,SSD,3,0.650000,0.630000,0.400000,0.240000,0.050000,0.080000,0.000000,0.000000,False,3,3
854,2020-06-01,SSD,2517,SSD,3,0.700000,0.710000,0.400000,0.300000,0.050000,0.070000,0.000000,0.000000,False,3,3
854,2020-10-01,SSD,2518,SSD,3,0.650000,0.590000,0.350000,0.290000,0.050000,0.070000,0.000000,0.000000,False,3,3
865,2019-01-01,SSD,2532,SSD,3,0.850000,0.690000,0.550000,0.300000,0.050000,0.090000,0.000000,0.000000,False,3,3
867,2019-01-01,SSD,2533,SSD,3,0.850000,0.680000,0.550000,0.300000,0.050000,0.090000,0.000000,0.000000,False,3,3
870,2017-05-01,SSD,2534,SSD,3,0.900000,0.690000,0.600000,0.390000,0.150000,0.110000,0.000000,0.000000,False,3,3
870,2017-09-01,SSD,2535,SSD,4,0.900000,0.630000,0.700000,0.330000,0.250000,0.100000,0.000000,0.000000,False,4,3
870,2018-01-01,SSD,2536,SSD,3,0.890000,0.670000,0.670000,0.290000,0.060000,0.090000,0.000000,0.000000,False,3,3
870,2019-01-01,SSD,2537,SSD,3,0.900000,0.710000,0.600000,0.290000,0.150000,0.100000,0.000000,0.000000,False,3,3
871,2017-05-01,SSD,2538,SSD,3,0.900000,0.690000,0.600000,0.400000,0.150000,0.110000,0.000000,0.000000,False,3,3
871,2017-09-01,SSD,2539,SSD,4,0.900000,0.620000,0.700000,0.330000,0.250000,0.100000,0.000000,0.000000,False,4,3
871,2018-01-01,SSD,2540,SSD,3,0.890000,0.670000,0.670000,0.290000,0.060000,0.090000,0.000000,0.000000,False,3,3
871,2019-01-01,SSD,2541,SSD,3,0.900000,0.710000,0.600000,0.300000,0.150000,0.100000,0.000000,0.000000,False,3,3
875,2017-01-01,SSD,2543,SSD,1,0.100000,0.690000,0.050000,0.340000,0.000000,0.100000,0.000000,0.000000,False,1,3
876,2017-01-01,SSD,2544,SSD,1,0.100000,0.690000,0.050000,0.340000,0.000000,0.100000,0.000000,0.000000,False,1,3
877,2019-01-01,SSD,2545,SSD,3,0.700000,0.710000,0.550000,0.290000,0.100000,0.060000,0.000000,0.000000,False,3,3
877,2021-03-01,SSD,2546,SSD,2,0.550000,0.600000,0.150000,0.280000,0.050000,0.070000,0.000000,0.000000,False,2,3
878,2019-01-01,SSD,2547,SSD,3,0.700000,0.710000,0.550000,0.290000,0.100000,0.060000,0.000000,0.000000,False,3,3
878,2021-03-01,SSD,2548,SSD,2,0.550000,0.600000,0.150000,0.280000,0.050000,0.070000,0.000000,0.000000,False,2,3
882,2017-01-01,SSD,2549,SSD,2,0.600000,0.590000,0.050000,0.310000,0.000000,0.100000,0.000000,0.000000,False,2,3
882,2017-05-01,SSD,2550,SSD,3,0.890000,0.620000,0.590000,0.370000,0.140000,0.110000,0.000000,0.000000,False,3,3
882,2018-01-01,SSD,2551,SSD,3,0.900000,0.660000,0.740000,0.320000,0.120000,0.100000,0.000000,0.000000,False,3,3
882,2019-08-01,SSD,2552,SSD,3,0.950000,0.670000,0.700000,0.350000,0.150000,0.100000,0.000000,0.000000,False,3,3
882,2022-02-01,SSD,2553,SSD,4,0.900000,0.690000,0.650000,0.300000,0.300000,0.090000,0.000000,0.000000,False,4,3
883,2017-01-01,SSD,2554,SSD,2,0.600000,0.590000,0.050000,0.310000,0.000000,0.100000,0.000000,0.000000,False,2,3
883,2017-05-01,SSD,2555,SSD,3,0.890000,0.620000,0.590000,0.370000,0.140000,0.110000,0.000000,0.000000,False,3,3
883,2018-01-01,SSD,2556,SSD,3,0.900000,0.660000,0.740000,0.320000,0.120000,0.100000,0.000000,0.000000,False,3,3
883,2019-08-01,SSD,2557,SSD,3,0.950000,0.660000,0.700000,0.350000,0.150000,0.100000,0.000000,0.000000,False,3,3
883,2022-02-01,SSD,2558,SSD,4,0.900000,0.690000,0.650000,0.300000,0.300000,0.090000,0.000000,0.000000,False,4,3
893,2018-09-01,SSD,2566,SSD,4,0.850000,0.710000,0.550000,0.310000,0.200000,0.080000,0.000000,0.000000,False,4,3
893,2019-01-01,SSD,2567,SSD,4,0.750000,0.740000,0.600000,0.310000,0.200000,0.070000,0.000000,0.000000,False,4,3
893,2020-06-01,SSD,2568,SSD,2,0.450000,0.610000,0.150000,0.240000,0.050000,0.070000,0.000000,0.000000,False,2,3
893,2020-10-01,SSD,2569,SSD,3,0.800000,0.650000,0.400000,0.270000,0.150000,0.070000,0.000000,0.000000,False,3,3
893,2021-03-01,SSD,2570,SSD,2,0.550000,0.570000,0.150000,0.250000,0.050000,0.070000,0.000000,0.000000,False,2,3
893,2022-02-01,SSD,2571,SSD,3,0.800000,0.730000,0.500000,0.310000,0.150000,0.090000,0.000000,0.000000,False,3,3
893,2022-10-01,SSD,2572,SSD,3,0.900000,0.720000,0.550000,0.340000,0.150000,0.080000,0.000000,0.000000,False,3,3
894,2018-09-01,SSD,2573,SSD,4,0.850000,0.710000,0.550000,0.330000,0.200000,0.080000,0.000000,0.000000,False,4,3
894,2019-01-01,SSD,2574,SSD,4,0.750000,0.740000,0.600000,0.330000,0.200000,0.070000,0.000000,0.000000,False,4,3
894,2020-06-01,SSD,2575,SSD,2,0.450000,0.620000,0.150000,0.260000,0.050000,0.070000,0.000000,0.000000,False,2,3
894,2020-10-01,SSD,2576,SSD,3,0.800000,0.650000,0.400000,0.300000,0.150000,0.070000,0.000000,0.000000,False,3,3
894,2021-03-01,SSD,2577,SSD,2,0.550000,0.570000,0.150000,0.270000,0.050000,0.070000,0.000000,0.000000,False,2,3
894,2022-02-01,SSD,2578,SSD,3,0.800000,0.730000,0.500000,0.320000,0.150000,0.090000,0.000000,0.000000,False,3,3
894,2022-10-01,SSD,2579,SSD,3,0.900000,0.720000,0.550000,0.350000,0.150000,0.080000,0.000000,0.000000,False,3,3
896,2017-05-01,SSD,2582,SSD,2,0.530000,0.650000,0.140000,0.370000,0.040000,0.110000,0.000000,0.000000,False,2,3
896,2019-06-01,SSD,2583,SSD,3,0.550000,0.630000,0.250000,0.340000,0.090000,0.090000,0.000000,0.000000,False,3,3
896,2022-04-01,SSD,2584,SSD,4,0.750000,0.600000,0.450000,0.260000,0.200000,0.080000,0.000000,0.000000,False,4,3
897,2017-05-01,SSD,2585,SSD,2,0.530000,0.640000,0.140000,0.370000,0.040000,0.110000,0.000000,0.000000,False,2,3
897,2019-06-01,SSD,2586,SSD,3,0.550000,0.630000,0.250000,0.340000,0.090000,0.090000,0.000000,0.000000,False,3,3
897,2022-04-01,SSD,2587,SSD,4,0.750000,0.600000,0.450000,0.260000,0.200000,0.080000,0.000000,0.000000,False,4,3
898,2022-03-01,SSD,2588,SSD,3,0.700000,0.690000,0.350000,0.330000,0.050000,0.060000,0.000000,0.000000,False,3,3
898,2022-06-01,SSD,2589,SSD,2,0.600000,0.670000,0.150000,0.340000,0.000000,0.070000,0.000000,0.000000,False,2,3
898,2022-10-01,SSD,2590,SSD,3,0.800000,0.680000,0.500000,0.300000,0.150000,0.070000,0.000000,0.000000,False,3,3
899,2022-03-01,SSD,2591,SSD,3,0.700000,0.690000,0.350000,0.330000,0.050000,0.060000,0.000000,0.000000,False,3,3
899,2022-06-01,SSD,2592,SSD,2,0.600000,0.670000,0.150000,0.340000,0.000000,0.070000,0.000000,0.000000,False,2,3
899,2022-10-01,SSD,2593,SSD,3,0.800000,0.680000,0.500000,0.300000,0.150000,0.070000,0.000000,0.000000,False,3,3
901,2017-05-01,SSD,2595,SSD,3,0.780000,0.650000,0.380000,0.390000,0.090000,0.120000,0.000000,0.000000,False,3,3
901,2022-02-01,SSD,2596,SSD,4,0.800000,0.630000,0.500000,0.270000,0.200000,0.100000,0.000000,0.000000,False,4,3
902,2017-05-01,SSD,2597,SSD,3,0.780000,0.650000,0.380000,0.400000,0.090000,0.120000,0.000000,0.000000,False,3,3
902,2022-02-01,SSD,2598,SSD,4,0.800000,0.630000,0.500000,0.280000,0.200000,0.100000,0.000000,0.000000,False,4,3
904,2017-05-01,SSD,2602,SSD,4,0.950000,0.640000,0.750000,0.320000,0.200000,0.090000,0.000000,0.000000,False,4,3
904,2018-09-01,SSD,2603,SSD,4,0.950000,0.650000,0.850000,0.410000,0.450000,0.100000,0.000000,0.000000,False,4,3
904,2019-01-01,SSD,2604,SSD,4,0.950000,0.670000,0.650000,0.280000,0.250000,0.080000,0.050000,0.000000,False,4,3
904,2020-10-01,SSD,2605,SSD,5,0.950000,0.680000,0.850000,0.270000,0.600000,0.060000,0.200000,0.000000,False,5,3
905,2017-05-01,SSD,2606,SSD,4,0.950000,0.650000,0.750000,0.320000,0.200000,0.090000,0.000000,0.000000,False,4,3
905,2018-09-01,SSD,2607,SSD,4,0.950000,0.650000,0.850000,0.410000,0.450000,0.100000,0.000000,0.000000,False,4,3
905,2019-01-01,SSD,2608,SSD,4,0.950000,0.670000,0.650000,0.280000,0.250000,0.080000,0.050000,0.000000,False,4,3
905,2020-10-01,SSD,2609,SSD,5,0.950000,0.680000,0.850000,0.270000,0.600000,0.060000,0.200000,0.000000,False,5,3
913,2017-05-01,SSD,2612,SSD,3,0.790000,0.740000,0.490000,0.320000,0.140000,0.100000,0.000000,0.000000,False,3,3
913,2018-10-01,SSD,2613,SSD,3,0.850000,0.710000,0.230000,0.390000,0.000000,0.090000,0.000000,0.000000,False,3,3
913,2019-08-01,SSD,2614,SSD,3,0.850000,0.790000,0.650000,0.400000,0.100000,0.090000,0.000000,0.000000,False,3,3
913,2022-02-01,SSD,2615,SSD,3,0.800000,0.740000,0.450000,0.320000,0.150000,0.090000,0.000000,0.000000,False,3,3
914,2017-05-01,SSD,2616,SSD,3,0.790000,0.740000,0.490000,0.330000,0.140000,0.100000,0.000000,0.000000,False,3,3
914,2018-10-01,SSD,2617,SSD,3,0.850000,0.710000,0.230000,0.410000,0.000000,0.090000,0.000000,0.000000,False,3,3
914,2019-08-01,SSD,2618,SSD,3,0.850000,0.790000,0.650000,0.420000,0.100000,0.090000,0.000000,0.000000,False,3,3
914,2022-02-01,SSD,2619,SSD,3,0.800000,0.740000,0.450000,0.330000,0.150000,0.090000,0.000000,0.000000,False,3,3
927,2017-01-01,SSD,2636,SSD,2,0.750000,0.610000,0.200000,0.270000,0.000000,0.080000,0.000000,0.000000,False,3,3
927,2018-01-01,SSD,2637,SSD,2,0.640000,0.670000,0.090000,0.340000,0.040000,0.070000,0.000000,0.000000,False,2,3
927,2019-01-01,SSD,2638,SSD,3,0.700000,0.690000,0.250000,0.280000,0.050000,0.060000,0.000000,0.000000,False,3,3
927,2020-10-01,SSD,2639,SSD,3,0.800000,0.610000,0.550000,0.290000,0.100000,0.070000,0.000000,0.000000,False,3,3
928,2017-01-01,SSD,2640,SSD,2,0.750000,0.610000,0.200000,0.270000,0.000000,0.080000,0.000000,0.000000,False,3,3
928,2018-01-01,SSD,2641,SSD,2,0.640000,0.670000,0.090000,0.340000,0.040000,0.070000,0.000000,0.000000,False,2,3
928,2019-01-01,SSD,2642,SSD,3,0.700000,0.690000,0.250000,0.280000,0.050000,0.060000,0.000000,0.000000,False,3,3
928,2020-10-01,SSD,2643,SSD,3,0.800000,0.610000,0.550000,0.290000,0.100000,0.070000,0.000000,0.000000,False,3,3
930,2019-08-01,SSD,2646,SSD,4,0.850000,0.670000,0.650000,0.350000,0.300000,0.100000,0.000000,0.000000,False,4,3
930,2020-01-01,SSD,2647,SSD,4,0.800000,0.570000,0.550000,0.250000,0.200000,0.090000,0.000000,0.000000,False,4,3
930,2020-10-01,SSD,2648,SSD,4,0.850000,0.630000,0.650000,0.300000,0.200000,0.080000,0.000000,0.000000,False,4,3
930,2022-02-01,SSD,2649,SSD,4,0.900000,0.690000,0.700000,0.260000,0.300000,0.080000,0.000000,0.000000,False,4,3
930,2022-10-01,SSD,2650,SSD,3,0.850000,0.670000,0.600000,0.300000,0.100000,0.100000,0.000000,0.000000,False,3,3
931,2017-05-01,SSD,2651,SSD,3,0.790000,0.640000,0.250000,0.370000,0.100000,0.110000,0.000000,0.000000,False,3,3
931,2019-08-01,SSD,2652,SSD,4,0.850000,0.670000,0.650000,0.350000,0.300000,0.100000,0.000000,0.000000,False,4,3
931,2020-01-01,SSD,2653,SSD,4,0.800000,0.560000,0.550000,0.250000,0.200000,0.090000,0.000000,0.000000,False,4,3
931,2020-10-01,SSD,2654,SSD,4,0.850000,0.630000,0.650000,0.300000,0.200000,0.080000,0.000000,0.000000,False,4,3
931,2022-02-01,SSD,2655,SSD,4,0.900000,0.690000,0.700000,0.260000,0.300000,0.080000,0.000000,0.000000,False,4,3
931,2022-10-01,SSD,2656,SSD,3,0.850000,0.670000,0.600000,0.300000,0.100000,0.100000,0.000000,0.000000,False,3,3
971,2018-09-01,SSD,2749,SSD,3,0.800000,0.610000,0.550000,0.320000,0.100000,0.100000,0.000000,0.000000,False,3,3
971,2019-01-01,SSD,2750,SSD,4,0.900000,0.690000,0.650000,0.290000,0.200000,0.070000,0.000000,0.000000,False,4,3
971,2022-03-01,SSD,2751,SSD,3,0.800000,0.680000,0.500000,0.320000,0.100000,0.080000,0.000000,0.000000,False,3,3
971,2022-06-01,SSD,2752,SSD,3,0.750000,0.700000,0.350000,0.350000,0.050000,0.080000,0.000000,0.000000,False,3,3
972,2018-09-01,SSD,2753,SSD,3,0.800000,0.610000,0.550000,0.320000,0.100000,0.100000,0.000000,0.000000,False,3,3
972,2019-01-01,SSD,2754,SSD,4,0.900000,0.690000,0.650000,0.280000,0.200000,0.070000,0.000000,0.000000,False,4,3
972,2022-03-01,SSD,2755,SSD,3,0.800000,0.680000,0.500000,0.320000,0.100000,0.080000,0.000000,0.000000,False,3,3
972,2022-06-01,SSD,2756,SSD,3,0.750000,0.700000,0.350000,0.350000,0.050000,0.080000,0.000000,0.000000,False,3,3
759,2019-06-01,SWZ,2269,SWZ,2,0.600000,0.550000,0.150000,0.270000,0.050000,0.050000,0.000000,0.000000,False,2,3
759,2020-09-01,SWZ,2270,SWZ,2,0.400000,0.550000,0.150000,0.180000,0.000000,0.040000,0.000000,0.000000,False,2,2
759,2021-01-01,SWZ,2271,SWZ,3,0.700000,0.630000,0.250000,0.290000,0.050000,0.050000,0.000000,0.000000,False,3,3
759,2021-07-01,SWZ,2272,SWZ,2,0.500000,0.530000,0.150000,0.230000,0.000000,0.040000,0.000000,0.000000,False,2,3
759,2021-11-01,SWZ,2273,SWZ,2,0.550000,0.410000,0.050000,0.240000,0.000000,0.050000,0.000000,0.000000,False,2,3
759,2022-06-01,SWZ,2274,SWZ,2,0.450000,0.570000,0.100000,0.230000,0.000000,0.060000,0.000000,0.000000,False,2,3
759,2022-10-01,SWZ,2275,SWZ,2,0.600000,0.590000,0.100000,0.230000,0.000000,0.050000,0.000000,0.000000,False,2,3
761,2019-06-01,SWZ,2280,SWZ,2,0.600000,0.560000,0.150000,0.270000,0.050000,0.050000,0.000000,0.000000,False,2,3
761,2020-09-01,SWZ,2281,SWZ,2,0.400000,0.550000,0.150000,0.180000,0.000000,0.040000,0.000000,0.000000,False,2,2
761,2021-01-01,SWZ,2282,SWZ,3,0.700000,0.630000,0.250000,0.300000,0.050000,0.050000,0.000000,0.000000,False,3,3
761,2021-07-01,SWZ,2283,SWZ,2,0.500000,0.530000,0.150000,0.230000,0.000000,0.040000,0.000000,0.000000,False,2,3
761,2021-11-01,SWZ,2284,SWZ,2,0.550000,0.410000,0.050000,0.240000,0.000000,0.050000,0.000000,0.000000,False,2,3
761,2022-06-01,SWZ,2285,SWZ,2,0.450000,0.580000,0.100000,0.230000,0.000000,0.060000,0.000000,0.000000,False,2,3
761,2022-10-01,SWZ,2286,SWZ,2,0.600000,0.590000,0.100000,0.210000,0.000000,0.050000,0.000000,0.000000,False,2,3
770,2022-06-01,SWZ,2299,SWZ,2,0.400000,0.580000,0.100000,0.200000,0.000000,0.050000,0.000000,0.000000,False,2,3
770,2022-10-01,SWZ,2300,SWZ,2,0.600000,0.570000,0.100000,0.210000,0.000000,0.050000,0.000000,0.000000,False,2,3
773,2022-06-01,SWZ,2307,SWZ,2,0.400000,0.580000,0.100000,0.200000,0.000000,0.050000,0.000000,0.000000,False,2,3
773,2022-10-01,SWZ,2308,SWZ,2,0.600000,0.570000,0.100000,0.200000,0.000000,0.050000,0.000000,0.000000,False,2,3
776,2018-06-01,SWZ,2310,SWZ,2,0.380000,0.420000,0.140000,0.160000,0.020000,0.060000,0.000000,0.000000,False,2,2
776,2020-06-01,SWZ,2311,SWZ,3,0.750000,0.610000,0.450000,0.280000,0.050000,0.050000,0.000000,0.000000,False,3,3
777,2018-06-01,SWZ,2312,SWZ,2,0.380000,0.430000,0.140000,0.150000,0.020000,0.060000,0.000000,0.000000,False,2,2
777,2020-06-01,SWZ,2313,SWZ,3,0.750000,0.620000,0.450000,0.260000,0.050000,0.050000,0.000000,0.000000,False,3,3
794,2021-11-01,SWZ,2380,SWZ,2,0.550000,0.350000,0.050000,0.190000,0.000000,0.060000,0.000000,0.000000,False,2,2
794,2022-10-01,SWZ,2381,SWZ,2,0.600000,0.580000,0.100000,0.270000,0.000000,0.050000,0.000000,0.000000,False,2,3
798,2021-07-01,SWZ,2391,SWZ,3,0.550000,0.540000,0.350000,0.230000,0.050000,0.050000,0.000000,0.000000,False,3,3
798,2021-11-01,SWZ,2392,SWZ,2,0.550000,0.390000,0.050000,0.260000,0.000000,0.050000,0.000000,0.000000,False,2,3
798,2022-06-01,SWZ,2393,SWZ,3,0.550000,0.670000,0.250000,0.320000,0.050000,0.050000,0.000000,0.000000,False,3,3
799,2021-07-01,SWZ,2394,SWZ,3,0.550000,0.550000,0.350000,0.230000,0.050000,0.050000,0.000000,0.000000,False,3,3
799,2021-11-01,SWZ,2395,SWZ,2,0.550000,0.390000,0.050000,0.270000,0.000000,0.050000,0.000000,0.000000,False,2,3
799,2022-06-01,SWZ,2396,SWZ,3,0.550000,0.670000,0.250000,0.330000,0.050000,0.050000,0.000000,0.000000,False,3,3
1873,2017-08-01,TJK,5536,TJK,3,0.690000,0.700000,0.350000,0.310000,0.050000,0.110000,0.000000,0.000000,False,3,3
1873,2017-11-01,TJK,5537,TJK,4,0.950000,0.870000,0.450000,0.480000,0.300000,0.180000,0.000000,0.000000,False,4,3
1873,2018-08-01,TJK,5538,TJK,3,0.900000,0.810000,0.600000,0.380000,0.180000,0.110000,0.000000,0.000000,False,3,3
1873,2019-08-01,TJK,5539,TJK,3,0.800000,0.710000,0.600000,0.380000,0.150000,0.080000,0.000000,0.000000,False,3,3
1873,2020-04-01,TJK,5540,TJK,4,0.850000,0.750000,0.550000,0.370000,0.300000,0.120000,0.000000,0.000000,False,4,3
1873,2020-08-01,TJK,5541,TJK,4,0.800000,0.750000,0.450000,0.350000,0.200000,0.090000,0.000000,0.000000,False,4,3
1873,2021-03-01,TJK,5542,TJK,4,0.900000,0.750000,0.650000,0.330000,0.300000,0.080000,0.000000,0.000000,False,4,3
1873,2021-09-01,TJK,5543,TJK,4,0.900000,0.810000,0.550000,0.400000,0.250000,0.130000,0.000000,0.000000,False,4,3
1873,2022-03-01,TJK,5544,TJK,4,0.900000,0.780000,0.550000,0.370000,0.250000,0.110000,0.000000,0.000000,False,4,3
1873,2022-09-01,TJK,5545,TJK,4,0.850000,0.790000,0.500000,0.380000,0.200000,0.120000,0.000000,0.000000,False,4,3
1057,2022-07-01,TZA,2846,TZA,2,0.350000,0.490000,0.050000,0.190000,0.000000,0.060000,0.000000,0.000000,False,2,2
737,2018-03-01,UGA,2233,UGA,2,0.550000,0.470000,0.150000,0.130000,0.000000,0.050000,0.000000,0.000000,False,2,2
737,2020-07-01,UGA,2234,UGA,3,0.800000,0.510000,0.350000,0.210000,0.100000,0.040000,0.000000,0.000000,False,3,3
738,2018-03-01,UGA,2235,UGA,2,0.550000,0.470000,0.150000,0.130000,0.000000,0.050000,0.000000,0.000000,False,2,2
738,2020-07-01,UGA,2236,UGA,3,0.800000,0.510000,0.350000,0.210000,0.100000,0.040000,0.000000,0.000000,False,3,3
752,2020-07-01,UGA,2241,UGA,3,0.700000,0.670000,0.300000,0.250000,0.050000,0.050000,0.000000,0.000000,False,3,3
752,2022-10-01,UGA,2242,UGA,3,0.800000,0.760000,0.300000,0.280000,0.050000,0.060000,0.000000,0.000000,False,3,3
753,2020-07-01,UGA,2243,UGA,3,0.700000,0.670000,0.300000,0.250000,0.050000,0.050000,0.000000,0.000000,False,3,3
753,2022-10-01,UGA,2244,UGA,3,0.800000,0.760000,0.300000,0.280000,0.050000,0.060000,0.000000,0.000000,False,3,3
754,2017-01-01,UGA,2245,UGA,2,0.370000,0.410000,0.000000,0.150000,0.000000,0.050000,0.000000,0.000000,False,2,2
754,2018-01-01,UGA,2246,UGA,3,0.950000,0.850000,0.600000,0.260000,0.050000,0.050000,0.000000,0.000000,False,3,3
754,2018-08-01,UGA,2247,UGA,3,0.920000,0.690000,0.530000,0.200000,0.080000,0.060000,0.000000,0.000000,False,3,3
754,2019-07-01,UGA,2248,UGA,3,0.750000,0.680000,0.500000,0.310000,0.100000,0.060000,0.000000,0.000000,False,3,3
754,2020-06-01,UGA,2249,UGA,3,0.600000,0.670000,0.200000,0.250000,0.050000,0.070000,0.000000,0.000000,False,3,3
754,2020-07-01,UGA,2250,UGA,3,0.700000,0.690000,0.300000,0.290000,0.050000,0.060000,0.000000,0.000000,False,3,3
754,2021-09-01,UGA,2251,UGA,3,0.600000,0.660000,0.200000,0.270000,0.050000,0.050000,0.000000,0.000000,False,3,3
755,2017-01-01,UGA,2252,UGA,2,0.370000,0.410000,0.000000,0.150000,0.000000,0.050000,0.000000,0.000000,False,2,2
755,2018-01-01,UGA,2253,UGA,3,0.950000,0.850000,0.600000,0.260000,0.050000,0.050000,0.000000,0.000000,False,3,3
755,2018-08-01,UGA,2254,UGA,3,0.920000,0.690000,0.530000,0.200000,0.080000,0.060000,0.000000,0.000000,False,3,3
755,2019-07-01,UGA,2255,UGA,3,0.750000,0.680000,0.500000,0.310000,0.100000,0.060000,0.000000,0.000000,False,3,3
755,2020-06-01,UGA,2256,UGA,3,0.600000,0.670000,0.200000,0.250000,0.050000,0.070000,0.000000,0.000000,False,3,3
755,2020-07-01,UGA,2257,UGA,3,0.700000,0.690000,0.300000,0.290000,0.050000,0.060000,0.000000,0.000000,False,3,3
755,2021-09-01,UGA,2258,UGA,3,0.600000,0.660000,0.200000,0.270000,0.050000,0.050000,0.000000,0.000000,False,3,3
765,2021-09-01,UGA,2291,UGA,3,0.600000,0.720000,0.200000,0.300000,0.050000,0.060000,0.000000,0.000000,False,3,3
766,2021-09-01,UGA,2292,UGA,3,0.600000,0.720000,0.200000,0.300000,0.050000,0.060000,0.000000,0.000000,False,3,3
787,2019-07-01,UGA,2372,UGA,3,0.750000,0.620000,0.500000,0.280000,0.100000,0.050000,0.000000,0.000000,False,3,3
795,2017-11-01,UGA,2382,UGA,1,0.180000,0.230000,0.050000,0.150000,0.000000,0.050000,0.000000,0.000000,False,1,2
796,2019-01-01,UGA,2383,UGA,3,0.900000,0.780000,0.500000,0.460000,0.050000,0.080000,0.000000,0.000000,False,3,3
796,2021-02-01,UGA,2384,UGA,3,0.700000,0.710000,0.300000,0.310000,0.050000,0.060000,0.000000,0.000000,False,3,3
796,2021-09-01,UGA,2385,UGA,3,0.600000,0.680000,0.200000,0.300000,0.050000,0.060000,0.000000,0.000000,False,3,3
796,2022-06-01,UGA,2386,UGA,3,0.600000,0.660000,0.350000,0.260000,0.050000,0.080000,0.000000,0.000000,False,3,3
797,2019-01-01,UGA,2387,UGA,3,0.900000,0.780000,0.500000,0.460000,0.050000,0.080000,0.000000,0.000000,False,3,3
797,2021-02-01,UGA,2388,UGA,3,0.700000,0.710000,0.300000,0.310000,0.050000,0.060000,0.000000,0.000000,False,3,3
797,2021-09-01,UGA,2389,UGA,3,0.600000,0.680000,0.200000,0.300000,0.050000,0.060000,0.000000,0.000000,False,3,3
797,2022-06-01,UGA,2390,UGA,3,0.600000,0.660000,0.350000,0.260000,0.050000,0.080000,0.000000,0.000000,False,3,3
837,2020-06-01,UGA,2469,UGA,3,0.650000,0.530000,0.200000,0.180000,0.050000,0.050000,0.000000,0.000000,False,3,2
837,2022-06-01,UGA,2470,UGA,3,0.700000,0.580000,0.250000,0.190000,0.050000,0.050000,0.000000,0.000000,False,3,2
846,2018-10-01,UGA,2503,UGA,2,0.350000,0.500000,0.050000,0.150000,0.000000,0.050000,0.000000,0.000000,False,2,2
846,2020-06-01,UGA,2504,UGA,3,0.650000,0.530000,0.200000,0.170000,0.050000,0.050000,0.000000,0.000000,False,3,2
848,2018-10-01,UGA,2507,UGA,2,0.350000,0.490000,0.050000,0.150000,0.000000,0.050000,0.000000,0.000000,False,2,2
851,2018-10-01,UGA,2510,UGA,2,0.350000,0.520000,0.050000,0.150000,0.000000,0.050000,0.000000,0.000000,False,2,2
851,2020-06-01,UGA,2511,UGA,2,0.550000,0.530000,0.150000,0.170000,0.050000,0.050000,0.000000,0.000000,False,2,2
852,2022-06-01,UGA,2512,UGA,3,0.700000,0.560000,0.250000,0.180000,0.050000,0.050000,0.000000,0.000000,False,3,2
857,2020-06-01,UGA,2520,UGA,3,0.700000,0.670000,0.400000,0.280000,0.050000,0.060000,0.000000,0.000000,False,3,3
857,2020-10-01,UGA,2521,UGA,3,0.700000,0.730000,0.250000,0.370000,0.050000,0.070000,0.000000,0.000000,False,3,3
857,2022-03-01,UGA,2522,UGA,3,0.700000,0.710000,0.350000,0.370000,0.050000,0.070000,0.000000,0.000000,False,3,3
858,2020-06-01,UGA,2523,UGA,3,0.700000,0.670000,0.400000,0.280000,0.050000,0.060000,0.000000,0.000000,False,3,3
858,2020-10-01,UGA,2524,UGA,3,0.700000,0.730000,0.250000,0.370000,0.050000,0.070000,0.000000,0.000000,False,3,3
858,2022-03-01,UGA,2525,UGA,3,0.700000,0.710000,0.350000,0.360000,0.050000,0.070000,0.000000,0.000000,False,3,3
906,2018-10-01,UGA,2610,UGA,2,0.650000,0.520000,0.120000,0.160000,0.000000,0.050000,0.000000,0.000000,False,2,2
906,2021-07-01,UGA,2611,UGA,1,0.150000,0.590000,0.050000,0.210000,0.000000,0.050000,0.000000,0.000000,False,1,3
916,2022-03-01,UGA,2622,UGA,3,0.800000,0.680000,0.500000,0.230000,0.100000,0.050000,0.000000,0.000000,False,3,3
917,2020-06-01,UGA,2623,UGA,3,0.600000,0.620000,0.250000,0.250000,0.050000,0.060000,0.000000,0.000000,False,3,3
917,2022-02-01,UGA,2624,UGA,3,0.800000,0.670000,0.550000,0.290000,0.150000,0.060000,0.000000,0.000000,False,3,3
917,2022-06-01,UGA,2625,UGA,2,0.550000,0.680000,0.150000,0.240000,0.000000,0.060000,0.000000,0.000000,False,2,3
918,2020-06-01,UGA,2626,UGA,3,0.600000,0.640000,0.250000,0.260000,0.050000,0.060000,0.000000,0.000000,False,3,3
918,2022-02-01,UGA,2627,UGA,3,0.800000,0.690000,0.550000,0.300000,0.150000,0.060000,0.000000,0.000000,False,3,3
918,2022-06-01,UGA,2628,UGA,2,0.550000,0.660000,0.150000,0.270000,0.000000,0.060000,0.000000,0.000000,False,2,3
919,2022-03-01,UGA,2629,UGA,3,0.800000,0.710000,0.500000,0.210000,0.100000,0.050000,0.000000,0.000000,False,3,3
929,2020-06-01,UGA,2644,UGA,2,0.450000,0.640000,0.150000,0.260000,0.050000,0.060000,0.000000,0.000000,False,2,3
929,2022-10-01,UGA,2645,UGA,3,0.800000,0.750000,0.500000,0.320000,0.150000,0.060000,0.000000,0.000000,False,3,3
937,2017-11-01,UGA,2664,UGA,2,0.450000,0.380000,0.100000,0.180000,0.000000,0.040000,0.000000,0.000000,False,2,2
937,2019-01-01,UGA,2665,UGA,3,0.700000,0.720000,0.550000,0.290000,0.100000,0.050000,0.000000,0.000000,False,3,3
937,2019-07-01,UGA,2666,UGA,3,0.800000,0.670000,0.350000,0.270000,0.100000,0.040000,0.000000,0.000000,False,3,3
937,2020-01-01,UGA,2667,UGA,2,0.500000,0.690000,0.150000,0.300000,0.000000,0.050000,0.000000,0.000000,False,2,3
937,2020-02-01,UGA,2668,UGA,2,0.500000,0.630000,0.150000,0.330000,0.050000,0.050000,0.000000,0.000000,False,2,3
937,2020-08-01,UGA,2669,UGA,2,0.700000,0.640000,0.100000,0.330000,0.000000,0.050000,0.000000,0.000000,False,2,3
937,2021-02-01,UGA,2670,UGA,3,0.600000,0.620000,0.200000,0.250000,0.050000,0.050000,0.000000,0.000000,False,3,3
937,2021-03-01,UGA,2671,UGA,3,0.750000,0.660000,0.450000,0.220000,0.100000,0.050000,0.000000,0.000000,False,3,3
937,2022-02-01,UGA,2672,UGA,3,0.800000,0.670000,0.550000,0.340000,0.150000,0.060000,0.000000,0.000000,False,3,3
937,2022-03-01,UGA,2673,UGA,3,0.800000,0.710000,0.500000,0.300000,0.050000,0.050000,0.000000,0.000000,False,3,3
937,2022-06-01,UGA,2674,UGA,3,0.750000,0.640000,0.300000,0.280000,0.050000,0.060000,0.000000,0.000000,False,3,3
937,2022-07-01,UGA,2675,UGA,3,0.900000,0.690000,0.500000,0.290000,0.150000,0.050000,0.000000,0.000000,False,3,3
937,2022-10-01,UGA,2676,UGA,3,0.800000,0.680000,0.500000,0.300000,0.150000,0.050000,0.000000,0.000000,False,3,3
938,2017-11-01,UGA,2677,UGA,2,0.450000,0.400000,0.100000,0.220000,0.000000,0.040000,0.000000,0.000000,False,2,3
938,2019-01-01,UGA,2678,UGA,3,0.700000,0.700000,0.550000,0.310000,0.100000,0.050000,0.000000,0.000000,False,3,3
938,2019-07-01,UGA,2679,UGA,3,0.800000,0.660000,0.350000,0.280000,0.100000,0.040000,0.000000,0.000000,False,3,3
938,2020-01-01,UGA,2680,UGA,2,0.500000,0.660000,0.150000,0.310000,0.000000,0.050000,0.000000,0.000000,False,2,3
938,2020-02-01,UGA,2681,UGA,2,0.500000,0.620000,0.150000,0.320000,0.050000,0.050000,0.000000,0.000000,False,2,3
938,2020-08-01,UGA,2682,UGA,2,0.700000,0.640000,0.100000,0.310000,0.000000,0.050000,0.000000,0.000000,False,2,3
938,2021-02-01,UGA,2683,UGA,3,0.600000,0.610000,0.200000,0.240000,0.050000,0.050000,0.000000,0.000000,False,3,3
938,2021-03-01,UGA,2684,UGA,3,0.750000,0.650000,0.450000,0.220000,0.100000,0.050000,0.000000,0.000000,False,3,3
938,2022-02-01,UGA,2685,UGA,3,0.800000,0.650000,0.550000,0.340000,0.150000,0.060000,0.000000,0.000000,False,3,3
938,2022-03-01,UGA,2686,UGA,3,0.800000,0.700000,0.500000,0.300000,0.050000,0.050000,0.000000,0.000000,False,3,3
938,2022-06-01,UGA,2687,UGA,3,0.750000,0.630000,0.300000,0.290000,0.050000,0.060000,0.000000,0.000000,False,3,3
938,2022-07-01,UGA,2688,UGA,3,0.900000,0.680000,0.500000,0.300000,0.150000,0.050000,0.000000,0.000000,False,3,3
938,2022-10-01,UGA,2689,UGA,3,0.800000,0.670000,0.500000,0.300000,0.150000,0.050000,0.000000,0.000000,False,3,3
941,2017-11-01,UGA,2690,UGA,1,0.140000,0.320000,0.030000,0.100000,0.000000,0.030000,0.000000,0.000000,False,1,2
941,2021-07-01,UGA,2691,UGA,1,0.150000,0.640000,0.050000,0.240000,0.000000,0.050000,0.000000,0.000000,False,1,3
941,2022-03-01,UGA,2692,UGA,3,0.800000,0.530000,0.500000,0.270000,0.100000,0.040000,0.000000,0.000000,False,3,3
942,2017-11-01,UGA,2693,UGA,1,0.140000,0.320000,0.030000,0.100000,0.000000,0.030000,0.000000,0.000000,False,1,2
942,2021-07-01,UGA,2694,UGA,1,0.150000,0.640000,0.050000,0.240000,0.000000,0.050000,0.000000,0.000000,False,1,3
942,2022-03-01,UGA,2695,UGA,3,0.800000,0.530000,0.500000,0.270000,0.100000,0.040000,0.000000,0.000000,False,3,3
945,2021-02-01,UGA,2696,UGA,2,0.300000,0.590000,0.100000,0.230000,0.000000,0.050000,0.000000,0.000000,False,2,3
946,2021-02-01,UGA,2697,UGA,2,0.300000,0.590000,0.100000,0.230000,0.000000,0.050000,0.000000,0.000000,False,2,3
948,2020-06-01,UGA,2699,UGA,3,0.850000,0.640000,0.350000,0.310000,0.100000,0.060000,0.000000,0.000000,False,3,3
948,2021-02-01,UGA,2700,UGA,3,0.600000,0.610000,0.200000,0.280000,0.050000,0.070000,0.000000,0.000000,False,3,3
948,2022-02-01,UGA,2701,UGA,3,0.800000,0.730000,0.500000,0.370000,0.150000,0.070000,0.000000,0.000000,False,3,3
948,2022-03-01,UGA,2702,UGA,3,0.800000,0.730000,0.500000,0.350000,0.100000,0.060000,0.000000,0.000000,False,3,3
951,2019-07-01,UGA,2707,UGA,2,0.500000,0.600000,0.100000,0.240000,0.000000,0.060000,0.000000,0.000000,False,2,3
951,2020-02-01,UGA,2708,UGA,1,0.050000,0.600000,0.000000,0.260000,0.000000,0.050000,0.000000,0.000000,False,1,3
951,2021-02-01,UGA,2709,UGA,2,0.300000,0.580000,0.100000,0.190000,0.000000,0.060000,0.000000,0.000000,False,2,2
951,2021-07-01,UGA,2710,UGA,1,0.150000,0.560000,0.050000,0.260000,0.000000,0.060000,0.000000,0.000000,False,1,3
951,2022-02-01,UGA,2711,UGA,2,0.200000,0.610000,0.050000,0.250000,0.000000,0.050000,0.000000,0.000000,False,2,3
951,2022-03-01,UGA,2712,UGA,3,0.800000,0.690000,0.500000,0.260000,0.100000,0.050000,0.000000,0.000000,False,3,3
951,2022-06-01,UGA,2713,UGA,3,0.750000,0.610000,0.350000,0.250000,0.050000,0.050000,0.000000,0.000000,False,3,3
951,2022-07-01,UGA,2714,UGA,2,0.200000,0.670000,0.050000,0.240000,0.000000,0.050000,0.000000,0.000000,False,2,3
952,2019-07-01,UGA,2715,UGA,2,0.500000,0.610000,0.100000,0.240000,0.000000,0.060000,0.000000,0.000000,False,2,3
952,2020-02-01,UGA,2716,UGA,1,0.050000,0.600000,0.000000,0.260000,0.000000,0.050000,0.000000,0.000000,False,1,3
952,2021-02-01,UGA,2717,UGA,2,0.300000,0.580000,0.100000,0.190000,0.000000,0.060000,0.000000,0.000000,False,2,2
952,2021-07-01,UGA,2718,UGA,1,0.150000,0.580000,0.050000,0.260000,0.000000,0.060000,0.000000,0.000000,False,1,3
952,2022-02-01,UGA,2719,UGA,2,0.200000,0.610000,0.050000,0.250000,0.000000,0.050000,0.000000,0.000000,False,2,3
952,2022-03-01,UGA,2720,UGA,3,0.800000,0.690000,0.500000,0.260000,0.100000,0.050000,0.000000,0.000000,False,3,3
952,2022-06-01,UGA,2721,UGA,3,0.750000,0.610000,0.350000,0.250000,0.050000,0.050000,0.000000,0.000000,False,3,3
952,2022-07-01,UGA,2722,UGA,2,0.200000,0.670000,0.050000,0.240000,0.000000,0.050000,0.000000,0.000000,False,2,3
965,2021-03-01,UGA,2729,UGA,2,0.650000,0.620000,0.150000,0.260000,0.000000,0.050000,0.000000,0.000000,False,2,3
965,2022-02-01,UGA,2730,UGA,2,0.200000,0.560000,0.050000,0.210000,0.000000,0.050000,0.000000,0.000000,False,2,3
965,2022-06-01,UGA,2731,UGA,2,0.600000,0.600000,0.150000,0.200000,0.000000,0.050000,0.000000,0.000000,False,2,3
966,2021-03-01,UGA,2732,UGA,2,0.650000,0.580000,0.150000,0.230000,0.000000,0.050000,0.000000,0.000000,False,2,3
966,2022-02-01,UGA,2733,UGA,2,0.200000,0.490000,0.050000,0.190000,0.000000,0.040000,0.000000,0.000000,False,2,2
966,2022-06-01,UGA,2734,UGA,2,0.600000,0.550000,0.150000,0.180000,0.000000,0.040000,0.000000,0.000000,False,2,2
968,2021-02-01,UGA,2735,UGA,3,0.600000,0.550000,0.200000,0.190000,0.050000,0.060000,0.000000,0.000000,False,3,2
968,2021-03-01,UGA,2736,UGA,3,0.800000,0.640000,0.350000,0.210000,0.100000,0.050000,0.000000,0.000000,False,3,3
968,2021-07-01,UGA,2737,UGA,3,0.750000,0.600000,0.400000,0.250000,0.100000,0.050000,0.000000,0.000000,False,3,3
968,2022-02-01,UGA,2738,UGA,3,0.750000,0.650000,0.400000,0.240000,0.100000,0.050000,0.000000,0.000000,False,3,3
968,2022-03-01,UGA,2739,UGA,3,0.800000,0.700000,0.500000,0.240000,0.150000,0.050000,0.000000,0.000000,False,3,3
968,2022-06-01,UGA,2740,UGA,3,0.700000,0.660000,0.350000,0.220000,0.100000,0.050000,0.000000,0.000000,False,3,3
968,2022-07-01,UGA,2741,UGA,3,0.900000,0.650000,0.500000,0.270000,0.150000,0.050000,0.000000,0.000000,False,3,3
969,2021-02-01,UGA,2742,UGA,3,0.600000,0.590000,0.200000,0.190000,0.050000,0.060000,0.000000,0.000000,False,3,2
969,2021-03-01,UGA,2743,UGA,3,0.800000,0.630000,0.350000,0.190000,0.100000,0.050000,0.000000,0.000000,False,3,2
969,2021-07-01,UGA,2744,UGA,3,0.750000,0.580000,0.400000,0.270000,0.100000,0.050000,0.000000,0.000000,False,3,3
969,2022-02-01,UGA,2745,UGA,3,0.750000,0.650000,0.400000,0.240000,0.100000,0.050000,0.000000,0.000000,False,3,3
969,2022-03-01,UGA,2746,UGA,3,0.800000,0.700000,0.500000,0.230000,0.150000,0.050000,0.000000,0.000000,False,3,3
969,2022-06-01,UGA,2747,UGA,3,0.700000,0.660000,0.350000,0.220000,0.100000,0.050000,0.000000,0.000000,False,3,3
969,2022-07-01,UGA,2748,UGA,3,0.900000,0.630000,0.500000,0.270000,0.150000,0.050000,0.000000,0.000000,False,3,3
1232,2018-12-01,YEM,3278,YEM,3,0.840000,0.480000,0.540000,0.230000,0.170000,0.080000,0.000000,0.000000,False,3,3
1232,2019-07-01,YEM,3279,YEM,3,0.760000,0.560000,0.350000,0.240000,0.000000,0.070000,0.000000,0.000000,False,3,3
1232,2020-10-01,YEM,3280,YEM,3,0.800000,0.530000,0.500000,0.220000,0.100000,0.090000,0.000000,0.000000,False,3,3
1236,2018-12-01,YEM,3284,YEM,4,0.850000,0.520000,0.650000,0.220000,0.350000,0.080000,0.000000,0.000000,False,4,3
1236,2019-07-01,YEM,3285,YEM,3,0.800000,0.570000,0.500000,0.190000,0.100000,0.080000,0.000000,0.000000,False,3,2
1236,2020-10-01,YEM,3286,YEM,3,0.750000,0.490000,0.400000,0.200000,0.150000,0.060000,0.000000,0.000000,False,3,3
1237,2018-12-01,YEM,3287,YEM,4,0.900000,0.510000,0.700000,0.220000,0.420000,0.070000,0.020000,0.000000,False,4,3
1237,2019-07-01,YEM,3288,YEM,4,0.900000,0.570000,0.650000,0.190000,0.300000,0.070000,0.000000,0.000000,False,4,2
1237,2020-10-01,YEM,3289,YEM,4,0.900000,0.490000,0.600000,0.200000,0.200000,0.060000,0.000000,0.000000,False,4,3
1240,2018-12-01,YEM,3293,YEM,4,0.950000,0.590000,0.760000,0.220000,0.400000,0.150000,0.040000,0.000000,False,4,3
1240,2019-07-01,YEM,3294,YEM,4,0.900000,0.530000,0.600000,0.200000,0.200000,0.080000,0.000000,0.000000,False,4,3
1240,2020-10-01,YEM,3295,YEM,4,0.900000,0.490000,0.700000,0.210000,0.250000,0.090000,0.000000,0.000000,False,4,3
1242,2018-12-01,YEM,3304,YEM,3,0.900000,0.540000,0.670000,0.210000,0.170000,0.080000,0.000000,0.000000,False,3,3
1242,2019-07-01,YEM,3305,YEM,4,0.900000,0.560000,0.600000,0.200000,0.250000,0.080000,0.000000,0.000000,False,4,3
1248,2018-12-01,YEM,3307,YEM,4,0.890000,0.540000,0.740000,0.260000,0.350000,0.120000,0.040000,0.000000,False,4,3
1248,2019-07-01,YEM,3308,YEM,4,0.900000,0.570000,0.600000,0.200000,0.200000,0.080000,0.000000,0.000000,False,4,3
1248,2020-10-01,YEM,3309,YEM,4,0.900000,0.520000,0.700000,0.220000,0.250000,0.070000,0.000000,0.000000,False,4,3
1250,2018-12-01,YEM,3315,YEM,3,0.850000,0.520000,0.600000,0.210000,0.150000,0.080000,0.000000,0.000000,False,3,3
1251,2018-12-01,YEM,3316,YEM,4,0.890000,0.490000,0.740000,0.240000,0.470000,0.100000,0.080000,0.000000,False,4,3
1251,2019-07-01,YEM,3317,YEM,4,0.950000,0.500000,0.750000,0.180000,0.300000,0.080000,0.000000,0.000000,False,4,2
1251,2020-10-01,YEM,3318,YEM,3,0.900000,0.450000,0.650000,0.200000,0.150000,0.080000,0.000000,0.000000,False,3,3
1253,2018-12-01,YEM,3324,YEM,3,0.800000,0.520000,0.500000,0.200000,0.150000,0.070000,0.000000,0.000000,False,3,3
1259,2018-12-01,YEM,3343,YEM,3,0.850000,0.500000,0.600000,0.200000,0.170000,0.120000,0.000000,0.000000,False,3,3
1259,2019-07-01,YEM,3344,YEM,4,0.950000,0.480000,0.750000,0.160000,0.300000,0.080000,0.000000,0.000000,False,4,2
1259,2020-10-01,YEM,3345,YEM,3,0.900000,0.450000,0.650000,0.170000,0.150000,0.070000,0.000000,0.000000,False,3,2
1260,2018-12-01,YEM,3346,YEM,3,0.900000,0.480000,0.680000,0.240000,0.180000,0.080000,0.000000,0.000000,False,3,3
1260,2019-07-01,YEM,3347,YEM,3,0.800000,0.550000,0.500000,0.180000,0.150000,0.080000,0.000000,0.000000,False,3,2
1260,2020-10-01,YEM,3348,YEM,4,0.840000,0.490000,0.640000,0.210000,0.200000,0.080000,0.000000,0.000000,False,4,3
1261,2018-12-01,YEM,3349,YEM,4,0.940000,0.500000,0.790000,0.200000,0.470000,0.120000,0.000000,0.000000,False,4,3
1261,2019-07-01,YEM,3350,YEM,4,0.900000,0.530000,0.600000,0.190000,0.200000,0.080000,0.000000,0.000000,False,4,2
1262,2018-12-01,YEM,3351,YEM,4,0.900000,0.490000,0.750000,0.320000,0.500000,0.090000,0.070000,0.000000,False,4,3
1262,2019-07-01,YEM,3352,YEM,4,0.950000,0.520000,0.750000,0.160000,0.300000,0.080000,0.000000,0.000000,False,4,2
1262,2020-10-01,YEM,3353,YEM,3,0.900000,0.510000,0.650000,0.200000,0.150000,0.090000,0.000000,0.000000,False,3,3
1263,2018-12-01,YEM,3354,YEM,3,0.860000,0.540000,0.660000,0.220000,0.180000,0.070000,0.000000,0.000000,False,3,3
1263,2019-07-01,YEM,3355,YEM,3,0.620000,0.560000,0.410000,0.230000,0.000000,0.070000,0.000000,0.000000,False,3,3
1263,2020-10-01,YEM,3356,YEM,3,0.750000,0.490000,0.450000,0.230000,0.150000,0.060000,0.000000,0.000000,False,3,3
1265,2019-07-01,YEM,3357,YEM,3,0.800000,0.540000,0.500000,0.260000,0.150000,0.110000,0.000000,0.000000,False,3,3
1266,2019-07-01,YEM,3358,YEM,3,0.800000,0.540000,0.500000,0.260000,0.150000,0.120000,0.000000,0.000000,False,3,3
1268,2018-12-01,YEM,3359,YEM,4,0.900000,0.520000,0.750000,0.190000,0.400000,0.070000,0.050000,0.000000,False,4,2
1270,2018-12-01,YEM,3361,YEM,4,0.800000,0.520000,0.500000,0.220000,0.150000,0.070000,0.000000,0.000000,False,3,3
1272,2018-12-01,YEM,3362,YEM,4,0.900000,0.510000,0.750000,0.210000,0.350000,0.080000,0.050000,0.000000,False,4,3
1275,2018-12-01,YEM,3363,YEM,3,0.850000,0.500000,0.500000,0.190000,0.100000,0.070000,0.000000,0.000000,False,3,2
1279,2018-12-01,YEM,3376,YEM,3,0.850000,0.550000,0.550000,0.210000,0.170000,0.070000,0.000000,0.000000,False,3,3
1280,2018-12-01,YEM,3377,YEM,3,0.790000,0.570000,0.490000,0.220000,0.190000,0.070000,0.020000,0.000000,False,3,3
1280,2019-07-01,YEM,3378,YEM,3,0.700000,0.630000,0.350000,0.220000,0.000000,0.100000,0.000000,0.000000,False,3,3
1280,2020-02-01,YEM,3379,YEM,3,0.750000,0.460000,0.300000,0.180000,0.100000,0.070000,0.000000,0.000000,False,3,2
1280,2020-10-01,YEM,3380,YEM,3,0.800000,0.570000,0.400000,0.220000,0.150000,0.070000,0.000000,0.000000,False,3,3
1286,2018-12-01,YEM,3391,YEM,3,0.850000,0.490000,0.650000,0.280000,0.150000,0.100000,0.000000,0.000000,False,3,3
1286,2019-07-01,YEM,3392,YEM,4,0.950000,0.550000,0.750000,0.240000,0.300000,0.140000,0.000000,0.000000,False,4,3
1286,2020-10-01,YEM,3393,YEM,4,0.800000,0.530000,0.550000,0.240000,0.200000,0.080000,0.000000,0.000000,False,4,3
1289,2019-07-01,YEM,3395,YEM,4,0.850000,0.520000,0.600000,0.180000,0.200000,0.070000,0.000000,0.000000,False,4,2
1292,2019-07-01,YEM,3396,YEM,4,0.950000,0.520000,0.750000,0.220000,0.300000,0.140000,0.000000,0.000000,False,4,3
1294,2019-07-01,YEM,3409,YEM,3,0.790000,0.640000,0.390000,0.230000,0.090000,0.080000,0.000000,0.000000,False,3,3
1295,2018-12-01,YEM,3410,YEM,4,0.920000,0.520000,0.670000,0.250000,0.320000,0.100000,0.040000,0.000000,False,4,3
1295,2019-07-01,YEM,3411,YEM,3,0.800000,0.520000,0.500000,0.250000,0.150000,0.120000,0.000000,0.000000,False,3,3
1295,2020-10-01,YEM,3412,YEM,4,0.850000,0.550000,0.650000,0.200000,0.200000,0.090000,0.000000,0.000000,False,4,3
1298,2018-12-01,YEM,3413,YEM,3,0.850000,0.520000,0.600000,0.210000,0.300000,0.100000,0.000000,0.000000,False,4,3
1298,2019-07-01,YEM,3414,YEM,4,0.850000,0.570000,0.600000,0.230000,0.200000,0.070000,0.000000,0.000000,False,4,3
1298,2020-02-01,YEM,3415,YEM,3,0.700000,0.410000,0.200000,0.180000,0.050000,0.070000,0.000000,0.000000,False,3,2
1298,2020-10-01,YEM,3416,YEM,3,0.700000,0.510000,0.300000,0.210000,0.100000,0.060000,0.000000,0.000000,False,3,3
1298,2022-03-01,YEM,3417,YEM,2,0.600000,0.530000,0.150000,0.360000,0.000000,0.100000,0.000000,0.000000,False,2,3
1299,2018-12-01,YEM,3418,YEM,3,0.950000,0.480000,0.600000,0.250000,0.170000,0.080000,0.000000,0.000000,False,3,3
1299,2019-07-01,YEM,3419,YEM,3,0.800000,0.540000,0.500000,0.210000,0.150000,0.100000,0.000000,0.000000,False,3,3
1306,2018-12-01,YEM,3422,YEM,3,0.790000,0.520000,0.520000,0.190000,0.170000,0.070000,0.000000,0.000000,False,3,2
1314,2018-12-01,YEM,3447,YEM,3,0.850000,0.490000,0.600000,0.180000,0.150000,0.070000,0.000000,0.000000,False,3,2
1315,2018-12-01,YEM,3448,YEM,3,0.800000,0.500000,0.500000,0.170000,0.150000,0.070000,0.000000,0.000000,False,3,2
1315,2020-10-01,YEM,3449,YEM,4,0.850000,0.440000,0.600000,0.170000,0.250000,0.060000,0.000000,0.000000,False,4,2
1317,2018-12-01,YEM,3450,YEM,3,0.850000,0.560000,0.540000,0.260000,0.190000,0.090000,0.020000,0.000000,False,3,3
1317,2019-07-01,YEM,3451,YEM,3,0.700000,0.620000,0.350000,0.250000,0.000000,0.110000,0.000000,0.000000,False,3,3
1317,2020-02-01,YEM,3452,YEM,3,0.750000,0.440000,0.300000,0.160000,0.100000,0.070000,0.000000,0.000000,False,3,2
1319,2018-12-01,YEM,3453,YEM,3,0.750000,0.520000,0.450000,0.170000,0.100000,0.070000,0.000000,0.000000,False,3,2
1329,2018-12-01,YEM,3474,YEM,3,0.900000,0.510000,0.600000,0.170000,0.180000,0.080000,0.000000,0.000000,False,3,2
1329,2019-07-01,YEM,3475,YEM,4,0.850000,0.540000,0.600000,0.200000,0.200000,0.080000,0.000000,0.000000,False,4,3
1329,2020-10-01,YEM,3476,YEM,3,0.900000,0.510000,0.450000,0.190000,0.100000,0.070000,0.000000,0.000000,False,3,2
1329,2022-03-01,YEM,3477,YEM,2,0.600000,0.570000,0.150000,0.340000,0.000000,0.110000,0.000000,0.000000,False,2,3
1332,2019-07-01,YEM,3478,YEM,3,0.750000,0.560000,0.400000,0.180000,0.100000,0.090000,0.000000,0.000000,False,3,2
1332,2020-10-01,YEM,3479,YEM,4,0.900000,0.540000,0.700000,0.210000,0.200000,0.080000,0.000000,0.000000,False,4,3
1334,2018-12-01,YEM,3481,YEM,3,0.850000,0.480000,0.650000,0.230000,0.180000,0.090000,0.000000,0.000000,False,3,3
1334,2019-07-01,YEM,3482,YEM,4,0.950000,0.540000,0.750000,0.220000,0.300000,0.090000,0.000000,0.000000,False,4,3
1334,2020-10-01,YEM,3483,YEM,4,0.850000,0.520000,0.650000,0.230000,0.200000,0.080000,0.000000,0.000000,False,4,3
1336,2020-10-01,YEM,3484,YEM,4,0.850000,0.440000,0.600000,0.170000,0.200000,0.060000,0.000000,0.000000,False,4,2
1339,2019-07-01,YEM,3485,YEM,3,0.670000,0.640000,0.310000,0.210000,0.000000,0.070000,0.000000,0.000000,False,3,3
1340,2018-12-01,YEM,3486,YEM,3,0.890000,0.490000,0.640000,0.250000,0.170000,0.080000,0.000000,0.000000,False,3,3
1340,2019-07-01,YEM,3487,YEM,3,0.850000,0.510000,0.500000,0.250000,0.150000,0.110000,0.000000,0.000000,False,3,3
1340,2020-10-01,YEM,3488,YEM,4,0.850000,0.520000,0.600000,0.230000,0.200000,0.080000,0.000000,0.000000,False,4,3
1356,2018-12-01,YEM,3507,YEM,3,0.790000,0.520000,0.520000,0.210000,0.170000,0.070000,0.000000,0.000000,False,3,3
1358,2018-12-01,YEM,3519,YEM,3,0.800000,0.520000,0.550000,0.190000,0.150000,0.070000,0.000000,0.000000,False,3,2
1358,2020-02-01,YEM,3520,YEM,3,0.800000,0.430000,0.300000,0.140000,0.100000,0.060000,0.000000,0.000000,False,3,2
1358,2020-10-01,YEM,3521,YEM,3,0.800000,0.460000,0.400000,0.170000,0.150000,0.050000,0.000000,0.000000,False,3,2
1358,2022-03-01,YEM,3522,YEM,2,0.600000,0.620000,0.150000,0.330000,0.000000,0.070000,0.000000,0.000000,False,2,3
1360,2019-07-01,YEM,3523,YEM,3,0.900000,0.530000,0.500000,0.210000,0.150000,0.070000,0.000000,0.000000,False,3,3
1363,2018-12-01,YEM,3536,YEM,3,0.900000,0.510000,0.600000,0.190000,0.150000,0.070000,0.000000,0.000000,False,3,2
1365,2018-12-01,YEM,3537,YEM,3,0.850000,0.500000,0.600000,0.200000,0.170000,0.070000,0.000000,0.000000,False,3,3
1366,2019-07-01,YEM,3538,YEM,3,0.670000,0.480000,0.310000,0.170000,0.000000,0.060000,0.000000,0.000000,False,3,2
1366,2020-02-01,YEM,3539,YEM,3,0.800000,0.430000,0.450000,0.140000,0.150000,0.060000,0.000000,0.000000,False,3,2
1366,2022-03-01,YEM,3540,YEM,2,0.600000,0.600000,0.150000,0.350000,0.000000,0.060000,0.000000,0.000000,False,2,3
1371,2020-10-01,YEM,3569,YEM,3,0.850000,0.510000,0.500000,0.190000,0.150000,0.040000,0.000000,0.000000,False,3,2
1372,2019-07-01,YEM,3570,YEM,3,0.850000,0.530000,0.500000,0.230000,0.150000,0.090000,0.000000,0.000000,False,3,3
1373,2019-07-01,YEM,3571,YEM,3,0.850000,0.560000,0.500000,0.220000,0.150000,0.090000,0.000000,0.000000,False,3,3
1373,2020-10-01,YEM,3572,YEM,4,0.900000,0.560000,0.700000,0.250000,0.250000,0.080000,0.000000,0.000000,False,4,3
1374,2018-12-01,YEM,3573,YEM,3,0.760000,0.490000,0.480000,0.190000,0.180000,0.070000,0.000000,0.000000,False,3,2
1374,2019-07-01,YEM,3574,YEM,3,0.900000,0.530000,0.500000,0.200000,0.150000,0.080000,0.000000,0.000000,False,3,3
1374,2020-02-01,YEM,3575,YEM,2,0.600000,0.430000,0.150000,0.150000,0.000000,0.060000,0.000000,0.000000,False,2,2
1374,2020-10-01,YEM,3576,YEM,3,0.700000,0.460000,0.250000,0.180000,0.100000,0.050000,0.000000,0.000000,False,3,2
1374,2022-03-01,YEM,3577,YEM,2,0.600000,0.580000,0.150000,0.330000,0.000000,0.070000,0.000000,0.000000,False,2,3
1375,2022-03-01,YEM,3578,YEM,2,0.600000,0.600000,0.150000,0.410000,0.000000,0.130000,0.000000,0.000000,False,2,3
1375,2022-07-01,YEM,3579,YEM,3,0.400000,0.590000,0.200000,0.370000,0.050000,0.130000,0.000000,0.000000,False,3,3
1381,2018-12-01,YEM,3602,YEM,3,0.750000,0.500000,0.500000,0.190000,0.150000,0.070000,0.000000,0.000000,False,3,2
1381,2019-07-01,YEM,3603,YEM,3,0.900000,0.530000,0.500000,0.220000,0.150000,0.100000,0.000000,0.000000,False,3,3
1381,2020-02-01,YEM,3604,YEM,2,0.700000,0.400000,0.100000,0.160000,0.000000,0.060000,0.000000,0.000000,False,2,2
1381,2020-10-01,YEM,3605,YEM,3,0.750000,0.460000,0.250000,0.180000,0.100000,0.050000,0.000000,0.000000,False,3,2
1381,2022-03-01,YEM,3606,YEM,2,0.600000,0.580000,0.150000,0.330000,0.000000,0.070000,0.000000,0.000000,False,2,3
1382,2018-12-01,YEM,3607,YEM,4,0.900000,0.500000,0.650000,0.200000,0.300000,0.060000,0.020000,0.000000,False,4,3
1382,2019-07-01,YEM,3608,YEM,3,0.900000,0.520000,0.500000,0.220000,0.150000,0.100000,0.000000,0.000000,False,3,3
1382,2020-10-01,YEM,3609,YEM,3,0.850000,0.480000,0.400000,0.190000,0.100000,0.050000,0.000000,0.000000,False,3,2
1382,2022-03-01,YEM,3610,YEM,2,0.600000,0.600000,0.150000,0.350000,0.000000,0.060000,0.000000,0.000000,False,2,3
1384,2018-12-01,YEM,3615,YEM,3,0.900000,0.480000,0.550000,0.180000,0.170000,0.070000,0.000000,0.000000,False,3,2
1384,2019-07-01,YEM,3616,YEM,3,0.900000,0.530000,0.500000,0.190000,0.150000,0.080000,0.000000,0.000000,False,3,2
1384,2020-02-01,YEM,3617,YEM,2,0.600000,0.380000,0.150000,0.140000,0.050000,0.060000,0.000000,0.000000,False,2,2
1384,2020-10-01,YEM,3618,YEM,3,0.650000,0.440000,0.300000,0.170000,0.150000,0.050000,0.000000,0.000000,False,3,2
1384,2022-03-01,YEM,3619,YEM,2,0.600000,0.590000,0.150000,0.330000,0.000000,0.070000,0.000000,0.000000,False,2,3
1385,2019-07-01,YEM,3620,YEM,3,0.850000,0.510000,0.500000,0.220000,0.150000,0.140000,0.000000,0.000000,False,3,3
1386,2018-12-01,YEM,3621,YEM,3,0.800000,0.500000,0.400000,0.250000,0.150000,0.070000,0.000000,0.000000,False,3,3
1386,2020-10-01,YEM,3622,YEM,3,0.800000,0.490000,0.500000,0.210000,0.050000,0.070000,0.000000,0.000000,False,3,3
1389,2018-12-01,YEM,3626,YEM,3,0.790000,0.500000,0.520000,0.230000,0.170000,0.080000,0.000000,0.000000,False,3,3
1390,2022-03-01,YEM,3627,YEM,2,0.600000,0.630000,0.150000,0.330000,0.000000,0.070000,0.000000,0.000000,False,2,3
1391,2018-12-01,YEM,3628,YEM,4,0.900000,0.470000,0.700000,0.210000,0.300000,0.080000,0.000000,0.000000,False,4,3
1392,2018-12-01,YEM,3629,YEM,3,0.900000,0.530000,0.500000,0.200000,0.100000,0.060000,0.000000,0.000000,False,3,3
1392,2020-10-01,YEM,3630,YEM,4,0.850000,0.490000,0.600000,0.180000,0.250000,0.050000,0.000000,0.000000,False,4,2
1398,2019-07-01,YEM,3636,YEM,3,0.800000,0.530000,0.450000,0.190000,0.150000,0.070000,0.000000,0.000000,False,3,2
1398,2020-10-01,YEM,3637,YEM,3,0.650000,0.480000,0.300000,0.180000,0.100000,0.050000,0.000000,0.000000,False,3,2
1399,2018-12-01,YEM,3638,YEM,3,0.790000,0.500000,0.490000,0.210000,0.120000,0.060000,0.000000,0.000000,False,3,3
1400,2019-07-01,YEM,3639,YEM,3,0.670000,0.610000,0.310000,0.200000,0.000000,0.060000,0.000000,0.000000,False,3,3
1400,2022-03-01,YEM,3640,YEM,2,0.600000,0.600000,0.150000,0.390000,0.000000,0.080000,0.000000,0.000000,False,2,3
1401,2018-12-01,YEM,3641,YEM,3,0.840000,0.510000,0.540000,0.200000,0.170000,0.060000,0.000000,0.000000,False,3,3
1402,2018-12-01,YEM,3642,YEM,3,0.720000,0.510000,0.360000,0.190000,0.100000,0.060000,0.000000,0.000000,False,3,2
1402,2019-07-01,YEM,3643,YEM,3,0.900000,0.520000,0.500000,0.200000,0.150000,0.070000,0.000000,0.000000,False,3,3
1402,2020-10-01,YEM,3644,YEM,3,0.700000,0.480000,0.350000,0.180000,0.150000,0.050000,0.000000,0.000000,False,3,2
1403,2019-07-01,YEM,3645,YEM,3,0.850000,0.550000,0.500000,0.240000,0.150000,0.140000,0.000000,0.000000,False,3,3
1403,2020-10-01,YEM,3646,YEM,3,0.750000,0.500000,0.400000,0.220000,0.050000,0.060000,0.000000,0.000000,False,3,3
1404,2018-12-01,YEM,3647,YEM,3,0.900000,0.490000,0.650000,0.230000,0.170000,0.060000,0.000000,0.000000,False,3,3
1404,2019-07-01,YEM,3648,YEM,3,0.850000,0.540000,0.500000,0.250000,0.150000,0.140000,0.000000,0.000000,False,3,3
1405,2018-12-01,YEM,3649,YEM,3,0.800000,0.490000,0.530000,0.230000,0.180000,0.070000,0.000000,0.000000,False,3,3
1405,2019-07-01,YEM,3650,YEM,3,0.850000,0.550000,0.500000,0.250000,0.150000,0.140000,0.000000,0.000000,False,3,3
1405,2020-10-01,YEM,3651,YEM,3,0.750000,0.510000,0.400000,0.230000,0.050000,0.060000,0.000000,0.000000,False,3,3
1406,2018-12-01,YEM,3652,YEM,3,0.800000,0.520000,0.400000,0.170000,0.150000,0.060000,0.000000,0.000000,False,3,2
1406,2020-10-01,YEM,3653,YEM,3,0.900000,0.420000,0.600000,0.150000,0.150000,0.050000,0.000000,0.000000,False,3,2
1407,2020-10-01,YEM,3654,YEM,3,0.700000,0.460000,0.350000,0.170000,0.050000,0.050000,0.000000,0.000000,False,3,2
1408,2018-12-01,YEM,3655,YEM,2,0.650000,0.500000,0.150000,0.200000,0.050000,0.060000,0.000000,0.000000,False,2,3
1408,2019-07-01,YEM,3656,YEM,3,0.900000,0.530000,0.500000,0.200000,0.150000,0.060000,0.000000,0.000000,False,3,3
1408,2020-10-01,YEM,3657,YEM,3,0.800000,0.470000,0.500000,0.170000,0.100000,0.050000,0.000000,0.000000,False,3,2
1409,2018-12-01,YEM,3658,YEM,3,0.800000,0.490000,0.450000,0.240000,0.100000,0.060000,0.000000,0.000000,False,3,3
1410,2018-12-01,YEM,3659,YEM,3,0.770000,0.560000,0.460000,0.240000,0.100000,0.060000,0.000000,0.000000,False,3,3
1410,2020-10-01,YEM,3660,YEM,3,0.700000,0.510000,0.400000,0.210000,0.050000,0.060000,0.000000,0.000000,False,3,3
1411,2018-12-01,YEM,3661,YEM,3,0.850000,0.510000,0.550000,0.220000,0.100000,0.060000,0.000000,0.000000,False,3,3
1411,2020-10-01,YEM,3662,YEM,3,0.750000,0.540000,0.400000,0.210000,0.050000,0.060000,0.000000,0.000000,False,3,3
1412,2020-10-01,YEM,3663,YEM,3,0.700000,0.520000,0.300000,0.220000,0.050000,0.060000,0.000000,0.000000,False,3,3
1414,2019-07-01,YEM,3664,YEM,3,0.900000,0.510000,0.500000,0.200000,0.150000,0.060000,0.000000,0.000000,False,3,3
1414,2020-10-01,YEM,3665,YEM,3,0.800000,0.430000,0.450000,0.180000,0.100000,0.060000,0.000000,0.000000,False,3,2
1416,2018-12-01,YEM,3666,YEM,3,0.800000,0.510000,0.550000,0.240000,0.150000,0.050000,0.000000,0.000000,False,3,3
1416,2019-07-01,YEM,3667,YEM,3,0.850000,0.560000,0.500000,0.180000,0.150000,0.080000,0.000000,0.000000,False,3,2
1416,2020-10-01,YEM,3668,YEM,3,0.750000,0.540000,0.400000,0.220000,0.050000,0.050000,0.000000,0.000000,False,3,3
1417,2018-12-01,YEM,3669,YEM,3,0.860000,0.480000,0.610000,0.240000,0.180000,0.090000,0.000000,0.000000,False,3,3
1418,2019-07-01,YEM,3670,YEM,3,0.850000,0.530000,0.500000,0.190000,0.150000,0.100000,0.000000,0.000000,False,3,2
1419,2019-07-01,YEM,3671,YEM,3,0.850000,0.570000,0.500000,0.270000,0.150000,0.100000,0.000000,0.000000,False,3,3
1420,2018-12-01,YEM,3672,YEM,3,0.850000,0.520000,0.550000,0.200000,0.180000,0.070000,0.000000,0.000000,False,3,3
1420,2019-07-01,YEM,3673,YEM,3,0.800000,0.500000,0.250000,0.230000,0.050000,0.070000,0.000000,0.000000,False,3,3
1420,2022-03-01,YEM,3674,YEM,2,0.600000,0.580000,0.150000,0.360000,0.000000,0.070000,0.000000,0.000000,False,2,3
1427,2018-12-01,YEM,3684,YEM,3,0.850000,0.500000,0.550000,0.190000,0.150000,0.060000,0.000000,0.000000,False,3,2
1428,2018-12-01,YEM,3685,YEM,3,0.850000,0.540000,0.400000,0.220000,0.150000,0.070000,0.000000,0.000000,False,3,3
1428,2019-07-01,YEM,3686,YEM,3,0.850000,0.540000,0.500000,0.220000,0.150000,0.080000,0.000000,0.000000,False,3,3
1428,2020-10-01,YEM,3687,YEM,3,0.800000,0.470000,0.500000,0.200000,0.100000,0.050000,0.000000,0.000000,False,3,3
1431,2018-12-01,YEM,3712,YEM,3,0.810000,0.490000,0.560000,0.190000,0.180000,0.060000,0.000000,0.000000,False,3,2
1431,2019-07-01,YEM,3713,YEM,3,0.850000,0.500000,0.550000,0.150000,0.150000,0.060000,0.000000,0.000000,False,3,2
1433,2019-07-01,YEM,3714,YEM,3,0.900000,0.530000,0.500000,0.190000,0.150000,0.060000,0.000000,0.000000,False,3,2
1434,2018-12-01,YEM,3715,YEM,4,0.900000,0.540000,0.700000,0.270000,0.350000,0.080000,0.050000,0.000000,False,4,3
1434,2019-07-01,YEM,3716,YEM,3,0.850000,0.570000,0.500000,0.270000,0.150000,0.110000,0.000000,0.000000,False,3,3
1434,2020-10-01,YEM,3717,YEM,4,0.850000,0.580000,0.650000,0.250000,0.200000,0.080000,0.000000,0.000000,False,4,3
1438,2018-12-01,YEM,3718,YEM,3,0.900000,0.510000,0.650000,0.290000,0.180000,0.080000,0.000000,0.000000,False,3,3
1439,2018-12-01,YEM,3719,YEM,4,0.850000,0.500000,0.650000,0.210000,0.300000,0.070000,0.000000,0.000000,False,4,3
1439,2020-10-01,YEM,3720,YEM,3,0.750000,0.450000,0.400000,0.190000,0.100000,0.060000,0.000000,0.000000,False,3,2
1445,2018-12-01,YEM,3733,YEM,3,0.860000,0.520000,0.560000,0.190000,0.180000,0.070000,0.000000,0.000000,False,3,2
1445,2020-10-01,YEM,3734,YEM,4,0.750000,0.450000,0.500000,0.170000,0.200000,0.050000,0.000000,0.000000,False,4,2
1446,2020-02-01,YEM,3735,YEM,3,0.700000,0.450000,0.250000,0.190000,0.050000,0.070000,0.000000,0.000000,False,3,2
1446,2022-03-01,YEM,3736,YEM,2,0.600000,0.650000,0.150000,0.390000,0.000000,0.070000,0.000000,0.000000,False,2,3
1452,2019-07-01,YEM,3745,YEM,3,0.850000,0.500000,0.550000,0.150000,0.150000,0.070000,0.000000,0.000000,False,3,2
1452,2020-10-01,YEM,3746,YEM,3,0.700000,0.440000,0.350000,0.170000,0.100000,0.050000,0.000000,0.000000,False,3,2
1454,2018-12-01,YEM,3747,YEM,3,0.750000,0.570000,0.450000,0.200000,0.150000,0.070000,0.000000,0.000000,False,3,3
1454,2019-07-01,YEM,3748,YEM,3,0.800000,0.520000,0.250000,0.240000,0.050000,0.070000,0.000000,0.000000,False,3,3
1454,2020-10-01,YEM,3749,YEM,3,0.750000,0.500000,0.350000,0.200000,0.100000,0.060000,0.000000,0.000000,False,3,3
1454,2022-03-01,YEM,3750,YEM,2,0.600000,0.610000,0.150000,0.360000,0.000000,0.060000,0.000000,0.000000,False,2,3
1457,2018-12-01,YEM,3754,YEM,3,0.850000,0.510000,0.600000,0.300000,0.170000,0.080000,0.000000,0.000000,False,3,3
1457,2019-07-01,YEM,3755,YEM,3,0.850000,0.550000,0.500000,0.230000,0.150000,0.120000,0.000000,0.000000,False,3,3
1457,2020-10-01,YEM,3756,YEM,4,0.850000,0.600000,0.650000,0.270000,0.200000,0.110000,0.000000,0.000000,False,4,3
1460,2018-12-01,YEM,3760,YEM,3,0.850000,0.470000,0.550000,0.230000,0.180000,0.080000,0.000000,0.000000,False,3,3
1460,2019-07-01,YEM,3761,YEM,3,0.850000,0.520000,0.500000,0.200000,0.150000,0.090000,0.000000,0.000000,False,3,3
1460,2020-10-01,YEM,3762,YEM,3,0.850000,0.520000,0.550000,0.220000,0.100000,0.080000,0.000000,0.000000,False,3,3
1463,2018-12-01,YEM,3779,YEM,3,0.840000,0.490000,0.490000,0.290000,0.170000,0.080000,0.000000,0.000000,False,3,3
1463,2019-07-01,YEM,3780,YEM,3,0.850000,0.530000,0.500000,0.260000,0.150000,0.110000,0.000000,0.000000,False,3,3
1463,2020-02-01,YEM,3781,YEM,3,0.800000,0.530000,0.300000,0.210000,0.050000,0.090000,0.000000,0.000000,False,3,3
1464,2020-10-01,YEM,3782,YEM,3,0.800000,0.510000,0.450000,0.180000,0.100000,0.070000,0.000000,0.000000,False,3,2
1467,2020-10-01,YEM,3795,YEM,3,0.800000,0.480000,0.400000,0.170000,0.100000,0.060000,0.000000,0.000000,False,3,2
1468,2020-02-01,YEM,3796,YEM,3,0.600000,0.430000,0.300000,0.190000,0.050000,0.060000,0.000000,0.000000,False,3,2
1468,2020-10-01,YEM,3797,YEM,3,0.650000,0.520000,0.200000,0.190000,0.050000,0.060000,0.000000,0.000000,False,3,2
1471,2019-07-01,YEM,3798,YEM,3,0.850000,0.550000,0.550000,0.160000,0.150000,0.070000,0.000000,0.000000,False,3,2
1471,2020-10-01,YEM,3799,YEM,3,0.800000,0.440000,0.550000,0.160000,0.150000,0.060000,0.000000,0.000000,False,3,2
1472,2018-12-01,YEM,3800,YEM,3,0.860000,0.530000,0.610000,0.280000,0.180000,0.090000,0.000000,0.000000,False,3,3
1472,2019-07-01,YEM,3801,YEM,3,0.850000,0.520000,0.500000,0.280000,0.150000,0.110000,0.000000,0.000000,False,3,3
1474,2018-12-01,YEM,3803,YEM,3,0.860000,0.490000,0.560000,0.190000,0.180000,0.060000,0.000000,0.000000,False,3,2
1474,2019-07-01,YEM,3804,YEM,3,0.850000,0.530000,0.550000,0.160000,0.150000,0.060000,0.000000,0.000000,False,3,2
1474,2020-02-01,YEM,3805,YEM,3,0.750000,0.430000,0.300000,0.160000,0.100000,0.060000,0.000000,0.000000,False,3,2
1474,2020-10-01,YEM,3806,YEM,4,0.800000,0.490000,0.500000,0.170000,0.200000,0.070000,0.000000,0.000000,False,4,2
1477,2018-12-01,YEM,3819,YEM,3,0.900000,0.570000,0.660000,0.300000,0.180000,0.090000,0.000000,0.000000,False,3,3
1477,2019-07-01,YEM,3820,YEM,3,0.850000,0.540000,0.500000,0.250000,0.150000,0.100000,0.000000,0.000000,False,3,3
1477,2020-02-01,YEM,3821,YEM,3,0.850000,0.510000,0.400000,0.210000,0.050000,0.070000,0.000000,0.000000,False,3,3
1478,2018-12-01,YEM,3822,YEM,3,0.800000,0.510000,0.550000,0.190000,0.170000,0.070000,0.000000,0.000000,False,3,2
1478,2019-07-01,YEM,3823,YEM,3,0.850000,0.520000,0.550000,0.150000,0.150000,0.070000,0.000000,0.000000,False,3,2
1478,2020-10-01,YEM,3824,YEM,3,0.650000,0.430000,0.350000,0.160000,0.100000,0.050000,0.000000,0.000000,False,3,2
1479,2018-12-01,YEM,3825,YEM,3,0.840000,0.510000,0.540000,0.190000,0.170000,0.070000,0.000000,0.000000,False,3,2
1479,2019-07-01,YEM,3826,YEM,3,0.850000,0.520000,0.550000,0.150000,0.150000,0.080000,0.000000,0.000000,False,3,2
1479,2020-02-01,YEM,3827,YEM,2,0.650000,0.410000,0.150000,0.160000,0.050000,0.060000,0.000000,0.000000,False,2,2
1479,2020-10-01,YEM,3828,YEM,4,0.800000,0.440000,0.600000,0.170000,0.200000,0.050000,0.000000,0.000000,False,4,2
1482,2018-12-01,YEM,3851,YEM,4,0.860000,0.570000,0.660000,0.240000,0.330000,0.070000,0.000000,0.000000,False,4,3
1482,2020-02-01,YEM,3852,YEM,3,0.750000,0.450000,0.300000,0.200000,0.100000,0.050000,0.000000,0.000000,False,3,3
1482,2020-10-01,YEM,3853,YEM,3,0.800000,0.550000,0.450000,0.210000,0.150000,0.050000,0.000000,0.000000,False,3,3
1483,2019-07-01,YEM,3854,YEM,3,0.700000,0.580000,0.300000,0.240000,0.000000,0.090000,0.000000,0.000000,False,3,3
1483,2020-10-01,YEM,3855,YEM,3,0.850000,0.570000,0.500000,0.220000,0.100000,0.070000,0.000000,0.000000,False,3,3
1486,2020-02-01,YEM,3856,YEM,3,0.800000,0.520000,0.400000,0.230000,0.100000,0.090000,0.000000,0.000000,False,3,3
1486,2020-10-01,YEM,3857,YEM,4,0.900000,0.560000,0.600000,0.260000,0.200000,0.090000,0.000000,0.000000,False,4,3
1488,2018-12-01,YEM,3858,YEM,3,0.900000,0.550000,0.650000,0.190000,0.150000,0.110000,0.000000,0.000000,False,3,2
1490,2020-10-01,YEM,3861,YEM,3,0.650000,0.520000,0.200000,0.230000,0.050000,0.050000,0.000000,0.000000,False,3,3
1492,2019-07-01,YEM,3862,YEM,3,0.800000,0.570000,0.450000,0.190000,0.150000,0.080000,0.000000,0.000000,False,3,2
1492,2020-02-01,YEM,3863,YEM,2,0.650000,0.440000,0.150000,0.150000,0.050000,0.060000,0.000000,0.000000,False,2,2
1493,2018-12-01,YEM,3864,YEM,3,0.870000,0.550000,0.510000,0.200000,0.150000,0.070000,0.000000,0.000000,False,3,3
1493,2019-07-01,YEM,3865,YEM,3,0.700000,0.600000,0.300000,0.230000,0.000000,0.070000,0.000000,0.000000,False,3,3
1494,2019-07-01,YEM,3866,YEM,3,0.700000,0.620000,0.300000,0.200000,0.000000,0.080000,0.000000,0.000000,False,3,3
1501,2018-12-01,YEM,3875,YEM,3,0.750000,0.530000,0.450000,0.220000,0.180000,0.080000,0.000000,0.000000,False,3,3
1501,2019-07-01,YEM,3876,YEM,3,0.800000,0.570000,0.450000,0.200000,0.150000,0.090000,0.000000,0.000000,False,3,3
1501,2020-02-01,YEM,3877,YEM,2,0.700000,0.450000,0.150000,0.190000,0.050000,0.060000,0.000000,0.000000,False,2,2
1501,2020-10-01,YEM,3878,YEM,3,0.700000,0.520000,0.300000,0.200000,0.050000,0.050000,0.000000,0.000000,False,3,3
1502,2019-07-01,YEM,3879,YEM,3,0.800000,0.560000,0.450000,0.180000,0.150000,0.090000,0.000000,0.000000,False,3,2
1502,2020-02-01,YEM,3880,YEM,3,0.800000,0.460000,0.400000,0.170000,0.150000,0.060000,0.000000,0.000000,False,3,2
1502,2020-10-01,YEM,3881,YEM,3,0.850000,0.510000,0.550000,0.200000,0.150000,0.050000,0.000000,0.000000,False,3,3
1505,2019-07-01,YEM,3891,YEM,3,0.800000,0.580000,0.450000,0.210000,0.150000,0.080000,0.000000,0.000000,False,3,3
1505,2020-02-01,YEM,3892,YEM,2,0.650000,0.460000,0.150000,0.210000,0.050000,0.050000,0.000000,0.000000,False,2,3
1505,2020-10-01,YEM,3893,YEM,3,0.700000,0.510000,0.300000,0.210000,0.100000,0.040000,0.000000,0.000000,False,3,3
1506,2020-02-01,YEM,3894,YEM,3,0.800000,0.460000,0.300000,0.220000,0.050000,0.090000,0.000000,0.000000,False,3,3
1506,2020-10-01,YEM,3895,YEM,3,0.800000,0.570000,0.500000,0.260000,0.150000,0.100000,0.000000,0.000000,False,3,3
1506,2022-01-01,YEM,3896,YEM,3,0.820000,0.500000,0.550000,0.230000,0.180000,0.060000,0.000000,0.000000,False,3,3
1508,2020-02-01,YEM,3899,YEM,3,0.650000,0.460000,0.300000,0.180000,0.100000,0.070000,0.000000,0.000000,False,3,2
1510,2018-12-01,YEM,3901,YEM,2,0.670000,0.610000,0.160000,0.300000,0.040000,0.070000,0.000000,0.000000,False,2,3
1510,2020-02-01,YEM,3902,YEM,3,0.900000,0.500000,0.400000,0.200000,0.100000,0.050000,0.000000,0.000000,False,3,3
1510,2020-10-01,YEM,3903,YEM,4,0.900000,0.570000,0.700000,0.230000,0.200000,0.070000,0.000000,0.000000,False,4,3
1510,2022-01-01,YEM,3904,YEM,3,0.820000,0.480000,0.550000,0.210000,0.180000,0.050000,0.000000,0.000000,False,3,3
1514,2019-07-01,YEM,3905,YEM,3,0.800000,0.560000,0.450000,0.200000,0.150000,0.090000,0.000000,0.000000,False,3,3
1514,2020-02-01,YEM,3906,YEM,3,0.750000,0.460000,0.250000,0.200000,0.100000,0.060000,0.000000,0.000000,False,3,3
1514,2020-10-01,YEM,3907,YEM,3,0.800000,0.520000,0.400000,0.220000,0.100000,0.050000,0.000000,0.000000,False,3,3
1515,2018-12-01,YEM,3908,YEM,3,0.970000,0.600000,0.580000,0.330000,0.190000,0.060000,0.000000,0.000000,False,3,3
1515,2019-07-01,YEM,3909,YEM,3,0.700000,0.620000,0.300000,0.260000,0.000000,0.100000,0.000000,0.000000,False,3,3
1515,2020-10-01,YEM,3910,YEM,4,0.900000,0.610000,0.750000,0.240000,0.250000,0.070000,0.000000,0.000000,False,4,3
1515,2022-01-01,YEM,3911,YEM,3,0.820000,0.460000,0.550000,0.210000,0.180000,0.040000,0.000000,0.000000,False,3,3
1516,2019-07-01,YEM,3912,YEM,3,0.800000,0.560000,0.450000,0.190000,0.150000,0.090000,0.000000,0.000000,False,3,2
1516,2020-02-01,YEM,3913,YEM,2,0.600000,0.450000,0.150000,0.190000,0.050000,0.060000,0.000000,0.000000,False,2,2
1516,2020-10-01,YEM,3914,YEM,3,0.650000,0.520000,0.350000,0.220000,0.100000,0.060000,0.000000,0.000000,False,3,3
1517,2018-12-01,YEM,3915,YEM,3,0.700000,0.500000,0.300000,0.210000,0.100000,0.110000,0.000000,0.000000,False,3,3
1517,2019-07-01,YEM,3916,YEM,3,0.800000,0.530000,0.450000,0.190000,0.150000,0.090000,0.000000,0.000000,False,3,2
1517,2020-02-01,YEM,3917,YEM,2,0.600000,0.430000,0.150000,0.180000,0.050000,0.060000,0.000000,0.000000,False,2,2
1517,2020-10-01,YEM,3918,YEM,3,0.600000,0.500000,0.200000,0.210000,0.050000,0.080000,0.000000,0.000000,False,3,3
1519,2020-10-01,YEM,3931,YEM,3,0.850000,0.540000,0.400000,0.200000,0.100000,0.070000,0.000000,0.000000,False,3,3
1519,2022-01-01,YEM,3932,YEM,3,0.820000,0.510000,0.550000,0.230000,0.180000,0.060000,0.000000,0.000000,False,3,3
1520,2020-02-01,YEM,3933,YEM,3,0.900000,0.470000,0.400000,0.220000,0.100000,0.080000,0.000000,0.000000,False,3,3
1520,2020-10-01,YEM,3934,YEM,4,0.900000,0.560000,0.500000,0.250000,0.200000,0.090000,0.000000,0.000000,False,4,3
1520,2022-01-01,YEM,3935,YEM,3,0.820000,0.480000,0.550000,0.210000,0.180000,0.040000,0.000000,0.000000,False,3,3
1523,2019-07-01,YEM,3948,YEM,3,0.700000,0.610000,0.300000,0.260000,0.000000,0.100000,0.000000,0.000000,False,3,3
1527,2018-12-01,YEM,3949,YEM,3,0.680000,0.570000,0.440000,0.200000,0.100000,0.070000,0.000000,0.000000,False,3,3
1527,2019-07-01,YEM,3950,YEM,3,0.700000,0.630000,0.300000,0.250000,0.000000,0.100000,0.000000,0.000000,False,3,3
1527,2020-02-01,YEM,3951,YEM,3,0.750000,0.500000,0.350000,0.150000,0.100000,0.060000,0.000000,0.000000,False,3,2
1527,2020-10-01,YEM,3952,YEM,3,0.850000,0.570000,0.450000,0.160000,0.100000,0.060000,0.000000,0.000000,False,3,2
1529,2020-10-01,YEM,3965,YEM,3,0.800000,0.560000,0.500000,0.220000,0.150000,0.070000,0.000000,0.000000,False,3,3
1532,2020-02-01,YEM,3966,YEM,2,0.500000,0.410000,0.150000,0.160000,0.050000,0.050000,0.000000,0.000000,False,2,2
1532,2020-10-01,YEM,3967,YEM,3,0.600000,0.510000,0.300000,0.160000,0.100000,0.060000,0.000000,0.000000,False,3,2
1534,2020-10-01,YEM,3968,YEM,3,0.800000,0.560000,0.300000,0.250000,0.050000,0.070000,0.000000,0.000000,False,3,3
1534,2022-01-01,YEM,3969,YEM,3,0.820000,0.490000,0.550000,0.280000,0.180000,0.050000,0.000000,0.000000,False,3,3
1536,2018-12-01,YEM,3973,YEM,4,0.850000,0.570000,0.650000,0.240000,0.350000,0.060000,0.000000,0.000000,False,4,3
1536,2019-07-01,YEM,3974,YEM,3,0.700000,0.570000,0.300000,0.210000,0.000000,0.090000,0.000000,0.000000,False,3,3
1536,2020-02-01,YEM,3975,YEM,3,0.800000,0.460000,0.350000,0.190000,0.100000,0.050000,0.000000,0.000000,False,3,2
1536,2020-10-01,YEM,3976,YEM,3,0.900000,0.550000,0.550000,0.260000,0.150000,0.070000,0.000000,0.000000,False,3,3
1536,2022-01-01,YEM,3977,YEM,3,0.820000,0.510000,0.550000,0.230000,0.180000,0.050000,0.000000,0.000000,False,3,3
1541,2022-01-01,YEM,3994,YEM,3,0.820000,0.490000,0.550000,0.280000,0.180000,0.040000,0.000000,0.000000,False,3,3
1542,2019-07-01,YEM,3995,YEM,3,0.700000,0.600000,0.300000,0.220000,0.000000,0.090000,0.000000,0.000000,False,3,3
1542,2020-10-01,YEM,3996,YEM,3,0.850000,0.530000,0.550000,0.190000,0.150000,0.070000,0.000000,0.000000,False,3,2
1542,2022-01-01,YEM,3997,YEM,3,0.820000,0.390000,0.550000,0.220000,0.180000,0.040000,0.000000,0.000000,False,3,3
1543,2018-12-01,YEM,3998,YEM,3,0.800000,0.530000,0.550000,0.220000,0.100000,0.070000,0.000000,0.000000,False,3,3
1548,2018-12-01,YEM,4005,YEM,3,0.850000,0.550000,0.590000,0.230000,0.140000,0.070000,0.000000,0.000000,False,3,3
1548,2019-07-01,YEM,4006,YEM,3,0.780000,0.590000,0.490000,0.260000,0.150000,0.090000,0.000000,0.000000,False,3,3
1548,2020-10-01,YEM,4007,YEM,3,0.800000,0.530000,0.450000,0.180000,0.100000,0.070000,0.000000,0.000000,False,3,2
1550,2018-12-01,YEM,4008,YEM,3,0.900000,0.550000,0.580000,0.190000,0.170000,0.080000,0.000000,0.000000,False,3,2
1550,2020-10-01,YEM,4009,YEM,4,0.800000,0.560000,0.550000,0.180000,0.200000,0.070000,0.000000,0.000000,False,4,2
1554,2018-12-01,YEM,4035,YEM,3,0.890000,0.580000,0.540000,0.230000,0.140000,0.070000,0.000000,0.000000,False,3,3
1554,2020-10-01,YEM,4036,YEM,3,0.750000,0.530000,0.500000,0.170000,0.150000,0.070000,0.000000,0.000000,False,3,2
1564,2018-12-01,YEM,4094,YEM,3,0.800000,0.500000,0.500000,0.210000,0.100000,0.070000,0.000000,0.000000,False,3,3
1564,2019-07-01,YEM,4095,YEM,3,0.780000,0.590000,0.490000,0.240000,0.150000,0.090000,0.000000,0.000000,False,3,3
1564,2020-10-01,YEM,4096,YEM,3,0.700000,0.480000,0.350000,0.160000,0.050000,0.070000,0.000000,0.000000,False,3,2
1565,2018-12-01,YEM,4097,YEM,3,0.890000,0.500000,0.640000,0.220000,0.170000,0.070000,0.000000,0.000000,False,3,3
1565,2019-07-01,YEM,4098,YEM,3,0.780000,0.580000,0.490000,0.230000,0.150000,0.080000,0.000000,0.000000,False,3,3
1567,2018-12-01,YEM,4111,YEM,3,0.890000,0.530000,0.600000,0.230000,0.140000,0.070000,0.000000,0.000000,False,3,3
1567,2019-07-01,YEM,4112,YEM,3,0.700000,0.600000,0.300000,0.220000,0.000000,0.090000,0.000000,0.000000,False,3,3
1567,2022-01-01,YEM,4113,YEM,3,0.820000,0.400000,0.550000,0.210000,0.180000,0.040000,0.000000,0.000000,False,3,3
1568,2022-01-01,YEM,4114,YEM,3,0.820000,0.480000,0.550000,0.240000,0.180000,0.050000,0.000000,0.000000,False,3,3
1572,2020-02-01,YEM,4145,YEM,3,0.700000,0.500000,0.300000,0.180000,0.100000,0.070000,0.000000,0.000000,False,3,2
1572,2020-10-01,YEM,4146,YEM,4,0.750000,0.560000,0.450000,0.200000,0.200000,0.060000,0.000000,0.000000,False,4,3
1573,2019-07-01,YEM,4147,YEM,3,0.700000,0.610000,0.300000,0.220000,0.000000,0.090000,0.000000,0.000000,False,3,3
1573,2022-01-01,YEM,4148,YEM,3,0.820000,0.440000,0.550000,0.220000,0.180000,0.040000,0.000000,0.000000,False,3,3
1576,2018-12-01,YEM,4163,YEM,3,0.850000,0.560000,0.550000,0.240000,0.150000,0.080000,0.000000,0.000000,False,3,3
1576,2019-07-01,YEM,4164,YEM,3,0.700000,0.620000,0.300000,0.270000,0.000000,0.110000,0.000000,0.000000,False,3,3
1576,2020-10-01,YEM,4165,YEM,3,0.800000,0.590000,0.450000,0.210000,0.100000,0.080000,0.000000,0.000000,False,3,3
1576,2022-01-01,YEM,4166,YEM,3,0.820000,0.470000,0.550000,0.240000,0.180000,0.050000,0.000000,0.000000,False,3,3
1583,2018-12-01,YEM,4191,YEM,2,0.650000,0.560000,0.150000,0.230000,0.050000,0.070000,0.000000,0.000000,False,2,3
1583,2019-07-01,YEM,4192,YEM,3,0.800000,0.560000,0.400000,0.270000,0.100000,0.100000,0.000000,0.000000,False,3,3
1583,2020-02-01,YEM,4193,YEM,3,0.700000,0.480000,0.300000,0.220000,0.050000,0.070000,0.000000,0.000000,False,3,3
1583,2020-10-01,YEM,4194,YEM,3,0.800000,0.530000,0.500000,0.260000,0.150000,0.070000,0.000000,0.000000,False,3,3
1584,2020-02-01,YEM,4195,YEM,3,0.850000,0.430000,0.550000,0.150000,0.150000,0.060000,0.000000,0.000000,False,3,2
1584,2020-10-01,YEM,4196,YEM,4,0.850000,0.480000,0.600000,0.160000,0.200000,0.070000,0.000000,0.000000,False,4,2
1584,2022-01-01,YEM,4197,YEM,3,0.820000,0.410000,0.550000,0.220000,0.180000,0.040000,0.000000,0.000000,False,3,3
1585,2019-07-01,YEM,4198,YEM,3,0.780000,0.580000,0.490000,0.220000,0.150000,0.090000,0.000000,0.000000,False,3,3
1585,2020-10-01,YEM,4199,YEM,3,0.700000,0.530000,0.350000,0.170000,0.100000,0.070000,0.000000,0.000000,False,3,2
1586,2018-12-01,YEM,4200,YEM,2,0.700000,0.520000,0.200000,0.250000,0.100000,0.090000,0.000000,0.000000,False,3,3
1586,2019-07-01,YEM,4201,YEM,3,0.700000,0.570000,0.320000,0.270000,0.000000,0.120000,0.000000,0.000000,False,3,3
1586,2020-10-01,YEM,4202,YEM,4,0.900000,0.550000,0.700000,0.280000,0.200000,0.090000,0.000000,0.000000,False,4,3
1586,2022-01-01,YEM,4203,YEM,3,0.820000,0.480000,0.550000,0.220000,0.180000,0.070000,0.000000,0.000000,False,3,3
1592,2019-07-01,YEM,4220,YEM,3,0.700000,0.610000,0.320000,0.290000,0.000000,0.140000,0.000000,0.000000,False,3,3
1592,2020-02-01,YEM,4221,YEM,3,0.750000,0.540000,0.350000,0.220000,0.100000,0.080000,0.000000,0.000000,False,3,3
1592,2020-10-01,YEM,4222,YEM,3,0.850000,0.600000,0.500000,0.280000,0.150000,0.100000,0.000000,0.000000,False,3,3
1592,2022-01-01,YEM,4223,YEM,3,0.820000,0.500000,0.550000,0.200000,0.180000,0.060000,0.000000,0.000000,False,3,3
1593,2019-07-01,YEM,4224,YEM,3,0.700000,0.620000,0.300000,0.280000,0.000000,0.130000,0.000000,0.000000,False,3,3
1593,2020-02-01,YEM,4225,YEM,3,0.900000,0.440000,0.550000,0.180000,0.150000,0.070000,0.000000,0.000000,False,3,2
1594,2020-02-01,YEM,4226,YEM,3,0.850000,0.490000,0.450000,0.210000,0.100000,0.060000,0.000000,0.000000,False,3,3
1594,2022-01-01,YEM,4227,YEM,3,0.820000,0.480000,0.550000,0.220000,0.180000,0.060000,0.000000,0.000000,False,3,3
1597,2018-12-01,YEM,4252,YEM,2,0.700000,0.550000,0.170000,0.290000,0.080000,0.070000,0.000000,0.000000,False,2,3
1597,2020-10-01,YEM,4253,YEM,3,0.800000,0.520000,0.500000,0.240000,0.150000,0.070000,0.000000,0.000000,False,3,3
1603,2019-07-01,YEM,4264,YEM,3,0.700000,0.600000,0.300000,0.270000,0.000000,0.110000,0.000000,0.000000,False,3,3
1603,2022-01-01,YEM,4265,YEM,3,0.820000,0.470000,0.550000,0.230000,0.180000,0.050000,0.000000,0.000000,False,3,3
1607,2018-12-01,YEM,4276,YEM,2,0.640000,0.570000,0.140000,0.260000,0.050000,0.060000,0.000000,0.000000,False,2,3
1607,2019-07-01,YEM,4277,YEM,3,0.800000,0.570000,0.400000,0.240000,0.100000,0.090000,0.000000,0.000000,False,3,3
1617,2020-10-01,YEM,4308,YEM,3,0.800000,0.550000,0.450000,0.280000,0.100000,0.070000,0.000000,0.000000,False,3,3
1626,2019-07-01,YEM,4340,YEM,3,0.700000,0.600000,0.320000,0.240000,0.000000,0.110000,0.000000,0.000000,False,3,3
1626,2020-02-01,YEM,4341,YEM,3,0.800000,0.580000,0.450000,0.210000,0.050000,0.060000,0.000000,0.000000,False,3,3
1627,2018-12-01,YEM,4342,YEM,3,0.790000,0.570000,0.520000,0.250000,0.170000,0.060000,0.000000,0.000000,False,3,3
1627,2019-07-01,YEM,4343,YEM,3,0.800000,0.570000,0.400000,0.240000,0.100000,0.080000,0.000000,0.000000,False,3,3
1627,2020-02-01,YEM,4344,YEM,3,0.850000,0.440000,0.400000,0.190000,0.100000,0.050000,0.000000,0.000000,False,3,2
1627,2020-10-01,YEM,4345,YEM,3,0.900000,0.570000,0.550000,0.220000,0.150000,0.090000,0.000000,0.000000,False,3,3
1628,2020-02-01,YEM,4346,YEM,3,0.750000,0.550000,0.350000,0.190000,0.100000,0.070000,0.000000,0.000000,False,3,2
1628,2020-10-01,YEM,4347,YEM,3,0.800000,0.600000,0.500000,0.240000,0.150000,0.070000,0.000000,0.000000,False,3,3
1633,2018-12-01,YEM,4361,YEM,3,0.910000,0.480000,0.600000,0.310000,0.150000,0.070000,0.000000,0.000000,False,3,3
1633,2019-07-01,YEM,4362,YEM,3,0.700000,0.580000,0.320000,0.220000,0.000000,0.110000,0.000000,0.000000,False,3,3
1633,2020-02-01,YEM,4363,YEM,3,0.800000,0.470000,0.400000,0.190000,0.050000,0.050000,0.000000,0.000000,False,3,2
1633,2020-10-01,YEM,4364,YEM,3,0.850000,0.580000,0.450000,0.220000,0.100000,0.080000,0.000000,0.000000,False,3,3
1633,2022-01-01,YEM,4365,YEM,3,0.820000,0.430000,0.550000,0.230000,0.180000,0.060000,0.000000,0.000000,False,3,3
1636,2020-02-01,YEM,4368,YEM,3,0.750000,0.470000,0.350000,0.170000,0.050000,0.070000,0.000000,0.000000,False,3,2
1636,2020-10-01,YEM,4369,YEM,3,0.800000,0.580000,0.450000,0.180000,0.100000,0.080000,0.000000,0.000000,False,3,2
1648,2019-07-01,YEM,4398,YEM,3,0.700000,0.590000,0.320000,0.260000,0.000000,0.120000,0.000000,0.000000,False,3,3
1648,2020-02-01,YEM,4399,YEM,3,0.700000,0.460000,0.350000,0.170000,0.050000,0.070000,0.000000,0.000000,False,3,2
1648,2020-10-01,YEM,4400,YEM,3,0.800000,0.530000,0.450000,0.180000,0.100000,0.070000,0.000000,0.000000,False,3,2
1648,2022-01-01,YEM,4401,YEM,3,0.820000,0.420000,0.550000,0.250000,0.180000,0.070000,0.000000,0.000000,False,3,3
1651,2019-07-01,YEM,4409,YEM,3,0.700000,0.590000,0.320000,0.290000,0.000000,0.160000,0.000000,0.000000,False,3,3
1672,2020-02-01,YEM,4476,YEM,3,0.700000,0.570000,0.250000,0.210000,0.050000,0.070000,0.000000,0.000000,False,3,3
1672,2022-01-01,YEM,4477,YEM,3,0.820000,0.450000,0.550000,0.250000,0.180000,0.060000,0.000000,0.000000,False,3,3
1679,2020-10-01,YEM,4510,YEM,3,0.800000,0.570000,0.450000,0.200000,0.100000,0.060000,0.000000,0.000000,False,3,3
1700,2018-12-01,YEM,4577,YEM,3,0.850000,0.530000,0.500000,0.290000,0.150000,0.120000,0.000000,0.000000,False,3,3
1700,2019-07-01,YEM,4578,YEM,3,0.700000,0.620000,0.320000,0.290000,0.000000,0.160000,0.000000,0.000000,False,3,3
1700,2020-02-01,YEM,4579,YEM,3,0.800000,0.570000,0.200000,0.270000,0.000000,0.090000,0.000000,0.000000,False,3,3
1703,2020-02-01,YEM,4582,YEM,2,0.650000,0.510000,0.100000,0.170000,0.000000,0.060000,0.000000,0.000000,False,2,2
1707,2018-12-01,YEM,4585,YEM,3,0.850000,0.500000,0.450000,0.280000,0.100000,0.120000,0.000000,0.000000,False,3,3
1707,2020-02-01,YEM,4586,YEM,2,0.600000,0.520000,0.050000,0.260000,0.000000,0.090000,0.000000,0.000000,False,2,3
1713,2019-07-01,YEM,4596,YEM,3,0.700000,0.600000,0.320000,0.260000,0.000000,0.150000,0.000000,0.000000,False,3,3
1713,2020-02-01,YEM,4597,YEM,2,0.700000,0.520000,0.150000,0.230000,0.000000,0.080000,0.000000,0.000000,False,2,3
1713,2020-10-01,YEM,4598,YEM,2,0.700000,0.560000,0.150000,0.240000,0.000000,0.100000,0.000000,0.000000,False,2,3
1732,2018-12-01,YEM,4664,YEM,3,0.720000,0.560000,0.200000,0.280000,0.100000,0.110000,0.000000,0.000000,False,3,3
1750,2020-02-01,YEM,4711,YEM,2,0.700000,0.480000,0.150000,0.240000,0.050000,0.110000,0.000000,0.000000,False,2,3
1752,2018-12-01,YEM,4712,YEM,3,0.750000,0.670000,0.400000,0.290000,0.170000,0.110000,0.000000,0.000000,False,3,3
1752,2020-02-01,YEM,4713,YEM,2,0.650000,0.590000,0.050000,0.290000,0.000000,0.090000,0.000000,0.000000,False,2,3
1752,2020-10-01,YEM,4714,YEM,3,0.850000,0.610000,0.300000,0.220000,0.050000,0.090000,0.000000,0.000000,False,3,3
1753,2020-02-01,YEM,4715,YEM,2,0.700000,0.460000,0.150000,0.270000,0.050000,0.110000,0.000000,0.000000,False,2,3
1753,2020-10-01,YEM,4716,YEM,3,0.750000,0.470000,0.200000,0.220000,0.050000,0.120000,0.000000,0.000000,False,3,3
1755,2020-10-01,YEM,4717,YEM,3,0.800000,0.520000,0.500000,0.150000,0.150000,0.060000,0.000000,0.000000,False,3,2
243,2020-09-01,ZAF,845,ZAF,3,0.500000,0.590000,0.200000,0.240000,0.050000,0.040000,0.000000,0.000000,False,3,3
485,2020-09-01,ZAF,1120,ZAF,2,0.450000,0.560000,0.150000,0.250000,0.000000,0.040000,0.000000,0.000000,False,2,3
485,2021-07-01,ZAF,1121,ZAF,2,0.600000,0.560000,0.150000,0.260000,0.000000,0.040000,0.000000,0.000000,False,2,3
485,2021-11-01,ZAF,1122,ZAF,3,0.650000,0.600000,0.250000,0.250000,0.000000,0.040000,0.000000,0.000000,False,3,3
531,2020-09-01,ZAF,1186,ZAF,2,0.350000,0.550000,0.150000,0.240000,0.050000,0.030000,0.000000,0.000000,False,2,3
541,2020-09-01,ZAF,1204,ZAF,2,0.350000,0.530000,0.150000,0.240000,0.050000,0.030000,0.000000,0.000000,False,2,3
552,2020-09-01,ZAF,1231,ZAF,2,0.350000,0.550000,0.150000,0.240000,0.050000,0.030000,0.000000,0.000000,False,2,3
648,2020-09-01,ZAF,1682,ZAF,2,0.350000,0.540000,0.150000,0.160000,0.000000,0.040000,0.000000,0.000000,False,2,2
705,2017-07-01,ZAF,2065,ZAF,1,0.100000,0.690000,0.050000,0.310000,0.000000,0.040000,0.000000,0.000000,False,1,3
705,2021-01-01,ZAF,2066,ZAF,3,0.650000,0.580000,0.250000,0.290000,0.050000,0.040000,0.000000,0.000000,False,3,3
705,2022-10-01,ZAF,2067,ZAF,2,0.600000,0.600000,0.100000,0.210000,0.000000,0.040000,0.000000,0.000000,False,2,3
727,2017-07-01,ZAF,2172,ZAF,2,0.400000,0.630000,0.050000,0.280000,0.000000,0.040000,0.000000,0.000000,False,2,3
727,2018-06-01,ZAF,2173,ZAF,2,0.290000,0.530000,0.090000,0.270000,0.000000,0.040000,0.000000,0.000000,False,2,3
727,2019-06-01,ZAF,2174,ZAF,3,0.550000,0.620000,0.250000,0.290000,0.050000,0.040000,0.000000,0.000000,False,3,3
727,2020-07-01,ZAF,2175,ZAF,3,0.550000,0.620000,0.200000,0.270000,0.000000,0.040000,0.000000,0.000000,False,3,3
727,2021-01-01,ZAF,2176,ZAF,3,0.800000,0.630000,0.400000,0.320000,0.050000,0.040000,0.000000,0.000000,False,3,3
727,2021-07-01,ZAF,2177,ZAF,2,0.550000,0.510000,0.150000,0.260000,0.000000,0.040000,0.000000,0.000000,False,2,3
727,2021-11-01,ZAF,2178,ZAF,3,0.650000,0.540000,0.300000,0.280000,0.050000,0.040000,0.000000,0.000000,False,3,3
727,2022-06-01,ZAF,2179,ZAF,2,0.500000,0.530000,0.100000,0.190000,0.000000,0.060000,0.000000,0.000000,False,2,2
727,2022-07-01,ZAF,2180,ZAF,2,0.450000,0.520000,0.150000,0.220000,0.000000,0.050000,0.000000,0.000000,False,2,3
734,2017-07-01,ZAF,2208,ZAF,2,0.400000,0.640000,0.050000,0.220000,0.000000,0.040000,0.000000,0.000000,False,2,3
734,2018-06-01,ZAF,2209,ZAF,2,0.290000,0.550000,0.090000,0.250000,0.000000,0.040000,0.000000,0.000000,False,2,3
734,2020-07-01,ZAF,2210,ZAF,3,0.550000,0.650000,0.200000,0.260000,0.000000,0.040000,0.000000,0.000000,False,3,3
734,2021-07-01,ZAF,2211,ZAF,2,0.550000,0.550000,0.150000,0.250000,0.000000,0.040000,0.000000,0.000000,False,2,3
734,2021-11-01,ZAF,2212,ZAF,3,0.650000,0.570000,0.300000,0.280000,0.050000,0.040000,0.000000,0.000000,False,3,3
739,2017-07-01,ZAF,2237,ZAF,2,0.400000,0.640000,0.050000,0.230000,0.000000,0.040000,0.000000,0.000000,False,2,3
353,2021-07-01,ZMB,980,ZMB,2,0.500000,0.620000,0.100000,0.290000,0.000000,0.070000,0.000000,0.000000,False,2,3
354,2021-07-01,ZMB,981,ZMB,2,0.500000,0.610000,0.100000,0.310000,0.000000,0.090000,0.000000,0.000000,False,2,3
517,2018-05-01,ZMB,1169,ZMB,1,0.190000,0.610000,0.050000,0.210000,0.020000,0.060000,0.000000,0.000000,False,1,3
548,2018-05-01,ZMB,1219,ZMB,2,0.420000,0.630000,0.120000,0.350000,0.040000,0.060000,0.000000,0.000000,False,2,3
549,2018-05-01,ZMB,1220,ZMB,2,0.420000,0.610000,0.120000,0.330000,0.040000,0.060000,0.000000,0.000000,False,2,3
561,2020-02-01,ZMB,1246,ZMB,4,0.800000,0.610000,0.500000,0.250000,0.200000,0.060000,0.000000,0.000000,False,4,3
561,2020-10-01,ZMB,1247,ZMB,3,0.600000,0.600000,0.300000,0.290000,0.100000,0.050000,0.000000,0.000000,False,3,3
561,2021-07-01,ZMB,1248,ZMB,2,0.450000,0.570000,0.150000,0.290000,0.000000,0.050000,0.000000,0.000000,False,2,3
562,2020-02-01,ZMB,1249,ZMB,4,0.800000,0.590000,0.500000,0.250000,0.200000,0.060000,0.000000,0.000000,False,4,3
562,2020-10-01,ZMB,1250,ZMB,3,0.600000,0.600000,0.300000,0.290000,0.100000,0.050000,0.000000,0.000000,False,3,3
562,2021-07-01,ZMB,1251,ZMB,2,0.450000,0.500000,0.150000,0.290000,0.000000,0.050000,0.000000,0.000000,False,2,3
573,2018-05-01,ZMB,1314,ZMB,2,0.510000,0.570000,0.160000,0.280000,0.030000,0.060000,0.000000,0.000000,False,2,3
575,2018-05-01,ZMB,1315,ZMB,2,0.510000,0.570000,0.160000,0.250000,0.030000,0.060000,0.000000,0.000000,False,2,3
580,2021-07-01,ZMB,1338,ZMB,2,0.450000,0.610000,0.150000,0.250000,0.000000,0.080000,0.000000,0.000000,False,2,3
581,2021-07-01,ZMB,1339,ZMB,2,0.450000,0.610000,0.150000,0.250000,0.000000,0.070000,0.000000,0.000000,False,2,3
582,2021-07-01,ZMB,1340,ZMB,2,0.600000,0.620000,0.150000,0.310000,0.000000,0.060000,0.000000,0.000000,False,2,3
585,2021-07-01,ZMB,1345,ZMB,2,0.600000,0.610000,0.150000,0.280000,0.000000,0.060000,0.000000,0.000000,False,2,3
589,2021-07-01,ZMB,1376,ZMB,2,0.450000,0.530000,0.150000,0.260000,0.000000,0.050000,0.000000,0.000000,False,2,3
590,2021-07-01,ZMB,1377,ZMB,2,0.450000,0.520000,0.150000,0.260000,0.000000,0.050000,0.000000,0.000000,False,2,3
603,2018-05-01,ZMB,1439,ZMB,2,0.480000,0.650000,0.130000,0.260000,0.050000,0.070000,0.000000,0.000000,False,2,3
604,2018-05-01,ZMB,1440,ZMB,2,0.480000,0.650000,0.130000,0.260000,0.050000,0.060000,0.000000,0.000000,False,2,3
630,2022-06-01,ZMB,1581,ZMB,2,0.600000,0.660000,0.150000,0.250000,0.000000,0.050000,0.000000,0.000000,False,2,3
633,2022-06-01,ZMB,1584,ZMB,2,0.600000,0.660000,0.150000,0.240000,0.000000,0.050000,0.000000,0.000000,False,2,3
775,2020-07-01,ZMB,2309,ZMB,2,0.600000,0.570000,0.150000,0.240000,0.050000,0.050000,0.000000,0.000000,False,2,3
659,2018-05-01,ZWE,1790,ZWE,2,0.420000,0.380000,0.190000,0.180000,0.080000,0.060000,0.000000,0.000000,False,2,2
855,2018-09-01,ZWE,2519,ZWE,2,0.310000,0.420000,0.060000,0.160000,0.030000,0.040000,0.000000,0.000000,False,2,2
